{"type": "FeatureCollection", "crs": {"type": "name", "properties": {"name": "urn:ogc:def:crs:OGC:1.3:CRS84"}}, "features": [{"type": "Feature", "properties": {"codigou": "08017185X01", "concesion": "CEMENTO ANDINO A-1", "titular": "UNACEM PERU S.A.", "estado": "D.M. Titulado D.L. 109", "fec_denuncio": "17/11/1960", "lon": -75.819718, "lat": -11.365133, "fen_pc_dist_m": 9327.8, "fen_peligro": "Inundación, flujo de detritos, erosión", "fen_nivel": null, "fen_pc_dpto": "Junín", "fen_pc_prov": "Tarma"}, "geometry": {"type": "Polygon", "coordinates": [[[-75.8233918147789, -11.35665320417303], [-75.8271699567176, -11.35921126912395], [-75.81420737060049, -11.37785247499086], [-75.81042898342086, -11.3752942562082], [-75.8233918147789, -11.35665320417303]]]}}, {"type": "Feature", "properties": {"codigou": "11000097Y01", "concesion": "SAN ANTONIO UNO", "titular": "MINERA UNA S.A.", "estado": "D.M. Titulado D.L. 109", "fec_denuncio": "24/04/1954", "lon": -76.662735, "lat": -12.631134, "fen_pc_dist_m": 2683.8, "fen_peligro": "", "fen_nivel": null, "fen_pc_dpto": "Lima", "fen_pc_prov": "Cañete"}, "geometry": {"type": "Polygon", "coordinates": [[[-76.66284459523901, -12.6283123127644], [-76.66626488408592, -12.63133619533344], [-76.66256996600356, -12.63536691613095], [-76.65914965530474, -12.63234307868643], [-76.66284459523901, -12.6283123127644]]]}}, {"type": "Feature", "properties": {"codigou": "08000012Y01", "concesion": "GCP Nº 9-A", "titular": "UNACEM PERU S.A.", "estado": "D.M. Titulado D.L. 109", "fec_denuncio": "11/03/1937", "lon": -75.77625, "lat": -11.376052, "fen_pc_dist_m": 5629.7, "fen_peligro": "Inundación", "fen_nivel": "", "fen_pc_dpto": "Junín", "fen_pc_prov": "Tarma"}, "geometry": {"type": "Polygon", "coordinates": [[[-75.77569434787875, -11.37691564519034], [-75.77529365008259, -11.37515078174743], [-75.7770822878311, -11.37475540796774], [-75.7774829041139, -11.37652026857865], [-75.77569434787875, -11.37691564519034]]]}}, {"type": "Feature", "properties": {"codigou": "11000681X01", "concesion": "SORPRESA I", "titular": "MINERA UNA S.A.", "estado": "D.M. Titulado D.L. 109", "fec_denuncio": "16/05/1947", "lon": -76.689147, "lat": -12.517373, "fen_pc_dist_m": 5658.2, "fen_peligro": "Inundación", "fen_nivel": "", "fen_pc_dpto": "Lima", "fen_pc_prov": "Lima"}, "geometry": {"type": "Polygon", "coordinates": [[[-76.68584815297098, -12.5148766031126], [-76.6931469950058, -12.51394526375466], [-76.694095140159, -12.52111670200498], [-76.68679601405964, -12.5220480022318], [-76.68584815297098, -12.5148766031126]]]}}, {"type": "Feature", "properties": {"codigou": "11010223X01", "concesion": "RIO LURIN", "titular": "UNACEM PERU S.A.", "estado": "D.M. Titulado D.L. 109", "fec_denuncio": "1/12/1952", "lon": -76.874014, "lat": -12.219034, "fen_pc_dist_m": 93.4, "fen_peligro": "Erosión fluvial", "fen_nivel": "Muy Alto", "fen_pc_dpto": "Lima", "fen_pc_prov": "Lima"}, "geometry": {"type": "Polygon", "coordinates": [[[-76.87190981566405, -12.21604710270664], [-76.87271353403489, -12.21560885552191], [-76.8771693731918, -12.22351483043778], [-76.87636564220637, -12.22395309282864], [-76.87190981566405, -12.21604710270664]]]}}, {"type": "Feature", "properties": {"codigou": "11000102Y03", "concesion": "CHILCA Nº 3", "titular": "MINERA UNA S.A.", "estado": "D.M. Titulado D.L. 109", "fec_denuncio": "4/10/1952", "lon": -76.669737, "lat": -12.592186, "fen_pc_dist_m": 5009.0, "fen_peligro": "Inundación", "fen_nivel": "Alto", "fen_pc_dpto": "Lima", "fen_pc_prov": "Cañete"}, "geometry": {"type": "Polygon", "coordinates": [[[-76.66860846505232, -12.59075827441096], [-76.67136893278413, -12.59071256807048], [-76.67143081710297, -12.5943277065178], [-76.66867021824226, -12.59437332853441], [-76.66860846505232, -12.59075827441096]]]}}, {"type": "Feature", "properties": {"codigou": "11000091Y01", "concesion": "CHILCA Nº 4", "titular": "MINERA UNA S.A.", "estado": "D.M. Titulado D.L. 109", "fec_denuncio": "24/10/1952", "lon": -76.634939, "lat": -12.571815, "fen_pc_dist_m": 2360.2, "fen_peligro": "Inundación", "fen_nivel": "", "fen_pc_dpto": "Lima", "fen_pc_prov": "Cañete"}, "geometry": {"type": "Polygon", "coordinates": [[[-76.63615552675087, -12.57007723483281], [-76.6373015045653, -12.5725445662489], [-76.63311529021104, -12.5744205378454], [-76.63196943149612, -12.57195318437747], [-76.63615552675087, -12.57007723483281]]]}}, {"type": "Feature", "properties": {"codigou": "11000094Y01", "concesion": "CHILCA Nº 15", "titular": "MINERA UNA S.A.", "estado": "D.M. Titulado D.L. 109", "fec_denuncio": "17/12/1954", "lon": -76.650018, "lat": -12.545072, "fen_pc_dist_m": 5344.0, "fen_peligro": "Inundación, flujo de detritos, erosión", "fen_nivel": null, "fen_pc_dpto": "Lima", "fen_pc_prov": "Cañete"}, "geometry": {"type": "Polygon", "coordinates": [[[-76.64441094740552, -12.54158640640249], [-76.65281728503057, -12.53791226220344], [-76.65842759373729, -12.55029995223203], [-76.65002079499439, -12.55397431041727], [-76.64441094740552, -12.54158640640249]]]}}, {"type": "Feature", "properties": {"codigou": "08012750X01", "concesion": "JURASICA", "titular": "UNACEM PERU S.A.", "estado": "D.M. Titulado D.L. 109", "fec_denuncio": "16/10/1945", "lon": -75.789015, "lat": -11.385981, "fen_pc_dist_m": 5659.5, "fen_peligro": "Inundación", "fen_nivel": "", "fen_pc_dpto": "Junín", "fen_pc_prov": "Tarma"}, "geometry": {"type": "Polygon", "coordinates": [[[-75.78351097668623, -11.38247419730723], [-75.78981730128172, -11.37879728038218], [-75.79727067484873, -11.39124163936064], [-75.79096428564604, -11.39491881512442], [-75.78351097668623, -11.38247419730723]]]}}, {"type": "Feature", "properties": {"codigou": "08012746X01", "concesion": "SANTA ANA", "titular": "UNACEM PERU S.A.", "estado": "D.M. Titulado D.L. 109", "fec_denuncio": "17/10/1945", "lon": -75.772723, "lat": -11.375164, "fen_pc_dist_m": 5533.9, "fen_peligro": "Inundación", "fen_nivel": "", "fen_pc_dpto": "Junín", "fen_pc_prov": "Tarma"}, "geometry": {"type": "Polygon", "coordinates": [[[-75.77442246111546, -11.36704881484646], [-75.77622710866072, -11.37008079957355], [-75.77451797829643, -11.37109513269641], [-75.77678853968371, -11.37481731390898], [-75.77528962491976, -11.3751535052511], [-75.77567335265753, -11.37681125375929], [-75.77537065261782, -11.37698667179303], [-75.77390229897554, -11.37730939267184], [-75.7740084061565, -11.37777609482243], [-75.77389493868769, -11.37784186459837], [-75.7733570766706, -11.37561064859918], [-75.77157106131752, -11.37603131395073], [-75.77224141809799, -11.37880006490179], [-75.76325831022078, -11.38400578882353], [-75.75861714181512, -11.3762079525234], [-75.77442246111546, -11.36704881484646]]]}}, {"type": "Feature", "properties": {"codigou": "11006209X01", "concesion": "LIMESTOME Nº 1", "titular": "UNACEM PERU S.A.", "estado": "D.M. Titulado D.L. 109", "fec_denuncio": "19/12/1945", "lon": -76.807123, "lat": -12.210757, "fen_pc_dist_m": 3153.0, "fen_peligro": "Inundación, erosión fluvial", "fen_nivel": "Alto", "fen_pc_dpto": "Lima", "fen_pc_prov": "Lima"}, "geometry": {"type": "Polygon", "coordinates": [[[-76.80331415381112, -12.20969418698249], [-76.80555868757104, -12.20683097354016], [-76.8128352924364, -12.212350530858], [-76.81059089898078, -12.21521370711283], [-76.80331415381112, -12.20969418698249]]]}}, {"type": "Feature", "properties": {"codigou": "11000092Y01", "concesion": "CHILCA Nº 14", "titular": "MINERA UNA S.A.", "estado": "D.M. Titulado D.L. 109", "fec_denuncio": "15/06/1954", "lon": -76.633516, "lat": -12.534872, "fen_pc_dist_m": 4546.7, "fen_peligro": "Inundación, erosión fluvial", "fen_nivel": "Alto", "fen_pc_dpto": "Lima", "fen_pc_prov": "Cañete"}, "geometry": {"type": "Polygon", "coordinates": [[[-76.62600367090856, -12.52984464039662], [-76.63693192717058, -12.5250688987701], [-76.64478489386923, -12.54241223673292], [-76.63385613290338, -12.54718836475882], [-76.62600367090856, -12.52984464039662]]]}}, {"type": "Feature", "properties": {"codigou": "P0201280", "concesion": "CEMENTO ANDINO", "titular": "UNACEM PERU S.A.", "estado": "Planta de Beneficio", "fec_denuncio": "2/04/1955", "lon": -75.77993, "lat": -11.37699, "fen_pc_dist_m": 5756.1, "fen_peligro": "Inundación", "fen_nivel": "", "fen_pc_dpto": "Junín", "fen_pc_prov": "Tarma"}, "geometry": {"type": "Polygon", "coordinates": [[[-75.77419023138384, -11.37377001401828], [-75.7878901299992, -11.37280739867535], [-75.78854069632231, -11.38181934128163], [-75.7748403733228, -11.3827821050303], [-75.77419023138384, -11.37377001401828]]]}}, {"type": "Feature", "properties": {"codigou": "11008924X01", "concesion": "CHILCA Nº 2", "titular": "MINERA UNA S.A.", "estado": "D.M. Titulado D.L. 109", "fec_denuncio": "7/05/1952", "lon": -76.638099, "lat": -12.567114, "fen_pc_dist_m": 2895.4, "fen_peligro": "Inundación", "fen_nivel": "", "fen_pc_dpto": "Lima", "fen_pc_prov": "Cañete"}, "geometry": {"type": "Polygon", "coordinates": [[[-76.6342001436942, -12.56567636762633], [-76.64090325409124, -12.56268641360028], [-76.64394716614856, -12.56927084685442], [-76.63724403175571, -12.57226089186311], [-76.6342001436942, -12.56567636762633]]]}}, {"type": "Feature", "properties": {"codigou": "11005668X01", "concesion": "PUCARA NUMERO DOS", "titular": "UNACEM PERU S.A.", "estado": "D.M. Titulado D.L. 109", "fec_denuncio": "26/12/1942", "lon": -76.807233, "lat": -12.205362, "fen_pc_dist_m": 3666.5, "fen_peligro": "Inundación, erosión fluvial", "fen_nivel": "Alto", "fen_pc_dpto": "Lima", "fen_pc_prov": "Lima"}, "geometry": {"type": "Polygon", "coordinates": [[[-76.80463786093338, -12.20156691846733], [-76.81336962815412, -12.20819020095818], [-76.81112527024082, -12.21105346701084], [-76.80239344358866, -12.20443002959802], [-76.80463786093338, -12.20156691846733]]]}}, {"type": "Feature", "properties": {"codigou": "08009966X01", "concesion": "LA ASCENCION", "titular": "UNACEM PERU S.A.", "estado": "D.M. Titulado D.L. 109", "fec_denuncio": "27/05/1929", "lon": -75.773135, "lat": -11.379385, "fen_pc_dist_m": 5139.4, "fen_peligro": "Inundación", "fen_nivel": "", "fen_pc_dpto": "Junín", "fen_pc_prov": "Tarma"}, "geometry": {"type": "Polygon", "coordinates": [[[-75.77156804861548, -11.37603566249583], [-75.77335057967112, -11.37561437330303], [-75.7754851420663, -11.3844086898346], [-75.77370256115928, -11.38482999507822], [-75.77156804861548, -11.37603566249583]]]}}, {"type": "Feature", "properties": {"codigou": "11000003Y01", "concesion": "EL PORVENIR", "titular": "UNACEM PERU S.A.", "estado": "D.M. Titulado D.L. 109", "fec_denuncio": "7/10/1946", "lon": -76.893476, "lat": -12.191072, "fen_pc_dist_m": 2998.2, "fen_peligro": "Inundación, Erosión fluvial", "fen_nivel": "Alto", "fen_pc_dpto": "Lima", "fen_pc_prov": "Lima"}, "geometry": {"type": "Polygon", "coordinates": [[[-76.89111525103571, -12.18988557278312], [-76.89659157239724, -12.18925908586685], [-76.8970162356703, -12.19285059168109], [-76.89153984475895, -12.19347718803463], [-76.89111525103571, -12.18988557278312]]]}}, {"type": "Feature", "properties": {"codigou": "08013105X01", "concesion": "LA CANTERA", "titular": "UNACEM PERU S.A.", "estado": "D.M. Exting. a publicar de L.D.", "fec_denuncio": "18/08/1947", "lon": -75.816047, "lat": -11.354432, "fen_pc_dist_m": 8128.4, "fen_peligro": "Inundación, flujo de detritos, erosión", "fen_nivel": null, "fen_pc_dpto": "Junín", "fen_pc_prov": "Tarma"}, "geometry": {"type": "Polygon", "coordinates": [[[-75.816377202689, -11.35346228544585], [-75.81719328857494, -11.35508160502797], [-75.81555226720691, -11.3558869909668], [-75.81473609600282, -11.35426766670236], [-75.816377202689, -11.35346228544585]]]}}, {"type": "Feature", "properties": {"codigou": "11000090Y02", "concesion": "CHILCA Nº 8", "titular": "MINERA UNA S.A.", "estado": "D.M. Titulado D.L. 109", "fec_denuncio": "31/08/1953", "lon": -76.660433, "lat": -12.573068, "fen_pc_dist_m": 4852.2, "fen_peligro": "Inundación, Erosión fluvial", "fen_nivel": "Alto", "fen_pc_dpto": "Lima", "fen_pc_prov": "Cañete"}, "geometry": {"type": "Polygon", "coordinates": [[[-76.65859247594423, -12.57304862135621], [-76.66027192501858, -12.5708962961919], [-76.66319341986299, -12.57309602661082], [-76.66151380154459, -12.57524836964674], [-76.65859247594423, -12.57304862135621]]]}}, {"type": "Feature", "properties": {"codigou": "08020117X01", "concesion": "PEDREGAL Nº 31", "titular": "MINERA UNA S.A.", "estado": "D.M. Titulado D.L. 109", "fec_denuncio": "17/04/1975", "lon": -75.55141, "lat": -11.801003, "fen_pc_dist_m": 628.6, "fen_peligro": "Inundación", "fen_nivel": "", "fen_pc_dpto": "Junín", "fen_pc_prov": "Jauja"}, "geometry": {"type": "Polygon", "coordinates": [[[-75.55123492935964, -11.79550149979128], [-75.55635763838146, -11.79747992966611], [-75.55167198920148, -11.80925615237018], [-75.54654917935234, -11.80727773822005], [-75.55123492935964, -11.79550149979128]]]}}, {"type": "Feature", "properties": {"codigou": "11001877X01", "concesion": "MIGUEL", "titular": "UNACEM PERU S.A.", "estado": "D.M. Titulado D.L. 109", "fec_denuncio": "12/12/1922", "lon": -76.799161, "lat": -12.25986, "fen_pc_dist_m": 910.4, "fen_peligro": "Inundación, erosión fluvial", "fen_nivel": "Alto", "fen_pc_dpto": "Lima", "fen_pc_prov": "Lima"}, "geometry": {"type": "Polygon", "coordinates": [[[-76.8051603536288, -12.25254154622031], [-76.8095469007062, -12.26048495118371], [-76.7901618479032, -12.27083872978789], [-76.78577571219144, -12.26289487210493], [-76.8051603536288, -12.25254154622031]]]}}, {"type": "Feature", "properties": {"codigou": "11000711X01", "concesion": "SORPRESA IV", "titular": "MINERA UNA S.A.", "estado": "D.M. Titulado D.L. 109", "fec_denuncio": "27/02/1948", "lon": -76.63651, "lat": -12.57368, "fen_pc_dist_m": 2454.4, "fen_peligro": "Inundación", "fen_nivel": "", "fen_pc_dpto": "Lima", "fen_pc_prov": "Cañete"}, "geometry": {"type": "Polygon", "coordinates": [[[-76.6348674594883, -12.5735719634663], [-76.63826268057976, -12.57217520597503], [-76.63897357557423, -12.57384291944994], [-76.63557843073974, -12.57523968746081], [-76.6348674594883, -12.5735719634663]]]}}, {"type": "Feature", "properties": {"codigou": "11025060X01", "concesion": "LUIS JOSE", "titular": "UNACEM PERU S.A.", "estado": "D.M. Titulado D.L. 109", "fec_denuncio": "26/11/1985", "lon": -76.917632, "lat": -12.17621, "fen_pc_dist_m": 6095.5, "fen_peligro": "Inundación, Erosión fluvial", "fen_nivel": "Alto", "fen_pc_dpto": "Lima", "fen_pc_prov": "Lima"}, "geometry": {"type": "Polygon", "coordinates": [[[-76.91596803572206, -12.174984372087], [-76.9196055976625, -12.17447011116555], [-76.92012835816784, -12.17804874993455], [-76.91649075060741, -12.17856302479018], [-76.91596803572206, -12.174984372087]]]}}, {"type": "Feature", "properties": {"codigou": "010014892", "concesion": "SANTA ANA I", "titular": "UNACEM PERU S.A.", "estado": "D.M. Titulado D.L. 708", "fec_denuncio": "22/09/1992", "lon": -75.766435, "lat": -11.367879, "fen_pc_dist_m": 6034.2, "fen_peligro": "Inundación", "fen_nivel": "", "fen_pc_dpto": "Junín", "fen_pc_prov": "Tarma"}, "geometry": {"type": "Polygon", "coordinates": [[[-75.76275991040441, -11.36427110667854], [-75.77192435483843, -11.36424733157235], [-75.77194860402606, -11.37329028966744], [-75.76278387092158, -11.37331417467976], [-75.76275991040441, -11.36427110667854]]]}}, {"type": "Feature", "properties": {"codigou": "08022128X01", "concesion": "MEDALLA ANDINA", "titular": "UNACEM PERU S.A.", "estado": "D.M. Exting. a publicar de L.D.", "fec_denuncio": "23/03/1982", "lon": -75.769001, "lat": -11.380343, "fen_pc_dist_m": 4838.8, "fen_peligro": "Inundación", "fen_nivel": "", "fen_pc_dpto": "Junín", "fen_pc_prov": "Tarma"}, "geometry": {"type": "Polygon", "coordinates": [[[-75.76717440177697, -11.38021073544966], [-75.7702579520559, -11.37826042082804], [-75.77174038847932, -11.38054234048878], [-75.76865682555967, -11.38249258085748], [-75.76717440177697, -11.38021073544966]]]}}, {"type": "Feature", "properties": {"codigou": "010246698", "concesion": "SANTA ADA Nº 10", "titular": "MINERA UNA S.A.", "estado": "D.M. Titulado D.L. 708", "fec_denuncio": "10/12/1998", "lon": -75.144052, "lat": -12.227379, "fen_pc_dist_m": 7594.0, "fen_peligro": "Inundación", "fen_nivel": "", "fen_pc_dpto": "Junín", "fen_pc_prov": "Huancayo"}, "geometry": {"type": "Polygon", "coordinates": [[[-75.13995970099079, -12.21532354796669], [-75.1583468273325, -12.21531349537816], [-75.15835211350041, -12.22435670452001], [-75.14915828609541, -12.22436193342823], [-75.14916842996917, -12.24244843205554], [-75.13077942080218, -12.24245789197673], [-75.1307749723654, -12.23341468372134], [-75.13996921204487, -12.23341006583095], [-75.13995970099079, -12.21532354796669]]]}}, {"type": "Feature", "properties": {"codigou": "08022880X01", "concesion": "ANDINO C-7", "titular": "UNACEM PERU S.A.", "estado": "D.M. Titulado D.L. 109", "fec_denuncio": "7/03/1988", "lon": -75.901023, "lat": -11.414201, "fen_pc_dist_m": 12129.5, "fen_peligro": "Inundación", "fen_nivel": "", "fen_pc_dpto": "Junín", "fen_pc_prov": "Tarma"}, "geometry": {"type": "Polygon", "coordinates": [[[-75.90093804952936, -11.40104703541196], [-75.90975883760441, -11.40347295498248], [-75.90115209589324, -11.43393274749941], [-75.8923303991654, -11.43150654938645], [-75.90093804952936, -11.40104703541196]]]}}, {"type": "Feature", "properties": {"codigou": "010426296", "concesion": "SANTA ADA Nº 2", "titular": "MINERA UNA S.A.", "estado": "D.M. Titulado D.L. 708", "fec_denuncio": "12/12/1996", "lon": -75.204275, "lat": -12.164038, "fen_pc_dist_m": 4018.6, "fen_peligro": "Inundación", "fen_nivel": "", "fen_pc_dpto": "Junín", "fen_pc_prov": "Huancayo"}, "geometry": {"type": "Polygon", "coordinates": [[[-75.20426609685913, -12.15198002574547], [-75.21345740387613, -12.15197308629428], [-75.21347183203115, -12.17005961509086], [-75.20427990382903, -12.17006665560763], [-75.20428681553014, -12.17910987123921], [-75.19509447887643, -12.17911661105902], [-75.19508137453839, -12.16102998278752], [-75.20427299758262, -12.16102334363097], [-75.20426609685913, -12.15198002574547]]]}}, {"type": "Feature", "properties": {"codigou": "010196397", "concesion": "ANDREA UNICA", "titular": "UNACEM PERU S.A.", "estado": "D.M. Titulado D.L. 708", "fec_denuncio": "2/05/1997", "lon": -75.705949, "lat": -11.36803, "fen_pc_dist_m": 2424.5, "fen_peligro": "Inundación", "fen_nivel": "", "fen_pc_dpto": "Junín", "fen_pc_prov": "Tarma"}, "geometry": {"type": "Polygon", "coordinates": [[[-75.69860851823, -11.36443000476344], [-75.71693757149282, -11.36438606896422], [-75.71696008717474, -11.37342914042814], [-75.69863045627426, -11.37347320258724], [-75.69860851823, -11.36443000476344]]]}}, {"type": "Feature", "properties": {"codigou": "010321896", "concesion": "THABER V", "titular": "UNACEM PERU S.A.", "estado": "D.M. Titulado D.L. 708", "fec_denuncio": "2/10/1996", "lon": -76.866753, "lat": -12.149859, "fen_pc_dist_m": 2878.8, "fen_peligro": "Erosión fluvial", "fen_nivel": "Muy Alto", "fen_pc_dpto": "Lima", "fen_pc_prov": "Lima"}, "geometry": {"type": "Polygon", "coordinates": [[[-76.85831092191712, -12.13676842297825], [-76.88586864447524, -12.13658199488292], [-76.8859322598564, -12.1456203616958], [-76.86755978484182, -12.14574507766257], [-76.86762283245083, -12.15478362411461], [-76.8768093587367, -12.15472132592215], [-76.8768727667262, -12.16375981853192], [-76.84931210568479, -12.16394576003579], [-76.84924962749683, -12.15490712525407], [-76.85843625507701, -12.15484552709984], [-76.85831092191712, -12.13676842297825]]]}}, {"type": "Feature", "properties": {"codigou": "010095199", "concesion": "ANDINO 2000", "titular": "UNACEM PERU S.A.", "estado": "D.M. Titulado D.L. 708", "fec_denuncio": "2/08/1999", "lon": -75.796759, "lat": -11.37925, "fen_pc_dist_m": 6787.7, "fen_peligro": "Inundación", "fen_nivel": "", "fen_pc_dpto": "Junín", "fen_pc_prov": "Tarma"}, "geometry": {"type": "Polygon", "coordinates": [[[-75.79108506495714, -11.38091409170545], [-75.80418292914344, -11.37477794102281], [-75.80507525858192, -11.37658933724481], [-75.79236776464974, -11.38305590487244], [-75.79108506495714, -11.38091409170545]]]}}, {"type": "Feature", "properties": {"codigou": "11025852X01", "concesion": "FATIMA PRIMERA", "titular": "UNACEM PERU S.A.", "estado": "D.M. Titulado D.L. 109", "fec_denuncio": "17/11/1989", "lon": -76.874916, "lat": -12.197837, "fen_pc_dist_m": 901.5, "fen_peligro": "Inundación, Erosión fluvial", "fen_nivel": "Alto", "fen_pc_dpto": "Lima", "fen_pc_prov": "Lima"}, "geometry": {"type": "MultiPolygon", "coordinates": [[[[-76.85975295072514, -12.18159057631757], [-76.88100469234662, -12.17301222403963], [-76.89493273574438, -12.20640031903678], [-76.88301941944322, -12.21125776606265], [-76.88309885321053, -12.21125071477247], [-76.88147155142575, -12.21190757236081], [-76.88143998521073, -12.21157552255327], [-76.87702664166474, -12.21368584142168], [-76.87704691249046, -12.21369365731936], [-76.87370518288083, -12.21504251228175], [-76.87341795979516, -12.21435399250496], [-76.87460189239609, -12.21379564790234], [-76.87301111213417, -12.21053153310371], [-76.87385609921311, -12.21038468684963], [-76.8750540602338, -12.21056860485209], [-76.87628204380478, -12.21154456404987], [-76.87717100817254, -12.21293084014379], [-76.87731384216652, -12.21240172892179], [-76.88005020516918, -12.20909419926549], [-76.88238528419059, -12.20775794996764], [-76.88162020085352, -12.2066348680691], [-76.87966777680947, -12.20681623306577], [-76.87878305710369, -12.20603011059265], [-76.87768464894948, -12.2061096413243], [-76.87717675589258, -12.20680927250908], [-76.87615360208943, -12.20717635143875], [-76.87187698642542, -12.20677330992294], [-76.87174696631081, -12.20793758137673], [-76.86476804344626, -12.19361621071529], [-76.85975295072514, -12.18159057631757]]], [[[-76.86923446327854, -12.2026438776733], [-76.8739711350469, -12.20249165912461], [-76.87711402404089, -12.20143802851667], [-76.88036829009279, -12.19956957161955], [-76.88231434463, -12.19777763167886], [-76.886085997668, -12.19585541876623], [-76.88586011369871, -12.19499276781673], [-76.88468564632294, -12.19466473962172], [-76.88058470503168, -12.19490877761563], [-76.87819373768055, -12.19523710041419], [-76.87712251566892, -12.1957004965495], [-76.87627198639491, -12.19630646532469], [-76.87436412129846, -12.19586334862168], [-76.87186214245564, -12.19777679089904], [-76.87095952755364, -12.19790295651159], [-76.87017556113263, -12.19754817077728], [-76.86954848870775, -12.19868083511561], [-76.86923446327854, -12.2026438776733]]], [[[-76.86619112389562, -12.18528521963866], [-76.86610856302649, -12.18694685095998], [-76.86633920531501, -12.18793531726124], [-76.86724551577417, -12.18970712611851], [-76.86769417634646, -12.18966793204929], [-76.86861319545329, -12.18854188190177], [-76.87118317668693, -12.18718742951364], [-76.87183213796239, -12.18665127066902], [-76.87274349488271, -12.18629672710543], [-76.87481274460387, -12.18615440810449], [-76.87600437127736, -12.18587125415123], [-76.8768619570258, -12.18582872222282], [-76.87775529669673, -12.18556602993086], [-76.87791799418835, -12.18483151301208], [-76.87753827610767, -12.18388077408606], [-76.87567404029437, -12.18398510977189], [-76.87431469319358, -12.18428765929613], [-76.87110961761674, -12.18467612412732], [-76.86952709158493, -12.18507190939876], [-76.86844019191145, -12.18519623678708], [-76.86721713964747, -12.18545417225113], [-76.86619112389562, -12.18528521963866]]]]}}, {"type": "Feature", "properties": {"codigou": "08022675X01", "concesion": "ANDINO-C-3", "titular": "UNACEM PERU S.A.", "estado": "D.M. Titulado D.L. 109", "fec_denuncio": "10/07/1986", "lon": -75.821097, "lat": -11.371471, "fen_pc_dist_m": 9412.7, "fen_peligro": "Inundación", "fen_nivel": "", "fen_pc_dpto": "Junín", "fen_pc_prov": "Tarma"}, "geometry": {"type": "Polygon", "coordinates": [[[-75.81572618744325, -11.36703672263], [-75.82742459840085, -11.36142525435706], [-75.83318452212788, -11.3728726175533], [-75.83366882513397, -11.37263531767991], [-75.8340126042229, -11.37333299796359], [-75.80930838731982, -11.38518253751458], [-75.80418292914344, -11.37477794102281], [-75.81664228329532, -11.36894016315577], [-75.81572618744325, -11.36703672263]]]}}, {"type": "Feature", "properties": {"codigou": "11024423X01", "concesion": "LAS HIENAS", "titular": "MINERA UNA S.A.", "estado": "D.M. Titulado D.L. 109", "fec_denuncio": "16/08/1982", "lon": -76.666155, "lat": -12.655481, "fen_pc_dist_m": 1757.4, "fen_peligro": "Inundación", "fen_nivel": "", "fen_pc_dpto": "Lima", "fen_pc_prov": "Cañete"}, "geometry": {"type": "Polygon", "coordinates": [[[-76.66573594877727, -12.65064765734892], [-76.67086760892609, -12.65265300724071], [-76.6667832673699, -12.66273148729604], [-76.66165141716907, -12.66072608125379], [-76.66573594877727, -12.65064765734892]]]}}, {"type": "Feature", "properties": {"codigou": "010505395", "concesion": "ANDINO 95B", "titular": "UNACEM PERU S.A.", "estado": "D.M. Titulado D.L. 708", "fec_denuncio": "2/01/1995", "lon": -75.843204, "lat": -11.391181, "fen_pc_dist_m": 8643.8, "fen_peligro": "Inundación", "fen_nivel": "", "fen_pc_dpto": "Junín", "fen_pc_prov": "Tarma"}, "geometry": {"type": "Polygon", "coordinates": [[[-75.83610086988826, -11.37311538140349], [-75.85442996950536, -11.37306276330643], [-75.85448373676904, -11.39114838159979], [-75.86364873954376, -11.39112169189088], [-75.86367594692298, -11.40016442559957], [-75.84534524818142, -11.40021774389102], [-75.84537189894176, -11.4092605153623], [-75.83620617983672, -11.40928676718774], [-75.8361798186769, -11.40024388394644], [-75.82701445872613, -11.40026982830245], [-75.826962382754, -11.38218409319121], [-75.83612716370628, -11.38215819105004], [-75.83610086988826, -11.37311538140349]]]}}, {"type": "Feature", "properties": {"codigou": "010505595", "concesion": "ANDINO 95D", "titular": "UNACEM PERU S.A.", "estado": "D.M. Titulado D.L. 708", "fec_denuncio": "2/01/1995", "lon": -75.808527, "lat": -11.344771, "fen_pc_dist_m": 6777.1, "fen_peligro": "Inundación, flujo de detritos, erosión", "fen_nivel": null, "fen_pc_dpto": "Junín", "fen_pc_prov": "Tarma"}, "geometry": {"type": "Polygon", "coordinates": [[[-75.80850574614803, -11.33702026252974], [-75.8176691280978, -11.33699512481602], [-75.8177204064511, -11.3550809576574], [-75.79939237642725, -11.35513112159593], [-75.79936730326351, -11.34608821214257], [-75.80853108636686, -11.34606324759404], [-75.80850574614803, -11.33702026252974]]]}}, {"type": "Feature", "properties": {"codigou": "010505895", "concesion": "ANDINO 95A", "titular": "UNACEM PERU S.A.", "estado": "D.M. Titulado D.L. 708", "fec_denuncio": "2/01/1995", "lon": -75.867514, "lat": -11.370441, "fen_pc_dist_m": 12082.2, "fen_peligro": "Inundación", "fen_nivel": "", "fen_pc_dpto": "Junín", "fen_pc_prov": "Tarma"}, "geometry": {"type": "Polygon", "coordinates": [[[-75.85437629361121, -11.35497712259214], [-75.87270405545223, -11.3549235422058], [-75.87275888636123, -11.37300909524941], [-75.88192335559269, -11.37298178813545], [-75.88197885831046, -11.39106727420902], [-75.85448373676904, -11.39114838159979], [-75.85437629361121, -11.35497712259214]]]}}, {"type": "Feature", "properties": {"codigou": "010506395A", "concesion": "ANDINO 95G-A", "titular": "UNACEM PERU S.A.", "estado": "D.M. Titulado D.L. 708", "fec_denuncio": "2/01/1995", "lon": -75.785208, "lat": -11.381293, "fen_pc_dist_m": 5733.7, "fen_peligro": "Inundación", "fen_nivel": "", "fen_pc_dpto": "Junín", "fen_pc_prov": "Tarma"}, "geometry": {"type": "Polygon", "coordinates": [[[-75.781113316734, -11.37326620989105], [-75.79027791666361, -11.37324175474071], [-75.79030276503758, -11.3822847580183], [-75.79946772463052, -11.38225999726205], [-75.799492883277, -11.39130288433341], [-75.7719971645599, -11.39137627950094], [-75.77197287409457, -11.38233333259806], [-75.78113778406184, -11.38230914292536], [-75.781113316734, -11.37326620989105]]]}}, {"type": "Feature", "properties": {"codigou": "08000131Y01", "concesion": "CARIPA Nº 9", "titular": "UNACEM PERU S.A.", "estado": "D.M. Titulado D.L. 109", "fec_denuncio": "26/10/1979", "lon": -75.78129, "lat": -11.390485, "fen_pc_dist_m": 4700.8, "fen_peligro": "Inundación", "fen_nivel": "", "fen_pc_dpto": "Junín", "fen_pc_prov": "Tarma"}, "geometry": {"type": "Polygon", "coordinates": [[[-75.77483974710239, -11.38752986571004], [-75.78351097693358, -11.38247428773647], [-75.79096428564604, -11.39491881512442], [-75.7822927485609, -11.39997462516483], [-75.77483974710239, -11.38752986571004]]]}}, {"type": "Feature", "properties": {"codigou": "11000099Y03", "concesion": "CHILCA Nº 2-C", "titular": "MINERA UNA S.A.", "estado": "D.M. Titulado D.L. 109", "fec_denuncio": "29/09/1959", "lon": -76.644281, "lat": -12.57349, "fen_pc_dist_m": 3278.0, "fen_peligro": "Inundación", "fen_nivel": "", "fen_pc_dpto": "Lima", "fen_pc_prov": "Cañete"}, "geometry": {"type": "Polygon", "coordinates": [[[-76.64546923334937, -12.57256313224111], [-76.64584966428178, -12.57338611153528], [-76.64249808207187, -12.57488113612529], [-76.64211756579321, -12.57405806127645], [-76.64546923334937, -12.57256313224111]]]}}, {"type": "Feature", "properties": {"codigou": "08000134Y01", "concesion": "CARIPA Nº 4", "titular": "UNACEM PERU S.A.", "estado": "D.M. Titulado D.L. 109", "fec_denuncio": "17/11/1959", "lon": -75.840208, "lat": -11.39156, "fen_pc_dist_m": 8425.6, "fen_peligro": "Inundación", "fen_nivel": "", "fen_pc_dpto": "Junín", "fen_pc_prov": "Tarma"}, "geometry": {"type": "Polygon", "coordinates": [[[-75.82380334796044, -11.37508812189268], [-75.83979115540126, -11.36627913167391], [-75.85675557669278, -11.39625169230477], [-75.84714699568191, -11.40154628330307], [-75.84634681561619, -11.39933779425369], [-75.8411733245495, -11.40116230906177], [-75.84228331473624, -11.40422619398046], [-75.84076675199637, -11.40506175912001], [-75.82380334796044, -11.37508812189268]]]}}, {"type": "Feature", "properties": {"codigou": "11000369Y01", "concesion": "ATOCONGO SEIS", "titular": "UNACEM PERU S.A.", "estado": "D.M. Titulado D.L. 109", "fec_denuncio": "18/06/1958", "lon": -76.90907, "lat": -12.211856, "fen_pc_dist_m": 3696.3, "fen_peligro": "Erosión fluvial", "fen_nivel": "Muy Alto", "fen_pc_dpto": "Lima", "fen_pc_prov": "Lima"}, "geometry": {"type": "Polygon", "coordinates": [[[-76.89801447476519, -12.20911719026291], [-76.92448492351348, -12.20608682635553], [-76.92565379668743, -12.21596341436817], [-76.89918250476562, -12.21899394210546], [-76.89801447476519, -12.20911719026291]]]}}, {"type": "Feature", "properties": {"codigou": "11013669X01", "concesion": "ATOCONGO DOS", "titular": "UNACEM PERU S.A.", "estado": "Acumulación D.M. Titulada", "fec_denuncio": "18/06/1958", "lon": -76.911649, "lat": -12.18517, "fen_pc_dist_m": 5063.9, "fen_peligro": "Inundación, Erosión fluvial", "fen_nivel": "Alto", "fen_pc_dpto": "Lima", "fen_pc_prov": "Lima"}, "geometry": {"type": "Polygon", "coordinates": [[[-76.90476314466602, -12.1801335242045], [-76.92027858804259, -12.17835736755817], [-76.92197835750187, -12.1927233277961], [-76.90646211995887, -12.19449979202867], [-76.90476314466602, -12.1801335242045]]]}}, {"type": "Feature", "properties": {"codigou": "08016633X01", "concesion": "VENTUROSA 1958", "titular": "UNACEM PERU S.A.", "estado": "D.M. Titulado D.L. 109", "fec_denuncio": "18/01/1958", "lon": -75.823347, "lat": -11.35709, "fen_pc_dist_m": 8855.2, "fen_peligro": "Inundación, flujo de detritos, erosión", "fen_nivel": null, "fen_pc_dpto": "Junín", "fen_pc_prov": "Tarma"}, "geometry": {"type": "Polygon", "coordinates": [[[-75.81974410712537, -11.35642572001604], [-75.82631675539413, -11.35322092022902], [-75.82875257388481, -11.35808514127288], [-75.82217984920862, -11.36129000019403], [-75.81974410712537, -11.35642572001604]]]}}, {"type": "Feature", "properties": {"codigou": "11015124X01", "concesion": "CHILCA 14A", "titular": "MINERA UNA S.A.", "estado": "D.M. Titulado D.L. 109", "fec_denuncio": "2/05/1960", "lon": -76.643348, "lat": -12.54858, "fen_pc_dist_m": 4536.5, "fen_peligro": "Inundación, flujo de detritos, erosión", "fen_nivel": null, "fen_pc_dpto": "Lima", "fen_pc_prov": "Cañete"}, "geometry": {"type": "Polygon", "coordinates": [[[-76.6389002043529, -12.5449841169889], [-76.64478489386923, -12.54241223673292], [-76.65002079499439, -12.55397431041727], [-76.64413601625964, -12.55654632908994], [-76.6389002043529, -12.5449841169889]]]}}, {"type": "Feature", "properties": {"codigou": "11015127X01", "concesion": "CHILCA Nº 14-D", "titular": "MINERA UNA S.A.", "estado": "D.M. Titulado D.L. 109", "fec_denuncio": "2/06/1960", "lon": -76.640099, "lat": -12.554749, "fen_pc_dist_m": 3829.0, "fen_peligro": "Inundación, flujo de detritos, erosión", "fen_nivel": null, "fen_pc_dpto": "Lima", "fen_pc_prov": "Cañete"}, "geometry": {"type": "Polygon", "coordinates": [[[-76.63927721743865, -12.55471245641851], [-76.64095864151189, -12.55397755810588], [-76.64133260057143, -12.55480339166422], [-76.63965117279614, -12.5555382928126], [-76.63927721743865, -12.55471245641851]]]}}, {"type": "Feature", "properties": {"codigou": "010076797", "concesion": "TAPO E", "titular": "MINERA UNA S.A.", "estado": "D.M. Titulado D.L. 708", "fec_denuncio": "6/02/1997", "lon": -75.607198, "lat": -11.476167, "fen_pc_dist_m": 6187.1, "fen_peligro": "Inundación, erosión pluvial", "fen_nivel": null, "fen_pc_dpto": "Junín", "fen_pc_prov": "Tarma"}, "geometry": {"type": "Polygon", "coordinates": [[[-75.6071723219404, -11.46410900506129], [-75.616340271555, -11.46408981348213], [-75.61637932554312, -11.48217629027715], [-75.60721079236765, -11.48219551292218], [-75.60723005186793, -11.4912387132007], [-75.59806121028062, -11.49125766311247], [-75.59802338308258, -11.47317113570815], [-75.6071915489304, -11.47315221658628], [-75.6071723219404, -11.46410900506129]]]}}, {"type": "Feature", "properties": {"codigou": "11000096Y01", "concesion": "CHILCA Nº 2-B", "titular": "MINERA UNA S.A.", "estado": "D.M. Titulado D.L. 109", "fec_denuncio": "29/09/1959", "lon": -76.642909, "lat": -12.572516, "fen_pc_dist_m": 3158.4, "fen_peligro": "Inundación", "fen_nivel": "", "fen_pc_dpto": "Lima", "fen_pc_prov": "Cañete"}, "geometry": {"type": "Polygon", "coordinates": [[[-76.64126416106637, -12.57244311924478], [-76.64462711143864, -12.57097353468354], [-76.64537520949133, -12.57262517911364], [-76.64201224486429, -12.57409486542901], [-76.64126416106637, -12.57244311924478]]]}}, {"type": "Feature", "properties": {"codigou": "P0101271", "concesion": "HDA.BENEF.CEMENTOS LIMA", "titular": "UNACEM PERU S.A.", "estado": "Planta de Beneficio", "fec_denuncio": "11/03/1969", "lon": -76.905742, "lat": -12.196413, "fen_pc_dist_m": 4016.4, "fen_peligro": "Inundación", "fen_nivel": null, "fen_pc_dpto": "Lima", "fen_pc_prov": "Lima"}, "geometry": {"type": "Polygon", "coordinates": [[[-76.89940180896755, -12.19151605034087], [-76.91404760701448, -12.1902521188935], [-76.91525249950595, -12.20375939141299], [-76.90060589196635, -12.20502340571256], [-76.89940180896755, -12.19151605034087]]]}}, {"type": "Feature", "properties": {"codigou": "11015130X01", "concesion": "CHILCA 14G", "titular": "MINERA UNA S.A.", "estado": "D.M. Titulado D.L. 109", "fec_denuncio": "2/06/1960", "lon": -76.63849, "lat": -12.546746, "fen_pc_dist_m": 4199.3, "fen_peligro": "Inundación, flujo de detritos, erosión", "fen_nivel": null, "fen_pc_dpto": "Lima", "fen_pc_prov": "Cañete"}, "geometry": {"type": "Polygon", "coordinates": [[[-76.63721882677814, -12.54571881556483], [-76.6389002043529, -12.5449841169889], [-76.64039605759959, -12.54828755916146], [-76.63871466579587, -12.54902235946634], [-76.63721882677814, -12.54571881556483]]]}}, {"type": "Feature", "properties": {"codigou": "010636495", "concesion": "COMPAÑIA MINERA SACACO N°12", "titular": "MINERA UNA S.A.", "estado": "D.M. Titulado D.L. 708", "fec_denuncio": "2/01/1995", "lon": -75.446559, "lat": -12.305425, "fen_pc_dist_m": 6232.0, "fen_peligro": "Inundación, erosión fluvial", "fen_nivel": "Alto", "fen_pc_dpto": "Junín", "fen_pc_prov": "Chupaca"}, "geometry": {"type": "Polygon", "coordinates": [[[-75.43426792053603, -12.28735948951477], [-75.46185519786407, -12.28731415892496], [-75.46187097965614, -12.29635715021679], [-75.45267491858341, -12.29637261105185], [-75.4526903982868, -12.30541551757365], [-75.44349401050168, -12.30543068073523], [-75.44355470018812, -12.34160256397429], [-75.43435694797061, -12.3416173722444], [-75.43426792053603, -12.28735948951477]]]}}, {"type": "Feature", "properties": {"codigou": "10009646X01", "concesion": "LAS DUNAS Nº 2", "titular": "UNACEM PERU S.A.", "estado": "D.M. Titulado D.L. 109", "fec_denuncio": "6/03/1980", "lon": -76.145554, "lat": -13.63688, "fen_pc_dist_m": 5798.6, "fen_peligro": "Inundación, erosión", "fen_nivel": "", "fen_pc_dpto": "Ica", "fen_pc_prov": "Pisco"}, "geometry": {"type": "Polygon", "coordinates": [[[-76.15065921905631, -13.62079557892464], [-76.14898077821256, -13.66144523871241], [-76.13789583167949, -13.66100733035771], [-76.13957627124172, -13.62035759467213], [-76.15065921905631, -13.62079557892464]]]}}, {"type": "Feature", "properties": {"codigou": "010381405", "concesion": "QUILMANA XXI", "titular": "MINERA CRONOS S.A.C.", "estado": "D.M. Titulado D.L. 708", "fec_denuncio": "24/11/2005", "lon": -76.395937, "lat": -12.848521, "fen_pc_dist_m": 6572.2, "fen_peligro": "Erosión fluvial", "fen_nivel": "Alto", "fen_pc_dpto": "Lima", "fen_pc_prov": "Cañete"}, "geometry": {"type": "Polygon", "coordinates": [[[-76.37701438600969, -12.83415645833724], [-76.39181298173628, -12.82338830457223], [-76.41924526901725, -12.85968265492783], [-76.40608277932509, -12.86927753715292], [-76.4044539384252, -12.87046296000889], [-76.37701438600969, -12.83415645833724]]]}}, {"type": "Feature", "properties": {"codigou": "010285305", "concesion": "MARIAFERNANDA", "titular": "UNACEM PERU S.A.", "estado": "D.M. Titulado D.L. 708", "fec_denuncio": "7/09/2005", "lon": -76.847312, "lat": -12.140457, "fen_pc_dist_m": 1687.2, "fen_peligro": "Inundación", "fen_nivel": "", "fen_pc_dpto": "Lima", "fen_pc_prov": "Lima"}, "geometry": {"type": "Polygon", "coordinates": [[[-76.85831092191712, -12.13676842297825], [-76.85837351715423, -12.14580693326019], [-76.8308144145111, -12.14599076282251], [-76.83075265515117, -12.13695202201839], [-76.85831092191712, -12.13676842297825]]]}}, {"type": "Feature", "properties": {"codigou": "010006008A", "concesion": "TULAN 8-A", "titular": "MINERA UNA S.A.", "estado": "D.M. Titulado D.L. 708", "fec_denuncio": "3/01/2008", "lon": -76.428202, "lat": -12.110392, "fen_pc_dist_m": 7867.4, "fen_peligro": "Inundación, erosión fluvial", "fen_nivel": "Alto", "fen_pc_dpto": "Lima", "fen_pc_prov": "Huarochiri"}, "geometry": {"type": "Polygon", "coordinates": [[[-76.4355128511529, -12.10312174184397], [-76.43560947049421, -12.12120283923388], [-76.41723447901022, -12.12129738046731], [-76.41713918767178, -12.10321622786357], [-76.4355128511529, -12.10312174184397]]]}}, {"type": "Feature", "properties": {"codigou": "010006508", "concesion": "TULAN 13", "titular": "UNION ANDINA DE CEMENTOS S.A.A.-UNACEM S.A.A.", "estado": "D.M. Titulado D.L. 708", "fec_denuncio": "3/01/2008", "lon": -76.490855, "lat": -12.142866, "fen_pc_dist_m": 5936.8, "fen_peligro": "Inundación, erosión fluvial", "fen_nivel": "Alto", "fen_pc_dpto": "Lima", "fen_pc_prov": "Huarochiri"}, "geometry": {"type": "Polygon", "coordinates": [[[-76.49078345264702, -12.12995196100917], [-76.50915833788108, -12.12985238638221], [-76.50931110807042, -12.15697306954105], [-76.47255736729879, -12.15717136640236], [-76.47250764306331, -12.14813099305452], [-76.4908840202414, -12.14803257520359], [-76.49078345264702, -12.12995196100917]]]}}, {"type": "Feature", "properties": {"codigou": "010339207", "concesion": "QUE BUEN SUCESO", "titular": "MINERA UNA S.A.", "estado": "D.M. Titulado D.L. 708", "fec_denuncio": "7/06/2007", "lon": -77.090152, "lat": -10.410615, "fen_pc_dist_m": 12792.2, "fen_peligro": "Inundación, flujo de detritos, erosión fluvial", "fen_nivel": "Alto", "fen_pc_dpto": "Lima", "fen_pc_prov": "Cajatambo"}, "geometry": {"type": "Polygon", "coordinates": [[[-77.09373204458231, -10.39974533534171], [-77.09391277398079, -10.42686032547716], [-77.08478224760334, -10.42692000189901], [-77.08460230607648, -10.39980485325102], [-77.09373204458231, -10.39974533534171]]]}}, {"type": "Feature", "properties": {"codigou": "010374605", "concesion": "PUZOL 4", "titular": "MINERA UNA S.A.", "estado": "D.M. Titulado D.L. 708", "fec_denuncio": "18/11/2005", "lon": -76.392084, "lat": -12.820143, "fen_pc_dist_m": 9633.9, "fen_peligro": "Erosión fluvial", "fen_nivel": "Alto", "fen_pc_dpto": "Lima", "fen_pc_prov": "Cañete"}, "geometry": {"type": "Polygon", "coordinates": [[[-76.38407477853116, -12.79952121177286], [-76.4024977601005, -12.79942369814795], [-76.40264772916908, -12.82654423980548], [-76.39343527283079, -12.8265933096773], [-76.39353475540784, -12.8446737705624], [-76.38432160273214, -12.84472249837038], [-76.38407477853116, -12.79952121177286]]]}}, {"type": "Feature", "properties": {"codigou": "010184306", "concesion": "PUZOL 8", "titular": "MINERA UNA S.A.", "estado": "D.M. Titulado D.L. 708", "fec_denuncio": "21/04/2006", "lon": -76.328607, "lat": -12.761835, "fen_pc_dist_m": 15925.1, "fen_peligro": "Inundación, erosión fluvial", "fen_nivel": "Muy alto", "fen_pc_dpto": "Lima", "fen_pc_prov": "Cañete"}, "geometry": {"type": "Polygon", "coordinates": [[[-76.31014848060306, -12.75469539293132], [-76.35619895971244, -12.75446296338314], [-76.35629531106024, -12.77254380628354], [-76.31024147050248, -12.77277657626113], [-76.31014848060306, -12.75469539293132]]]}}, {"type": "Feature", "properties": {"codigou": "010184506", "concesion": "PUZOL 10", "titular": "MINERA UNA S.A.", "estado": "D.M. Titulado D.L. 708", "fec_denuncio": "21/04/2006", "lon": -76.35643, "lat": -12.797856, "fen_pc_dist_m": 12421.4, "fen_peligro": "Erosión fluvial", "fen_nivel": "Alto", "fen_pc_dpto": "Lima", "fen_pc_prov": "Cañete"}, "geometry": {"type": "Polygon", "coordinates": [[[-76.33796901796947, -12.79071876053694], [-76.38402549003587, -12.7904809174178], [-76.38412410428994, -12.80856140934845], [-76.3380642614037, -12.80879969044545], [-76.33796901796947, -12.79071876053694]]]}}, {"type": "Feature", "properties": {"codigou": "010204805", "concesion": "RED MIRROR 1", "titular": "MINERA UNA S.A.", "estado": "D.M. Titulado D.L. 708", "fec_denuncio": "1/07/2005", "lon": -76.36766, "lat": -12.830345, "fen_pc_dist_m": 8629.4, "fen_peligro": "Erosión fluvial", "fen_nivel": "Alto", "fen_pc_dpto": "Lima", "fen_pc_prov": "Cañete"}, "geometry": {"type": "Polygon", "coordinates": [[[-76.37501024532378, -12.82669030108582], [-76.37505935609619, -12.83573060509454], [-76.35663342925655, -12.8358264669697], [-76.35658506820378, -12.8267860928124], [-76.37501024532378, -12.82669030108582]]]}}, {"type": "Feature", "properties": {"codigou": "010466108", "concesion": "CRONOS PRIMERO", "titular": "MINERA CRONOS S.A.C.", "estado": "D.M. Titulado D.L. 708", "fec_denuncio": "8/08/2008", "lon": -76.332036, "lat": -12.712998, "fen_pc_dist_m": 15543.1, "fen_peligro": "Inundación, erosión fluvial", "fen_nivel": "Muy alto", "fen_pc_dpto": "Lima", "fen_pc_prov": "Cañete"}, "geometry": {"type": "Polygon", "coordinates": [[[-76.3283335329058, -12.70940072334199], [-76.33754199888945, -12.70935444353039], [-76.33758932018885, -12.7183949685339], [-76.32838052865046, -12.71844128233003], [-76.3283335329058, -12.70940072334199]]]}}, {"type": "Feature", "properties": {"codigou": "010149506", "concesion": "ANDINO 2006C", "titular": "UNACEM PERU S.A.", "estado": "D.M. Titulado D.L. 708", "fec_denuncio": "24/03/2006", "lon": -75.584228, "lat": -11.892804, "fen_pc_dist_m": 8672.4, "fen_peligro": "Inundación, erosión fluvial", "fen_nivel": "Muy alto", "fen_pc_dpto": "Junín", "fen_pc_prov": "Jauja"}, "geometry": {"type": "Polygon", "coordinates": [[[-75.5805473713908, -11.88919395028461], [-75.5897293432802, -11.88917492324069], [-75.589748730638, -11.8982179869366], [-75.5805664555032, -11.89823702885795], [-75.5805473713908, -11.88919395028461]]]}}, {"type": "Feature", "properties": {"codigou": "010000304L", "concesion": "ACUMULACION OYON", "titular": "MINERA UNA S.A.", "estado": "Acumulación D.M. Titulada", "fec_denuncio": "16/08/2004", "lon": -76.714483, "lat": -10.689181, "fen_pc_dist_m": 7889.7, "fen_peligro": "Inundación, erosión", "fen_nivel": "", "fen_pc_dpto": "Lima", "fen_pc_prov": "Oyón"}, "geometry": {"type": "Polygon", "coordinates": [[[-76.71103566790694, -10.67901812054065], [-76.73224742489148, -10.67978757803091], [-76.72838190684428, -10.68797421151838], [-76.71034000618934, -10.70939788167588], [-76.69385742837848, -10.69989070898944], [-76.71103566790694, -10.67901812054065]]]}}, {"type": "Feature", "properties": {"codigou": "010000304LC", "concesion": "ACUMULACION OYON 1", "titular": "MINERA UNA S.A.", "estado": "Acumulación D.M. Titulada", "fec_denuncio": "16/08/2004", "lon": -76.690323, "lat": -10.71476, "fen_pc_dist_m": 10997.9, "fen_peligro": "Inundación, erosión", "fen_nivel": "", "fen_pc_dpto": "Lima", "fen_pc_prov": "Oyón"}, "geometry": {"type": "Polygon", "coordinates": [[[-76.69385742837848, -10.69989070898944], [-76.71034000618934, -10.70939788167588], [-76.69566435539804, -10.72682165200099], [-76.68188328007861, -10.74237578461715], [-76.6729539079499, -10.73518566844603], [-76.68984090664546, -10.71402994445978], [-76.68524993108043, -10.71034820383875], [-76.68978998254578, -10.70482691083304], [-76.68979273682373, -10.70482906562456], [-76.69385742837848, -10.69989070898944]]]}}, {"type": "Feature", "properties": {"codigou": "010359106", "concesion": "KLINKER", "titular": "MINERA UNA S.A.", "estado": "D.M. Titulado D.L. 708", "fec_denuncio": "21/08/2006", "lon": -75.54495, "lat": -13.576013, "fen_pc_dist_m": 415.5, "fen_peligro": "Inundación, Erosión fluvial", "fen_nivel": "Muy Alto", "fen_pc_dpto": "Ica", "fen_pc_prov": "Pisco"}, "geometry": {"type": "Polygon", "coordinates": [[[-75.52887766374629, -13.55314187822629], [-75.53811973095438, -13.55312214745703], [-75.53814008074718, -13.56216415824823], [-75.5473824825599, -13.56214407182648], [-75.54742383376885, -13.58022795571905], [-75.55666692014476, -13.58020749905306], [-75.55668801496387, -13.5892494621231], [-75.56593143618599, -13.58922864862451], [-75.56595280441913, -13.59827059096261], [-75.54746524564538, -13.598311903734], [-75.5474445783654, -13.58926993291413], [-75.5382010344153, -13.58929015161352], [-75.53816035297042, -13.5712061626735], [-75.52891758658228, -13.57122592073856], [-75.52887766374629, -13.55314187822629]]]}}, {"type": "Feature", "properties": {"codigou": "650004011", "concesion": "LAS DOS PAISANAS DOS", "titular": "MINERA UNA S.A.", "estado": "D.M. Titulado D.L. 708", "fec_denuncio": "9/03/2011", "lon": -76.34949, "lat": -11.799773, "fen_pc_dist_m": 1081.0, "fen_peligro": "Inundación, Erosión fluvial", "fen_nivel": "Alto", "fen_pc_dpto": "Lima", "fen_pc_prov": "Huarochiri"}, "geometry": {"type": "Polygon", "coordinates": [[[-76.34213139046518, -11.79619145552842], [-76.36048485726437, -11.79610434872979], [-76.36052933774923, -11.8051452983359], [-76.34217527053491, -11.80523256422481], [-76.34213139046518, -11.79619145552842]]]}}, {"type": "Feature", "properties": {"codigou": "010247011", "concesion": "CRONOS XVII", "titular": "MINERA CRONOS S.A.C.", "estado": "D.M. Titulado D.L. 708", "fec_denuncio": "1/04/2011", "lon": -76.330382, "lat": -12.749169, "fen_pc_dist_m": 15550.3, "fen_peligro": "Inundación, erosión fluvial", "fen_nivel": "Muy alto", "fen_pc_dpto": "Lima", "fen_pc_prov": "Cañete"}, "geometry": {"type": "Polygon", "coordinates": [[[-76.31931183506094, -12.74560901710908], [-76.34694114345474, -12.74546967943001], [-76.34698893712213, -12.75451014486926], [-76.31935864905522, -12.75464958452963], [-76.31931183506094, -12.74560901710908]]]}}, {"type": "Feature", "properties": {"codigou": "010458111", "concesion": "CRONOS XIX", "titular": "MINERA CRONOS S.A.C.", "estado": "D.M. Titulado D.L. 708", "fec_denuncio": "13/09/2011", "lon": -75.639444, "lat": -12.206576, "fen_pc_dist_m": 9916.7, "fen_peligro": "Inundación, erosión fluvial", "fen_nivel": "Alto", "fen_pc_dpto": "Lima", "fen_pc_prov": "Yauyos"}, "geometry": {"type": "Polygon", "coordinates": [[[-75.62716337929501, -12.1965566910515], [-75.65474043572405, -12.19649239363938], [-75.6547848577158, -12.21457789267326], [-75.64559183795946, -12.21459960456939], [-75.64557002194162, -12.20555684126735], [-75.63637729684541, -12.20557832034041], [-75.6363988928818, -12.21462109974468], [-75.62720593036714, -12.21464219756153], [-75.62716337929501, -12.1965566910515]]]}}, {"type": "Feature", "properties": {"codigou": "010158007", "concesion": "LIME 1", "titular": "MINERA UNA S.A.", "estado": "D.M. Titulado D.L. 708", "fec_denuncio": "26/02/2007", "lon": -76.283373, "lat": -12.663126, "fen_pc_dist_m": 22169.6, "fen_peligro": "Inundación, erosión fluvial", "fen_nivel": "Muy alto", "fen_pc_dpto": "Lima", "fen_pc_prov": "Cañete"}, "geometry": {"type": "Polygon", "coordinates": [[[-76.27281255368024, -12.65542728316341], [-76.28201937682674, -12.65538311540626], [-76.28206444311952, -12.6644238790368], [-76.30047844802866, -12.66433443381364], [-76.30052428995215, -12.67337512487691], [-76.27290225688076, -12.67350886837847], [-76.27281255368024, -12.65542728316341]]]}}, {"type": "Feature", "properties": {"codigou": "010158407", "concesion": "LIME 5", "titular": "MINERA UNA S.A.", "estado": "D.M. Titulado D.L. 708", "fec_denuncio": "26/02/2007", "lon": -76.189399, "lat": -12.819846, "fen_pc_dist_m": 10349.9, "fen_peligro": "Inundación, erosión fluvial", "fen_nivel": "Alto", "fen_pc_dpto": "Lima", "fen_pc_prov": "Cañete"}, "geometry": {"type": "Polygon", "coordinates": [[[-76.18145428475867, -12.80954954061751], [-76.19987947354703, -12.80946612851312], [-76.19992227072049, -12.81850706917771], [-76.19070927225218, -12.81854901242163], [-76.19079430685025, -12.83663084529802], [-76.1815807104428, -12.83667252623385], [-76.18145428475867, -12.80954954061751]]]}}, {"type": "Feature", "properties": {"codigou": "010159507", "concesion": "LIME 16", "titular": "MINERA UNA S.A.", "estado": "D.M. Titulado D.L. 708", "fec_denuncio": "26/02/2007", "lon": -76.24523, "lat": -12.663307, "fen_pc_dist_m": 25730.7, "fen_peligro": "Inundación, erosión fluvial", "fen_nivel": "Alto", "fen_pc_dpto": "Lima", "fen_pc_prov": "Cañete"}, "geometry": {"type": "Polygon", "coordinates": [[[-76.24519215398905, -12.65555796672885], [-76.25439898826697, -12.65551475381231], [-76.25448739458264, -12.6735964678787], [-76.2360723031222, -12.67368270297123], [-76.23602882367884, -12.66464178516153], [-76.24523601596484, -12.66459885876315], [-76.24519215398905, -12.65555796672885]]]}}, {"type": "Feature", "properties": {"codigou": "010501211", "concesion": "PROMESA 100", "titular": "MINERA UNA S.A.", "estado": "D.M. Titulado D.L. 708", "fec_denuncio": "20/10/2011", "lon": -75.070695, "lat": -13.461977, "fen_pc_dist_m": 13738.5, "fen_peligro": "Inundación, erosión", "fen_nivel": "", "fen_pc_dpto": "Huancavelica", "fen_pc_prov": "Huaytará"}, "geometry": {"type": "Polygon", "coordinates": [[[-75.05749404532057, -13.45423018125813], [-75.08521010744529, -13.45422223074241], [-75.08521641337316, -13.47230708020806], [-75.07597706510691, -13.47231013401379], [-75.0759742117469, -13.46326766526968], [-75.05749620311886, -13.46327265990804], [-75.05749404532057, -13.45423018125813]]]}}, {"type": "Feature", "properties": {"codigou": "010112711", "concesion": "DIANITA 2011", "titular": "MINERA UNA S.A.", "estado": "D.M. Titulado D.L. 708", "fec_denuncio": "1/02/2011", "lon": -76.4166, "lat": -11.39802, "fen_pc_dist_m": 25314.2, "fen_peligro": "Inundación, erosión fluvial", "fen_nivel": "Alto", "fen_pc_dpto": "Junín", "fen_pc_prov": "Yauli"}, "geometry": {"type": "Polygon", "coordinates": [[[-76.4042938585903, -11.37999690915501], [-76.43178261034323, -11.37986451988212], [-76.43187288289201, -11.39794656165376], [-76.42270948597529, -11.39799098840207], [-76.42275439010733, -11.40703203691977], [-76.41359057438432, -11.4070763049294], [-76.41363522629383, -11.41611729329925], [-76.4044710829379, -11.41616131124583], [-76.4042938585903, -11.37999690915501]]]}}, {"type": "Feature", "properties": {"codigou": "010027416", "concesion": "PEPE 2016B", "titular": "MINERA UNA S.A.", "estado": "D.M. Titulado D.L. 708", "fec_denuncio": "4/01/2016", "lon": -76.385432, "lat": -11.803733, "fen_pc_dist_m": 3702.4, "fen_peligro": "Erosión fluvial", "fen_nivel": "Alto", "fen_pc_dpto": "Lima", "fen_pc_prov": "Huarochiri"}, "geometry": {"type": "Polygon", "coordinates": [[[-76.3696615815793, -11.79606030611167], [-76.41554446319961, -11.79583583700072], [-76.41563706755045, -11.81391739743532], [-76.3789283779114, -11.81409790297727], [-76.37888325906788, -11.80505693848363], [-76.36970636293327, -11.80510131143711], [-76.3696615815793, -11.79606030611167]]]}}, {"type": "Feature", "properties": {"codigou": "010014116", "concesion": "DANIELA 6", "titular": "MINERA UNA S.A.", "estado": "D.M. Titulado D.L. 708", "fec_denuncio": "4/01/2016", "lon": -76.452875, "lat": -12.158567, "fen_pc_dist_m": 9046.7, "fen_peligro": "Inundación, erosión fluvial", "fen_nivel": "Alto", "fen_pc_dpto": "Lima", "fen_pc_prov": "Huarochiri"}, "geometry": {"type": "Polygon", "coordinates": [[[-76.44494291782352, -12.14827642279306], [-76.46331944110432, -12.14817983480199], [-76.46346780196099, -12.1753009581928], [-76.45427862920502, -12.17534951599341], [-76.4541803033384, -12.15726872906159], [-76.44499171203955, -12.15731690748731], [-76.44494291782352, -12.14827642279306]]]}}, {"type": "Feature", "properties": {"codigou": "010171721", "concesion": "ANDINO 2021B", "titular": "UNACEM PERU S.A.", "estado": "D.M. Titulado D.L. 708", "fec_denuncio": "2/08/2021", "lon": -76.112282, "lat": -11.28208, "fen_pc_dist_m": 20751.8, "fen_peligro": "Inundación, erosión fluvial", "fen_nivel": "Alto", "fen_pc_dpto": "Junín", "fen_pc_prov": "Yauli"}, "geometry": {"type": "Polygon", "coordinates": [[[-76.10860327552793, -11.27847687323648], [-76.11776407701846, -11.27844251039819], [-76.11779904897845, -11.28748461482879], [-76.1086379610137, -11.28751900591405], [-76.10860327552793, -11.27847687323648]]]}}, {"type": "Feature", "properties": {"codigou": "010217114", "concesion": "GUILLER 3", "titular": "MINERA UNA S.A.", "estado": "D.M. Titulado D.L. 708", "fec_denuncio": "22/04/2014", "lon": -76.261241, "lat": -12.921286, "fen_pc_dist_m": 1133.9, "fen_peligro": "Inundación, erosión fluvial", "fen_nivel": "Alto", "fen_pc_dpto": "Lima", "fen_pc_prov": "Cañete"}, "geometry": {"type": "Polygon", "coordinates": [[[-76.26490974163262, -12.9176522222141], [-76.26495515973625, -12.92669286678881], [-76.2557385275096, -12.92673736159645], [-76.25569344123865, -12.91769677527269], [-76.26490974163262, -12.9176522222141]]]}}, {"type": "Feature", "properties": {"codigou": "11020748X01", "concesion": "PUCARA Nº 3", "titular": "UNACEM PERU S.A.", "estado": "D.M. Titulado D.L. 109", "fec_denuncio": "9/07/1970", "lon": -76.807622, "lat": -12.198352, "fen_pc_dist_m": 4378.0, "fen_peligro": "Inundación, erosión fluvial", "fen_nivel": "Alto", "fen_pc_dpto": "Lima", "fen_pc_prov": "Lima"}, "geometry": {"type": "Polygon", "coordinates": [[[-76.80767130611562, -12.19473667764428], [-76.812037090434, -12.19804841557643], [-76.8075484342035, -12.20377471701821], [-76.80318259170782, -12.20046300497851], [-76.80767130611562, -12.19473667764428]]]}}, {"type": "Feature", "properties": {"codigou": "10009647X01", "concesion": "LAS DUNAS", "titular": "UNACEM PERU S.A.", "estado": "D.M. Titulado D.L. 109", "fec_denuncio": "6/08/1980", "lon": -76.162087, "lat": -13.639104, "fen_pc_dist_m": 5379.4, "fen_peligro": "Inundación, erosión", "fen_nivel": "", "fen_pc_dpto": "Ica", "fen_pc_prov": "Pisco"}, "geometry": {"type": "Polygon", "coordinates": [[[-76.16768361034293, -13.63009512766881], [-76.16755923208133, -13.65269273489085], [-76.15369266263413, -13.65261962144837], [-76.15381834425044, -13.6300183900146], [-76.16768361034293, -13.63009512766881]]]}}, {"type": "Feature", "properties": {"codigou": "P0201271", "concesion": "PLANTA DE CEMENTO CHILCA", "titular": "MINERA UNA S.A.", "estado": "Planta de Beneficio", "fec_denuncio": "18/07/1952", "lon": -76.637351, "lat": -12.561989, "fen_pc_dist_m": 3126.7, "fen_peligro": "Inundación, flujo de detritos, erosión", "fen_nivel": null, "fen_pc_dpto": "Lima", "fen_pc_prov": "Cañete"}, "geometry": {"type": "Polygon", "coordinates": [[[-76.63530855630204, -12.56040391552007], [-76.63987798271977, -12.55987729095903], [-76.64041412877611, -12.56436589817694], [-76.63584462761337, -12.56489272217669], [-76.63530855630204, -12.56040391552007]]]}}, {"type": "Feature", "properties": {"codigou": "08021195X01", "concesion": "CRETASICA ANDINA", "titular": "UNACEM PERU S.A.", "estado": "D.M. Titulado D.L. 109", "fec_denuncio": "26/10/1979", "lon": -75.807606, "lat": -11.378962, "fen_pc_dist_m": 7731.1, "fen_peligro": "Inundación", "fen_nivel": "", "fen_pc_dpto": "Junín", "fen_pc_prov": "Tarma"}, "geometry": {"type": "Polygon", "coordinates": [[[-75.79238076067304, -11.38304926850036], [-75.81173288499181, -11.37320111216264], [-75.81102456035696, -11.37184589959273], [-75.81115073153585, -11.37177185210703], [-75.81195301749919, -11.37310275104536], [-75.81042898342086, -11.3752942562082], [-75.81420737060049, -11.37785247499086], [-75.81453377143258, -11.37738314810489], [-75.81583168417487, -11.37953611063233], [-75.81275245633478, -11.38134354135397], [-75.80543101143019, -11.38195951329173], [-75.8057336903011, -11.38546327769718], [-75.79694550337146, -11.39062117932913], [-75.79238076067304, -11.38304926850036]]]}}, {"type": "Feature", "properties": {"codigou": "08021123X01", "concesion": "LA LIBERTAD L.G. 1-A", "titular": "UNACEM PERU S.A.", "estado": "D.M. Titulado D.L. 109", "fec_denuncio": "5/09/1979", "lon": -75.79169, "lat": -11.406169, "fen_pc_dist_m": 4771.3, "fen_peligro": "Inundación", "fen_nivel": "", "fen_pc_dpto": "Junín", "fen_pc_prov": "Tarma"}, "geometry": {"type": "Polygon", "coordinates": [[[-75.79269872615954, -11.40489503964082], [-75.7919723476041, -11.40843713695873], [-75.79017722872922, -11.40807889913432], [-75.79090362923195, -11.40453680475042], [-75.79269872615954, -11.40489503964082]]]}}, {"type": "Feature", "properties": {"codigou": "11021452X01", "concesion": "ATOCONGO Nº 13", "titular": "UNACEM PERU S.A.", "estado": "D.M. Titulado D.L. 109", "fec_denuncio": "18/06/1975", "lon": -76.888763, "lat": -12.198163, "fen_pc_dist_m": 2225.2, "fen_peligro": "Erosión fluvial", "fen_nivel": "Muy Alto", "fen_pc_dpto": "Lima", "fen_pc_prov": "Lima"}, "geometry": {"type": "Polygon", "coordinates": [[[-76.88563888818943, -12.19051204501516], [-76.89111525103571, -12.18988557278312], [-76.89345047271917, -12.20963941861247], [-76.88797372282852, -12.21026590514164], [-76.88563888818943, -12.19051204501516]]]}}, {"type": "Feature", "properties": {"codigou": "08017153X01", "concesion": "CANTERA Nº 1", "titular": "UNACEM PERU S.A.", "estado": "D.M. Exting. a publicar de L.D.", "fec_denuncio": "6/10/1960", "lon": -75.816047, "lat": -11.354432, "fen_pc_dist_m": 8128.4, "fen_peligro": "Inundación, flujo de detritos, erosión", "fen_nivel": null, "fen_pc_dpto": "Junín", "fen_pc_prov": "Tarma"}, "geometry": {"type": "Polygon", "coordinates": [[[-75.816377202689, -11.35346228544585], [-75.81719328857494, -11.35508160502797], [-75.81555226720691, -11.3558869909668], [-75.81473609600282, -11.35426766670236], [-75.816377202689, -11.35346228544585]]]}}, {"type": "Feature", "properties": {"codigou": "08017154X01", "concesion": "CANTERA Nº 2", "titular": "UNACEM PERU S.A.", "estado": "D.M. Exting. a publicar de L.D.", "fec_denuncio": "6/10/1960", "lon": -75.815033, "lat": -11.354482, "fen_pc_dist_m": 8066.8, "fen_peligro": "Inundación, flujo de detritos, erosión", "fen_nivel": null, "fen_pc_dpto": "Junín", "fen_pc_prov": "Tarma"}, "geometry": {"type": "Polygon", "coordinates": [[[-75.81597835687842, -11.3556461742496], [-75.81514549190032, -11.35602348860106], [-75.8136161206508, -11.35273626118377], [-75.81444897871516, -11.35235895158788], [-75.81597835687842, -11.3556461742496]]]}}, {"type": "Feature", "properties": {"codigou": "11010164X01", "concesion": "CHILCA Nº 5", "titular": "MINERA UNA S.A.", "estado": "D.M. Titulado D.L. 109", "fec_denuncio": "24/10/1952", "lon": -76.636418, "lat": -12.523589, "fen_pc_dist_m": 5274.6, "fen_peligro": "Inundación, erosión", "fen_nivel": "", "fen_pc_dpto": "Lima", "fen_pc_prov": "Cañete"}, "geometry": {"type": "Polygon", "coordinates": [[[-76.63912919191507, -12.521584640047], [-76.63988992008143, -12.52323082555407], [-76.63235024090393, -12.5265945441795], [-76.63158945323379, -12.52494833357119], [-76.63912919191507, -12.521584640047]]]}}, {"type": "Feature", "properties": {"codigou": "11000103Y01", "concesion": "CHILCA Nº 11", "titular": "MINERA UNA S.A.", "estado": "D.M. Titulado D.L. 109", "fec_denuncio": "24/10/1953", "lon": -76.632678, "lat": -12.578018, "fen_pc_dist_m": 1928.2, "fen_peligro": null, "fen_nivel": "", "fen_pc_dpto": "Lima", "fen_pc_prov": "Cañete"}, "geometry": {"type": "Polygon", "coordinates": [[[-76.62993965271711, -12.57645554748506], [-76.63413320430573, -12.57459521312108], [-76.6367845980421, -12.58036186482855], [-76.63259116713849, -12.58222233842535], [-76.62993965271711, -12.57645554748506]]]}}, {"type": "Feature", "properties": {"codigou": "010789095", "concesion": "SACACO Nº 16", "titular": "MINERA UNA S.A.", "estado": "D.M. Titulado D.L. 708", "fec_denuncio": "4/07/1995", "lon": -74.692395, "lat": -15.582429, "fen_pc_dist_m": 7539.6, "fen_peligro": "", "fen_nivel": "", "fen_pc_dpto": "Arequipa", "fen_pc_prov": "Caravelí"}, "geometry": {"type": "Polygon", "coordinates": [[[-74.70359301057178, -15.57882856149461], [-74.70357986085611, -15.58786928809985], [-74.67559769683805, -15.58782971328382], [-74.6756121633602, -15.57878910127227], [-74.70359301057178, -15.57882856149461]]]}}, {"type": "Feature", "properties": {"codigou": "010347694", "concesion": "SACACO Nº 1", "titular": "MINERA UNA S.A.", "estado": "D.M. Titulado D.L. 708", "fec_denuncio": "14/06/1994", "lon": -75.547303, "lat": -11.793403, "fen_pc_dist_m": 346.2, "fen_peligro": "Inundación", "fen_nivel": "", "fen_pc_dpto": "Junín", "fen_pc_prov": "Jauja"}, "geometry": {"type": "Polygon", "coordinates": [[[-75.5436239896079, -11.78979255873358], [-75.55280270307024, -11.78977487914637], [-75.55282071380765, -11.79881806460757], [-75.54364169962982, -11.79883566769764], [-75.5436239896079, -11.78979255873358]]]}}, {"type": "Feature", "properties": {"codigou": "11000257Y01", "concesion": "MIGUEL SEGUNDO", "titular": "UNACEM PERU S.A.", "estado": "D.M. Titulado D.L. 109", "fec_denuncio": "5/11/1954", "lon": -76.800754, "lat": -12.246059, "fen_pc_dist_m": 1746.7, "fen_peligro": "Inundación, erosión fluvial", "fen_nivel": "Alto", "fen_pc_dpto": "Lima", "fen_pc_prov": "Lima"}, "geometry": {"type": "Polygon", "coordinates": [[[-76.79319582014422, -12.2441022017729], [-76.80636258010607, -12.23766276226117], [-76.81209161489379, -12.24899403323363], [-76.79892451142494, -12.25543380192565], [-76.79319582014422, -12.2441022017729]]]}}, {"type": "Feature", "properties": {"codigou": "08020721X01", "concesion": "LA LIBERTAD Nº 1-A", "titular": "UNACEM PERU S.A.", "estado": "D.M. Titulado D.L. 109", "fec_denuncio": "15/12/1978", "lon": -75.793092, "lat": -11.408391, "fen_pc_dist_m": 4846.3, "fen_peligro": "Inundación", "fen_nivel": "", "fen_pc_dpto": "Junín", "fen_pc_prov": "Tarma"}, "geometry": {"type": "Polygon", "coordinates": [[[-75.79242696867412, -11.40622011434626], [-75.79510045630629, -11.40675003866424], [-75.79419865921693, -11.41117891425689], [-75.79260602330717, -11.41086327959315], [-75.79297843933855, -11.40884994497917], [-75.7919098973389, -11.40865759187057], [-75.79242696867412, -11.40622011434626]]]}}, {"type": "Feature", "properties": {"codigou": "11000368X01", "concesion": "ATOCONGO CINCO", "titular": "UNACEM PERU S.A.", "estado": "D.M. Titulado D.L. 109", "fec_denuncio": "18/06/1958", "lon": -76.901829, "lat": -12.203807, "fen_pc_dist_m": 3381.4, "fen_peligro": "Erosión fluvial", "fen_nivel": "Muy Alto", "fen_pc_dpto": "Lima", "fen_pc_prov": "Lima"}, "geometry": {"type": "Polygon", "coordinates": [[[-76.89153984475895, -12.19347718803463], [-76.90614352197241, -12.19180612087919], [-76.90751363781615, -12.20339089998564], [-76.90655897601212, -12.20305973473605], [-76.90628609462871, -12.20337029385465], [-76.90523790026882, -12.20311696133791], [-76.90385554094468, -12.20381806875608], [-76.90373297646617, -12.20376802816414], [-76.90368811387265, -12.20382916854784], [-76.9039731653773, -12.20446279800206], [-76.90382778649911, -12.20478205480519], [-76.90310668398335, -12.20474537027271], [-76.9028202437817, -12.20470206563054], [-76.9027288331316, -12.20478142409348], [-76.9026687022452, -12.20531665837499], [-76.9024732828783, -12.20531963536712], [-76.90161805285055, -12.20495197301279], [-76.90137671380914, -12.20500967915608], [-76.90126256604597, -12.2051090792968], [-76.90078299466516, -12.20595642262605], [-76.90072104921374, -12.20627645831397], [-76.90081656328536, -12.20647591566258], [-76.90090667359267, -12.20658764457396], [-76.90094536509034, -12.20665308876186], [-76.89980031257294, -12.20891280096624], [-76.89345047271917, -12.20963941861247], [-76.89153984475895, -12.19347718803463]]]}}, {"type": "Feature", "properties": {"codigou": "11020952X01", "concesion": "PUCARA Nº 4", "titular": "UNACEM PERU S.A.", "estado": "D.M. Titulado D.L. 109", "fec_denuncio": "9/03/1972", "lon": -76.815907, "lat": -12.194592, "fen_pc_dist_m": 4445.7, "fen_peligro": "Erosión fluvial", "fen_nivel": "Muy Alto", "fen_pc_dpto": "Lima", "fen_pc_prov": "Lima"}, "geometry": {"type": "Polygon", "coordinates": [[[-76.8120984587469, -12.19352944980661], [-76.81434277746057, -12.19066628452019], [-76.82161903862449, -12.19618547178249], [-76.81937486086643, -12.19904869016398], [-76.8120984587469, -12.19352944980661]]]}}, {"type": "Feature", "properties": {"codigou": "11008225X01", "concesion": "SAN FRANCISCO DE ASIS", "titular": "MINERA UNA S.A.", "estado": "D.M. Titulado D.L. 109", "fec_denuncio": "13/03/1951", "lon": -76.625896, "lat": -12.57285, "fen_pc_dist_m": 1430.3, "fen_peligro": "Inundación", "fen_nivel": "", "fen_pc_dpto": "Lima", "fen_pc_prov": "Cañete"}, "geometry": {"type": "Polygon", "coordinates": [[[-76.62583601407455, -12.56572886190158], [-76.63258726333561, -12.56861061959121], [-76.62598639731199, -12.58353252255452], [-76.61923469732083, -12.58065064083617], [-76.62583601407455, -12.56572886190158]]]}}, {"type": "Feature", "properties": {"codigou": "11006210X01", "concesion": "LIMESTOME Nº 2", "titular": "UNACEM PERU S.A.", "estado": "D.M. Titulado D.L. 109", "fec_denuncio": "19/12/1945", "lon": -76.806419, "lat": -12.213875, "fen_pc_dist_m": 2828.3, "fen_peligro": "Inundación, erosión fluvial", "fen_nivel": "Alto", "fen_pc_dpto": "Lima", "fen_pc_prov": "Lima"}, "geometry": {"type": "Polygon", "coordinates": [[[-76.80673422476441, -12.21228841152293], [-76.80818957774116, -12.21339229415383], [-76.80594493784578, -12.21625544178907], [-76.80448966634225, -12.21515145740267], [-76.80673422476441, -12.21228841152293]]]}}, {"type": "Feature", "properties": {"codigou": "08009114X01", "concesion": "ATOCSAICO", "titular": "UNACEM PERU S.A.", "estado": "D.M. Titulado D.L. 109", "fec_denuncio": "25/09/1925", "lon": -75.770561, "lat": -11.382845, "fen_pc_dist_m": 4667.0, "fen_peligro": "Inundación", "fen_nivel": "", "fen_pc_dpto": "Junín", "fen_pc_prov": "Tarma"}, "geometry": {"type": "Polygon", "coordinates": [[[-75.76873568915097, -11.38267965574707], [-75.77185780126929, -11.38078375231713], [-75.77329891501978, -11.38309416558987], [-75.77017678929852, -11.38499008503832], [-75.76873568915097, -11.38267965574707]]]}}, {"type": "Feature", "properties": {"codigou": "11000002Y01", "concesion": "SAN CARLOS", "titular": "UNACEM PERU S.A.", "estado": "D.M. Titulado D.L. 109", "fec_denuncio": "20/10/1946", "lon": -76.900412, "lat": -12.190278, "fen_pc_dist_m": 3717.4, "fen_peligro": "Inundación, Erosión fluvial", "fen_nivel": "Alto", "fen_pc_dpto": "Lima", "fen_pc_prov": "Lima"}, "geometry": {"type": "Polygon", "coordinates": [[[-76.89659157239724, -12.18925908586685], [-76.9057187404514, -12.18821446612873], [-76.90614352197241, -12.19180612087919], [-76.8970162356703, -12.19285059168109], [-76.89659157239724, -12.18925908586685]]]}}, {"type": "Feature", "properties": {"codigou": "11000001Y01", "concesion": "ATOCONGO", "titular": "UNACEM PERU S.A.", "estado": "D.M. Titulado D.L. 109", "fec_denuncio": "2/11/1946", "lon": -76.898714, "lat": -12.175912, "fen_pc_dist_m": 4402.8, "fen_peligro": "Inundación", "fen_nivel": null, "fen_pc_dpto": "Lima", "fen_pc_prov": "Lima"}, "geometry": {"type": "Polygon", "coordinates": [[[-76.89404416610805, -12.16770943959575], [-76.90317063447047, -12.16666519141417], [-76.9057187404514, -12.18821446612873], [-76.89659157239724, -12.18925908586685], [-76.89404416610805, -12.16770943959575]]]}}, {"type": "Feature", "properties": {"codigou": "11010198X01", "concesion": "CHILCA Nº 6", "titular": "MINERA UNA S.A.", "estado": "D.M. Titulado D.L. 109", "fec_denuncio": "13/11/1952", "lon": -76.634228, "lat": -12.553257, "fen_pc_dist_m": 3418.9, "fen_peligro": "Inundación, flujo de detritos, erosión", "fen_nivel": null, "fen_pc_dpto": "Lima", "fen_pc_prov": "Cañete"}, "geometry": {"type": "Polygon", "coordinates": [[[-76.63781593570435, -12.55874005039565], [-76.62516633834021, -12.55331662081784], [-76.62884693510364, -12.54503228999771], [-76.64149625281779, -12.55045567948517], [-76.63781593570435, -12.55874005039565]]]}}, {"type": "Feature", "properties": {"codigou": "11000586X01", "concesion": "JOSE ALFREDO", "titular": "MINERA UNA S.A.", "estado": "D.M. Titulado D.L. 109", "fec_denuncio": "8/09/1938", "lon": -76.63218, "lat": -12.561014, "fen_pc_dist_m": 2722.7, "fen_peligro": "Inundación, flujo de detritos, erosión", "fen_nivel": null, "fen_pc_dpto": "Lima", "fen_pc_prov": "Cañete"}, "geometry": {"type": "Polygon", "coordinates": [[[-76.63181817720648, -12.55617608066957], [-76.6369237489645, -12.5582394580834], [-76.6327228771462, -12.56827044426874], [-76.62761712095595, -12.5662070989689], [-76.63181817720648, -12.55617608066957]]]}}, {"type": "Feature", "properties": {"codigou": "11000710X01", "concesion": "SORPRESA III", "titular": "MINERA UNA S.A.", "estado": "D.M. Titulado D.L. 109", "fec_denuncio": "27/02/1948", "lon": -76.6379, "lat": -12.575069, "fen_pc_dist_m": 2564.1, "fen_peligro": "Inundación", "fen_nivel": "", "fen_pc_dpto": "Lima", "fen_pc_prov": "Cañete"}, "geometry": {"type": "Polygon", "coordinates": [[[-76.63557824554765, -12.57523950779871], [-76.64067136257427, -12.57314451953945], [-76.64138227462024, -12.57481204346335], [-76.6362891345172, -12.57690713874329], [-76.63557824554765, -12.57523950779871]]]}}, {"type": "Feature", "properties": {"codigou": "11005082X01", "concesion": "BARRANCO", "titular": "UNACEM PERU S.A.", "estado": "D.M. Titulado D.L. 109", "fec_denuncio": "2/10/1939", "lon": -76.887445, "lat": -12.180834, "fen_pc_dist_m": 3065.3, "fen_peligro": "Inundación", "fen_nivel": null, "fen_pc_dpto": "Lima", "fen_pc_prov": "Lima"}, "geometry": {"type": "Polygon", "coordinates": [[[-76.883657454461, -12.17476474687434], [-76.89094324687181, -12.17381015602741], [-76.89312679914865, -12.18993775183601], [-76.88584059176931, -12.19089246319758], [-76.883657454461, -12.17476474687434]]]}}, {"type": "Feature", "properties": {"codigou": "08012745X01", "concesion": "SARITA", "titular": "UNACEM PERU S.A.", "estado": "D.M. Titulado D.L. 109", "fec_denuncio": "17/10/1945", "lon": -75.774078, "lat": -11.38213, "fen_pc_dist_m": 4928.7, "fen_peligro": "Inundación", "fen_nivel": "", "fen_pc_dpto": "Junín", "fen_pc_prov": "Tarma"}, "geometry": {"type": "Polygon", "coordinates": [[[-75.77222417958026, -11.37872894160571], [-75.77327455175188, -11.38306610586489], [-75.77185872726783, -11.38078727666385], [-75.76873852157294, -11.38267639285925], [-75.77017449145667, -11.38498764944055], [-75.77328400506893, -11.3831049659623], [-75.77370257117636, -11.38483370268535], [-75.77548863654712, -11.38441302126493], [-75.7738737652986, -11.37777310294582], [-75.7739920825504, -11.37770451709212], [-75.77550684424934, -11.38436775823912], [-75.77908826918849, -11.38358059700371], [-75.77731610734722, -11.37577836867727], [-75.77735938886632, -11.37575320525949], [-75.78160630901957, -11.38271483337779], [-75.78324062877704, -11.38174460517077], [-75.7837230035544, -11.38255547165002], [-75.76476232158974, -11.39354742727978], [-75.76011314272245, -11.38574630651821], [-75.77222417958026, -11.37872894160571]]]}}, {"type": "Feature", "properties": {"codigou": "11000017Y01", "concesion": "BENVENUTO CELLINI", "titular": "UNACEM PERU S.A.", "estado": "D.M. Titulado D.L. 109", "fec_denuncio": "24/10/1921", "lon": -76.806942, "lat": -12.220898, "fen_pc_dist_m": 2306.1, "fen_peligro": "Inundación, erosión fluvial", "fen_nivel": "Alto", "fen_pc_dpto": "Lima", "fen_pc_prov": "Lima"}, "geometry": {"type": "Polygon", "coordinates": [[[-76.80265551308484, -12.21713970579672], [-76.8117445157515, -12.21580613053714], [-76.81337162378667, -12.22653457816611], [-76.80428227829574, -12.22786825672955], [-76.80265551308484, -12.21713970579672]]]}}, {"type": "Feature", "properties": {"codigou": "11000041Y01", "concesion": "SAN EDUARDO", "titular": "UNACEM PERU S.A.", "estado": "D.M. Titulado D.L. 109", "fec_denuncio": "11/12/1922", "lon": -76.796134, "lat": -12.245844, "fen_pc_dist_m": 1455.3, "fen_peligro": "Inundación, erosión fluvial", "fen_nivel": "Alto", "fen_pc_dpto": "Lima", "fen_pc_prov": "Lima"}, "geometry": {"type": "Polygon", "coordinates": [[[-76.79323211975247, -12.24113368166761], [-76.79869247646785, -12.24037791823748], [-76.80048571766508, -12.25290923596699], [-76.79502511914498, -12.25366516011404], [-76.79323211975247, -12.24113368166761]]]}}, {"type": "Feature", "properties": {"codigou": "11005667X01", "concesion": "PUCARA NUMERO UNO", "titular": "UNACEM PERU S.A.", "estado": "D.M. Titulado D.L. 109", "fec_denuncio": "26/12/1942", "lon": -76.812752, "lat": -12.199504, "fen_pc_dist_m": 4534.0, "fen_peligro": "Inundación, erosión fluvial", "fen_nivel": "Alto", "fen_pc_dpto": "Lima", "fen_pc_prov": "Lima"}, "geometry": {"type": "Polygon", "coordinates": [[[-76.81428134894047, -12.19518524680281], [-76.81719190978697, -12.19739294294951], [-76.81045896201789, -12.20598247825655], [-76.8075484342035, -12.20377471701821], [-76.81428134894047, -12.19518524680281]]]}}, {"type": "Feature", "properties": {"codigou": "08010935X01", "concesion": "G.C.P. Nº 5", "titular": "UNACEM PERU S.A.", "estado": "D.M. Titulado D.L. 109", "fec_denuncio": "11/03/1937", "lon": -75.794475, "lat": -11.368743, "fen_pc_dist_m": 7449.4, "fen_peligro": "Inundación", "fen_nivel": "", "fen_pc_dpto": "Junín", "fen_pc_prov": "Tarma"}, "geometry": {"type": "Polygon", "coordinates": [[[-75.78160558519647, -11.38271827163844], [-75.77451779646913, -11.37109567575551], [-75.81377812554994, -11.34778145437694], [-75.82086679805195, -11.3594030553824], [-75.78160558519647, -11.38271827163844]]]}}, {"type": "Feature", "properties": {"codigou": "010059904", "concesion": "MIGUEL TERCERO", "titular": "UNACEM PERU S.A.", "estado": "D.M. Titulado D.L. 708", "fec_denuncio": "10/03/2004", "lon": -76.793415, "lat": -12.244376, "fen_pc_dist_m": 1199.3, "fen_peligro": "Inundación, erosión fluvial", "fen_nivel": "Alto", "fen_pc_dpto": "Lima", "fen_pc_prov": "Lima"}, "geometry": {"type": "Polygon", "coordinates": [[[-76.78548617862857, -12.23668026973171], [-76.79467594901867, -12.23662030540807], [-76.7947370039871, -12.24565916229027], [-76.80392703866423, -12.24559893558516], [-76.80398845465513, -12.2546377404427], [-76.78560761989637, -12.25475797857208], [-76.78548617862857, -12.23668026973171]]]}}, {"type": "Feature", "properties": {"codigou": "11025993X01", "concesion": "CHILCA 18", "titular": "MINERA UNA S.A.", "estado": "D.M. Titulado D.L. 109", "fec_denuncio": "5/11/1990", "lon": -76.637617, "lat": -12.562085, "fen_pc_dist_m": 3146.3, "fen_peligro": "Inundación, flujo de detritos, erosión", "fen_nivel": null, "fen_pc_dpto": "Lima", "fen_pc_prov": "Cañete"}, "geometry": {"type": "Polygon", "coordinates": [[[-76.6398747015697, -12.55988228282872], [-76.64025017451665, -12.56297768991608], [-76.63595763134516, -12.56489248447787], [-76.63585031917309, -12.56490507176911], [-76.63546450401579, -12.56172392977981], [-76.63604822406091, -12.56033006914862], [-76.6398747015697, -12.55988228282872]]]}}, {"type": "Feature", "properties": {"codigou": "010535206", "concesion": "MICHAELANGELO", "titular": "MINERA UNA S.A.", "estado": "D.M. Titulado D.L. 708", "fec_denuncio": "26/12/2006", "lon": -75.56036, "lat": -13.578391, "fen_pc_dist_m": 1534.6, "fen_peligro": "Inundación, Erosión fluvial", "fen_nivel": "Muy Alto", "fen_pc_dpto": "Ica", "fen_pc_prov": "Pisco"}, "geometry": {"type": "Polygon", "coordinates": [[[-75.55664593312683, -13.57116552920155], [-75.56588865416451, -13.57114474442149], [-75.56593143618599, -13.58922864862451], [-75.55668801496387, -13.5892494621231], [-75.55664593312683, -13.57116552920155]]]}}, {"type": "Feature", "properties": {"codigou": "11026054X01", "concesion": "BERTHA I-A", "titular": "UNACEM PERU S.A.", "estado": "D.M. Titulado D.L. 109", "fec_denuncio": "6/05/1991", "lon": -76.880525, "lat": -12.214083, "fen_pc_dist_m": 821.8, "fen_peligro": "Erosión fluvial", "fen_nivel": "Muy Alto", "fen_pc_dpto": "Lima", "fen_pc_prov": "Lima"}, "geometry": {"type": "Polygon", "coordinates": [[[-76.881816962045, -12.21553563615329], [-76.87702664166474, -12.21368584142168], [-76.88143998521073, -12.21157552255327], [-76.881816962045, -12.21553563615329]]]}}, {"type": "Feature", "properties": {"codigou": "010277203", "concesion": "GABRIELLA 6", "titular": "MINERA CRONOS S.A.C.", "estado": "D.M. Titulado D.L. 708", "fec_denuncio": "18/08/2003", "lon": -76.335625, "lat": -12.694899, "fen_pc_dist_m": 15640.1, "fen_peligro": "Inundación, erosión fluvial", "fen_nivel": "Muy alto", "fen_pc_dpto": "Lima", "fen_pc_prov": "Cañete"}, "geometry": {"type": "Polygon", "coordinates": [[[-76.3282397420553, -12.691319585946], [-76.3466553368803, -12.69122684321559], [-76.34670290988144, -12.70026725624298], [-76.3282866654316, -12.70036015757189], [-76.3282397420553, -12.691319585946]]]}}, {"type": "Feature", "properties": {"codigou": "010000304LD", "concesion": "ACUMULACION OYON 3", "titular": "MINERA UNA S.A.", "estado": "Acumulación D.M. Titulada", "fec_denuncio": "16/08/2004", "lon": -76.704545, "lat": -10.744222, "fen_pc_dist_m": 11062.8, "fen_peligro": "Inundación, erosión", "fen_nivel": "", "fen_pc_dpto": "Lima", "fen_pc_prov": "Oyón"}, "geometry": {"type": "Polygon", "coordinates": [[[-76.69566435539804, -10.72682165200099], [-76.70723318303695, -10.73608257944441], [-76.70408899152068, -10.73990177296285], [-76.7184843983126, -10.75105315817262], [-76.71479900476281, -10.75561703502302], [-76.71477516442275, -10.75566941999028], [-76.70831051623968, -10.76365174419716], [-76.68188328007861, -10.74237578461715], [-76.69566435539804, -10.72682165200099]]]}}, {"type": "Feature", "properties": {"codigou": "010000304LE", "concesion": "ACUMULACION OYON 4", "titular": "MINERA UNA S.A.", "estado": "Acumulación D.M. Titulada", "fec_denuncio": "16/08/2004", "lon": -76.72533, "lat": -10.730839, "fen_pc_dist_m": 8351.7, "fen_peligro": "Inundación, erosión", "fen_nivel": "", "fen_pc_dpto": "Lima", "fen_pc_prov": "Oyón"}, "geometry": {"type": "Polygon", "coordinates": [[[-76.72607216373704, -10.71288117812099], [-76.73943379276776, -10.72231994227441], [-76.73946235213697, -10.72731751109479], [-76.73160082494046, -10.72736126779189], [-76.73033954594119, -10.73062279246539], [-76.73037237217075, -10.73640849148546], [-76.72546976605511, -10.74240234694611], [-76.7184843983126, -10.75105315817262], [-76.70408899152068, -10.73990177296285], [-76.70723318303695, -10.73608257944441], [-76.72607216373704, -10.71288117812099]]]}}, {"type": "Feature", "properties": {"codigou": "11026022X01", "concesion": "BERTHA I", "titular": "UNACEM PERU S.A.", "estado": "D.M. Titulado D.L. 109", "fec_denuncio": "18/02/1991", "lon": -76.889391, "lat": -12.209736, "fen_pc_dist_m": 1883.9, "fen_peligro": "Erosión fluvial", "fen_nivel": "Muy Alto", "fen_pc_dpto": "Lima", "fen_pc_prov": "Lima"}, "geometry": {"type": "Polygon", "coordinates": [[[-76.88301941944322, -12.21125776606265], [-76.89498899113723, -12.20637742551718], [-76.89653724202586, -12.21005166852893], [-76.88301941944322, -12.21125776606265]]]}}, {"type": "Feature", "properties": {"codigou": "010216697", "concesion": "LAS DUNAS Nº 3 SEGUNDA", "titular": "UNACEM PERU S.A.", "estado": "D.M. Titulado D.L. 708", "fec_denuncio": "14/05/1997", "lon": -76.15215, "lat": -13.634218, "fen_pc_dist_m": 5957.0, "fen_peligro": "Inundación, erosión", "fen_nivel": "", "fen_pc_dpto": "Ica", "fen_pc_prov": "Pisco"}, "geometry": {"type": "Polygon", "coordinates": [[[-76.1484000624339, -13.62338676388494], [-76.15764337097522, -13.62334390650953], [-76.15777531542334, -13.65046540036684], [-76.14853095245022, -13.65050834624439], [-76.1484000624339, -13.62338676388494]]]}}, {"type": "Feature", "properties": {"codigou": "08022676X01", "concesion": "ANDINO C-4", "titular": "UNACEM PERU S.A.", "estado": "D.M. Titulado D.L. 109", "fec_denuncio": "10/07/1986", "lon": -75.833457, "lat": -11.363653, "fen_pc_dist_m": 10129.5, "fen_peligro": "Inundación, flujo de detritos, erosión", "fen_nivel": null, "fen_pc_dpto": "Junín", "fen_pc_prov": "Tarma"}, "geometry": {"type": "Polygon", "coordinates": [[[-75.8270713995139, -11.36072324962424], [-75.83692109858686, -11.35589746750017], [-75.84303450588845, -11.36804661278444], [-75.83318452212788, -11.3728726175533], [-75.8270713995139, -11.36072324962424]]]}}, {"type": "Feature", "properties": {"codigou": "11025885X01", "concesion": "CRISTINA", "titular": "UNACEM PERU S.A.", "estado": "D.M. Titulado D.L. 109", "fec_denuncio": "13/02/1990", "lon": -76.809012, "lat": -12.204792, "fen_pc_dist_m": 3819.9, "fen_peligro": "Inundación, erosión fluvial", "fen_nivel": "Alto", "fen_pc_dpto": "Lima", "fen_pc_prov": "Lima"}, "geometry": {"type": "Polygon", "coordinates": [[[-76.80700023723027, -12.18775969881344], [-76.82444661964347, -12.19344004625226], [-76.8120317769582, -12.23034064422075], [-76.79458291974706, -12.22465982841906], [-76.80700023723027, -12.18775969881344]]]}}, {"type": "Feature", "properties": {"codigou": "020003793", "concesion": "PEDREGAL Nº 32", "titular": "MINERA UNA S.A.", "estado": "D.M. Titulado D.L. 708", "fec_denuncio": "2/12/1993", "lon": -75.556481, "lat": -11.793385, "fen_pc_dist_m": 983.7, "fen_peligro": "Inundación", "fen_nivel": "", "fen_pc_dpto": "Junín", "fen_pc_prov": "Jauja"}, "geometry": {"type": "Polygon", "coordinates": [[[-75.55280270307024, -11.78977487914637], [-75.56198130987823, -11.78975690376789], [-75.56199962114769, -11.79880007506202], [-75.55282071380765, -11.79881806460757], [-75.55280270307024, -11.78977487914637]]]}}, {"type": "Feature", "properties": {"codigou": "020027195", "concesion": "SANTA SABINA A", "titular": "UNACEM PERU S.A.", "estado": "D.M. Titulado D.L. 708", "fec_denuncio": "8/09/1995", "lon": -75.849022, "lat": -11.403824, "fen_pc_dist_m": 7965.8, "fen_peligro": "Inundación", "fen_nivel": "", "fen_pc_dpto": "Junín", "fen_pc_prov": "Tarma"}, "geometry": {"type": "Polygon", "coordinates": [[[-75.84534524818142, -11.40021774389102], [-75.85451065480825, -11.40019122754181], [-75.8545375957005, -11.40923406786588], [-75.84537189894176, -11.4092605153623], [-75.84534524818142, -11.40021774389102]]]}}, {"type": "Feature", "properties": {"codigou": "010034198", "concesion": "SAN AGUSTIN Nº 1", "titular": "MINERA UNA S.A.", "estado": "D.M. Titulado D.L. 708", "fec_denuncio": "29/01/1998", "lon": -75.198284, "lat": -11.960423, "fen_pc_dist_m": 6948.0, "fen_peligro": "Inundación", "fen_nivel": "", "fen_pc_dpto": "Junín", "fen_pc_prov": "Huancayo"}, "geometry": {"type": "Polygon", "coordinates": [[[-75.1949328328539, -11.94398272643614], [-75.21330130584458, -11.94396948181267], [-75.21331528584585, -11.96205628038444], [-75.20413044222205, -11.96206301809167], [-75.20413713558038, -11.9711064591757], [-75.19495198122821, -11.97111299192191], [-75.19495837447663, -11.98015634182368], [-75.18577290932657, -11.98016257870754], [-75.18575475293511, -11.95303231609577], [-75.19493921041764, -11.95302618422406], [-75.1949328328539, -11.94398272643614]]]}}, {"type": "Feature", "properties": {"codigou": "010505295", "concesion": "ANDINO 95H", "titular": "UNACEM PERU S.A.", "estado": "D.M. Titulado D.L. 708", "fec_denuncio": "2/01/1995", "lon": -75.774066, "lat": -11.403428, "fen_pc_dist_m": 3174.9, "fen_peligro": "Inundación", "fen_nivel": "", "fen_pc_dpto": "Junín", "fen_pc_prov": "Tarma"}, "geometry": {"type": "Polygon", "coordinates": [[[-75.7536665208273, -11.39142384177664], [-75.799492883277, -11.39130288433341], [-75.79951806355503, -11.40034585622754], [-75.78118696491791, -11.40039508213455], [-75.78121158680585, -11.40943808854403], [-75.77204580766843, -11.40946224692463], [-75.77207016031832, -11.4185052674369], [-75.75373777697895, -11.41855285547195], [-75.7536665208273, -11.39142384177664]]]}}, {"type": "Feature", "properties": {"codigou": "010505595A", "concesion": "ANDINO 95D-A", "titular": "UNACEM PERU S.A.", "estado": "D.M. Titulado D.L. 708", "fec_denuncio": "2/01/1995", "lon": -75.830519, "lat": -11.344194, "fen_pc_dist_m": 8397.5, "fen_peligro": "Inundación, flujo de detritos, erosión", "fen_nivel": null, "fen_pc_dpto": "Junín", "fen_pc_prov": "Tarma"}, "geometry": {"type": "Polygon", "coordinates": [[[-75.82683257957349, -11.33696961217482], [-75.83599600894966, -11.3369438152892], [-75.836048440682, -11.3550296546188], [-75.82688443448802, -11.35505540327873], [-75.82683257957349, -11.33696961217482]]]}}, {"type": "Feature", "properties": {"codigou": "010505795", "concesion": "ANDINO 95F", "titular": "UNACEM PERU S.A.", "estado": "D.M. Titulado D.L. 708", "fec_denuncio": "2/01/1995", "lon": -75.783584, "lat": -11.362572, "fen_pc_dist_m": 7089.4, "fen_peligro": "Inundación", "fen_nivel": "", "fen_pc_dpto": "Junín", "fen_pc_prov": "Tarma"}, "geometry": {"type": "Polygon", "coordinates": [[[-75.79020349854326, -11.34611280177529], [-75.79936730326351, -11.34608821214257], [-75.79946772463052, -11.38225999726205], [-75.79030276503758, -11.3822847580183], [-75.79027791666361, -11.37324175474071], [-75.77194860402606, -11.37329028966744], [-75.77192435483843, -11.36424733157235], [-75.76275991040441, -11.36427110667854], [-75.76273597051694, -11.35522812351849], [-75.79022828354421, -11.35515582182959], [-75.79020349854326, -11.34611280177529]]]}}, {"type": "Feature", "properties": {"codigou": "010506395", "concesion": "ANDINO 95G", "titular": "UNACEM PERU S.A.", "estado": "D.M. Titulado D.L. 708", "fec_denuncio": "2/01/1995", "lon": -75.75729, "lat": -11.375137, "fen_pc_dist_m": 5021.1, "fen_peligro": "Inundación", "fen_nivel": "", "fen_pc_dpto": "Junín", "fen_pc_prov": "Tarma"}, "geometry": {"type": "Polygon", "coordinates": [[[-75.75359553746358, -11.36429468701611], [-75.76275991040441, -11.36427110667854], [-75.76283185289567, -11.39140020346962], [-75.7536665208273, -11.39142384177664], [-75.75359553746358, -11.36429468701611]]]}}, {"type": "Feature", "properties": {"codigou": "010115697", "concesion": "AIRAYA XXVI", "titular": "MINERA UNA S.A.", "estado": "D.M. Titulado D.L. 708", "fec_denuncio": "19/03/1997", "lon": -75.818796, "lat": -12.337115, "fen_pc_dist_m": 6537.0, "fen_peligro": "Inundación, Erosión fluvial", "fen_nivel": "Alto", "fen_pc_dpto": "Lima", "fen_pc_prov": "Yauyos"}, "geometry": {"type": "Polygon", "coordinates": [[[-75.81139368808155, -12.32266952608342], [-75.8297863304446, -12.322614155672], [-75.82990021491449, -12.35878326647811], [-75.81150495695096, -12.35883880436126], [-75.81139368808155, -12.32266952608342]]]}}, {"type": "Feature", "properties": {"codigou": "010375197", "concesion": "ANDINO C-2", "titular": "UNACEM PERU S.A.", "estado": "D.M. Titulado D.L. 708", "fec_denuncio": "28/10/1997", "lon": -75.821355, "lat": -11.344219, "fen_pc_dist_m": 7656.1, "fen_peligro": "Inundación, flujo de detritos, erosión", "fen_nivel": null, "fen_pc_dpto": "Junín", "fen_pc_prov": "Tarma"}, "geometry": {"type": "Polygon", "coordinates": [[[-75.8176691280978, -11.33699512481602], [-75.82683257957349, -11.33696961217482], [-75.82688443448802, -11.35505540327873], [-75.8177204064511, -11.3550809576574], [-75.8176691280978, -11.33699512481602]]]}}, {"type": "Feature", "properties": {"codigou": "11000098Y01", "concesion": "CHILCA Nº 2-D", "titular": "MINERA UNA S.A.", "estado": "D.M. Titulado D.L. 109", "fec_denuncio": "29/09/1959", "lon": -76.643508, "lat": -12.575618, "fen_pc_dist_m": 3104.3, "fen_peligro": null, "fen_nivel": "", "fen_pc_dpto": "Lima", "fen_pc_prov": "Cañete"}, "geometry": {"type": "Polygon", "coordinates": [[[-76.64574921707747, -12.57345109070171], [-76.64687143871687, -12.57592863833963], [-76.64014522287897, -12.57886792950003], [-76.63902322979567, -12.57639034664252], [-76.64574921707747, -12.57345109070171]]]}}, {"type": "Feature", "properties": {"codigou": "010379596", "concesion": "SANTA ELENA Nº 1", "titular": "MINERA UNA S.A.", "estado": "D.M. Titulado D.L. 708", "fec_denuncio": "14/11/1996", "lon": -75.336143, "lat": -11.757556, "fen_pc_dist_m": 3883.3, "fen_peligro": "Inundación", "fen_nivel": null, "fen_pc_dpto": "Junín", "fen_pc_prov": "Jauja"}, "geometry": {"type": "Polygon", "coordinates": [[[-75.332467677973, -11.75394298295978], [-75.34164546549495, -11.75393223595494], [-75.34165652654228, -11.7629756153879], [-75.33247843953855, -11.76298646139168], [-75.332467677973, -11.75394298295978]]]}}, {"type": "Feature", "properties": {"codigou": "08023146X01", "concesion": "ANDINO R-1", "titular": "UNACEM PERU S.A.", "estado": "D.M. Exting. a publicar de L.D.", "fec_denuncio": "23/08/1990", "lon": -75.8192, "lat": -11.360229, "fen_pc_dist_m": 8850.7, "fen_peligro": "Inundación, flujo de detritos, erosión", "fen_nivel": null, "fen_pc_dpto": "Junín", "fen_pc_prov": "Tarma"}, "geometry": {"type": "Polygon", "coordinates": [[[-75.81932843786383, -11.35688110186064], [-75.82162528158993, -11.35609086927001], [-75.82403662232426, -11.36291570521846], [-75.81520513241624, -11.36595382661744], [-75.81401194052698, -11.36347438692148], [-75.82086679805195, -11.3594030553824], [-75.81932843786383, -11.35688110186064]]]}}, {"type": "Feature", "properties": {"codigou": "010047405", "concesion": "PUCARA 5", "titular": "UNACEM PERU S.A.", "estado": "D.M. Titulado D.L. 708", "fec_denuncio": "11/02/2005", "lon": -76.793294, "lat": -12.226299, "fen_pc_dist_m": 907.4, "fen_peligro": "Inundación, erosión fluvial", "fen_nivel": "Alto", "fen_pc_dpto": "Lima", "fen_pc_prov": "Lima"}, "geometry": {"type": "Polygon", "coordinates": [[[-76.78536483803045, -12.2186024461797], [-76.80374308407141, -12.21848257397283], [-76.80386567147322, -12.23656012448687], [-76.79467594901867, -12.23662030540807], [-76.79461494320378, -12.22758153268021], [-76.7854254841857, -12.22764136106874], [-76.78536483803045, -12.2186024461797]]]}}, {"type": "Feature", "properties": {"codigou": "010321796", "concesion": "THABER IV", "titular": "UNACEM PERU S.A.", "estado": "D.M. Titulado D.L. 708", "fec_denuncio": "2/10/1996", "lon": -76.902647, "lat": -12.170814, "fen_pc_dist_m": 4989.5, "fen_peligro": "Inundación, Erosión fluvial", "fen_nivel": "Alto", "fen_pc_dpto": "Lima", "fen_pc_prov": "Lima"}, "geometry": {"type": "Polygon", "coordinates": [[[-76.89524628803282, -12.16363439253], [-76.91361960386972, -12.16350765601486], [-76.91374905420444, -12.18158423685657], [-76.89537449665278, -12.18171107677015], [-76.89524628803282, -12.16363439253]]]}}, {"type": "Feature", "properties": {"codigou": "010321996", "concesion": "THABER VI", "titular": "UNACEM PERU S.A.", "estado": "D.M. Titulado D.L. 708", "fec_denuncio": "2/10/1996", "lon": -76.865115, "lat": -12.171586, "fen_pc_dist_m": 1407.9, "fen_peligro": "Inundación, Erosión fluvial", "fen_nivel": "Alto", "fen_pc_dpto": "Lima", "fen_pc_prov": "Lima"}, "geometry": {"type": "Polygon", "coordinates": [[[-76.84931210568479, -12.16394576003579], [-76.89524628803282, -12.16363439253], [-76.89537449665278, -12.18171107677015], [-76.85862476949295, -12.18196118092492], [-76.85856188155277, -12.17292269612898], [-76.84937463384041, -12.17298438860093], [-76.84931210568479, -12.16394576003579]]]}}, {"type": "Feature", "properties": {"codigou": "11015125X01", "concesion": "CHILCA 14-B", "titular": "MINERA UNA S.A.", "estado": "D.M. Titulado D.L. 109", "fec_denuncio": "2/05/1960", "lon": -76.640941, "lat": -12.556162, "fen_pc_dist_m": 3807.1, "fen_peligro": "Inundación, flujo de detritos, erosión", "fen_nivel": null, "fen_pc_dpto": "Lima", "fen_pc_prov": "Cañete"}, "geometry": {"type": "Polygon", "coordinates": [[[-76.63881050035504, -12.55590564918763], [-76.64301401885467, -12.5540686619029], [-76.64413601625964, -12.55654632908994], [-76.63993246941826, -12.55838324725658], [-76.63881050035504, -12.55590564918763]]]}}, {"type": "Feature", "properties": {"codigou": "010076597", "concesion": "TAPO C", "titular": "MINERA UNA S.A.", "estado": "D.M. Titulado D.L. 708", "fec_denuncio": "6/02/1997", "lon": -75.59616, "lat": -11.458705, "fen_pc_dist_m": 7582.5, "fen_peligro": "Inundación", "fen_nivel": "", "fen_pc_dpto": "Junín", "fen_pc_prov": "Tarma"}, "geometry": {"type": "Polygon", "coordinates": [[[-75.58881783757823, -11.45510309695374], [-75.60715311100874, -11.45506569748719], [-75.6071723219404, -11.46410900506129], [-75.58883646567779, -11.46414643489264], [-75.58881783757823, -11.45510309695374]]]}}, {"type": "Feature", "properties": {"codigou": "11015128X01", "concesion": "CHILCA Nº 14-E", "titular": "MINERA UNA S.A.", "estado": "D.M. Titulado D.L. 109", "fec_denuncio": "2/06/1960", "lon": -76.64023, "lat": -12.553702, "fen_pc_dist_m": 3913.3, "fen_peligro": "Inundación, flujo de detritos, erosión", "fen_nivel": null, "fen_pc_dpto": "Lima", "fen_pc_prov": "Cañete"}, "geometry": {"type": "Polygon", "coordinates": [[[-76.6397439296747, -12.55351908248287], [-76.64058459309538, -12.55315172424391], [-76.64095864151189, -12.55397755810588], [-76.64011788422418, -12.55434491832545], [-76.6397439296747, -12.55351908248287]]]}}, {"type": "Feature", "properties": {"codigou": "11015129X01", "concesion": "CHILCA 14-F", "titular": "MINERA UNA S.A.", "estado": "D.M. Titulado D.L. 109", "fec_denuncio": "2/06/1960", "lon": -76.641163, "lat": -12.551316, "fen_pc_dist_m": 4163.0, "fen_peligro": "Inundación, flujo de detritos, erosión", "fen_nivel": null, "fen_pc_dpto": "Lima", "fen_pc_prov": "Cañete"}, "geometry": {"type": "Polygon", "coordinates": [[[-76.64067734418592, -12.55113251425689], [-76.64151799858811, -12.55076515415524], [-76.64189204538701, -12.55159098691415], [-76.64105129769226, -12.55195843938945], [-76.64067734418592, -12.55113251425689]]]}}, {"type": "Feature", "properties": {"codigou": "010805695", "concesion": "CONCHAN I", "titular": "UNACEM PERU S.A.", "estado": "D.M. Titulado D.L. 708", "fec_denuncio": "24/07/1995", "lon": -76.930731, "lat": -12.242928, "fen_pc_dist_m": 4061.5, "fen_peligro": "Inundación, Erosión fluvial", "fen_nivel": "Alto", "fen_pc_dpto": "Lima", "fen_pc_prov": "Lima"}, "geometry": {"type": "Polygon", "coordinates": [[[-76.9233276223484, -12.23574947815784], [-76.94170560365531, -12.23562021547829], [-76.94183775461983, -12.25369631145172], [-76.92345852506584, -12.25382586119502], [-76.9233276223484, -12.23574947815784]]]}}, {"type": "Feature", "properties": {"codigou": "08022441X01", "concesion": "CEMENTO ANDINO A-7", "titular": "UNACEM PERU S.A.", "estado": "D.M. Exting. a publicar de L.D.", "fec_denuncio": "30/01/1984", "lon": -75.75643, "lat": -11.399739, "fen_pc_dist_m": 2327.4, "fen_peligro": "Inundación", "fen_nivel": "", "fen_pc_dpto": "Junín", "fen_pc_prov": "Tarma"}, "geometry": {"type": "Polygon", "coordinates": [[[-75.73570635047659, -11.40226676535669], [-75.76176854868531, -11.38150274064703], [-75.76322341790667, -11.3839470996587], [-75.76011681118163, -11.38574720134152], [-75.76475809874478, -11.39354490622055], [-75.77214443821286, -11.38926471203602], [-75.77858632086787, -11.39713448230948], [-75.75213707886638, -11.41820817447047], [-75.75463892325743, -11.41429036869962], [-75.75076117824266, -11.41188030855632], [-75.74761133817802, -11.41681309876943], [-75.73570635047659, -11.40226676535669]]]}}, {"type": "Feature", "properties": {"codigou": "08022630X01", "concesion": "ANDINO C-1", "titular": "UNACEM PERU S.A.", "estado": "D.M. Exting. a publicar de L.D.", "fec_denuncio": "21/02/1986", "lon": -75.795697, "lat": -11.374749, "fen_pc_dist_m": 7047.7, "fen_peligro": "Inundación", "fen_nivel": "", "fen_pc_dpto": "Junín", "fen_pc_prov": "Tarma"}, "geometry": {"type": "Polygon", "coordinates": [[[-75.78435430814264, -11.38406704294849], [-75.7804238677753, -11.37589783331274], [-75.8127111899609, -11.36077142436486], [-75.81664228329532, -11.36894016315577], [-75.78435430814264, -11.38406704294849]]]}}, {"type": "Feature", "properties": {"codigou": "010006408", "concesion": "TULAN 12", "titular": "MINERA UNA S.A.", "estado": "D.M. Titulado D.L. 708", "fec_denuncio": "3/01/2008", "lon": -76.462014, "lat": -12.149478, "fen_pc_dist_m": 7666.8, "fen_peligro": "Inundación, erosión fluvial", "fen_nivel": "Alto", "fen_pc_dpto": "Lima", "fen_pc_prov": "Huarochiri"}, "geometry": {"type": "Polygon", "coordinates": [[[-76.45408213417198, -12.13918782734614], [-76.47245805099095, -12.13909070352535], [-76.47260713132846, -12.1662117336503], [-76.46341830862706, -12.16626055969509], [-76.46331944110432, -12.14817983480199], [-76.45413119910937, -12.14822828124926], [-76.45408213417198, -12.13918782734614]]]}}, {"type": "Feature", "properties": {"codigou": "010088110", "concesion": "CRONOS VIII", "titular": "MINERA CRONOS S.A.C.", "estado": "D.M. Titulado D.L. 708", "fec_denuncio": "1/02/2010", "lon": -76.32278, "lat": -12.704004, "fen_pc_dist_m": 16723.7, "fen_peligro": "Inundación, erosión fluvial", "fen_nivel": "Muy alto", "fen_pc_dpto": "Lima", "fen_pc_prov": "Cañete"}, "geometry": {"type": "Polygon", "coordinates": [[[-76.31907848903656, -12.70040617454404], [-76.3282866654316, -12.70036015757189], [-76.3283335329058, -12.70940072334199], [-76.31912503073401, -12.70944668365347], [-76.31907848903656, -12.70040617454404]]]}}, {"type": "Feature", "properties": {"codigou": "010108705", "concesion": "AGUA MARINA I", "titular": "MINERA UNA S.A.", "estado": "D.M. Titulado D.L. 708", "fec_denuncio": "5/05/2005", "lon": -75.551088, "lat": -13.565753, "fen_pc_dist_m": 1318.8, "fen_peligro": "Inundación, erosión fluvial", "fen_nivel": "Alto", "fen_pc_dpto": "Ica", "fen_pc_prov": "Pisco"}, "geometry": {"type": "Polygon", "coordinates": [[[-75.5473824825599, -13.56214407182648], [-75.55662486904919, -13.56212355298503], [-75.55664593312683, -13.57116552920155], [-75.54740319692557, -13.57118606216592], [-75.5473824825599, -13.56214407182648]]]}}, {"type": "Feature", "properties": {"codigou": "010652208", "concesion": "HUANDO 2008A", "titular": "MINERA UNA S.A.", "estado": "D.M. Titulado D.L. 708", "fec_denuncio": "17/11/2008", "lon": -74.954196, "lat": -12.548149, "fen_pc_dist_m": 8449.4, "fen_peligro": "Inundación", "fen_nivel": "Medio", "fen_pc_dpto": "Huancavelica", "fen_pc_prov": "Huancavelica"}, "geometry": {"type": "Polygon", "coordinates": [[[-74.94683314688582, -12.54091320361603], [-74.96524266957628, -12.54091630722077], [-74.96524015064881, -12.55900235298142], [-74.94682943458325, -12.55899933533652], [-74.94683314688582, -12.54091320361603]]]}}, {"type": "Feature", "properties": {"codigou": "010652408", "concesion": "HUANDO 2008C", "titular": "MINERA UNA S.A.", "estado": "D.M. Titulado D.L. 708", "fec_denuncio": "17/11/2008", "lon": -74.941299, "lat": -12.587936, "fen_pc_dist_m": 4237.7, "fen_peligro": "Inundación", "fen_nivel": "Medio", "fen_pc_dpto": "Huancavelica", "fen_pc_prov": "Huancavelica"}, "geometry": {"type": "Polygon", "coordinates": [[[-74.93761957872954, -12.57708336661184], [-74.94682562445352, -12.57708535226495], [-74.94681985233203, -12.60421442236247], [-74.93761283916648, -12.60421243228408], [-74.93761957872954, -12.57708336661184]]]}}, {"type": "Feature", "properties": {"codigou": "010398408", "concesion": "LA CALERA 1", "titular": "MINERA CRONOS S.A.C.", "estado": "D.M. Titulado D.L. 708", "fec_denuncio": "15/07/2008", "lon": -76.376888, "lat": -11.666865, "fen_pc_dist_m": 12391.8, "fen_peligro": "inundación, flujo de detritos, erosión fluvial", "fen_nivel": "Muy alto", "fen_pc_dpto": "Lima", "fen_pc_prov": "Huarochirí"}, "geometry": {"type": "Polygon", "coordinates": [[[-76.368950270419, -11.65140405307521], [-76.38729397038159, -11.65131620137257], [-76.3873835792842, -11.66939825401216], [-76.37821110829846, -11.66944230597909], [-76.37830027151624, -11.6875243150751], [-76.3691271698047, -11.68756823464764], [-76.368950270419, -11.65140405307521]]]}}, {"type": "Feature", "properties": {"codigou": "010120708", "concesion": "LAS DOS PAISANAS 2008", "titular": "MINERA UNA S.A.", "estado": "D.M. Titulado D.L. 708", "fec_denuncio": "1/02/2008", "lon": -76.356763, "lat": -11.815036, "fen_pc_dist_m": 729.9, "fen_peligro": "Erosión fluvial", "fen_nivel": "Alto", "fen_pc_dpto": "Lima", "fen_pc_prov": "Huarochiri"}, "geometry": {"type": "MultiPolygon", "coordinates": [[[[-76.36305374205817, -11.79946403879837], [-76.369355716233, -11.81615469235733], [-76.36958345646424, -11.81607122944664], [-76.3696794367635, -11.8163262686119], [-76.35278665025747, -11.82249810702848], [-76.35275252492931, -11.82207161657016], [-76.35223427036568, -11.82198195645233], [-76.35211552046239, -11.82166644255334], [-76.35275030491971, -11.82161956832735], [-76.35213277019918, -11.81351076293609], [-76.34912911869895, -11.81373263171024], [-76.34609121346435, -11.80566113280044], [-76.36305374205817, -11.79946403879837]]], [[[-76.35743987292423, -11.81701313044593], [-76.35796058172589, -11.81652241798816], [-76.35696238552147, -11.81509868560657], [-76.35499773447371, -11.81310092562538], [-76.35438618495095, -11.81378193050712], [-76.3539511344066, -11.81489606947521], [-76.35502362395732, -11.81650028312004], [-76.35591459187867, -11.81664973006495], [-76.35743987292423, -11.81701313044593]]]]}}, {"type": "Feature", "properties": {"codigou": "010278209", "concesion": "VIRGEN DE FATIMA SEGUNDA", "titular": "MINERA UNA S.A.", "estado": "D.M. Titulado D.L. 708", "fec_denuncio": "5/11/2009", "lon": -76.521663, "lat": -11.395687, "fen_pc_dist_m": 21591.3, "fen_peligro": "Inundación, erosión fluvial", "fen_nivel": "Alto", "fen_pc_dpto": "Lima", "fen_pc_prov": "Huaral"}, "geometry": {"type": "Polygon", "coordinates": [[[-76.5142944907736, -11.38849264390078], [-76.53261996872342, -11.38839778032193], [-76.5327166844324, -11.4064788926877], [-76.51439004894874, -11.40657391091089], [-76.5142944907736, -11.38849264390078]]]}}, {"type": "Feature", "properties": {"codigou": "010374405", "concesion": "PUZOL 2", "titular": "MINERA UNA S.A.", "estado": "D.M. Titulado D.L. 708", "fec_denuncio": "18/11/2005", "lon": -76.4357, "lat": -12.806476, "fen_pc_dist_m": 8161.5, "fen_peligro": "Inundación, erosión fluvial", "fen_nivel": "Alto", "fen_pc_dpto": "Lima", "fen_pc_prov": "Cañete"}, "geometry": {"type": "Polygon", "coordinates": [[[-76.42092058862362, -12.79932489733062], [-76.45776587112941, -12.79912352420914], [-76.457869719335, -12.81720351446877], [-76.42102190402196, -12.81740518074794], [-76.42092058862362, -12.79932489733062]]]}}, {"type": "Feature", "properties": {"codigou": "010374705", "concesion": "PUZOL 5", "titular": "MINERA UNA S.A.", "estado": "D.M. Titulado D.L. 708", "fec_denuncio": "18/11/2005", "lon": -76.426671, "lat": -12.839071, "fen_pc_dist_m": 8823.1, "fen_peligro": "Erosión fluvial", "fen_nivel": "Alto", "fen_pc_dpto": "Lima", "fen_pc_prov": "Cañete"}, "geometry": {"type": "Polygon", "coordinates": [[[-76.43033595188135, -12.83543536535816], [-76.43038707430783, -12.84447544830636], [-76.42117407581365, -12.8445255583936], [-76.42112328239088, -12.83548543908037], [-76.43033595188135, -12.83543536535816]]]}}, {"type": "Feature", "properties": {"codigou": "010184206", "concesion": "PUZOL 7", "titular": "MINERA UNA S.A.", "estado": "D.M. Titulado D.L. 708", "fec_denuncio": "21/04/2006", "lon": -76.369398, "lat": -12.762144, "fen_pc_dist_m": 11602.0, "fen_peligro": "Inundación, erosión fluvial", "fen_nivel": "Muy alto", "fen_pc_dpto": "Lima", "fen_pc_prov": "Cañete"}, "geometry": {"type": "Polygon", "coordinates": [[[-76.35619895971244, -12.75446296338314], [-76.37461889468399, -12.75436781925775], [-76.37466770495396, -12.76340808384716], [-76.38387794312939, -12.76335999564713], [-76.38392711839577, -12.77240030910911], [-76.35629531106024, -12.77254380628354], [-76.35619895971244, -12.75446296338314]]]}}, {"type": "Feature", "properties": {"codigou": "010184406", "concesion": "PUZOL 9", "titular": "MINERA UNA S.A.", "estado": "D.M. Titulado D.L. 708", "fec_denuncio": "21/04/2006", "lon": -76.34581, "lat": -12.780346, "fen_pc_dist_m": 14600.6, "fen_peligro": "Erosión fluvial", "fen_nivel": "Alto", "fen_pc_dpto": "Lima", "fen_pc_prov": "Cañete"}, "geometry": {"type": "Polygon", "coordinates": [[[-76.31945229237891, -12.77273061040231], [-76.35629531106024, -12.77254380628354], [-76.35634345009834, -12.78158421867282], [-76.37476534680798, -12.78148877523235], [-76.3748142700227, -12.79052911113738], [-76.31954608008162, -12.79081170128749], [-76.31945229237891, -12.77273061040231]]]}}, {"type": "Feature", "properties": {"codigou": "010184606", "concesion": "PUZOL 11", "titular": "MINERA UNA S.A.", "estado": "D.M. Titulado D.L. 708", "fec_denuncio": "21/04/2006", "lon": -76.362706, "lat": -12.822736, "fen_pc_dist_m": 9572.5, "fen_peligro": "Erosión fluvial", "fen_nivel": "Alto", "fen_pc_dpto": "Lima", "fen_pc_prov": "Cañete"}, "geometry": {"type": "Polygon", "coordinates": [[[-76.3380642614037, -12.80879969044545], [-76.38412410428994, -12.80856140934845], [-76.38432160273214, -12.84472249837038], [-76.375108412268, -12.84477090319369], [-76.37501024532378, -12.82669030108582], [-76.36579767564581, -12.82673840341384], [-76.36574893093896, -12.81769805806588], [-76.3381119839363, -12.81784014561327], [-76.3380642614037, -12.80879969044545]]]}}, {"type": "Feature", "properties": {"codigou": "010291506", "concesion": "ANY C", "titular": "MINERA UNA S.A.", "estado": "D.M. Titulado D.L. 708", "fec_denuncio": "4/07/2006", "lon": -75.655642, "lat": -11.590699, "fen_pc_dist_m": 8419.3, "fen_peligro": "Inundación, erosión pluvial", "fen_nivel": null, "fen_pc_dpto": "Junín", "fen_pc_prov": "Tarma"}, "geometry": {"type": "Polygon", "coordinates": [[[-75.6442052396213, -11.5700135948955], [-75.66988252981682, -11.5796842722609], [-75.66363224812804, -11.59581941776406], [-75.66310549698451, -11.59558921395342], [-75.66124749576696, -11.59972308469366], [-75.66199378939804, -11.60004909752139], [-75.65909382483278, -11.60753435674048], [-75.63341425651728, -11.59786303790554], [-75.6442052396213, -11.5700135948955]]]}}, {"type": "Feature", "properties": {"codigou": "010185605", "concesion": "EL BIEN PEINADO 2", "titular": "MINERA UNA S.A.", "estado": "D.M. Titulado D.L. 708", "fec_denuncio": "13/06/2005", "lon": -76.367232, "lat": -12.848686, "fen_pc_dist_m": 6655.8, "fen_peligro": "Erosión fluvial", "fen_nivel": "Alto", "fen_pc_dpto": "Lima", "fen_pc_prov": "Cañete"}, "geometry": {"type": "Polygon", "coordinates": [[[-76.37505935609619, -12.83573060509454], [-76.37515759810653, -12.85381119441454], [-76.36594404081063, -12.85385931120575], [-76.36599284250856, -12.86289963146718], [-76.35677891885356, -12.86294755015231], [-76.35663342925655, -12.8358264669697], [-76.37505935609619, -12.83573060509454]]]}}, {"type": "Feature", "properties": {"codigou": "010370806", "concesion": "KLINKER XXI", "titular": "MINERA UNA S.A.", "estado": "D.M. Titulado D.L. 708", "fec_denuncio": "31/08/2006", "lon": -75.523348, "lat": -13.560387, "fen_pc_dist_m": 820.7, "fen_peligro": "Inundación", "fen_nivel": "", "fen_pc_dpto": "Ica", "fen_pc_prov": "Pisco"}, "geometry": {"type": "Polygon", "coordinates": [[[-75.51963558213468, -13.55316135764557], [-75.52887766374629, -13.55314187822629], [-75.52891758658228, -13.57122592073856], [-75.51967480578566, -13.57124542698065], [-75.51963558213468, -13.55316135764557]]]}}, {"type": "Feature", "properties": {"codigou": "010149406", "concesion": "ANDINO 2006B", "titular": "UNACEM PERU S.A.", "estado": "D.M. Titulado D.L. 708", "fec_denuncio": "24/03/2006", "lon": -75.53978, "lat": -11.910375, "fen_pc_dist_m": 11473.6, "fen_peligro": "Inundación", "fen_nivel": "", "fen_pc_dpto": "Junín", "fen_pc_prov": "Huancayo"}, "geometry": {"type": "Polygon", "coordinates": [[[-75.5438373843489, -11.89831002764265], [-75.55301962890324, -11.89829227140488], [-75.55307424097902, -11.92542142107033], [-75.52552454659546, -11.9254740980806], [-75.5255072397238, -11.91643104301684], [-75.53469021222647, -11.91641376676641], [-75.53467261557891, -11.90737062893271], [-75.54385517827725, -11.90735315775686], [-75.5438373843489, -11.89831002764265]]]}}, {"type": "Feature", "properties": {"codigou": "010541907", "concesion": "KLINKER XXII", "titular": "MINERA UNA S.A.", "estado": "D.M. Titulado D.L. 708", "fec_denuncio": "19/10/2007", "lon": -75.514106, "lat": -13.560406, "fen_pc_dist_m": 699.5, "fen_peligro": "Inundación, flujo de detritos, erosión fluvial", "fen_nivel": "Alto", "fen_pc_dpto": "Ica", "fen_pc_prov": "Pisco"}, "geometry": {"type": "Polygon", "coordinates": [[[-75.5103934859783, -13.55318040487355], [-75.51963558213468, -13.55316135764557], [-75.51967480578566, -13.57124542698065], [-75.51043201043878, -13.57126450055869], [-75.5103934859783, -13.55318040487355]]]}}, {"type": "Feature", "properties": {"codigou": "010112611", "concesion": "DIANITA 2010", "titular": "MINERA UNA S.A.", "estado": "D.M. Titulado D.L. 708", "fec_denuncio": "1/02/2011", "lon": -76.429896, "lat": -11.369024, "fen_pc_dist_m": 23634.9, "fen_peligro": "Inundación, erosión fluvial", "fen_nivel": "Alto", "fen_pc_dpto": "Junín", "fen_pc_prov": "Yauli"}, "geometry": {"type": "Polygon", "coordinates": [[[-76.42253025070261, -11.3618269179301], [-76.4408547857968, -11.36173797866688], [-76.44094548221118, -11.37981988001397], [-76.42261979227946, -11.3799089646015], [-76.42253025070261, -11.3618269179301]]]}}, {"type": "Feature", "properties": {"codigou": "010000514", "concesion": "PEPE 2013 B", "titular": "MINERA UNA S.A.", "estado": "D.M. Titulado D.L. 708", "fec_denuncio": "2/01/2014", "lon": -76.370677, "lat": -11.804095, "fen_pc_dist_m": 2138.5, "fen_peligro": "Erosión fluvial", "fen_nivel": "Alto", "fen_pc_dpto": "Lima", "fen_pc_prov": "Huarochiri"}, "geometry": {"type": "Polygon", "coordinates": [[[-76.37155778240638, -11.79605496588513], [-76.37795715382211, -11.81300240596928], [-76.369355716233, -11.81615469235733], [-76.36295675645401, -11.79920710201408], [-76.37155778240638, -11.79605496588513]]]}}, {"type": "Feature", "properties": {"codigou": "010166511", "concesion": "CRONOS XIII", "titular": "MINERA CRONOS S.A.C.", "estado": "D.M. Titulado D.L. 708", "fec_denuncio": "10/02/2011", "lon": -76.328468, "lat": -12.73523, "fen_pc_dist_m": 15700.3, "fen_peligro": "Inundación, erosión fluvial", "fen_nivel": "Muy alto", "fen_pc_dpto": "Lima", "fen_pc_prov": "Cañete"}, "geometry": {"type": "Polygon", "coordinates": [[[-76.32842756059011, -12.72748183499265], [-76.34684575834966, -12.72738872905931], [-76.34694114345474, -12.74546967943001], [-76.31010199317892, -12.74565479198634], [-76.31005554146653, -12.73661418470789], [-76.32847453663629, -12.73652238178785], [-76.32842756059011, -12.72748183499265]]]}}, {"type": "Feature", "properties": {"codigou": "010159107", "concesion": "LIME 12", "titular": "MINERA UNA S.A.", "estado": "D.M. Titulado D.L. 708", "fec_denuncio": "26/02/2007", "lon": -76.057126, "lat": -12.921042, "fen_pc_dist_m": 4609.6, "fen_peligro": "Inundación", "fen_nivel": "", "fen_pc_dpto": "Lima", "fen_pc_prov": "Cañete"}, "geometry": {"type": "Polygon", "coordinates": [[[-76.04367166691821, -12.90958908756152], [-76.07132175781955, -12.90947713995692], [-76.07136027862013, -12.9185184164084], [-76.08057721762108, -12.91848036329625], [-76.0806549181331, -12.93656284258441], [-76.06221968398354, -12.93663864270228], [-76.06218143636282, -12.92759735174824], [-76.03452936302453, -12.92770848500619], [-76.03449213895681, -12.91866710743546], [-76.04370919396895, -12.9186304449686], [-76.04367166691821, -12.90958908756152]]]}}, {"type": "Feature", "properties": {"codigou": "010159407", "concesion": "LIME 15", "titular": "MINERA UNA S.A.", "estado": "D.M. Titulado D.L. 708", "fec_denuncio": "26/02/2007", "lon": -76.034721, "lat": -12.974206, "fen_pc_dist_m": 9216.6, "fen_peligro": "Erosión fluvial", "fen_nivel": "Alto", "fen_pc_dpto": "Lima", "fen_pc_prov": "Cañete"}, "geometry": {"type": "Polygon", "coordinates": [[[-76.01624084296012, -12.96394654381097], [-76.05311575901413, -12.96379992564756], [-76.05315379006277, -12.97284121811287], [-76.04393477076765, -12.97287836617692], [-76.04401016081361, -12.99096098586195], [-76.01635093404408, -12.99107071934609], [-76.01624084296012, -12.96394654381097]]]}}, {"type": "Feature", "properties": {"codigou": "010159607", "concesion": "LIME 17", "titular": "MINERA UNA S.A.", "estado": "D.M. Titulado D.L. 708", "fec_denuncio": "26/02/2007", "lon": -76.221984, "lat": -12.722971, "fen_pc_dist_m": 19274.9, "fen_peligro": "Inundación, erosión fluvial", "fen_nivel": "Alto", "fen_pc_dpto": "Lima", "fen_pc_prov": "Cañete"}, "geometry": {"type": "Polygon", "coordinates": [[[-76.19945357873034, -12.71905655361156], [-76.21787209628225, -12.71897246941697], [-76.21791521808434, -12.72801341162028], [-76.23633425462823, -12.72792798564215], [-76.23624683374383, -12.70984631006459], [-76.24545564990115, -12.70980313510575], [-76.24558785606018, -12.73692567949238], [-76.1995384593867, -12.73713855541279], [-76.19945357873034, -12.71905655361156]]]}}, {"type": "Feature", "properties": {"codigou": "010423710", "concesion": "KLINKER XXIII", "titular": "MINERA UNA S.A.", "estado": "D.M. Titulado D.L. 708", "fec_denuncio": "1/11/2010", "lon": -75.551109, "lat": -13.574795, "fen_pc_dist_m": 814.9, "fen_peligro": "Inundación, Erosión fluvial", "fen_nivel": "Muy Alto", "fen_pc_dpto": "Ica", "fen_pc_prov": "Pisco"}, "geometry": {"type": "Polygon", "coordinates": [[[-75.54740319692557, -13.57118606216592], [-75.55664593312683, -13.57116552920155], [-75.55666692014476, -13.58020749905306], [-75.54742383376885, -13.58022795571905], [-75.54740319692557, -13.57118606216592]]]}}, {"type": "Feature", "properties": {"codigou": "010059009", "concesion": "ANDINO 2009", "titular": "UNACEM PERU S.A.", "estado": "D.M. Titulado D.L. 708", "fec_denuncio": "25/02/2009", "lon": -75.830691, "lat": -11.403877, "fen_pc_dist_m": 6712.4, "fen_peligro": "Inundación", "fen_nivel": "", "fen_pc_dpto": "Junín", "fen_pc_prov": "Tarma"}, "geometry": {"type": "Polygon", "coordinates": [[[-75.82701445872613, -11.40026982830245], [-75.8361798186769, -11.40024388394644], [-75.83620617983672, -11.40928676718774], [-75.82704053001763, -11.40931273265319], [-75.82701445872613, -11.40026982830245]]]}}, {"type": "Feature", "properties": {"codigou": "010158107", "concesion": "LIME 2", "titular": "MINERA UNA S.A.", "estado": "D.M. Titulado D.L. 708", "fec_denuncio": "26/02/2007", "lon": -76.297946, "lat": -12.68372, "fen_pc_dist_m": 19912.2, "fen_peligro": "Inundación, erosión fluvial", "fen_nivel": "Muy alto", "fen_pc_dpto": "Lima", "fen_pc_prov": "Cañete"}, "geometry": {"type": "Polygon", "coordinates": [[[-76.30052428995215, -12.67337512487691], [-76.30973156350679, -12.67332984627384], [-76.3098701841584, -12.70045178229453], [-76.28224533314089, -12.70058677889369], [-76.28215486411058, -12.682505296134], [-76.3005701672885, -12.68241580964265], [-76.30052428995215, -12.67337512487691]]]}}, {"type": "Feature", "properties": {"codigou": "010158707", "concesion": "LIME 8", "titular": "MINERA UNA S.A.", "estado": "D.M. Titulado D.L. 708", "fec_denuncio": "26/02/2007", "lon": -76.139866, "lat": -12.894118, "fen_pc_dist_m": 4709.6, "fen_peligro": "Erosión fluvial", "fen_nivel": "Alto", "fen_pc_dpto": "Lima", "fen_pc_prov": "Cañete"}, "geometry": {"type": "Polygon", "coordinates": [[[-76.11728433663973, -12.88216058542317], [-76.14493064121649, -12.88204110264872], [-76.14497171793018, -12.89108217197382], [-76.16340309283795, -12.89100089780792], [-76.16348666296281, -12.90908280915836], [-76.14505387304223, -12.90916429193792], [-76.1450128259249, -12.90012323493704], [-76.11736444571602, -12.90024289126916], [-76.11728433663973, -12.88216058542317]]]}}, {"type": "Feature", "properties": {"codigou": "010158807", "concesion": "LIME 9", "titular": "MINERA UNA S.A.", "estado": "D.M. Titulado D.L. 708", "fec_denuncio": "26/02/2007", "lon": -76.065479, "lat": -12.772587, "fen_pc_dist_m": 9515.7, "fen_peligro": "Erosión fluvial", "fen_nivel": "Alto", "fen_pc_dpto": "Lima", "fen_pc_prov": "Cañete"}, "geometry": {"type": "Polygon", "coordinates": [[[-76.05228709267911, -12.7648901540017], [-76.06149849336677, -12.76485329988514], [-76.06153621874046, -12.77389461428683], [-76.08917122737304, -12.77378195290186], [-76.08920996447722, -12.78282326914536], [-76.05236182630905, -12.78297301162129], [-76.05228709267911, -12.7648901540017]]]}}, {"type": "Feature", "properties": {"codigou": "010159007", "concesion": "LIME 11", "titular": "MINERA UNA S.A.", "estado": "D.M. Titulado D.L. 708", "fec_denuncio": "26/02/2007", "lon": -76.014574, "lat": -12.804218, "fen_pc_dist_m": 4303.5, "fen_peligro": "Inundación", "fen_nivel": "", "fen_pc_dpto": "Lima", "fen_pc_prov": "Cañete"}, "geometry": {"type": "Polygon", "coordinates": [[[-76.00633684924729, -12.7921943698557], [-76.01554937340798, -12.79215904377129], [-76.01551332056682, -12.78311751873886], [-76.02472548927446, -12.78308189688225], [-76.02487145539018, -12.81924776369354], [-76.01565788241486, -12.81928358040613], [-76.01569413786287, -12.8283249894868], [-76.00648030054238, -12.82836050913922], [-76.00633684924729, -12.7921943698557]]]}}, {"type": "Feature", "properties": {"codigou": "010014416", "concesion": "OYON 6", "titular": "MINERA UNA S.A.", "estado": "D.M. Titulado D.L. 708", "fec_denuncio": "4/01/2016", "lon": -76.758967, "lat": -10.656651, "fen_pc_dist_m": 2820.7, "fen_peligro": "Inundación", "fen_nivel": "Medio", "fen_pc_dpto": "Lima", "fen_pc_prov": "Oyón"}, "geometry": {"type": "Polygon", "coordinates": [[[-76.7605848399906, -10.65487687746822], [-76.75736964400357, -10.66195317492854], [-76.75732915235726, -10.65489507224059], [-76.7605848399906, -10.65487687746822]]]}}, {"type": "Feature", "properties": {"codigou": "010073213", "concesion": "DANIELA 3", "titular": "MINERA UNA S.A.", "estado": "D.M. Titulado D.L. 708", "fec_denuncio": "22/01/2013", "lon": -76.455634, "lat": -12.183091, "fen_pc_dist_m": 11319.2, "fen_peligro": "Inundación, erosión fluvial", "fen_nivel": "Alto", "fen_pc_dpto": "Lima", "fen_pc_prov": "Huarochiri"}, "geometry": {"type": "Polygon", "coordinates": [[[-76.44508941762793, -12.17539785859356], [-76.47265693515878, -12.1752520947941], [-76.47270677829759, -12.18429235942682], [-76.45432785134699, -12.1843899455078], [-76.45437702090803, -12.19343036939909], [-76.44518718707873, -12.19347869537299], [-76.44508941762793, -12.17539785859356]]]}}, {"type": "Feature", "properties": {"codigou": "010014016", "concesion": "ANDINO C-8", "titular": "UNACEM PERU S.A.", "estado": "D.M. Titulado D.L. 708", "fec_denuncio": "4/01/2016", "lon": -75.904404, "lat": -11.398032, "fen_pc_dist_m": 13231.2, "fen_peligro": "Inundación", "fen_nivel": "", "fen_pc_dpto": "Junín", "fen_pc_prov": "Tarma"}, "geometry": {"type": "Polygon", "coordinates": [[[-75.90028044963336, -11.38196915497634], [-75.91860970738303, -11.38191249882437], [-75.91863862808458, -11.39095519286232], [-75.90947376756021, -11.39098359625738], [-75.9095884442671, -11.42715431880744], [-75.89125623941565, -11.42721054231964], [-75.89117186725665, -11.40008239453675], [-75.90033715742877, -11.40005453934114], [-75.90028044963336, -11.38196915497634]]]}}, {"type": "Feature", "properties": {"codigou": "010027516", "concesion": "PEPE 2016C", "titular": "MINERA UNA S.A.", "estado": "D.M. Titulado D.L. 708", "fec_denuncio": "4/01/2016", "lon": -76.373261, "lat": -11.781577, "fen_pc_dist_m": 3940.9, "fen_peligro": "Erosión fluvial", "fen_nivel": "Alto", "fen_pc_dpto": "Lima", "fen_pc_prov": "Huarochiri"}, "geometry": {"type": "Polygon", "coordinates": [[[-76.36957212978164, -11.77797836816683], [-76.37874821717632, -11.77793409953072], [-76.3787932248153, -11.78697508173805], [-76.36961683704808, -11.78701929488372], [-76.36957212978164, -11.77797836816683]]]}}, {"type": "Feature", "properties": {"codigou": "010027716", "concesion": "PEPE 2016D", "titular": "MINERA UNA S.A.", "estado": "D.M. Titulado D.L. 708", "fec_denuncio": "4/01/2016", "lon": -76.382482, "lat": -11.790574, "fen_pc_dist_m": 3970.9, "fen_peligro": "Erosión fluvial", "fen_nivel": "Alto", "fen_pc_dpto": "Lima", "fen_pc_prov": "Huarochiri"}, "geometry": {"type": "Polygon", "coordinates": [[[-76.3787932248153, -11.78697508173805], [-76.3879694833023, -11.78693048301184], [-76.38801482816676, -11.79597142416511], [-76.37883817729951, -11.79601596808101], [-76.3787932248153, -11.78697508173805]]]}}, {"type": "Feature", "properties": {"codigou": "010014516", "concesion": "OYON 7", "titular": "MINERA UNA S.A.", "estado": "D.M. Titulado D.L. 708", "fec_denuncio": "4/01/2016", "lon": -76.728621, "lat": -10.657638, "fen_pc_dist_m": 5350.7, "fen_peligro": "Inundación", "fen_nivel": "Medio", "fen_pc_dpto": "Lima", "fen_pc_prov": "Oyón"}, "geometry": {"type": "Polygon", "coordinates": [[[-76.72067156390078, -10.63701766315435], [-76.73894874511103, -10.63691696585158], [-76.73910231573346, -10.66403711458668], [-76.72996298647206, -10.66408777286366], [-76.7300650577688, -10.68216796271666], [-76.7209250517352, -10.68221844225404], [-76.72067156390078, -10.63701766315435]]]}}, {"type": "Feature", "properties": {"codigou": "010000115", "concesion": "PEPE 2015E", "titular": "MINERA UNA S.A.", "estado": "D.M. Titulado D.L. 708", "fec_denuncio": "5/01/2015", "lon": -76.345073, "lat": -11.789348, "fen_pc_dist_m": 1512.4, "fen_peligro": "Inundación, Erosión fluvial", "fen_nivel": "Alto", "fen_pc_dpto": "Lima", "fen_pc_prov": "Huarochiri"}, "geometry": {"type": "Polygon", "coordinates": [[[-76.34553025235792, -11.77928350163089], [-76.35309110450547, -11.8015789790072], [-76.34438701736538, -11.80444411451744], [-76.33682673765183, -11.78214834200373], [-76.34553025235792, -11.77928350163089]]]}}, {"type": "Feature", "properties": {"codigou": "010313314", "concesion": "MASAPUZOL I 2014", "titular": "MINERA UNA S.A.", "estado": "D.M. Titulado D.L. 708", "fec_denuncio": "6/08/2014", "lon": -76.452156, "lat": -12.78469, "fen_pc_dist_m": 5296.2, "fen_peligro": "Inundación, erosión fluvial", "fen_nivel": "Muy alto", "fen_pc_dpto": "Lima", "fen_pc_prov": "Cañete"}, "geometry": {"type": "Polygon", "coordinates": [[[-76.44845150636655, -12.78109423797229], [-76.45766218197178, -12.78104350836154], [-76.45771396061855, -12.79008351973635], [-76.44850304964153, -12.79013428589238], [-76.44845150636655, -12.78109423797229]]]}}, {"type": "Feature", "properties": {"codigou": "620003419", "concesion": "MIRARE I", "titular": "UNACEM PERU S.A.", "estado": "D.M. Titulado D.L. 708", "fec_denuncio": "2/05/2019", "lon": -76.10729, "lat": -11.27719, "fen_pc_dist_m": 21051.8, "fen_peligro": "Inundación, erosión fluvial", "fen_nivel": "Alto", "fen_pc_dpto": "Junín", "fen_pc_prov": "Yauli"}, "geometry": {"type": "Polygon", "coordinates": [[[-76.0994080747858, -11.26946878713241], [-76.11772913490739, -11.26940040036259], [-76.11776407701846, -11.27844251039819], [-76.10860327552793, -11.27847687323648], [-76.1086379610137, -11.28751900591405], [-76.09947684344004, -11.28755311411844], [-76.0994080747858, -11.26946878713241]]]}}, {"type": "Feature", "properties": {"codigou": "020004317", "concesion": "NEW GAS 17", "titular": "UNACEM PERU S.A.", "estado": "D.M. Titulado D.L. 708", "fec_denuncio": "31/10/2017", "lon": -75.663742, "lat": -11.446201, "fen_pc_dist_m": 2764.6, "fen_peligro": "Inundación", "fen_nivel": "", "fen_pc_dpto": "Junín", "fen_pc_prov": "Tarma"}, "geometry": {"type": "Polygon", "coordinates": [[[-75.66006681144951, -11.44259165846423], [-75.66923397312425, -11.442570846184], [-75.66925522529151, -11.45161396101773], [-75.66008777255664, -11.45163479017503], [-75.66006681144951, -11.44259165846423]]]}}, {"type": "Feature", "properties": {"codigou": "DR0000002", "concesion": "ANEXO CUARTO", "titular": "UNION ANDINA DE CEMENTOS S.A.A.-UNACEM S.A.A.", "estado": "Depósito de Relaves", "fec_denuncio": "<Null>", "lon": -76.6371, "lat": -12.569438, "fen_pc_dist_m": 2681.0, "fen_peligro": "Inundación", "fen_nivel": "", "fen_pc_dpto": "Lima", "fen_pc_prov": "Cañete"}, "geometry": {"type": "Polygon", "coordinates": [[[-76.64211448466696, -12.5644880983485], [-76.64472351587376, -12.57027318626425], [-76.62957917278088, -12.57686326094469], [-76.6269704677987, -12.57107790360656], [-76.64211448466696, -12.5644880983485]]]}}, {"type": "Feature", "properties": {"codigou": "010259122", "concesion": "LCC5 2022", "titular": "MINERA UNA S.A.", "estado": "D.M. Titulado D.L. 708", "fec_denuncio": "10/10/2022", "lon": -76.276815, "lat": -11.200042, "fen_pc_dist_m": 1388.6, "fen_peligro": "Inundación, erosión fluvial", "fen_nivel": "Alto", "fen_pc_dpto": "Junín", "fen_pc_prov": "Yauli"}, "geometry": {"type": "Polygon", "coordinates": [[[-76.27313589386414, -11.19644054995569], [-76.28229355417845, -11.19640139198627], [-76.28233337381148, -11.20544299883266], [-76.27317542930817, -11.205482189213], [-76.27313589386414, -11.19644054995569]]]}}, {"type": "Feature", "properties": {"codigou": "010171621", "concesion": "ANDINO 2021A", "titular": "UNACEM PERU S.A.", "estado": "D.M. Titulado D.L. 708", "fec_denuncio": "2/08/2021", "lon": -76.115876, "lat": -11.263982, "fen_pc_dist_m": 19676.2, "fen_peligro": "Inundación, erosión fluvial", "fen_nivel": "Alto", "fen_pc_dpto": "Junín", "fen_pc_prov": "Yauli"}, "geometry": {"type": "Polygon", "coordinates": [[[-76.10853399336516, -11.26039259107568], [-76.12685442207638, -11.26032369619722], [-76.12688962032382, -11.26936578335768], [-76.10856861964656, -11.26943473495561], [-76.10853399336516, -11.26039259107568]]]}}, {"type": "Feature", "properties": {"codigou": "08021797X01", "concesion": "EL INCREIBLE", "titular": "UNACEM PERU S.A.", "estado": "D.M. Exting. a publicar de L.D.", "fec_denuncio": "27/11/1980", "lon": -75.773521, "lat": -11.365726, "fen_pc_dist_m": 6524.3, "fen_peligro": "Inundación", "fen_nivel": "", "fen_pc_dpto": "Junín", "fen_pc_prov": "Tarma"}, "geometry": {"type": "Polygon", "coordinates": [[[-75.76506990709403, -11.36608828473112], [-75.78048667035573, -11.35633683039125], [-75.7854279400453, -11.36394297944349], [-75.77608965520577, -11.36984993197601], [-75.77442246111546, -11.36704881484646], [-75.76808105985937, -11.37072377423585], [-75.76506990709403, -11.36608828473112]]]}}, {"type": "Feature", "properties": {"codigou": "08021319X01", "concesion": "CARIPA Nº 70", "titular": "UNACEM PERU S.A.", "estado": "D.M. Titulado D.L. 109", "fec_denuncio": "9/01/1980", "lon": -75.813669, "lat": -11.346445, "fen_pc_dist_m": 7270.4, "fen_peligro": "Inundación, flujo de detritos, erosión", "fen_nivel": null, "fen_pc_dpto": "Junín", "fen_pc_prov": "Tarma"}, "geometry": {"type": "Polygon", "coordinates": [[[-75.80403395947516, -11.34659848948185], [-75.82358413615289, -11.33665784558668], [-75.82778153173523, -11.34469630285339], [-75.8156568529472, -11.35086162917869], [-75.81377812554994, -11.34778145437694], [-75.80681171540515, -11.35191902170844], [-75.80403395947516, -11.34659848948185]]]}}, {"type": "Feature", "properties": {"codigou": "08000111Y01", "concesion": "ANDINO Nº 3", "titular": "UNACEM PERU S.A.", "estado": "D.M. Titulado D.L. 109", "fec_denuncio": "11/07/1962", "lon": -75.707269, "lat": -11.371605, "fen_pc_dist_m": 2301.1, "fen_peligro": "Inundación", "fen_nivel": "", "fen_pc_dpto": "Junín", "fen_pc_prov": "Tarma"}, "geometry": {"type": "Polygon", "coordinates": [[[-75.706614063256, -11.37081210654619], [-75.70843758484381, -11.37099555168837], [-75.70825149271472, -11.37279486075859], [-75.70642805108506, -11.37261132451223], [-75.706614063256, -11.37081210654619]]]}}, {"type": "Feature", "properties": {"codigou": "010233998", "concesion": "SAN AGUSTIN Nº 3", "titular": "MINERA UNA S.A.", "estado": "D.M. Titulado D.L. 708", "fec_denuncio": "23/11/1998", "lon": -75.204136, "lat": -11.969814, "fen_pc_dist_m": 5797.6, "fen_peligro": "Inundación", "fen_nivel": "", "fen_pc_dpto": "Junín", "fen_pc_prov": "Huancayo"}, "geometry": {"type": "Polygon", "coordinates": [[[-75.20413044222205, -11.96206301809167], [-75.21331528584585, -11.96205628038444], [-75.21332919697288, -11.98014305575341], [-75.19495837447663, -11.98015634182368], [-75.19495198122821, -11.97111299192191], [-75.20413713558038, -11.9711064591757], [-75.20413044222205, -11.96206301809167]]]}}, {"type": "Feature", "properties": {"codigou": "010271719", "concesion": "ANDINO 2019", "titular": "UNACEM PERU S.A.", "estado": "D.M. Titulado D.L. 708", "fec_denuncio": "13/09/2019", "lon": -75.861599, "lat": -11.395562, "fen_pc_dist_m": 9588.0, "fen_peligro": "Inundación", "fen_nivel": "", "fen_pc_dpto": "Junín", "fen_pc_prov": "Tarma"}, "geometry": {"type": "Polygon", "coordinates": [[[-75.86157615432454, -11.38781113716895], [-75.8707411244416, -11.38778414348413], [-75.87079617758053, -11.40586957474292], [-75.85246505572553, -11.40592336406245], [-75.85243809704379, -11.39688060749534], [-75.86160337972791, -11.39685387759649], [-75.86157615432454, -11.38781113716895]]]}}, {"type": "Feature", "properties": {"codigou": "010076397", "concesion": "TAPO A", "titular": "MINERA UNA S.A.", "estado": "D.M. Titulado D.L. 708", "fec_denuncio": "6/02/1997", "lon": -75.610778, "lat": -11.435163, "fen_pc_dist_m": 7126.2, "fen_peligro": "Inundación y Erosión fluvial", "fen_nivel": "Muy Alto", "fen_pc_dpto": "Junín", "fen_pc_prov": "Tarma"}, "geometry": {"type": "Polygon", "coordinates": [[[-75.60709566755915, -11.4279358313471], [-75.61626236152148, -11.42791679251058], [-75.61630128355452, -11.44600331421544], [-75.60713400819277, -11.44602247454233], [-75.60709566755915, -11.4279358313471]]]}}, {"type": "Feature", "properties": {"codigou": "010076897", "concesion": "TAPO F", "titular": "MINERA UNA S.A.", "estado": "D.M. Titulado D.L. 708", "fec_denuncio": "6/02/1997", "lon": -75.581583, "lat": -11.503951, "fen_pc_dist_m": 4067.4, "fen_peligro": "Inundación", "fen_nivel": "", "fen_pc_dpto": "Junín", "fen_pc_prov": "Tarma"}, "geometry": {"type": "Polygon", "coordinates": [[[-75.57057278805965, -11.50035594706853], [-75.59808019364442, -11.50030087306389], [-75.59809919321489, -11.50934416781458], [-75.57059090968696, -11.50939928633252], [-75.57057278805965, -11.50035594706853]]]}}, {"type": "Feature", "properties": {"codigou": "08019418X01", "concesion": "COMETA", "titular": "UNACEM PERU S.A.", "estado": "D.M. Exting. a publicar de L.D.", "fec_denuncio": "14/03/1969", "lon": -75.826384, "lat": -11.358029, "fen_pc_dist_m": 9149.9, "fen_peligro": "Inundación, flujo de detritos, erosión", "fen_nivel": null, "fen_pc_dpto": "Junín", "fen_pc_prov": "Tarma"}, "geometry": {"type": "Polygon", "coordinates": [[[-75.82860656544084, -11.35728344536629], [-75.82614082838052, -11.36109453905227], [-75.82305118845662, -11.35914810319654], [-75.82551677024779, -11.35533703367389], [-75.82860656544084, -11.35728344536629]]]}}, {"type": "Feature", "properties": {"codigou": "08018089X01", "concesion": "CEMENTO ANDINO A-5", "titular": "UNACEM PERU S.A.", "estado": "D.M. Titulado D.L. 109", "fec_denuncio": "29/02/1964", "lon": -75.811221, "lat": -11.385103, "fen_pc_dist_m": 7689.8, "fen_peligro": "Inundación", "fen_nivel": "", "fen_pc_dpto": "Junín", "fen_pc_prov": "Tarma"}, "geometry": {"type": "Polygon", "coordinates": [[[-75.81456274425784, -11.38119122611861], [-75.81534148393314, -11.39020151800313], [-75.80620946919498, -11.39096984839278], [-75.80543101143019, -11.38195951329173], [-75.81456274425784, -11.38119122611861]]]}}, {"type": "Feature", "properties": {"codigou": "010192897", "concesion": "ANDINO 97B", "titular": "MINERA UNA S.A.", "estado": "D.M. Titulado D.L. 708", "fec_denuncio": "2/05/1997", "lon": -74.959737, "lat": -12.436016, "fen_pc_dist_m": 5549.3, "fen_peligro": "Inundación", "fen_nivel": "", "fen_pc_dpto": "Huancavelica", "fen_pc_prov": "Tayacaja"}, "geometry": {"type": "Polygon", "coordinates": [[[-74.95605677686963, -12.43239791518537], [-74.9652576115706, -12.43239925198424], [-74.96525640995158, -12.44144235057179], [-74.95605516501152, -12.44144101275556], [-74.95605677686963, -12.43239791518537]]]}}, {"type": "Feature", "properties": {"codigou": "010163896", "concesion": "CRISTINA VIII", "titular": "MINERA UNA S.A.", "estado": "D.M. Titulado D.L. 708", "fec_denuncio": "7/06/1996", "lon": -75.64001, "lat": -14.121216, "fen_pc_dist_m": 2475.9, "fen_peligro": "Inundación, flujo de detritos", "fen_nivel": "Muy alto", "fen_pc_dpto": "Ica", "fen_pc_prov": "Ica"}, "geometry": {"type": "Polygon", "coordinates": [[[-75.61351974160088, -14.1135364316779], [-75.6413120024846, -14.11346391124828], [-75.6413372047434, -14.12250534112036], [-75.67839473151892, -14.12240352938439], [-75.67842141398555, -14.13144488476553], [-75.61356806380579, -14.13161938086362], [-75.61351974160088, -14.1135364316779]]]}}, {"type": "Feature", "properties": {"codigou": "10011896X01", "concesion": "CRISTINA II", "titular": "MINERA UNA S.A.", "estado": "D.M. Titulado D.L. 109", "fec_denuncio": "29/05/1990", "lon": -75.646658, "lat": -14.096821, "fen_pc_dist_m": 3782.4, "fen_peligro": "Inundación, flujo de detritos", "fen_nivel": "Muy alto", "fen_pc_dpto": "Ica", "fen_pc_prov": "Ica"}, "geometry": {"type": "Polygon", "coordinates": [[[-75.64262409213467, -14.07775584042552], [-75.66085266040461, -14.08093493125809], [-75.65271030232647, -14.12541836067496], [-75.63447816493729, -14.12223872165791], [-75.64262409213467, -14.07775584042552]]]}}, {"type": "Feature", "properties": {"codigou": "08000109Y01", "concesion": "ANDINO Nº 4", "titular": "UNACEM PERU S.A.", "estado": "D.M. Titulado D.L. 109", "fec_denuncio": "11/07/1962", "lon": -75.75229, "lat": -11.43103, "fen_pc_dist_m": 1275.6, "fen_peligro": "Inundación", "fen_nivel": "", "fen_pc_dpto": "Junín", "fen_pc_prov": "Tarma"}, "geometry": {"type": "Polygon", "coordinates": [[[-75.75283115389777, -11.42950267040076], [-75.75410920153058, -11.43079922821257], [-75.75147593816328, -11.43332103847623], [-75.75020238113267, -11.43202436742664], [-75.75283115389777, -11.42950267040076]]]}}, {"type": "Feature", "properties": {"codigou": "08000009Y01", "concesion": "G.C.P. Nº 9", "titular": "UNACEM PERU S.A.", "estado": "D.M. Titulado D.L. 109", "fec_denuncio": "21/07/1970", "lon": -75.776692, "lat": -11.37966, "fen_pc_dist_m": 5313.3, "fen_peligro": "Inundación", "fen_nivel": "", "fen_pc_dpto": "Junín", "fen_pc_prov": "Tarma"}, "geometry": {"type": "Polygon", "coordinates": [[[-75.77748171170676, -11.37651991000787], [-75.7790856071461, -11.38357906674374], [-75.77550840941262, -11.38437037658443], [-75.77390459531587, -11.37731128566679], [-75.77748171170676, -11.37651991000787]]]}}, {"type": "Feature", "properties": {"codigou": "010505495", "concesion": "ANDINO 95C", "titular": "UNACEM PERU S.A.", "estado": "D.M. Titulado D.L. 708", "fec_denuncio": "2/01/1995", "lon": -75.833468, "lat": -11.367955, "fen_pc_dist_m": 10420.8, "fen_peligro": "Inundación", "fen_nivel": "", "fen_pc_dpto": "Junín", "fen_pc_prov": "Tarma"}, "geometry": {"type": "Polygon", "coordinates": [[[-75.8177204064511, -11.3550809576574], [-75.85437629361121, -11.35497712259214], [-75.85442996950536, -11.37306276330643], [-75.83610086988826, -11.37311538140349], [-75.83612716370628, -11.38215819105004], [-75.81779748803677, -11.38220971018562], [-75.8177204064511, -11.3550809576574]]]}}, {"type": "Feature", "properties": {"codigou": "11000095Y03", "concesion": "CHILCA Nº 2-A", "titular": "MINERA UNA S.A.", "estado": "D.M. Titulado D.L. 109", "fec_denuncio": "29/09/1959", "lon": -76.641235, "lat": -12.571275, "fen_pc_dist_m": 3023.1, "fen_peligro": "Inundación", "fen_nivel": "", "fen_pc_dpto": "Lima", "fen_pc_prov": "Cañete"}, "geometry": {"type": "Polygon", "coordinates": [[[-76.63891978534576, -12.57151337228443], [-76.64394725874475, -12.56927093668252], [-76.64470819436495, -12.5709169913278], [-76.63968079180684, -12.57315953393271], [-76.63891978534576, -12.57151337228443]]]}}, {"type": "Feature", "properties": {"codigou": "11015132X01", "concesion": "CHILCA 14-I", "titular": "MINERA UNA S.A.", "estado": "D.M. Titulado D.L. 109", "fec_denuncio": "2/06/1960", "lon": -76.637612, "lat": -12.547921, "fen_pc_dist_m": 4046.4, "fen_peligro": "Inundación, flujo de detritos, erosión", "fen_nivel": null, "fen_pc_dpto": "Lima", "fen_pc_prov": "Cañete"}, "geometry": {"type": "Polygon", "coordinates": [[[-76.63712604449903, -12.54773793784538], [-76.63796678697936, -12.54737058896592], [-76.63834072477303, -12.54819642945239], [-76.63750007302795, -12.5485638695804], [-76.63712604449903, -12.54773793784538]]]}}, {"type": "Feature", "properties": {"codigou": "11015585X01", "concesion": "CHILCA Nº 17", "titular": "MINERA UNA S.A.", "estado": "D.M. Titulado D.L. 109", "fec_denuncio": "22/05/1961", "lon": -76.638793, "lat": -12.526107, "fen_pc_dist_m": 5450.3, "fen_peligro": "Inundación, erosión fluvial", "fen_nivel": "Alto", "fen_pc_dpto": "Lima", "fen_pc_prov": "Cañete"}, "geometry": {"type": "Polygon", "coordinates": [[[-76.63654230678229, -12.52472514161855], [-76.63989639871866, -12.52323684261529], [-76.64216864588803, -12.52817968752081], [-76.63881451036467, -12.52966802068939], [-76.63654230678229, -12.52472514161855]]]}}, {"type": "Feature", "properties": {"codigou": "11015133X01", "concesion": "CHILCA 14-K", "titular": "MINERA UNA S.A.", "estado": "D.M. Titulado D.L. 109", "fec_denuncio": "2/06/1960", "lon": -76.635103, "lat": -12.547018, "fen_pc_dist_m": 3886.4, "fen_peligro": "Inundación, flujo de detritos, erosión", "fen_nivel": null, "fen_pc_dpto": "Lima", "fen_pc_prov": "Cañete"}, "geometry": {"type": "Polygon", "coordinates": [[[-76.63461637588078, -12.54683742587678], [-76.63545497360731, -12.54646530681556], [-76.63583367432831, -12.54728913419806], [-76.63499516679525, -12.54766125412349], [-76.63461637588078, -12.54683742587678]]]}}, {"type": "Feature", "properties": {"codigou": "11015126X01", "concesion": "CHILCA 14-C", "titular": "MINERA UNA S.A.", "estado": "D.M. Titulado D.L. 109", "fec_denuncio": "2/05/1960", "lon": -76.641332, "lat": -12.553023, "fen_pc_dist_m": 4053.6, "fen_peligro": "Inundación, flujo de detritos, erosión", "fen_nivel": null, "fen_pc_dpto": "Lima", "fen_pc_prov": "Cañete"}, "geometry": {"type": "Polygon", "coordinates": [[[-76.64021063878104, -12.55232579855991], [-76.64189204538701, -12.55159098691415], [-76.64301401885467, -12.5540686619029], [-76.64133260057143, -12.55480339166422], [-76.64021063878104, -12.55232579855991]]]}}, {"type": "Feature", "properties": {"codigou": "010234198", "concesion": "SANTA ADA Nº 8", "titular": "MINERA UNA S.A.", "estado": "D.M. Titulado D.L. 708", "fec_denuncio": "23/11/1998", "lon": -75.166221, "lat": -12.204974, "fen_pc_dist_m": 5167.8, "fen_peligro": "Inundación", "fen_nivel": "", "fen_pc_dpto": "Junín", "fen_pc_prov": "Huancayo"}, "geometry": {"type": "Polygon", "coordinates": [[[-75.15833608386554, -12.19722687854414], [-75.17672194554885, -12.19721561492806], [-75.17672784671369, -12.20625891783781], [-75.1675346523816, -12.20626475248969], [-75.16754033820028, -12.21530796336229], [-75.1583468273325, -12.21531349537816], [-75.15833608386554, -12.19722687854414]]]}}, {"type": "Feature", "properties": {"codigou": "010102897", "concesion": "SANTA ADA Nº 7", "titular": "MINERA UNA S.A.", "estado": "D.M. Titulado D.L. 708", "fec_denuncio": "7/03/1997", "lon": -75.185895, "lat": -12.168788, "fen_pc_dist_m": 3532.0, "fen_peligro": "Inundación", "fen_nivel": "", "fen_pc_dpto": "Junín", "fen_pc_prov": "Huancayo"}, "geometry": {"type": "Polygon", "coordinates": [[[-75.18588974628265, -12.16103640676437], [-75.19508137453839, -12.16102998278752], [-75.19509447887643, -12.17911661105902], [-75.17670997375588, -12.1791290818898], [-75.17670399499826, -12.17008576127832], [-75.18589593910126, -12.1700797287347], [-75.18588974628265, -12.16103640676437]]]}}, {"type": "Feature", "properties": {"codigou": "010006008", "concesion": "TULAN 8", "titular": "MINERA UNA S.A.", "estado": "D.M. Titulado D.L. 708", "fec_denuncio": "3/01/2008", "lon": -76.413445, "lat": -12.099619, "fen_pc_dist_m": 9197.8, "fen_peligro": "Inundación, erosión fluvial", "fen_nivel": "Alto", "fen_pc_dpto": "Lima", "fen_pc_prov": "Huarochiri"}, "geometry": {"type": "Polygon", "coordinates": [[[-76.41713918767178, -12.10321622786357], [-76.40795229816433, -12.1032629700343], [-76.40790497227523, -12.09422230373897], [-76.4170915532323, -12.09417559750186], [-76.41713918767178, -12.10321622786357]]]}}, {"type": "Feature", "properties": {"codigou": "010233997", "concesion": "THABER IX", "titular": "UNACEM PERU S.A.", "estado": "D.M. Exting. a publicar de L.D.", "fec_denuncio": "26/05/1997", "lon": -76.907789, "lat": -12.204724, "fen_pc_dist_m": 3913.4, "fen_peligro": "Erosión fluvial", "fen_nivel": "Muy Alto", "fen_pc_dpto": "Lima", "fen_pc_prov": "Lima"}, "geometry": {"type": "Polygon", "coordinates": [[[-76.89543867811399, -12.19074945472274], [-76.92300136824528, -12.19055850054149], [-76.92313175091854, -12.20863494627787], [-76.91394352509047, -12.20869897151197], [-76.9140084830368, -12.21773723379733], [-76.9048199859664, -12.21780100078233], [-76.9047553394001, -12.20876268992073], [-76.8955671028574, -12.20882619252059], [-76.89543867811399, -12.19074945472274]]]}}, {"type": "Feature", "properties": {"codigou": "11025772X01", "concesion": "ADELAIDA", "titular": "MINERA UNA S.A.", "estado": "D.M. Titulado D.L. 109", "fec_denuncio": "29/03/1989", "lon": -76.905366, "lat": -12.177822, "fen_pc_dist_m": 4876.9, "fen_peligro": "Inundación, Erosión fluvial", "fen_nivel": "Alto", "fen_pc_dpto": "Lima", "fen_pc_prov": "Lima"}, "geometry": {"type": "Polygon", "coordinates": [[[-76.91462214826166, -12.16738976957379], [-76.91418485963486, -12.167392800463], [-76.9135825103898, -12.16745183888818], [-76.913406905475, -12.16787018927844], [-76.91333156727232, -12.16825485394276], [-76.91336720791055, -12.16856210199504], [-76.91357173696639, -12.16906558401447], [-76.91379500906622, -12.16978721925847], [-76.91418401511321, -12.17112368911347], [-76.91412034423051, -12.17158510150094], [-76.91406843215861, -12.17212335126187], [-76.9141848483494, -12.17279203672336], [-76.91453389529526, -12.1732177770738], [-76.91481463242552, -12.1734572522556], [-76.91556872060642, -12.17389111807701], [-76.91561500700003, -12.17420895697482], [-76.91538060712433, -12.17455097856657], [-76.91468498691859, -12.17560952915227], [-76.91371443957235, -12.1772407755501], [-76.9135255913954, -12.17736284125226], [-76.91325691012815, -12.17725497476774], [-76.91299849357253, -12.17701525333526], [-76.91258435614255, -12.17685352962906], [-76.91168690850058, -12.17622306415766], [-76.91087977064619, -12.17574571757317], [-76.91045334219443, -12.17541939084187], [-76.90988050375152, -12.17491836465844], [-76.90910619933223, -12.17434199199731], [-76.90854457438137, -12.17384097515391], [-76.90810749211472, -12.17359154630091], [-76.90777199932496, -12.17350600894813], [-76.90741480943929, -12.17350847701555], [-76.90689506534768, -12.17372583225603], [-76.90623921772796, -12.17409263203605], [-76.90568368982181, -12.17445864760092], [-76.90474850091059, -12.17479438136858], [-76.90372471492631, -12.17522951625303], [-76.90294751238355, -12.17580566901391], [-76.90254832751391, -12.17618171905328], [-76.90203948516803, -12.17682191214186], [-76.90136472076158, -12.17768270749078], [-76.90109783889399, -12.17782726716781], [-76.90085438838996, -12.17811429604149], [-76.89928757055789, -12.17910198761957], [-76.89806657647257, -12.18006532919986], [-76.89675970355745, -12.18151228640028], [-76.89660133246694, -12.18192987957306], [-76.89649360435212, -12.18247945153574], [-76.89645456729863, -12.18327006604514], [-76.8965046759292, -12.18403810357203], [-76.89658652521238, -12.18455338082622], [-76.89651395552774, -12.18534431619965], [-76.89623914328847, -12.18593896519764], [-76.89564618926454, -12.18731511997788], [-76.89459682952342, -12.18888096979116], [-76.89392260272292, -12.19035548026175], [-76.89302998710012, -12.19197520557562], [-76.89259903407279, -12.19259279866267], [-76.89257997871731, -12.19305399552636], [-76.89265053937511, -12.1935584149649], [-76.89310086702109, -12.19410415460258], [-76.89396965760517, -12.1954044636916], [-76.89481737603299, -12.19616891719521], [-76.8919543184692, -12.1965721909592], [-76.88752780757859, -12.1661510214704], [-76.91390095902473, -12.16243589216652], [-76.91462214826166, -12.16738976957379]]]}}, {"type": "Feature", "properties": {"codigou": "11025763X01", "concesion": "NORMA LETICIA", "titular": "MINERA UNA S.A.", "estado": "D.M. Titulado D.L. 109", "fec_denuncio": "22/02/1989", "lon": -76.922802, "lat": -12.181661, "fen_pc_dist_m": 6331.9, "fen_peligro": "Inundación, Erosión fluvial", "fen_nivel": "Alto", "fen_pc_dpto": "Lima", "fen_pc_prov": "Lima"}, "geometry": {"type": "Polygon", "coordinates": [[[-76.91978378860236, -12.1747196032765], [-76.92526160954884, -12.1741096720391], [-76.9273285283294, -12.19207333943499], [-76.92185035602442, -12.19268336574975], [-76.91978378860236, -12.1747196032765]]]}}, {"type": "Feature", "properties": {"codigou": "010259514", "concesion": "GUILLER 6", "titular": "MINERA UNA S.A.", "estado": "D.M. Titulado D.L. 708", "fec_denuncio": "28/05/2014", "lon": -76.25207, "lat": -12.930371, "fen_pc_dist_m": 2365.7, "fen_peligro": "Inundación, erosión fluvial", "fen_nivel": "Alto", "fen_pc_dpto": "Lima", "fen_pc_prov": "Cañete"}, "geometry": {"type": "Polygon", "coordinates": [[[-76.2557385275096, -12.92673736159645], [-76.25578374071914, -12.93577803147913], [-76.24656674298001, -12.93582232343684], [-76.2465218614085, -12.92678162162884], [-76.2557385275096, -12.92673736159645]]]}}, {"type": "Feature", "properties": {"codigou": "11023524X01", "concesion": "MUSSA 2", "titular": "UNACEM PERU S.A.", "estado": "D.M. Titulado D.L. 109", "fec_denuncio": "4/07/1980", "lon": -76.832985, "lat": -12.178505, "fen_pc_dist_m": 1898.4, "fen_peligro": "Erosión fluvial", "fen_nivel": "Muy Alto", "fen_pc_dpto": "Lima", "fen_pc_prov": "Lima"}, "geometry": {"type": "Polygon", "coordinates": [[[-76.84604969559763, -12.17532504540914], [-76.8279253619352, -12.19575549074068], [-76.81338858796418, -12.18327341560236], [-76.83151347047428, -12.16284405096818], [-76.84604969559763, -12.17532504540914]]]}}, {"type": "Feature", "properties": {"codigou": "11000370Y01", "concesion": "SAN MIGUEL DOS", "titular": "UNACEM PERU S.A.", "estado": "D.M. Titulado D.L. 109", "fec_denuncio": "18/06/1958", "lon": -76.89283, "lat": -12.176221, "fen_pc_dist_m": 3787.6, "fen_peligro": "Inundación, Erosión fluvial", "fen_nivel": "Alto", "fen_pc_dpto": "Lima", "fen_pc_prov": "Lima"}, "geometry": {"type": "Polygon", "coordinates": [[[-76.89103027375943, -12.17351453489992], [-76.89468100105773, -12.17309695212632], [-76.89553008648173, -12.18028008060775], [-76.89187935758723, -12.18069768813693], [-76.89103027375943, -12.17351453489992]]]}}, {"type": "Feature", "properties": {"codigou": "11000102Y02", "concesion": "MIRAFLORES", "titular": "UNACEM PERU S.A.", "estado": "D.M. Titulado D.L. 109", "fec_denuncio": "2/10/1939", "lon": -76.887738, "lat": -12.172042, "fen_pc_dist_m": 3443.8, "fen_peligro": "Inundación, Erosión fluvial", "fen_nivel": "Alto", "fen_pc_dpto": "Lima", "fen_pc_prov": "Lima"}, "geometry": {"type": "Polygon", "coordinates": [[[-76.88317235846245, -12.17118083006993], [-76.89410087788215, -12.1697488242884], [-76.8945861127131, -12.1733327913144], [-76.883657454461, -12.17476474687434], [-76.88317235846245, -12.17118083006993]]]}}, {"type": "Feature", "properties": {"codigou": "010207495", "concesion": "EL SILENCIO 8", "titular": "UNACEM PERU S.A.", "estado": "D.M. Titulado D.L. 708", "fec_denuncio": "2/01/1995", "lon": -76.847213, "lat": -12.125996, "fen_pc_dist_m": 2303.9, "fen_peligro": "Inundación", "fen_nivel": "", "fen_pc_dpto": "Lima", "fen_pc_prov": "Lima"}, "geometry": {"type": "Polygon", "coordinates": [[[-76.83981486713797, -12.11881380986179], [-76.85818569702792, -12.11869120426317], [-76.85831092191712, -12.13676842297825], [-76.83993876323044, -12.13689112692113], [-76.83981486713797, -12.11881380986179]]]}}, {"type": "Feature", "properties": {"codigou": "010215696", "concesion": "CRISTINA IX", "titular": "MINERA UNA S.A.", "estado": "D.M. Titulado D.L. 708", "fec_denuncio": "16/07/1996", "lon": -75.624059, "lat": -14.095426, "fen_pc_dist_m": 5325.4, "fen_peligro": "Inundación, flujo de detritos", "fen_nivel": "Muy alto", "fen_pc_dpto": "Ica", "fen_pc_prov": "Ica"}, "geometry": {"type": "Polygon", "coordinates": [[[-75.61342330219847, -14.07737045150551], [-75.62268600938566, -14.07734663740657], [-75.62275936071599, -14.1044710853418], [-75.64128672544558, -14.10442247479989], [-75.6413120024846, -14.11346391124828], [-75.61351974160088, -14.1135364316779], [-75.61342330219847, -14.07737045150551]]]}}, {"type": "Feature", "properties": {"codigou": "010076497", "concesion": "TAPO B", "titular": "MINERA UNA S.A.", "estado": "D.M. Titulado D.L. 708", "fec_denuncio": "6/02/1997", "lon": -75.597956, "lat": -11.440874, "fen_pc_dist_m": 8270.5, "fen_peligro": "Inundación", "fen_nivel": "", "fen_pc_dpto": "Junín", "fen_pc_prov": "Tarma"}, "geometry": {"type": "Polygon", "coordinates": [[[-75.5979288658772, -11.42795467417041], [-75.60709566755915, -11.4279358313471], [-75.60715311100874, -11.45506569748719], [-75.58881783757823, -11.45510309695374], [-75.588799225424, -11.44605984383641], [-75.5979666247154, -11.44604125752623], [-75.5979288658772, -11.42795467417041]]]}}, {"type": "Feature", "properties": {"codigou": "010505695", "concesion": "ANDINO 95E", "titular": "UNACEM PERU S.A.", "estado": "D.M. Titulado D.L. 708", "fec_denuncio": "2/01/1995", "lon": -75.806764, "lat": -11.36958, "fen_pc_dist_m": 8317.6, "fen_peligro": "Inundación", "fen_nivel": "", "fen_pc_dpto": "Junín", "fen_pc_prov": "Tarma"}, "geometry": {"type": "Polygon", "coordinates": [[[-75.79939237642725, -11.35513112159593], [-75.8177204064511, -11.3550809576574], [-75.8178232254536, -11.39125255620634], [-75.799492883277, -11.39130288433341], [-75.79939237642725, -11.35513112159593]]]}}, {"type": "Feature", "properties": {"codigou": "010374805", "concesion": "PUZOL 6", "titular": "MINERA UNA S.A.", "estado": "D.M. Titulado D.L. 708", "fec_denuncio": "18/11/2005", "lon": -76.388313, "lat": -12.85245, "fen_pc_dist_m": 6019.1, "fen_peligro": "Erosión fluvial", "fen_nivel": "Alto", "fen_pc_dpto": "Lima", "fen_pc_prov": "Cañete"}, "geometry": {"type": "Polygon", "coordinates": [[[-76.375108412268, -12.84477090319369], [-76.39353475540784, -12.8446737705624], [-76.39358459931758, -12.85371390076011], [-76.40279804322542, -12.85366481431083], [-76.40284825520688, -12.86270499283896], [-76.37520672935074, -12.8628514797181], [-76.375108412268, -12.84477090319369]]]}}, {"type": "Feature", "properties": {"codigou": "010426596", "concesion": "SANTA ADA Nº 1", "titular": "MINERA UNA S.A.", "estado": "D.M. Titulado D.L. 708", "fec_denuncio": "12/12/1996", "lon": -75.422987, "lat": -12.025948, "fen_pc_dist_m": 275.2, "fen_peligro": "Inundación", "fen_nivel": null, "fen_pc_dpto": "Junín", "fen_pc_prov": "Concepción"}, "geometry": {"type": "Polygon", "coordinates": [[[-75.40626921407406, -12.01610827273078], [-75.43382875789851, -12.01606677479953], [-75.43384315321454, -12.02510997806169], [-75.44303001263324, -12.02509547020276], [-75.44304472664753, -12.03413865645298], [-75.42467056570014, -12.03416730145483], [-75.42465637380874, -12.02512409327372], [-75.41546958308292, -12.02513799684507], [-75.41548346783743, -12.03418112528258], [-75.4062963588978, -12.03419473723423], [-75.40626921407406, -12.01610827273078]]]}}, {"type": "Feature", "properties": {"codigou": "11013670X01", "concesion": "ATOCONGO TRES", "titular": "UNACEM PERU S.A.", "estado": "Acumulación D.M. Titulada", "fec_denuncio": "18/06/1958", "lon": -76.908108, "lat": -12.167738, "fen_pc_dist_m": 5665.0, "fen_peligro": "Inundación, Erosión fluvial", "fen_nivel": "Alto", "fen_pc_dpto": "Lima", "fen_pc_prov": "Lima"}, "geometry": {"type": "Polygon", "coordinates": [[[-76.9024276019868, -12.16037991136128], [-76.91429150577432, -12.15902199923648], [-76.91662797418601, -12.17877529309033], [-76.90476314466602, -12.1801335242045], [-76.9024276019868, -12.16037991136128]]]}}, {"type": "Feature", "properties": {"codigou": "11013671X01", "concesion": "ATOCONGO CUATRO", "titular": "UNACEM PERU S.A.", "estado": "Acumulación D.M. Titulada", "fec_denuncio": "18/06/1958", "lon": -76.915757, "lat": -12.199019, "fen_pc_dist_m": 4967.5, "fen_peligro": "Erosión fluvial", "fen_nivel": "Muy Alto", "fen_pc_dpto": "Lima", "fen_pc_prov": "Lima"}, "geometry": {"type": "Polygon", "coordinates": [[[-76.9064051298686, -12.19453507547921], [-76.92833751554873, -12.19225898577974], [-76.92978418134348, -12.20574360624654], [-76.90785064099435, -12.20801988366869], [-76.9064051298686, -12.19453507547921]]]}}, {"type": "Feature", "properties": {"codigou": "11008224X01", "concesion": "SANTA CATALINA DE SIENA", "titular": "MINERA UNA S.A.", "estado": "D.M. Titulado D.L. 109", "fec_denuncio": "13/03/1951", "lon": -76.620031, "lat": -12.556309, "fen_pc_dist_m": 1971.1, "fen_peligro": "Inundación, flujo de detritos, erosión", "fen_nivel": null, "fen_pc_dpto": "Lima", "fen_pc_prov": "Cañete"}, "geometry": {"type": "Polygon", "coordinates": [[[-76.61504058192669, -12.54944773969551], [-76.63191789840444, -12.55665304007147], [-76.62751726805496, -12.56660093179496], [-76.61063935471759, -12.55939542393306], [-76.61504058192669, -12.54944773969551]]]}}, {"type": "Feature", "properties": {"codigou": "P0101865", "concesion": "LAR LIMA", "titular": "UNACEM PERU S.A.", "estado": "Planta de Beneficio", "fec_denuncio": "29/10/1984", "lon": -76.906157, "lat": -12.191437, "fen_pc_dist_m": 4253.6, "fen_peligro": "Erosión fluvial", "fen_nivel": "Muy Alto", "fen_pc_dpto": "Lima", "fen_pc_prov": "Lima"}, "geometry": {"type": "Polygon", "coordinates": [[[-76.906692308089, -12.19240791689635], [-76.90557552763059, -12.19250250049653], [-76.90535492349908, -12.18998105914521], [-76.90647169374961, -12.18988647798392], [-76.906692308089, -12.19240791689635]]]}}, {"type": "Feature", "properties": {"codigou": "DR0000003", "concesion": "OFIC.DE BENEF. ANEXO TERCERO", "titular": "UNION ANDINA DE CEMENTOS S.A.A.-UNACEM S.A.A.", "estado": "Depósito de Relaves", "fec_denuncio": "<Null>", "lon": -76.67153, "lat": -12.62465, "fen_pc_dist_m": 3865.4, "fen_peligro": "", "fen_nivel": null, "fen_pc_dpto": "Lima", "fen_pc_prov": "Cañete"}, "geometry": {"type": "Polygon", "coordinates": [[[-76.67094159514579, -12.62188572934388], [-76.67527055340886, -12.62525327036161], [-76.67241297733143, -12.62879613490493], [-76.6680839847787, -12.625428551146], [-76.67094159514579, -12.62188572934388]]]}}, {"type": "Feature", "properties": {"codigou": "11005886X01", "concesion": "SAN GIORGIO", "titular": "UNACEM PERU S.A.", "estado": "D.M. Titulado D.L. 109", "fec_denuncio": "26/05/1944", "lon": -76.894302, "lat": -12.184101, "fen_pc_dist_m": 3496.2, "fen_peligro": "Inundación, Erosión fluvial", "fen_nivel": "Alto", "fen_pc_dpto": "Lima", "fen_pc_prov": "Lima"}, "geometry": {"type": "Polygon", "coordinates": [[[-76.89264354216711, -12.18286789244821], [-76.89628370556837, -12.18236899490504], [-76.89679077369485, -12.18595017640914], [-76.89315056442602, -12.18644908762309], [-76.89264354216711, -12.18286789244821]]]}}, {"type": "Feature", "properties": {"codigou": "010249103", "concesion": "CELIC", "titular": "MINERA UNA S.A.", "estado": "D.M. Titulado D.L. 708", "fec_denuncio": "23/07/2003", "lon": -75.639369, "lat": -11.612871, "fen_pc_dist_m": 10764.7, "fen_peligro": "Inundación", "fen_nivel": "", "fen_pc_dpto": "Junín", "fen_pc_prov": "Tarma"}, "geometry": {"type": "Polygon", "coordinates": [[[-75.63341425651728, -11.59786303790554], [-75.65909382483278, -11.60753435674048], [-75.64830320295887, -11.63538419162577], [-75.62262135219565, -11.62571195569385], [-75.63341425651728, -11.59786303790554]]]}}, {"type": "Feature", "properties": {"codigou": "010280303", "concesion": "GABRIELLA 7", "titular": "MINERA CRONOS S.A.C.", "estado": "D.M. Titulado D.L. 708", "fec_denuncio": "22/08/2003", "lon": -76.335672, "lat": -12.703939, "fen_pc_dist_m": 15364.1, "fen_peligro": "Inundación, erosión fluvial", "fen_nivel": "Muy alto", "fen_pc_dpto": "Lima", "fen_pc_prov": "Cañete"}, "geometry": {"type": "Polygon", "coordinates": [[[-76.3282866654316, -12.70036015757189], [-76.34670290988144, -12.70026725624298], [-76.34675052004212, -12.7093077533529], [-76.3283335329058, -12.70940072334199], [-76.3282866654316, -12.70036015757189]]]}}, {"type": "Feature", "properties": {"codigou": "010285405", "concesion": "MARIAFERNANDA 1", "titular": "UNACEM PERU S.A.", "estado": "D.M. Titulado D.L. 708", "fec_denuncio": "7/09/2005", "lon": -76.854474, "lat": -12.113293, "fen_pc_dist_m": 3842.3, "fen_peligro": "Inundación", "fen_nivel": "", "fen_pc_dpto": "Lima", "fen_pc_prov": "Lima"}, "geometry": {"type": "Polygon", "coordinates": [[[-76.85812315984963, -12.10965258560685], [-76.85818569702792, -12.11869120426317], [-76.84900030673633, -12.11875261382214], [-76.84893807826163, -12.10971394802375], [-76.85812315984963, -12.10965258560685]]]}}, {"type": "Feature", "properties": {"codigou": "010374305", "concesion": "PUZOL 1", "titular": "MINERA UNA S.A.", "estado": "D.M. Titulado D.L. 708", "fec_denuncio": "18/11/2005", "lon": -76.43335, "lat": -12.825374, "fen_pc_dist_m": 9578.0, "fen_peligro": "Inundación, erosión fluvial", "fen_nivel": "Alto", "fen_pc_dpto": "Lima", "fen_pc_prov": "Cañete"}, "geometry": {"type": "Polygon", "coordinates": [[[-76.42102190402196, -12.81740518074794], [-76.44865782441929, -12.81725439179931], [-76.44870952576144, -12.82629441413196], [-76.43949726283047, -12.82634500605577], [-76.43954858284148, -12.83538505931768], [-76.43033595188135, -12.83543536535816], [-76.43028496061693, -12.82639527550213], [-76.42107252775575, -12.82644531336291], [-76.42102190402196, -12.81740518074794]]]}}, {"type": "Feature", "properties": {"codigou": "010374505", "concesion": "PUZOL 3", "titular": "MINERA UNA S.A.", "estado": "D.M. Titulado D.L. 708", "fec_denuncio": "18/11/2005", "lon": -76.410494, "lat": -12.817462, "fen_pc_dist_m": 10309.4, "fen_peligro": "Erosión fluvial", "fen_nivel": "Alto", "fen_pc_dpto": "Lima", "fen_pc_prov": "Cañete"}, "geometry": {"type": "Polygon", "coordinates": [[[-76.4024977601005, -12.79942369814795], [-76.42092058862362, -12.79932489733062], [-76.42112328239088, -12.83548543908037], [-76.41191057360254, -12.8355350996777], [-76.41186014772694, -12.82649493783242], [-76.40264772916908, -12.82654423980548], [-76.4024977601005, -12.79942369814795]]]}}, {"type": "Feature", "properties": {"codigou": "010381305", "concesion": "QUILMANA XXII", "titular": "MINERA CRONOS S.A.C.", "estado": "D.M. Titulado D.L. 708", "fec_denuncio": "24/11/2005", "lon": -76.408708, "lat": -12.8336, "fen_pc_dist_m": 8539.5, "fen_peligro": "Erosión fluvial", "fen_nivel": "Alto", "fen_pc_dpto": "Lima", "fen_pc_prov": "Cañete"}, "geometry": {"type": "Polygon", "coordinates": [[[-76.3918120535448, -12.82338704382554], [-76.40661127743842, -12.81261681165604], [-76.43404966328028, -12.84891692885638], [-76.41925315949362, -12.8596930989832], [-76.3918120535448, -12.82338704382554]]]}}, {"type": "Feature", "properties": {"codigou": "08017155X01", "concesion": "CANTERA Nº 3", "titular": "UNACEM PERU S.A.", "estado": "D.M. Exting. a publicar de L.D.", "fec_denuncio": "6/10/1960", "lon": -75.817104, "lat": -11.35633, "fen_pc_dist_m": 8366.3, "fen_peligro": "Inundación, flujo de detritos, erosión", "fen_nivel": null, "fen_pc_dpto": "Junín", "fen_pc_prov": "Tarma"}, "geometry": {"type": "Polygon", "coordinates": [[[-75.8176440798718, -11.35489153891359], [-75.81879121708981, -11.35735698652824], [-75.81629270520394, -11.35848894666791], [-75.81514558354108, -11.35602348834772], [-75.8176440798718, -11.35489153891359]]]}}, {"type": "Feature", "properties": {"codigou": "11005092X01", "concesion": "SAN MIGUEL", "titular": "UNACEM PERU S.A.", "estado": "D.M. Titulado D.L. 109", "fec_denuncio": "17/10/1939", "lon": -76.893413, "lat": -12.185516, "fen_pc_dist_m": 3323.5, "fen_peligro": "Inundación, Erosión fluvial", "fen_nivel": "Alto", "fen_pc_dpto": "Lima", "fen_pc_prov": "Lima"}, "geometry": {"type": "Polygon", "coordinates": [[[-76.89146984857732, -12.18212301415513], [-76.89511282230497, -12.1816454453319], [-76.89632659995266, -12.190605147004], [-76.89268351093415, -12.1910827493693], [-76.89146984857732, -12.18212301415513]]]}}, {"type": "Feature", "properties": {"codigou": "010005497", "concesion": "SANTA ADA Nº 3", "titular": "MINERA UNA S.A.", "estado": "D.M. Titulado D.L. 708", "fec_denuncio": "6/01/1997", "lon": -75.184594, "lat": -12.186875, "fen_pc_dist_m": 4423.1, "fen_peligro": "Inundación", "fen_nivel": "", "fen_pc_dpto": "Junín", "fen_pc_prov": "Huancayo"}, "geometry": {"type": "Polygon", "coordinates": [[[-75.17670997375588, -12.1791290818898], [-75.19509447887643, -12.17911661105902], [-75.19510108491735, -12.18815991628927], [-75.18590852358912, -12.18816626437851], [-75.1859148234066, -12.19720956853778], [-75.17672194554885, -12.19721561492806], [-75.17670997375588, -12.1791290818898]]]}}, {"type": "Feature", "properties": {"codigou": "010158507", "concesion": "LIME 6", "titular": "MINERA UNA S.A.", "estado": "D.M. Titulado D.L. 708", "fec_denuncio": "26/02/2007", "lon": -76.168253, "lat": -12.832714, "fen_pc_dist_m": 10899.5, "fen_peligro": "Inundación, erosión fluvial", "fen_nivel": "Alto", "fen_pc_dpto": "Lima", "fen_pc_prov": "Cañete"}, "geometry": {"type": "Polygon", "coordinates": [[[-76.1722833614867, -12.81863175004593], [-76.18149633299076, -12.81859054243659], [-76.18166512434647, -12.85475439465717], [-76.15402207381261, -12.8548774985126], [-76.15393963570264, -12.83679545135674], [-76.16315332813049, -12.83675473906471], [-76.1631118732562, -12.82771369011901], [-76.17232520542271, -12.82767277513518], [-76.1722833614867, -12.81863175004593]]]}}, {"type": "Feature", "properties": {"codigou": "010158607", "concesion": "LIME 7", "titular": "MINERA UNA S.A.", "estado": "D.M. Titulado D.L. 708", "fec_denuncio": "26/02/2007", "lon": -76.139815, "lat": -12.862337, "fen_pc_dist_m": 7414.9, "fen_peligro": "Inundación, erosión", "fen_nivel": "", "fen_pc_dpto": "Lima", "fen_pc_prov": "Cañete"}, "geometry": {"type": "Polygon", "coordinates": [[[-76.14476683175545, -12.8458768514196], [-76.15398088528313, -12.84583652310845], [-76.15410473051611, -12.87295961028484], [-76.14488968833933, -12.87300011697324], [-76.14493064121649, -12.88204110264872], [-76.11728433663973, -12.88216058542317], [-76.11720435003389, -12.86407834458215], [-76.13563393025225, -12.86399909828955], [-76.13559327703864, -12.85495798081547], [-76.14480769126159, -12.85491794655184], [-76.14476683175545, -12.8458768514196]]]}}, {"type": "Feature", "properties": {"codigou": "010159207", "concesion": "LIME 13", "titular": "MINERA UNA S.A.", "estado": "D.M. Titulado D.L. 708", "fec_denuncio": "26/02/2007", "lon": -76.04009, "lat": -12.934919, "fen_pc_dist_m": 6753.8, "fen_peligro": "Inundación", "fen_nivel": "", "fen_pc_dpto": "Lima", "fen_pc_prov": "Cañete"}, "geometry": {"type": "Polygon", "coordinates": [[[-76.02531185604737, -12.92774484904734], [-76.06218143636282, -12.92759735174824], [-76.06225786846574, -12.94567992766672], [-76.02538572523653, -12.94582763768759], [-76.02531185604737, -12.92774484904734]]]}}, {"type": "Feature", "properties": {"codigou": "010159307", "concesion": "LIME 14", "titular": "MINERA UNA S.A.", "estado": "D.M. Titulado D.L. 708", "fec_denuncio": "26/02/2007", "lon": -76.030946, "lat": -12.953038, "fen_pc_dist_m": 8434.2, "fen_peligro": "Erosión fluvial", "fen_nivel": "Alto", "fen_pc_dpto": "Lima", "fen_pc_prov": "Cañete"}, "geometry": {"type": "Polygon", "coordinates": [[[-76.01616761897513, -12.94586381856617], [-76.05303987550468, -12.9457173212215], [-76.05311575901413, -12.96379992564756], [-76.01624084296012, -12.96394654381097], [-76.01616761897513, -12.94586381856617]]]}}, {"type": "Feature", "properties": {"codigou": "010398508", "concesion": "LA CALERA 2", "titular": "MINERA CRONOS S.A.C.", "estado": "D.M. Titulado D.L. 708", "fec_denuncio": "15/07/2008", "lon": -76.369394, "lat": -11.741814, "fen_pc_dist_m": 7423.5, "fen_peligro": "Inundación, Erosión fluvial", "fen_nivel": "Alto", "fen_pc_dpto": "Lima", "fen_pc_prov": "Huarochiri"}, "geometry": {"type": "Polygon", "coordinates": [[[-76.3693047489606, -11.72373232216745], [-76.37847895069484, -11.72368835384592], [-76.37865831351553, -11.759852207841], [-76.36030739144547, -11.75994021967919], [-76.36026309377863, -11.750899240615], [-76.36943822792843, -11.75085537185142], [-76.3693047489606, -11.72373232216745]]]}}, {"type": "Feature", "properties": {"codigou": "010652308", "concesion": "HUANDO 2008B", "titular": "MINERA UNA S.A.", "estado": "D.M. Titulado D.L. 708", "fec_denuncio": "17/11/2008", "lon": -74.941713, "lat": -12.567036, "fen_pc_dist_m": 6508.6, "fen_peligro": "Inundación", "fen_nivel": "Medio", "fen_pc_dpto": "Huancavelica", "fen_pc_prov": "Huancavelica"}, "geometry": {"type": "Polygon", "coordinates": [[[-74.93762403256606, -12.55899735263203], [-74.94682943458325, -12.55899933533652], [-74.9468274842135, -12.5680423468366], [-74.95603320940494, -12.56804401486496], [-74.95603167160841, -12.57708711196146], [-74.92841353470222, -12.57708106457236], [-74.92841603841907, -12.56803806232423], [-74.93762176046809, -12.56804036265627], [-74.93762403256606, -12.55899735263203]]]}}, {"type": "Feature", "properties": {"codigou": "010659808", "concesion": "GUILLER 1", "titular": "MINERA UNA S.A.", "estado": "D.M. Titulado D.L. 708", "fec_denuncio": "25/11/2008", "lon": -76.244777, "lat": -12.94668, "fen_pc_dist_m": 4343.5, "fen_peligro": "Inundación, erosión fluvial", "fen_nivel": "Alto", "fen_pc_dpto": "Lima", "fen_pc_prov": "Cañete"}, "geometry": {"type": "Polygon", "coordinates": [[[-76.25578374071914, -12.93577803147913], [-76.25591949416992, -12.96290000310607], [-76.2282653165564, -12.96303200757354], [-76.2281325524464, -12.93590975070297], [-76.25578374071914, -12.93577803147913]]]}}, {"type": "Feature", "properties": {"codigou": "010088010", "concesion": "CRONOS IX", "titular": "MINERA CRONOS S.A.C.", "estado": "D.M. Titulado D.L. 708", "fec_denuncio": "1/02/2010", "lon": -76.39239, "lat": -12.875676, "fen_pc_dist_m": 3545.8, "fen_peligro": "Erosión fluvial", "fen_nivel": "Alto", "fen_pc_dpto": "Lima", "fen_pc_prov": "Cañete"}, "geometry": {"type": "Polygon", "coordinates": [[[-76.38442067078118, -12.86280300402217], [-76.40284825520688, -12.86270499283896], [-76.40299902885926, -12.88982549042865], [-76.39378426533682, -12.88987471955187], [-76.39373426870505, -12.88083452459895], [-76.38451979739747, -12.88088339413135], [-76.38442067078118, -12.86280300402217]]]}}, {"type": "Feature", "properties": {"codigou": "010155611", "concesion": "CRONOS XII", "titular": "MINERA CRONOS S.A.C.", "estado": "D.M. Titulado D.L. 708", "fec_denuncio": "1/02/2011", "lon": -75.536368, "lat": -12.746967, "fen_pc_dist_m": 14993.2, "fen_peligro": "Inundación, Erosión fluvial", "fen_nivel": "Alto", "fen_pc_dpto": "Lima", "fen_pc_prov": "Yauyos"}, "geometry": {"type": "Polygon", "coordinates": [[[-75.53633325673547, -12.73027328814105], [-75.55475586914383, -12.73023525098996], [-75.55479520754453, -12.74832037155768], [-75.5455832555765, -12.74833953314566], [-75.54560252841564, -12.75738209835462], [-75.5363902348299, -12.75740104337274], [-75.53640928729479, -12.76644352556289], [-75.5179839097947, -12.76648038916435], [-75.51794721966553, -12.74839527418871], [-75.52715921532925, -12.7483769845568], [-75.52714051861038, -12.73933438597742], [-75.53635226551731, -12.73931587935191], [-75.53633325673547, -12.73027328814105]]]}}, {"type": "Feature", "properties": {"codigou": "010458011", "concesion": "CRONOS XVIII", "titular": "MINERA CRONOS S.A.C.", "estado": "D.M. Titulado D.L. 708", "fec_denuncio": "13/09/2011", "lon": -75.549775, "lat": -12.240644, "fen_pc_dist_m": 11280.2, "fen_peligro": "Inundación, erosión fluvial", "fen_nivel": "Alto", "fen_pc_dpto": "Junín", "fen_pc_prov": "Chupaca"}, "geometry": {"type": "Polygon", "coordinates": [[[-75.52611775110319, -12.23294036404828], [-75.5720864957897, -12.23284827625828], [-75.57210595482869, -12.2418911454446], [-75.56291194165696, -12.24191022843163], [-75.56293110306521, -12.25095301566785], [-75.52615355643456, -12.25102614583034], [-75.52611775110319, -12.23294036404828]]]}}, {"type": "Feature", "properties": {"codigou": "010000304LF", "concesion": "ACUMULACION OYON 5", "titular": "MINERA UNA S.A.", "estado": "Acumulación D.M. Titulada", "fec_denuncio": "16/08/2004", "lon": -76.747585, "lat": -10.700231, "fen_pc_dist_m": 4550.7, "fen_peligro": "Inundación, erosión", "fen_nivel": "", "fen_pc_dpto": "Lima", "fen_pc_prov": "Oyón"}, "geometry": {"type": "Polygon", "coordinates": [[[-76.74783742280472, -10.68696370249865], [-76.76663280045948, -10.68340993432738], [-76.76667662406479, -10.69100342021026], [-76.7575366240785, -10.69105501209514], [-76.7575885851458, -10.70009491571802], [-76.74844817683311, -10.70014628521588], [-76.74846993913114, -10.70394306153026], [-76.74855169772722, -10.71822625519681], [-76.73941079302826, -10.71827744496933], [-76.73943379276776, -10.72231994227441], [-76.72607216373704, -10.71288117812099], [-76.73081435826178, -10.70704005353263], [-76.74398147294856, -10.69082068111674], [-76.74447688886079, -10.69032512865253], [-76.74783742280472, -10.68696370249865]]]}}, {"type": "Feature", "properties": {"codigou": "010000414", "concesion": "PEPE 2013 A", "titular": "MINERA UNA S.A.", "estado": "D.M. Titulado D.L. 708", "fec_denuncio": "2/01/2014", "lon": -76.356235, "lat": -11.735777, "fen_pc_dist_m": 6934.5, "fen_peligro": "Inundación", "fen_nivel": "", "fen_pc_dpto": "Lima", "fen_pc_prov": "Huarochiri"}, "geometry": {"type": "Polygon", "coordinates": [[[-76.35827186556949, -11.72505819195054], [-76.36602594454453, -11.72253611609273], [-76.37177414558353, -11.73969767607427], [-76.36135240198338, -11.74308770214674], [-76.3609643849717, -11.74205966859865], [-76.33689282393088, -11.75088080991044], [-76.33283020424048, -11.73874686629619], [-76.35972875890494, -11.73486884619917], [-76.35827186556949, -11.72505819195054]]]}}, {"type": "Feature", "properties": {"codigou": "010147723", "concesion": "PACAYCASA 21C", "titular": "UNACEM PERU S.A.", "estado": "D.M. Titulado D.L. 708", "fec_denuncio": "27/06/2023", "lon": -74.21048, "lat": -13.055441, "fen_pc_dist_m": 798.0, "fen_peligro": "Inundación", "fen_nivel": "", "fen_pc_dpto": "Ayacucho", "fen_pc_prov": "Huamanga"}, "geometry": {"type": "Polygon", "coordinates": [[[-74.2068027026793, -13.05181318485783], [-74.21602531503791, -13.05184129067966], [-74.21599680409115, -13.06088311662083], [-74.20677385641737, -13.06085499066352], [-74.2068027026793, -13.05181318485783]]]}}, {"type": "Feature", "properties": {"codigou": "010377514", "concesion": "MASAPUZOL II 2014", "titular": "MINERA UNA S.A.", "estado": "D.M. Titulado D.L. 708", "fec_denuncio": "5/11/2014", "lon": -76.441155, "lat": -12.79379, "fen_pc_dist_m": 6835.1, "fen_peligro": "Inundación, erosión fluvial", "fen_nivel": "Muy alto", "fen_pc_dpto": "Lima", "fen_pc_prov": "Cañete"}, "geometry": {"type": "Polygon", "coordinates": [[[-76.43008110992743, -12.79023494400175], [-76.45771396061855, -12.79008351973635], [-76.45776587112941, -12.79912352420914], [-76.43013203723334, -12.79927505894054], [-76.43008110992743, -12.79023494400175]]]}}, {"type": "Feature", "properties": {"codigou": "010000215", "concesion": "PEPE 2015D", "titular": "MINERA UNA S.A.", "estado": "D.M. Titulado D.L. 708", "fec_denuncio": "5/01/2015", "lon": -76.364084, "lat": -11.781621, "fen_pc_dist_m": 3448.7, "fen_peligro": "Erosión fluvial", "fen_nivel": "Alto", "fen_pc_dpto": "Lima", "fen_pc_prov": "Huarochiri"}, "geometry": {"type": "Polygon", "coordinates": [[[-76.36039600557055, -11.77802234141158], [-76.36957212978164, -11.77797836816683], [-76.36961683704808, -11.78701929488372], [-76.36044041290982, -11.7870633028139], [-76.36039600557055, -11.77802234141158]]]}}, {"type": "Feature", "properties": {"codigou": "010000315", "concesion": "PEPE 2015C", "titular": "MINERA UNA S.A.", "estado": "D.M. Titulado D.L. 708", "fec_denuncio": "5/01/2015", "lon": -76.368716, "lat": -11.766659, "fen_pc_dist_m": 5066.2, "fen_peligro": "Inundación, Erosión fluvial", "fen_nivel": "Alto", "fen_pc_dpto": "Lima", "fen_pc_prov": "Huarochiri"}, "geometry": {"type": "Polygon", "coordinates": [[[-76.35940245558992, -11.76214127162757], [-76.37677559922145, -11.75631717758563], [-76.38268712710821, -11.77343541235719], [-76.36531302389595, -11.7792599664049], [-76.35940245558992, -11.76214127162757]]]}}, {"type": "Feature", "properties": {"codigou": "010027316", "concesion": "ANDINO 2016A", "titular": "UNACEM PERU S.A.", "estado": "D.M. Titulado D.L. 708", "fec_denuncio": "4/01/2016", "lon": -75.876915, "lat": -11.34865, "fen_pc_dist_m": 12927.5, "fen_peligro": "Inundación, flujo de detritos, erosión", "fen_nivel": null, "fen_pc_dpto": "Junín", "fen_pc_prov": "Tarma"}, "geometry": {"type": "Polygon", "coordinates": [[[-75.87262198388231, -11.32779512544149], [-75.88178501147732, -11.32776802007776], [-75.88184027847575, -11.34585356218009], [-75.89100385825469, -11.34582603740682], [-75.89105970488052, -11.3639115124046], [-75.88189563974056, -11.36393908189626], [-75.88192335559269, -11.37298178813545], [-75.87275888636123, -11.37300909524941], [-75.87270405545223, -11.3549235422058], [-75.86354023202871, -11.3549505198254], [-75.86348607067048, -11.33686480989408], [-75.87264931784429, -11.33683796676448], [-75.87262198388231, -11.32779512544149]]]}}, {"type": "Feature", "properties": {"codigou": "010027616", "concesion": "PEPE 2016A", "titular": "MINERA UNA S.A.", "estado": "D.M. Titulado D.L. 708", "fec_denuncio": "4/01/2016", "lon": -76.375141, "lat": -11.790609, "fen_pc_dist_m": 3332.0, "fen_peligro": "Erosión fluvial", "fen_nivel": "Alto", "fen_pc_dpto": "Lima", "fen_pc_prov": "Huarochiri"}, "geometry": {"type": "Polygon", "coordinates": [[[-76.3787932248153, -11.78697508173805], [-76.37883817729951, -11.79601596808101], [-76.3696615815793, -11.79606030611167], [-76.36961683704808, -11.78701929488372], [-76.3787932248153, -11.78697508173805]]]}}, {"type": "Feature", "properties": {"codigou": "620005819", "concesion": "MIRARE II", "titular": "UNACEM PERU S.A.", "estado": "D.M. Titulado D.L. 708", "fec_denuncio": "31/07/2019", "lon": -75.135441, "lat": -10.922377, "fen_pc_dist_m": 5531.7, "fen_peligro": "Inundación, erosión fluvial", "fen_nivel": "Muy alto", "fen_pc_dpto": "Junín", "fen_pc_prov": "Chanchamayo"}, "geometry": {"type": "Polygon", "coordinates": [[[-75.12811862246626, -10.9187629177167], [-75.14642124389124, -10.91875470920665], [-75.1464256756383, -10.92779873115615], [-75.12812250024992, -10.92780694662651], [-75.12811862246626, -10.9187629177167]]]}}, {"type": "Feature", "properties": {"codigou": "010117520", "concesion": "LCC3 2020", "titular": "MINERA UNA S.A.", "estado": "D.M. Titulado D.L. 708", "fec_denuncio": "21/08/2020", "lon": -76.258538, "lat": -11.209161, "fen_pc_dist_m": 3140.6, "fen_peligro": "Inundación, erosión fluvial", "fen_nivel": "Alto", "fen_pc_dpto": "Junín", "fen_pc_prov": "Yauli"}, "geometry": {"type": "Polygon", "coordinates": [[[-76.25485943865448, -11.20555972784607], [-76.26401745084112, -11.20552109888576], [-76.26405673581067, -11.21456276472218], [-76.25489843918075, -11.21460142563101], [-76.25485943865448, -11.20555972784607]]]}}, {"type": "Feature", "properties": {"codigou": "010099820", "concesion": "LCC2 2020", "titular": "MINERA UNA S.A.", "estado": "D.M. Titulado D.L. 708", "fec_denuncio": "5/08/2020", "lon": -76.267696, "lat": -11.209122, "fen_pc_dist_m": 2141.7, "fen_peligro": "Inundación, erosión fluvial", "fen_nivel": "Alto", "fen_pc_dpto": "Junín", "fen_pc_prov": "Yauli"}, "geometry": {"type": "Polygon", "coordinates": [[[-76.26401745084112, -11.20552109888576], [-76.27317542930817, -11.205482189213], [-76.27321499871593, -11.21452382286872], [-76.26405673581067, -11.21456276472218], [-76.26401745084112, -11.20552109888576]]]}}, {"type": "Feature", "properties": {"codigou": "010099920", "concesion": "LCC1 2020", "titular": "MINERA UNA S.A.", "estado": "D.M. Titulado D.L. 708", "fec_denuncio": "5/08/2020", "lon": -76.267657, "lat": -11.200081, "fen_pc_dist_m": 2344.0, "fen_peligro": "Inundación, erosión fluvial", "fen_nivel": "Alto", "fen_pc_dpto": "Junín", "fen_pc_prov": "Yauli"}, "geometry": {"type": "Polygon", "coordinates": [[[-76.26397819959118, -11.19647942744969], [-76.27313589386414, -11.19644054995569], [-76.27317542930817, -11.205482189213], [-76.26401745084112, -11.20552109888576], [-76.26397819959118, -11.19647942744969]]]}}, {"type": "Feature", "properties": {"codigou": "010290420", "concesion": "LCC4 2020", "titular": "MINERA UNA S.A.", "estado": "D.M. Titulado D.L. 708", "fec_denuncio": "17/11/2020", "lon": -76.24938, "lat": -11.209199, "fen_pc_dist_m": 4139.5, "fen_peligro": "Inundación, erosión fluvial", "fen_nivel": "Alto", "fen_pc_dpto": "Junín", "fen_pc_prov": "Yauli"}, "geometry": {"type": "Polygon", "coordinates": [[[-76.24570139299234, -11.20559807608904], [-76.25485943865448, -11.20555972784607], [-76.25489843918075, -11.21460142563101], [-76.24574010907033, -11.21463980559035], [-76.24570139299234, -11.20559807608904]]]}}, {"type": "Feature", "properties": {"codigou": "010021921", "concesion": "PACAYCASA 21B", "titular": "UNACEM PERU S.A.", "estado": "D.M. Titulado D.L. 708", "fec_denuncio": "19/02/2021", "lon": -74.204993, "lat": -13.040957, "fen_pc_dist_m": 1502.2, "fen_peligro": "Inundación, flujo de detritos, erosión fluvial", "fen_nivel": " ", "fen_pc_dpto": "Ayacucho", "fen_pc_prov": "Huamanga"}, "geometry": {"type": "Polygon", "coordinates": [[[-74.19763840926204, -13.03370116043947], [-74.21608227251551, -13.03375761969838], [-74.21602531503791, -13.05184129067966], [-74.19758011204644, -13.05178475041646], [-74.19763840926204, -13.03370116043947]]]}}, {"type": "Feature", "properties": {"codigou": "010021821", "concesion": "PACAYCASA 21A", "titular": "UNACEM PERU S.A.", "estado": "D.M. Titulado D.L. 708", "fec_denuncio": "19/02/2021", "lon": -74.219692, "lat": -13.059086, "fen_pc_dist_m": 394.7, "fen_peligro": "Inundación", "fen_nivel": "", "fen_pc_dpto": "Ayacucho", "fen_pc_prov": "Huamanga"}, "geometry": {"type": "Polygon", "coordinates": [[[-74.21602531503791, -13.05184129067966], [-74.22524794886972, -13.05186906787837], [-74.22519157638965, -13.06995275319043], [-74.21596827166745, -13.06992493619021], [-74.21602531503791, -13.05184129067966]]]}}, {"type": "Feature", "properties": {"codigou": "010164122", "concesion": "ANDINO 22A", "titular": "UNACEM PERU S.A.", "estado": "D.M. Titulado D.L. 708", "fec_denuncio": "16/06/2022", "lon": -75.890842, "lat": -11.36783, "fen_pc_dist_m": 14023.0, "fen_peligro": "Inundación", "fen_nivel": "", "fen_pc_dpto": "Junín", "fen_pc_prov": "Tarma"}, "geometry": {"type": "Polygon", "coordinates": [[[-75.87982279913754, -11.3606287419271], [-75.90731489626808, -11.36054539521257], [-75.90737212087491, -11.37863067961471], [-75.87987829036376, -11.37871416242677], [-75.87982279913754, -11.3606287419271]]]}}, {"type": "Feature", "properties": {"codigou": "010164222", "concesion": "ANDINO 22B", "titular": "UNACEM PERU S.A.", "estado": "D.M. Titulado D.L. 708", "fec_denuncio": "16/06/2022", "lon": -75.878084, "lat": -11.391379, "fen_pc_dist_m": 11247.8, "fen_peligro": "Inundación", "fen_nivel": "", "fen_pc_dpto": "Junín", "fen_pc_prov": "Tarma"}, "geometry": {"type": "Polygon", "coordinates": [[[-75.8707411244416, -11.38778414348413], [-75.889070994565, -11.38772929950222], [-75.88909908851782, -11.3967719732662], [-75.87076863936501, -11.39682686192307], [-75.8707411244416, -11.38778414348413]]]}}, {"type": "Feature", "properties": {"codigou": "010164322", "concesion": "ANDINO 22C", "titular": "UNACEM PERU S.A.", "estado": "D.M. Titulado D.L. 708", "fec_denuncio": "16/06/2022", "lon": -75.865308, "lat": -11.409503, "fen_pc_dist_m": 8925.5, "fen_peligro": "Inundación", "fen_nivel": "", "fen_pc_dpto": "Junín", "fen_pc_prov": "Tarma"}, "geometry": {"type": "Polygon", "coordinates": [[[-75.8616306281783, -11.40589661240627], [-75.87079617758053, -11.40586957474292], [-75.8708237390917, -11.41491228193946], [-75.86165789967924, -11.41493934159407], [-75.8616306281783, -11.40589661240627]]]}}, {"type": "Feature", "properties": {"codigou": "010073013", "concesion": "DANIELA 4", "titular": "MINERA UNA S.A.", "estado": "D.M. Titulado D.L. 708", "fec_denuncio": "22/01/2013", "lon": -76.373403, "lat": -12.173955, "fen_pc_dist_m": 16409.9, "fen_peligro": "Inundación, erosión fluvial", "fen_nivel": "Alto", "fen_pc_dpto": "Lima", "fen_pc_prov": "Huarochiri"}, "geometry": {"type": "Polygon", "coordinates": [[[-76.36233861303144, -12.16677785288218], [-76.38990623351235, -12.16664044610153], [-76.39000028935178, -12.18472181785247], [-76.36243071287511, -12.18485943519961], [-76.36233861303144, -12.16677785288218]]]}}, {"type": "Feature", "properties": {"codigou": "010158907", "concesion": "LIME 10", "titular": "MINERA UNA S.A.", "estado": "D.M. Titulado D.L. 708", "fec_denuncio": "26/02/2007", "lon": -76.067132, "lat": -12.790146, "fen_pc_dist_m": 7973.4, "fen_peligro": "Erosión fluvial", "fen_nivel": "Alto", "fen_pc_dpto": "Lima", "fen_pc_prov": "Cañete"}, "geometry": {"type": "Polygon", "coordinates": [[[-76.05236182630905, -12.78297301162129], [-76.08920996447722, -12.78282326914536], [-76.08928743569497, -12.8009058831087], [-76.05243676650046, -12.80105575329012], [-76.05236182630905, -12.78297301162129]]]}}, {"type": "Feature", "properties": {"codigou": "010006308", "concesion": "TULAN 11", "titular": "MINERA UNA S.A.", "estado": "D.M. Titulado D.L. 708", "fec_denuncio": "3/01/2008", "lon": -76.434106, "lat": -12.152442, "fen_pc_dist_m": 9789.9, "fen_peligro": "Inundación, erosión fluvial", "fen_nivel": "Alto", "fen_pc_dpto": "Lima", "fen_pc_prov": "Huarochiri"}, "geometry": {"type": "Polygon", "coordinates": [[[-76.41733001581746, -12.13937859873349], [-76.45408213417198, -12.13918782734614], [-76.45413119910937, -12.14822828124926], [-76.44494291782352, -12.14827642279306], [-76.44499171203955, -12.15731690748731], [-76.43580308217656, -12.15736487117419], [-76.43585160469011, -12.16640529602221], [-76.42666262574956, -12.16645299097731], [-76.4266144130243, -12.15741243930796], [-76.417425705319, -12.15745970228654], [-76.41733001581746, -12.13937859873349]]]}}, {"type": "Feature", "properties": {"codigou": "010006108", "concesion": "TULAN 9", "titular": "MINERA UNA S.A.", "estado": "D.M. Titulado D.L. 708", "fec_denuncio": "3/01/2008", "lon": -76.441767, "lat": -12.127197, "fen_pc_dist_m": 7340.5, "fen_peligro": "Inundación, erosión fluvial", "fen_nivel": "Alto", "fen_pc_dpto": "Lima", "fen_pc_prov": "Huarochiri"}, "geometry": {"type": "Polygon", "coordinates": [[[-76.41723447901022, -12.12129738046731], [-76.43560947049421, -12.12120283923388], [-76.43565774596578, -12.13024328889284], [-76.45403320088643, -12.13014745727806], [-76.4539842145098, -12.12110699120666], [-76.47235880142586, -12.12100992636967], [-76.47245805099095, -12.13909070352535], [-76.41733001581746, -12.13937859873349], [-76.41723447901022, -12.12129738046731]]]}}, {"type": "Feature", "properties": {"codigou": "010073113", "concesion": "DANIELA 2", "titular": "MINERA UNA S.A.", "estado": "D.M. Titulado D.L. 708", "fec_denuncio": "22/01/2013", "lon": -76.443193, "lat": -12.164559, "fen_pc_dist_m": 10186.9, "fen_peligro": "Inundación, erosión fluvial", "fen_nivel": "Alto", "fen_pc_dpto": "Lima", "fen_pc_prov": "Huarochiri"}, "geometry": {"type": "Polygon", "coordinates": [[[-76.43580308217656, -12.15736487117419], [-76.4541803033384, -12.15726872906159], [-76.45427862920502, -12.17534951599341], [-76.4359000746042, -12.17544580565788], [-76.43580308217656, -12.15736487117419]]]}}, {"type": "Feature", "properties": {"codigou": "010426196", "concesion": "SACACO Nº 17", "titular": "MINERA UNA S.A.", "estado": "D.M. Titulado D.L. 708", "fec_denuncio": "12/12/1996", "lon": -75.458764, "lat": -12.272248, "fen_pc_dist_m": 2878.2, "fen_peligro": "Inundación, erosión fluvial", "fen_nivel": "Alto", "fen_pc_dpto": "Junín", "fen_pc_prov": "Chupaca"}, "geometry": {"type": "Polygon", "coordinates": [[[-75.45261321385561, -12.26020065371306], [-75.47100281307763, -12.26016960746603], [-75.4710510243435, -12.28729849115672], [-75.45265945098747, -12.28732960811558], [-75.45264408760619, -12.27828659904607], [-75.46183952069322, -12.27827125192513], [-75.46182376391447, -12.26922824867346], [-75.45262864468, -12.2692436745807], [-75.45261321385561, -12.26020065371306]]]}}, {"type": "Feature", "properties": {"codigou": "11015131X01", "concesion": "CHILCA 14-H", "titular": "MINERA UNA S.A.", "estado": "D.M. Titulado D.L. 109", "fec_denuncio": "2/06/1960", "lon": -76.636509, "lat": -12.54682, "fen_pc_dist_m": 4020.8, "fen_peligro": "Inundación, flujo de detritos, erosión", "fen_nivel": null, "fen_pc_dpto": "Lima", "fen_pc_prov": "Cañete"}, "geometry": {"type": "Polygon", "coordinates": [[[-76.63553743914736, -12.54645359513984], [-76.63721882677814, -12.54571881556483], [-76.63796678697936, -12.54737058896592], [-76.63628539194676, -12.54810537420773], [-76.63553743914736, -12.54645359513984]]]}}, {"type": "Feature", "properties": {"codigou": "010082825", "concesion": "ATOCONGO 2025", "titular": "UNACEM PERU S.A.", "estado": "D.M. en Trámite D.L. 708", "fec_denuncio": "20/03/2025", "lon": -76.892035, "lat": -12.186164, "fen_pc_dist_m": 3160.8, "fen_peligro": "Inundación, Erosión fluvial", "fen_nivel": "Alto", "fen_pc_dpto": "Lima", "fen_pc_prov": "Lima"}, "geometry": {"type": "Polygon", "coordinates": [[[-76.88410567360005, -12.17847120672046], [-76.90248012890213, -12.17834515001699], [-76.9026089863329, -12.19642164852266], [-76.8934211629112, -12.19648492614433], [-76.89335701928603, -12.18744663173181], [-76.88416945549243, -12.18750955542186], [-76.88410567360005, -12.17847120672046]]]}}]}