{"type": "FeatureCollection", "crs": {"type": "name", "properties": {"name": "urn:ogc:def:crs:OGC:1.3:CRS84"}}, "features": [{"type": "Feature", "properties": {"ruta": "PE-1N", "dist_corredor_m": 775.8, "peligro": "Inundación, erosión fluvial", "nivel": "Alto", "dpto": "Lima", "prov": "Barranca", "cenepred_e_via_km": null}, "geometry": {"type": "Point", "coordinates": [-77.77129135299998, -10.721432469999968]}}, {"type": "Feature", "properties": {"ruta": "PE-3S", "dist_corredor_m": 677.4, "peligro": "", "nivel": "", "dpto": "Cusco", "prov": "Canchis", "cenepred_e_via_km": null}, "geometry": {"type": "Point", "coordinates": [-71.20265420199996, -14.305957041999932]}}, {"type": "Feature", "properties": {"ruta": "PE-22", "dist_corredor_m": 184.2, "peligro": "Flujo de detritos, erosión fluvial", "nivel": "Muy alto", "dpto": "Lima", "prov": "Huarochiri", "cenepred_e_via_km": 0.1}, "geometry": {"type": "Point", "coordinates": [-76.38044338399999, -11.838662022999927]}}, {"type": "Feature", "properties": {"ruta": "PE-22", "dist_corredor_m": 676.7, "peligro": "Inundación, erosión fluvial", "nivel": "Alto", "dpto": "Lima", "prov": "Huarochiri", "cenepred_e_via_km": 0.4}, "geometry": {"type": "Point", "coordinates": [-76.37451554199998, -11.844440961999965]}}, {"type": "Feature", "properties": {"ruta": "PE-22", "dist_corredor_m": 182.6, "peligro": "Inundación, erosión fluvial", "nivel": "Alto", "dpto": "Lima", "prov": "Huarochiri", "cenepred_e_via_km": 0.4}, "geometry": {"type": "Point", "coordinates": [-76.37793145899997, -11.841079170999933]}}, {"type": "Feature", "properties": {"ruta": "PE-22", "dist_corredor_m": 268.8, "peligro": "Inundación, erosión fluvial", "nivel": "Alto", "dpto": "Lima", "prov": "Huarochiri", "cenepred_e_via_km": 0.5}, "geometry": {"type": "Point", "coordinates": [-76.38790631499995, -11.84976414199997]}}, {"type": "Feature", "properties": {"ruta": "PE-1N", "dist_corredor_m": 957.4, "peligro": "Inundación", "nivel": "Alto", "dpto": "Piura", "prov": "Sullana", "cenepred_e_via_km": null}, "geometry": {"type": "Point", "coordinates": [-80.68795652699998, -4.914361225999926]}}, {"type": "Feature", "properties": {"ruta": "PE-1N", "dist_corredor_m": 28.5, "peligro": null, "nivel": "", "dpto": "Áncash", "prov": "Casma", "cenepred_e_via_km": null}, "geometry": {"type": "Point", "coordinates": [-78.27316062599994, -9.485624143999928]}}, {"type": "Feature", "properties": {"ruta": "PE-22", "dist_corredor_m": 69.0, "peligro": "Flujo de detritos, erosión fluvial", "nivel": "Muy alto", "dpto": "Lima", "prov": "Huarochiri", "cenepred_e_via_km": 0.1}, "geometry": {"type": "Point", "coordinates": [-76.38110778599997, -11.84119932599998]}}, {"type": "Feature", "properties": {"ruta": "PE-22", "dist_corredor_m": 70.2, "peligro": "Inundación, erosión fluvial", "nivel": "Alto", "dpto": "Lima", "prov": "Huarochiri", "cenepred_e_via_km": 0.4}, "geometry": {"type": "Point", "coordinates": [-76.37861460999994, -11.840036124999926]}}, {"type": "Feature", "properties": {"ruta": "PE-22", "dist_corredor_m": 55.7, "peligro": "Inundación, erosión fluvial", "nivel": "Alto", "dpto": "Lima", "prov": "Huarochiri", "cenepred_e_via_km": 0.5}, "geometry": {"type": "Point", "coordinates": [-76.38960314499997, -11.848760494999965]}}, {"type": "Feature", "properties": {"ruta": "PE-22", "dist_corredor_m": 55.7, "peligro": "Inundación, erosión fluvial", "nivel": "Alto", "dpto": "Lima", "prov": "Huarochiri", "cenepred_e_via_km": 0.5}, "geometry": {"type": "Point", "coordinates": [-76.38960314499997, -11.848760494999965]}}, {"type": "Feature", "properties": {"ruta": "PE-1S", "dist_corredor_m": 42.5, "peligro": null, "nivel": "", "dpto": "Arequipa", "prov": "Camaná", "cenepred_e_via_km": null}, "geometry": {"type": "Point", "coordinates": [-73.25754702499995, -16.389101755999945]}}, {"type": "Feature", "properties": {"ruta": "PE-3S", "dist_corredor_m": 429.4, "peligro": null, "nivel": "", "dpto": "Cusco", "prov": "Quispicanchi", "cenepred_e_via_km": null}, "geometry": {"type": "Point", "coordinates": [-71.64967069199997, -13.680708453999955]}}, {"type": "Feature", "properties": {"ruta": "PE-3S", "dist_corredor_m": 258.3, "peligro": "Inundación", "nivel": "", "dpto": "Cusco", "prov": "Canchis", "cenepred_e_via_km": null}, "geometry": {"type": "Point", "coordinates": [-71.18976130599998, -14.332370716999947]}}, {"type": "Feature", "properties": {"ruta": "PE-3S", "dist_corredor_m": 721.4, "peligro": "Inundación", "nivel": "", "dpto": "Huancavelica", "prov": "Acobamba", "cenepred_e_via_km": null}, "geometry": {"type": "Point", "coordinates": [-74.32345884299997, -12.885768593999956]}}, {"type": "Feature", "properties": {"ruta": "PE-1N", "dist_corredor_m": 614.7, "peligro": "Inundación", "nivel": "", "dpto": "Áncash", "prov": "Casma", "cenepred_e_via_km": null}, "geometry": {"type": "Point", "coordinates": [-78.31834491399997, -9.472917155999937]}}, {"type": "Feature", "properties": {"ruta": "PE-28", "dist_corredor_m": 395.5, "peligro": "", "nivel": "", "dpto": "Ica", "prov": "Pisco", "cenepred_e_via_km": null}, "geometry": {"type": "Point", "coordinates": [-75.86321141999997, -13.719459196999935]}}, {"type": "Feature", "properties": {"ruta": "PE-22", "dist_corredor_m": 452.9, "peligro": "Inundación", "nivel": null, "dpto": "Lima", "prov": "Lima", "cenepred_e_via_km": null}, "geometry": {"type": "Point", "coordinates": [-76.95097762999995, -12.01577741799997]}}, {"type": "Feature", "properties": {"ruta": "PE-22", "dist_corredor_m": 89.3, "peligro": "Inundación", "nivel": null, "dpto": "Lima", "prov": "Lima", "cenepred_e_via_km": null}, "geometry": {"type": "Point", "coordinates": [-76.92904329299995, -12.022094024999944]}}, {"type": "Feature", "properties": {"ruta": "PE-28", "dist_corredor_m": 597.5, "peligro": "", "nivel": "", "dpto": "Junín", "prov": "Satipo", "cenepred_e_via_km": null}, "geometry": {"type": "Point", "coordinates": [-74.48514878599997, -11.429652554999961]}}, {"type": "Feature", "properties": {"ruta": "PE-1N", "dist_corredor_m": 655.0, "peligro": "Inundación", "nivel": "", "dpto": "Lambayeque", "prov": "Chiclayo", "cenepred_e_via_km": null}, "geometry": {"type": "Point", "coordinates": [-79.82178419799999, -6.84821304299993]}}, {"type": "Feature", "properties": {"ruta": "PE-22", "dist_corredor_m": 457.3, "peligro": "", "nivel": "", "dpto": "Lima", "prov": "Lima", "cenepred_e_via_km": null}, "geometry": {"type": "Point", "coordinates": [-76.84086169999995, -11.996273800999973]}}, {"type": "Feature", "properties": {"ruta": "PE-1S", "dist_corredor_m": 376.1, "peligro": "", "nivel": "", "dpto": "Arequipa", "prov": "Caravelí", "cenepred_e_via_km": null}, "geometry": {"type": "Point", "coordinates": [-74.63695262699997, -15.624214451999933]}}, {"type": "Feature", "properties": {"ruta": "PE-22", "dist_corredor_m": 109.2, "peligro": "Inundación", "nivel": "", "dpto": "Lima", "prov": "Huarochiri", "cenepred_e_via_km": null}, "geometry": {"type": "Point", "coordinates": [-76.28638050099994, -11.743672339999932]}}, {"type": "Feature", "properties": {"ruta": "PE-28", "dist_corredor_m": 329.9, "peligro": "Inundación", "nivel": "", "dpto": "Ica", "prov": "Pisco", "cenepred_e_via_km": null}, "geometry": {"type": "Point", "coordinates": [-75.83807300499996, -13.713605580999968]}}, {"type": "Feature", "properties": {"ruta": "PE-3S", "dist_corredor_m": 118.6, "peligro": "Inundación", "nivel": "", "dpto": "Cusco", "prov": "Quispicanchi", "cenepred_e_via_km": null}, "geometry": {"type": "Point", "coordinates": [-71.57594055099997, -13.767311589999963]}}, {"type": "Feature", "properties": {"ruta": "PE-28", "dist_corredor_m": 69.0, "peligro": "Inundación", "nivel": " ", "dpto": "Huancavelica", "prov": "Huaytará", "cenepred_e_via_km": null}, "geometry": {"type": "Point", "coordinates": [-75.34210353899994, -13.601473928999951]}}, {"type": "Feature", "properties": {"ruta": "PE-28", "dist_corredor_m": 239.0, "peligro": "Inundación", "nivel": "", "dpto": "Ica", "prov": "Pisco", "cenepred_e_via_km": null}, "geometry": {"type": "Point", "coordinates": [-75.59965555199994, -13.595471506999957]}}, {"type": "Feature", "properties": {"ruta": "PE-3S", "dist_corredor_m": 55.1, "peligro": "Inundación, flujo de detritos, erosión fluvial", "nivel": " ", "dpto": "Cusco", "prov": "Quispicanchi", "cenepred_e_via_km": null}, "geometry": {"type": "Point", "coordinates": [-71.62927140399995, -13.675686380999934]}}, {"type": "Feature", "properties": {"ruta": "PE-1S", "dist_corredor_m": 162.4, "peligro": "", "nivel": "", "dpto": "Moquegua", "prov": "Mariscal Nieto", "cenepred_e_via_km": null}, "geometry": {"type": "Point", "coordinates": [-70.97359064599993, -17.217514285999982]}}, {"type": "Feature", "properties": {"ruta": "PE-3S", "dist_corredor_m": 878.8, "peligro": null, "nivel": "", "dpto": "Puno", "prov": "El Collao", "cenepred_e_via_km": null}, "geometry": {"type": "Point", "coordinates": [-69.57096028599994, -16.13373486699993]}}, {"type": "Feature", "properties": {"ruta": "PE-28", "dist_corredor_m": 511.0, "peligro": "Inundación", "nivel": "", "dpto": "Ica", "prov": "Pisco", "cenepred_e_via_km": null}, "geometry": {"type": "Point", "coordinates": [-75.81393548799997, -13.702682858999935]}}, {"type": "Feature", "properties": {"ruta": "PE-1N", "dist_corredor_m": 419.4, "peligro": "Inundación, flujo de detritos, erosión", "nivel": "Medio", "dpto": "La Libertad", "prov": "Virú", "cenepred_e_via_km": null}, "geometry": {"type": "Point", "coordinates": [-78.67760103199998, -8.565169519999927]}}, {"type": "Feature", "properties": {"ruta": "PE-28", "dist_corredor_m": 253.9, "peligro": "", "nivel": "Medio", "dpto": "Ica", "prov": "Pisco", "cenepred_e_via_km": null}, "geometry": {"type": "Point", "coordinates": [-75.77611453199995, -13.67486622599995]}}, {"type": "Feature", "properties": {"ruta": "PE-3S", "dist_corredor_m": 290.0, "peligro": "Inundación", "nivel": "Medio", "dpto": "Cusco", "prov": "Anta", "cenepred_e_via_km": null}, "geometry": {"type": "Point", "coordinates": [-72.06333631099994, -13.486514043999932]}}, {"type": "Feature", "properties": {"ruta": "PE-3S", "dist_corredor_m": 834.3, "peligro": "Inundación, flujo de detritos, erosión fluvial", "nivel": " ", "dpto": "Cusco", "prov": "Canchis", "cenepred_e_via_km": 0.41}, "geometry": {"type": "Point", "coordinates": [-71.28113332099997, -14.236411759999953]}}, {"type": "Feature", "properties": {"ruta": "PE-1N", "dist_corredor_m": 963.6, "peligro": "Inundación, flujo de detritos, erosión", "nivel": "Medio", "dpto": "La Libertad", "prov": "Virú", "cenepred_e_via_km": null}, "geometry": {"type": "Point", "coordinates": [-78.66610232499994, -8.54631004099997]}}, {"type": "Feature", "properties": {"ruta": "PE-1N", "dist_corredor_m": 70.5, "peligro": null, "nivel": "", "dpto": "Lambayeque", "prov": "Lambayeque", "cenepred_e_via_km": null}, "geometry": {"type": "Point", "coordinates": [-80.05484704599996, -6.51418468199995]}}, {"type": "Feature", "properties": {"ruta": "PE-1S", "dist_corredor_m": 845.1, "peligro": "", "nivel": "", "dpto": "Arequipa", "prov": "Arequipa", "cenepred_e_via_km": null}, "geometry": {"type": "Point", "coordinates": [-72.14826439699993, -16.367033685999957]}}, {"type": "Feature", "properties": {"ruta": "PE-1S", "dist_corredor_m": 755.3, "peligro": null, "nivel": "", "dpto": "Lima", "prov": "Cañete", "cenepred_e_via_km": null}, "geometry": {"type": "Point", "coordinates": [-76.65802118199997, -12.676451868999948]}}, {"type": "Feature", "properties": {"ruta": "PE-1S", "dist_corredor_m": 68.8, "peligro": "Inundación, erosión", "nivel": "", "dpto": "Ica", "prov": "Pisco", "cenepred_e_via_km": null}, "geometry": {"type": "Point", "coordinates": [-76.15892332699997, -13.687384691999966]}}, {"type": "Feature", "properties": {"ruta": "PE-3S", "dist_corredor_m": 548.6, "peligro": "Inundación, erosión", "nivel": "Muy alto", "dpto": "Junín", "prov": "Huancayo", "cenepred_e_via_km": null}, "geometry": {"type": "Point", "coordinates": [-75.22037859399995, -12.070671343999948]}}, {"type": "Feature", "properties": {"ruta": "PE-3S", "dist_corredor_m": 800.8, "peligro": null, "nivel": "", "dpto": "Ayacucho", "prov": "Huamanga", "cenepred_e_via_km": null}, "geometry": {"type": "Point", "coordinates": [-74.19145162099994, -13.174635029999934]}}, {"type": "Feature", "properties": {"ruta": "PE-1S", "dist_corredor_m": 416.1, "peligro": "Inundación", "nivel": "Medio", "dpto": "Ica", "prov": "Nasca", "cenepred_e_via_km": null}, "geometry": {"type": "Point", "coordinates": [-74.96313908399998, -14.826566944999968]}}, {"type": "Feature", "properties": {"ruta": "PE-22", "dist_corredor_m": 33.0, "peligro": "Inundación", "nivel": "", "dpto": "Lima", "prov": "Lima", "cenepred_e_via_km": null}, "geometry": {"type": "Point", "coordinates": [-76.74562723699995, -11.967767569999978]}}, {"type": "Feature", "properties": {"ruta": "PE-28", "dist_corredor_m": 554.5, "peligro": "Inundación, flujo de detritos, erosión fluvial", "nivel": " ", "dpto": "Ayacucho", "prov": "Huamanga", "cenepred_e_via_km": 0.5}, "geometry": {"type": "Point", "coordinates": [-74.33972599299994, -13.308383912999943]}}, {"type": "Feature", "properties": {"ruta": "PE-1S", "dist_corredor_m": 945.1, "peligro": "Inundación", "nivel": "Medio", "dpto": "Ica", "prov": "Palpa", "cenepred_e_via_km": null}, "geometry": {"type": "Point", "coordinates": [-75.20437915699995, -14.505571326999927]}}, {"type": "Feature", "properties": {"ruta": "PE-3S", "dist_corredor_m": 224.0, "peligro": "Inundación, flujo de detritos, erosión fluvial", "nivel": " ", "dpto": "Cusco", "prov": "Quispicanchi", "cenepred_e_via_km": null}, "geometry": {"type": "Point", "coordinates": [-71.55349247199996, -13.79999449199994]}}, {"type": "Feature", "properties": {"ruta": "PE-1S", "dist_corredor_m": 86.6, "peligro": "Inundación", "nivel": "", "dpto": "Lima", "prov": "Lima", "cenepred_e_via_km": null}, "geometry": {"type": "Point", "coordinates": [-76.74278216599998, -12.49381522699997]}}, {"type": "Feature", "properties": {"ruta": "PE-28", "dist_corredor_m": 82.0, "peligro": "", "nivel": "Medio", "dpto": "Huancavelica", "prov": "Huaytará", "cenepred_e_via_km": null}, "geometry": {"type": "Point", "coordinates": [-75.47262780899996, -13.609353059999933]}}, {"type": "Feature", "properties": {"ruta": "PE-1N", "dist_corredor_m": 183.0, "peligro": "Inundación", "nivel": "", "dpto": "Lima", "prov": "Barranca", "cenepred_e_via_km": null}, "geometry": {"type": "Point", "coordinates": [-77.84124591799997, -10.656463137999935]}}, {"type": "Feature", "properties": {"ruta": "PE-22", "dist_corredor_m": 157.0, "peligro": "", "nivel": "", "dpto": "Lima", "prov": "Huarochiri", "cenepred_e_via_km": null}, "geometry": {"type": "Point", "coordinates": [-76.25687921599996, -11.737158144999967]}}, {"type": "Feature", "properties": {"ruta": "PE-1S", "dist_corredor_m": 991.0, "peligro": "Inundación", "nivel": "", "dpto": "Arequipa", "prov": "Arequipa", "cenepred_e_via_km": null}, "geometry": {"type": "Point", "coordinates": [-72.14648578299995, -16.367126973999973]}}, {"type": "Feature", "properties": {"ruta": "PE-28", "dist_corredor_m": 784.5, "peligro": "Inundación, flujo de detritos, erosión fluvial", "nivel": " ", "dpto": "Cusco", "prov": "Urubamba", "cenepred_e_via_km": 1.0}, "geometry": {"type": "Point", "coordinates": [-72.07438397799996, -13.337139124999965]}}, {"type": "Feature", "properties": {"ruta": "PE-28", "dist_corredor_m": 22.1, "peligro": "", "nivel": "", "dpto": "Ica", "prov": "Pisco", "cenepred_e_via_km": null}, "geometry": {"type": "Point", "coordinates": [-75.59970845599997, -13.598129682999968]}}, {"type": "Feature", "properties": {"ruta": "PE-1S", "dist_corredor_m": 669.8, "peligro": "Inundación", "nivel": "", "dpto": "Ica", "prov": "Chincha", "cenepred_e_via_km": null}, "geometry": {"type": "Point", "coordinates": [-76.14316783199996, -13.467317009999931]}}, {"type": "Feature", "properties": {"ruta": "PE-3S", "dist_corredor_m": 123.9, "peligro": "Inundación, flujo de detritos, erosión fluvial", "nivel": " ", "dpto": "Cusco", "prov": "Cusco", "cenepred_e_via_km": 0.5}, "geometry": {"type": "Point", "coordinates": [-72.03755053999998, -13.495504254999958]}}, {"type": "Feature", "properties": {"ruta": "PE-1N", "dist_corredor_m": 231.5, "peligro": "Inundación", "nivel": "", "dpto": "Lima", "prov": "Barranca", "cenepred_e_via_km": null}, "geometry": {"type": "Point", "coordinates": [-77.69631755199998, -10.835531599999968]}}, {"type": "Feature", "properties": {"ruta": "PE-28", "dist_corredor_m": 438.8, "peligro": "", "nivel": "", "dpto": "Junín", "prov": "Satipo", "cenepred_e_via_km": null}, "geometry": {"type": "Point", "coordinates": [-74.52637981699996, -11.331283700999961]}}, {"type": "Feature", "properties": {"ruta": "PE-28", "dist_corredor_m": 40.6, "peligro": null, "nivel": "", "dpto": "Huancavelica", "prov": "Huaytará", "cenepred_e_via_km": null}, "geometry": {"type": "Point", "coordinates": [-75.51553032199996, -13.583489266999948]}}, {"type": "Feature", "properties": {"ruta": "PE-28", "dist_corredor_m": 230.7, "peligro": "", "nivel": "Medio", "dpto": "Ica", "prov": "Pisco", "cenepred_e_via_km": null}, "geometry": {"type": "Point", "coordinates": [-75.77356337599997, -13.672297373999982]}}, {"type": "Feature", "properties": {"ruta": "PE-28", "dist_corredor_m": 461.5, "peligro": "Inundación, flujo de detritos, erosión fluvial", "nivel": " ", "dpto": "Cusco", "prov": "Urubamba", "cenepred_e_via_km": null}, "geometry": {"type": "Point", "coordinates": [-72.28063239399995, -13.25552558399994]}}, {"type": "Feature", "properties": {"ruta": "PE-1S", "dist_corredor_m": 183.2, "peligro": "Inundación", "nivel": "", "dpto": "Tacna", "prov": "Tacna", "cenepred_e_via_km": null}, "geometry": {"type": "Point", "coordinates": [-70.52068475599998, -17.843470477999972]}}, {"type": "Feature", "properties": {"ruta": "PE-22", "dist_corredor_m": 83.0, "peligro": "Inundación", "nivel": null, "dpto": "Lima", "prov": "Lima", "cenepred_e_via_km": null}, "geometry": {"type": "Point", "coordinates": [-76.67970648199997, -11.924401386999932]}}, {"type": "Feature", "properties": {"ruta": "PE-22", "dist_corredor_m": 330.6, "peligro": "Inundación", "nivel": null, "dpto": "Lima", "prov": "Lima", "cenepred_e_via_km": null}, "geometry": {"type": "Point", "coordinates": [-76.72899320999994, -11.949529884999947]}}, {"type": "Feature", "properties": {"ruta": "PE-22", "dist_corredor_m": 346.2, "peligro": "", "nivel": "", "dpto": "Lima", "prov": "Lima", "cenepred_e_via_km": null}, "geometry": {"type": "Point", "coordinates": [-76.81373023099997, -11.984003903999962]}}, {"type": "Feature", "properties": {"ruta": "PE-22", "dist_corredor_m": 281.0, "peligro": "", "nivel": "", "dpto": "Lima", "prov": "Lima", "cenepred_e_via_km": null}, "geometry": {"type": "Point", "coordinates": [-76.87394239199995, -12.008130309999956]}}, {"type": "Feature", "properties": {"ruta": "PE-1S", "dist_corredor_m": 470.0, "peligro": "Inundación, flujo de detritos, erosión", "nivel": null, "dpto": "Ica", "prov": "Palpa", "cenepred_e_via_km": null}, "geometry": {"type": "Point", "coordinates": [-75.19943562199995, -14.550394537999978]}}, {"type": "Feature", "properties": {"ruta": "PE-1N", "dist_corredor_m": 291.7, "peligro": "Inundación", "nivel": null, "dpto": "Lima", "prov": "Lima", "cenepred_e_via_km": null}, "geometry": {"type": "Point", "coordinates": [-77.01182849599996, -12.032912886999952]}}, {"type": "Feature", "properties": {"ruta": "PE-1S", "dist_corredor_m": 704.7, "peligro": "", "nivel": "", "dpto": "Arequipa", "prov": "Camaná", "cenepred_e_via_km": null}, "geometry": {"type": "Point", "coordinates": [-73.26240069799996, -16.37696965799995]}}, {"type": "Feature", "properties": {"ruta": "PE-28", "dist_corredor_m": 301.9, "peligro": "", "nivel": "", "dpto": "Cusco", "prov": "Quispicanchi", "cenepred_e_via_km": null}, "geometry": {"type": "Point", "coordinates": [-71.92920395499993, -13.360842399999967]}}, {"type": "Feature", "properties": {"ruta": "PE-1S", "dist_corredor_m": 651.1, "peligro": "Inundación", "nivel": null, "dpto": "Ica", "prov": "Nasca", "cenepred_e_via_km": null}, "geometry": {"type": "Point", "coordinates": [-75.13007807599996, -14.679293898999958]}}, {"type": "Feature", "properties": {"ruta": "PE-1S", "dist_corredor_m": 782.8, "peligro": "Inundación, flujo de detritos, erosión", "nivel": null, "dpto": "Ica", "prov": "Pisco", "cenepred_e_via_km": null}, "geometry": {"type": "Point", "coordinates": [-76.16460810999996, -13.690838633999931]}}, {"type": "Feature", "properties": {"ruta": "PE-1S", "dist_corredor_m": 837.4, "peligro": "Inundación", "nivel": null, "dpto": "Lima", "prov": "Lima", "cenepred_e_via_km": null}, "geometry": {"type": "Point", "coordinates": [-76.89556253799998, -12.26342429899995]}}, {"type": "Feature", "properties": {"ruta": "PE-22", "dist_corredor_m": 452.5, "peligro": "Inundación", "nivel": "", "dpto": "Lima", "prov": "Lima", "cenepred_e_via_km": null}, "geometry": {"type": "Point", "coordinates": [-76.76433123499999, -11.978307728999937]}}, {"type": "Feature", "properties": {"ruta": "PE-1S", "dist_corredor_m": 260.8, "peligro": "", "nivel": "", "dpto": "Ica", "prov": "Nasca", "cenepred_e_via_km": null}, "geometry": {"type": "Point", "coordinates": [-75.14501354599997, -14.67995412099998]}}, {"type": "Feature", "properties": {"ruta": "PE-1S", "dist_corredor_m": 159.3, "peligro": "", "nivel": "", "dpto": "Arequipa", "prov": "Caravelí", "cenepred_e_via_km": null}, "geometry": {"type": "Point", "coordinates": [-74.52282791299996, -15.673420104999934]}}, {"type": "Feature", "properties": {"ruta": "PE-1N", "dist_corredor_m": 441.0, "peligro": "Inundación", "nivel": "", "dpto": "La Libertad", "prov": "Virú", "cenepred_e_via_km": null}, "geometry": {"type": "Point", "coordinates": [-78.62583175699996, -8.952258086999962]}}, {"type": "Feature", "properties": {"ruta": "PE-3S", "dist_corredor_m": 467.6, "peligro": "Inundación", "nivel": " ", "dpto": "Huancavelica", "prov": "Churcampa", "cenepred_e_via_km": null}, "geometry": {"type": "Point", "coordinates": [-74.37664659999996, -12.815831552999953]}}, {"type": "Feature", "properties": {"ruta": "PE-1S", "dist_corredor_m": 956.1, "peligro": "Inundación, flujo de detritos, erosión", "nivel": null, "dpto": "Ica", "prov": "Ica", "cenepred_e_via_km": null}, "geometry": {"type": "Point", "coordinates": [-75.69620375599999, -14.259767464999982]}}, {"type": "Feature", "properties": {"ruta": "PE-22", "dist_corredor_m": 211.0, "peligro": "Inundación", "nivel": "", "dpto": "Lima", "prov": "Lima", "cenepred_e_via_km": null}, "geometry": {"type": "Point", "coordinates": [-76.90589052499996, -12.017893211999933]}}, {"type": "Feature", "properties": {"ruta": "PE-1S", "dist_corredor_m": 173.4, "peligro": "", "nivel": "", "dpto": "Ica", "prov": "Nasca", "cenepred_e_via_km": null}, "geometry": {"type": "Point", "coordinates": [-75.14300733599998, -14.679946323999957]}}, {"type": "Feature", "properties": {"ruta": "PE-3S", "dist_corredor_m": 433.4, "peligro": "Inundación", "nivel": " ", "dpto": "Huancavelica", "prov": "Churcampa", "cenepred_e_via_km": null}, "geometry": {"type": "Point", "coordinates": [-74.34769940699994, -12.835681602999955]}}, {"type": "Feature", "properties": {"ruta": "PE-3S", "dist_corredor_m": 701.3, "peligro": "Inundación", "nivel": "Alto", "dpto": "Ayacucho", "prov": "Huanta", "cenepred_e_via_km": null}, "geometry": {"type": "Point", "coordinates": [-74.25169380099999, -12.945820710999953]}}, {"type": "Feature", "properties": {"ruta": "PE-1S", "dist_corredor_m": 877.4, "peligro": "Inundación, erosión", "nivel": "", "dpto": "Ica", "prov": "Nasca", "cenepred_e_via_km": null}, "geometry": {"type": "Point", "coordinates": [-74.94123416899998, -14.820712631999982]}}, {"type": "Feature", "properties": {"ruta": "PE-28", "dist_corredor_m": 141.3, "peligro": "Inundación, erosión", "nivel": "", "dpto": "Cusco", "prov": "La Convención", "cenepred_e_via_km": null}, "geometry": {"type": "Point", "coordinates": [-72.62639098399995, -13.003913400999977]}}, {"type": "Feature", "properties": {"ruta": "PE-1N", "dist_corredor_m": 501.7, "peligro": "Inundación", "nivel": null, "dpto": "Lima", "prov": "Lima", "cenepred_e_via_km": null}, "geometry": {"type": "Point", "coordinates": [-77.07731014599995, -11.927945492999982]}}, {"type": "Feature", "properties": {"ruta": "PE-1S", "dist_corredor_m": 533.1, "peligro": "Inundación", "nivel": "", "dpto": "Ica", "prov": "Pisco", "cenepred_e_via_km": null}, "geometry": {"type": "Point", "coordinates": [-76.15098737199997, -13.690594957999963]}}, {"type": "Feature", "properties": {"ruta": "PE-22", "dist_corredor_m": 248.0, "peligro": "Inundación", "nivel": null, "dpto": "Lima", "prov": "Lima", "cenepred_e_via_km": null}, "geometry": {"type": "Point", "coordinates": [-76.68758757999996, -11.924381307999965]}}, {"type": "Feature", "properties": {"ruta": "PE-1S", "dist_corredor_m": 606.0, "peligro": "Inundación", "nivel": "", "dpto": "Ica", "prov": "Palpa", "cenepred_e_via_km": null}, "geometry": {"type": "Point", "coordinates": [-75.21290594699997, -14.561530870999945]}}, {"type": "Feature", "properties": {"ruta": "PE-22", "dist_corredor_m": 102.1, "peligro": "Inundación", "nivel": null, "dpto": "Lima", "prov": "Lima", "cenepred_e_via_km": null}, "geometry": {"type": "Point", "coordinates": [-76.67959546299994, -11.92453811799993]}}, {"type": "Feature", "properties": {"ruta": "PE-1S", "dist_corredor_m": 8.5, "peligro": "Inundación", "nivel": "", "dpto": "Lima", "prov": "Lima", "cenepred_e_via_km": null}, "geometry": {"type": "Point", "coordinates": [-76.73968258499997, -12.504908344999933]}}, {"type": "Feature", "properties": {"ruta": "PE-1S", "dist_corredor_m": 878.1, "peligro": "Inundación", "nivel": "", "dpto": "Arequipa", "prov": "Arequipa", "cenepred_e_via_km": null}, "geometry": {"type": "Point", "coordinates": [-72.14055825999998, -16.35794369399997]}}, {"type": "Feature", "properties": {"ruta": "PE-22", "dist_corredor_m": 239.0, "peligro": "Inundación", "nivel": "", "dpto": "Lima", "prov": "Lima", "cenepred_e_via_km": null}, "geometry": {"type": "Point", "coordinates": [-76.89073629899997, -12.013422503999948]}}, {"type": "Feature", "properties": {"ruta": "PE-3S", "dist_corredor_m": 213.6, "peligro": "Inundación, erosión", "nivel": "", "dpto": "Ayacucho", "prov": "Huamanga", "cenepred_e_via_km": null}, "geometry": {"type": "Point", "coordinates": [-74.21390214299998, -13.14840210899996]}}, {"type": "Feature", "properties": {"ruta": "PE-3S", "dist_corredor_m": 607.6, "peligro": "Inundación", "nivel": "", "dpto": "Puno", "prov": "Melgar", "cenepred_e_via_km": null}, "geometry": {"type": "Point", "coordinates": [-70.87610119699997, -14.577739003999966]}}, {"type": "Feature", "properties": {"ruta": "PE-3S", "dist_corredor_m": 318.9, "peligro": "Inundación, flujo de detritos, erosión fluvial", "nivel": " ", "dpto": "Cusco", "prov": "Acomayo", "cenepred_e_via_km": null}, "geometry": {"type": "Point", "coordinates": [-71.44129269599995, -14.084744784999941]}}, {"type": "Feature", "properties": {"ruta": "PE-22", "dist_corredor_m": 156.1, "peligro": "Inundación", "nivel": null, "dpto": "Lima", "prov": "Lima", "cenepred_e_via_km": null}, "geometry": {"type": "Point", "coordinates": [-76.89220687299996, -12.012961489999952]}}, {"type": "Feature", "properties": {"ruta": "PE-3S", "dist_corredor_m": 551.9, "peligro": "Inundación, flujo de detritos, erosión fluvial", "nivel": " ", "dpto": "Cusco", "prov": "Quispicanchi", "cenepred_e_via_km": null}, "geometry": {"type": "Point", "coordinates": [-71.50573059999994, -13.943997670999977]}}, {"type": "Feature", "properties": {"ruta": "PE-1S", "dist_corredor_m": 116.4, "peligro": "Inundación", "nivel": null, "dpto": "Lima", "prov": "Lima", "cenepred_e_via_km": null}, "geometry": {"type": "Point", "coordinates": [-76.81898309299999, -12.332825001999936]}}, {"type": "Feature", "properties": {"ruta": "PE-3S", "dist_corredor_m": 167.7, "peligro": "Inundación, flujo de detritos, erosión fluvial", "nivel": " ", "dpto": "Cusco", "prov": "Canchis", "cenepred_e_via_km": null}, "geometry": {"type": "Point", "coordinates": [-71.42117935099998, -14.110190767999939]}}, {"type": "Feature", "properties": {"ruta": "PE-3S", "dist_corredor_m": 107.2, "peligro": "Inundación, flujo de detritos, erosión fluvial", "nivel": " ", "dpto": "Cusco", "prov": "Canchis", "cenepred_e_via_km": 0.018}, "geometry": {"type": "Point", "coordinates": [-71.37090101499996, -14.178761238999982]}}, {"type": "Feature", "properties": {"ruta": "PE-1N", "dist_corredor_m": 878.5, "peligro": "", "nivel": "Medio", "dpto": "Tumbes", "prov": "Tumbes", "cenepred_e_via_km": null}, "geometry": {"type": "Point", "coordinates": [-80.47793043399997, -3.60322956899995]}}, {"type": "Feature", "properties": {"ruta": "PE-28", "dist_corredor_m": 521.2, "peligro": "", "nivel": "Alto", "dpto": "Ica", "prov": "Pisco", "cenepred_e_via_km": null}, "geometry": {"type": "Point", "coordinates": [-75.87580392299998, -13.726060209999957]}}, {"type": "Feature", "properties": {"ruta": "PE-1N", "dist_corredor_m": 107.9, "peligro": "Inundación", "nivel": null, "dpto": "Lima", "prov": "Lima", "cenepred_e_via_km": null}, "geometry": {"type": "Point", "coordinates": [-77.07027829299994, -11.910123849999934]}}, {"type": "Feature", "properties": {"ruta": "PE-1S", "dist_corredor_m": 863.5, "peligro": "Inundación", "nivel": "Medio", "dpto": "Ica", "prov": "Palpa", "cenepred_e_via_km": null}, "geometry": {"type": "Point", "coordinates": [-75.18335823299998, -14.527812850999965]}}, {"type": "Feature", "properties": {"ruta": "PE-3S", "dist_corredor_m": 358.7, "peligro": "Inundación", "nivel": "", "dpto": "Junín", "prov": "Jauja", "cenepred_e_via_km": null}, "geometry": {"type": "Point", "coordinates": [-75.44234323499995, -11.804185]}}, {"type": "Feature", "properties": {"ruta": "PE-1S", "dist_corredor_m": 355.3, "peligro": "Inundación, flujo de detritos, erosión", "nivel": null, "dpto": "Ica", "prov": "Palpa", "cenepred_e_via_km": null}, "geometry": {"type": "Point", "coordinates": [-75.19282151099998, -14.533980638999935]}}, {"type": "Feature", "properties": {"ruta": "PE-22", "dist_corredor_m": 60.9, "peligro": "Inundación", "nivel": "", "dpto": "Lima", "prov": "Huarochiri", "cenepred_e_via_km": null}, "geometry": {"type": "Point", "coordinates": [-76.29591552299996, -11.75581705999997]}}, {"type": "Feature", "properties": {"ruta": "PE-22", "dist_corredor_m": 206.3, "peligro": "", "nivel": "", "dpto": "Lima", "prov": "Lima", "cenepred_e_via_km": null}, "geometry": {"type": "Point", "coordinates": [-76.93539763199993, -12.02247183299994]}}, {"type": "Feature", "properties": {"ruta": "PE-1S", "dist_corredor_m": 250.6, "peligro": "Inundación", "nivel": null, "dpto": "Ica", "prov": "Nasca", "cenepred_e_via_km": null}, "geometry": {"type": "Point", "coordinates": [-75.14510639699995, -14.67990885699993]}}, {"type": "Feature", "properties": {"ruta": "PE-1S", "dist_corredor_m": 332.4, "peligro": "Inundación", "nivel": "", "dpto": "Ica", "prov": "Ica", "cenepred_e_via_km": null}, "geometry": {"type": "Point", "coordinates": [-75.71415035999996, -14.10301948199998]}}, {"type": "Feature", "properties": {"ruta": "PE-3S", "dist_corredor_m": 27.2, "peligro": "Inundación", "nivel": "", "dpto": "Apurímac", "prov": "Chincheros", "cenepred_e_via_km": null}, "geometry": {"type": "Point", "coordinates": [-73.80423771199997, -13.498190067999928]}}, {"type": "Feature", "properties": {"ruta": "PE-22", "dist_corredor_m": 69.2, "peligro": "Inundación", "nivel": "", "dpto": "Lima", "prov": "Huarochiri", "cenepred_e_via_km": null}, "geometry": {"type": "Point", "coordinates": [-76.62232861599995, -11.919790643999931]}}, {"type": "Feature", "properties": {"ruta": "PE-1N", "dist_corredor_m": 574.6, "peligro": "", "nivel": "Medio", "dpto": "Tumbes", "prov": "Tumbes", "cenepred_e_via_km": null}, "geometry": {"type": "Point", "coordinates": [-80.46434649099996, -3.566845419999936]}}, {"type": "Feature", "properties": {"ruta": "PE-22", "dist_corredor_m": 467.1, "peligro": "Inundación, flujo de detritos, erosión", "nivel": null, "dpto": "Lima", "prov": "Lima", "cenepred_e_via_km": null}, "geometry": {"type": "Point", "coordinates": [-76.83586623899998, -11.992112457999951]}}, {"type": "Feature", "properties": {"ruta": "PE-1S", "dist_corredor_m": 687.9, "peligro": "Inundación", "nivel": "", "dpto": "Ica", "prov": "Chincha", "cenepred_e_via_km": null}, "geometry": {"type": "Point", "coordinates": [-76.12991450599998, -13.420461117999935]}}, {"type": "Feature", "properties": {"ruta": "PE-1S", "dist_corredor_m": 817.3, "peligro": "", "nivel": null, "dpto": "Lima", "prov": "Cañete", "cenepred_e_via_km": null}, "geometry": {"type": "Point", "coordinates": [-76.65066582999998, -12.662224224999932]}}, {"type": "Feature", "properties": {"ruta": "PE-22", "dist_corredor_m": 592.9, "peligro": "Inundación", "nivel": null, "dpto": "Lima", "prov": "Lima", "cenepred_e_via_km": null}, "geometry": {"type": "Point", "coordinates": [-76.69516019599996, -11.926940277999961]}}, {"type": "Feature", "properties": {"ruta": "PE-1S", "dist_corredor_m": 700.4, "peligro": "Inundación", "nivel": "Medio", "dpto": "Ica", "prov": "Palpa", "cenepred_e_via_km": null}, "geometry": {"type": "Point", "coordinates": [-75.25363685599996, -14.493986276999976]}}, {"type": "Feature", "properties": {"ruta": "PE-22", "dist_corredor_m": 401.1, "peligro": "", "nivel": "", "dpto": "Lima", "prov": "Lima", "cenepred_e_via_km": null}, "geometry": {"type": "Point", "coordinates": [-76.88688144599996, -12.011017093999953]}}, {"type": "Feature", "properties": {"ruta": "PE-3S", "dist_corredor_m": 444.1, "peligro": null, "nivel": "", "dpto": "Junín", "prov": "Concepción", "cenepred_e_via_km": null}, "geometry": {"type": "Point", "coordinates": [-75.31777653399996, -11.93731577899996]}}, {"type": "Feature", "properties": {"ruta": "PE-1N", "dist_corredor_m": 51.2, "peligro": "Inundación", "nivel": null, "dpto": "Lima", "prov": "Lima", "cenepred_e_via_km": null}, "geometry": {"type": "Point", "coordinates": [-77.03163625699995, -12.042484444999957]}}, {"type": "Feature", "properties": {"ruta": "PE-28", "dist_corredor_m": 245.8, "peligro": "Inundación", "nivel": "", "dpto": "Ica", "prov": "Pisco", "cenepred_e_via_km": null}, "geometry": {"type": "Point", "coordinates": [-75.83919846399994, -13.712824206999926]}}, {"type": "Feature", "properties": {"ruta": "PE-1S", "dist_corredor_m": 222.3, "peligro": "Inundación", "nivel": null, "dpto": "Ica", "prov": "Ica", "cenepred_e_via_km": null}, "geometry": {"type": "Point", "coordinates": [-75.71822715999997, -14.088316458999941]}}, {"type": "Feature", "properties": {"ruta": "PE-1N", "dist_corredor_m": 749.4, "peligro": "Inundación", "nivel": "", "dpto": "Áncash", "prov": "Santa", "cenepred_e_via_km": null}, "geometry": {"type": "Point", "coordinates": [-78.42454388599998, -9.257007775999966]}}, {"type": "Feature", "properties": {"ruta": "PE-3S", "dist_corredor_m": 820.1, "peligro": "Inundación", "nivel": "", "dpto": "Junín", "prov": "Huancayo", "cenepred_e_via_km": null}, "geometry": {"type": "Point", "coordinates": [-75.29534800799996, -11.953048451999962]}}, {"type": "Feature", "properties": {"ruta": "PE-22", "dist_corredor_m": 83.4, "peligro": null, "nivel": "", "dpto": "Lima", "prov": "Lima", "cenepred_e_via_km": null}, "geometry": {"type": "Point", "coordinates": [-76.67958451599998, -11.92433651899995]}}, {"type": "Feature", "properties": {"ruta": "PE-1N", "dist_corredor_m": 737.1, "peligro": "Inundación, flujo de detritos, erosión", "nivel": "Alto", "dpto": "La Libertad", "prov": "Virú", "cenepred_e_via_km": null}, "geometry": {"type": "Point", "coordinates": [-78.63016430799996, -8.968156055999941]}}, {"type": "Feature", "properties": {"ruta": "PE-22", "dist_corredor_m": 65.1, "peligro": "Inundación", "nivel": " ", "dpto": "Lima", "prov": "Lima", "cenepred_e_via_km": null}, "geometry": {"type": "Point", "coordinates": [-76.681753255, -11.924375577999967]}}, {"type": "Feature", "properties": {"ruta": "PE-1S", "dist_corredor_m": 257.3, "peligro": "Inundación", "nivel": "", "dpto": "Ica", "prov": "Ica", "cenepred_e_via_km": null}, "geometry": {"type": "Point", "coordinates": [-75.67823048499997, -14.286960981999982]}}, {"type": "Feature", "properties": {"ruta": "PE-3S", "dist_corredor_m": 546.9, "peligro": "Inundación, flujo de detritos, erosión fluvial", "nivel": " ", "dpto": "Cusco", "prov": "Anta", "cenepred_e_via_km": null}, "geometry": {"type": "Point", "coordinates": [-72.05892825399997, -13.48472830999998]}}, {"type": "Feature", "properties": {"ruta": "PE-28", "dist_corredor_m": 592.8, "peligro": "", "nivel": "Medio", "dpto": "Ica", "prov": "Pisco", "cenepred_e_via_km": null}, "geometry": {"type": "Point", "coordinates": [-75.91061803099996, -13.734261224999955]}}, {"type": "Feature", "properties": {"ruta": "PE-28", "dist_corredor_m": 250.6, "peligro": "", "nivel": "", "dpto": "Ica", "prov": "Pisco", "cenepred_e_via_km": null}, "geometry": {"type": "Point", "coordinates": [-75.77377795699994, -13.672884400999976]}}, {"type": "Feature", "properties": {"ruta": "PE-22", "dist_corredor_m": 193.9, "peligro": "", "nivel": "", "dpto": "Lima", "prov": "Lima", "cenepred_e_via_km": null}, "geometry": {"type": "Point", "coordinates": [-76.84071649399993, -11.999230539999928]}}, {"type": "Feature", "properties": {"ruta": "PE-1S", "dist_corredor_m": 80.6, "peligro": "Inundación", "nivel": "", "dpto": "Ica", "prov": "Nasca", "cenepred_e_via_km": null}, "geometry": {"type": "Point", "coordinates": [-75.14617375699999, -14.678768963999971]}}, {"type": "Feature", "properties": {"ruta": "PE-1S", "dist_corredor_m": 139.1, "peligro": "Inundación, flujo de detritos, erosión", "nivel": null, "dpto": "Arequipa", "prov": "Islay", "cenepred_e_via_km": null}, "geometry": {"type": "Point", "coordinates": [-71.70466479599997, -17.03563332799996]}}, {"type": "Feature", "properties": {"ruta": "PE-22", "dist_corredor_m": 102.5, "peligro": "", "nivel": "", "dpto": "Lima", "prov": "Lima", "cenepred_e_via_km": null}, "geometry": {"type": "Point", "coordinates": [-76.74178198999994, -11.965160955999977]}}, {"type": "Feature", "properties": {"ruta": "PE-1S", "dist_corredor_m": 221.3, "peligro": "Inundación", "nivel": "", "dpto": "Ica", "prov": "Nasca", "cenepred_e_via_km": null}, "geometry": {"type": "Point", "coordinates": [-74.94519968699996, -14.832675331999951]}}, {"type": "Feature", "properties": {"ruta": "PE-1N", "dist_corredor_m": 249.2, "peligro": "", "nivel": "Medio", "dpto": "Tumbes", "prov": "Tumbes", "cenepred_e_via_km": null}, "geometry": {"type": "Point", "coordinates": [-80.46223837399998, -3.569006313999978]}}, {"type": "Feature", "properties": {"ruta": "PE-1N", "dist_corredor_m": 997.7, "peligro": "Inundación", "nivel": "", "dpto": "La Libertad", "prov": "Virú", "cenepred_e_via_km": null}, "geometry": {"type": "Point", "coordinates": [-78.78041351999997, -8.411659541999938]}}, {"type": "Feature", "properties": {"ruta": "PE-3S", "dist_corredor_m": 606.0, "peligro": "Inundación, flujo de detritos, erosión fluvial", "nivel": " ", "dpto": "Cusco", "prov": "Acomayo", "cenepred_e_via_km": null}, "geometry": {"type": "Point", "coordinates": [-71.44334739399994, -14.09864633899997]}}, {"type": "Feature", "properties": {"ruta": "PE-22", "dist_corredor_m": 195.7, "peligro": "Inundación", "nivel": " ", "dpto": "Lima", "prov": "Lima", "cenepred_e_via_km": null}, "geometry": {"type": "Point", "coordinates": [-76.69827818499994, -11.941819020999958]}}, {"type": "Feature", "properties": {"ruta": "PE-28", "dist_corredor_m": 16.5, "peligro": "Inundación, flujo de detritos, erosión fluvial", "nivel": " ", "dpto": "Cusco", "prov": "La Convención", "cenepred_e_via_km": null}, "geometry": {"type": "Point", "coordinates": [-72.75211204499993, -12.603783601999965]}}, {"type": "Feature", "properties": {"ruta": "PE-28", "dist_corredor_m": 12.0, "peligro": "Inundación", "nivel": " ", "dpto": "Huancavelica", "prov": "Huaytará", "cenepred_e_via_km": null}, "geometry": {"type": "Point", "coordinates": [-75.35258729799995, -13.602047047999974]}}, {"type": "Feature", "properties": {"ruta": "PE-1N", "dist_corredor_m": 871.0, "peligro": "", "nivel": "", "dpto": "Piura", "prov": "Sullana", "cenepred_e_via_km": null}, "geometry": {"type": "Point", "coordinates": [-80.87032653699998, -4.854759089999959]}}, {"type": "Feature", "properties": {"ruta": "PE-3S", "dist_corredor_m": 486.8, "peligro": "Inundación", "nivel": "", "dpto": "Junín", "prov": "Huancayo", "cenepred_e_via_km": null}, "geometry": {"type": "Point", "coordinates": [-75.27179303999998, -11.974712881999949]}}, {"type": "Feature", "properties": {"ruta": "PE-3S", "dist_corredor_m": 638.4, "peligro": "Inundación", "nivel": "", "dpto": "Junín", "prov": "Huancayo", "cenepred_e_via_km": null}, "geometry": {"type": "Point", "coordinates": [-75.26472633699996, -11.990228916999968]}}, {"type": "Feature", "properties": {"ruta": "PE-22", "dist_corredor_m": 60.9, "peligro": "", "nivel": "", "dpto": "Lima", "prov": "Huarochiri", "cenepred_e_via_km": null}, "geometry": {"type": "Point", "coordinates": [-76.29591552199997, -11.75581705899998]}}, {"type": "Feature", "properties": {"ruta": "PE-28", "dist_corredor_m": 545.9, "peligro": "", "nivel": "Alto", "dpto": "Ica", "prov": "Pisco", "cenepred_e_via_km": null}, "geometry": {"type": "Point", "coordinates": [-75.87294251099996, -13.725057718999949]}}, {"type": "Feature", "properties": {"ruta": "PE-3S", "dist_corredor_m": 49.8, "peligro": "Inundación, flujo de detritos, erosión fluvial", "nivel": " ", "dpto": "Puno", "prov": "Melgar", "cenepred_e_via_km": null}, "geometry": {"type": "Point", "coordinates": [-70.60210878699996, -14.884994121999966]}}, {"type": "Feature", "properties": {"ruta": "PE-1S", "dist_corredor_m": 210.7, "peligro": "", "nivel": null, "dpto": "Lima", "prov": "Cañete", "cenepred_e_via_km": null}, "geometry": {"type": "Point", "coordinates": [-76.65516607399996, -12.67199510499995]}}, {"type": "Feature", "properties": {"ruta": "PE-22", "dist_corredor_m": 69.2, "peligro": "", "nivel": "", "dpto": "Lima", "prov": "Huarochiri", "cenepred_e_via_km": null}, "geometry": {"type": "Point", "coordinates": [-76.62232861499996, -11.919790641999953]}}, {"type": "Feature", "properties": {"ruta": "PE-1N", "dist_corredor_m": 834.3, "peligro": "", "nivel": "Medio", "dpto": "Tumbes", "prov": "Tumbes", "cenepred_e_via_km": null}, "geometry": {"type": "Point", "coordinates": [-80.48173820699998, -3.604896323999981]}}, {"type": "Feature", "properties": {"ruta": "PE-22", "dist_corredor_m": 195.7, "peligro": "Inundación", "nivel": "", "dpto": "Lima", "prov": "Lima", "cenepred_e_via_km": null}, "geometry": {"type": "Point", "coordinates": [-76.69253983499993, -11.935079566999946]}}, {"type": "Feature", "properties": {"ruta": "PE-28", "dist_corredor_m": 19.9, "peligro": "Inundación, erosión", "nivel": "", "dpto": "Huancavelica", "prov": "Huaytará", "cenepred_e_via_km": null}, "geometry": {"type": "Point", "coordinates": [-75.35957479599995, -13.60130464599996]}}, {"type": "Feature", "properties": {"ruta": "PE-1S", "dist_corredor_m": 635.0, "peligro": "", "nivel": " ", "dpto": "Lima", "prov": "Cañete", "cenepred_e_via_km": null}, "geometry": {"type": "Point", "coordinates": [-76.38926192499997, -13.121757250999963]}}, {"type": "Feature", "properties": {"ruta": "PE-1N", "dist_corredor_m": 11.7, "peligro": "", "nivel": "", "dpto": "Áncash", "prov": "Casma", "cenepred_e_via_km": null}, "geometry": {"type": "Point", "coordinates": [-78.27340389999995, -9.485933233999958]}}, {"type": "Feature", "properties": {"ruta": "PE-22", "dist_corredor_m": 111.6, "peligro": "Inundación", "nivel": "", "dpto": "Lima", "prov": "Lima", "cenepred_e_via_km": null}, "geometry": {"type": "Point", "coordinates": [-76.76748484699993, -11.973009187999935]}}, {"type": "Feature", "properties": {"ruta": "PE-22", "dist_corredor_m": 102.5, "peligro": "Inundación", "nivel": "", "dpto": "Lima", "prov": "Lima", "cenepred_e_via_km": null}, "geometry": {"type": "Point", "coordinates": [-76.74178199099998, -11.965160956999966]}}, {"type": "Feature", "properties": {"ruta": "PE-3S", "dist_corredor_m": 749.9, "peligro": "Inundación", "nivel": "", "dpto": "Apurímac", "prov": "Andahuaylas", "cenepred_e_via_km": null}, "geometry": {"type": "Point", "coordinates": [-73.35960388599995, -13.652882226999964]}}, {"type": "Feature", "properties": {"ruta": "PE-28", "dist_corredor_m": 705.7, "peligro": "Inundación", "nivel": "", "dpto": "Ica", "prov": "Pisco", "cenepred_e_via_km": null}, "geometry": {"type": "Point", "coordinates": [-75.97200994799994, -13.722964047999938]}}, {"type": "Feature", "properties": {"ruta": "PE-22", "dist_corredor_m": 281.0, "peligro": "Inundación", "nivel": "", "dpto": "Lima", "prov": "Lima", "cenepred_e_via_km": null}, "geometry": {"type": "Point", "coordinates": [-76.87394239299994, -12.008130310999945]}}, {"type": "Feature", "properties": {"ruta": "PE-3S", "dist_corredor_m": 263.1, "peligro": "", "nivel": "", "dpto": "Cusco", "prov": "Canchis", "cenepred_e_via_km": null}, "geometry": {"type": "Point", "coordinates": [-71.18379725499994, -14.339509863999979]}}, {"type": "Feature", "properties": {"ruta": "PE-1S", "dist_corredor_m": 988.0, "peligro": "Inundación", "nivel": "", "dpto": "Ica", "prov": "Palpa", "cenepred_e_via_km": null}, "geometry": {"type": "Point", "coordinates": [-75.17386998999996, -14.536536140999942]}}, {"type": "Feature", "properties": {"ruta": "PE-1S", "dist_corredor_m": 95.8, "peligro": "Inundación", "nivel": "Medio", "dpto": "Arequipa", "prov": "Caravelí", "cenepred_e_via_km": null}, "geometry": {"type": "Point", "coordinates": [-74.522540097, -15.67279568999993]}}, {"type": "Feature", "properties": {"ruta": "PE-22", "dist_corredor_m": 432.1, "peligro": "Inundación", "nivel": "", "dpto": "Lima", "prov": "Lima", "cenepred_e_via_km": null}, "geometry": {"type": "Point", "coordinates": [-76.82013232399999, -11.985770228999968]}}, {"type": "Feature", "properties": {"ruta": "PE-1N", "dist_corredor_m": 899.0, "peligro": "Inundación", "nivel": "", "dpto": "Lima", "prov": "Barranca", "cenepred_e_via_km": null}, "geometry": {"type": "Point", "coordinates": [-77.82353067299994, -10.650805618999925]}}, {"type": "Feature", "properties": {"ruta": "PE-28", "dist_corredor_m": 25.5, "peligro": "", "nivel": "", "dpto": "Ica", "prov": "Pisco", "cenepred_e_via_km": null}, "geometry": {"type": "Point", "coordinates": [-75.53580773099998, -13.565950339999972]}}, {"type": "Feature", "properties": {"ruta": "PE-1S", "dist_corredor_m": 453.9, "peligro": "Inundación, flujo de detritos, erosión", "nivel": null, "dpto": "Moquegua", "prov": "Mariscal Nieto", "cenepred_e_via_km": null}, "geometry": {"type": "Point", "coordinates": [-70.97130127899999, -17.21172726499998]}}, {"type": "Feature", "properties": {"ruta": "PE-3S", "dist_corredor_m": 504.8, "peligro": "", "nivel": "", "dpto": "Cusco", "prov": "Canchis", "cenepred_e_via_km": null}, "geometry": {"type": "Point", "coordinates": [-71.28166265299996, -14.23285575899996]}}, {"type": "Feature", "properties": {"ruta": "PE-22", "dist_corredor_m": 464.7, "peligro": "Inundación", "nivel": null, "dpto": "Lima", "prov": "Lima", "cenepred_e_via_km": null}, "geometry": {"type": "Point", "coordinates": [-76.83749015799998, -11.993277706999947]}}, {"type": "Feature", "properties": {"ruta": "PE-1N", "dist_corredor_m": 163.9, "peligro": "Inundación", "nivel": "", "dpto": "Lambayeque", "prov": "Chiclayo", "cenepred_e_via_km": null}, "geometry": {"type": "Point", "coordinates": [-79.64530386299998, -6.980582849999962]}}, {"type": "Feature", "properties": {"ruta": "PE-3S", "dist_corredor_m": 313.0, "peligro": "Inundación", "nivel": "", "dpto": "Junín", "prov": "Jauja", "cenepred_e_via_km": null}, "geometry": {"type": "Point", "coordinates": [-75.46094510799998, -11.795889921999958]}}, {"type": "Feature", "properties": {"ruta": "PE-3S", "dist_corredor_m": 391.1, "peligro": "Inundación", "nivel": "", "dpto": "Puno", "prov": "Lampa", "cenepred_e_via_km": null}, "geometry": {"type": "Point", "coordinates": [-70.22312194699998, -15.310045585999944]}}, {"type": "Feature", "properties": {"ruta": "PE-1S", "dist_corredor_m": 778.4, "peligro": "Inundación", "nivel": null, "dpto": "Ica", "prov": "Ica", "cenepred_e_via_km": null}, "geometry": {"type": "Point", "coordinates": [-75.72441521399998, -14.117790599999978]}}, {"type": "Feature", "properties": {"ruta": "PE-22", "dist_corredor_m": 239.0, "peligro": "", "nivel": "", "dpto": "Lima", "prov": "Lima", "cenepred_e_via_km": null}, "geometry": {"type": "Point", "coordinates": [-76.89073629799998, -12.013422502999958]}}, {"type": "Feature", "properties": {"ruta": "PE-3S", "dist_corredor_m": 707.5, "peligro": "Inundación", "nivel": "", "dpto": "Ayacucho", "prov": "Huamanga", "cenepred_e_via_km": null}, "geometry": {"type": "Point", "coordinates": [-74.21244516999997, -13.177042172999961]}}, {"type": "Feature", "properties": {"ruta": "PE-28", "dist_corredor_m": 528.0, "peligro": "", "nivel": "Medio", "dpto": "Huancavelica", "prov": "Huaytará", "cenepred_e_via_km": null}, "geometry": {"type": "Point", "coordinates": [-75.37788722699997, -13.601141905999953]}}, {"type": "Feature", "properties": {"ruta": "PE-22", "dist_corredor_m": 339.7, "peligro": "", "nivel": "", "dpto": "Lima", "prov": "Lima", "cenepred_e_via_km": null}, "geometry": {"type": "Point", "coordinates": [-76.81077369999997, -11.983986869999967]}}, {"type": "Feature", "properties": {"ruta": "PE-22", "dist_corredor_m": 68.1, "peligro": null, "nivel": "", "dpto": "Lima", "prov": "Lima", "cenepred_e_via_km": null}, "geometry": {"type": "Point", "coordinates": [-76.68087022399999, -11.924419242999932]}}, {"type": "Feature", "properties": {"ruta": "PE-28", "dist_corredor_m": 728.0, "peligro": "Inundación", "nivel": "", "dpto": "Ica", "prov": "Pisco", "cenepred_e_via_km": null}, "geometry": {"type": "Point", "coordinates": [-75.95643495899998, -13.72941498299997]}}, {"type": "Feature", "properties": {"ruta": "PE-22", "dist_corredor_m": 195.9, "peligro": "Inundación", "nivel": " ", "dpto": "Lima", "prov": "Lima", "cenepred_e_via_km": null}, "geometry": {"type": "Point", "coordinates": [-76.69867650099997, -11.942013608999957]}}, {"type": "Feature", "properties": {"ruta": "PE-22", "dist_corredor_m": 89.5, "peligro": "Inundación", "nivel": "", "dpto": "Lima", "prov": "Huarochiri", "cenepred_e_via_km": null}, "geometry": {"type": "Point", "coordinates": [-76.28616741499997, -11.743230267999934]}}, {"type": "Feature", "properties": {"ruta": "PE-1S", "dist_corredor_m": 571.9, "peligro": "", "nivel": "", "dpto": "Arequipa", "prov": "Camaná", "cenepred_e_via_km": null}, "geometry": {"type": "Point", "coordinates": [-72.74421484899995, -16.602394879999963]}}, {"type": "Feature", "properties": {"ruta": "PE-1N", "dist_corredor_m": 74.0, "peligro": "", "nivel": "", "dpto": "Áncash", "prov": "Casma", "cenepred_e_via_km": null}, "geometry": {"type": "Point", "coordinates": [-78.27273341999995, -9.485557569999969]}}, {"type": "Feature", "properties": {"ruta": "PE-22", "dist_corredor_m": 544.6, "peligro": "Inundación", "nivel": null, "dpto": "Lima", "prov": "Lima", "cenepred_e_via_km": null}, "geometry": {"type": "Point", "coordinates": [-76.76996381599997, -11.980703244999972]}}, {"type": "Feature", "properties": {"ruta": "PE-1N", "dist_corredor_m": 637.8, "peligro": null, "nivel": "", "dpto": "Áncash", "prov": "Santa", "cenepred_e_via_km": null}, "geometry": {"type": "Point", "coordinates": [-78.43397911299996, -9.265379838999934]}}, {"type": "Feature", "properties": {"ruta": "PE-28", "dist_corredor_m": 32.5, "peligro": "Inundación, flujo de detritos, erosión fluvial", "nivel": " ", "dpto": "Ayacucho", "prov": "Huamanga", "cenepred_e_via_km": null}, "geometry": {"type": "Point", "coordinates": [-74.34101777499995, -13.318912104999981]}}, {"type": "Feature", "properties": {"ruta": "PE-1N", "dist_corredor_m": 267.8, "peligro": "", "nivel": "", "dpto": "Lambayeque", "prov": "Chiclayo", "cenepred_e_via_km": null}, "geometry": {"type": "Point", "coordinates": [-79.41252296799996, -7.489985242999978]}}, {"type": "Feature", "properties": {"ruta": "PE-3S", "dist_corredor_m": 168.9, "peligro": "Inundación, flujo de detritos, erosión fluvial", "nivel": " ", "dpto": "Ayacucho", "prov": "Huamanga", "cenepred_e_via_km": null}, "geometry": {"type": "Point", "coordinates": [-74.21958591699996, -13.162868308999975]}}, {"type": "Feature", "properties": {"ruta": "PE-1S", "dist_corredor_m": 181.7, "peligro": "Inundación", "nivel": null, "dpto": "Ica", "prov": "Nasca", "cenepred_e_via_km": null}, "geometry": {"type": "Point", "coordinates": [-75.14515226999998, -14.67904988999993]}}, {"type": "Feature", "properties": {"ruta": "PE-1N", "dist_corredor_m": 979.9, "peligro": "", "nivel": "", "dpto": "Áncash", "prov": "Casma", "cenepred_e_via_km": null}, "geometry": {"type": "Point", "coordinates": [-78.30066935099995, -9.484834513999942]}}, {"type": "Feature", "properties": {"ruta": "PE-3S", "dist_corredor_m": 862.6, "peligro": "Inundación", "nivel": "", "dpto": "Junín", "prov": "Huancayo", "cenepred_e_via_km": null}, "geometry": {"type": "Point", "coordinates": [-75.23846057399999, -12.04870841099995]}}, {"type": "Feature", "properties": {"ruta": "PE-1S", "dist_corredor_m": 189.6, "peligro": null, "nivel": "", "dpto": "Arequipa", "prov": "Islay", "cenepred_e_via_km": null}, "geometry": {"type": "Point", "coordinates": [-71.68635907899994, -17.02646568199998]}}, {"type": "Feature", "properties": {"ruta": "PE-3S", "dist_corredor_m": 760.1, "peligro": "Inundación", "nivel": " ", "dpto": "Ayacucho", "prov": "Huamanga", "cenepred_e_via_km": 0.15}, "geometry": {"type": "Point", "coordinates": [-74.21152463399994, -13.179236506999928]}}, {"type": "Feature", "properties": {"ruta": "PE-3S", "dist_corredor_m": 154.0, "peligro": "Inundación, flujo de detritos, erosión", "nivel": null, "dpto": "Huancavelica", "prov": "Churcampa", "cenepred_e_via_km": null}, "geometry": {"type": "Point", "coordinates": [-74.59052384399996, -12.677627972999971]}}, {"type": "Feature", "properties": {"ruta": "PE-22", "dist_corredor_m": 193.9, "peligro": "Inundación", "nivel": "", "dpto": "Lima", "prov": "Lima", "cenepred_e_via_km": null}, "geometry": {"type": "Point", "coordinates": [-76.84071649499998, -11.999230540999974]}}, {"type": "Feature", "properties": {"ruta": "PE-22", "dist_corredor_m": 529.2, "peligro": "Inundación", "nivel": null, "dpto": "Lima", "prov": "Lima", "cenepred_e_via_km": null}, "geometry": {"type": "Point", "coordinates": [-76.68346354499994, -11.919077094999977]}}, {"type": "Feature", "properties": {"ruta": "PE-22", "dist_corredor_m": 157.8, "peligro": "Inundación", "nivel": "", "dpto": "Lima", "prov": "Lima", "cenepred_e_via_km": null}, "geometry": {"type": "Point", "coordinates": [-76.79963938699996, -11.981636077999951]}}, {"type": "Feature", "properties": {"ruta": "PE-3S", "dist_corredor_m": 230.4, "peligro": "Inundación", "nivel": "", "dpto": "Puno", "prov": "El Collao", "cenepred_e_via_km": null}, "geometry": {"type": "Point", "coordinates": [-69.57988175099996, -16.13992121299998]}}, {"type": "Feature", "properties": {"ruta": "PE-22", "dist_corredor_m": 112.4, "peligro": "Erosión fluvial", "nivel": "Muy alto", "dpto": "Lima", "prov": "Lima", "cenepred_e_via_km": null}, "geometry": {"type": "Point", "coordinates": [-76.91205442999996, -12.019577502999937]}}, {"type": "Feature", "properties": {"ruta": "PE-28", "dist_corredor_m": 224.8, "peligro": "Inundación", "nivel": "", "dpto": "Ica", "prov": "Pisco", "cenepred_e_via_km": null}, "geometry": {"type": "Point", "coordinates": [-75.81861088599999, -13.701582463999955]}}, {"type": "Feature", "properties": {"ruta": "PE-28", "dist_corredor_m": 562.5, "peligro": "Inundación", "nivel": "", "dpto": "Ica", "prov": "Pisco", "cenepred_e_via_km": null}, "geometry": {"type": "Point", "coordinates": [-75.84331650299998, -13.716191650999974]}}, {"type": "Feature", "properties": {"ruta": "PE-22", "dist_corredor_m": 211.3, "peligro": "Inundación", "nivel": null, "dpto": "Lima", "prov": "Lima", "cenepred_e_via_km": null}, "geometry": {"type": "Point", "coordinates": [-76.69484031899998, -11.93816770099994]}}, {"type": "Feature", "properties": {"ruta": "PE-1N", "dist_corredor_m": 14.4, "peligro": "Inundación, flujo de detritos", "nivel": "Muy alto", "dpto": "Piura", "prov": "Talara", "cenepred_e_via_km": null}, "geometry": {"type": "Point", "coordinates": [-81.03107437699998, -4.102361087999952]}}, {"type": "Feature", "properties": {"ruta": "PE-22", "dist_corredor_m": 723.2, "peligro": "Inundación", "nivel": null, "dpto": "Lima", "prov": "Lima", "cenepred_e_via_km": null}, "geometry": {"type": "Point", "coordinates": [-76.76467282699997, -11.98077018899994]}}, {"type": "Feature", "properties": {"ruta": "PE-22", "dist_corredor_m": 179.3, "peligro": "Inundación", "nivel": null, "dpto": "Lima", "prov": "Lima", "cenepred_e_via_km": null}, "geometry": {"type": "Point", "coordinates": [-76.84318022999997, -12.00163807599995]}}, {"type": "Feature", "properties": {"ruta": "PE-22", "dist_corredor_m": 322.5, "peligro": "Inundación", "nivel": " ", "dpto": "Lima", "prov": "Lima", "cenepred_e_via_km": null}, "geometry": {"type": "Point", "coordinates": [-76.67344201899994, -11.923591862999956]}}, {"type": "Feature", "properties": {"ruta": "PE-3S", "dist_corredor_m": 7.3, "peligro": "Inundación", "nivel": null, "dpto": "Apurímac", "prov": "Andahuaylas", "cenepred_e_via_km": null}, "geometry": {"type": "Point", "coordinates": [-73.36911989799995, -13.649464944999977]}}, {"type": "Feature", "properties": {"ruta": "PE-1S", "dist_corredor_m": 852.4, "peligro": "Inundación, erosión pluvial", "nivel": null, "dpto": "Arequipa", "prov": "Islay", "cenepred_e_via_km": null}, "geometry": {"type": "Point", "coordinates": [-71.66108575699997, -17.016348839999978]}}, {"type": "Feature", "properties": {"ruta": "PE-1S", "dist_corredor_m": 890.2, "peligro": "Inundación", "nivel": null, "dpto": "Ica", "prov": "Pisco", "cenepred_e_via_km": null}, "geometry": {"type": "Point", "coordinates": [-76.16570863999993, -13.690887696999937]}}, {"type": "Feature", "properties": {"ruta": "PE-1N", "dist_corredor_m": 946.6, "peligro": "", "nivel": "", "dpto": "Tumbes", "prov": "Tumbes", "cenepred_e_via_km": null}, "geometry": {"type": "Point", "coordinates": [-80.46789502199994, -3.565904560999968]}}, {"type": "Feature", "properties": {"ruta": "PE-1S", "dist_corredor_m": 911.1, "peligro": "Inundación", "nivel": "", "dpto": "Ica", "prov": "Pisco", "cenepred_e_via_km": null}, "geometry": {"type": "Point", "coordinates": [-76.16695667599998, -13.688974260999942]}}, {"type": "Feature", "properties": {"ruta": "PE-22", "dist_corredor_m": 416.5, "peligro": "Inundación", "nivel": "", "dpto": "Lima", "prov": "Lima", "cenepred_e_via_km": null}, "geometry": {"type": "Point", "coordinates": [-76.81828336199999, -11.985248922999972]}}, {"type": "Feature", "properties": {"ruta": "PE-3S", "dist_corredor_m": 161.8, "peligro": "Inundación, erosión", "nivel": "", "dpto": "Huancavelica", "prov": "Churcampa", "cenepred_e_via_km": null}, "geometry": {"type": "Point", "coordinates": [-74.35794151499994, -12.834015910999938]}}, {"type": "Feature", "properties": {"ruta": "PE-28", "dist_corredor_m": 181.7, "peligro": "Inundación, flujo de detritos, erosión fluvial", "nivel": " ", "dpto": "Cusco", "prov": "Urubamba", "cenepred_e_via_km": null}, "geometry": {"type": "Point", "coordinates": [-72.06217166399995, -13.334902468999928]}}, {"type": "Feature", "properties": {"ruta": "PE-28", "dist_corredor_m": 390.0, "peligro": "", "nivel": "", "dpto": "Junín", "prov": "Satipo", "cenepred_e_via_km": null}, "geometry": {"type": "Point", "coordinates": [-74.49442505399998, -11.430084700999942]}}, {"type": "Feature", "properties": {"ruta": "PE-28", "dist_corredor_m": 975.7, "peligro": "Inundación", "nivel": "", "dpto": "Ica", "prov": "Pisco", "cenepred_e_via_km": null}, "geometry": {"type": "Point", "coordinates": [-75.97228743699998, -13.725536486999943]}}, {"type": "Feature", "properties": {"ruta": "PE-1S", "dist_corredor_m": 260.8, "peligro": "Inundación", "nivel": null, "dpto": "Ica", "prov": "Nasca", "cenepred_e_via_km": null}, "geometry": {"type": "Point", "coordinates": [-75.14465133299996, -14.679981472999941]}}, {"type": "Feature", "properties": {"ruta": "PE-28", "dist_corredor_m": 408.2, "peligro": "Inundación", "nivel": null, "dpto": "Ica", "prov": "Pisco", "cenepred_e_via_km": null}, "geometry": {"type": "Point", "coordinates": [-75.88669199099996, -13.726835070999982]}}, {"type": "Feature", "properties": {"ruta": "PE-28", "dist_corredor_m": 36.3, "peligro": "Inundación, flujo de detritos, erosión", "nivel": null, "dpto": "Cusco", "prov": "La Convención", "cenepred_e_via_km": null}, "geometry": {"type": "Point", "coordinates": [-72.69169458699997, -12.879948715999944]}}, {"type": "Feature", "properties": {"ruta": "PE-1S", "dist_corredor_m": 467.3, "peligro": "Inundación", "nivel": "", "dpto": "Moquegua", "prov": "Mariscal Nieto", "cenepred_e_via_km": null}, "geometry": {"type": "Point", "coordinates": [-70.98939147999994, -17.285725138999965]}}, {"type": "Feature", "properties": {"ruta": "PE-1S", "dist_corredor_m": 789.7, "peligro": "Inundación", "nivel": "", "dpto": "Ica", "prov": "Ica", "cenepred_e_via_km": null}, "geometry": {"type": "Point", "coordinates": [-75.69909827599997, -14.245464840999944]}}, {"type": "Feature", "properties": {"ruta": "PE-28", "dist_corredor_m": 37.4, "peligro": "Inundación, flujo de detritos, erosión fluvial", "nivel": " ", "dpto": "Ayacucho", "prov": "Huamanga", "cenepred_e_via_km": null}, "geometry": {"type": "Point", "coordinates": [-74.23480644499995, -13.155174276999958]}}, {"type": "Feature", "properties": {"ruta": "PE-28", "dist_corredor_m": 987.2, "peligro": "Inundación", "nivel": "", "dpto": "Ica", "prov": "Pisco", "cenepred_e_via_km": null}, "geometry": {"type": "Point", "coordinates": [-75.98984294099995, -13.717306980999979]}}, {"type": "Feature", "properties": {"ruta": "PE-1N", "dist_corredor_m": 185.3, "peligro": null, "nivel": "", "dpto": "Áncash", "prov": "Huarmey", "cenepred_e_via_km": null}, "geometry": {"type": "Point", "coordinates": [-78.21655537299995, -9.937314882999942]}}, {"type": "Feature", "properties": {"ruta": "PE-28", "dist_corredor_m": 40.1, "peligro": "Inundación, flujo de detritos, erosión fluvial", "nivel": " ", "dpto": "Cusco", "prov": "Urubamba", "cenepred_e_via_km": null}, "geometry": {"type": "Point", "coordinates": [-72.25198919199994, -13.258876826999938]}}, {"type": "Feature", "properties": {"ruta": "PE-1S", "dist_corredor_m": 910.2, "peligro": "Inundación", "nivel": "", "dpto": "Ica", "prov": "Pisco", "cenepred_e_via_km": null}, "geometry": {"type": "Point", "coordinates": [-76.14646281599994, -13.691845475999969]}}, {"type": "Feature", "properties": {"ruta": "PE-22", "dist_corredor_m": 157.8, "peligro": "", "nivel": "", "dpto": "Lima", "prov": "Lima", "cenepred_e_via_km": null}, "geometry": {"type": "Point", "coordinates": [-76.79963938599997, -11.981636076999962]}}, {"type": "Feature", "properties": {"ruta": "PE-28", "dist_corredor_m": 140.2, "peligro": "Inundación", "nivel": "", "dpto": "Ica", "prov": "Pisco", "cenepred_e_via_km": null}, "geometry": {"type": "Point", "coordinates": [-75.61374305599998, -13.599135313999966]}}, {"type": "Feature", "properties": {"ruta": "PE-28", "dist_corredor_m": 341.1, "peligro": "Inundación, erosión fluvial", "nivel": "Muy alto", "dpto": "Cusco", "prov": "La Convención", "cenepred_e_via_km": null}, "geometry": {"type": "Point", "coordinates": [-73.90235360699995, -12.387658797999961]}}, {"type": "Feature", "properties": {"ruta": "PE-22", "dist_corredor_m": 265.5, "peligro": "", "nivel": "", "dpto": "Lima", "prov": "Lima", "cenepred_e_via_km": null}, "geometry": {"type": "Point", "coordinates": [-76.79710073399997, -11.97955524899993]}}, {"type": "Feature", "properties": {"ruta": "PE-3S", "dist_corredor_m": 157.4, "peligro": "Inundación", "nivel": "", "dpto": "Apurímac", "prov": "Andahuaylas", "cenepred_e_via_km": null}, "geometry": {"type": "Point", "coordinates": [-73.39581270899998, -13.664607614999966]}}, {"type": "Feature", "properties": {"ruta": "PE-1S", "dist_corredor_m": 948.4, "peligro": "", "nivel": "", "dpto": "Arequipa", "prov": "Arequipa", "cenepred_e_via_km": null}, "geometry": {"type": "Point", "coordinates": [-72.13970620599997, -16.358004363999953]}}, {"type": "Feature", "properties": {"ruta": "PE-1S", "dist_corredor_m": 878.0, "peligro": "", "nivel": "", "dpto": "Lima", "prov": "Cañete", "cenepred_e_via_km": null}, "geometry": {"type": "Point", "coordinates": [-76.65011263099996, -12.662092061999942]}}, {"type": "Feature", "properties": {"ruta": "PE-28", "dist_corredor_m": 37.7, "peligro": "Inundación", "nivel": " ", "dpto": "Huancavelica", "prov": "Huaytará", "cenepred_e_via_km": null}, "geometry": {"type": "Point", "coordinates": [-75.35334381999996, -13.601033256999926]}}, {"type": "Feature", "properties": {"ruta": "PE-1N", "dist_corredor_m": 255.6, "peligro": "Inundación", "nivel": null, "dpto": "Lima", "prov": "Lima", "cenepred_e_via_km": null}, "geometry": {"type": "Point", "coordinates": [-77.06536987399994, -11.90330533499997]}}, {"type": "Feature", "properties": {"ruta": "PE-1N", "dist_corredor_m": 940.2, "peligro": "", "nivel": "", "dpto": "Áncash", "prov": "Huarmey", "cenepred_e_via_km": null}, "geometry": {"type": "Point", "coordinates": [-78.16230369999994, -10.077492719999952]}}, {"type": "Feature", "properties": {"ruta": "PE-3S", "dist_corredor_m": 940.3, "peligro": "Inundación, flujo de detritos, erosión fluvial", "nivel": " ", "dpto": "Cusco", "prov": "Canchis", "cenepred_e_via_km": null}, "geometry": {"type": "Point", "coordinates": [-71.17298992799994, -14.362470190999943]}}, {"type": "Feature", "properties": {"ruta": "PE-22", "dist_corredor_m": 87.5, "peligro": "Inundación", "nivel": "", "dpto": "Lima", "prov": "Lima", "cenepred_e_via_km": null}, "geometry": {"type": "Point", "coordinates": [-76.80642794199997, -11.983544881999933]}}, {"type": "Feature", "properties": {"ruta": "PE-1N", "dist_corredor_m": 42.5, "peligro": "Inundación", "nivel": "Medio", "dpto": "Lima", "prov": "Huaura", "cenepred_e_via_km": null}, "geometry": {"type": "Point", "coordinates": [-77.58418285699997, -11.072624879999978]}}, {"type": "Feature", "properties": {"ruta": "PE-22", "dist_corredor_m": 87.5, "peligro": "", "nivel": "", "dpto": "Lima", "prov": "Lima", "cenepred_e_via_km": null}, "geometry": {"type": "Point", "coordinates": [-76.80642794099998, -11.983544879999954]}}, {"type": "Feature", "properties": {"ruta": "PE-3S", "dist_corredor_m": 736.3, "peligro": "Inundación", "nivel": "", "dpto": "Junín", "prov": "Huancayo", "cenepred_e_via_km": null}, "geometry": {"type": "Point", "coordinates": [-75.26382936699997, -11.99355769899995]}}, {"type": "Feature", "properties": {"ruta": "PE-22", "dist_corredor_m": 680.9, "peligro": "Inundación", "nivel": null, "dpto": "Lima", "prov": "Lima", "cenepred_e_via_km": null}, "geometry": {"type": "Point", "coordinates": [-76.76683785099993, -11.981011785999954]}}, {"type": "Feature", "properties": {"ruta": "PE-28", "dist_corredor_m": 172.2, "peligro": "Inundación", "nivel": "", "dpto": "Ica", "prov": "Pisco", "cenepred_e_via_km": null}, "geometry": {"type": "Point", "coordinates": [-75.71773483299995, -13.639065585999958]}}, {"type": "Feature", "properties": {"ruta": "PE-1S", "dist_corredor_m": 692.0, "peligro": "Inundación", "nivel": " ", "dpto": "Ica", "prov": "Nasca", "cenepred_e_via_km": null}, "geometry": {"type": "Point", "coordinates": [-74.94639217399998, -14.821328703999939]}}, {"type": "Feature", "properties": {"ruta": "PE-3S", "dist_corredor_m": 225.1, "peligro": "Inundación", "nivel": "", "dpto": "Cusco", "prov": "Canchis", "cenepred_e_via_km": null}, "geometry": {"type": "Point", "coordinates": [-71.14787540599997, -14.371663128999955]}}, {"type": "Feature", "properties": {"ruta": "PE-3S", "dist_corredor_m": 928.8, "peligro": "Inundación", "nivel": "", "dpto": "Ayacucho", "prov": "Huanta", "cenepred_e_via_km": null}, "geometry": {"type": "Point", "coordinates": [-74.23873732299995, -12.931939846999967]}}, {"type": "Feature", "properties": {"ruta": "PE-22", "dist_corredor_m": 339.7, "peligro": "Inundación", "nivel": "", "dpto": "Lima", "prov": "Lima", "cenepred_e_via_km": null}, "geometry": {"type": "Point", "coordinates": [-76.81077370099996, -11.983986870999956]}}, {"type": "Feature", "properties": {"ruta": "PE-22", "dist_corredor_m": 219.1, "peligro": null, "nivel": "", "dpto": "Lima", "prov": "Lima", "cenepred_e_via_km": null}, "geometry": {"type": "Point", "coordinates": [-76.87727799599998, -12.00982533399997]}}, {"type": "Feature", "properties": {"ruta": "PE-3S", "dist_corredor_m": 209.3, "peligro": "Inundación", "nivel": "", "dpto": "Cusco", "prov": "Canchis", "cenepred_e_via_km": null}, "geometry": {"type": "Point", "coordinates": [-71.15775037899994, -14.36232038199995]}}, {"type": "Feature", "properties": {"ruta": "PE-1S", "dist_corredor_m": 863.0, "peligro": null, "nivel": "", "dpto": "Lima", "prov": "Cañete", "cenepred_e_via_km": null}, "geometry": {"type": "Point", "coordinates": [-76.38606947199997, -13.123211856999944]}}, {"type": "Feature", "properties": {"ruta": "PE-22", "dist_corredor_m": 401.1, "peligro": "Inundación", "nivel": "", "dpto": "Lima", "prov": "Lima", "cenepred_e_via_km": null}, "geometry": {"type": "Point", "coordinates": [-76.88688144699995, -12.011017094999943]}}, {"type": "Feature", "properties": {"ruta": "PE-3S", "dist_corredor_m": 956.2, "peligro": "Inundación", "nivel": "", "dpto": "Junín", "prov": "Jauja", "cenepred_e_via_km": null}, "geometry": {"type": "Point", "coordinates": [-75.42013709699995, -11.82746895799994]}}, {"type": "Feature", "properties": {"ruta": "PE-3S", "dist_corredor_m": 595.8, "peligro": "Inundación", "nivel": "", "dpto": "Cusco", "prov": "Canchis", "cenepred_e_via_km": null}, "geometry": {"type": "Point", "coordinates": [-71.24701455199994, -14.250560805999953]}}, {"type": "Feature", "properties": {"ruta": "PE-28", "dist_corredor_m": 270.2, "peligro": "Inundación", "nivel": "", "dpto": "Cusco", "prov": "La Convención", "cenepred_e_via_km": null}, "geometry": {"type": "Point", "coordinates": [-73.71158501299993, -12.646592741999939]}}, {"type": "Feature", "properties": {"ruta": "PE-22", "dist_corredor_m": 522.6, "peligro": "Inundación", "nivel": null, "dpto": "Lima", "prov": "Lima", "cenepred_e_via_km": null}, "geometry": {"type": "Point", "coordinates": [-76.75788414199997, -11.977780491999965]}}, {"type": "Feature", "properties": {"ruta": "PE-28", "dist_corredor_m": 26.2, "peligro": "Inundación", "nivel": "", "dpto": "Ica", "prov": "Pisco", "cenepred_e_via_km": null}, "geometry": {"type": "Point", "coordinates": [-75.76938684499999, -13.661767967999936]}}, {"type": "Feature", "properties": {"ruta": "PE-22", "dist_corredor_m": 344.8, "peligro": "Inundación", "nivel": "", "dpto": "Lima", "prov": "Lima", "cenepred_e_via_km": null}, "geometry": {"type": "Point", "coordinates": [-76.72031696099998, -11.952167783999926]}}, {"type": "Feature", "properties": {"ruta": "PE-1N", "dist_corredor_m": 25.4, "peligro": "Inundación", "nivel": null, "dpto": "La Libertad", "prov": "Pacasmayo", "cenepred_e_via_km": null}, "geometry": {"type": "Point", "coordinates": [-79.48088062899996, -7.324093743999981]}}, {"type": "Feature", "properties": {"ruta": "PE-28", "dist_corredor_m": 666.5, "peligro": "", "nivel": "", "dpto": "Ica", "prov": "Pisco", "cenepred_e_via_km": null}, "geometry": {"type": "Point", "coordinates": [-75.87617050499995, -13.727650168999958]}}, {"type": "Feature", "properties": {"ruta": "PE-28", "dist_corredor_m": 402.7, "peligro": "Inundación", "nivel": "", "dpto": "Cusco", "prov": "Urubamba", "cenepred_e_via_km": null}, "geometry": {"type": "Point", "coordinates": [-72.03862674699997, -13.330979690999982]}}, {"type": "Feature", "properties": {"ruta": "PE-3S", "dist_corredor_m": 116.2, "peligro": null, "nivel": "", "dpto": "Cusco", "prov": "Canchis", "cenepred_e_via_km": null}, "geometry": {"type": "Point", "coordinates": [-71.17033913199998, -14.351904304999948]}}, {"type": "Feature", "properties": {"ruta": "PE-1N", "dist_corredor_m": 777.0, "peligro": "Inundación", "nivel": "", "dpto": "La Libertad", "prov": "Virú", "cenepred_e_via_km": null}, "geometry": {"type": "Point", "coordinates": [-78.79764972899994, -8.420075318999977]}}, {"type": "Feature", "properties": {"ruta": "PE-22", "dist_corredor_m": 172.5, "peligro": null, "nivel": "", "dpto": "Lima", "prov": "Lima", "cenepred_e_via_km": null}, "geometry": {"type": "Point", "coordinates": [-76.85818225499997, -12.006228815999975]}}, {"type": "Feature", "properties": {"ruta": "PE-28", "dist_corredor_m": 89.3, "peligro": null, "nivel": "", "dpto": "Huancavelica", "prov": "Huaytará", "cenepred_e_via_km": null}, "geometry": {"type": "Point", "coordinates": [-75.45925234699996, -13.609947741999974]}}, {"type": "Feature", "properties": {"ruta": "PE-22", "dist_corredor_m": 143.4, "peligro": "Inundación", "nivel": null, "dpto": "Lima", "prov": "Lima", "cenepred_e_via_km": null}, "geometry": {"type": "Point", "coordinates": [-76.72953787999995, -11.955008673999941]}}, {"type": "Feature", "properties": {"ruta": "PE-22", "dist_corredor_m": 533.6, "peligro": "Inundación", "nivel": null, "dpto": "Lima", "prov": "Lima", "cenepred_e_via_km": null}, "geometry": {"type": "Point", "coordinates": [-76.68958633899996, -11.922617779999939]}}, {"type": "Feature", "properties": {"ruta": "PE-1N", "dist_corredor_m": 284.8, "peligro": "Inundación", "nivel": null, "dpto": "Lima", "prov": "Lima", "cenepred_e_via_km": null}, "geometry": {"type": "Point", "coordinates": [-76.99419566499995, -12.027069453999957]}}, {"type": "Feature", "properties": {"ruta": "PE-22", "dist_corredor_m": 142.4, "peligro": "Inundación", "nivel": null, "dpto": "Lima", "prov": "Lima", "cenepred_e_via_km": null}, "geometry": {"type": "Point", "coordinates": [-76.74201278199996, -11.96548630999996]}}, {"type": "Feature", "properties": {"ruta": "PE-22", "dist_corredor_m": 239.7, "peligro": "Inundación", "nivel": null, "dpto": "Lima", "prov": "Lima", "cenepred_e_via_km": null}, "geometry": {"type": "Point", "coordinates": [-76.78743505199998, -11.977553829999977]}}, {"type": "Feature", "properties": {"ruta": "PE-22", "dist_corredor_m": 829.2, "peligro": "Inundación", "nivel": null, "dpto": "Lima", "prov": "Lima", "cenepred_e_via_km": null}, "geometry": {"type": "Point", "coordinates": [-76.77177589999997, -11.967238776999977]}}, {"type": "Feature", "properties": {"ruta": "PE-22", "dist_corredor_m": 554.2, "peligro": "Inundación", "nivel": null, "dpto": "Lima", "prov": "Lima", "cenepred_e_via_km": null}, "geometry": {"type": "Point", "coordinates": [-76.76685892299997, -11.979832238999961]}}, {"type": "Feature", "properties": {"ruta": "PE-28", "dist_corredor_m": 49.9, "peligro": "", "nivel": "", "dpto": "Ica", "prov": "Pisco", "cenepred_e_via_km": null}, "geometry": {"type": "Point", "coordinates": [-75.68310886999996, -13.628457843999968]}}, {"type": "Feature", "properties": {"ruta": "PE-22", "dist_corredor_m": 261.8, "peligro": "Inundación", "nivel": null, "dpto": "Lima", "prov": "Lima", "cenepred_e_via_km": null}, "geometry": {"type": "Point", "coordinates": [-76.86338131399998, -12.006456724999964]}}, {"type": "Feature", "properties": {"ruta": "PE-3S", "dist_corredor_m": 1.7, "peligro": "Inundación", "nivel": null, "dpto": "Apurímac", "prov": "Andahuaylas", "cenepred_e_via_km": null}, "geometry": {"type": "Point", "coordinates": [-73.36922224799997, -13.649366188999977]}}, {"type": "Feature", "properties": {"ruta": "PE-3S", "dist_corredor_m": 630.7, "peligro": "Inundación", "nivel": null, "dpto": "Apurímac", "prov": "Andahuaylas", "cenepred_e_via_km": null}, "geometry": {"type": "Point", "coordinates": [-73.36190748399997, -13.656594373999951]}}, {"type": "Feature", "properties": {"ruta": "PE-28", "dist_corredor_m": 320.3, "peligro": "", "nivel": "Medio", "dpto": "Ica", "prov": "Pisco", "cenepred_e_via_km": null}, "geometry": {"type": "Point", "coordinates": [-75.84033817999995, -13.713453228999981]}}, {"type": "Feature", "properties": {"ruta": "PE-3S", "dist_corredor_m": 187.4, "peligro": "Inundación", "nivel": "", "dpto": "Puno", "prov": "El Collao", "cenepred_e_via_km": null}, "geometry": {"type": "Point", "coordinates": [-69.63658750099995, -16.093285653999942]}}, {"type": "Feature", "properties": {"ruta": "PE-28", "dist_corredor_m": 78.2, "peligro": "", "nivel": "", "dpto": "Cusco", "prov": "Urubamba", "cenepred_e_via_km": null}, "geometry": {"type": "Point", "coordinates": [-72.03525776999999, -13.325900684999965]}}, {"type": "Feature", "properties": {"ruta": "PE-3S", "dist_corredor_m": 15.7, "peligro": "Inundación", "nivel": "", "dpto": "Cusco", "prov": "Anta", "cenepred_e_via_km": null}, "geometry": {"type": "Point", "coordinates": [-72.56609750699994, -13.554003682999962]}}, {"type": "Feature", "properties": {"ruta": "PE-1N", "dist_corredor_m": 334.2, "peligro": "", "nivel": "", "dpto": "Lima", "prov": "Huaral", "cenepred_e_via_km": null}, "geometry": {"type": "Point", "coordinates": [-77.23821767899994, -11.604735970999968]}}, {"type": "Feature", "properties": {"ruta": "PE-28", "dist_corredor_m": 41.4, "peligro": "", "nivel": "Medio", "dpto": "Huancavelica", "prov": "Huaytará", "cenepred_e_via_km": null}, "geometry": {"type": "Point", "coordinates": [-75.47208393499994, -13.610131704999958]}}, {"type": "Feature", "properties": {"ruta": "PE-1N", "dist_corredor_m": 991.3, "peligro": "Inundación", "nivel": "", "dpto": "Piura", "prov": "Piura", "cenepred_e_via_km": null}, "geometry": {"type": "Point", "coordinates": [-80.61857836999997, -5.438314186999946]}}, {"type": "Feature", "properties": {"ruta": "PE-1N", "dist_corredor_m": 942.3, "peligro": "Inundación", "nivel": null, "dpto": "Lima", "prov": "Lima", "cenepred_e_via_km": null}, "geometry": {"type": "Point", "coordinates": [-77.08108028599997, -11.931665037999949]}}, {"type": "Feature", "properties": {"ruta": "PE-1S", "dist_corredor_m": 347.9, "peligro": "Inundación", "nivel": "", "dpto": "Arequipa", "prov": "Caravelí", "cenepred_e_via_km": null}, "geometry": {"type": "Point", "coordinates": [-74.63654830699994, -15.631301586999939]}}, {"type": "Feature", "properties": {"ruta": "PE-3S", "dist_corredor_m": 418.0, "peligro": "Inundación, flujo de detritos, erosión fluvial", "nivel": " ", "dpto": "Cusco", "prov": "Canchis", "cenepred_e_via_km": null}, "geometry": {"type": "Point", "coordinates": [-71.45314060499999, -14.02398427999998]}}, {"type": "Feature", "properties": {"ruta": "PE-1S", "dist_corredor_m": 285.6, "peligro": "Inundación", "nivel": "", "dpto": "Ica", "prov": "Pisco", "cenepred_e_via_km": null}, "geometry": {"type": "Point", "coordinates": [-76.16009906199997, -13.689576044999967]}}, {"type": "Feature", "properties": {"ruta": "PE-28", "dist_corredor_m": 150.3, "peligro": "Inundación, flujo de detritos, erosión fluvial", "nivel": " ", "dpto": "Cusco", "prov": "Urubamba", "cenepred_e_via_km": null}, "geometry": {"type": "Point", "coordinates": [-72.24019422599997, -13.264638932999958]}}, {"type": "Feature", "properties": {"ruta": "PE-3S", "dist_corredor_m": 819.8, "peligro": "Inundación", "nivel": "", "dpto": "Junín", "prov": "Concepción", "cenepred_e_via_km": null}, "geometry": {"type": "Point", "coordinates": [-75.32178298199995, -11.93384422899993]}}, {"type": "Feature", "properties": {"ruta": "PE-3S", "dist_corredor_m": 998.4, "peligro": "Inundación", "nivel": "", "dpto": "Junín", "prov": "Huancayo", "cenepred_e_via_km": null}, "geometry": {"type": "Point", "coordinates": [-75.29760782399995, -11.953443972999935]}}, {"type": "Feature", "properties": {"ruta": "PE-28", "dist_corredor_m": 475.9, "peligro": "", "nivel": "", "dpto": "Ica", "prov": "Pisco", "cenepred_e_via_km": null}, "geometry": {"type": "Point", "coordinates": [-75.53146585099995, -13.562758762999977]}}, {"type": "Feature", "properties": {"ruta": "PE-1N", "dist_corredor_m": 19.3, "peligro": "Inundación", "nivel": "", "dpto": "La Libertad", "prov": "Ascope", "cenepred_e_via_km": null}, "geometry": {"type": "Point", "coordinates": [-79.17282891099995, -7.820057432999931]}}, {"type": "Feature", "properties": {"ruta": "PE-28", "dist_corredor_m": 973.6, "peligro": "Inundación", "nivel": "", "dpto": "Ica", "prov": "Pisco", "cenepred_e_via_km": null}, "geometry": {"type": "Point", "coordinates": [-75.84065823499998, -13.719332105999968]}}, {"type": "Feature", "properties": {"ruta": "PE-3S", "dist_corredor_m": 21.7, "peligro": "Inundación", "nivel": "", "dpto": "Huancavelica", "prov": "Churcampa", "cenepred_e_via_km": null}, "geometry": {"type": "Point", "coordinates": [-74.53838333499993, -12.742187376999937]}}, {"type": "Feature", "properties": {"ruta": "PE-3S", "dist_corredor_m": 733.4, "peligro": "Inundación", "nivel": "", "dpto": "Junín", "prov": "Jauja", "cenepred_e_via_km": null}, "geometry": {"type": "Point", "coordinates": [-75.47810680499998, -11.79937941199995]}}, {"type": "Feature", "properties": {"ruta": "PE-22", "dist_corredor_m": 157.0, "peligro": "Inundación", "nivel": "", "dpto": "Lima", "prov": "Huarochiri", "cenepred_e_via_km": null}, "geometry": {"type": "Point", "coordinates": [-76.25687921699995, -11.737158145999956]}}, {"type": "Feature", "properties": {"ruta": "PE-28", "dist_corredor_m": 227.7, "peligro": "Inundación, flujo de detritos, erosión", "nivel": null, "dpto": "Cusco", "prov": "La Convención", "cenepred_e_via_km": null}, "geometry": {"type": "Point", "coordinates": [-72.66042621699995, -12.979717101999938]}}, {"type": "Feature", "properties": {"ruta": "PE-3S", "dist_corredor_m": 485.6, "peligro": "Inundación", "nivel": "", "dpto": "Junín", "prov": "Huancayo", "cenepred_e_via_km": null}, "geometry": {"type": "Point", "coordinates": [-75.24680555999998, -12.001061079999943]}}, {"type": "Feature", "properties": {"ruta": "PE-28", "dist_corredor_m": 541.5, "peligro": "", "nivel": "Medio", "dpto": "Huancavelica", "prov": "Huaytará", "cenepred_e_via_km": null}, "geometry": {"type": "Point", "coordinates": [-75.37723942199995, -13.600690781999958]}}, {"type": "Feature", "properties": {"ruta": "PE-22", "dist_corredor_m": 437.6, "peligro": "Inundación", "nivel": null, "dpto": "Lima", "prov": "Lima", "cenepred_e_via_km": null}, "geometry": {"type": "Point", "coordinates": [-76.81862580399996, -11.985133828999949]}}, {"type": "Feature", "properties": {"ruta": "PE-22", "dist_corredor_m": 233.4, "peligro": "Inundación", "nivel": null, "dpto": "Lima", "prov": "Lima", "cenepred_e_via_km": null}, "geometry": {"type": "Point", "coordinates": [-76.87304125199995, -12.008374900999968]}}, {"type": "Feature", "properties": {"ruta": "PE-1N", "dist_corredor_m": 363.6, "peligro": "Inundación", "nivel": null, "dpto": "Lima", "prov": "Lima", "cenepred_e_via_km": null}, "geometry": {"type": "Point", "coordinates": [-77.009680872, -12.030559869999934]}}, {"type": "Feature", "properties": {"ruta": "PE-3S", "dist_corredor_m": 439.1, "peligro": "", "nivel": "", "dpto": "Cusco", "prov": "Canchis", "cenepred_e_via_km": null}, "geometry": {"type": "Point", "coordinates": [-71.21142647799996, -14.296180147999962]}}, {"type": "Feature", "properties": {"ruta": "PE-28", "dist_corredor_m": 79.0, "peligro": "Inundación", "nivel": " ", "dpto": "Huancavelica", "prov": "Huaytará", "cenepred_e_via_km": null}, "geometry": {"type": "Point", "coordinates": [-75.34249227499998, -13.60180795399998]}}, {"type": "Feature", "properties": {"ruta": "PE-1N", "dist_corredor_m": 3.2, "peligro": "", "nivel": "", "dpto": "Lima", "prov": "Barranca", "cenepred_e_via_km": null}, "geometry": {"type": "Point", "coordinates": [-77.69682327099997, -10.83893326599997]}}, {"type": "Feature", "properties": {"ruta": "PE-1S", "dist_corredor_m": 53.9, "peligro": "Inundación", "nivel": "", "dpto": "Lima", "prov": "Cañete", "cenepred_e_via_km": null}, "geometry": {"type": "Point", "coordinates": [-76.65309360799995, -12.670398961999979]}}, {"type": "Feature", "properties": {"ruta": "PE-28", "dist_corredor_m": 108.7, "peligro": "Inundación", "nivel": null, "dpto": "Cusco", "prov": "Urubamba", "cenepred_e_via_km": null}, "geometry": {"type": "Point", "coordinates": [-72.25951900499996, -13.263375157999974]}}, {"type": "Feature", "properties": {"ruta": "PE-28", "dist_corredor_m": 33.1, "peligro": "", "nivel": "Alto", "dpto": "Ica", "prov": "Pisco", "cenepred_e_via_km": null}, "geometry": {"type": "Point", "coordinates": [-75.73057373299997, -13.647237936999943]}}, {"type": "Feature", "properties": {"ruta": "PE-28", "dist_corredor_m": 45.8, "peligro": "Inundación, flujo de detritos, erosión", "nivel": null, "dpto": "Cusco", "prov": "Urubamba", "cenepred_e_via_km": null}, "geometry": {"type": "Point", "coordinates": [-72.03550872699998, -13.325741049999976]}}, {"type": "Feature", "properties": {"ruta": "PE-1S", "dist_corredor_m": 850.2, "peligro": null, "nivel": "", "dpto": "Ica", "prov": "Palpa", "cenepred_e_via_km": null}, "geometry": {"type": "Point", "coordinates": [-75.21688596799999, -14.568597677999946]}}, {"type": "Feature", "properties": {"ruta": "PE-22", "dist_corredor_m": 83.4, "peligro": "Inundación", "nivel": null, "dpto": "Lima", "prov": "Lima", "cenepred_e_via_km": null}, "geometry": {"type": "Point", "coordinates": [-76.68573915999997, -11.926741590999939]}}, {"type": "Feature", "properties": {"ruta": "PE-3S", "dist_corredor_m": 185.7, "peligro": "Inundación", "nivel": "", "dpto": "Apurímac", "prov": "Andahuaylas", "cenepred_e_via_km": null}, "geometry": {"type": "Point", "coordinates": [-73.36537026399998, -13.654402668999978]}}, {"type": "Feature", "properties": {"ruta": "PE-1N", "dist_corredor_m": 111.5, "peligro": "Inundación, erosión", "nivel": null, "dpto": "Piura", "prov": "Piura", "cenepred_e_via_km": null}, "geometry": {"type": "Point", "coordinates": [-80.61452316599997, -5.387701691999951]}}, {"type": "Feature", "properties": {"ruta": "PE-3S", "dist_corredor_m": 303.3, "peligro": "Inundación, erosión", "nivel": "", "dpto": "Huancavelica", "prov": "Churcampa", "cenepred_e_via_km": null}, "geometry": {"type": "Point", "coordinates": [-74.38173941199994, -12.813167024999927]}}, {"type": "Feature", "properties": {"ruta": "PE-28", "dist_corredor_m": 956.8, "peligro": "Inundación", "nivel": "", "dpto": "Ica", "prov": "Pisco", "cenepred_e_via_km": null}, "geometry": {"type": "Point", "coordinates": [-76.11759651199998, -13.689988537999966]}}, {"type": "Feature", "properties": {"ruta": "PE-1S", "dist_corredor_m": 470.3, "peligro": "Inundación", "nivel": "", "dpto": "Ica", "prov": "Palpa", "cenepred_e_via_km": null}, "geometry": {"type": "Point", "coordinates": [-75.19943561799994, -14.550390016999927]}}, {"type": "Feature", "properties": {"ruta": "PE-22", "dist_corredor_m": 958.0, "peligro": "Inundación", "nivel": null, "dpto": "Lima", "prov": "Lima", "cenepred_e_via_km": null}, "geometry": {"type": "Point", "coordinates": [-76.68203544699998, -11.933830482999952]}}, {"type": "Feature", "properties": {"ruta": "PE-28", "dist_corredor_m": 872.4, "peligro": "Inundación", "nivel": "", "dpto": "Ica", "prov": "Pisco", "cenepred_e_via_km": null}, "geometry": {"type": "Point", "coordinates": [-75.91832880199996, -13.738382548999937]}}, {"type": "Feature", "properties": {"ruta": "PE-22", "dist_corredor_m": 234.8, "peligro": "Inundación", "nivel": null, "dpto": "Lima", "prov": "Lima", "cenepred_e_via_km": null}, "geometry": {"type": "Point", "coordinates": [-76.87294727599993, -12.008349092999936]}}, {"type": "Feature", "properties": {"ruta": "PE-1S", "dist_corredor_m": 88.1, "peligro": "Inundación, erosión", "nivel": "", "dpto": "Lima", "prov": "Lima", "cenepred_e_via_km": null}, "geometry": {"type": "Point", "coordinates": [-76.82039034599995, -12.334252812999978]}}, {"type": "Feature", "properties": {"ruta": "PE-22", "dist_corredor_m": 394.9, "peligro": null, "nivel": "", "dpto": "Lima", "prov": "Lima", "cenepred_e_via_km": null}, "geometry": {"type": "Point", "coordinates": [-76.81705998599995, -11.984913369999958]}}, {"type": "Feature", "properties": {"ruta": "PE-1S", "dist_corredor_m": 253.3, "peligro": "Inundación", "nivel": "", "dpto": "Moquegua", "prov": "Mariscal Nieto", "cenepred_e_via_km": null}, "geometry": {"type": "Point", "coordinates": [-70.99160707899995, -17.325546411999937]}}, {"type": "Feature", "properties": {"ruta": "PE-1S", "dist_corredor_m": 263.8, "peligro": null, "nivel": "", "dpto": "Moquegua", "prov": "Mariscal Nieto", "cenepred_e_via_km": null}, "geometry": {"type": "Point", "coordinates": [-70.99174207799996, -17.311017204999928]}}, {"type": "Feature", "properties": {"ruta": "PE-1S", "dist_corredor_m": 603.5, "peligro": null, "nivel": "", "dpto": "Ica", "prov": "Palpa", "cenepred_e_via_km": null}, "geometry": {"type": "Point", "coordinates": [-75.21344534199994, -14.56255207099997]}}, {"type": "Feature", "properties": {"ruta": "PE-22", "dist_corredor_m": 70.0, "peligro": "Erosión fluvial", "nivel": "Alto", "dpto": "Lima", "prov": "Huarochiri", "cenepred_e_via_km": null}, "geometry": {"type": "Point", "coordinates": [-76.35208999499997, -11.81032801699996]}}, {"type": "Feature", "properties": {"ruta": "PE-28", "dist_corredor_m": 557.6, "peligro": "Inundación, flujo de detritos, erosión", "nivel": null, "dpto": "Huancavelica", "prov": "Huaytará", "cenepred_e_via_km": null}, "geometry": {"type": "Point", "coordinates": [-75.28855792299998, -13.583620089999954]}}, {"type": "Feature", "properties": {"ruta": "PE-28", "dist_corredor_m": 885.1, "peligro": "Inundación, flujo de detritos, erosión", "nivel": null, "dpto": "Ica", "prov": "Pisco", "cenepred_e_via_km": null}, "geometry": {"type": "Point", "coordinates": [-75.96334717699995, -13.728428493999957]}}, {"type": "Feature", "properties": {"ruta": "PE-28", "dist_corredor_m": 308.6, "peligro": "Inundación", "nivel": "", "dpto": "Ica", "prov": "Pisco", "cenepred_e_via_km": null}, "geometry": {"type": "Point", "coordinates": [-75.86716746999997, -13.721407303999968]}}, {"type": "Feature", "properties": {"ruta": "PE-28", "dist_corredor_m": 932.7, "peligro": "Inundación", "nivel": "", "dpto": "Ica", "prov": "Pisco", "cenepred_e_via_km": null}, "geometry": {"type": "Point", "coordinates": [-75.85824795099995, -13.722749437999937]}}, {"type": "Feature", "properties": {"ruta": "PE-1N", "dist_corredor_m": 149.7, "peligro": "Inundación", "nivel": null, "dpto": "Lima", "prov": "Lima", "cenepred_e_via_km": null}, "geometry": {"type": "Point", "coordinates": [-77.07467395799995, -11.91913313599997]}}, {"type": "Feature", "properties": {"ruta": "PE-22", "dist_corredor_m": 381.8, "peligro": "Inundación", "nivel": null, "dpto": "Lima", "prov": "Lima", "cenepred_e_via_km": null}, "geometry": {"type": "Point", "coordinates": [-76.70026326299995, -11.94472456099993]}}, {"type": "Feature", "properties": {"ruta": "PE-1N", "dist_corredor_m": 61.7, "peligro": "Inundación", "nivel": null, "dpto": "Lima", "prov": "Lima", "cenepred_e_via_km": null}, "geometry": {"type": "Point", "coordinates": [-77.04914971199997, -12.035765496999943]}}, {"type": "Feature", "properties": {"ruta": "PE-1S", "dist_corredor_m": 621.7, "peligro": null, "nivel": "", "dpto": "Moquegua", "prov": "Mariscal Nieto", "cenepred_e_via_km": null}, "geometry": {"type": "Point", "coordinates": [-70.99019771399998, -17.276736573999926]}}, {"type": "Feature", "properties": {"ruta": "PE-28", "dist_corredor_m": 372.9, "peligro": "Inundación, flujo de detritos, erosión", "nivel": null, "dpto": "Ica", "prov": "Pisco", "cenepred_e_via_km": null}, "geometry": {"type": "Point", "coordinates": [-75.86440965899999, -13.720892573999947]}}, {"type": "Feature", "properties": {"ruta": "PE-3S", "dist_corredor_m": 674.2, "peligro": "Inundación", "nivel": null, "dpto": "Puno", "prov": "Azángaro", "cenepred_e_via_km": null}, "geometry": {"type": "Point", "coordinates": [-70.34598870199994, -15.07775369799998]}}, {"type": "Feature", "properties": {"ruta": "PE-1S", "dist_corredor_m": 732.1, "peligro": "", "nivel": "Medio", "dpto": "Ica", "prov": "Nasca", "cenepred_e_via_km": null}, "geometry": {"type": "Point", "coordinates": [-74.94698710699998, -14.820849648999967]}}, {"type": "Feature", "properties": {"ruta": "PE-1S", "dist_corredor_m": 614.9, "peligro": "Inundación, flujo de detritos, erosión", "nivel": null, "dpto": "Arequipa", "prov": "Camaná", "cenepred_e_via_km": null}, "geometry": {"type": "Point", "coordinates": [-73.26264325199998, -16.378119306999963]}}, {"type": "Feature", "properties": {"ruta": "PE-1N", "dist_corredor_m": 185.3, "peligro": "Inundación, flujo de detritos, erosión", "nivel": null, "dpto": "Áncash", "prov": "Casma", "cenepred_e_via_km": null}, "geometry": {"type": "Point", "coordinates": [-78.27485485299997, -9.486586029999955]}}, {"type": "Feature", "properties": {"ruta": "PE-1N", "dist_corredor_m": 897.4, "peligro": "Inundación, flujo de detritos, erosión", "nivel": " ", "dpto": "Lima", "prov": "Barranca", "cenepred_e_via_km": null}, "geometry": {"type": "Point", "coordinates": [-77.77211165399996, -10.722229211999945]}}, {"type": "Feature", "properties": {"ruta": "PE-28", "dist_corredor_m": 26.0, "peligro": "", "nivel": "Alto", "dpto": "Ica", "prov": "Pisco", "cenepred_e_via_km": null}, "geometry": {"type": "Point", "coordinates": [-75.73069464599996, -13.647472661999927]}}, {"type": "Feature", "properties": {"ruta": "PE-3S", "dist_corredor_m": 200.4, "peligro": "", "nivel": "", "dpto": "Cusco", "prov": "Canchis", "cenepred_e_via_km": null}, "geometry": {"type": "Point", "coordinates": [-71.46337633899998, -13.997228348999954]}}, {"type": "Feature", "properties": {"ruta": "PE-1S", "dist_corredor_m": 560.4, "peligro": "Inundación", "nivel": "", "dpto": "Arequipa", "prov": "Camaná", "cenepred_e_via_km": null}, "geometry": {"type": "Point", "coordinates": [-72.73758182799997, -16.595971910999936]}}, {"type": "Feature", "properties": {"ruta": "PE-28", "dist_corredor_m": 773.5, "peligro": "Inundación, flujo de detritos, erosión fluvial", "nivel": " ", "dpto": "Ayacucho", "prov": "Huamanga", "cenepred_e_via_km": null}, "geometry": {"type": "Point", "coordinates": [-74.23447111199994, -13.129412935999937]}}, {"type": "Feature", "properties": {"ruta": "PE-1N", "dist_corredor_m": 65.8, "peligro": "Inundación, flujo de detritos, erosión", "nivel": null, "dpto": "Áncash", "prov": "Huarmey", "cenepred_e_via_km": null}, "geometry": {"type": "Point", "coordinates": [-78.21902047299994, -9.936757170999954]}}, {"type": "Feature", "properties": {"ruta": "PE-28", "dist_corredor_m": 413.3, "peligro": "Inundación", "nivel": "", "dpto": "Ica", "prov": "Pisco", "cenepred_e_via_km": null}, "geometry": {"type": "Point", "coordinates": [-75.83995289399996, -13.714331547999961]}}, {"type": "Feature", "properties": {"ruta": "PE-3S", "dist_corredor_m": 537.6, "peligro": "Inundación, flujo de detritos, erosión", "nivel": " ", "dpto": "Junín", "prov": "Jauja", "cenepred_e_via_km": null}, "geometry": {"type": "Point", "coordinates": [-75.43712941799998, -11.810016927999982]}}, {"type": "Feature", "properties": {"ruta": "PE-28", "dist_corredor_m": 41.6, "peligro": "Inundación", "nivel": "", "dpto": "Ica", "prov": "Pisco", "cenepred_e_via_km": null}, "geometry": {"type": "Point", "coordinates": [-75.70643088999998, -13.640038316999949]}}, {"type": "Feature", "properties": {"ruta": "PE-22", "dist_corredor_m": 211.5, "peligro": "Inundación", "nivel": "", "dpto": "Lima", "prov": "Lima", "cenepred_e_via_km": null}, "geometry": {"type": "Point", "coordinates": [-76.92556846499997, -12.023163433999969]}}, {"type": "Feature", "properties": {"ruta": "PE-28", "dist_corredor_m": 547.3, "peligro": "Inundación, flujo de detritos, erosión", "nivel": null, "dpto": "Ica", "prov": "Pisco", "cenepred_e_via_km": null}, "geometry": {"type": "Point", "coordinates": [-75.87293329599999, -13.72506679199995]}}, {"type": "Feature", "properties": {"ruta": "PE-22", "dist_corredor_m": 224.4, "peligro": null, "nivel": "", "dpto": "Lima", "prov": "Lima", "cenepred_e_via_km": null}, "geometry": {"type": "Point", "coordinates": [-76.70230955699998, -11.944204996999929]}}, {"type": "Feature", "properties": {"ruta": "PE-28", "dist_corredor_m": 319.0, "peligro": "Inundación, flujo de detritos, erosión", "nivel": null, "dpto": "Ica", "prov": "Pisco", "cenepred_e_via_km": null}, "geometry": {"type": "Point", "coordinates": [-75.84031040399998, -13.713444281999955]}}, {"type": "Feature", "properties": {"ruta": "PE-22", "dist_corredor_m": 282.2, "peligro": null, "nivel": "", "dpto": "Lima", "prov": "Lima", "cenepred_e_via_km": null}, "geometry": {"type": "Point", "coordinates": [-76.67294980699995, -11.923236998999926]}}, {"type": "Feature", "properties": {"ruta": "PE-28", "dist_corredor_m": 347.9, "peligro": "Inundación", "nivel": "", "dpto": "Ica", "prov": "Pisco", "cenepred_e_via_km": null}, "geometry": {"type": "Point", "coordinates": [-75.92516554699995, -13.73653974299998]}}, {"type": "Feature", "properties": {"ruta": "PE-1S", "dist_corredor_m": 65.6, "peligro": "Inundación", "nivel": null, "dpto": "Ica", "prov": "Palpa", "cenepred_e_via_km": null}, "geometry": {"type": "Point", "coordinates": [-75.19041640199998, -14.53268062199993]}}, {"type": "Feature", "properties": {"ruta": "PE-1S", "dist_corredor_m": 748.0, "peligro": "Inundación", "nivel": null, "dpto": "Ica", "prov": "Nasca", "cenepred_e_via_km": null}, "geometry": {"type": "Point", "coordinates": [-75.12937185099997, -14.67871563999995]}}, {"type": "Feature", "properties": {"ruta": "PE-1S", "dist_corredor_m": 673.8, "peligro": "Inundación", "nivel": null, "dpto": "Ica", "prov": "Nasca", "cenepred_e_via_km": null}, "geometry": {"type": "Point", "coordinates": [-75.13040287599995, -14.678823560999945]}}, {"type": "Feature", "properties": {"ruta": "PE-28", "dist_corredor_m": 274.2, "peligro": null, "nivel": "", "dpto": "Ica", "prov": "Pisco", "cenepred_e_via_km": null}, "geometry": {"type": "Point", "coordinates": [-75.84817370699994, -13.716762714999959]}}, {"type": "Feature", "properties": {"ruta": "PE-1S", "dist_corredor_m": 84.3, "peligro": null, "nivel": "", "dpto": "Arequipa", "prov": "Caravelí", "cenepred_e_via_km": null}, "geometry": {"type": "Point", "coordinates": [-74.52256926699994, -15.672289489999969]}}, {"type": "Feature", "properties": {"ruta": "PE-1S", "dist_corredor_m": 42.5, "peligro": null, "nivel": "", "dpto": "Arequipa", "prov": "Camaná", "cenepred_e_via_km": null}, "geometry": {"type": "Point", "coordinates": [-73.25754702499995, -16.389101755999945]}}, {"type": "Feature", "properties": {"ruta": "PE-28", "dist_corredor_m": 169.0, "peligro": "Inundación", "nivel": "", "dpto": "Ica", "prov": "Pisco", "cenepred_e_via_km": null}, "geometry": {"type": "Point", "coordinates": [-75.69729708699998, -13.63389770699996]}}, {"type": "Feature", "properties": {"ruta": "PE-1S", "dist_corredor_m": 956.5, "peligro": "Inundación", "nivel": null, "dpto": "Ica", "prov": "Ica", "cenepred_e_via_km": null}, "geometry": {"type": "Point", "coordinates": [-75.69580059699996, -14.261305647999961]}}, {"type": "Feature", "properties": {"ruta": "PE-28", "dist_corredor_m": 930.4, "peligro": "Inundación, flujo de detritos, erosión", "nivel": null, "dpto": "Ica", "prov": "Pisco", "cenepred_e_via_km": null}, "geometry": {"type": "Point", "coordinates": [-75.89885471699995, -13.732035]}}, {"type": "Feature", "properties": {"ruta": "PE-22", "dist_corredor_m": 65.0, "peligro": "", "nivel": "", "dpto": "Lima", "prov": "Lima", "cenepred_e_via_km": null}, "geometry": {"type": "Point", "coordinates": [-76.69028949099999, -11.930446636999932]}}, {"type": "Feature", "properties": {"ruta": "PE-22", "dist_corredor_m": 286.9, "peligro": "Inundación, erosión pluvial", "nivel": null, "dpto": "Lima", "prov": "Lima", "cenepred_e_via_km": null}, "geometry": {"type": "Point", "coordinates": [-76.87241619899999, -12.007842248999964]}}, {"type": "Feature", "properties": {"ruta": "PE-3S", "dist_corredor_m": 344.5, "peligro": "Inundación, erosión", "nivel": "", "dpto": "Cusco", "prov": "Anta", "cenepred_e_via_km": null}, "geometry": {"type": "Point", "coordinates": [-72.40685367599997, -13.461247349999951]}}, {"type": "Feature", "properties": {"ruta": "PE-22", "dist_corredor_m": 140.8, "peligro": "Inundación", "nivel": " ", "dpto": "Lima", "prov": "Lima", "cenepred_e_via_km": null}, "geometry": {"type": "Point", "coordinates": [-76.68731553299995, -11.928289722999978]}}, {"type": "Feature", "properties": {"ruta": "PE-3S", "dist_corredor_m": 299.7, "peligro": "Inundación, erosión fluvial", "nivel": "Muy alto", "dpto": "Puno", "prov": "Melgar", "cenepred_e_via_km": null}, "geometry": {"type": "Point", "coordinates": [-70.58531289799998, -14.892763850999927]}}, {"type": "Feature", "properties": {"ruta": "PE-1N", "dist_corredor_m": 62.1, "peligro": "Inundación", "nivel": null, "dpto": "Lima", "prov": "Lima", "cenepred_e_via_km": null}, "geometry": {"type": "Point", "coordinates": [-77.03553391599996, -12.040870673999962]}}, {"type": "Feature", "properties": {"ruta": "PE-1S", "dist_corredor_m": 502.8, "peligro": "Inundación", "nivel": "Medio", "dpto": "Ica", "prov": "Nasca", "cenepred_e_via_km": null}, "geometry": {"type": "Point", "coordinates": [-74.96391040599997, -14.827163796999969]}}, {"type": "Feature", "properties": {"ruta": "PE-28", "dist_corredor_m": 71.0, "peligro": "Inundación", "nivel": "", "dpto": "Ica", "prov": "Pisco", "cenepred_e_via_km": null}, "geometry": {"type": "Point", "coordinates": [-75.68280358699997, -13.628386349999971]}}, {"type": "Feature", "properties": {"ruta": "PE-1S", "dist_corredor_m": 405.5, "peligro": "Inundación, erosión pluvial", "nivel": null, "dpto": "Arequipa", "prov": "Islay", "cenepred_e_via_km": null}, "geometry": {"type": "Point", "coordinates": [-71.68759288499996, -17.02477859199996]}}, {"type": "Feature", "properties": {"ruta": "PE-1S", "dist_corredor_m": 217.9, "peligro": "Inundación", "nivel": null, "dpto": "Ica", "prov": "Ica", "cenepred_e_via_km": null}, "geometry": {"type": "Point", "coordinates": [-75.71842170899998, -14.088324919999934]}}, {"type": "Feature", "properties": {"ruta": "PE-22", "dist_corredor_m": 146.1, "peligro": "Inundación", "nivel": null, "dpto": "Lima", "prov": "Lima", "cenepred_e_via_km": null}, "geometry": {"type": "Point", "coordinates": [-76.73438870799998, -11.96012352699995]}}, {"type": "Feature", "properties": {"ruta": "PE-3S", "dist_corredor_m": 433.4, "peligro": "Inundación", "nivel": null, "dpto": "Huancavelica", "prov": "Churcampa", "cenepred_e_via_km": null}, "geometry": {"type": "Point", "coordinates": [-74.34769940699994, -12.835681603999944]}}, {"type": "Feature", "properties": {"ruta": "PE-1N", "dist_corredor_m": 501.9, "peligro": null, "nivel": "", "dpto": "Áncash", "prov": "Huarmey", "cenepred_e_via_km": null}, "geometry": {"type": "Point", "coordinates": [-78.15974547699994, -10.073983583999961]}}, {"type": "Feature", "properties": {"ruta": "PE-1N", "dist_corredor_m": 110.3, "peligro": "Inundación, erosión fluvial", "nivel": "Alto", "dpto": "Lima", "prov": "Barranca", "cenepred_e_via_km": null}, "geometry": {"type": "Point", "coordinates": [-77.76577405799998, -10.717461292999928]}}, {"type": "Feature", "properties": {"ruta": "PE-28", "dist_corredor_m": 11.7, "peligro": "Inundación, flujo de detritos, erosión", "nivel": null, "dpto": "Huancavelica", "prov": "Huaytará", "cenepred_e_via_km": null}, "geometry": {"type": "Point", "coordinates": [-75.35753528399994, -13.603604283999971]}}, {"type": "Feature", "properties": {"ruta": "PE-1S", "dist_corredor_m": 449.1, "peligro": "Inundación, erosión fluvial", "nivel": "Alto", "dpto": "Arequipa", "prov": "Islay", "cenepred_e_via_km": null}, "geometry": {"type": "Point", "coordinates": [-71.67846858299998, -17.02281280699998]}}, {"type": "Feature", "properties": {"ruta": "PE-28", "dist_corredor_m": 372.9, "peligro": "Inundación, flujo de detritos, erosión", "nivel": null, "dpto": "Ica", "prov": "Pisco", "cenepred_e_via_km": null}, "geometry": {"type": "Point", "coordinates": [-75.86440965899999, -13.720892573999947]}}, {"type": "Feature", "properties": {"ruta": "PE-3S", "dist_corredor_m": 662.8, "peligro": "Inundación, erosión fluvial", "nivel": "Muy alto", "dpto": "Puno", "prov": "Melgar", "cenepred_e_via_km": null}, "geometry": {"type": "Point", "coordinates": [-70.78850273899997, -14.604061866999928]}}, {"type": "Feature", "properties": {"ruta": "PE-1N", "dist_corredor_m": 54.7, "peligro": "Inundación", "nivel": null, "dpto": "Lima", "prov": "Lima", "cenepred_e_via_km": null}, "geometry": {"type": "Point", "coordinates": [-77.07375856199997, -11.917791724999972]}}, {"type": "Feature", "properties": {"ruta": "PE-28", "dist_corredor_m": 878.4, "peligro": "Inundación", "nivel": "", "dpto": "Ica", "prov": "Pisco", "cenepred_e_via_km": null}, "geometry": {"type": "Point", "coordinates": [-75.96753908399995, -13.72678471599994]}}, {"type": "Feature", "properties": {"ruta": "PE-1N", "dist_corredor_m": 15.7, "peligro": "Inundación, flujo de detritos, erosión", "nivel": "Medio", "dpto": "La Libertad", "prov": "Virú", "cenepred_e_via_km": null}, "geometry": {"type": "Point", "coordinates": [-78.67419875899998, -8.55723164699998]}}, {"type": "Feature", "properties": {"ruta": "PE-1N", "dist_corredor_m": 33.9, "peligro": "Inundación, erosión", "nivel": "", "dpto": "Áncash", "prov": "Huarmey", "cenepred_e_via_km": null}, "geometry": {"type": "Point", "coordinates": [-78.15533203699994, -10.07309640099993]}}, {"type": "Feature", "properties": {"ruta": "PE-1N", "dist_corredor_m": 73.8, "peligro": "", "nivel": "", "dpto": "La Libertad", "prov": "Ascope", "cenepred_e_via_km": null}, "geometry": {"type": "Point", "coordinates": [-79.17403931299998, -7.819373546999941]}}, {"type": "Feature", "properties": {"ruta": "PE-1S", "dist_corredor_m": 345.6, "peligro": "Inundación", "nivel": "", "dpto": "Moquegua", "prov": "Mariscal Nieto", "cenepred_e_via_km": null}, "geometry": {"type": "Point", "coordinates": [-70.98805048299994, -17.31353023799994]}}, {"type": "Feature", "properties": {"ruta": "PE-22", "dist_corredor_m": 457.3, "peligro": "Inundación", "nivel": "", "dpto": "Lima", "prov": "Lima", "cenepred_e_via_km": null}, "geometry": {"type": "Point", "coordinates": [-76.84086170099994, -11.996273801999962]}}, {"type": "Feature", "properties": {"ruta": "PE-3S", "dist_corredor_m": 115.7, "peligro": "Inundación, flujo de detritos, erosión fluvial", "nivel": " ", "dpto": "Cusco", "prov": "Cusco", "cenepred_e_via_km": 0.2}, "geometry": {"type": "Point", "coordinates": [-72.02146870499996, -13.507036439999979]}}, {"type": "Feature", "properties": {"ruta": "PE-22", "dist_corredor_m": 404.5, "peligro": "Inundación", "nivel": null, "dpto": "Lima", "prov": "Lima", "cenepred_e_via_km": null}, "geometry": {"type": "Point", "coordinates": [-76.95109071499996, -12.016224420999947]}}, {"type": "Feature", "properties": {"ruta": "PE-1S", "dist_corredor_m": 929.9, "peligro": "", "nivel": "", "dpto": "Arequipa", "prov": "Camaná", "cenepred_e_via_km": null}, "geometry": {"type": "Point", "coordinates": [-72.72785878199994, -16.577490887999943]}}, {"type": "Feature", "properties": {"ruta": "PE-22", "dist_corredor_m": 97.8, "peligro": null, "nivel": "", "dpto": "Lima", "prov": "Lima", "cenepred_e_via_km": null}, "geometry": {"type": "Point", "coordinates": [-76.70286932999994, -11.941227528999946]}}, {"type": "Feature", "properties": {"ruta": "PE-1N", "dist_corredor_m": 638.2, "peligro": "Inundación", "nivel": "Medio", "dpto": "Áncash", "prov": "Santa", "cenepred_e_via_km": null}, "geometry": {"type": "Point", "coordinates": [-78.43395162899998, -9.265406750999944]}}, {"type": "Feature", "properties": {"ruta": "PE-1N", "dist_corredor_m": 6.9, "peligro": "Inundación, erosión fluvial", "nivel": "Muy alto", "dpto": "Piura", "prov": "Piura", "cenepred_e_via_km": null}, "geometry": {"type": "Point", "coordinates": [-80.65166438699998, -5.229539238999962]}}, {"type": "Feature", "properties": {"ruta": "PE-28", "dist_corredor_m": 584.5, "peligro": "Inundación, flujo de detritos, erosión fluvial", "nivel": " ", "dpto": "Ayacucho", "prov": "Huamanga", "cenepred_e_via_km": null}, "geometry": {"type": "Point", "coordinates": [-74.34127472999995, -13.309246917999928]}}, {"type": "Feature", "properties": {"ruta": "PE-22", "dist_corredor_m": 238.5, "peligro": "Erosión fluvial", "nivel": "Alto", "dpto": "Lima", "prov": "Lima", "cenepred_e_via_km": null}, "geometry": {"type": "Point", "coordinates": [-76.86438720699994, -12.00675978199996]}}, {"type": "Feature", "properties": {"ruta": "PE-1S", "dist_corredor_m": 402.7, "peligro": null, "nivel": "", "dpto": "Moquegua", "prov": "Mariscal Nieto", "cenepred_e_via_km": null}, "geometry": {"type": "Point", "coordinates": [-70.99032206099997, -17.256786528999953]}}, {"type": "Feature", "properties": {"ruta": "PE-28", "dist_corredor_m": 853.6, "peligro": "Inundación", "nivel": "", "dpto": "Cusco", "prov": "Calca", "cenepred_e_via_km": null}, "geometry": {"type": "Point", "coordinates": [-71.91369657099995, -13.363803307999945]}}, {"type": "Feature", "properties": {"ruta": "PE-1N", "dist_corredor_m": 28.5, "peligro": null, "nivel": "", "dpto": "Áncash", "prov": "Casma", "cenepred_e_via_km": null}, "geometry": {"type": "Point", "coordinates": [-78.27316062599994, -9.485624143999928]}}, {"type": "Feature", "properties": {"ruta": "PE-1S", "dist_corredor_m": 147.9, "peligro": null, "nivel": "", "dpto": "Ica", "prov": "Ica", "cenepred_e_via_km": null}, "geometry": {"type": "Point", "coordinates": [-75.71857127299995, -14.094680506999964]}}, {"type": "Feature", "properties": {"ruta": "PE-1S", "dist_corredor_m": 406.5, "peligro": "Inundación, flujo de detritos, erosión", "nivel": null, "dpto": "Arequipa", "prov": "Islay", "cenepred_e_via_km": null}, "geometry": {"type": "Point", "coordinates": [-71.68706984599999, -17.02430685099995]}}, {"type": "Feature", "properties": {"ruta": "PE-3S", "dist_corredor_m": 414.0, "peligro": "Inundación, erosión fluvial", "nivel": " ", "dpto": "Huancavelica", "prov": "Acobamba", "cenepred_e_via_km": null}, "geometry": {"type": "Point", "coordinates": [-74.33190896999997, -12.844611869999937]}}, {"type": "Feature", "properties": {"ruta": "PE-28", "dist_corredor_m": 135.7, "peligro": "Inundación", "nivel": " ", "dpto": "Huancavelica", "prov": "Huaytará", "cenepred_e_via_km": null}, "geometry": {"type": "Point", "coordinates": [-75.34308305699994, -13.60121940199997]}}, {"type": "Feature", "properties": {"ruta": "PE-22", "dist_corredor_m": 815.7, "peligro": "Inundación", "nivel": null, "dpto": "Lima", "prov": "Lima", "cenepred_e_via_km": null}, "geometry": {"type": "Point", "coordinates": [-76.76456389199996, -11.981595967999965]}}, {"type": "Feature", "properties": {"ruta": "PE-28", "dist_corredor_m": 29.6, "peligro": "Inundación", "nivel": "", "dpto": "Ica", "prov": "Pisco", "cenepred_e_via_km": null}, "geometry": {"type": "Point", "coordinates": [-75.56852056399998, -13.606141587999957]}}, {"type": "Feature", "properties": {"ruta": "PE-1S", "dist_corredor_m": 928.0, "peligro": "Inundación, flujo de detritos, erosión", "nivel": null, "dpto": "Ica", "prov": "Nasca", "cenepred_e_via_km": null}, "geometry": {"type": "Point", "coordinates": [-75.12422619299997, -14.678465288999973]}}, {"type": "Feature", "properties": {"ruta": "PE-3S", "dist_corredor_m": 299.5, "peligro": "Inundación", "nivel": "Medio", "dpto": "Cusco", "prov": "Anta", "cenepred_e_via_km": null}, "geometry": {"type": "Point", "coordinates": [-72.07478239399995, -13.481797717999939]}}, {"type": "Feature", "properties": {"ruta": "PE-28", "dist_corredor_m": 628.4, "peligro": "Inundación, flujo de detritos, erosión", "nivel": null, "dpto": "Cusco", "prov": "La Convención", "cenepred_e_via_km": null}, "geometry": {"type": "Point", "coordinates": [-73.90153682199997, -12.378424005999932]}}, {"type": "Feature", "properties": {"ruta": "PE-1S", "dist_corredor_m": 236.1, "peligro": "Inundación", "nivel": "", "dpto": "Arequipa", "prov": "Caravelí", "cenepred_e_via_km": null}, "geometry": {"type": "Point", "coordinates": [-74.63625147299996, -15.630333754999981]}}, {"type": "Feature", "properties": {"ruta": "PE-22", "dist_corredor_m": 940.4, "peligro": "Inundación", "nivel": null, "dpto": "Lima", "prov": "Lima", "cenepred_e_via_km": null}, "geometry": {"type": "Point", "coordinates": [-76.94664407299996, -12.011155651999957]}}, {"type": "Feature", "properties": {"ruta": "PE-3S", "dist_corredor_m": 164.4, "peligro": "Inundación, flujo de detritos, erosión fluvial", "nivel": " ", "dpto": "Cusco", "prov": "Cusco", "cenepred_e_via_km": null}, "geometry": {"type": "Point", "coordinates": [-72.02618882999997, -13.500770520999936]}}, {"type": "Feature", "properties": {"ruta": "PE-1S", "dist_corredor_m": 880.3, "peligro": "Inundación, erosión", "nivel": "", "dpto": "Ica", "prov": "Pisco", "cenepred_e_via_km": null}, "geometry": {"type": "Point", "coordinates": [-76.16565276299997, -13.69080659499997]}}, {"type": "Feature", "properties": {"ruta": "PE-1S", "dist_corredor_m": 124.4, "peligro": "Inundación, flujo de detritos, erosión", "nivel": null, "dpto": "Tacna", "prov": "Tacna", "cenepred_e_via_km": null}, "geometry": {"type": "Point", "coordinates": [-70.52073019499994, -17.842799458999934]}}, {"type": "Feature", "properties": {"ruta": "PE-28", "dist_corredor_m": 224.8, "peligro": "Inundación", "nivel": "Muy alto", "dpto": "Cusco", "prov": "La Convención", "cenepred_e_via_km": null}, "geometry": {"type": "Point", "coordinates": [-73.84505434199997, -12.474309348999952]}}, {"type": "Feature", "properties": {"ruta": "PE-22", "dist_corredor_m": 526.2, "peligro": "Inundación", "nivel": null, "dpto": "Lima", "prov": "Lima", "cenepred_e_via_km": null}, "geometry": {"type": "Point", "coordinates": [-76.98802563299995, -12.026795265999965]}}, {"type": "Feature", "properties": {"ruta": "PE-28", "dist_corredor_m": 434.5, "peligro": "", "nivel": "", "dpto": "Junín", "prov": "Satipo", "cenepred_e_via_km": null}, "geometry": {"type": "Point", "coordinates": [-74.52644394999999, -11.33129284699993]}}, {"type": "Feature", "properties": {"ruta": "PE-22", "dist_corredor_m": 451.5, "peligro": "Inundación", "nivel": null, "dpto": "Lima", "prov": "Lima", "cenepred_e_via_km": null}, "geometry": {"type": "Point", "coordinates": [-76.82822886499997, -11.989033995999932]}}, {"type": "Feature", "properties": {"ruta": "PE-1S", "dist_corredor_m": 267.6, "peligro": "Inundación, erosión fluvial", "nivel": "Muy alto", "dpto": "Arequipa", "prov": "Islay", "cenepred_e_via_km": null}, "geometry": {"type": "Point", "coordinates": [-71.70321188499997, -17.036438374999932]}}, {"type": "Feature", "properties": {"ruta": "PE-3S", "dist_corredor_m": 462.9, "peligro": "Inundación, flujo de detritos, erosión fluvial", "nivel": " ", "dpto": "Cusco", "prov": "Anta", "cenepred_e_via_km": null}, "geometry": {"type": "Point", "coordinates": [-72.06092793899995, -13.48572717099995]}}, {"type": "Feature", "properties": {"ruta": "PE-3S", "dist_corredor_m": 347.8, "peligro": "Inundación", "nivel": null, "dpto": "Apurímac", "prov": "Andahuaylas", "cenepred_e_via_km": null}, "geometry": {"type": "Point", "coordinates": [-73.36178615599994, -13.648729688999936]}}, {"type": "Feature", "properties": {"ruta": "PE-1S", "dist_corredor_m": 945.9, "peligro": "", "nivel": "Medio", "dpto": "Ica", "prov": "Nasca", "cenepred_e_via_km": null}, "geometry": {"type": "Point", "coordinates": [-74.93931028299994, -14.820829670999956]}}, {"type": "Feature", "properties": {"ruta": "PE-28", "dist_corredor_m": 151.7, "peligro": "", "nivel": "", "dpto": "Junín", "prov": "Satipo", "cenepred_e_via_km": null}, "geometry": {"type": "Point", "coordinates": [-74.52951892599998, -11.333802814999956]}}, {"type": "Feature", "properties": {"ruta": "PE-28", "dist_corredor_m": 444.1, "peligro": "Inundación, flujo de detritos, erosión", "nivel": null, "dpto": "Ica", "prov": "Pisco", "cenepred_e_via_km": null}, "geometry": {"type": "Point", "coordinates": [-75.87956679099995, -13.725748475999978]}}, {"type": "Feature", "properties": {"ruta": "PE-28", "dist_corredor_m": 574.5, "peligro": "Inundación, erosión fluvial", "nivel": "Alto", "dpto": "Cusco", "prov": "La Convención", "cenepred_e_via_km": 0.25}, "geometry": {"type": "Point", "coordinates": [-73.94424494999998, -12.334098765999954]}}, {"type": "Feature", "properties": {"ruta": "PE-28", "dist_corredor_m": 785.1, "peligro": "Inundación, erosión fluvial", "nivel": "Muy alto", "dpto": "Cusco", "prov": "La Convención", "cenepred_e_via_km": null}, "geometry": {"type": "Point", "coordinates": [-73.85583735599994, -12.474409524999942]}}, {"type": "Feature", "properties": {"ruta": "PE-22", "dist_corredor_m": 939.3, "peligro": "Inundación", "nivel": null, "dpto": "Lima", "prov": "Lima", "cenepred_e_via_km": null}, "geometry": {"type": "Point", "coordinates": [-76.94325351199996, -12.011182320999978]}}, {"type": "Feature", "properties": {"ruta": "PE-3S", "dist_corredor_m": 260.2, "peligro": "Inundación, flujo de detritos, erosión fluvial", "nivel": " ", "dpto": "Ayacucho", "prov": "Huamanga", "cenepred_e_via_km": 0.2}, "geometry": {"type": "Point", "coordinates": [-74.19967484999995, -13.10576212799998]}}, {"type": "Feature", "properties": {"ruta": "PE-1S", "dist_corredor_m": 184.2, "peligro": "Inundación, erosión pluvial", "nivel": null, "dpto": "Arequipa", "prov": "Islay", "cenepred_e_via_km": null}, "geometry": {"type": "Point", "coordinates": [-71.69050975099998, -17.027223585999934]}}, {"type": "Feature", "properties": {"ruta": "PE-1S", "dist_corredor_m": 763.0, "peligro": "Inundación, flujo de detritos, erosión", "nivel": null, "dpto": "Ica", "prov": "Pisco", "cenepred_e_via_km": null}, "geometry": {"type": "Point", "coordinates": [-76.16051765599997, -13.712699833999977]}}, {"type": "Feature", "properties": {"ruta": "PE-28", "dist_corredor_m": 930.4, "peligro": "Inundación, flujo de detritos, erosión", "nivel": null, "dpto": "Ica", "prov": "Pisco", "cenepred_e_via_km": null}, "geometry": {"type": "Point", "coordinates": [-75.89885471699995, -13.732035]}}, {"type": "Feature", "properties": {"ruta": "PE-22", "dist_corredor_m": 219.3, "peligro": "Inundación", "nivel": null, "dpto": "Lima", "prov": "Lima", "cenepred_e_via_km": null}, "geometry": {"type": "Point", "coordinates": [-76.69517411299995, -11.938675179999962]}}, {"type": "Feature", "properties": {"ruta": "PE-28", "dist_corredor_m": 68.0, "peligro": "Inundación, flujo de detritos, erosión fluvial", "nivel": " ", "dpto": "Cusco", "prov": "Urubamba", "cenepred_e_via_km": null}, "geometry": {"type": "Point", "coordinates": [-72.21702804999995, -13.274458597999967]}}, {"type": "Feature", "properties": {"ruta": "PE-1S", "dist_corredor_m": 561.7, "peligro": "Inundación, erosión fluvial", "nivel": "Muy alto", "dpto": "Arequipa", "prov": "Islay", "cenepred_e_via_km": null}, "geometry": {"type": "Point", "coordinates": [-71.69367568699994, -17.036565055999972]}}, {"type": "Feature", "properties": {"ruta": "PE-1S", "dist_corredor_m": 206.9, "peligro": null, "nivel": "", "dpto": "Moquegua", "prov": "Mariscal Nieto", "cenepred_e_via_km": null}, "geometry": {"type": "Point", "coordinates": [-70.99121771799997, -17.324330594999935]}}, {"type": "Feature", "properties": {"ruta": "PE-1S", "dist_corredor_m": 551.0, "peligro": "Inundación", "nivel": "", "dpto": "Moquegua", "prov": "Mariscal Nieto", "cenepred_e_via_km": null}, "geometry": {"type": "Point", "coordinates": [-70.98982361399999, -17.27430089099994]}}, {"type": "Feature", "properties": {"ruta": "PE-28", "dist_corredor_m": 974.1, "peligro": "Inundación, erosión", "nivel": "", "dpto": "Cusco", "prov": "Urubamba", "cenepred_e_via_km": null}, "geometry": {"type": "Point", "coordinates": [-72.06821627199997, -13.343028854999943]}}, {"type": "Feature", "properties": {"ruta": "PE-1S", "dist_corredor_m": 376.1, "peligro": "Inundación, flujo de detritos, erosión", "nivel": null, "dpto": "Ica", "prov": "Ica", "cenepred_e_via_km": null}, "geometry": {"type": "Point", "coordinates": [-75.71803760799997, -14.086942745999977]}}, {"type": "Feature", "properties": {"ruta": "PE-28", "dist_corredor_m": 391.0, "peligro": "", "nivel": "Medio", "dpto": "Huancavelica", "prov": "Huaytará", "cenepred_e_via_km": null}, "geometry": {"type": "Point", "coordinates": [-75.37606683299998, -13.601587723999955]}}, {"type": "Feature", "properties": {"ruta": "PE-28", "dist_corredor_m": 483.4, "peligro": "Inundación", "nivel": "", "dpto": "Ica", "prov": "Pisco", "cenepred_e_via_km": null}, "geometry": {"type": "Point", "coordinates": [-75.87105917899999, -13.72344598099994]}}, {"type": "Feature", "properties": {"ruta": "PE-3S", "dist_corredor_m": 864.6, "peligro": "Inundación", "nivel": "", "dpto": "Puno", "prov": "El Collao", "cenepred_e_via_km": null}, "geometry": {"type": "Point", "coordinates": [-69.57092336899996, -16.133906723999928]}}, {"type": "Feature", "properties": {"ruta": "PE-28", "dist_corredor_m": 930.4, "peligro": "Inundación, erosión", "nivel": "", "dpto": "Ica", "prov": "Pisco", "cenepred_e_via_km": null}, "geometry": {"type": "Point", "coordinates": [-75.89885471799994, -13.732035]}}, {"type": "Feature", "properties": {"ruta": "PE-22", "dist_corredor_m": 127.7, "peligro": "Inundación", "nivel": null, "dpto": "Lima", "prov": "Lima", "cenepred_e_via_km": null}, "geometry": {"type": "Point", "coordinates": [-76.70994790399999, -11.947015177999958]}}, {"type": "Feature", "properties": {"ruta": "PE-3S", "dist_corredor_m": 254.0, "peligro": "Inundación, flujo de detritos, erosión", "nivel": null, "dpto": "Cusco", "prov": "Quispicanchi", "cenepred_e_via_km": null}, "geometry": {"type": "Point", "coordinates": [-71.55283376899996, -13.800624693999964]}}, {"type": "Feature", "properties": {"ruta": "PE-3S", "dist_corredor_m": 48.1, "peligro": "Inundación, erosión", "nivel": "", "dpto": "Cusco", "prov": "Anta", "cenepred_e_via_km": null}, "geometry": {"type": "Point", "coordinates": [-72.42898212599994, -13.46270336899994]}}, {"type": "Feature", "properties": {"ruta": "PE-28", "dist_corredor_m": 127.5, "peligro": "Inundación, flujo de detritos, erosión fluvial", "nivel": " ", "dpto": "Cusco", "prov": "Urubamba", "cenepred_e_via_km": null}, "geometry": {"type": "Point", "coordinates": [-72.20323104799996, -13.282590480999943]}}, {"type": "Feature", "properties": {"ruta": "PE-3S", "dist_corredor_m": 168.4, "peligro": "", "nivel": "", "dpto": "Apurímac", "prov": "Chincheros", "cenepred_e_via_km": null}, "geometry": {"type": "Point", "coordinates": [-73.79693250099996, -13.527175350999926]}}, {"type": "Feature", "properties": {"ruta": "PE-22", "dist_corredor_m": 373.7, "peligro": "Inundación", "nivel": "", "dpto": "Lima", "prov": "Huarochiri", "cenepred_e_via_km": null}, "geometry": {"type": "Point", "coordinates": [-76.57933519799997, -11.90662829799993]}}, {"type": "Feature", "properties": {"ruta": "PE-28", "dist_corredor_m": 493.5, "peligro": "Inundación", "nivel": null, "dpto": "Ayacucho", "prov": "Cangallo", "cenepred_e_via_km": null}, "geometry": {"type": "Point", "coordinates": [-74.85734249099994, -13.366087679999964]}}, {"type": "Feature", "properties": {"ruta": "PE-22", "dist_corredor_m": 8.0, "peligro": "Inundación", "nivel": " ", "dpto": "Lima", "prov": "Lima", "cenepred_e_via_km": null}, "geometry": {"type": "Point", "coordinates": [-76.68002116499997, -11.923800037999968]}}, {"type": "Feature", "properties": {"ruta": "PE-3S", "dist_corredor_m": 459.7, "peligro": "Inundación, flujo de detritos, erosión", "nivel": null, "dpto": "Cusco", "prov": "Canchis", "cenepred_e_via_km": null}, "geometry": {"type": "Point", "coordinates": [-71.40037128399996, -14.147478296999964]}}, {"type": "Feature", "properties": {"ruta": "PE-1S", "dist_corredor_m": 17.3, "peligro": "Inundación, flujo de detritos, erosión", "nivel": null, "dpto": "Ica", "prov": "Nasca", "cenepred_e_via_km": null}, "geometry": {"type": "Point", "coordinates": [-74.95698662599995, -14.824938431999954]}}, {"type": "Feature", "properties": {"ruta": "PE-1N", "dist_corredor_m": 441.5, "peligro": null, "nivel": "", "dpto": "Tumbes", "prov": "Tumbes", "cenepred_e_via_km": null}, "geometry": {"type": "Point", "coordinates": [-80.50547734799994, -3.613503864999927]}}, {"type": "Feature", "properties": {"ruta": "PE-28", "dist_corredor_m": 624.2, "peligro": "", "nivel": "Alto", "dpto": "Ica", "prov": "Pisco", "cenepred_e_via_km": null}, "geometry": {"type": "Point", "coordinates": [-75.93934193999996, -13.73614263199994]}}, {"type": "Feature", "properties": {"ruta": "PE-1S", "dist_corredor_m": 305.8, "peligro": "Inundación, flujo de detritos, erosión", "nivel": null, "dpto": "Arequipa", "prov": "Islay", "cenepred_e_via_km": null}, "geometry": {"type": "Point", "coordinates": [-71.67770462299995, -17.023879532999956]}}, {"type": "Feature", "properties": {"ruta": "PE-28", "dist_corredor_m": 863.2, "peligro": "Inundación", "nivel": null, "dpto": "Cusco", "prov": "La Convención", "cenepred_e_via_km": null}, "geometry": {"type": "Point", "coordinates": [-72.55926227999998, -13.012606129999938]}}, {"type": "Feature", "properties": {"ruta": "PE-3S", "dist_corredor_m": 484.3, "peligro": "Inundación, flujo de detritos, erosión", "nivel": null, "dpto": "Ayacucho", "prov": "Huamanga", "cenepred_e_via_km": null}, "geometry": {"type": "Point", "coordinates": [-73.83868676399999, -13.423820216999957]}}, {"type": "Feature", "properties": {"ruta": "PE-3S", "dist_corredor_m": 51.4, "peligro": "Inundación, erosión fluvial", "nivel": " ", "dpto": "Huancavelica", "prov": "Churcampa", "cenepred_e_via_km": null}, "geometry": {"type": "Point", "coordinates": [-74.69799418299993, -12.566263152999966]}}, {"type": "Feature", "properties": {"ruta": "PE-28", "dist_corredor_m": 384.5, "peligro": "Inundación", "nivel": "", "dpto": "Cusco", "prov": "La Convención", "cenepred_e_via_km": null}, "geometry": {"type": "Point", "coordinates": [-72.68476160699998, -12.88770373799997]}}, {"type": "Feature", "properties": {"ruta": "PE-28", "dist_corredor_m": 488.0, "peligro": "Inundación", "nivel": "", "dpto": "Ica", "prov": "Pisco", "cenepred_e_via_km": null}, "geometry": {"type": "Point", "coordinates": [-75.80740952999997, -13.692650189999938]}}, {"type": "Feature", "properties": {"ruta": "PE-1S", "dist_corredor_m": 46.3, "peligro": "Inundación", "nivel": "Medio", "dpto": "Ica", "prov": "Nasca", "cenepred_e_via_km": null}, "geometry": {"type": "Point", "coordinates": [-74.95730254399996, -14.825363434999929]}}, {"type": "Feature", "properties": {"ruta": "PE-1S", "dist_corredor_m": 182.3, "peligro": "Inundación", "nivel": "", "dpto": "Moquegua", "prov": "Mariscal Nieto", "cenepred_e_via_km": null}, "geometry": {"type": "Point", "coordinates": [-70.99018033899995, -17.301365531999977]}}, {"type": "Feature", "properties": {"ruta": "PE-28", "dist_corredor_m": 119.5, "peligro": "Inundación, erosión fluvial", "nivel": "Muy alto", "dpto": "Cusco", "prov": "La Convención", "cenepred_e_via_km": null}, "geometry": {"type": "Point", "coordinates": [-73.82838770199999, -12.511957974999973]}}, {"type": "Feature", "properties": {"ruta": "PE-28", "dist_corredor_m": 489.0, "peligro": "Inundación", "nivel": "", "dpto": "Ica", "prov": "Pisco", "cenepred_e_via_km": null}, "geometry": {"type": "Point", "coordinates": [-75.80167704699994, -13.690128178999942]}}, {"type": "Feature", "properties": {"ruta": "PE-22", "dist_corredor_m": 238.1, "peligro": "Inundación", "nivel": " ", "dpto": "Lima", "prov": "Lima", "cenepred_e_via_km": null}, "geometry": {"type": "Point", "coordinates": [-76.69406467099998, -11.937545571999976]}}, {"type": "Feature", "properties": {"ruta": "PE-1S", "dist_corredor_m": 507.6, "peligro": "Inundación, erosión fluvial", "nivel": "Alto", "dpto": "Arequipa", "prov": "Islay", "cenepred_e_via_km": null}, "geometry": {"type": "Point", "coordinates": [-71.67939877599997, -17.02287279799998]}}, {"type": "Feature", "properties": {"ruta": "PE-22", "dist_corredor_m": 483.4, "peligro": "Inundación", "nivel": null, "dpto": "Lima", "prov": "Lima", "cenepred_e_via_km": null}, "geometry": {"type": "Point", "coordinates": [-76.72547648299997, -11.946152707999943]}}, {"type": "Feature", "properties": {"ruta": "PE-22", "dist_corredor_m": 866.5, "peligro": "Inundación", "nivel": null, "dpto": "Lima", "prov": "Lima", "cenepred_e_via_km": null}, "geometry": {"type": "Point", "coordinates": [-76.77222683899998, -11.984417107999946]}}, {"type": "Feature", "properties": {"ruta": "PE-3S", "dist_corredor_m": 456.8, "peligro": "Inundación, flujo de detritos, erosión", "nivel": null, "dpto": "Cusco", "prov": "Anta", "cenepred_e_via_km": null}, "geometry": {"type": "Point", "coordinates": [-72.41599520099999, -13.449750709999932]}}, {"type": "Feature", "properties": {"ruta": "PE-1S", "dist_corredor_m": 156.3, "peligro": "Inundación, flujo de detritos, erosión", "nivel": null, "dpto": "Ica", "prov": "Nasca", "cenepred_e_via_km": null}, "geometry": {"type": "Point", "coordinates": [-75.14130813099996, -14.680715888999941]}}, {"type": "Feature", "properties": {"ruta": "PE-22", "dist_corredor_m": 228.3, "peligro": "Inundación", "nivel": null, "dpto": "Lima", "prov": "Lima", "cenepred_e_via_km": null}, "geometry": {"type": "Point", "coordinates": [-76.78655903699996, -11.977508901999954]}}, {"type": "Feature", "properties": {"ruta": "PE-3S", "dist_corredor_m": 9.3, "peligro": "Inundación, erosión", "nivel": "", "dpto": "Apurímac", "prov": "Andahuaylas", "cenepred_e_via_km": null}, "geometry": {"type": "Point", "coordinates": [-73.37108649099997, -13.648429335999936]}}, {"type": "Feature", "properties": {"ruta": "PE-3S", "dist_corredor_m": 714.4, "peligro": "Inundación, erosión", "nivel": "", "dpto": "Ayacucho", "prov": "Huamanga", "cenepred_e_via_km": null}, "geometry": {"type": "Point", "coordinates": [-74.21248190599994, -13.177096535999965]}}, {"type": "Feature", "properties": {"ruta": "PE-3S", "dist_corredor_m": 926.8, "peligro": "Inundación, erosión", "nivel": "", "dpto": "Huancavelica", "prov": "Churcampa", "cenepred_e_via_km": null}, "geometry": {"type": "Point", "coordinates": [-74.35271430499995, -12.82771868499998]}}, {"type": "Feature", "properties": {"ruta": "PE-3S", "dist_corredor_m": 232.9, "peligro": "Inundación, erosión", "nivel": "Medio", "dpto": "Puno", "prov": "Lampa", "cenepred_e_via_km": null}, "geometry": {"type": "Point", "coordinates": [-70.35212244099995, -15.085617249999927]}}, {"type": "Feature", "properties": {"ruta": "PE-3S", "dist_corredor_m": 172.9, "peligro": "Inundación, erosión", "nivel": "", "dpto": "Apurímac", "prov": "Andahuaylas", "cenepred_e_via_km": null}, "geometry": {"type": "Point", "coordinates": [-73.36228728799995, -13.647096945999976]}}, {"type": "Feature", "properties": {"ruta": "PE-1S", "dist_corredor_m": 816.5, "peligro": "Inundación, flujo de detritos, erosión", "nivel": null, "dpto": "Ica", "prov": "Nasca", "cenepred_e_via_km": null}, "geometry": {"type": "Point", "coordinates": [-74.95033897499997, -14.835144788999969]}}, {"type": "Feature", "properties": {"ruta": "PE-1S", "dist_corredor_m": 585.4, "peligro": "Inundación, flujo de detritos, erosión", "nivel": null, "dpto": "Arequipa", "prov": "Camaná", "cenepred_e_via_km": null}, "geometry": {"type": "Point", "coordinates": [-72.73399901799996, -16.591515293999976]}}, {"type": "Feature", "properties": {"ruta": "PE-28", "dist_corredor_m": 14.3, "peligro": "Inundación", "nivel": "", "dpto": "Ica", "prov": "Pisco", "cenepred_e_via_km": null}, "geometry": {"type": "Point", "coordinates": [-75.68866002499993, -13.633126122999954]}}, {"type": "Feature", "properties": {"ruta": "PE-1N", "dist_corredor_m": 12.8, "peligro": "Inundación, flujo de detritos, erosión", "nivel": null, "dpto": "Piura", "prov": "Piura", "cenepred_e_via_km": null}, "geometry": {"type": "Point", "coordinates": [-80.61535922299998, -5.378710185999978]}}, {"type": "Feature", "properties": {"ruta": "PE-1N", "dist_corredor_m": 619.8, "peligro": "Inundación", "nivel": "", "dpto": "Áncash", "prov": "Casma", "cenepred_e_via_km": null}, "geometry": {"type": "Point", "coordinates": [-78.31842681499995, -9.472917782999957]}}, {"type": "Feature", "properties": {"ruta": "PE-28", "dist_corredor_m": 552.6, "peligro": "Inundación, erosión fluvial", "nivel": " ", "dpto": "Cusco", "prov": "La Convención", "cenepred_e_via_km": null}, "geometry": {"type": "Point", "coordinates": [-73.69737038399995, -12.676026073999935]}}, {"type": "Feature", "properties": {"ruta": "PE-1S", "dist_corredor_m": 568.8, "peligro": "Inundación, erosión fluvial", "nivel": "Muy alto", "dpto": "Arequipa", "prov": "Islay", "cenepred_e_via_km": null}, "geometry": {"type": "Point", "coordinates": [-71.69404653099997, -17.036894291999943]}}, {"type": "Feature", "properties": {"ruta": "PE-1S", "dist_corredor_m": 733.7, "peligro": "Inundación, erosión pluvial", "nivel": null, "dpto": "Arequipa", "prov": "Islay", "cenepred_e_via_km": null}, "geometry": {"type": "Point", "coordinates": [-71.66340035899998, -17.017393271999936]}}, {"type": "Feature", "properties": {"ruta": "PE-28", "dist_corredor_m": 117.4, "peligro": "Inundación, erosión fluvial", "nivel": " ", "dpto": "Cusco", "prov": "La Convención", "cenepred_e_via_km": null}, "geometry": {"type": "Point", "coordinates": [-73.74615429299996, -12.594502888999955]}}, {"type": "Feature", "properties": {"ruta": "PE-1S", "dist_corredor_m": 176.4, "peligro": "Inundación", "nivel": null, "dpto": "Ica", "prov": "Nasca", "cenepred_e_via_km": null}, "geometry": {"type": "Point", "coordinates": [-75.14300735499995, -14.679973448999931]}}, {"type": "Feature", "properties": {"ruta": "PE-1N", "dist_corredor_m": 50.5, "peligro": "Inundación", "nivel": null, "dpto": "Lima", "prov": "Lima", "cenepred_e_via_km": null}, "geometry": {"type": "Point", "coordinates": [-77.03201067999998, -12.042319027999952]}}, {"type": "Feature", "properties": {"ruta": "PE-1N", "dist_corredor_m": 963.6, "peligro": "Inundación, flujo de detritos, erosión", "nivel": "Medio", "dpto": "La Libertad", "prov": "Virú", "cenepred_e_via_km": null}, "geometry": {"type": "Point", "coordinates": [-78.66610232499994, -8.54631004099997]}}, {"type": "Feature", "properties": {"ruta": "PE-3S", "dist_corredor_m": 707.5, "peligro": "Inundación, erosión", "nivel": "", "dpto": "Cusco", "prov": "Canchis", "cenepred_e_via_km": null}, "geometry": {"type": "Point", "coordinates": [-71.20312588199994, -14.304913546999956]}}, {"type": "Feature", "properties": {"ruta": "PE-22", "dist_corredor_m": 111.6, "peligro": "", "nivel": "", "dpto": "Lima", "prov": "Lima", "cenepred_e_via_km": null}, "geometry": {"type": "Point", "coordinates": [-76.76748484599995, -11.973009186999946]}}, {"type": "Feature", "properties": {"ruta": "PE-28", "dist_corredor_m": 658.0, "peligro": "Inundación", "nivel": "", "dpto": "Ica", "prov": "Pisco", "cenepred_e_via_km": null}, "geometry": {"type": "Point", "coordinates": [-75.87534580899995, -13.727219114999968]}}, {"type": "Feature", "properties": {"ruta": "PE-1N", "dist_corredor_m": 623.2, "peligro": "Inundación", "nivel": "", "dpto": "Áncash", "prov": "Casma", "cenepred_e_via_km": null}, "geometry": {"type": "Point", "coordinates": [-78.32174959199995, -9.471032478999973]}}, {"type": "Feature", "properties": {"ruta": "PE-28", "dist_corredor_m": 408.2, "peligro": "Inundación", "nivel": "", "dpto": "Ica", "prov": "Pisco", "cenepred_e_via_km": null}, "geometry": {"type": "Point", "coordinates": [-75.88669199099996, -13.726835069999936]}}, {"type": "Feature", "properties": {"ruta": "PE-3S", "dist_corredor_m": 584.3, "peligro": "Inundación", "nivel": null, "dpto": "Junín", "prov": "Jauja", "cenepred_e_via_km": null}, "geometry": {"type": "Point", "coordinates": [-75.45766505299997, -11.79953964699996]}}, {"type": "Feature", "properties": {"ruta": "PE-1S", "dist_corredor_m": 222.6, "peligro": "Inundación, erosión fluvial", "nivel": "Muy alto", "dpto": "Arequipa", "prov": "Islay", "cenepred_e_via_km": null}, "geometry": {"type": "Point", "coordinates": [-71.70360232999997, -17.036171275999948]}}, {"type": "Feature", "properties": {"ruta": "PE-1S", "dist_corredor_m": 789.7, "peligro": null, "nivel": "", "dpto": "Ica", "prov": "Ica", "cenepred_e_via_km": null}, "geometry": {"type": "Point", "coordinates": [-75.69909827599997, -14.245464840999944]}}, {"type": "Feature", "properties": {"ruta": "PE-22", "dist_corredor_m": 470.8, "peligro": "Inundación", "nivel": null, "dpto": "Lima", "prov": "Lima", "cenepred_e_via_km": null}, "geometry": {"type": "Point", "coordinates": [-76.98185468999998, -12.025587702999928]}}, {"type": "Feature", "properties": {"ruta": "PE-1S", "dist_corredor_m": 937.0, "peligro": "", "nivel": "", "dpto": "Arequipa", "prov": "Arequipa", "cenepred_e_via_km": null}, "geometry": {"type": "Point", "coordinates": [-72.14327959599996, -16.362477870999953]}}, {"type": "Feature", "properties": {"ruta": "PE-1S", "dist_corredor_m": 847.6, "peligro": "Inundación", "nivel": "", "dpto": "Ica", "prov": "Nasca", "cenepred_e_via_km": null}, "geometry": {"type": "Point", "coordinates": [-74.94051838699994, -14.821245888999954]}}, {"type": "Feature", "properties": {"ruta": "PE-22", "dist_corredor_m": 166.2, "peligro": "Inundación", "nivel": " ", "dpto": "Lima", "prov": "Lima", "cenepred_e_via_km": null}, "geometry": {"type": "Point", "coordinates": [-76.69173922599998, -11.933631442999967]}}, {"type": "Feature", "properties": {"ruta": "PE-1S", "dist_corredor_m": 270.5, "peligro": null, "nivel": "", "dpto": "Moquegua", "prov": "Mariscal Nieto", "cenepred_e_via_km": null}, "geometry": {"type": "Point", "coordinates": [-70.99168982299994, -17.32013378099998]}}, {"type": "Feature", "properties": {"ruta": "PE-22", "dist_corredor_m": 109.2, "peligro": "", "nivel": "", "dpto": "Lima", "prov": "Huarochiri", "cenepred_e_via_km": null}, "geometry": {"type": "Point", "coordinates": [-76.28638049999995, -11.743672337999953]}}, {"type": "Feature", "properties": {"ruta": "PE-1S", "dist_corredor_m": 590.1, "peligro": "Inundación, erosión", "nivel": "", "dpto": "Arequipa", "prov": "Camaná", "cenepred_e_via_km": null}, "geometry": {"type": "Point", "coordinates": [-72.73395207499993, -16.59152381699994]}}, {"type": "Feature", "properties": {"ruta": "PE-1N", "dist_corredor_m": 439.1, "peligro": "Inundación", "nivel": null, "dpto": "Lima", "prov": "Lima", "cenepred_e_via_km": null}, "geometry": {"type": "Point", "coordinates": [-77.07705746499994, -11.924766431999956]}}, {"type": "Feature", "properties": {"ruta": "PE-28", "dist_corredor_m": 629.4, "peligro": "Inundación", "nivel": "", "dpto": "Ica", "prov": "Pisco", "cenepred_e_via_km": null}, "geometry": {"type": "Point", "coordinates": [-75.91126792999995, -13.73490979099995]}}, {"type": "Feature", "properties": {"ruta": "PE-28", "dist_corredor_m": 99.1, "peligro": "Inundación", "nivel": "", "dpto": "Ica", "prov": "Pisco", "cenepred_e_via_km": null}, "geometry": {"type": "Point", "coordinates": [-75.69371201199993, -13.634576823999964]}}, {"type": "Feature", "properties": {"ruta": "PE-22", "dist_corredor_m": 720.6, "peligro": "Inundación", "nivel": null, "dpto": "Lima", "prov": "Lima", "cenepred_e_via_km": null}, "geometry": {"type": "Point", "coordinates": [-76.68323227899998, -11.93204394199995]}}, {"type": "Feature", "properties": {"ruta": "PE-28", "dist_corredor_m": 672.8, "peligro": "Inundación", "nivel": "", "dpto": "Ica", "prov": "Pisco", "cenepred_e_via_km": null}, "geometry": {"type": "Point", "coordinates": [-75.97755302899998, -13.719991634999928]}}, {"type": "Feature", "properties": {"ruta": "PE-1N", "dist_corredor_m": 475.4, "peligro": null, "nivel": "", "dpto": "Áncash", "prov": "Huarmey", "cenepred_e_via_km": null}, "geometry": {"type": "Point", "coordinates": [-78.15047072499993, -10.072349845999952]}}, {"type": "Feature", "properties": {"ruta": "PE-28", "dist_corredor_m": 112.1, "peligro": "Inundación", "nivel": null, "dpto": "Ayacucho", "prov": "Cangallo", "cenepred_e_via_km": null}, "geometry": {"type": "Point", "coordinates": [-74.86178837399996, -13.359561505999977]}}, {"type": "Feature", "properties": {"ruta": "PE-1N", "dist_corredor_m": 165.0, "peligro": "Inundación", "nivel": "", "dpto": "Lima", "prov": "Huaura", "cenepred_e_via_km": null}, "geometry": {"type": "Point", "coordinates": [-77.58722174999997, -11.095729370999948]}}, {"type": "Feature", "properties": {"ruta": "PE-1S", "dist_corredor_m": 407.4, "peligro": "Inundación, erosión", "nivel": "", "dpto": "Arequipa", "prov": "Islay", "cenepred_e_via_km": null}, "geometry": {"type": "Point", "coordinates": [-71.68758298299997, -17.024742596999943]}}, {"type": "Feature", "properties": {"ruta": "PE-3S", "dist_corredor_m": 127.5, "peligro": "Inundación", "nivel": null, "dpto": "Apurímac", "prov": "Andahuaylas", "cenepred_e_via_km": null}, "geometry": {"type": "Point", "coordinates": [-73.36560304399995, -13.65281334499997]}}, {"type": "Feature", "properties": {"ruta": "PE-28", "dist_corredor_m": 798.5, "peligro": "Inundación", "nivel": "", "dpto": "Ayacucho", "prov": "La Mar", "cenepred_e_via_km": null}, "geometry": {"type": "Point", "coordinates": [-73.68894305799995, -12.69088385799995]}}, {"type": "Feature", "properties": {"ruta": "PE-28", "dist_corredor_m": 118.7, "peligro": "Inundación", "nivel": "", "dpto": "Ica", "prov": "Pisco", "cenepred_e_via_km": null}, "geometry": {"type": "Point", "coordinates": [-75.60966819399994, -13.59977824899994]}}, {"type": "Feature", "properties": {"ruta": "PE-1S", "dist_corredor_m": 636.0, "peligro": "Inundación, erosión", "nivel": "", "dpto": "Moquegua", "prov": "Mariscal Nieto", "cenepred_e_via_km": null}, "geometry": {"type": "Point", "coordinates": [-70.99006218399995, -17.27550015199995]}}, {"type": "Feature", "properties": {"ruta": "PE-22", "dist_corredor_m": 13.5, "peligro": "Inundación", "nivel": null, "dpto": "Lima", "prov": "Lima", "cenepred_e_via_km": null}, "geometry": {"type": "Point", "coordinates": [-76.75978695299995, -11.973557383999946]}}, {"type": "Feature", "properties": {"ruta": "PE-3S", "dist_corredor_m": 610.9, "peligro": "Inundación", "nivel": "", "dpto": "Apurímac", "prov": "Andahuaylas", "cenepred_e_via_km": null}, "geometry": {"type": "Point", "coordinates": [-73.36083888599995, -13.652058805999957]}}, {"type": "Feature", "properties": {"ruta": "PE-1N", "dist_corredor_m": 339.8, "peligro": "Inundación", "nivel": null, "dpto": "Lima", "prov": "Lima", "cenepred_e_via_km": null}, "geometry": {"type": "Point", "coordinates": [-77.07634516299998, -11.922394149999946]}}, {"type": "Feature", "properties": {"ruta": "PE-28", "dist_corredor_m": 90.9, "peligro": "", "nivel": "", "dpto": "Ayacucho", "prov": "Huamanga", "cenepred_e_via_km": null}, "geometry": {"type": "Point", "coordinates": [-74.21590423199996, -13.06099133899994]}}, {"type": "Feature", "properties": {"ruta": "PE-3S", "dist_corredor_m": 302.0, "peligro": "Inundación, flujo de detritos, erosión", "nivel": null, "dpto": "Apurímac", "prov": "Andahuaylas", "cenepred_e_via_km": null}, "geometry": {"type": "Point", "coordinates": [-73.36093466499995, -13.647558042999947]}}, {"type": "Feature", "properties": {"ruta": "PE-1N", "dist_corredor_m": 4.4, "peligro": "Inundación, flujo de detritos, erosión fluvial", "nivel": " ", "dpto": "La Libertad", "prov": "Chepén", "cenepred_e_via_km": null}, "geometry": {"type": "Point", "coordinates": [-79.52909503499995, -7.090158352999936]}}, {"type": "Feature", "properties": {"ruta": "PE-1N", "dist_corredor_m": 512.8, "peligro": "Inundación, flujo de detritos, erosión", "nivel": null, "dpto": "Áncash", "prov": "Casma", "cenepred_e_via_km": null}, "geometry": {"type": "Point", "coordinates": [-78.32911419499999, -9.465445735999936]}}, {"type": "Feature", "properties": {"ruta": "PE-1N", "dist_corredor_m": 604.2, "peligro": "", "nivel": "", "dpto": "Tumbes", "prov": "Tumbes", "cenepred_e_via_km": null}, "geometry": {"type": "Point", "coordinates": [-80.46448925899995, -3.566584960999933]}}, {"type": "Feature", "properties": {"ruta": "PE-3S", "dist_corredor_m": 320.1, "peligro": "Inundación, flujo de detritos, erosión fluvial", "nivel": " ", "dpto": "Cusco", "prov": "Canchis", "cenepred_e_via_km": null}, "geometry": {"type": "Point", "coordinates": [-71.14543513199999, -14.372381042999962]}}, {"type": "Feature", "properties": {"ruta": "PE-22", "dist_corredor_m": 817.1, "peligro": "Inundación", "nivel": null, "dpto": "Lima", "prov": "Lima", "cenepred_e_via_km": null}, "geometry": {"type": "Point", "coordinates": [-76.77872969999999, -11.98535872399998]}}, {"type": "Feature", "properties": {"ruta": "PE-22", "dist_corredor_m": 120.6, "peligro": "Inundación", "nivel": null, "dpto": "Lima", "prov": "Lima", "cenepred_e_via_km": null}, "geometry": {"type": "Point", "coordinates": [-76.68082387699997, -11.922755220999932]}}, {"type": "Feature", "properties": {"ruta": "PE-22", "dist_corredor_m": 211.0, "peligro": "", "nivel": "", "dpto": "Lima", "prov": "Lima", "cenepred_e_via_km": null}, "geometry": {"type": "Point", "coordinates": [-76.90589052299998, -12.017893210999944]}}, {"type": "Feature", "properties": {"ruta": "PE-1S", "dist_corredor_m": 194.2, "peligro": "Inundación", "nivel": null, "dpto": "Ica", "prov": "Nasca", "cenepred_e_via_km": null}, "geometry": {"type": "Point", "coordinates": [-75.14495715799995, -14.678950555999961]}}, {"type": "Feature", "properties": {"ruta": "PE-1S", "dist_corredor_m": 315.9, "peligro": "", "nivel": "", "dpto": "Ica", "prov": "Nasca", "cenepred_e_via_km": null}, "geometry": {"type": "Point", "coordinates": [-75.15745819199998, -14.67821005899998]}}, {"type": "Feature", "properties": {"ruta": "PE-22", "dist_corredor_m": 445.5, "peligro": "Inundación", "nivel": null, "dpto": "Lima", "prov": "Lima", "cenepred_e_via_km": null}, "geometry": {"type": "Point", "coordinates": [-76.77539177199998, -11.981244808999975]}}, {"type": "Feature", "properties": {"ruta": "PE-3S", "dist_corredor_m": 67.6, "peligro": "Inundación", "nivel": "", "dpto": "Junín", "prov": "Jauja", "cenepred_e_via_km": null}, "geometry": {"type": "Point", "coordinates": [-75.48896165799994, -11.802254783999956]}}, {"type": "Feature", "properties": {"ruta": "PE-3S", "dist_corredor_m": 375.3, "peligro": "Inundación, flujo de detritos, erosión fluvial", "nivel": " ", "dpto": "Cusco", "prov": "Canchis", "cenepred_e_via_km": null}, "geometry": {"type": "Point", "coordinates": [-71.43529355499999, -14.102947105999931]}}, {"type": "Feature", "properties": {"ruta": "PE-3S", "dist_corredor_m": 141.3, "peligro": "Inundación, erosión", "nivel": "", "dpto": "Cusco", "prov": "Anta", "cenepred_e_via_km": null}, "geometry": {"type": "Point", "coordinates": [-72.43293688499995, -13.464921053999944]}}, {"type": "Feature", "properties": {"ruta": "PE-3S", "dist_corredor_m": 234.3, "peligro": "Inundación, erosión fluvial", "nivel": " ", "dpto": "Huancavelica", "prov": "Churcampa", "cenepred_e_via_km": null}, "geometry": {"type": "Point", "coordinates": [-74.67402593799994, -12.592712606999953]}}, {"type": "Feature", "properties": {"ruta": "PE-22", "dist_corredor_m": 216.2, "peligro": null, "nivel": "", "dpto": "Lima", "prov": "Lima", "cenepred_e_via_km": null}, "geometry": {"type": "Point", "coordinates": [-76.76386743299997, -11.97159468999996]}}, {"type": "Feature", "properties": {"ruta": "PE-1N", "dist_corredor_m": 530.3, "peligro": null, "nivel": "", "dpto": "La Libertad", "prov": "Ascope", "cenepred_e_via_km": null}, "geometry": {"type": "Point", "coordinates": [-79.17611503199998, -7.823640920999935]}}, {"type": "Feature", "properties": {"ruta": "PE-1S", "dist_corredor_m": 149.8, "peligro": "Inundación, flujo de detritos, erosión", "nivel": null, "dpto": "Moquegua", "prov": "Mariscal Nieto", "cenepred_e_via_km": null}, "geometry": {"type": "Point", "coordinates": [-70.99091285399999, -17.31698837999994]}}, {"type": "Feature", "properties": {"ruta": "PE-28", "dist_corredor_m": 813.7, "peligro": "Inundación", "nivel": "", "dpto": "Ica", "prov": "Pisco", "cenepred_e_via_km": null}, "geometry": {"type": "Point", "coordinates": [-75.96030001699995, -13.728838982999946]}}, {"type": "Feature", "properties": {"ruta": "PE-28", "dist_corredor_m": 204.7, "peligro": "Inundación", "nivel": null, "dpto": "Cusco", "prov": "La Convención", "cenepred_e_via_km": null}, "geometry": {"type": "Point", "coordinates": [-72.55547134699998, -13.002649702999975]}}, {"type": "Feature", "properties": {"ruta": "PE-22", "dist_corredor_m": 128.0, "peligro": "Inundación", "nivel": null, "dpto": "Lima", "prov": "Lima", "cenepred_e_via_km": null}, "geometry": {"type": "Point", "coordinates": [-76.68811177099997, -11.92878352699995]}}, {"type": "Feature", "properties": {"ruta": "PE-1N", "dist_corredor_m": 366.6, "peligro": "Inundación", "nivel": null, "dpto": "Lima", "prov": "Lima", "cenepred_e_via_km": null}, "geometry": {"type": "Point", "coordinates": [-77.01000723299995, -12.030743900999937]}}, {"type": "Feature", "properties": {"ruta": "PE-1N", "dist_corredor_m": 456.4, "peligro": "Inundación", "nivel": "", "dpto": "Tumbes", "prov": "Tumbes", "cenepred_e_via_km": null}, "geometry": {"type": "Point", "coordinates": [-80.46374265799994, -3.567858281999975]}}, {"type": "Feature", "properties": {"ruta": "PE-1S", "dist_corredor_m": 315.0, "peligro": "Inundación, erosión fluvial", "nivel": "Alto", "dpto": "Arequipa", "prov": "Islay", "cenepred_e_via_km": null}, "geometry": {"type": "Point", "coordinates": [-71.67785504899996, -17.02389561399997]}}, {"type": "Feature", "properties": {"ruta": "PE-28", "dist_corredor_m": 97.9, "peligro": "Inundación", "nivel": "", "dpto": "Ica", "prov": "Pisco", "cenepred_e_via_km": null}, "geometry": {"type": "Point", "coordinates": [-75.55472767999998, -13.593948033999936]}}, {"type": "Feature", "properties": {"ruta": "PE-3S", "dist_corredor_m": 82.4, "peligro": "Inundación, erosión fluvial", "nivel": " ", "dpto": "Huancavelica", "prov": "Churcampa", "cenepred_e_via_km": null}, "geometry": {"type": "Point", "coordinates": [-74.69261455099996, -12.569195978999971]}}, {"type": "Feature", "properties": {"ruta": "PE-28", "dist_corredor_m": 66.0, "peligro": "Inundación, flujo de detritos, erosión fluvial", "nivel": " ", "dpto": "Ayacucho", "prov": "Huamanga", "cenepred_e_via_km": null}, "geometry": {"type": "Point", "coordinates": [-74.19954862299994, -13.053382217999967]}}, {"type": "Feature", "properties": {"ruta": "PE-22", "dist_corredor_m": 438.0, "peligro": null, "nivel": "", "dpto": "Lima", "prov": "Lima", "cenepred_e_via_km": null}, "geometry": {"type": "Point", "coordinates": [-76.81804308199997, -11.985015462999968]}}, {"type": "Feature", "properties": {"ruta": "PE-3S", "dist_corredor_m": 89.0, "peligro": "Inundación", "nivel": "Muy alto", "dpto": "Puno", "prov": "Melgar", "cenepred_e_via_km": null}, "geometry": {"type": "Point", "coordinates": [-70.78298985099997, -14.612917892999974]}}, {"type": "Feature", "properties": {"ruta": "PE-28", "dist_corredor_m": 59.9, "peligro": "Inundación, erosión fluvial", "nivel": " ", "dpto": "Cusco", "prov": "La Convención", "cenepred_e_via_km": null}, "geometry": {"type": "Point", "coordinates": [-73.79788169099999, -12.571694374999936]}}, {"type": "Feature", "properties": {"ruta": "PE-28", "dist_corredor_m": 66.8, "peligro": "", "nivel": "Medio", "dpto": "Huancavelica", "prov": "Huaytará", "cenepred_e_via_km": null}, "geometry": {"type": "Point", "coordinates": [-75.48882077099995, -13.598805951999964]}}, {"type": "Feature", "properties": {"ruta": "PE-22", "dist_corredor_m": 115.9, "peligro": "Inundación", "nivel": null, "dpto": "Lima", "prov": "Lima", "cenepred_e_via_km": null}, "geometry": {"type": "Point", "coordinates": [-76.72929514699996, -11.954746944999954]}}, {"type": "Feature", "properties": {"ruta": "PE-3S", "dist_corredor_m": 82.4, "peligro": "Inundación", "nivel": "Muy alto", "dpto": "Puno", "prov": "Melgar", "cenepred_e_via_km": null}, "geometry": {"type": "Point", "coordinates": [-70.78304988499997, -14.61277789199994]}}, {"type": "Feature", "properties": {"ruta": "PE-3S", "dist_corredor_m": 334.7, "peligro": null, "nivel": "", "dpto": "Cusco", "prov": "Canchis", "cenepred_e_via_km": null}, "geometry": {"type": "Point", "coordinates": [-71.14550721199998, -14.372163522999926]}}, {"type": "Feature", "properties": {"ruta": "PE-28", "dist_corredor_m": 281.7, "peligro": "Inundación", "nivel": "", "dpto": "Cusco", "prov": "La Convención", "cenepred_e_via_km": null}, "geometry": {"type": "Point", "coordinates": [-73.20439608599997, -12.63556098099997]}}, {"type": "Feature", "properties": {"ruta": "PE-28", "dist_corredor_m": 195.5, "peligro": "Inundación, flujo de detritos, erosión fluvial", "nivel": " ", "dpto": "Ayacucho", "prov": "Huamanga", "cenepred_e_via_km": null}, "geometry": {"type": "Point", "coordinates": [-74.23696673599994, -13.154764775999979]}}, {"type": "Feature", "properties": {"ruta": "PE-3S", "dist_corredor_m": 251.8, "peligro": "Inundación", "nivel": "", "dpto": "Cusco", "prov": "Canas", "cenepred_e_via_km": null}, "geometry": {"type": "Point", "coordinates": [-71.57551356699997, -13.777450575999978]}}, {"type": "Feature", "properties": {"ruta": "PE-3S", "dist_corredor_m": 690.9, "peligro": "Inundación", "nivel": " ", "dpto": "Junín", "prov": "Jauja", "cenepred_e_via_km": null}, "geometry": {"type": "Point", "coordinates": [-75.47843689299998, -11.799170861999926]}}, {"type": "Feature", "properties": {"ruta": "PE-3S", "dist_corredor_m": 249.8, "peligro": "Inundación, flujo de detritos, erosión", "nivel": null, "dpto": "Puno", "prov": "Lampa", "cenepred_e_via_km": null}, "geometry": {"type": "Point", "coordinates": [-70.35208631499995, -15.085789206999948]}}, {"type": "Feature", "properties": {"ruta": "PE-28", "dist_corredor_m": 190.0, "peligro": "Inundación, flujo de detritos, erosión", "nivel": null, "dpto": "Cusco", "prov": "La Convención", "cenepred_e_via_km": null}, "geometry": {"type": "Point", "coordinates": [-73.89268754199998, -12.39395772399996]}}, {"type": "Feature", "properties": {"ruta": "PE-28", "dist_corredor_m": 834.8, "peligro": "Inundación, erosión fluvial", "nivel": "Muy alto", "dpto": "Cusco", "prov": "La Convención", "cenepred_e_via_km": null}, "geometry": {"type": "Point", "coordinates": [-73.89532090399996, -12.378019071999972]}}, {"type": "Feature", "properties": {"ruta": "PE-22", "dist_corredor_m": 284.0, "peligro": null, "nivel": "", "dpto": "Lima", "prov": "Lima", "cenepred_e_via_km": null}, "geometry": {"type": "Point", "coordinates": [-76.86469338399996, -12.006393379999963]}}, {"type": "Feature", "properties": {"ruta": "PE-3S", "dist_corredor_m": 604.4, "peligro": "Inundación, erosión fluvial", "nivel": "Alto", "dpto": "Apurímac", "prov": "Chincheros", "cenepred_e_via_km": null}, "geometry": {"type": "Point", "coordinates": [-73.68126262099997, -13.527370135999945]}}, {"type": "Feature", "properties": {"ruta": "PE-28", "dist_corredor_m": 110.2, "peligro": null, "nivel": "", "dpto": "Cusco", "prov": "Calca", "cenepred_e_via_km": null}, "geometry": {"type": "Point", "coordinates": [-71.89488803999996, -13.405494544999954]}}, {"type": "Feature", "properties": {"ruta": "PE-3S", "dist_corredor_m": 364.0, "peligro": "", "nivel": "", "dpto": "Apurímac", "prov": "Abancay", "cenepred_e_via_km": null}, "geometry": {"type": "Point", "coordinates": [-72.73667954399997, -13.559692200999962]}}, {"type": "Feature", "properties": {"ruta": "PE-28", "dist_corredor_m": 533.6, "peligro": "Inundación, erosión", "nivel": "", "dpto": "Ica", "prov": "Pisco", "cenepred_e_via_km": null}, "geometry": {"type": "Point", "coordinates": [-75.92160745599995, -13.737204017999943]}}, {"type": "Feature", "properties": {"ruta": "PE-28", "dist_corredor_m": 389.5, "peligro": "", "nivel": "", "dpto": "Cusco", "prov": "La Convención", "cenepred_e_via_km": null}, "geometry": {"type": "Point", "coordinates": [-72.68723015799998, -12.879665346999957]}}, {"type": "Feature", "properties": {"ruta": "PE-1S", "dist_corredor_m": 16.9, "peligro": "Inundación", "nivel": "", "dpto": "Ica", "prov": "Pisco", "cenepred_e_via_km": null}, "geometry": {"type": "Point", "coordinates": [-76.15794539599995, -13.68782321499998]}}, {"type": "Feature", "properties": {"ruta": "PE-3S", "dist_corredor_m": 73.8, "peligro": "Inundación, flujo de detritos, erosión", "nivel": null, "dpto": "Apurímac", "prov": "Andahuaylas", "cenepred_e_via_km": null}, "geometry": {"type": "Point", "coordinates": [-73.36883165499995, -13.648369333999938]}}, {"type": "Feature", "properties": {"ruta": "PE-3S", "dist_corredor_m": 136.3, "peligro": "Inundación, flujo de detritos, erosión fluvial", "nivel": " ", "dpto": "Cusco", "prov": "Cusco", "cenepred_e_via_km": 0.5}, "geometry": {"type": "Point", "coordinates": [-72.04278474299997, -13.493904252999926]}}, {"type": "Feature", "properties": {"ruta": "PE-28", "dist_corredor_m": 885.1, "peligro": "Inundación, flujo de detritos, erosión", "nivel": null, "dpto": "Ica", "prov": "Pisco", "cenepred_e_via_km": null}, "geometry": {"type": "Point", "coordinates": [-75.96334717699995, -13.728428493999957]}}, {"type": "Feature", "properties": {"ruta": "PE-1N", "dist_corredor_m": 17.9, "peligro": "Inundación, flujo de detritos, erosión", "nivel": "Alto", "dpto": "La Libertad", "prov": "Virú", "cenepred_e_via_km": null}, "geometry": {"type": "Point", "coordinates": [-78.68013715899997, -8.536208378999959]}}, {"type": "Feature", "properties": {"ruta": "PE-3S", "dist_corredor_m": 833.1, "peligro": "Inundación", "nivel": "", "dpto": "Puno", "prov": "Chucuito", "cenepred_e_via_km": null}, "geometry": {"type": "Point", "coordinates": [-69.49183257399994, -16.225741997999933]}}, {"type": "Feature", "properties": {"ruta": "PE-3S", "dist_corredor_m": 4.7, "peligro": "Inundación, erosión", "nivel": "", "dpto": "Apurímac", "prov": "Andahuaylas", "cenepred_e_via_km": null}, "geometry": {"type": "Point", "coordinates": [-73.36876721799996, -13.646985946999962]}}, {"type": "Feature", "properties": {"ruta": "PE-3S", "dist_corredor_m": 653.0, "peligro": "Inundación, flujo de detritos, erosión fluvial", "nivel": " ", "dpto": "Cusco", "prov": "Quispicanchi", "cenepred_e_via_km": null}, "geometry": {"type": "Point", "coordinates": [-71.63283846199994, -13.667463949999956]}}, {"type": "Feature", "properties": {"ruta": "PE-3S", "dist_corredor_m": 848.7, "peligro": "Inundación, flujo de detritos, erosión", "nivel": null, "dpto": "Junín", "prov": "Concepción", "cenepred_e_via_km": null}, "geometry": {"type": "Point", "coordinates": [-75.32191733299999, -11.93633439399997]}}, {"type": "Feature", "properties": {"ruta": "PE-1S", "dist_corredor_m": 251.4, "peligro": "Inundación, erosión fluvial", "nivel": "Alto", "dpto": "Arequipa", "prov": "Islay", "cenepred_e_via_km": null}, "geometry": {"type": "Point", "coordinates": [-71.66917633599996, -17.021571299999948]}}, {"type": "Feature", "properties": {"ruta": "PE-22", "dist_corredor_m": 243.5, "peligro": "Inundación", "nivel": null, "dpto": "Lima", "prov": "Lima", "cenepred_e_via_km": null}, "geometry": {"type": "Point", "coordinates": [-76.86345978599996, -12.006632091999961]}}, {"type": "Feature", "properties": {"ruta": "PE-28", "dist_corredor_m": 17.3, "peligro": "Inundación", "nivel": " ", "dpto": "Cusco", "prov": "La Convención", "cenepred_e_via_km": null}, "geometry": {"type": "Point", "coordinates": [-73.66303335499998, -12.708158007999941]}}, {"type": "Feature", "properties": {"ruta": "PE-3S", "dist_corredor_m": 547.3, "peligro": "Inundación", "nivel": "", "dpto": "Puno", "prov": "Chucuito", "cenepred_e_via_km": null}, "geometry": {"type": "Point", "coordinates": [-69.39225615999999, -16.225443156999972]}}, {"type": "Feature", "properties": {"ruta": "PE-1S", "dist_corredor_m": 579.2, "peligro": "", "nivel": "Medio", "dpto": "Ica", "prov": "Pisco", "cenepred_e_via_km": null}, "geometry": {"type": "Point", "coordinates": [-76.16269238799998, -13.690476975999957]}}, {"type": "Feature", "properties": {"ruta": "PE-3S", "dist_corredor_m": 254.7, "peligro": "Inundación, flujo de detritos, erosión fluvial", "nivel": " ", "dpto": "Cusco", "prov": "Quispicanchi", "cenepred_e_via_km": null}, "geometry": {"type": "Point", "coordinates": [-71.57552399699995, -13.777558874999954]}}, {"type": "Feature", "properties": {"ruta": "PE-1S", "dist_corredor_m": 690.4, "peligro": "Inundación, erosión pluvial", "nivel": null, "dpto": "Arequipa", "prov": "Islay", "cenepred_e_via_km": null}, "geometry": {"type": "Point", "coordinates": [-71.69171891099995, -17.036934179999946]}}, {"type": "Feature", "properties": {"ruta": "PE-3S", "dist_corredor_m": 995.0, "peligro": "Inundación", "nivel": "", "dpto": "Apurímac", "prov": "Abancay", "cenepred_e_via_km": null}, "geometry": {"type": "Point", "coordinates": [-72.87482970999997, -13.639706626999953]}}, {"type": "Feature", "properties": {"ruta": "PE-3S", "dist_corredor_m": 239.1, "peligro": "Inundación", "nivel": "Medio", "dpto": "Cusco", "prov": "Anta", "cenepred_e_via_km": null}, "geometry": {"type": "Point", "coordinates": [-72.06627700899998, -13.486033647999932]}}, {"type": "Feature", "properties": {"ruta": "PE-28", "dist_corredor_m": 859.2, "peligro": "Inundación, flujo de detritos, erosión fluvial", "nivel": " ", "dpto": "Ayacucho", "prov": "Huamanga", "cenepred_e_via_km": null}, "geometry": {"type": "Point", "coordinates": [-74.23632257099996, -13.130349752999962]}}, {"type": "Feature", "properties": {"ruta": "PE-3S", "dist_corredor_m": 429.9, "peligro": "", "nivel": "", "dpto": "Ayacucho", "prov": "Huanta", "cenepred_e_via_km": null}, "geometry": {"type": "Point", "coordinates": [-74.23823219699995, -12.946505090999949]}}, {"type": "Feature", "properties": {"ruta": "PE-1S", "dist_corredor_m": 277.9, "peligro": "Inundación", "nivel": "", "dpto": "Arequipa", "prov": "Islay", "cenepred_e_via_km": null}, "geometry": {"type": "Point", "coordinates": [-71.67717826099994, -17.023832278999976]}}, {"type": "Feature", "properties": {"ruta": "PE-1S", "dist_corredor_m": 877.8, "peligro": null, "nivel": "", "dpto": "Ica", "prov": "Pisco", "cenepred_e_via_km": null}, "geometry": {"type": "Point", "coordinates": [-76.16549656199999, -13.691006221999942]}}, {"type": "Feature", "properties": {"ruta": "PE-28", "dist_corredor_m": 749.9, "peligro": "Inundación, flujo de detritos, erosión fluvial", "nivel": " ", "dpto": "Cusco", "prov": "Urubamba", "cenepred_e_via_km": 1.0}, "geometry": {"type": "Point", "coordinates": [-72.07548511799996, -13.336077039999964]}}, {"type": "Feature", "properties": {"ruta": "PE-28", "dist_corredor_m": 837.9, "peligro": "Inundación, erosión", "nivel": "", "dpto": "Cusco", "prov": "La Convención", "cenepred_e_via_km": null}, "geometry": {"type": "Point", "coordinates": [-73.83345736899997, -12.520316109999953]}}, {"type": "Feature", "properties": {"ruta": "PE-1S", "dist_corredor_m": 188.5, "peligro": null, "nivel": "", "dpto": "Arequipa", "prov": "Islay", "cenepred_e_via_km": null}, "geometry": {"type": "Point", "coordinates": [-71.69105051399998, -17.03090115899994]}}, {"type": "Feature", "properties": {"ruta": "PE-3S", "dist_corredor_m": 554.7, "peligro": "Inundación, erosión", "nivel": "Muy alto", "dpto": "Junín", "prov": "Huancayo", "cenepred_e_via_km": null}, "geometry": {"type": "Point", "coordinates": [-75.22021352599995, -12.071069378999937]}}, {"type": "Feature", "properties": {"ruta": "PE-1S", "dist_corredor_m": 885.9, "peligro": "Inundación", "nivel": "", "dpto": "Ica", "prov": "Ica", "cenepred_e_via_km": null}, "geometry": {"type": "Point", "coordinates": [-75.69003690999995, -14.283364872999982]}}, {"type": "Feature", "properties": {"ruta": "PE-28", "dist_corredor_m": 913.4, "peligro": "", "nivel": "Medio", "dpto": "Ica", "prov": "Pisco", "cenepred_e_via_km": null}, "geometry": {"type": "Point", "coordinates": [-75.89874325599999, -13.731908828999963]}}, {"type": "Feature", "properties": {"ruta": "PE-28", "dist_corredor_m": 726.4, "peligro": "Inundación", "nivel": "", "dpto": "Ica", "prov": "Pisco", "cenepred_e_via_km": null}, "geometry": {"type": "Point", "coordinates": [-75.87406969699998, -13.727259799999956]}}, {"type": "Feature", "properties": {"ruta": "PE-28", "dist_corredor_m": 276.1, "peligro": "", "nivel": "Alto", "dpto": "Ica", "prov": "Pisco", "cenepred_e_via_km": null}, "geometry": {"type": "Point", "coordinates": [-75.84881339799995, -13.717203542999982]}}, {"type": "Feature", "properties": {"ruta": "PE-1S", "dist_corredor_m": 137.7, "peligro": "Inundación, erosión pluvial", "nivel": null, "dpto": "Arequipa", "prov": "Islay", "cenepred_e_via_km": null}, "geometry": {"type": "Point", "coordinates": [-71.68552953499994, -17.026223769999945]}}, {"type": "Feature", "properties": {"ruta": "PE-1S", "dist_corredor_m": 605.4, "peligro": null, "nivel": "", "dpto": "Ica", "prov": "Palpa", "cenepred_e_via_km": null}, "geometry": {"type": "Point", "coordinates": [-75.21235746499997, -14.560708591999969]}}, {"type": "Feature", "properties": {"ruta": "PE-3S", "dist_corredor_m": 970.7, "peligro": "Inundación, erosión", "nivel": "", "dpto": "Cusco", "prov": "Canchis", "cenepred_e_via_km": null}, "geometry": {"type": "Point", "coordinates": [-71.17307468099995, -14.362790641999936]}}, {"type": "Feature", "properties": {"ruta": "PE-28", "dist_corredor_m": 264.4, "peligro": "Inundación", "nivel": "", "dpto": "Cusco", "prov": "Urubamba", "cenepred_e_via_km": null}, "geometry": {"type": "Point", "coordinates": [-72.06744685199999, -13.336471874999972]}}, {"type": "Feature", "properties": {"ruta": "PE-22", "dist_corredor_m": 936.5, "peligro": "Inundación", "nivel": null, "dpto": "Lima", "prov": "Lima", "cenepred_e_via_km": null}, "geometry": {"type": "Point", "coordinates": [-76.94351658799997, -12.011213792999968]}}, {"type": "Feature", "properties": {"ruta": "PE-28", "dist_corredor_m": 248.3, "peligro": "Inundación", "nivel": " ", "dpto": "Cusco", "prov": "La Convención", "cenepred_e_via_km": null}, "geometry": {"type": "Point", "coordinates": [-73.66451850399994, -12.71119411899997]}}, {"type": "Feature", "properties": {"ruta": "PE-1S", "dist_corredor_m": 491.1, "peligro": "Inundación, erosión fluvial", "nivel": "Alto", "dpto": "Arequipa", "prov": "Islay", "cenepred_e_via_km": null}, "geometry": {"type": "Point", "coordinates": [-71.68101462199996, -17.022959868999976]}}, {"type": "Feature", "properties": {"ruta": "PE-22", "dist_corredor_m": 216.2, "peligro": null, "nivel": "", "dpto": "Lima", "prov": "Lima", "cenepred_e_via_km": null}, "geometry": {"type": "Point", "coordinates": [-76.76386743299997, -11.97159468999996]}}, {"type": "Feature", "properties": {"ruta": "PE-22", "dist_corredor_m": 811.3, "peligro": "Inundación", "nivel": null, "dpto": "Lima", "prov": "Lima", "cenepred_e_via_km": null}, "geometry": {"type": "Point", "coordinates": [-76.75652343199994, -11.98003444699998]}}, {"type": "Feature", "properties": {"ruta": "PE-22", "dist_corredor_m": 282.2, "peligro": null, "nivel": "", "dpto": "Lima", "prov": "Lima", "cenepred_e_via_km": null}, "geometry": {"type": "Point", "coordinates": [-76.67294980699995, -11.923236998999926]}}, {"type": "Feature", "properties": {"ruta": "PE-22", "dist_corredor_m": 123.4, "peligro": "Inundación", "nivel": null, "dpto": "Lima", "prov": "Lima", "cenepred_e_via_km": null}, "geometry": {"type": "Point", "coordinates": [-76.97198568999994, -12.026290653999979]}}, {"type": "Feature", "properties": {"ruta": "PE-1S", "dist_corredor_m": 627.2, "peligro": "Inundación", "nivel": "", "dpto": "Ica", "prov": "Pisco", "cenepred_e_via_km": null}, "geometry": {"type": "Point", "coordinates": [-76.16305426599996, -13.69073745199995]}}, {"type": "Feature", "properties": {"ruta": "PE-3S", "dist_corredor_m": 301.6, "peligro": "Inundación, erosión", "nivel": "", "dpto": "Apurímac", "prov": "Andahuaylas", "cenepred_e_via_km": null}, "geometry": {"type": "Point", "coordinates": [-73.36091624299996, -13.647548882999956]}}, {"type": "Feature", "properties": {"ruta": "PE-28", "dist_corredor_m": 564.7, "peligro": "Inundación", "nivel": "", "dpto": "Ica", "prov": "Pisco", "cenepred_e_via_km": null}, "geometry": {"type": "Point", "coordinates": [-75.87321187499998, -13.725373210999976]}}, {"type": "Feature", "properties": {"ruta": "PE-3S", "dist_corredor_m": 69.2, "peligro": "Inundación", "nivel": "", "dpto": "Apurímac", "prov": "Andahuaylas", "cenepred_e_via_km": null}, "geometry": {"type": "Point", "coordinates": [-73.42947654999995, -13.65784485499995]}}, {"type": "Feature", "properties": {"ruta": "PE-28", "dist_corredor_m": 367.5, "peligro": "", "nivel": "Medio", "dpto": "Huancavelica", "prov": "Huaytará", "cenepred_e_via_km": null}, "geometry": {"type": "Point", "coordinates": [-75.37557689299996, -13.601588463999974]}}, {"type": "Feature", "properties": {"ruta": "PE-3S", "dist_corredor_m": 746.0, "peligro": "Inundación, flujo de detritos, erosión", "nivel": null, "dpto": "Apurímac", "prov": "Andahuaylas", "cenepred_e_via_km": null}, "geometry": {"type": "Point", "coordinates": [-73.35966727199997, -13.653072463999933]}}, {"type": "Feature", "properties": {"ruta": "PE-3S", "dist_corredor_m": 600.7, "peligro": "Inundación, flujo de detritos, erosión fluvial", "nivel": " ", "dpto": "Cusco", "prov": "Canchis", "cenepred_e_via_km": null}, "geometry": {"type": "Point", "coordinates": [-71.13587724499996, -14.37812413599994]}}, {"type": "Feature", "properties": {"ruta": "PE-3S", "dist_corredor_m": 293.9, "peligro": "Inundación, flujo de detritos, erosión", "nivel": null, "dpto": "Cusco", "prov": "Canchis", "cenepred_e_via_km": null}, "geometry": {"type": "Point", "coordinates": [-71.18356400299996, -14.339349364999975]}}, {"type": "Feature", "properties": {"ruta": "PE-28", "dist_corredor_m": 979.4, "peligro": "Inundación", "nivel": "Medio", "dpto": "Cusco", "prov": "Urubamba", "cenepred_e_via_km": null}, "geometry": {"type": "Point", "coordinates": [-72.06836371899993, -13.343039592999958]}}, {"type": "Feature", "properties": {"ruta": "PE-22", "dist_corredor_m": 565.6, "peligro": "Inundación", "nivel": null, "dpto": "Lima", "prov": "Lima", "cenepred_e_via_km": null}, "geometry": {"type": "Point", "coordinates": [-76.77591553099995, -11.982456372999934]}}, {"type": "Feature", "properties": {"ruta": "PE-28", "dist_corredor_m": 7.6, "peligro": "Inundación", "nivel": " ", "dpto": "Cusco", "prov": "La Convención", "cenepred_e_via_km": null}, "geometry": {"type": "Point", "coordinates": [-73.74700676899994, -12.595239206999963]}}, {"type": "Feature", "properties": {"ruta": "PE-3S", "dist_corredor_m": 205.6, "peligro": "Inundación, flujo de detritos, erosión", "nivel": null, "dpto": "Cusco", "prov": "Canchis", "cenepred_e_via_km": null}, "geometry": {"type": "Point", "coordinates": [-71.15777852999997, -14.362356268999974]}}, {"type": "Feature", "properties": {"ruta": "PE-28", "dist_corredor_m": 112.6, "peligro": "Inundación, flujo de detritos, erosión", "nivel": null, "dpto": "Cusco", "prov": "La Convención", "cenepred_e_via_km": null}, "geometry": {"type": "Point", "coordinates": [-72.54119994999996, -12.646100100999945]}}, {"type": "Feature", "properties": {"ruta": "PE-3S", "dist_corredor_m": 117.9, "peligro": "", "nivel": "", "dpto": "Junín", "prov": "Jauja", "cenepred_e_via_km": null}, "geometry": {"type": "Point", "coordinates": [-75.48710581299997, -11.80132651799994]}}, {"type": "Feature", "properties": {"ruta": "PE-1N", "dist_corredor_m": 324.6, "peligro": "Inundación", "nivel": "", "dpto": "La Libertad", "prov": "Trujillo", "cenepred_e_via_km": null}, "geometry": {"type": "Point", "coordinates": [-79.01570701399999, -8.144544177999933]}}, {"type": "Feature", "properties": {"ruta": "PE-1S", "dist_corredor_m": 461.7, "peligro": "Inundación, erosión pluvial", "nivel": null, "dpto": "Arequipa", "prov": "Islay", "cenepred_e_via_km": null}, "geometry": {"type": "Point", "coordinates": [-71.66641828199994, -17.019710905999943]}}, {"type": "Feature", "properties": {"ruta": "PE-22", "dist_corredor_m": 175.4, "peligro": "Erosión fluvial", "nivel": "Alto", "dpto": "Lima", "prov": "Lima", "cenepred_e_via_km": null}, "geometry": {"type": "Point", "coordinates": [-76.78479273399995, -11.97740117199993]}}, {"type": "Feature", "properties": {"ruta": "PE-3S", "dist_corredor_m": 251.8, "peligro": "Inundación", "nivel": "", "dpto": "Cusco", "prov": "Quispicanchi", "cenepred_e_via_km": null}, "geometry": {"type": "Point", "coordinates": [-71.57551356699997, -13.777450575999978]}}, {"type": "Feature", "properties": {"ruta": "PE-1S", "dist_corredor_m": 29.9, "peligro": "Inundación, flujo de detritos, erosión", "nivel": null, "dpto": "Arequipa", "prov": "Caravelí", "cenepred_e_via_km": null}, "geometry": {"type": "Point", "coordinates": [-74.63634867499997, -15.628118978999964]}}, {"type": "Feature", "properties": {"ruta": "PE-28", "dist_corredor_m": 8.3, "peligro": "Inundación, flujo de detritos, erosión", "nivel": null, "dpto": "Cusco", "prov": "La Convención", "cenepred_e_via_km": null}, "geometry": {"type": "Point", "coordinates": [-73.05013208699995, -12.651116783999953]}}, {"type": "Feature", "properties": {"ruta": "PE-28", "dist_corredor_m": 594.1, "peligro": "", "nivel": "Alto", "dpto": "Ica", "prov": "Pisco", "cenepred_e_via_km": null}, "geometry": {"type": "Point", "coordinates": [-75.85829233199996, -13.71969332599997]}}, {"type": "Feature", "properties": {"ruta": "PE-22", "dist_corredor_m": 128.3, "peligro": "Inundación", "nivel": null, "dpto": "Lima", "prov": "Lima", "cenepred_e_via_km": null}, "geometry": {"type": "Point", "coordinates": [-76.68820128399994, -11.928879966999943]}}, {"type": "Feature", "properties": {"ruta": "PE-3S", "dist_corredor_m": 954.1, "peligro": "Inundación", "nivel": " ", "dpto": "Junín", "prov": "Jauja", "cenepred_e_via_km": null}, "geometry": {"type": "Point", "coordinates": [-75.48922193999994, -11.788553867999951]}}, {"type": "Feature", "properties": {"ruta": "PE-3S", "dist_corredor_m": 548.6, "peligro": "Inundación, erosión", "nivel": "Muy alto", "dpto": "Junín", "prov": "Huancayo", "cenepred_e_via_km": null}, "geometry": {"type": "Point", "coordinates": [-75.22037859399995, -12.070671343999948]}}, {"type": "Feature", "properties": {"ruta": "PE-1S", "dist_corredor_m": 540.1, "peligro": "Inundación", "nivel": "", "dpto": "Arequipa", "prov": "Camaná", "cenepred_e_via_km": null}, "geometry": {"type": "Point", "coordinates": [-72.73997727599993, -16.59862684999996]}}, {"type": "Feature", "properties": {"ruta": "PE-1N", "dist_corredor_m": 837.1, "peligro": "Inundación, erosión", "nivel": "", "dpto": "Piura", "prov": "Sullana", "cenepred_e_via_km": null}, "geometry": {"type": "Point", "coordinates": [-80.86973134399994, -4.854496622999932]}}, {"type": "Feature", "properties": {"ruta": "PE-22", "dist_corredor_m": 891.9, "peligro": "Inundación", "nivel": null, "dpto": "Lima", "prov": "Lima", "cenepred_e_via_km": null}, "geometry": {"type": "Point", "coordinates": [-76.72610844099995, -11.942442357999937]}}, {"type": "Feature", "properties": {"ruta": "PE-3S", "dist_corredor_m": 118.2, "peligro": "Inundación, flujo de detritos, erosión fluvial", "nivel": " ", "dpto": "Cusco", "prov": "Cusco", "cenepred_e_via_km": 0.2}, "geometry": {"type": "Point", "coordinates": [-72.02264333499994, -13.50386231799996]}}, {"type": "Feature", "properties": {"ruta": "PE-22", "dist_corredor_m": 705.9, "peligro": "Inundación", "nivel": null, "dpto": "Lima", "prov": "Lima", "cenepred_e_via_km": null}, "geometry": {"type": "Point", "coordinates": [-76.72891251399994, -11.945388657999956]}}, {"type": "Feature", "properties": {"ruta": "PE-28", "dist_corredor_m": 334.8, "peligro": "", "nivel": "", "dpto": "Cusco", "prov": "Calca", "cenepred_e_via_km": null}, "geometry": {"type": "Point", "coordinates": [-71.83513137899996, -13.437172779999969]}}, {"type": "Feature", "properties": {"ruta": "PE-1S", "dist_corredor_m": 656.5, "peligro": "Inundación, erosión", "nivel": "", "dpto": "Ica", "prov": "Nasca", "cenepred_e_via_km": null}, "geometry": {"type": "Point", "coordinates": [-74.94746095199997, -14.821464570999979]}}, {"type": "Feature", "properties": {"ruta": "PE-1S", "dist_corredor_m": 875.0, "peligro": "", "nivel": "Medio", "dpto": "Ica", "prov": "Nasca", "cenepred_e_via_km": null}, "geometry": {"type": "Point", "coordinates": [-74.93976555299997, -14.821318023999936]}}, {"type": "Feature", "properties": {"ruta": "PE-28", "dist_corredor_m": 909.0, "peligro": "Inundación, erosión fluvial", "nivel": " ", "dpto": "Cusco", "prov": "La Convención", "cenepred_e_via_km": null}, "geometry": {"type": "Point", "coordinates": [-73.69792647199995, -12.680748102999928]}}, {"type": "Feature", "properties": {"ruta": "PE-1N", "dist_corredor_m": 86.5, "peligro": "Inundación", "nivel": null, "dpto": "Lima", "prov": "Lima", "cenepred_e_via_km": null}, "geometry": {"type": "Point", "coordinates": [-77.02526206899995, -12.043570048999982]}}, {"type": "Feature", "properties": {"ruta": "PE-3S", "dist_corredor_m": 291.0, "peligro": "Inundación", "nivel": "", "dpto": "Cusco", "prov": "Canchis", "cenepred_e_via_km": null}, "geometry": {"type": "Point", "coordinates": [-71.18356444099999, -14.339394540999933]}}, {"type": "Feature", "properties": {"ruta": "PE-28", "dist_corredor_m": 866.7, "peligro": "Inundación, flujo de detritos, erosión fluvial", "nivel": " ", "dpto": "Ayacucho", "prov": "Huamanga", "cenepred_e_via_km": null}, "geometry": {"type": "Point", "coordinates": [-74.34052744799999, -13.30562819499994]}}, {"type": "Feature", "properties": {"ruta": "PE-1S", "dist_corredor_m": 153.5, "peligro": "Inundación, flujo de detritos, erosión", "nivel": null, "dpto": "Ica", "prov": "Ica", "cenepred_e_via_km": null}, "geometry": {"type": "Point", "coordinates": [-75.71859013899996, -14.094788945999937]}}, {"type": "Feature", "properties": {"ruta": "PE-1S", "dist_corredor_m": 939.8, "peligro": "Inundación, flujo de detritos, erosión", "nivel": null, "dpto": "Ica", "prov": "Nasca", "cenepred_e_via_km": null}, "geometry": {"type": "Point", "coordinates": [-75.12314862099998, -14.67815845299998]}}, {"type": "Feature", "properties": {"ruta": "PE-1S", "dist_corredor_m": 194.2, "peligro": "Inundación", "nivel": "", "dpto": "Moquegua", "prov": "Mariscal Nieto", "cenepred_e_via_km": null}, "geometry": {"type": "Point", "coordinates": [-70.97391149299995, -17.21762859499995]}}, {"type": "Feature", "properties": {"ruta": "PE-1S", "dist_corredor_m": 256.4, "peligro": "Inundación", "nivel": "Medio", "dpto": "Ica", "prov": "Palpa", "cenepred_e_via_km": null}, "geometry": {"type": "Point", "coordinates": [-75.25742118299996, -14.500320281999961]}}, {"type": "Feature", "properties": {"ruta": "PE-28", "dist_corredor_m": 578.4, "peligro": "Inundación, erosión", "nivel": null, "dpto": "Junín", "prov": "Satipo", "cenepred_e_via_km": null}, "geometry": {"type": "Point", "coordinates": [-74.48504487099996, -11.426279180999927]}}, {"type": "Feature", "properties": {"ruta": "PE-3S", "dist_corredor_m": 303.3, "peligro": "Inundación, flujo de detritos, erosión", "nivel": null, "dpto": "Huancavelica", "prov": "Churcampa", "cenepred_e_via_km": null}, "geometry": {"type": "Point", "coordinates": [-74.38173941099996, -12.813167024999927]}}, {"type": "Feature", "properties": {"ruta": "PE-22", "dist_corredor_m": 165.2, "peligro": "Inundación", "nivel": null, "dpto": "Lima", "prov": "Lima", "cenepred_e_via_km": null}, "geometry": {"type": "Point", "coordinates": [-76.76524924199998, -11.972257859999957]}}, {"type": "Feature", "properties": {"ruta": "PE-3S", "dist_corredor_m": 855.5, "peligro": "Inundación", "nivel": "", "dpto": "Cusco", "prov": "Canchis", "cenepred_e_via_km": null}, "geometry": {"type": "Point", "coordinates": [-71.24275558199997, -14.279478005999977]}}, {"type": "Feature", "properties": {"ruta": "PE-3S", "dist_corredor_m": 348.9, "peligro": "Inundación", "nivel": null, "dpto": "Puno", "prov": "Chucuito", "cenepred_e_via_km": null}, "geometry": {"type": "Point", "coordinates": [-69.26985719499999, -16.307257155999935]}}, {"type": "Feature", "properties": {"ruta": "PE-22", "dist_corredor_m": 844.5, "peligro": null, "nivel": "", "dpto": "Lima", "prov": "Lima", "cenepred_e_via_km": null}, "geometry": {"type": "Point", "coordinates": [-76.72982506499994, -11.944443787999944]}}, {"type": "Feature", "properties": {"ruta": "PE-22", "dist_corredor_m": 193.7, "peligro": "Inundación", "nivel": null, "dpto": "Lima", "prov": "Lima", "cenepred_e_via_km": null}, "geometry": {"type": "Point", "coordinates": [-76.90581916499997, -12.017666697999971]}}, {"type": "Feature", "properties": {"ruta": "PE-3S", "dist_corredor_m": 962.7, "peligro": "Inundación, flujo de detritos, erosión fluvial", "nivel": " ", "dpto": "Cusco", "prov": "Quispicanchi", "cenepred_e_via_km": null}, "geometry": {"type": "Point", "coordinates": [-71.63484440599996, -13.66508483399997]}}, {"type": "Feature", "properties": {"ruta": "PE-1S", "dist_corredor_m": 395.6, "peligro": "Inundación", "nivel": "", "dpto": "Arequipa", "prov": "Arequipa", "cenepred_e_via_km": null}, "geometry": {"type": "Point", "coordinates": [-72.12725684299994, -16.339457808999953]}}, {"type": "Feature", "properties": {"ruta": "PE-1N", "dist_corredor_m": 507.2, "peligro": "Inundación", "nivel": null, "dpto": "Lima", "prov": "Lima", "cenepred_e_via_km": null}, "geometry": {"type": "Point", "coordinates": [-77.06307352399995, -11.90006942399998]}}, {"type": "Feature", "properties": {"ruta": "PE-28", "dist_corredor_m": 48.0, "peligro": "Inundación, flujo de detritos, erosión", "nivel": null, "dpto": "Cusco", "prov": "La Convención", "cenepred_e_via_km": null}, "geometry": {"type": "Point", "coordinates": [-73.04163931599999, -12.645956946999945]}}, {"type": "Feature", "properties": {"ruta": "PE-1S", "dist_corredor_m": 116.4, "peligro": "Inundación, erosión", "nivel": "", "dpto": "Lima", "prov": "Lima", "cenepred_e_via_km": null}, "geometry": {"type": "Point", "coordinates": [-76.81898309299999, -12.332825001999936]}}, {"type": "Feature", "properties": {"ruta": "PE-28", "dist_corredor_m": 67.9, "peligro": "Inundación, flujo de detritos, erosión", "nivel": null, "dpto": "Cusco", "prov": "La Convención", "cenepred_e_via_km": null}, "geometry": {"type": "Point", "coordinates": [-72.64900756699996, -12.991758256999958]}}, {"type": "Feature", "properties": {"ruta": "PE-1S", "dist_corredor_m": 651.4, "peligro": "Inundación, erosión", "nivel": "", "dpto": "Arequipa", "prov": "Camaná", "cenepred_e_via_km": null}, "geometry": {"type": "Point", "coordinates": [-72.72855148899998, -16.579928577999965]}}, {"type": "Feature", "properties": {"ruta": "PE-1S", "dist_corredor_m": 526.8, "peligro": "Inundación, flujo de detritos, erosión", "nivel": null, "dpto": "Lima", "prov": "Cañete", "cenepred_e_via_km": null}, "geometry": {"type": "Point", "coordinates": [-76.39030523199995, -13.121941463999974]}}, {"type": "Feature", "properties": {"ruta": "PE-28", "dist_corredor_m": 632.1, "peligro": "Inundación, flujo de detritos, erosión fluvial", "nivel": " ", "dpto": "Cusco", "prov": "Urubamba", "cenepred_e_via_km": 1.0}, "geometry": {"type": "Point", "coordinates": [-72.07655295499995, -13.333948800999963]}}, {"type": "Feature", "properties": {"ruta": "PE-22", "dist_corredor_m": 211.5, "peligro": "", "nivel": "", "dpto": "Lima", "prov": "Lima", "cenepred_e_via_km": null}, "geometry": {"type": "Point", "coordinates": [-76.92556846399998, -12.02316343299998]}}, {"type": "Feature", "properties": {"ruta": "PE-3S", "dist_corredor_m": 584.3, "peligro": "Inundación, flujo de detritos, erosión", "nivel": null, "dpto": "Junín", "prov": "Jauja", "cenepred_e_via_km": null}, "geometry": {"type": "Point", "coordinates": [-75.45766505199998, -11.79953964799995]}}, {"type": "Feature", "properties": {"ruta": "PE-3S", "dist_corredor_m": 142.3, "peligro": "Inundación, flujo de detritos, erosión fluvial", "nivel": " ", "dpto": "Cusco", "prov": "Cusco", "cenepred_e_via_km": null}, "geometry": {"type": "Point", "coordinates": [-72.02763638599998, -13.500887042999977]}}, {"type": "Feature", "properties": {"ruta": "PE-22", "dist_corredor_m": 285.6, "peligro": "Inundación", "nivel": " ", "dpto": "Lima", "prov": "Lima", "cenepred_e_via_km": null}, "geometry": {"type": "Point", "coordinates": [-76.66983276399998, -11.923622504999969]}}, {"type": "Feature", "properties": {"ruta": "PE-1S", "dist_corredor_m": 42.5, "peligro": "Inundación", "nivel": "", "dpto": "Arequipa", "prov": "Camaná", "cenepred_e_via_km": null}, "geometry": {"type": "Point", "coordinates": [-73.25754702599994, -16.389101755999945]}}, {"type": "Feature", "properties": {"ruta": "PE-22", "dist_corredor_m": 142.8, "peligro": "Erosión fluvial", "nivel": "Alto", "dpto": "Lima", "prov": "Lima", "cenepred_e_via_km": null}, "geometry": {"type": "Point", "coordinates": [-76.77299648599995, -11.974264838999943]}}, {"type": "Feature", "properties": {"ruta": "PE-3S", "dist_corredor_m": 465.5, "peligro": "Inundación", "nivel": "", "dpto": "Ayacucho", "prov": "Huamanga", "cenepred_e_via_km": null}, "geometry": {"type": "Point", "coordinates": [-74.22225699099994, -13.061607289999927]}}, {"type": "Feature", "properties": {"ruta": "PE-3S", "dist_corredor_m": 336.5, "peligro": "Inundación, erosión", "nivel": "", "dpto": "Cusco", "prov": "Canchis", "cenepred_e_via_km": null}, "geometry": {"type": "Point", "coordinates": [-71.19321875499998, -14.326718454999934]}}, {"type": "Feature", "properties": {"ruta": "PE-28", "dist_corredor_m": 977.5, "peligro": "Inundación", "nivel": "", "dpto": "Ica", "prov": "Pisco", "cenepred_e_via_km": null}, "geometry": {"type": "Point", "coordinates": [-75.98601202299994, -13.719035838999957]}}, {"type": "Feature", "properties": {"ruta": "PE-1S", "dist_corredor_m": 436.2, "peligro": null, "nivel": "", "dpto": "Arequipa", "prov": "Camaná", "cenepred_e_via_km": null}, "geometry": {"type": "Point", "coordinates": [-72.73405103799996, -16.58947418799994]}}, {"type": "Feature", "properties": {"ruta": "PE-22", "dist_corredor_m": 134.3, "peligro": "Inundación", "nivel": null, "dpto": "Lima", "prov": "Lima", "cenepred_e_via_km": null}, "geometry": {"type": "Point", "coordinates": [-76.70845697699997, -11.945105317999946]}}, {"type": "Feature", "properties": {"ruta": "PE-3S", "dist_corredor_m": 89.2, "peligro": "Inundación", "nivel": "", "dpto": "Huancavelica", "prov": "Churcampa", "cenepred_e_via_km": null}, "geometry": {"type": "Point", "coordinates": [-74.58726726099997, -12.681727248999948]}}, {"type": "Feature", "properties": {"ruta": "PE-22", "dist_corredor_m": 113.5, "peligro": "Inundación", "nivel": null, "dpto": "Lima", "prov": "Lima", "cenepred_e_via_km": null}, "geometry": {"type": "Point", "coordinates": [-76.74825612599994, -11.96777194699996]}}, {"type": "Feature", "properties": {"ruta": "PE-22", "dist_corredor_m": 313.7, "peligro": "Erosión fluvial", "nivel": "Alto", "dpto": "Lima", "prov": "Huarochiri", "cenepred_e_via_km": null}, "geometry": {"type": "Point", "coordinates": [-76.42140716499995, -11.865528075999975]}}, {"type": "Feature", "properties": {"ruta": "PE-28", "dist_corredor_m": 227.7, "peligro": "Inundación, flujo de detritos, erosión", "nivel": null, "dpto": "Cusco", "prov": "La Convención", "cenepred_e_via_km": null}, "geometry": {"type": "Point", "coordinates": [-72.66042621699995, -12.979717101999938]}}, {"type": "Feature", "properties": {"ruta": "PE-1S", "dist_corredor_m": 679.3, "peligro": "Inundación", "nivel": "", "dpto": "Arequipa", "prov": "Camaná", "cenepred_e_via_km": null}, "geometry": {"type": "Point", "coordinates": [-72.74303859699995, -16.60283381199997]}}, {"type": "Feature", "properties": {"ruta": "PE-1N", "dist_corredor_m": 512.0, "peligro": "Inundación, flujo de detritos, erosión", "nivel": null, "dpto": "Áncash", "prov": "Huarmey", "cenepred_e_via_km": null}, "geometry": {"type": "Point", "coordinates": [-78.15990146499996, -10.073867482999958]}}, {"type": "Feature", "properties": {"ruta": "PE-1S", "dist_corredor_m": 751.2, "peligro": "Inundación, erosión", "nivel": null, "dpto": "Ica", "prov": "Palpa", "cenepred_e_via_km": null}, "geometry": {"type": "Point", "coordinates": [-75.19728833199997, -14.536526636999952]}}, {"type": "Feature", "properties": {"ruta": "PE-1S", "dist_corredor_m": 336.5, "peligro": "Inundación, flujo de detritos, erosión", "nivel": null, "dpto": "Arequipa", "prov": "Camaná", "cenepred_e_via_km": null}, "geometry": {"type": "Point", "coordinates": [-73.26634217199995, -16.369483723999963]}}, {"type": "Feature", "properties": {"ruta": "PE-1S", "dist_corredor_m": 476.2, "peligro": "Inundación, flujo de detritos, erosión", "nivel": null, "dpto": "Ica", "prov": "Ica", "cenepred_e_via_km": null}, "geometry": {"type": "Point", "coordinates": [-75.71777553799996, -14.086075560999973]}}, {"type": "Feature", "properties": {"ruta": "PE-28", "dist_corredor_m": 348.4, "peligro": "", "nivel": null, "dpto": "Cusco", "prov": "La Convención", "cenepred_e_via_km": null}, "geometry": {"type": "Point", "coordinates": [-72.68755025599995, -12.87991214899995]}}, {"type": "Feature", "properties": {"ruta": "PE-22", "dist_corredor_m": 324.6, "peligro": null, "nivel": "", "dpto": "Lima", "prov": "Lima", "cenepred_e_via_km": null}, "geometry": {"type": "Point", "coordinates": [-76.81325275899997, -11.983997956999929]}}, {"type": "Feature", "properties": {"ruta": "PE-22", "dist_corredor_m": 607.0, "peligro": "Inundación", "nivel": null, "dpto": "Lima", "prov": "Lima", "cenepred_e_via_km": null}, "geometry": {"type": "Point", "coordinates": [-76.76985545399998, -11.981257807999953]}}, {"type": "Feature", "properties": {"ruta": "PE-22", "dist_corredor_m": 477.2, "peligro": "Inundación", "nivel": null, "dpto": "Lima", "prov": "Lima", "cenepred_e_via_km": null}, "geometry": {"type": "Point", "coordinates": [-76.69190804199997, -11.938392332999967]}}, {"type": "Feature", "properties": {"ruta": "PE-3S", "dist_corredor_m": 396.1, "peligro": "Inundación", "nivel": "", "dpto": "Cusco", "prov": "Canchis", "cenepred_e_via_km": null}, "geometry": {"type": "Point", "coordinates": [-71.19383960699997, -14.324806141999943]}}, {"type": "Feature", "properties": {"ruta": "PE-1S", "dist_corredor_m": 395.9, "peligro": null, "nivel": "", "dpto": "Lima", "prov": "Cañete", "cenepred_e_via_km": null}, "geometry": {"type": "Point", "coordinates": [-76.39787975099995, -13.125543647999962]}}, {"type": "Feature", "properties": {"ruta": "PE-1N", "dist_corredor_m": 665.8, "peligro": "", "nivel": null, "dpto": "Áncash", "prov": "Casma", "cenepred_e_via_km": null}, "geometry": {"type": "Point", "coordinates": [-78.35414264299999, -9.450943471999949]}}, {"type": "Feature", "properties": {"ruta": "PE-1S", "dist_corredor_m": 451.3, "peligro": null, "nivel": "", "dpto": "Moquegua", "prov": "Mariscal Nieto", "cenepred_e_via_km": null}, "geometry": {"type": "Point", "coordinates": [-70.98928611299993, -17.28642186099995]}}, {"type": "Feature", "properties": {"ruta": "PE-1S", "dist_corredor_m": 88.1, "peligro": "Inundación", "nivel": null, "dpto": "Lima", "prov": "Lima", "cenepred_e_via_km": null}, "geometry": {"type": "Point", "coordinates": [-76.82039034599995, -12.334252812999978]}}, {"type": "Feature", "properties": {"ruta": "PE-22", "dist_corredor_m": 474.5, "peligro": "Inundación", "nivel": null, "dpto": "Lima", "prov": "Lima", "cenepred_e_via_km": null}, "geometry": {"type": "Point", "coordinates": [-76.70276137399998, -11.937338465999972]}}, {"type": "Feature", "properties": {"ruta": "PE-28", "dist_corredor_m": 278.4, "peligro": "Inundación", "nivel": "", "dpto": "Ica", "prov": "Pisco", "cenepred_e_via_km": null}, "geometry": {"type": "Point", "coordinates": [-75.84823873399995, -13.716843862999951]}}, {"type": "Feature", "properties": {"ruta": "PE-1S", "dist_corredor_m": 344.9, "peligro": "Inundación, flujo de detritos, erosión", "nivel": null, "dpto": "Ica", "prov": "Nasca", "cenepred_e_via_km": null}, "geometry": {"type": "Point", "coordinates": [-75.15781105499997, -14.678101322999964]}}, {"type": "Feature", "properties": {"ruta": "PE-1S", "dist_corredor_m": 226.2, "peligro": "Inundación", "nivel": "", "dpto": "Ica", "prov": "Ica", "cenepred_e_via_km": null}, "geometry": {"type": "Point", "coordinates": [-75.71908399699998, -14.10163173199993]}}, {"type": "Feature", "properties": {"ruta": "PE-1N", "dist_corredor_m": 940.4, "peligro": "Inundación", "nivel": "", "dpto": "Áncash", "prov": "Casma", "cenepred_e_via_km": null}, "geometry": {"type": "Point", "coordinates": [-78.31480304299998, -9.478988922999974]}}, {"type": "Feature", "properties": {"ruta": "PE-22", "dist_corredor_m": 187.3, "peligro": "Inundación", "nivel": null, "dpto": "Lima", "prov": "Lima", "cenepred_e_via_km": null}, "geometry": {"type": "Point", "coordinates": [-76.84366380499995, -12.001928169999928]}}, {"type": "Feature", "properties": {"ruta": "PE-28", "dist_corredor_m": 184.7, "peligro": "Inundación", "nivel": "", "dpto": "Ica", "prov": "Pisco", "cenepred_e_via_km": null}, "geometry": {"type": "Point", "coordinates": [-75.81021235099996, -13.692930356999966]}}, {"type": "Feature", "properties": {"ruta": "PE-1N", "dist_corredor_m": 942.2, "peligro": "Inundación", "nivel": "Medio", "dpto": "Lima", "prov": "Huaura", "cenepred_e_via_km": null}, "geometry": {"type": "Point", "coordinates": [-77.57630618399998, -11.069403315999978]}}, {"type": "Feature", "properties": {"ruta": "PE-1S", "dist_corredor_m": 227.4, "peligro": "Inundación", "nivel": "", "dpto": "Ica", "prov": "Nasca", "cenepred_e_via_km": null}, "geometry": {"type": "Point", "coordinates": [-74.99085743099994, -14.976872388999936]}}, {"type": "Feature", "properties": {"ruta": "PE-3S", "dist_corredor_m": 717.3, "peligro": "Inundación", "nivel": "", "dpto": "Cusco", "prov": "Anta", "cenepred_e_via_km": null}, "geometry": {"type": "Point", "coordinates": [-72.41653869799995, -13.44554637999994]}}, {"type": "Feature", "properties": {"ruta": "PE-1N", "dist_corredor_m": 444.7, "peligro": "Inundación", "nivel": null, "dpto": "Lima", "prov": "Lima", "cenepred_e_via_km": null}, "geometry": {"type": "Point", "coordinates": [-77.07711662999998, -11.924441385999955]}}, {"type": "Feature", "properties": {"ruta": "PE-28", "dist_corredor_m": 84.2, "peligro": "Inundación, erosión fluvial", "nivel": "Muy alto", "dpto": "Ayacucho", "prov": "La Mar", "cenepred_e_via_km": null}, "geometry": {"type": "Point", "coordinates": [-73.84446669199997, -12.61848020399998]}}, {"type": "Feature", "properties": {"ruta": "PE-22", "dist_corredor_m": 225.9, "peligro": null, "nivel": "", "dpto": "Lima", "prov": "Lima", "cenepred_e_via_km": null}, "geometry": {"type": "Point", "coordinates": [-76.72575007699999, -11.953318649999972]}}, {"type": "Feature", "properties": {"ruta": "PE-22", "dist_corredor_m": 344.8, "peligro": "", "nivel": "", "dpto": "Lima", "prov": "Lima", "cenepred_e_via_km": null}, "geometry": {"type": "Point", "coordinates": [-76.72031695999993, -11.952167782999936]}}, {"type": "Feature", "properties": {"ruta": "PE-22", "dist_corredor_m": 906.5, "peligro": "Inundación", "nivel": null, "dpto": "Lima", "prov": "Lima", "cenepred_e_via_km": null}, "geometry": {"type": "Point", "coordinates": [-76.70123633799994, -11.929879298999936]}}, {"type": "Feature", "properties": {"ruta": "PE-3S", "dist_corredor_m": 205.6, "peligro": "Inundación, erosión", "nivel": "", "dpto": "Cusco", "prov": "Canchis", "cenepred_e_via_km": null}, "geometry": {"type": "Point", "coordinates": [-71.15777852999997, -14.362356268999974]}}, {"type": "Feature", "properties": {"ruta": "PE-3S", "dist_corredor_m": 215.1, "peligro": "Inundación, flujo de detritos, erosión fluvial", "nivel": " ", "dpto": "Cusco", "prov": "Canchis", "cenepred_e_via_km": null}, "geometry": {"type": "Point", "coordinates": [-71.13896296999997, -14.379957704999981]}}, {"type": "Feature", "properties": {"ruta": "PE-28", "dist_corredor_m": 414.4, "peligro": "", "nivel": "Medio", "dpto": "Ica", "prov": "Pisco", "cenepred_e_via_km": null}, "geometry": {"type": "Point", "coordinates": [-75.88704382699996, -13.72694230199994]}}, {"type": "Feature", "properties": {"ruta": "PE-28", "dist_corredor_m": 272.5, "peligro": "Inundación", "nivel": "", "dpto": "Cusco", "prov": "Urubamba", "cenepred_e_via_km": null}, "geometry": {"type": "Point", "coordinates": [-72.10657490599993, -13.313799407999966]}}, {"type": "Feature", "properties": {"ruta": "PE-1N", "dist_corredor_m": 449.3, "peligro": "Inundación, flujo de detritos, erosión", "nivel": "Medio", "dpto": "La Libertad", "prov": "Virú", "cenepred_e_via_km": null}, "geometry": {"type": "Point", "coordinates": [-78.67786264999995, -8.565451275999976]}}, {"type": "Feature", "properties": {"ruta": "PE-1S", "dist_corredor_m": 657.0, "peligro": "Inundación", "nivel": "", "dpto": "Ica", "prov": "Palpa", "cenepred_e_via_km": null}, "geometry": {"type": "Point", "coordinates": [-75.20871416799997, -14.556046444999936]}}, {"type": "Feature", "properties": {"ruta": "PE-28", "dist_corredor_m": 315.9, "peligro": "Inundación, erosión fluvial", "nivel": " ", "dpto": "Cusco", "prov": "La Convención", "cenepred_e_via_km": null}, "geometry": {"type": "Point", "coordinates": [-73.66527294199994, -12.711324486999956]}}, {"type": "Feature", "properties": {"ruta": "PE-28", "dist_corredor_m": 450.6, "peligro": "Inundación", "nivel": "Medio", "dpto": "Cusco", "prov": "Urubamba", "cenepred_e_via_km": null}, "geometry": {"type": "Point", "coordinates": [-72.07044487899998, -13.336434293999957]}}, {"type": "Feature", "properties": {"ruta": "PE-3S", "dist_corredor_m": 61.4, "peligro": "Inundación, erosión fluvial", "nivel": " ", "dpto": "Huancavelica", "prov": "Acobamba", "cenepred_e_via_km": null}, "geometry": {"type": "Point", "coordinates": [-74.33396637299995, -12.847203183999966]}}, {"type": "Feature", "properties": {"ruta": "PE-1S", "dist_corredor_m": 424.8, "peligro": "Inundación", "nivel": "", "dpto": "Moquegua", "prov": "Mariscal Nieto", "cenepred_e_via_km": null}, "geometry": {"type": "Point", "coordinates": [-70.98928681499996, -17.28823784399998]}}, {"type": "Feature", "properties": {"ruta": "PE-1S", "dist_corredor_m": 245.5, "peligro": "Inundación", "nivel": "", "dpto": "Moquegua", "prov": "Mariscal Nieto", "cenepred_e_via_km": null}, "geometry": {"type": "Point", "coordinates": [-70.99151833999997, -17.325167834999945]}}, {"type": "Feature", "properties": {"ruta": "PE-28", "dist_corredor_m": 182.6, "peligro": "Inundación, flujo de detritos, erosión fluvial", "nivel": " ", "dpto": "Cusco", "prov": "La Convención", "cenepred_e_via_km": null}, "geometry": {"type": "Point", "coordinates": [-73.20296970999993, -12.634204572999977]}}, {"type": "Feature", "properties": {"ruta": "PE-3S", "dist_corredor_m": 13.6, "peligro": "Inundación", "nivel": "", "dpto": "Ayacucho", "prov": "Huamanga", "cenepred_e_via_km": null}, "geometry": {"type": "Point", "coordinates": [-74.21561733599998, -13.166093192999938]}}, {"type": "Feature", "properties": {"ruta": "PE-1S", "dist_corredor_m": 863.3, "peligro": "", "nivel": "Medio", "dpto": "Ica", "prov": "Nasca", "cenepred_e_via_km": null}, "geometry": {"type": "Point", "coordinates": [-74.94181969399995, -14.820694697999954]}}, {"type": "Feature", "properties": {"ruta": "PE-1N", "dist_corredor_m": 299.0, "peligro": "Inundación", "nivel": null, "dpto": "Lima", "prov": "Lima", "cenepred_e_via_km": null}, "geometry": {"type": "Point", "coordinates": [-77.01522217099995, -12.042624986999954]}}, {"type": "Feature", "properties": {"ruta": "PE-28", "dist_corredor_m": 101.9, "peligro": "Inundación, erosión fluvial", "nivel": " ", "dpto": "Cusco", "prov": "La Convención", "cenepred_e_via_km": null}, "geometry": {"type": "Point", "coordinates": [-73.66239283499993, -12.707377280999935]}}, {"type": "Feature", "properties": {"ruta": "PE-1S", "dist_corredor_m": 193.9, "peligro": "Inundación, flujo de detritos, erosión", "nivel": null, "dpto": "Arequipa", "prov": "Camaná", "cenepred_e_via_km": null}, "geometry": {"type": "Point", "coordinates": [-73.11500106499994, -16.424883490999946]}}, {"type": "Feature", "properties": {"ruta": "PE-3S", "dist_corredor_m": 7.9, "peligro": "Inundación, flujo de detritos, erosión fluvial", "nivel": " ", "dpto": "Puno", "prov": "Melgar", "cenepred_e_via_km": null}, "geometry": {"type": "Point", "coordinates": [-70.59529135299994, -14.893121855999937]}}, {"type": "Feature", "properties": {"ruta": "PE-28", "dist_corredor_m": 139.0, "peligro": "Inundación, flujo de detritos, erosión", "nivel": null, "dpto": "Huancavelica", "prov": "Huaytará", "cenepred_e_via_km": null}, "geometry": {"type": "Point", "coordinates": [-75.35186078599997, -13.604607]}}, {"type": "Feature", "properties": {"ruta": "PE-3S", "dist_corredor_m": 99.5, "peligro": "Inundación, flujo de detritos, erosión fluvial", "nivel": " ", "dpto": "Cusco", "prov": "Canchis", "cenepred_e_via_km": null}, "geometry": {"type": "Point", "coordinates": [-71.23156297999998, -14.261570655999947]}}, {"type": "Feature", "properties": {"ruta": "PE-3S", "dist_corredor_m": 710.7, "peligro": "Inundación, flujo de detritos, erosión fluvial", "nivel": " ", "dpto": "Cusco", "prov": "Anta", "cenepred_e_via_km": null}, "geometry": {"type": "Point", "coordinates": [-72.13005810299995, -13.466123919999973]}}, {"type": "Feature", "properties": {"ruta": "PE-22", "dist_corredor_m": 161.0, "peligro": null, "nivel": "", "dpto": "Lima", "prov": "Lima", "cenepred_e_via_km": null}, "geometry": {"type": "Point", "coordinates": [-76.80734863199996, -11.983927631999961]}}, {"type": "Feature", "properties": {"ruta": "PE-3S", "dist_corredor_m": 659.9, "peligro": "Inundación, flujo de detritos, erosión fluvial", "nivel": " ", "dpto": "Ayacucho", "prov": "Huanta", "cenepred_e_via_km": null}, "geometry": {"type": "Point", "coordinates": [-74.23770621899996, -12.934531901999947]}}, {"type": "Feature", "properties": {"ruta": "PE-28", "dist_corredor_m": 91.2, "peligro": "Inundación", "nivel": null, "dpto": "Ayacucho", "prov": "Cangallo", "cenepred_e_via_km": null}, "geometry": {"type": "Point", "coordinates": [-74.85517684299998, -13.358309954999982]}}, {"type": "Feature", "properties": {"ruta": "PE-3S", "dist_corredor_m": 293.9, "peligro": "Inundación, erosión", "nivel": "", "dpto": "Cusco", "prov": "Canchis", "cenepred_e_via_km": null}, "geometry": {"type": "Point", "coordinates": [-71.18356400299996, -14.339349364999975]}}, {"type": "Feature", "properties": {"ruta": "PE-28", "dist_corredor_m": 21.1, "peligro": "Inundación, erosión", "nivel": "", "dpto": "Huancavelica", "prov": "Huaytará", "cenepred_e_via_km": null}, "geometry": {"type": "Point", "coordinates": [-75.34461556299993, -13.606208548999973]}}, {"type": "Feature", "properties": {"ruta": "PE-1S", "dist_corredor_m": 782.8, "peligro": "Inundación, flujo de detritos, erosión", "nivel": null, "dpto": "Ica", "prov": "Pisco", "cenepred_e_via_km": null}, "geometry": {"type": "Point", "coordinates": [-76.16460810999996, -13.690838633999931]}}, {"type": "Feature", "properties": {"ruta": "PE-1S", "dist_corredor_m": 236.7, "peligro": "Inundación, erosión", "nivel": "Medio", "dpto": "Arequipa", "prov": "Arequipa", "cenepred_e_via_km": null}, "geometry": {"type": "Point", "coordinates": [-72.12726047299998, -16.341128500999957]}}, {"type": "Feature", "properties": {"ruta": "PE-28", "dist_corredor_m": 116.0, "peligro": "Inundación, flujo de detritos, erosión", "nivel": null, "dpto": "Ica", "prov": "Pisco", "cenepred_e_via_km": null}, "geometry": {"type": "Point", "coordinates": [-75.58815016699998, -13.59293103999994]}}, {"type": "Feature", "properties": {"ruta": "PE-28", "dist_corredor_m": 586.9, "peligro": "Inundación", "nivel": null, "dpto": "Ica", "prov": "Pisco", "cenepred_e_via_km": null}, "geometry": {"type": "Point", "coordinates": [-75.87387012999994, -13.72581390399995]}}, {"type": "Feature", "properties": {"ruta": "PE-1N", "dist_corredor_m": 28.5, "peligro": "", "nivel": "", "dpto": "La Libertad", "prov": "Chepén", "cenepred_e_via_km": null}, "geometry": {"type": "Point", "coordinates": [-79.43088685199996, -7.18797638999996]}}, {"type": "Feature", "properties": {"ruta": "PE-1S", "dist_corredor_m": 652.4, "peligro": "Inundación", "nivel": null, "dpto": "Ica", "prov": "Nasca", "cenepred_e_via_km": null}, "geometry": {"type": "Point", "coordinates": [-75.16016208399998, -14.67973621699997]}}, {"type": "Feature", "properties": {"ruta": "PE-1S", "dist_corredor_m": 544.9, "peligro": "Inundación, erosión fluvial", "nivel": "Alto", "dpto": "Arequipa", "prov": "Islay", "cenepred_e_via_km": null}, "geometry": {"type": "Point", "coordinates": [-71.66570580499996, -17.01911514799997]}}, {"type": "Feature", "properties": {"ruta": "PE-22", "dist_corredor_m": 51.1, "peligro": "Erosión fluvial", "nivel": "Alto", "dpto": "Lima", "prov": "Lima", "cenepred_e_via_km": null}, "geometry": {"type": "Point", "coordinates": [-76.60932367599997, -11.914115720999973]}}, {"type": "Feature", "properties": {"ruta": "PE-28", "dist_corredor_m": 288.0, "peligro": "", "nivel": "Medio", "dpto": "Ica", "prov": "Pisco", "cenepred_e_via_km": null}, "geometry": {"type": "Point", "coordinates": [-75.84847074099997, -13.717069099999947]}}, {"type": "Feature", "properties": {"ruta": "PE-28", "dist_corredor_m": 97.3, "peligro": "Inundación", "nivel": "", "dpto": "Ica", "prov": "Pisco", "cenepred_e_via_km": null}, "geometry": {"type": "Point", "coordinates": [-75.55543283199995, -13.599046101999932]}}, {"type": "Feature", "properties": {"ruta": "PE-1S", "dist_corredor_m": 159.9, "peligro": "Inundación, erosión fluvial", "nivel": "Alto", "dpto": "Arequipa", "prov": "Islay", "cenepred_e_via_km": null}, "geometry": {"type": "Point", "coordinates": [-71.67093344499995, -17.022352010999953]}}, {"type": "Feature", "properties": {"ruta": "PE-22", "dist_corredor_m": 138.9, "peligro": null, "nivel": "", "dpto": "Lima", "prov": "Lima", "cenepred_e_via_km": null}, "geometry": {"type": "Point", "coordinates": [-76.84745553899995, -12.004564375999962]}}, {"type": "Feature", "properties": {"ruta": "PE-28", "dist_corredor_m": 184.1, "peligro": "Inundación, flujo de detritos, erosión fluvial", "nivel": " ", "dpto": "Cusco", "prov": "La Convención", "cenepred_e_via_km": null}, "geometry": {"type": "Point", "coordinates": [-73.20797970899997, -12.637745397999936]}}, {"type": "Feature", "properties": {"ruta": "PE-1N", "dist_corredor_m": 757.0, "peligro": "Inundación", "nivel": "", "dpto": "Áncash", "prov": "Casma", "cenepred_e_via_km": null}, "geometry": {"type": "Point", "coordinates": [-78.31671671099997, -9.475670290999972]}}, {"type": "Feature", "properties": {"ruta": "PE-22", "dist_corredor_m": 206.3, "peligro": "Inundación", "nivel": "", "dpto": "Lima", "prov": "Lima", "cenepred_e_via_km": null}, "geometry": {"type": "Point", "coordinates": [-76.93539763299998, -12.02247183399993]}}, {"type": "Feature", "properties": {"ruta": "PE-1S", "dist_corredor_m": 760.7, "peligro": "Inundación", "nivel": "Medio", "dpto": "Ica", "prov": "Palpa", "cenepred_e_via_km": null}, "geometry": {"type": "Point", "coordinates": [-75.20635633499995, -14.506003592999946]}}, {"type": "Feature", "properties": {"ruta": "PE-28", "dist_corredor_m": 112.6, "peligro": "Inundación, flujo de detritos, erosión", "nivel": null, "dpto": "Cusco", "prov": "La Convención", "cenepred_e_via_km": null}, "geometry": {"type": "Point", "coordinates": [-72.54119994999996, -12.646100100999945]}}, {"type": "Feature", "properties": {"ruta": "PE-28", "dist_corredor_m": 438.0, "peligro": "", "nivel": "", "dpto": "Junín", "prov": "Satipo", "cenepred_e_via_km": null}, "geometry": {"type": "Point", "coordinates": [-74.48728163499999, -11.436456936999946]}}, {"type": "Feature", "properties": {"ruta": "PE-3S", "dist_corredor_m": 467.6, "peligro": "Inundación", "nivel": null, "dpto": "Huancavelica", "prov": "Churcampa", "cenepred_e_via_km": null}, "geometry": {"type": "Point", "coordinates": [-74.37664659999996, -12.815831552999953]}}, {"type": "Feature", "properties": {"ruta": "PE-1S", "dist_corredor_m": 658.3, "peligro": null, "nivel": "", "dpto": "Ica", "prov": "Palpa", "cenepred_e_via_km": null}, "geometry": {"type": "Point", "coordinates": [-75.20866769399998, -14.555983195999943]}}, {"type": "Feature", "properties": {"ruta": "PE-1S", "dist_corredor_m": 917.7, "peligro": null, "nivel": "", "dpto": "Ica", "prov": "Chincha", "cenepred_e_via_km": null}, "geometry": {"type": "Point", "coordinates": [-76.12808952899996, -13.464781383999934]}}, {"type": "Feature", "properties": {"ruta": "PE-3S", "dist_corredor_m": 372.6, "peligro": "", "nivel": "", "dpto": "Cusco", "prov": "Canchis", "cenepred_e_via_km": null}, "geometry": {"type": "Point", "coordinates": [-71.19405343699998, -14.324876452999945]}}, {"type": "Feature", "properties": {"ruta": "PE-28", "dist_corredor_m": 441.2, "peligro": "Inundación", "nivel": "", "dpto": "Ica", "prov": "Pisco", "cenepred_e_via_km": null}, "geometry": {"type": "Point", "coordinates": [-75.81123322099995, -13.699400663999938]}}, {"type": "Feature", "properties": {"ruta": "PE-1N", "dist_corredor_m": 810.1, "peligro": "", "nivel": "", "dpto": "Lima", "prov": "Barranca", "cenepred_e_via_km": null}, "geometry": {"type": "Point", "coordinates": [-77.70385479699996, -10.841338082999926]}}, {"type": "Feature", "properties": {"ruta": "PE-22", "dist_corredor_m": 507.9, "peligro": "Inundación", "nivel": null, "dpto": "Lima", "prov": "Lima", "cenepred_e_via_km": null}, "geometry": {"type": "Point", "coordinates": [-76.75796618499999, -11.977672060999964]}}, {"type": "Feature", "properties": {"ruta": "PE-28", "dist_corredor_m": 459.8, "peligro": "Inundación", "nivel": "", "dpto": "Ica", "prov": "Pisco", "cenepred_e_via_km": null}, "geometry": {"type": "Point", "coordinates": [-75.81237463499997, -13.700563259999967]}}, {"type": "Feature", "properties": {"ruta": "PE-1N", "dist_corredor_m": 81.2, "peligro": "Inundación, flujo de detritos, erosión fluvial", "nivel": " ", "dpto": "La Libertad", "prov": "Pacasmayo", "cenepred_e_via_km": null}, "geometry": {"type": "Point", "coordinates": [-79.41766848999998, -7.482634195999935]}}, {"type": "Feature", "properties": {"ruta": "PE-1S", "dist_corredor_m": 852.4, "peligro": "Inundación, erosión", "nivel": "", "dpto": "Arequipa", "prov": "Camaná", "cenepred_e_via_km": null}, "geometry": {"type": "Point", "coordinates": [-72.74371587299999, -16.605009322999933]}}, {"type": "Feature", "properties": {"ruta": "PE-1S", "dist_corredor_m": 164.5, "peligro": "Inundación", "nivel": null, "dpto": "Ica", "prov": "Palpa", "cenepred_e_via_km": null}, "geometry": {"type": "Point", "coordinates": [-75.18465849199998, -14.53999984199993]}}, {"type": "Feature", "properties": {"ruta": "PE-28", "dist_corredor_m": 67.9, "peligro": "Inundación, flujo de detritos, erosión", "nivel": null, "dpto": "Cusco", "prov": "La Convención", "cenepred_e_via_km": null}, "geometry": {"type": "Point", "coordinates": [-72.64900756699996, -12.991758256999958]}}, {"type": "Feature", "properties": {"ruta": "PE-3S", "dist_corredor_m": 386.8, "peligro": "Inundación", "nivel": "Medio", "dpto": "Cusco", "prov": "Anta", "cenepred_e_via_km": null}, "geometry": {"type": "Point", "coordinates": [-72.06155823899996, -13.486258394999936]}}, {"type": "Feature", "properties": {"ruta": "PE-1S", "dist_corredor_m": 150.4, "peligro": "Inundación", "nivel": "Medio", "dpto": "Ica", "prov": "Palpa", "cenepred_e_via_km": null}, "geometry": {"type": "Point", "coordinates": [-75.25758031799995, -14.501504548999947]}}, {"type": "Feature", "properties": {"ruta": "PE-28", "dist_corredor_m": 644.5, "peligro": "Inundación", "nivel": "", "dpto": "Ica", "prov": "Pisco", "cenepred_e_via_km": null}, "geometry": {"type": "Point", "coordinates": [-75.87932426699996, -13.727675125999951]}}, {"type": "Feature", "properties": {"ruta": "PE-28", "dist_corredor_m": 60.3, "peligro": "Inundación, erosión", "nivel": "", "dpto": "Cusco", "prov": "La Convención", "cenepred_e_via_km": null}, "geometry": {"type": "Point", "coordinates": [-72.64600536899997, -13.007218447999946]}}, {"type": "Feature", "properties": {"ruta": "PE-22", "dist_corredor_m": 782.6, "peligro": "Inundación", "nivel": null, "dpto": "Lima", "prov": "Lima", "cenepred_e_via_km": null}, "geometry": {"type": "Point", "coordinates": [-76.70242665799998, -11.933130765999977]}}, {"type": "Feature", "properties": {"ruta": "PE-3S", "dist_corredor_m": 22.0, "peligro": "Inundación, flujo de detritos, erosión fluvial", "nivel": " ", "dpto": "Cusco", "prov": "Cusco", "cenepred_e_via_km": 0.2}, "geometry": {"type": "Point", "coordinates": [-72.02995749199994, -13.504247177999957]}}, {"type": "Feature", "properties": {"ruta": "PE-3S", "dist_corredor_m": 297.2, "peligro": "Inundación", "nivel": "", "dpto": "Cusco", "prov": "Canchis", "cenepred_e_via_km": null}, "geometry": {"type": "Point", "coordinates": [-71.45408259999994, -14.024679429999935]}}, {"type": "Feature", "properties": {"ruta": "PE-28", "dist_corredor_m": 83.0, "peligro": "Inundación", "nivel": "", "dpto": "Ica", "prov": "Pisco", "cenepred_e_via_km": null}, "geometry": {"type": "Point", "coordinates": [-75.60541420699997, -13.599056234999978]}}, {"type": "Feature", "properties": {"ruta": "PE-22", "dist_corredor_m": 885.7, "peligro": "Inundación", "nivel": null, "dpto": "Lima", "prov": "Lima", "cenepred_e_via_km": null}, "geometry": {"type": "Point", "coordinates": [-76.77202137499995, -11.98453897099995]}}, {"type": "Feature", "properties": {"ruta": "PE-1S", "dist_corredor_m": 342.3, "peligro": "Inundación", "nivel": null, "dpto": "Ica", "prov": "Palpa", "cenepred_e_via_km": null}, "geometry": {"type": "Point", "coordinates": [-75.18725884699995, -14.530603608999968]}}, {"type": "Feature", "properties": {"ruta": "PE-1S", "dist_corredor_m": 27.7, "peligro": "Inundación, flujo de detritos, erosión", "nivel": null, "dpto": "Ica", "prov": "Palpa", "cenepred_e_via_km": null}, "geometry": {"type": "Point", "coordinates": [-75.19003576399996, -14.532581472999937]}}, {"type": "Feature", "properties": {"ruta": "PE-1N", "dist_corredor_m": 509.9, "peligro": "Inundación", "nivel": null, "dpto": "Lima", "prov": "Lima", "cenepred_e_via_km": null}, "geometry": {"type": "Point", "coordinates": [-77.06305046699998, -11.900093152999943]}}, {"type": "Feature", "properties": {"ruta": "PE-1S", "dist_corredor_m": 137.6, "peligro": "Inundación", "nivel": "", "dpto": "Moquegua", "prov": "Mariscal Nieto", "cenepred_e_via_km": null}, "geometry": {"type": "Point", "coordinates": [-70.98943154599993, -17.299078133999956]}}, {"type": "Feature", "properties": {"ruta": "PE-22", "dist_corredor_m": 29.6, "peligro": "Inundación", "nivel": null, "dpto": "Lima", "prov": "Lima", "cenepred_e_via_km": null}, "geometry": {"type": "Point", "coordinates": [-76.90043255199998, -12.01463559399997]}}, {"type": "Feature", "properties": {"ruta": "PE-3S", "dist_corredor_m": 763.9, "peligro": "", "nivel": "", "dpto": "Cusco", "prov": "Canchis", "cenepred_e_via_km": null}, "geometry": {"type": "Point", "coordinates": [-71.26780333199997, -14.247507920999965]}}, {"type": "Feature", "properties": {"ruta": "PE-22", "dist_corredor_m": 865.1, "peligro": "Inundación", "nivel": null, "dpto": "Lima", "prov": "Lima", "cenepred_e_via_km": null}, "geometry": {"type": "Point", "coordinates": [-76.74901151199998, -11.960000355999966]}}, {"type": "Feature", "properties": {"ruta": "PE-3S", "dist_corredor_m": 128.8, "peligro": "Inundación", "nivel": "", "dpto": "Junín", "prov": "Jauja", "cenepred_e_via_km": null}, "geometry": {"type": "Point", "coordinates": [-75.54799993399996, -11.796440910999934]}}, {"type": "Feature", "properties": {"ruta": "PE-1S", "dist_corredor_m": 672.0, "peligro": "Inundación", "nivel": "", "dpto": "Ica", "prov": "Nasca", "cenepred_e_via_km": null}, "geometry": {"type": "Point", "coordinates": [-74.94903781099998, -14.834809973999938]}}, {"type": "Feature", "properties": {"ruta": "PE-22", "dist_corredor_m": 484.7, "peligro": "Erosión fluvial", "nivel": "Alto", "dpto": "Lima", "prov": "Lima", "cenepred_e_via_km": null}, "geometry": {"type": "Point", "coordinates": [-76.83421590399996, -11.991101851999929]}}, {"type": "Feature", "properties": {"ruta": "PE-28", "dist_corredor_m": 114.6, "peligro": "Inundación, erosión", "nivel": "", "dpto": "Cusco", "prov": "Calca", "cenepred_e_via_km": null}, "geometry": {"type": "Point", "coordinates": [-71.89682751999999, -13.403349744999957]}}, {"type": "Feature", "properties": {"ruta": "PE-1S", "dist_corredor_m": 395.9, "peligro": "Inundación", "nivel": "", "dpto": "Lima", "prov": "Cañete", "cenepred_e_via_km": null}, "geometry": {"type": "Point", "coordinates": [-76.39787975099995, -13.125543647999962]}}, {"type": "Feature", "properties": {"ruta": "PE-1S", "dist_corredor_m": 559.8, "peligro": "Inundación, erosión fluvial", "nivel": "Alto", "dpto": "Arequipa", "prov": "Islay", "cenepred_e_via_km": null}, "geometry": {"type": "Point", "coordinates": [-71.66555423199998, -17.019017789999964]}}, {"type": "Feature", "properties": {"ruta": "PE-1S", "dist_corredor_m": 219.4, "peligro": null, "nivel": "", "dpto": "Moquegua", "prov": "Mariscal Nieto", "cenepred_e_via_km": null}, "geometry": {"type": "Point", "coordinates": [-70.98781525699997, -17.240458331999946]}}, {"type": "Feature", "properties": {"ruta": "PE-3S", "dist_corredor_m": 599.2, "peligro": "Inundación", "nivel": "", "dpto": "Cusco", "prov": "Quispicanchi", "cenepred_e_via_km": null}, "geometry": {"type": "Point", "coordinates": [-71.65297355899997, -13.677005452999936]}}, {"type": "Feature", "properties": {"ruta": "PE-1S", "dist_corredor_m": 636.2, "peligro": null, "nivel": "", "dpto": "Moquegua", "prov": "Mariscal Nieto", "cenepred_e_via_km": null}, "geometry": {"type": "Point", "coordinates": [-70.99000663999993, -17.27558201599993]}}, {"type": "Feature", "properties": {"ruta": "PE-1S", "dist_corredor_m": 310.0, "peligro": "Inundación, erosión", "nivel": "", "dpto": "Arequipa", "prov": "Islay", "cenepred_e_via_km": null}, "geometry": {"type": "Point", "coordinates": [-71.67781789199995, -17.023923197999977]}}, {"type": "Feature", "properties": {"ruta": "PE-1S", "dist_corredor_m": 357.6, "peligro": "Inundación, flujo de detritos, erosión", "nivel": null, "dpto": "Ica", "prov": "Palpa", "cenepred_e_via_km": null}, "geometry": {"type": "Point", "coordinates": [-75.19271954399994, -14.534134428999948]}}, {"type": "Feature", "properties": {"ruta": "PE-22", "dist_corredor_m": 218.5, "peligro": "Inundación", "nivel": null, "dpto": "Lima", "prov": "Lima", "cenepred_e_via_km": null}, "geometry": {"type": "Point", "coordinates": [-76.78205637899998, -11.97643837399994]}}, {"type": "Feature", "properties": {"ruta": "PE-1N", "dist_corredor_m": 654.5, "peligro": "Inundación", "nivel": "", "dpto": "Áncash", "prov": "Casma", "cenepred_e_via_km": null}, "geometry": {"type": "Point", "coordinates": [-78.35391376699994, -9.451122460999954]}}, {"type": "Feature", "properties": {"ruta": "PE-1N", "dist_corredor_m": 187.3, "peligro": "Inundación", "nivel": null, "dpto": "Lima", "prov": "Lima", "cenepred_e_via_km": null}, "geometry": {"type": "Point", "coordinates": [-77.02039448499994, -12.044043658999954]}}, {"type": "Feature", "properties": {"ruta": "PE-28", "dist_corredor_m": 937.4, "peligro": "Inundación", "nivel": null, "dpto": "Ica", "prov": "Pisco", "cenepred_e_via_km": null}, "geometry": {"type": "Point", "coordinates": [-75.97304274099997, -13.724801187999958]}}, {"type": "Feature", "properties": {"ruta": "PE-22", "dist_corredor_m": 934.8, "peligro": "Inundación", "nivel": null, "dpto": "Lima", "prov": "Lima", "cenepred_e_via_km": null}, "geometry": {"type": "Point", "coordinates": [-76.94693632299999, -12.011204377999945]}}, {"type": "Feature", "properties": {"ruta": "PE-28", "dist_corredor_m": 202.3, "peligro": "Inundación, flujo de detritos, erosión fluvial", "nivel": " ", "dpto": "Cusco", "prov": "Calca", "cenepred_e_via_km": null}, "geometry": {"type": "Point", "coordinates": [-71.81787277699993, -13.462215235999963]}}, {"type": "Feature", "properties": {"ruta": "PE-3S", "dist_corredor_m": 806.3, "peligro": "", "nivel": "", "dpto": "Ayacucho", "prov": "Huamanga", "cenepred_e_via_km": null}, "geometry": {"type": "Point", "coordinates": [-74.23492625699998, -13.077640275999954]}}, {"type": "Feature", "properties": {"ruta": "PE-1N", "dist_corredor_m": 573.8, "peligro": null, "nivel": "", "dpto": "Áncash", "prov": "Huarmey", "cenepred_e_via_km": null}, "geometry": {"type": "Point", "coordinates": [-78.16038196399995, -10.074169737999966]}}, {"type": "Feature", "properties": {"ruta": "PE-28", "dist_corredor_m": 376.7, "peligro": "Inundación, erosión", "nivel": "", "dpto": "Cusco", "prov": "La Convención", "cenepred_e_via_km": null}, "geometry": {"type": "Point", "coordinates": [-73.95355791299994, -12.260443881999947]}}, {"type": "Feature", "properties": {"ruta": "PE-22", "dist_corredor_m": 208.5, "peligro": "Inundación", "nivel": " ", "dpto": "Lima", "prov": "Lima", "cenepred_e_via_km": null}, "geometry": {"type": "Point", "coordinates": [-76.68332741199998, -11.926010118999955]}}, {"type": "Feature", "properties": {"ruta": "PE-3S", "dist_corredor_m": 647.2, "peligro": "", "nivel": "", "dpto": "Cusco", "prov": "Canchis", "cenepred_e_via_km": null}, "geometry": {"type": "Point", "coordinates": [-71.20036259399996, -14.309475151999948]}}, {"type": "Feature", "properties": {"ruta": "PE-28", "dist_corredor_m": 204.3, "peligro": "", "nivel": "", "dpto": "Cusco", "prov": "La Convención", "cenepred_e_via_km": null}, "geometry": {"type": "Point", "coordinates": [-72.70350041599994, -12.84878718799996]}}, {"type": "Feature", "properties": {"ruta": "PE-3S", "dist_corredor_m": 170.5, "peligro": "", "nivel": "", "dpto": "Apurímac", "prov": "Andahuaylas", "cenepred_e_via_km": null}, "geometry": {"type": "Point", "coordinates": [-73.41512047899994, -13.662155619999965]}}, {"type": "Feature", "properties": {"ruta": "PE-22", "dist_corredor_m": 346.2, "peligro": "Inundación", "nivel": "", "dpto": "Lima", "prov": "Lima", "cenepred_e_via_km": null}, "geometry": {"type": "Point", "coordinates": [-76.81373023199995, -11.984003904999952]}}, {"type": "Feature", "properties": {"ruta": "PE-1N", "dist_corredor_m": 261.8, "peligro": "Inundación", "nivel": null, "dpto": "Lima", "prov": "Lima", "cenepred_e_via_km": null}, "geometry": {"type": "Point", "coordinates": [-77.06531335799997, -11.903312787999937]}}, {"type": "Feature", "properties": {"ruta": "PE-28", "dist_corredor_m": 444.0, "peligro": "Inundación, flujo de detritos, erosión fluvial", "nivel": " ", "dpto": "Cusco", "prov": "La Convención", "cenepred_e_via_km": null}, "geometry": {"type": "Point", "coordinates": [-72.69175649999994, -12.623275403999969]}}, {"type": "Feature", "properties": {"ruta": "PE-22", "dist_corredor_m": 225.9, "peligro": null, "nivel": "", "dpto": "Lima", "prov": "Lima", "cenepred_e_via_km": null}, "geometry": {"type": "Point", "coordinates": [-76.72575007699999, -11.953318649999972]}}, {"type": "Feature", "properties": {"ruta": "PE-3S", "dist_corredor_m": 508.4, "peligro": "Inundación", "nivel": null, "dpto": "Puno", "prov": "Chucuito", "cenepred_e_via_km": null}, "geometry": {"type": "Point", "coordinates": [-69.27456694399996, -16.308137014999943]}}, {"type": "Feature", "properties": {"ruta": "PE-28", "dist_corredor_m": 444.1, "peligro": "Inundación, flujo de detritos, erosión", "nivel": null, "dpto": "Ica", "prov": "Pisco", "cenepred_e_via_km": null}, "geometry": {"type": "Point", "coordinates": [-75.87956679099995, -13.725748475999978]}}, {"type": "Feature", "properties": {"ruta": "PE-3S", "dist_corredor_m": 762.6, "peligro": "Inundación, flujo de detritos, erosión", "nivel": " ", "dpto": "Junín", "prov": "Jauja", "cenepred_e_via_km": null}, "geometry": {"type": "Point", "coordinates": [-75.43229228899997, -11.816191837999952]}}, {"type": "Feature", "properties": {"ruta": "PE-22", "dist_corredor_m": 241.1, "peligro": "Inundación", "nivel": " ", "dpto": "Lima", "prov": "Lima", "cenepred_e_via_km": null}, "geometry": {"type": "Point", "coordinates": [-76.70124305699994, -11.943810549999966]}}, {"type": "Feature", "properties": {"ruta": "PE-28", "dist_corredor_m": 5.0, "peligro": "Inundación, erosión fluvial", "nivel": "Alto", "dpto": "Cusco", "prov": "La Convención", "cenepred_e_via_km": null}, "geometry": {"type": "Point", "coordinates": [-73.74703477799994, -12.595157968999956]}}, {"type": "Feature", "properties": {"ruta": "PE-1S", "dist_corredor_m": 893.9, "peligro": "Inundación, erosión", "nivel": "", "dpto": "Lima", "prov": "Lima", "cenepred_e_via_km": null}, "geometry": {"type": "Point", "coordinates": [-76.82748642799999, -12.336727222999968]}}, {"type": "Feature", "properties": {"ruta": "PE-28", "dist_corredor_m": 441.2, "peligro": "Inundación, flujo de detritos, erosión fluvial", "nivel": " ", "dpto": "Cusco", "prov": "La Convención", "cenepred_e_via_km": null}, "geometry": {"type": "Point", "coordinates": [-72.68133585299995, -12.618730184999947]}}, {"type": "Feature", "properties": {"ruta": "PE-1N", "dist_corredor_m": 9.2, "peligro": null, "nivel": "", "dpto": "La Libertad", "prov": "Virú", "cenepred_e_via_km": null}, "geometry": {"type": "Point", "coordinates": [-78.67419033899995, -8.557123138999941]}}, {"type": "Feature", "properties": {"ruta": "PE-28", "dist_corredor_m": 251.0, "peligro": "Inundación, erosión fluvial", "nivel": "Muy alto", "dpto": "Ayacucho", "prov": "La Mar", "cenepred_e_via_km": null}, "geometry": {"type": "Point", "coordinates": [-73.79076639299996, -12.626249236999968]}}, {"type": "Feature", "properties": {"ruta": "PE-28", "dist_corredor_m": 96.9, "peligro": "Inundación", "nivel": "", "dpto": "Ica", "prov": "Pisco", "cenepred_e_via_km": null}, "geometry": {"type": "Point", "coordinates": [-75.77246759899998, -13.668015117999971]}}, {"type": "Feature", "properties": {"ruta": "PE-3S", "dist_corredor_m": 474.6, "peligro": "Inundación", "nivel": null, "dpto": "Puno", "prov": "Chucuito", "cenepred_e_via_km": null}, "geometry": {"type": "Point", "coordinates": [-69.09348314499994, -16.51288017899998]}}, {"type": "Feature", "properties": {"ruta": "PE-1N", "dist_corredor_m": 562.4, "peligro": "", "nivel": "", "dpto": "Piura", "prov": "Sullana", "cenepred_e_via_km": null}, "geometry": {"type": "Point", "coordinates": [-80.88643687299998, -4.838957498999946]}}, {"type": "Feature", "properties": {"ruta": "PE-28", "dist_corredor_m": 287.9, "peligro": "Inundación, flujo de detritos, erosión", "nivel": null, "dpto": "Huancavelica", "prov": "Huaytará", "cenepred_e_via_km": null}, "geometry": {"type": "Point", "coordinates": [-75.35079978299996, -13.606028111999933]}}, {"type": "Feature", "properties": {"ruta": "PE-1S", "dist_corredor_m": 639.6, "peligro": "Inundación", "nivel": null, "dpto": "Lima", "prov": "Lima", "cenepred_e_via_km": null}, "geometry": {"type": "Point", "coordinates": [-76.82494776599998, -12.336545368999964]}}, {"type": "Feature", "properties": {"ruta": "PE-22", "dist_corredor_m": 851.9, "peligro": "Inundación", "nivel": null, "dpto": "Lima", "prov": "Lima", "cenepred_e_via_km": null}, "geometry": {"type": "Point", "coordinates": [-76.75022481999997, -11.961126013999944]}}, {"type": "Feature", "properties": {"ruta": "PE-1S", "dist_corredor_m": 484.2, "peligro": "Inundación, flujo de detritos, erosión", "nivel": null, "dpto": "Moquegua", "prov": "Mariscal Nieto", "cenepred_e_via_km": null}, "geometry": {"type": "Point", "coordinates": [-70.98985409399995, -17.242958879999946]}}, {"type": "Feature", "properties": {"ruta": "PE-22", "dist_corredor_m": 127.0, "peligro": null, "nivel": "", "dpto": "Lima", "prov": "Lima", "cenepred_e_via_km": null}, "geometry": {"type": "Point", "coordinates": [-76.71034716099996, -11.943478224999978]}}, {"type": "Feature", "properties": {"ruta": "PE-28", "dist_corredor_m": 43.1, "peligro": "Inundación", "nivel": "", "dpto": "Ica", "prov": "Pisco", "cenepred_e_via_km": null}, "geometry": {"type": "Point", "coordinates": [-75.55609889299996, -13.599261621999972]}}, {"type": "Feature", "properties": {"ruta": "PE-28", "dist_corredor_m": 408.9, "peligro": "Inundación", "nivel": "", "dpto": "Ica", "prov": "Pisco", "cenepred_e_via_km": null}, "geometry": {"type": "Point", "coordinates": [-75.80451851199996, -13.69090556599997]}}, {"type": "Feature", "properties": {"ruta": "PE-3S", "dist_corredor_m": 194.7, "peligro": "Inundación, flujo de detritos, erosión", "nivel": null, "dpto": "Huancavelica", "prov": "Churcampa", "cenepred_e_via_km": null}, "geometry": {"type": "Point", "coordinates": [-74.54082734899998, -12.74392166499996]}}, {"type": "Feature", "properties": {"ruta": "PE-1S", "dist_corredor_m": 653.8, "peligro": null, "nivel": "", "dpto": "Ica", "prov": "Palpa", "cenepred_e_via_km": null}, "geometry": {"type": "Point", "coordinates": [-75.21426293599995, -14.56326560399998]}}, {"type": "Feature", "properties": {"ruta": "PE-28", "dist_corredor_m": 902.9, "peligro": "Inundación", "nivel": "", "dpto": "Ica", "prov": "Pisco", "cenepred_e_via_km": null}, "geometry": {"type": "Point", "coordinates": [-75.91506433099994, -13.738457963999963]}}, {"type": "Feature", "properties": {"ruta": "PE-3S", "dist_corredor_m": 789.6, "peligro": "Inundación", "nivel": null, "dpto": "Apurímac", "prov": "Andahuaylas", "cenepred_e_via_km": null}, "geometry": {"type": "Point", "coordinates": [-73.36219508299996, -13.65911813799994]}}, {"type": "Feature", "properties": {"ruta": "PE-28", "dist_corredor_m": 96.3, "peligro": "Inundación", "nivel": "", "dpto": "Ica", "prov": "Pisco", "cenepred_e_via_km": null}, "geometry": {"type": "Point", "coordinates": [-75.59963621399999, -13.598807995999948]}}, {"type": "Feature", "properties": {"ruta": "PE-3S", "dist_corredor_m": 310.0, "peligro": "Inundación", "nivel": "", "dpto": "Apurímac", "prov": "Andahuaylas", "cenepred_e_via_km": null}, "geometry": {"type": "Point", "coordinates": [-73.36377505499996, -13.651165247999927]}}, {"type": "Feature", "properties": {"ruta": "PE-28", "dist_corredor_m": 319.0, "peligro": "Inundación, flujo de detritos, erosión", "nivel": null, "dpto": "Ica", "prov": "Pisco", "cenepred_e_via_km": null}, "geometry": {"type": "Point", "coordinates": [-75.84031040399998, -13.713444281999955]}}, {"type": "Feature", "properties": {"ruta": "PE-1S", "dist_corredor_m": 856.7, "peligro": null, "nivel": "", "dpto": "Lima", "prov": "Cañete", "cenepred_e_via_km": null}, "geometry": {"type": "Point", "coordinates": [-76.65032441499994, -12.662099789999957]}}, {"type": "Feature", "properties": {"ruta": "PE-1S", "dist_corredor_m": 349.5, "peligro": null, "nivel": "", "dpto": "Moquegua", "prov": "Mariscal Nieto", "cenepred_e_via_km": null}, "geometry": {"type": "Point", "coordinates": [-70.97158545599996, -17.212817708999978]}}, {"type": "Feature", "properties": {"ruta": "PE-22", "dist_corredor_m": 273.6, "peligro": null, "nivel": "", "dpto": "Lima", "prov": "Lima", "cenepred_e_via_km": null}, "geometry": {"type": "Point", "coordinates": [-76.80837612699997, -11.983803492999982]}}, {"type": "Feature", "properties": {"ruta": "PE-3S", "dist_corredor_m": 221.1, "peligro": "Inundación", "nivel": "", "dpto": "Cusco", "prov": "Quispicanchi", "cenepred_e_via_km": null}, "geometry": {"type": "Point", "coordinates": [-71.51945536099998, -13.859202216999961]}}, {"type": "Feature", "properties": {"ruta": "PE-3S", "dist_corredor_m": 330.6, "peligro": "Inundación", "nivel": "Alto", "dpto": "Ayacucho", "prov": "Huanta", "cenepred_e_via_km": null}, "geometry": {"type": "Point", "coordinates": [-74.26371421399995, -12.933593867999946]}}, {"type": "Feature", "properties": {"ruta": "PE-1S", "dist_corredor_m": 382.6, "peligro": null, "nivel": "", "dpto": "Moquegua", "prov": "Mariscal Nieto", "cenepred_e_via_km": null}, "geometry": {"type": "Point", "coordinates": [-70.97152532399997, -17.212465935999944]}}, {"type": "Feature", "properties": {"ruta": "PE-28", "dist_corredor_m": 92.6, "peligro": "Inundación", "nivel": "", "dpto": "Ica", "prov": "Pisco", "cenepred_e_via_km": null}, "geometry": {"type": "Point", "coordinates": [-75.83811167499994, -13.711471691999975]}}, {"type": "Feature", "properties": {"ruta": "PE-28", "dist_corredor_m": 944.0, "peligro": "Inundación", "nivel": "", "dpto": "Ayacucho", "prov": "La Mar", "cenepred_e_via_km": null}, "geometry": {"type": "Point", "coordinates": [-73.68903161199995, -12.693370508999976]}}, {"type": "Feature", "properties": {"ruta": "PE-3S", "dist_corredor_m": 685.1, "peligro": "Inundación, flujo de detritos, erosión fluvial", "nivel": " ", "dpto": "Puno", "prov": "Lampa", "cenepred_e_via_km": 1.8}, "geometry": {"type": "Point", "coordinates": [-70.23480146999998, -15.299016866999978]}}, {"type": "Feature", "properties": {"ruta": "PE-1S", "dist_corredor_m": 513.1, "peligro": "Inundación", "nivel": null, "dpto": "Lima", "prov": "Cañete", "cenepred_e_via_km": null}, "geometry": {"type": "Point", "coordinates": [-76.65694748399994, -12.674135411999941]}}, {"type": "Feature", "properties": {"ruta": "PE-28", "dist_corredor_m": 389.3, "peligro": "Inundación, erosión", "nivel": "", "dpto": "Ayacucho", "prov": "La Mar", "cenepred_e_via_km": null}, "geometry": {"type": "Point", "coordinates": [-74.02762346499998, -12.948788405999949]}}, {"type": "Feature", "properties": {"ruta": "PE-22", "dist_corredor_m": 33.0, "peligro": "", "nivel": "", "dpto": "Lima", "prov": "Lima", "cenepred_e_via_km": null}, "geometry": {"type": "Point", "coordinates": [-76.74566390099994, -11.967758300999947]}}, {"type": "Feature", "properties": {"ruta": "PE-3S", "dist_corredor_m": 157.1, "peligro": "Inundación", "nivel": null, "dpto": "Apurímac", "prov": "Andahuaylas", "cenepred_e_via_km": null}, "geometry": {"type": "Point", "coordinates": [-73.36526106899998, -13.652811091999979]}}, {"type": "Feature", "properties": {"ruta": "PE-28", "dist_corredor_m": 65.8, "peligro": "Inundación, flujo de detritos, erosión fluvial", "nivel": " ", "dpto": "Cusco", "prov": "Urubamba", "cenepred_e_via_km": null}, "geometry": {"type": "Point", "coordinates": [-72.25972601299998, -13.263007022999943]}}, {"type": "Feature", "properties": {"ruta": "PE-1S", "dist_corredor_m": 197.2, "peligro": "Inundación", "nivel": "Alto", "dpto": "Arequipa", "prov": "Caravelí", "cenepred_e_via_km": null}, "geometry": {"type": "Point", "coordinates": [-74.52352499799997, -15.675454994999939]}}, {"type": "Feature", "properties": {"ruta": "PE-1S", "dist_corredor_m": 203.8, "peligro": "Inundación", "nivel": "", "dpto": "Ica", "prov": "Chincha", "cenepred_e_via_km": null}, "geometry": {"type": "Point", "coordinates": [-76.14384921699997, -13.513439834999929]}}, {"type": "Feature", "properties": {"ruta": "PE-22", "dist_corredor_m": 155.5, "peligro": "Inundación", "nivel": null, "dpto": "Lima", "prov": "Lima", "cenepred_e_via_km": null}, "geometry": {"type": "Point", "coordinates": [-76.69201467999994, -11.933859174999952]}}, {"type": "Feature", "properties": {"ruta": "PE-3S", "dist_corredor_m": 868.4, "peligro": "Inundación, flujo de detritos, erosión", "nivel": null, "dpto": "Puno", "prov": "El Collao", "cenepred_e_via_km": null}, "geometry": {"type": "Point", "coordinates": [-69.57088590799998, -16.133888743999933]}}, {"type": "Feature", "properties": {"ruta": "PE-3S", "dist_corredor_m": 135.3, "peligro": "Inundación, erosión fluvial", "nivel": " ", "dpto": "Huancavelica", "prov": "Acobamba", "cenepred_e_via_km": null}, "geometry": {"type": "Point", "coordinates": [-74.32876178499998, -12.867218521999973]}}, {"type": "Feature", "properties": {"ruta": "PE-3S", "dist_corredor_m": 687.4, "peligro": "", "nivel": "", "dpto": "Ayacucho", "prov": "Huanta", "cenepred_e_via_km": null}, "geometry": {"type": "Point", "coordinates": [-74.23932295199995, -12.948578900999962]}}, {"type": "Feature", "properties": {"ruta": "PE-28", "dist_corredor_m": 227.8, "peligro": "Inundación, erosión", "nivel": "", "dpto": "Cusco", "prov": "La Convención", "cenepred_e_via_km": null}, "geometry": {"type": "Point", "coordinates": [-73.89233877999999, -12.39377546999998]}}, {"type": "Feature", "properties": {"ruta": "PE-28", "dist_corredor_m": 576.3, "peligro": null, "nivel": "", "dpto": "Huancavelica", "prov": "Huaytará", "cenepred_e_via_km": null}, "geometry": {"type": "Point", "coordinates": [-75.37641543999996, -13.59989632199995]}}, {"type": "Feature", "properties": {"ruta": "PE-3S", "dist_corredor_m": 231.0, "peligro": null, "nivel": "", "dpto": "Cusco", "prov": "Quispicanchi", "cenepred_e_via_km": null}, "geometry": {"type": "Point", "coordinates": [-71.55317142999996, -13.800223681999967]}}, {"type": "Feature", "properties": {"ruta": "PE-22", "dist_corredor_m": 161.1, "peligro": "Inundación", "nivel": null, "dpto": "Lima", "prov": "Lima", "cenepred_e_via_km": null}, "geometry": {"type": "Point", "coordinates": [-76.69211916399996, -11.934059720999926]}}, {"type": "Feature", "properties": {"ruta": "PE-28", "dist_corredor_m": 33.6, "peligro": "Inundación", "nivel": "", "dpto": "Ica", "prov": "Pisco", "cenepred_e_via_km": null}, "geometry": {"type": "Point", "coordinates": [-75.55620078599998, -13.599351813999931]}}, {"type": "Feature", "properties": {"ruta": "PE-3S", "dist_corredor_m": 432.1, "peligro": "Inundación, flujo de detritos, erosión fluvial", "nivel": " ", "dpto": "Puno", "prov": "Melgar", "cenepred_e_via_km": null}, "geometry": {"type": "Point", "coordinates": [-70.59999736199995, -14.879712456999982]}}, {"type": "Feature", "properties": {"ruta": "PE-28", "dist_corredor_m": 111.5, "peligro": "Inundación, flujo de detritos, erosión fluvial", "nivel": " ", "dpto": "Cusco", "prov": "Calca", "cenepred_e_via_km": null}, "geometry": {"type": "Point", "coordinates": [-71.94142769799998, -13.346520726999927]}}, {"type": "Feature", "properties": {"ruta": "PE-1S", "dist_corredor_m": 265.2, "peligro": "Inundación", "nivel": null, "dpto": "Lima", "prov": "Lima", "cenepred_e_via_km": null}, "geometry": {"type": "Point", "coordinates": [-76.89895344099995, -12.267413260999945]}}, {"type": "Feature", "properties": {"ruta": "PE-28", "dist_corredor_m": 283.8, "peligro": "", "nivel": "", "dpto": "Ayacucho", "prov": "Huamanga", "cenepred_e_via_km": null}, "geometry": {"type": "Point", "coordinates": [-74.22078084899994, -13.079388286999972]}}, {"type": "Feature", "properties": {"ruta": "PE-28", "dist_corredor_m": 321.6, "peligro": "Inundación, flujo de detritos, erosión", "nivel": null, "dpto": "Ica", "prov": "Pisco", "cenepred_e_via_km": null}, "geometry": {"type": "Point", "coordinates": [-75.92539576399997, -13.736285728999974]}}, {"type": "Feature", "properties": {"ruta": "PE-22", "dist_corredor_m": 33.0, "peligro": "", "nivel": "", "dpto": "Lima", "prov": "Lima", "cenepred_e_via_km": null}, "geometry": {"type": "Point", "coordinates": [-76.74562723599996, -11.967767568999932]}}, {"type": "Feature", "properties": {"ruta": "PE-3S", "dist_corredor_m": 27.0, "peligro": "Inundación", "nivel": "Alto", "dpto": "Ayacucho", "prov": "Huanta", "cenepred_e_via_km": null}, "geometry": {"type": "Point", "coordinates": [-74.25854637399993, -12.932340471999964]}}, {"type": "Feature", "properties": {"ruta": "PE-3S", "dist_corredor_m": 224.2, "peligro": "Inundación, flujo de detritos, erosión fluvial", "nivel": " ", "dpto": "Cusco", "prov": "Quispicanchi", "cenepred_e_via_km": null}, "geometry": {"type": "Point", "coordinates": [-71.55611024099994, -13.797609356999942]}}, {"type": "Feature", "properties": {"ruta": "PE-1S", "dist_corredor_m": 181.5, "peligro": "Inundación, erosión fluvial", "nivel": "Alto", "dpto": "Arequipa", "prov": "Islay", "cenepred_e_via_km": null}, "geometry": {"type": "Point", "coordinates": [-71.68627460899995, -17.026466797999944]}}, {"type": "Feature", "properties": {"ruta": "PE-1N", "dist_corredor_m": 591.7, "peligro": "", "nivel": "Medio", "dpto": "Tumbes", "prov": "Tumbes", "cenepred_e_via_km": null}, "geometry": {"type": "Point", "coordinates": [-80.46440062299996, -3.566655472999969]}}, {"type": "Feature", "properties": {"ruta": "PE-28", "dist_corredor_m": 124.3, "peligro": "Inundación", "nivel": " ", "dpto": "Huancavelica", "prov": "Huaytará", "cenepred_e_via_km": null}, "geometry": {"type": "Point", "coordinates": [-75.34299074499995, -13.601309950999962]}}, {"type": "Feature", "properties": {"ruta": "PE-28", "dist_corredor_m": 549.8, "peligro": "Inundación, erosión", "nivel": "", "dpto": "Ica", "prov": "Pisco", "cenepred_e_via_km": null}, "geometry": {"type": "Point", "coordinates": [-75.87286852599993, -13.725057979999974]}}, {"type": "Feature", "properties": {"ruta": "PE-3S", "dist_corredor_m": 801.6, "peligro": "Inundación, flujo de detritos, erosión fluvial", "nivel": " ", "dpto": "Ayacucho", "prov": "Huanta", "cenepred_e_via_km": null}, "geometry": {"type": "Point", "coordinates": [-74.23591997999995, -12.933830440999941]}}, {"type": "Feature", "properties": {"ruta": "PE-1S", "dist_corredor_m": 288.3, "peligro": null, "nivel": "", "dpto": "Arequipa", "prov": "Islay", "cenepred_e_via_km": null}, "geometry": {"type": "Point", "coordinates": [-71.69112272299998, -17.032011041999965]}}, {"type": "Feature", "properties": {"ruta": "PE-22", "dist_corredor_m": 335.5, "peligro": "Inundación", "nivel": null, "dpto": "Lima", "prov": "Lima", "cenepred_e_via_km": null}, "geometry": {"type": "Point", "coordinates": [-76.76964064299995, -11.971302528999956]}}, {"type": "Feature", "properties": {"ruta": "PE-28", "dist_corredor_m": 829.4, "peligro": "", "nivel": "Medio", "dpto": "Ica", "prov": "Pisco", "cenepred_e_via_km": null}, "geometry": {"type": "Point", "coordinates": [-75.96094402699998, -13.728763335999929]}}, {"type": "Feature", "properties": {"ruta": "PE-28", "dist_corredor_m": 724.6, "peligro": "", "nivel": "", "dpto": "Ica", "prov": "Pisco", "cenepred_e_via_km": null}, "geometry": {"type": "Point", "coordinates": [-75.95642420799999, -13.72938663399998]}}, {"type": "Feature", "properties": {"ruta": "PE-3S", "dist_corredor_m": 707.5, "peligro": "Inundación, erosión", "nivel": "", "dpto": "Cusco", "prov": "Canchis", "cenepred_e_via_km": null}, "geometry": {"type": "Point", "coordinates": [-71.20312588199994, -14.304913546999956]}}, {"type": "Feature", "properties": {"ruta": "PE-1S", "dist_corredor_m": 105.3, "peligro": "Inundación, erosión", "nivel": null, "dpto": "Ica", "prov": "Palpa", "cenepred_e_via_km": null}, "geometry": {"type": "Point", "coordinates": [-75.18924602099997, -14.531650832999958]}}, {"type": "Feature", "properties": {"ruta": "PE-28", "dist_corredor_m": 102.7, "peligro": "Inundación, flujo de detritos, erosión fluvial", "nivel": " ", "dpto": "Cusco", "prov": "Urubamba", "cenepred_e_via_km": null}, "geometry": {"type": "Point", "coordinates": [-72.05428106799997, -13.32996987599995]}}, {"type": "Feature", "properties": {"ruta": "PE-1S", "dist_corredor_m": 969.2, "peligro": "Inundación", "nivel": null, "dpto": "Ica", "prov": "Nasca", "cenepred_e_via_km": null}, "geometry": {"type": "Point", "coordinates": [-75.12380797199995, -14.67799535599994]}}, {"type": "Feature", "properties": {"ruta": "PE-28", "dist_corredor_m": 40.1, "peligro": "Inundación, flujo de detritos, erosión fluvial", "nivel": " ", "dpto": "Cusco", "prov": "Urubamba", "cenepred_e_via_km": null}, "geometry": {"type": "Point", "coordinates": [-72.25198919199994, -13.258876826999938]}}, {"type": "Feature", "properties": {"ruta": "PE-22", "dist_corredor_m": 538.3, "peligro": "Inundación", "nivel": null, "dpto": "Lima", "prov": "Lima", "cenepred_e_via_km": null}, "geometry": {"type": "Point", "coordinates": [-76.72660659899998, -11.946115669999926]}}, {"type": "Feature", "properties": {"ruta": "PE-3S", "dist_corredor_m": 61.3, "peligro": null, "nivel": "", "dpto": "Junín", "prov": "Jauja", "cenepred_e_via_km": null}, "geometry": {"type": "Point", "coordinates": [-75.49019276499996, -11.802867601999935]}}, {"type": "Feature", "properties": {"ruta": "PE-3S", "dist_corredor_m": 181.9, "peligro": "Inundación", "nivel": "Alto", "dpto": "Ayacucho", "prov": "Huanta", "cenepred_e_via_km": null}, "geometry": {"type": "Point", "coordinates": [-74.24844069899996, -12.94235729099995]}}, {"type": "Feature", "properties": {"ruta": "PE-28", "dist_corredor_m": 133.4, "peligro": "Inundación, erosión fluvial", "nivel": " ", "dpto": "Cusco", "prov": "La Convención", "cenepred_e_via_km": null}, "geometry": {"type": "Point", "coordinates": [-73.79203450599994, -12.586016419999964]}}, {"type": "Feature", "properties": {"ruta": "PE-1S", "dist_corredor_m": 253.1, "peligro": "Inundación", "nivel": "", "dpto": "Ica", "prov": "Chincha", "cenepred_e_via_km": null}, "geometry": {"type": "Point", "coordinates": [-76.14412354399997, -13.512841892999973]}}, {"type": "Feature", "properties": {"ruta": "PE-22", "dist_corredor_m": 470.8, "peligro": "Inundación", "nivel": null, "dpto": "Lima", "prov": "Lima", "cenepred_e_via_km": null}, "geometry": {"type": "Point", "coordinates": [-76.71358554599993, -11.950971683999967]}}, {"type": "Feature", "properties": {"ruta": "PE-3S", "dist_corredor_m": 856.7, "peligro": "Inundación, flujo de detritos, erosión", "nivel": null, "dpto": "Apurímac", "prov": "Andahuaylas", "cenepred_e_via_km": null}, "geometry": {"type": "Point", "coordinates": [-73.36318313699996, -13.660598007999965]}}, {"type": "Feature", "properties": {"ruta": "PE-1N", "dist_corredor_m": 575.4, "peligro": null, "nivel": "", "dpto": "Áncash", "prov": "Santa", "cenepred_e_via_km": null}, "geometry": {"type": "Point", "coordinates": [-78.62584442499997, -8.969899704999932]}}, {"type": "Feature", "properties": {"ruta": "PE-3S", "dist_corredor_m": 2.0, "peligro": "Inundación", "nivel": null, "dpto": "Apurímac", "prov": "Andahuaylas", "cenepred_e_via_km": null}, "geometry": {"type": "Point", "coordinates": [-73.36920357699995, -13.649393182999972]}}, {"type": "Feature", "properties": {"ruta": "PE-1S", "dist_corredor_m": 123.3, "peligro": null, "nivel": "", "dpto": "Moquegua", "prov": "Mariscal Nieto", "cenepred_e_via_km": null}, "geometry": {"type": "Point", "coordinates": [-70.97215631399996, -17.215233474999934]}}, {"type": "Feature", "properties": {"ruta": "PE-3S", "dist_corredor_m": 487.5, "peligro": "Inundación, flujo de detritos, erosión", "nivel": null, "dpto": "Cusco", "prov": "Anta", "cenepred_e_via_km": null}, "geometry": {"type": "Point", "coordinates": [-72.40568415099995, -13.461849596999969]}}, {"type": "Feature", "properties": {"ruta": "PE-28", "dist_corredor_m": 535.2, "peligro": "", "nivel": "Alto", "dpto": "Ica", "prov": "Pisco", "cenepred_e_via_km": null}, "geometry": {"type": "Point", "coordinates": [-75.92160752699994, -13.73722209999994]}}, {"type": "Feature", "properties": {"ruta": "PE-22", "dist_corredor_m": 18.7, "peligro": "Inundación", "nivel": null, "dpto": "Lima", "prov": "Lima", "cenepred_e_via_km": null}, "geometry": {"type": "Point", "coordinates": [-76.95257265199996, -12.020650993999936]}}, {"type": "Feature", "properties": {"ruta": "PE-1N", "dist_corredor_m": 843.8, "peligro": "Inundación, flujo de detritos, erosión", "nivel": null, "dpto": "Áncash", "prov": "Casma", "cenepred_e_via_km": null}, "geometry": {"type": "Point", "coordinates": [-78.31109315699996, -9.482077655999944]}}, {"type": "Feature", "properties": {"ruta": "PE-1N", "dist_corredor_m": 427.5, "peligro": "Inundación", "nivel": "", "dpto": "Áncash", "prov": "Casma", "cenepred_e_via_km": null}, "geometry": {"type": "Point", "coordinates": [-78.32482307299995, -9.467238189999932]}}, {"type": "Feature", "properties": {"ruta": "PE-3S", "dist_corredor_m": 413.9, "peligro": "Inundación, erosión fluvial", "nivel": "Muy alto", "dpto": "Puno", "prov": "Melgar", "cenepred_e_via_km": null}, "geometry": {"type": "Point", "coordinates": [-70.78984755099998, -14.60605990099998]}}, {"type": "Feature", "properties": {"ruta": "PE-22", "dist_corredor_m": 80.6, "peligro": "Inundación", "nivel": null, "dpto": "Lima", "prov": "Lima", "cenepred_e_via_km": null}, "geometry": {"type": "Point", "coordinates": [-76.95110068399998, -12.020858412999928]}}, {"type": "Feature", "properties": {"ruta": "PE-28", "dist_corredor_m": 167.8, "peligro": "Inundación", "nivel": "", "dpto": "Ayacucho", "prov": "Huamanga", "cenepred_e_via_km": null}, "geometry": {"type": "Point", "coordinates": [-74.21512019499994, -13.061016085999938]}}, {"type": "Feature", "properties": {"ruta": "PE-3S", "dist_corredor_m": 653.0, "peligro": "Inundación, flujo de detritos, erosión fluvial", "nivel": " ", "dpto": "Cusco", "prov": "Quispicanchi", "cenepred_e_via_km": null}, "geometry": {"type": "Point", "coordinates": [-71.63283846199994, -13.667463949999956]}}, {"type": "Feature", "properties": {"ruta": "PE-1N", "dist_corredor_m": 216.1, "peligro": "Inundación", "nivel": null, "dpto": "Lima", "prov": "Lima", "cenepred_e_via_km": null}, "geometry": {"type": "Point", "coordinates": [-77.00272571599999, -12.028827456999977]}}, {"type": "Feature", "properties": {"ruta": "PE-22", "dist_corredor_m": 265.5, "peligro": "Inundación", "nivel": "", "dpto": "Lima", "prov": "Lima", "cenepred_e_via_km": null}, "geometry": {"type": "Point", "coordinates": [-76.79710073499996, -11.979555249999976]}}, {"type": "Feature", "properties": {"ruta": "PE-3S", "dist_corredor_m": 178.0, "peligro": "Inundación, erosión fluvial", "nivel": "Muy alto", "dpto": "Puno", "prov": "Melgar", "cenepred_e_via_km": null}, "geometry": {"type": "Point", "coordinates": [-70.79081459499997, -14.608165482999937]}}, {"type": "Feature", "properties": {"ruta": "PE-3S", "dist_corredor_m": 559.1, "peligro": "Inundación", "nivel": "", "dpto": "Ayacucho", "prov": "Huamanga", "cenepred_e_via_km": null}, "geometry": {"type": "Point", "coordinates": [-74.21400651999994, -13.173547774999975]}}, {"type": "Feature", "properties": {"ruta": "PE-3S", "dist_corredor_m": 199.0, "peligro": "Inundación, flujo de detritos, erosión fluvial", "nivel": " ", "dpto": "Cusco", "prov": "Canchis", "cenepred_e_via_km": null}, "geometry": {"type": "Point", "coordinates": [-71.41613405299995, -14.120712784999967]}}, {"type": "Feature", "properties": {"ruta": "PE-1S", "dist_corredor_m": 526.8, "peligro": "Inundación, erosión", "nivel": "", "dpto": "Lima", "prov": "Cañete", "cenepred_e_via_km": null}, "geometry": {"type": "Point", "coordinates": [-76.39030523199995, -13.121941463999974]}}, {"type": "Feature", "properties": {"ruta": "PE-28", "dist_corredor_m": 525.9, "peligro": "Inundación, erosión", "nivel": "", "dpto": "Ica", "prov": "Pisco", "cenepred_e_via_km": null}, "geometry": {"type": "Point", "coordinates": [-75.53241689699996, -13.56234080799993]}}, {"type": "Feature", "properties": {"ruta": "PE-1S", "dist_corredor_m": 361.7, "peligro": null, "nivel": "", "dpto": "Moquegua", "prov": "Mariscal Nieto", "cenepred_e_via_km": null}, "geometry": {"type": "Point", "coordinates": [-70.99060944699994, -17.252022343999954]}}, {"type": "Feature", "properties": {"ruta": "PE-1S", "dist_corredor_m": 187.4, "peligro": "Inundación, erosión pluvial", "nivel": null, "dpto": "Arequipa", "prov": "Islay", "cenepred_e_via_km": null}, "geometry": {"type": "Point", "coordinates": [-71.68635008099994, -17.026492893999944]}}, {"type": "Feature", "properties": {"ruta": "PE-28", "dist_corredor_m": 169.6, "peligro": "Inundación", "nivel": " ", "dpto": "Cusco", "prov": "La Convención", "cenepred_e_via_km": null}, "geometry": {"type": "Point", "coordinates": [-73.78418516999994, -12.620680751999942]}}, {"type": "Feature", "properties": {"ruta": "PE-22", "dist_corredor_m": 182.4, "peligro": "Inundación", "nivel": null, "dpto": "Lima", "prov": "Lima", "cenepred_e_via_km": null}, "geometry": {"type": "Point", "coordinates": [-76.73388146599996, -11.95998671999996]}}, {"type": "Feature", "properties": {"ruta": "PE-28", "dist_corredor_m": 34.6, "peligro": "Inundación, erosión fluvial", "nivel": "Muy alto", "dpto": "Ayacucho", "prov": "La Mar", "cenepred_e_via_km": null}, "geometry": {"type": "Point", "coordinates": [-73.84517935099996, -12.617633404999935]}}, {"type": "Feature", "properties": {"ruta": "PE-28", "dist_corredor_m": 84.3, "peligro": "Inundación, flujo de detritos, erosión fluvial", "nivel": " ", "dpto": "Cusco", "prov": "Urubamba", "cenepred_e_via_km": null}, "geometry": {"type": "Point", "coordinates": [-72.03581322699995, -13.32648519999998]}}, {"type": "Feature", "properties": {"ruta": "PE-1N", "dist_corredor_m": 887.4, "peligro": "", "nivel": "", "dpto": "Áncash", "prov": "Huarmey", "cenepred_e_via_km": null}, "geometry": {"type": "Point", "coordinates": [-78.16214507799998, -10.076868006999973]}}, {"type": "Feature", "properties": {"ruta": "PE-1N", "dist_corredor_m": 50.9, "peligro": "Inundación", "nivel": "", "dpto": "Lima", "prov": "Lima", "cenepred_e_via_km": null}, "geometry": {"type": "Point", "coordinates": [-77.07362002899998, -11.917751300999953]}}, {"type": "Feature", "properties": {"ruta": "PE-28", "dist_corredor_m": 142.4, "peligro": null, "nivel": "", "dpto": "Cusco", "prov": "Urubamba", "cenepred_e_via_km": null}, "geometry": {"type": "Point", "coordinates": [-72.05854368699994, -13.332123765999938]}}, {"type": "Feature", "properties": {"ruta": "PE-28", "dist_corredor_m": 34.2, "peligro": "Inundación", "nivel": "Alto", "dpto": "Cusco", "prov": "La Convención", "cenepred_e_via_km": null}, "geometry": {"type": "Point", "coordinates": [-73.92026498299998, -12.369068566999943]}}, {"type": "Feature", "properties": {"ruta": "PE-3S", "dist_corredor_m": 455.0, "peligro": "Inundación, flujo de detritos, erosión fluvial", "nivel": " ", "dpto": "Puno", "prov": "Melgar", "cenepred_e_via_km": null}, "geometry": {"type": "Point", "coordinates": [-70.84814151899997, -14.598765964999927]}}, {"type": "Feature", "properties": {"ruta": "PE-1S", "dist_corredor_m": 554.6, "peligro": "Inundación, erosión pluvial", "nivel": null, "dpto": "Arequipa", "prov": "Islay", "cenepred_e_via_km": null}, "geometry": {"type": "Point", "coordinates": [-71.69061800999998, -17.03479030699998]}}, {"type": "Feature", "properties": {"ruta": "PE-28", "dist_corredor_m": 199.3, "peligro": "Inundación", "nivel": "", "dpto": "Ica", "prov": "Pisco", "cenepred_e_via_km": null}, "geometry": {"type": "Point", "coordinates": [-75.82374815099996, -13.705661156999952]}}, {"type": "Feature", "properties": {"ruta": "PE-3S", "dist_corredor_m": 10.0, "peligro": "Inundación, flujo de detritos, erosión", "nivel": null, "dpto": "Apurímac", "prov": "Andahuaylas", "cenepred_e_via_km": null}, "geometry": {"type": "Point", "coordinates": [-73.37104983099994, -13.648383900999931]}}, {"type": "Feature", "properties": {"ruta": "PE-3S", "dist_corredor_m": 371.0, "peligro": "Inundación", "nivel": "Medio", "dpto": "Ayacucho", "prov": "Huamanga", "cenepred_e_via_km": null}, "geometry": {"type": "Point", "coordinates": [-74.21328002599995, -13.13516293899994]}}, {"type": "Feature", "properties": {"ruta": "PE-3S", "dist_corredor_m": 130.7, "peligro": "Inundación, flujo de detritos, erosión fluvial", "nivel": " ", "dpto": "Cusco", "prov": "Quispicanchi", "cenepred_e_via_km": null}, "geometry": {"type": "Point", "coordinates": [-71.60226386699998, -13.726597518999938]}}, {"type": "Feature", "properties": {"ruta": "PE-1S", "dist_corredor_m": 363.5, "peligro": "Inundación, erosión fluvial", "nivel": "Alto", "dpto": "Arequipa", "prov": "Islay", "cenepred_e_via_km": null}, "geometry": {"type": "Point", "coordinates": [-71.67677675299996, -17.02266349699994]}}, {"type": "Feature", "properties": {"ruta": "PE-1S", "dist_corredor_m": 215.5, "peligro": "Inundación, flujo de detritos, erosión", "nivel": null, "dpto": "Ica", "prov": "Ica", "cenepred_e_via_km": null}, "geometry": {"type": "Point", "coordinates": [-75.71935691499993, -14.102996150999957]}}, {"type": "Feature", "properties": {"ruta": "PE-1S", "dist_corredor_m": 863.0, "peligro": "Inundación", "nivel": "", "dpto": "Lima", "prov": "Cañete", "cenepred_e_via_km": null}, "geometry": {"type": "Point", "coordinates": [-76.38606947199997, -13.123211856999944]}}, {"type": "Feature", "properties": {"ruta": "PE-22", "dist_corredor_m": 112.0, "peligro": "Inundación", "nivel": null, "dpto": "Lima", "prov": "Lima", "cenepred_e_via_km": null}, "geometry": {"type": "Point", "coordinates": [-76.96578074599995, -12.02600535199997]}}, {"type": "Feature", "properties": {"ruta": "PE-1S", "dist_corredor_m": 168.8, "peligro": "Inundación", "nivel": "", "dpto": "Ica", "prov": "Ica", "cenepred_e_via_km": null}, "geometry": {"type": "Point", "coordinates": [-75.71877500599999, -14.094661816999974]}}, {"type": "Feature", "properties": {"ruta": "PE-28", "dist_corredor_m": 497.5, "peligro": "Inundación", "nivel": "Alto", "dpto": "Huancavelica", "prov": "Huaytará", "cenepred_e_via_km": null}, "geometry": {"type": "Point", "coordinates": [-75.25351329199998, -13.57274420799996]}}, {"type": "Feature", "properties": {"ruta": "PE-1S", "dist_corredor_m": 530.3, "peligro": "Inundación, erosión", "nivel": "", "dpto": "Ica", "prov": "Palpa", "cenepred_e_via_km": null}, "geometry": {"type": "Point", "coordinates": [-75.25594293399996, -14.497998221999978]}}, {"type": "Feature", "properties": {"ruta": "PE-1N", "dist_corredor_m": 603.3, "peligro": "Inundación", "nivel": "", "dpto": "Lima", "prov": "Barranca", "cenepred_e_via_km": null}, "geometry": {"type": "Point", "coordinates": [-77.70248309199997, -10.83819701899995]}}, {"type": "Feature", "properties": {"ruta": "PE-1S", "dist_corredor_m": 670.1, "peligro": "Inundación, erosión", "nivel": "Medio", "dpto": "Ica", "prov": "Palpa", "cenepred_e_via_km": null}, "geometry": {"type": "Point", "coordinates": [-75.20187370699995, -14.577471800999945]}}, {"type": "Feature", "properties": {"ruta": "PE-3S", "dist_corredor_m": 847.3, "peligro": "Inundación, flujo de detritos, erosión fluvial", "nivel": " ", "dpto": "Ayacucho", "prov": "Huanta", "cenepred_e_via_km": null}, "geometry": {"type": "Point", "coordinates": [-74.24771654899996, -12.928674572999967]}}, {"type": "Feature", "properties": {"ruta": "PE-28", "dist_corredor_m": 34.8, "peligro": null, "nivel": "", "dpto": "Cusco", "prov": "La Convención", "cenepred_e_via_km": null}, "geometry": {"type": "Point", "coordinates": [-73.05506135099995, -12.649227690999965]}}, {"type": "Feature", "properties": {"ruta": "PE-22", "dist_corredor_m": 175.5, "peligro": "", "nivel": "", "dpto": "Lima", "prov": "Lima", "cenepred_e_via_km": null}, "geometry": {"type": "Point", "coordinates": [-76.68341189099993, -11.925714831999926]}}, {"type": "Feature", "properties": {"ruta": "PE-28", "dist_corredor_m": 547.3, "peligro": "Inundación, flujo de detritos, erosión", "nivel": null, "dpto": "Ica", "prov": "Pisco", "cenepred_e_via_km": null}, "geometry": {"type": "Point", "coordinates": [-75.87293329599999, -13.72506679199995]}}, {"type": "Feature", "properties": {"ruta": "PE-22", "dist_corredor_m": 452.5, "peligro": "Inundación", "nivel": "", "dpto": "Lima", "prov": "Lima", "cenepred_e_via_km": null}, "geometry": {"type": "Point", "coordinates": [-76.76433123499999, -11.978307728999937]}}, {"type": "Feature", "properties": {"ruta": "PE-1S", "dist_corredor_m": 197.6, "peligro": "Inundación, flujo de detritos, erosión", "nivel": null, "dpto": "Ica", "prov": "Nasca", "cenepred_e_via_km": null}, "geometry": {"type": "Point", "coordinates": [-75.14241318199998, -14.68037163799994]}}, {"type": "Feature", "properties": {"ruta": "PE-1S", "dist_corredor_m": 763.4, "peligro": "Inundación, erosión", "nivel": null, "dpto": "Ica", "prov": "Nasca", "cenepred_e_via_km": null}, "geometry": {"type": "Point", "coordinates": [-74.94593690699998, -14.820768032999979]}}, {"type": "Feature", "properties": {"ruta": "PE-1N", "dist_corredor_m": 298.6, "peligro": "Inundación", "nivel": "", "dpto": "Áncash", "prov": "Santa", "cenepred_e_via_km": null}, "geometry": {"type": "Point", "coordinates": [-78.61879127899994, -8.966282509999928]}}, {"type": "Feature", "properties": {"ruta": "PE-3S", "dist_corredor_m": 265.8, "peligro": "Inundación", "nivel": "", "dpto": "Cusco", "prov": "Canchis", "cenepred_e_via_km": null}, "geometry": {"type": "Point", "coordinates": [-71.17048374499996, -14.356330621999973]}}, {"type": "Feature", "properties": {"ruta": "PE-1S", "dist_corredor_m": 425.4, "peligro": null, "nivel": "", "dpto": "Moquegua", "prov": "Mariscal Nieto", "cenepred_e_via_km": null}, "geometry": {"type": "Point", "coordinates": [-70.99034952299996, -17.24619747099996]}}, {"type": "Feature", "properties": {"ruta": "PE-28", "dist_corredor_m": 143.7, "peligro": "Inundación, erosión fluvial", "nivel": "Alto", "dpto": "Cusco", "prov": "La Convención", "cenepred_e_via_km": null}, "geometry": {"type": "Point", "coordinates": [-73.78664305499996, -12.622653859999957]}}, {"type": "Feature", "properties": {"ruta": "PE-28", "dist_corredor_m": 605.5, "peligro": "Inundación", "nivel": "", "dpto": "Cusco", "prov": "Calca", "cenepred_e_via_km": null}, "geometry": {"type": "Point", "coordinates": [-72.02240206199997, -13.304742782999938]}}, {"type": "Feature", "properties": {"ruta": "PE-28", "dist_corredor_m": 447.3, "peligro": "Inundación", "nivel": "", "dpto": "Cusco", "prov": "Calca", "cenepred_e_via_km": null}, "geometry": {"type": "Point", "coordinates": [-71.90099974299994, -13.398135483999965]}}, {"type": "Feature", "properties": {"ruta": "PE-3S", "dist_corredor_m": 142.5, "peligro": "Inundación, flujo de detritos, erosión fluvial", "nivel": " ", "dpto": "Cusco", "prov": "Canchis", "cenepred_e_via_km": null}, "geometry": {"type": "Point", "coordinates": [-71.16874591999994, -14.35296706899993]}}, {"type": "Feature", "properties": {"ruta": "PE-1S", "dist_corredor_m": 504.6, "peligro": "Inundación", "nivel": null, "dpto": "Ica", "prov": "Nasca", "cenepred_e_via_km": null}, "geometry": {"type": "Point", "coordinates": [-75.15892635999995, -14.679149370999937]}}, {"type": "Feature", "properties": {"ruta": "PE-1S", "dist_corredor_m": 982.0, "peligro": "Inundación", "nivel": null, "dpto": "Ica", "prov": "Nasca", "cenepred_e_via_km": null}, "geometry": {"type": "Point", "coordinates": [-75.12473681899996, -14.678094314999953]}}, {"type": "Feature", "properties": {"ruta": "PE-28", "dist_corredor_m": 444.1, "peligro": "Inundación, erosión", "nivel": "", "dpto": "Ica", "prov": "Pisco", "cenepred_e_via_km": null}, "geometry": {"type": "Point", "coordinates": [-75.87956679099995, -13.725748475999978]}}, {"type": "Feature", "properties": {"ruta": "PE-3S", "dist_corredor_m": 287.5, "peligro": "Inundación, flujo de detritos, erosión fluvial", "nivel": " ", "dpto": "Ayacucho", "prov": "Huanta", "cenepred_e_via_km": null}, "geometry": {"type": "Point", "coordinates": [-74.26895209399999, -12.917133883999952]}}, {"type": "Feature", "properties": {"ruta": "PE-28", "dist_corredor_m": 18.4, "peligro": "Inundación, erosión fluvial", "nivel": "Muy alto", "dpto": "Ayacucho", "prov": "La Mar", "cenepred_e_via_km": null}, "geometry": {"type": "Point", "coordinates": [-73.84526885499997, -12.618203393999977]}}, {"type": "Feature", "properties": {"ruta": "PE-3S", "dist_corredor_m": 972.4, "peligro": "Inundación, flujo de detritos, erosión fluvial", "nivel": " ", "dpto": "Cusco", "prov": "Cusco", "cenepred_e_via_km": 0.2}, "geometry": {"type": "Point", "coordinates": [-72.03317140199994, -13.512287159999971]}}, {"type": "Feature", "properties": {"ruta": "PE-1S", "dist_corredor_m": 315.6, "peligro": "Inundación, flujo de detritos, erosión", "nivel": null, "dpto": "Moquegua", "prov": "Mariscal Nieto", "cenepred_e_via_km": null}, "geometry": {"type": "Point", "coordinates": [-70.99182723899997, -17.320665462999955]}}, {"type": "Feature", "properties": {"ruta": "PE-1S", "dist_corredor_m": 184.5, "peligro": "Inundación", "nivel": null, "dpto": "Ica", "prov": "Ica", "cenepred_e_via_km": null}, "geometry": {"type": "Point", "coordinates": [-75.71864089699994, -14.09620827799995]}}, {"type": "Feature", "properties": {"ruta": "PE-22", "dist_corredor_m": 205.5, "peligro": null, "nivel": "", "dpto": "Lima", "prov": "Lima", "cenepred_e_via_km": null}, "geometry": {"type": "Point", "coordinates": [-76.77387256499998, -11.97404454599996]}}, {"type": "Feature", "properties": {"ruta": "PE-22", "dist_corredor_m": 159.5, "peligro": "Inundación", "nivel": " ", "dpto": "Lima", "prov": "Lima", "cenepred_e_via_km": null}, "geometry": {"type": "Point", "coordinates": [-76.70776098199997, -11.945012170999973]}}, {"type": "Feature", "properties": {"ruta": "PE-1S", "dist_corredor_m": 8.9, "peligro": "Inundación", "nivel": null, "dpto": "Ica", "prov": "Ica", "cenepred_e_via_km": null}, "geometry": {"type": "Point", "coordinates": [-75.71557464999995, -14.199830256999974]}}, {"type": "Feature", "properties": {"ruta": "PE-28", "dist_corredor_m": 354.3, "peligro": "Inundación, flujo de detritos, erosión", "nivel": null, "dpto": "Huancavelica", "prov": "Huaytará", "cenepred_e_via_km": null}, "geometry": {"type": "Point", "coordinates": [-75.37485557899998, -13.60141774999994]}}, {"type": "Feature", "properties": {"ruta": "PE-28", "dist_corredor_m": 87.2, "peligro": "Inundación", "nivel": "", "dpto": "Ica", "prov": "Pisco", "cenepred_e_via_km": null}, "geometry": {"type": "Point", "coordinates": [-75.55545434799996, -13.596378689999938]}}, {"type": "Feature", "properties": {"ruta": "PE-28", "dist_corredor_m": 243.2, "peligro": "Inundación, flujo de detritos, erosión fluvial", "nivel": null, "dpto": "Junín", "prov": "Satipo", "cenepred_e_via_km": null}, "geometry": {"type": "Point", "coordinates": [-74.53028062299995, -11.33875083299995]}}, {"type": "Feature", "properties": {"ruta": "PE-3S", "dist_corredor_m": 265.8, "peligro": "Inundación, flujo de detritos, erosión", "nivel": null, "dpto": "Huancavelica", "prov": "Acobamba", "cenepred_e_via_km": null}, "geometry": {"type": "Point", "coordinates": [-74.59077915799998, -12.686263806999932]}}, {"type": "Feature", "properties": {"ruta": "PE-1S", "dist_corredor_m": 80.6, "peligro": "Inundación", "nivel": "", "dpto": "Tacna", "prov": "Tacna", "cenepred_e_via_km": null}, "geometry": {"type": "Point", "coordinates": [-70.52048213499995, -17.842476087999955]}}, {"type": "Feature", "properties": {"ruta": "PE-3S", "dist_corredor_m": 364.7, "peligro": "Inundación", "nivel": " ", "dpto": "Ayacucho", "prov": "Huamanga", "cenepred_e_via_km": null}, "geometry": {"type": "Point", "coordinates": [-74.21034667399994, -13.184006960999966]}}, {"type": "Feature", "properties": {"ruta": "PE-1S", "dist_corredor_m": 96.0, "peligro": "Inundación", "nivel": "Alto", "dpto": "Arequipa", "prov": "Caravelí", "cenepred_e_via_km": null}, "geometry": {"type": "Point", "coordinates": [-74.52254196199993, -15.672795964999978]}}, {"type": "Feature", "properties": {"ruta": "PE-3S", "dist_corredor_m": 169.3, "peligro": "Inundación, flujo de detritos, erosión fluvial", "nivel": " ", "dpto": "Ayacucho", "prov": "Huamanga", "cenepred_e_via_km": null}, "geometry": {"type": "Point", "coordinates": [-74.22958413199996, -13.084098412999936]}}, {"type": "Feature", "properties": {"ruta": "PE-3S", "dist_corredor_m": 344.1, "peligro": "Inundación", "nivel": null, "dpto": "Apurímac", "prov": "Andahuaylas", "cenepred_e_via_km": null}, "geometry": {"type": "Point", "coordinates": [-73.36180482799995, -13.64870269499994]}}, {"type": "Feature", "properties": {"ruta": "PE-1S", "dist_corredor_m": 880.7, "peligro": "", "nivel": "Medio", "dpto": "Ica", "prov": "Pisco", "cenepred_e_via_km": null}, "geometry": {"type": "Point", "coordinates": [-76.16563444999997, -13.690842842999928]}}, {"type": "Feature", "properties": {"ruta": "PE-1S", "dist_corredor_m": 639.1, "peligro": "Inundación, flujo de detritos, erosión", "nivel": null, "dpto": "Ica", "prov": "Palpa", "cenepred_e_via_km": null}, "geometry": {"type": "Point", "coordinates": [-75.18496502899995, -14.529113572999961]}}, {"type": "Feature", "properties": {"ruta": "PE-28", "dist_corredor_m": 446.7, "peligro": "Inundación", "nivel": "Muy alto", "dpto": "Cusco", "prov": "La Convención", "cenepred_e_via_km": null}, "geometry": {"type": "Point", "coordinates": [-73.84869309599998, -12.479559869999946]}}, {"type": "Feature", "properties": {"ruta": "PE-3S", "dist_corredor_m": 777.9, "peligro": "Inundación, flujo de detritos, erosión fluvial", "nivel": " ", "dpto": "Puno", "prov": "Melgar", "cenepred_e_via_km": null}, "geometry": {"type": "Point", "coordinates": [-70.85367805999994, -14.59941792799998]}}, {"type": "Feature", "properties": {"ruta": "PE-1S", "dist_corredor_m": 711.9, "peligro": "Inundación", "nivel": "Medio", "dpto": "Ica", "prov": "Palpa", "cenepred_e_via_km": null}, "geometry": {"type": "Point", "coordinates": [-75.25461207399997, -14.494690462999927]}}, {"type": "Feature", "properties": {"ruta": "PE-28", "dist_corredor_m": 36.3, "peligro": "Inundación, flujo de detritos, erosión", "nivel": null, "dpto": "Cusco", "prov": "La Convención", "cenepred_e_via_km": null}, "geometry": {"type": "Point", "coordinates": [-72.69169458699997, -12.879948715999944]}}, {"type": "Feature", "properties": {"ruta": "PE-3S", "dist_corredor_m": 529.7, "peligro": "", "nivel": "", "dpto": "Ayacucho", "prov": "Huanta", "cenepred_e_via_km": null}, "geometry": {"type": "Point", "coordinates": [-74.23960568599995, -12.946545268999955]}}, {"type": "Feature", "properties": {"ruta": "PE-1S", "dist_corredor_m": 982.9, "peligro": "", "nivel": "Medio", "dpto": "Lima", "prov": "Cañete", "cenepred_e_via_km": null}, "geometry": {"type": "Point", "coordinates": [-76.38530793399997, -13.122284810999929]}}, {"type": "Feature", "properties": {"ruta": "PE-3S", "dist_corredor_m": 864.6, "peligro": "", "nivel": "", "dpto": "Ayacucho", "prov": "Huamanga", "cenepred_e_via_km": null}, "geometry": {"type": "Point", "coordinates": [-74.18728848299997, -13.113472212999966]}}, {"type": "Feature", "properties": {"ruta": "PE-3S", "dist_corredor_m": 299.7, "peligro": "Inundación, flujo de detritos, erosión fluvial", "nivel": " ", "dpto": "Cusco", "prov": "Canchis", "cenepred_e_via_km": null}, "geometry": {"type": "Point", "coordinates": [-71.18349345799999, -14.33935715299998]}}, {"type": "Feature", "properties": {"ruta": "PE-28", "dist_corredor_m": 179.4, "peligro": "Inundación, flujo de detritos, erosión fluvial", "nivel": " ", "dpto": "Cusco", "prov": "La Convención", "cenepred_e_via_km": null}, "geometry": {"type": "Point", "coordinates": [-72.74997566499997, -12.600828713999931]}}, {"type": "Feature", "properties": {"ruta": "PE-1S", "dist_corredor_m": 639.6, "peligro": null, "nivel": null, "dpto": "Lima", "prov": "Lima", "cenepred_e_via_km": null}, "geometry": {"type": "Point", "coordinates": [-76.82494776599998, -12.336545368999964]}}, {"type": "Feature", "properties": {"ruta": "PE-3S", "dist_corredor_m": 641.7, "peligro": "", "nivel": "", "dpto": "Cusco", "prov": "Canchis", "cenepred_e_via_km": null}, "geometry": {"type": "Point", "coordinates": [-71.42786735199996, -14.093111011999952]}}, {"type": "Feature", "properties": {"ruta": "PE-1S", "dist_corredor_m": 434.0, "peligro": "Inundación, erosión", "nivel": null, "dpto": "Ica", "prov": "Palpa", "cenepred_e_via_km": null}, "geometry": {"type": "Point", "coordinates": [-75.19377944099995, -14.54680979699998]}}, {"type": "Feature", "properties": {"ruta": "PE-3S", "dist_corredor_m": 795.2, "peligro": "Inundación", "nivel": "", "dpto": "Junín", "prov": "Huancayo", "cenepred_e_via_km": null}, "geometry": {"type": "Point", "coordinates": [-75.265682842, -11.991439813999932]}}, {"type": "Feature", "properties": {"ruta": "PE-3S", "dist_corredor_m": 564.9, "peligro": "Inundación, flujo de detritos, erosión fluvial", "nivel": " ", "dpto": "Cusco", "prov": "Anta", "cenepred_e_via_km": null}, "geometry": {"type": "Point", "coordinates": [-72.13850893599994, -13.460918392999929]}}, {"type": "Feature", "properties": {"ruta": "PE-1N", "dist_corredor_m": 37.9, "peligro": "Inundación", "nivel": null, "dpto": "Lima", "prov": "Lima", "cenepred_e_via_km": null}, "geometry": {"type": "Point", "coordinates": [-77.07356690699999, -11.91762977999997]}}, {"type": "Feature", "properties": {"ruta": "PE-3S", "dist_corredor_m": 420.4, "peligro": "Inundación, flujo de detritos, erosión fluvial", "nivel": " ", "dpto": "Cusco", "prov": "Anta", "cenepred_e_via_km": null}, "geometry": {"type": "Point", "coordinates": [-72.15445956799994, -13.462960204999945]}}, {"type": "Feature", "properties": {"ruta": "PE-3S", "dist_corredor_m": 122.2, "peligro": "Inundación, flujo de detritos, erosión fluvial", "nivel": " ", "dpto": "Cusco", "prov": "Canchis", "cenepred_e_via_km": null}, "geometry": {"type": "Point", "coordinates": [-71.43715780499997, -14.095447538999963]}}, {"type": "Feature", "properties": {"ruta": "PE-1S", "dist_corredor_m": 606.3, "peligro": "Inundación, erosión fluvial", "nivel": "Muy alto", "dpto": "Ica", "prov": "Ica", "cenepred_e_via_km": null}, "geometry": {"type": "Point", "coordinates": [-75.68461665299998, -14.293050995999977]}}, {"type": "Feature", "properties": {"ruta": "PE-28", "dist_corredor_m": 942.2, "peligro": "", "nivel": "Muy alto", "dpto": "Ica", "prov": "Pisco", "cenepred_e_via_km": null}, "geometry": {"type": "Point", "coordinates": [-75.97273834499998, -13.724992248999968]}}, {"type": "Feature", "properties": {"ruta": "PE-28", "dist_corredor_m": 335.4, "peligro": "Inundación, flujo de detritos, erosión fluvial", "nivel": " ", "dpto": "Cusco", "prov": "Calca", "cenepred_e_via_km": null}, "geometry": {"type": "Point", "coordinates": [-71.82137562999998, -13.456349928999941]}}, {"type": "Feature", "properties": {"ruta": "PE-1S", "dist_corredor_m": 184.2, "peligro": "Inundación, erosión pluvial", "nivel": null, "dpto": "Arequipa", "prov": "Islay", "cenepred_e_via_km": null}, "geometry": {"type": "Point", "coordinates": [-71.69050975099998, -17.027223585999934]}}, {"type": "Feature", "properties": {"ruta": "PE-28", "dist_corredor_m": 692.0, "peligro": "Inundación, erosión", "nivel": "", "dpto": "Cusco", "prov": "La Convención", "cenepred_e_via_km": null}, "geometry": {"type": "Point", "coordinates": [-72.66243933699997, -12.923929268999927]}}, {"type": "Feature", "properties": {"ruta": "PE-3S", "dist_corredor_m": 174.7, "peligro": "Inundación, flujo de detritos, erosión", "nivel": null, "dpto": "Cusco", "prov": "Anta", "cenepred_e_via_km": null}, "geometry": {"type": "Point", "coordinates": [-72.43349816599994, -13.465089404999958]}}, {"type": "Feature", "properties": {"ruta": "PE-28", "dist_corredor_m": 142.7, "peligro": "", "nivel": "Medio", "dpto": "Huancavelica", "prov": "Huaytará", "cenepred_e_via_km": null}, "geometry": {"type": "Point", "coordinates": [-75.49174752399995, -13.597073170999977]}}, {"type": "Feature", "properties": {"ruta": "PE-3S", "dist_corredor_m": 20.7, "peligro": "Inundación", "nivel": "", "dpto": "Junín", "prov": "Jauja", "cenepred_e_via_km": null}, "geometry": {"type": "Point", "coordinates": [-75.48946699599998, -11.802525210999931]}}, {"type": "Feature", "properties": {"ruta": "PE-22", "dist_corredor_m": 389.6, "peligro": "Inundación", "nivel": null, "dpto": "Lima", "prov": "Lima", "cenepred_e_via_km": null}, "geometry": {"type": "Point", "coordinates": [-76.88052637199996, -12.00938388399993]}}, {"type": "Feature", "properties": {"ruta": "PE-28", "dist_corredor_m": 30.6, "peligro": "Inundación", "nivel": "", "dpto": "Ica", "prov": "Pisco", "cenepred_e_via_km": null}, "geometry": {"type": "Point", "coordinates": [-75.68408013999993, -13.628654091999977]}}, {"type": "Feature", "properties": {"ruta": "PE-1N", "dist_corredor_m": 113.2, "peligro": "Inundación", "nivel": null, "dpto": "Lima", "prov": "Lima", "cenepred_e_via_km": null}, "geometry": {"type": "Point", "coordinates": [-77.07031097699996, -11.910247286999947]}}, {"type": "Feature", "properties": {"ruta": "PE-28", "dist_corredor_m": 126.9, "peligro": "Inundación, erosión fluvial", "nivel": "Muy alto", "dpto": "Ayacucho", "prov": "La Mar", "cenepred_e_via_km": null}, "geometry": {"type": "Point", "coordinates": [-73.78742011899999, -12.623618138999973]}}, {"type": "Feature", "properties": {"ruta": "PE-1S", "dist_corredor_m": 428.6, "peligro": null, "nivel": "", "dpto": "Moquegua", "prov": "Mariscal Nieto", "cenepred_e_via_km": null}, "geometry": {"type": "Point", "coordinates": [-70.98915563999998, -17.287407944999927]}}, {"type": "Feature", "properties": {"ruta": "PE-22", "dist_corredor_m": 63.9, "peligro": "Inundación", "nivel": null, "dpto": "Lima", "prov": "Lima", "cenepred_e_via_km": null}, "geometry": {"type": "Point", "coordinates": [-76.77148972099997, -11.97440753199993]}}, {"type": "Feature", "properties": {"ruta": "PE-1S", "dist_corredor_m": 234.8, "peligro": "Inundación, flujo de detritos, erosión", "nivel": null, "dpto": "Moquegua", "prov": "Mariscal Nieto", "cenepred_e_via_km": null}, "geometry": {"type": "Point", "coordinates": [-70.97626019499995, -17.221906160999936]}}, {"type": "Feature", "properties": {"ruta": "PE-22", "dist_corredor_m": 262.9, "peligro": "Inundación", "nivel": " ", "dpto": "Lima", "prov": "Lima", "cenepred_e_via_km": null}, "geometry": {"type": "Point", "coordinates": [-76.70328525099995, -11.94488387399997]}}, {"type": "Feature", "properties": {"ruta": "PE-1S", "dist_corredor_m": 525.8, "peligro": null, "nivel": "", "dpto": "Lima", "prov": "Cañete", "cenepred_e_via_km": null}, "geometry": {"type": "Point", "coordinates": [-76.39016845699996, -13.122222449999981]}}, {"type": "Feature", "properties": {"ruta": "PE-1S", "dist_corredor_m": 705.2, "peligro": null, "nivel": "", "dpto": "Ica", "prov": "Palpa", "cenepred_e_via_km": null}, "geometry": {"type": "Point", "coordinates": [-75.20827682699996, -14.554925685999933]}}, {"type": "Feature", "properties": {"ruta": "PE-1S", "dist_corredor_m": 462.9, "peligro": "Inundación", "nivel": "", "dpto": "Ica", "prov": "Palpa", "cenepred_e_via_km": null}, "geometry": {"type": "Point", "coordinates": [-75.18775955599995, -14.54100098899994]}}, {"type": "Feature", "properties": {"ruta": "PE-1N", "dist_corredor_m": 905.2, "peligro": "Inundación", "nivel": null, "dpto": "Lima", "prov": "Lima", "cenepred_e_via_km": null}, "geometry": {"type": "Point", "coordinates": [-77.06374410699993, -12.03509007699995]}}, {"type": "Feature", "properties": {"ruta": "PE-3S", "dist_corredor_m": 312.9, "peligro": "Inundación", "nivel": "", "dpto": "Cusco", "prov": "Canchis", "cenepred_e_via_km": null}, "geometry": {"type": "Point", "coordinates": [-71.13727011299994, -14.382277226999975]}}, {"type": "Feature", "properties": {"ruta": "PE-1S", "dist_corredor_m": 502.7, "peligro": "Inundación, erosión fluvial", "nivel": "Alto", "dpto": "Arequipa", "prov": "Islay", "cenepred_e_via_km": null}, "geometry": {"type": "Point", "coordinates": [-71.68056373299999, -17.022938720999946]}}, {"type": "Feature", "properties": {"ruta": "PE-3S", "dist_corredor_m": 161.8, "peligro": "Inundación, flujo de detritos, erosión", "nivel": null, "dpto": "Huancavelica", "prov": "Churcampa", "cenepred_e_via_km": null}, "geometry": {"type": "Point", "coordinates": [-74.35794151499994, -12.834015910999938]}}, {"type": "Feature", "properties": {"ruta": "PE-1S", "dist_corredor_m": 816.5, "peligro": "Inundación, flujo de detritos, erosión", "nivel": null, "dpto": "Ica", "prov": "Nasca", "cenepred_e_via_km": null}, "geometry": {"type": "Point", "coordinates": [-74.95033897499997, -14.835144788999969]}}, {"type": "Feature", "properties": {"ruta": "PE-3S", "dist_corredor_m": 181.6, "peligro": "Inundación, flujo de detritos, erosión", "nivel": null, "dpto": "Apurímac", "prov": "Andahuaylas", "cenepred_e_via_km": null}, "geometry": {"type": "Point", "coordinates": [-73.36221309999996, -13.64713261199995]}}, {"type": "Feature", "properties": {"ruta": "PE-3S", "dist_corredor_m": 93.1, "peligro": "", "nivel": "", "dpto": "Ayacucho", "prov": "Huamanga", "cenepred_e_via_km": null}, "geometry": {"type": "Point", "coordinates": [-74.19697335499995, -13.113882338999929]}}, {"type": "Feature", "properties": {"ruta": "PE-3S", "dist_corredor_m": 855.5, "peligro": "Inundación, flujo de detritos, erosión fluvial", "nivel": " ", "dpto": "Cusco", "prov": "Canchis", "cenepred_e_via_km": null}, "geometry": {"type": "Point", "coordinates": [-71.24275558199997, -14.279478005999977]}}, {"type": "Feature", "properties": {"ruta": "PE-22", "dist_corredor_m": 197.0, "peligro": "Inundación, flujo de detritos, erosión", "nivel": null, "dpto": "Lima", "prov": "Lima", "cenepred_e_via_km": null}, "geometry": {"type": "Point", "coordinates": [-76.73953016499996, -11.964777183999956]}}, {"type": "Feature", "properties": {"ruta": "PE-1S", "dist_corredor_m": 110.1, "peligro": "Inundación", "nivel": null, "dpto": "Lima", "prov": "Lima", "cenepred_e_via_km": null}, "geometry": {"type": "Point", "coordinates": [-76.90090051099997, -12.270386365999968]}}, {"type": "Feature", "properties": {"ruta": "PE-22", "dist_corredor_m": 336.6, "peligro": "Inundación", "nivel": null, "dpto": "Lima", "prov": "Lima", "cenepred_e_via_km": null}, "geometry": {"type": "Point", "coordinates": [-76.71979428999998, -11.951929374999963]}}, {"type": "Feature", "properties": {"ruta": "PE-28", "dist_corredor_m": 299.7, "peligro": "Inundación, erosión", "nivel": "", "dpto": "Junín", "prov": "Satipo", "cenepred_e_via_km": null}, "geometry": {"type": "Point", "coordinates": [-74.48877993199994, -11.439317272999972]}}, {"type": "Feature", "properties": {"ruta": "PE-22", "dist_corredor_m": 998.9, "peligro": "Inundación", "nivel": null, "dpto": "Lima", "prov": "Lima", "cenepred_e_via_km": null}, "geometry": {"type": "Point", "coordinates": [-76.74589747399995, -11.955983365999941]}}, {"type": "Feature", "properties": {"ruta": "PE-28", "dist_corredor_m": 539.0, "peligro": "", "nivel": "Medio", "dpto": "Ica", "prov": "Pisco", "cenepred_e_via_km": null}, "geometry": {"type": "Point", "coordinates": [-75.87150455199998, -13.723842225999931]}}, {"type": "Feature", "properties": {"ruta": "PE-1S", "dist_corredor_m": 998.8, "peligro": "Inundación, flujo de detritos, erosión", "nivel": null, "dpto": "Ica", "prov": "Palpa", "cenepred_e_via_km": null}, "geometry": {"type": "Point", "coordinates": [-75.17378640999993, -14.536481953999953]}}, {"type": "Feature", "properties": {"ruta": "PE-3S", "dist_corredor_m": 322.6, "peligro": "Inundación, erosión", "nivel": null, "dpto": "Junín", "prov": "Jauja", "cenepred_e_via_km": null}, "geometry": {"type": "Point", "coordinates": [-75.46188103799994, -11.795689451999976]}}, {"type": "Feature", "properties": {"ruta": "PE-28", "dist_corredor_m": 330.1, "peligro": "Inundación, erosión fluvial", "nivel": " ", "dpto": "Cusco", "prov": "La Convención", "cenepred_e_via_km": null}, "geometry": {"type": "Point", "coordinates": [-73.79302396199995, -12.56927662299995]}}, {"type": "Feature", "properties": {"ruta": "PE-3S", "dist_corredor_m": 558.0, "peligro": "Inundación", "nivel": "", "dpto": "Junín", "prov": "Concepción", "cenepred_e_via_km": null}, "geometry": {"type": "Point", "coordinates": [-75.31897022299995, -11.937124517999962]}}, {"type": "Feature", "properties": {"ruta": "PE-1N", "dist_corredor_m": 81.9, "peligro": "Inundación, erosión", "nivel": "", "dpto": "Áncash", "prov": "Casma", "cenepred_e_via_km": null}, "geometry": {"type": "Point", "coordinates": [-78.27406728199998, -9.48605585799993]}}, {"type": "Feature", "properties": {"ruta": "PE-1S", "dist_corredor_m": 150.3, "peligro": null, "nivel": "", "dpto": "Moquegua", "prov": "Mariscal Nieto", "cenepred_e_via_km": null}, "geometry": {"type": "Point", "coordinates": [-70.98098023599994, -17.229024408999976]}}, {"type": "Feature", "properties": {"ruta": "PE-22", "dist_corredor_m": 163.4, "peligro": "Inundación", "nivel": " ", "dpto": "Lima", "prov": "Lima", "cenepred_e_via_km": null}, "geometry": {"type": "Point", "coordinates": [-76.69658558299994, -11.939616718999957]}}, {"type": "Feature", "properties": {"ruta": "PE-1S", "dist_corredor_m": 625.8, "peligro": "", "nivel": "Medio", "dpto": "Ica", "prov": "Nasca", "cenepred_e_via_km": null}, "geometry": {"type": "Point", "coordinates": [-74.94761889099993, -14.821708723999961]}}, {"type": "Feature", "properties": {"ruta": "PE-28", "dist_corredor_m": 252.4, "peligro": "Inundación", "nivel": "", "dpto": "Ica", "prov": "Pisco", "cenepred_e_via_km": null}, "geometry": {"type": "Point", "coordinates": [-75.82815129299996, -13.708675310999979]}}, {"type": "Feature", "properties": {"ruta": "PE-28", "dist_corredor_m": 505.8, "peligro": "Inundación", "nivel": null, "dpto": "Ica", "prov": "Pisco", "cenepred_e_via_km": null}, "geometry": {"type": "Point", "coordinates": [-75.87086593699996, -13.723708858999942]}}, {"type": "Feature", "properties": {"ruta": "PE-3S", "dist_corredor_m": 7.2, "peligro": "Inundación, erosión fluvial", "nivel": "Muy alto", "dpto": "Puno", "prov": "Melgar", "cenepred_e_via_km": null}, "geometry": {"type": "Point", "coordinates": [-70.79122225899994, -14.61011855199996]}}, {"type": "Feature", "properties": {"ruta": "PE-28", "dist_corredor_m": 130.4, "peligro": "Inundación, erosión", "nivel": "", "dpto": "Cusco", "prov": "La Convención", "cenepred_e_via_km": null}, "geometry": {"type": "Point", "coordinates": [-72.64992203599996, -13.00130837599994]}}, {"type": "Feature", "properties": {"ruta": "PE-28", "dist_corredor_m": 186.2, "peligro": "Inundación", "nivel": null, "dpto": "Ayacucho", "prov": "Cangallo", "cenepred_e_via_km": null}, "geometry": {"type": "Point", "coordinates": [-74.85300552399997, -13.36012623399995]}}, {"type": "Feature", "properties": {"ruta": "PE-22", "dist_corredor_m": 382.1, "peligro": "Inundación, flujo de detritos, erosión", "nivel": null, "dpto": "Lima", "prov": "Lima", "cenepred_e_via_km": null}, "geometry": {"type": "Point", "coordinates": [-76.88168463699998, -12.009723401999963]}}, {"type": "Feature", "properties": {"ruta": "PE-1S", "dist_corredor_m": 916.6, "peligro": "", "nivel": "", "dpto": "Arequipa", "prov": "Caravelí", "cenepred_e_via_km": null}, "geometry": {"type": "Point", "coordinates": [-74.51885746199997, -15.66345791799995]}}, {"type": "Feature", "properties": {"ruta": "PE-3S", "dist_corredor_m": 868.4, "peligro": "Inundación", "nivel": null, "dpto": "Puno", "prov": "El Collao", "cenepred_e_via_km": null}, "geometry": {"type": "Point", "coordinates": [-69.57088590699993, -16.133888743999933]}}, {"type": "Feature", "properties": {"ruta": "PE-1S", "dist_corredor_m": 427.0, "peligro": "Inundación, flujo de detritos, erosión", "nivel": null, "dpto": "Moquegua", "prov": "Mariscal Nieto", "cenepred_e_via_km": null}, "geometry": {"type": "Point", "coordinates": [-70.98935045199994, -17.260879879999948]}}, {"type": "Feature", "properties": {"ruta": "PE-28", "dist_corredor_m": 797.6, "peligro": "Inundación, flujo de detritos, erosión", "nivel": null, "dpto": "Cusco", "prov": "La Convención", "cenepred_e_via_km": null}, "geometry": {"type": "Point", "coordinates": [-72.67590154699997, -12.901613004999945]}}, {"type": "Feature", "properties": {"ruta": "PE-1S", "dist_corredor_m": 183.2, "peligro": "Inundación, erosión", "nivel": "", "dpto": "Tacna", "prov": "Tacna", "cenepred_e_via_km": null}, "geometry": {"type": "Point", "coordinates": [-70.52095156499996, -17.843312795999964]}}, {"type": "Feature", "properties": {"ruta": "PE-3S", "dist_corredor_m": 506.4, "peligro": "Inundación, flujo de detritos, erosión", "nivel": null, "dpto": "Puno", "prov": "Chucuito", "cenepred_e_via_km": null}, "geometry": {"type": "Point", "coordinates": [-69.27459496299997, -16.308091777999948]}}, {"type": "Feature", "properties": {"ruta": "PE-3S", "dist_corredor_m": 293.9, "peligro": "Inundación, flujo de detritos, erosión", "nivel": null, "dpto": "Cusco", "prov": "Canchis", "cenepred_e_via_km": null}, "geometry": {"type": "Point", "coordinates": [-71.18356400299996, -14.339349364999975]}}, {"type": "Feature", "properties": {"ruta": "PE-1N", "dist_corredor_m": 23.1, "peligro": "Inundación, flujo de detritos, erosión", "nivel": "Medio", "dpto": "La Libertad", "prov": "Virú", "cenepred_e_via_km": null}, "geometry": {"type": "Point", "coordinates": [-78.68025426099996, -8.536362728999961]}}, {"type": "Feature", "properties": {"ruta": "PE-28", "dist_corredor_m": 295.7, "peligro": "Inundación, erosión", "nivel": "", "dpto": "Cusco", "prov": "La Convención", "cenepred_e_via_km": null}, "geometry": {"type": "Point", "coordinates": [-73.90233381099995, -12.38139287699994]}}, {"type": "Feature", "properties": {"ruta": "PE-28", "dist_corredor_m": 72.4, "peligro": "Inundación, erosión fluvial", "nivel": "Muy alto", "dpto": "Ayacucho", "prov": "La Mar", "cenepred_e_via_km": null}, "geometry": {"type": "Point", "coordinates": [-73.84587716899995, -12.618043279999938]}}, {"type": "Feature", "properties": {"ruta": "PE-28", "dist_corredor_m": 355.2, "peligro": "Inundación, erosión", "nivel": "", "dpto": "Huancavelica", "prov": "Huaytará", "cenepred_e_via_km": null}, "geometry": {"type": "Point", "coordinates": [-75.37480921599996, -13.601327398999956]}}, {"type": "Feature", "properties": {"ruta": "PE-1S", "dist_corredor_m": 623.8, "peligro": "Inundación, flujo de detritos, erosión", "nivel": null, "dpto": "Ica", "prov": "Ica", "cenepred_e_via_km": null}, "geometry": {"type": "Point", "coordinates": [-75.72324853799995, -14.115045562999967]}}, {"type": "Feature", "properties": {"ruta": "PE-28", "dist_corredor_m": 51.4, "peligro": "", "nivel": "Alto", "dpto": "Ica", "prov": "Pisco", "cenepred_e_via_km": null}, "geometry": {"type": "Point", "coordinates": [-75.73046365099998, -13.647518549999972]}}, {"type": "Feature", "properties": {"ruta": "PE-1S", "dist_corredor_m": 236.7, "peligro": "Inundación", "nivel": "", "dpto": "Arequipa", "prov": "Arequipa", "cenepred_e_via_km": null}, "geometry": {"type": "Point", "coordinates": [-72.12726047299998, -16.341128500999957]}}, {"type": "Feature", "properties": {"ruta": "PE-28", "dist_corredor_m": 53.1, "peligro": "", "nivel": "Alto", "dpto": "Ica", "prov": "Pisco", "cenepred_e_via_km": null}, "geometry": {"type": "Point", "coordinates": [-75.73038899299996, -13.647292729999947]}}, {"type": "Feature", "properties": {"ruta": "PE-28", "dist_corredor_m": 665.0, "peligro": "Inundación", "nivel": null, "dpto": "Ica", "prov": "Pisco", "cenepred_e_via_km": null}, "geometry": {"type": "Point", "coordinates": [-75.85908090299995, -13.720377722999956]}}, {"type": "Feature", "properties": {"ruta": "PE-28", "dist_corredor_m": 758.6, "peligro": "Inundación", "nivel": null, "dpto": "Cusco", "prov": "La Convención", "cenepred_e_via_km": null}, "geometry": {"type": "Point", "coordinates": [-72.53658529099994, -12.99023752499994]}}, {"type": "Feature", "properties": {"ruta": "PE-22", "dist_corredor_m": 394.9, "peligro": null, "nivel": "", "dpto": "Lima", "prov": "Lima", "cenepred_e_via_km": null}, "geometry": {"type": "Point", "coordinates": [-76.81705998599995, -11.984913369999958]}}, {"type": "Feature", "properties": {"ruta": "PE-22", "dist_corredor_m": 201.8, "peligro": null, "nivel": "", "dpto": "Lima", "prov": "Lima", "cenepred_e_via_km": null}, "geometry": {"type": "Point", "coordinates": [-76.67625542399998, -11.92337101499993]}}, {"type": "Feature", "properties": {"ruta": "PE-1S", "dist_corredor_m": 371.3, "peligro": null, "nivel": "", "dpto": "Moquegua", "prov": "Mariscal Nieto", "cenepred_e_via_km": null}, "geometry": {"type": "Point", "coordinates": [-70.99053376299997, -17.24759604099995]}}, {"type": "Feature", "properties": {"ruta": "PE-1S", "dist_corredor_m": 495.8, "peligro": "Inundación, flujo de detritos, erosión", "nivel": null, "dpto": "Ica", "prov": "Palpa", "cenepred_e_via_km": null}, "geometry": {"type": "Point", "coordinates": [-75.20408905999994, -14.553546020999931]}}, {"type": "Feature", "properties": {"ruta": "PE-22", "dist_corredor_m": 416.5, "peligro": "", "nivel": "", "dpto": "Lima", "prov": "Lima", "cenepred_e_via_km": null}, "geometry": {"type": "Point", "coordinates": [-76.81828336099994, -11.985248921999926]}}, {"type": "Feature", "properties": {"ruta": "PE-28", "dist_corredor_m": 980.9, "peligro": "Inundación", "nivel": "", "dpto": "Ica", "prov": "Pisco", "cenepred_e_via_km": null}, "geometry": {"type": "Point", "coordinates": [-75.99483526299997, -13.714868740999975]}}, {"type": "Feature", "properties": {"ruta": "PE-3S", "dist_corredor_m": 200.1, "peligro": "", "nivel": "", "dpto": "Cusco", "prov": "Canchis", "cenepred_e_via_km": null}, "geometry": {"type": "Point", "coordinates": [-71.15783396599994, -14.362337691999926]}}, {"type": "Feature", "properties": {"ruta": "PE-3S", "dist_corredor_m": 134.1, "peligro": "Inundación, flujo de detritos, erosión", "nivel": null, "dpto": "Cusco", "prov": "Anta", "cenepred_e_via_km": null}, "geometry": {"type": "Point", "coordinates": [-72.43289938799995, -13.464974876999975]}}, {"type": "Feature", "properties": {"ruta": "PE-1N", "dist_corredor_m": 387.4, "peligro": "Inundación", "nivel": null, "dpto": "Lima", "prov": "Lima", "cenepred_e_via_km": null}, "geometry": {"type": "Point", "coordinates": [-77.05523859699997, -12.036441957999955]}}, {"type": "Feature", "properties": {"ruta": "PE-1S", "dist_corredor_m": 234.7, "peligro": "Inundación, erosión fluvial", "nivel": "Alto", "dpto": "Arequipa", "prov": "Islay", "cenepred_e_via_km": null}, "geometry": {"type": "Point", "coordinates": [-71.67379756799994, -17.022422734999964]}}, {"type": "Feature", "properties": {"ruta": "PE-1S", "dist_corredor_m": 168.0, "peligro": null, "nivel": "", "dpto": "Ica", "prov": "Ica", "cenepred_e_via_km": null}, "geometry": {"type": "Point", "coordinates": [-75.71811979699999, -14.098415907999936]}}, {"type": "Feature", "properties": {"ruta": "PE-3S", "dist_corredor_m": 500.1, "peligro": "Inundación, erosión fluvial", "nivel": "Medio", "dpto": "Puno", "prov": "Chucuito", "cenepred_e_via_km": 0.1}, "geometry": {"type": "Point", "coordinates": [-69.03783452899995, -16.58443072999995]}}, {"type": "Feature", "properties": {"ruta": "PE-3S", "dist_corredor_m": 849.1, "peligro": null, "nivel": "", "dpto": "Ayacucho", "prov": "Huamanga", "cenepred_e_via_km": null}, "geometry": {"type": "Point", "coordinates": [-74.19247246999998, -13.186916982999946]}}, {"type": "Feature", "properties": {"ruta": "PE-3S", "dist_corredor_m": 183.4, "peligro": "Inundación, erosión fluvial", "nivel": "Muy alto", "dpto": "Puno", "prov": "Melgar", "cenepred_e_via_km": null}, "geometry": {"type": "Point", "coordinates": [-70.79085932499999, -14.608061748999944]}}, {"type": "Feature", "properties": {"ruta": "PE-3S", "dist_corredor_m": 114.0, "peligro": "Inundación, erosión fluvial", "nivel": "Medio", "dpto": "Puno", "prov": "Puno", "cenepred_e_via_km": null}, "geometry": {"type": "Point", "coordinates": [-69.99853528299997, -15.864871498999946]}}, {"type": "Feature", "properties": {"ruta": "PE-28", "dist_corredor_m": 132.7, "peligro": "Inundación", "nivel": null, "dpto": "Cusco", "prov": "La Convención", "cenepred_e_via_km": null}, "geometry": {"type": "Point", "coordinates": [-72.52271910399998, -12.998589589999938]}}, {"type": "Feature", "properties": {"ruta": "PE-28", "dist_corredor_m": 25.2, "peligro": "Inundación, erosión fluvial", "nivel": " ", "dpto": "Cusco", "prov": "La Convención", "cenepred_e_via_km": null}, "geometry": {"type": "Point", "coordinates": [-73.79048031399998, -12.577854267999953]}}, {"type": "Feature", "properties": {"ruta": "PE-28", "dist_corredor_m": 586.9, "peligro": "Inundación", "nivel": null, "dpto": "Ica", "prov": "Pisco", "cenepred_e_via_km": null}, "geometry": {"type": "Point", "coordinates": [-75.87387012999994, -13.72581390399995]}}, {"type": "Feature", "properties": {"ruta": "PE-3S", "dist_corredor_m": 538.1, "peligro": "Inundación", "nivel": "Alto", "dpto": "Ayacucho", "prov": "Huanta", "cenepred_e_via_km": null}, "geometry": {"type": "Point", "coordinates": [-74.23917841399998, -12.935440401999927]}}, {"type": "Feature", "properties": {"ruta": "PE-1S", "dist_corredor_m": 226.3, "peligro": null, "nivel": "", "dpto": "Moquegua", "prov": "Mariscal Nieto", "cenepred_e_via_km": null}, "geometry": {"type": "Point", "coordinates": [-70.98792069899997, -17.240647020999972]}}, {"type": "Feature", "properties": {"ruta": "PE-22", "dist_corredor_m": 134.7, "peligro": "Erosión fluvial", "nivel": "Muy alto", "dpto": "Lima", "prov": "Lima", "cenepred_e_via_km": 2.8}, "geometry": {"type": "Point", "coordinates": [-76.94208152799996, -12.021096769999929]}}, {"type": "Feature", "properties": {"ruta": "PE-22", "dist_corredor_m": 287.5, "peligro": "Inundación", "nivel": null, "dpto": "Lima", "prov": "Lima", "cenepred_e_via_km": null}, "geometry": {"type": "Point", "coordinates": [-76.77774796499995, -11.980282399999965]}}, {"type": "Feature", "properties": {"ruta": "PE-22", "dist_corredor_m": 310.9, "peligro": "Inundación", "nivel": null, "dpto": "Lima", "prov": "Lima", "cenepred_e_via_km": null}, "geometry": {"type": "Point", "coordinates": [-76.76097790499995, -11.970924234999927]}}, {"type": "Feature", "properties": {"ruta": "PE-3S", "dist_corredor_m": 99.8, "peligro": "Inundación", "nivel": "", "dpto": "Cusco", "prov": "Canchis", "cenepred_e_via_km": null}, "geometry": {"type": "Point", "coordinates": [-71.23156302299998, -14.261574973999927]}}, {"type": "Feature", "properties": {"ruta": "PE-1N", "dist_corredor_m": 27.6, "peligro": "Inundación", "nivel": null, "dpto": "Lima", "prov": "Huaral", "cenepred_e_via_km": null}, "geometry": {"type": "Point", "coordinates": [-77.23983347899997, -11.607344242999943]}}, {"type": "Feature", "properties": {"ruta": "PE-3S", "dist_corredor_m": 548.6, "peligro": "Inundación, erosión", "nivel": "Muy alto", "dpto": "Junín", "prov": "Huancayo", "cenepred_e_via_km": null}, "geometry": {"type": "Point", "coordinates": [-75.22037859399995, -12.070671343999948]}}, {"type": "Feature", "properties": {"ruta": "PE-28", "dist_corredor_m": 72.4, "peligro": "Inundación, flujo de detritos, erosión", "nivel": null, "dpto": "Huancavelica", "prov": "Huaytará", "cenepred_e_via_km": null}, "geometry": {"type": "Point", "coordinates": [-75.38412452899996, -13.605327902999932]}}, {"type": "Feature", "properties": {"ruta": "PE-3S", "dist_corredor_m": 18.2, "peligro": "Inundación", "nivel": null, "dpto": "Apurímac", "prov": "Andahuaylas", "cenepred_e_via_km": null}, "geometry": {"type": "Point", "coordinates": [-73.36914923999996, -13.649230123999928]}}, {"type": "Feature", "properties": {"ruta": "PE-3S", "dist_corredor_m": 474.2, "peligro": "Inundación", "nivel": "", "dpto": "Ayacucho", "prov": "Huamanga", "cenepred_e_via_km": null}, "geometry": {"type": "Point", "coordinates": [-74.21523202199995, -13.171191608999948]}}, {"type": "Feature", "properties": {"ruta": "PE-1S", "dist_corredor_m": 227.9, "peligro": "Inundación, erosión", "nivel": "", "dpto": "Moquegua", "prov": "Mariscal Nieto", "cenepred_e_via_km": null}, "geometry": {"type": "Point", "coordinates": [-70.98293930199998, -17.23111926699994]}}, {"type": "Feature", "properties": {"ruta": "PE-3S", "dist_corredor_m": 38.8, "peligro": "Inundación, erosión fluvial", "nivel": " ", "dpto": "Huancavelica", "prov": "Churcampa", "cenepred_e_via_km": null}, "geometry": {"type": "Point", "coordinates": [-74.68558450999996, -12.589253976999942]}}, {"type": "Feature", "properties": {"ruta": "PE-3S", "dist_corredor_m": 613.9, "peligro": "Inundación", "nivel": "", "dpto": "Cusco", "prov": "Cusco", "cenepred_e_via_km": null}, "geometry": {"type": "Point", "coordinates": [-71.90621204199994, -13.543977584999936]}}, {"type": "Feature", "properties": {"ruta": "PE-3S", "dist_corredor_m": 45.7, "peligro": "Inundación, flujo de detritos, erosión", "nivel": null, "dpto": "Huancavelica", "prov": "Churcampa", "cenepred_e_via_km": null}, "geometry": {"type": "Point", "coordinates": [-74.38548781499998, -12.812804701999937]}}, {"type": "Feature", "properties": {"ruta": "PE-3S", "dist_corredor_m": 142.3, "peligro": "Inundación, flujo de detritos, erosión fluvial", "nivel": " ", "dpto": "Cusco", "prov": "Cusco", "cenepred_e_via_km": null}, "geometry": {"type": "Point", "coordinates": [-72.02763638599998, -13.500887042999977]}}, {"type": "Feature", "properties": {"ruta": "PE-1N", "dist_corredor_m": 212.4, "peligro": "Inundación", "nivel": null, "dpto": "Lima", "prov": "Lima", "cenepred_e_via_km": null}, "geometry": {"type": "Point", "coordinates": [-76.99625685599995, -12.027114207999944]}}, {"type": "Feature", "properties": {"ruta": "PE-22", "dist_corredor_m": 464.3, "peligro": "Inundación", "nivel": null, "dpto": "Lima", "prov": "Lima", "cenepred_e_via_km": null}, "geometry": {"type": "Point", "coordinates": [-76.72522053099993, -11.94623368899994]}}, {"type": "Feature", "properties": {"ruta": "PE-22", "dist_corredor_m": 149.6, "peligro": "Inundación", "nivel": null, "dpto": "Lima", "prov": "Lima", "cenepred_e_via_km": null}, "geometry": {"type": "Point", "coordinates": [-76.69968382699994, -11.942079735999926]}}, {"type": "Feature", "properties": {"ruta": "PE-28", "dist_corredor_m": 372.9, "peligro": "Inundación, erosión", "nivel": "", "dpto": "Ica", "prov": "Pisco", "cenepred_e_via_km": null}, "geometry": {"type": "Point", "coordinates": [-75.86440965999998, -13.720892573999947]}}, {"type": "Feature", "properties": {"ruta": "PE-1S", "dist_corredor_m": 15.6, "peligro": null, "nivel": "", "dpto": "Lima", "prov": "Cañete", "cenepred_e_via_km": null}, "geometry": {"type": "Point", "coordinates": [-76.65333458899994, -12.670650570999953]}}, {"type": "Feature", "properties": {"ruta": "PE-28", "dist_corredor_m": 515.9, "peligro": "Inundación, flujo de detritos, erosión fluvial", "nivel": " ", "dpto": "Cusco", "prov": "Urubamba", "cenepred_e_via_km": 1.0}, "geometry": {"type": "Point", "coordinates": [-72.07803130999997, -13.331427880999968]}}, {"type": "Feature", "properties": {"ruta": "PE-28", "dist_corredor_m": 321.6, "peligro": "Inundación, flujo de detritos, erosión", "nivel": null, "dpto": "Ica", "prov": "Pisco", "cenepred_e_via_km": null}, "geometry": {"type": "Point", "coordinates": [-75.92539576399997, -13.736285728999974]}}, {"type": "Feature", "properties": {"ruta": "PE-1S", "dist_corredor_m": 43.5, "peligro": "Inundación", "nivel": "Medio", "dpto": "Ica", "prov": "Nasca", "cenepred_e_via_km": null}, "geometry": {"type": "Point", "coordinates": [-74.95764648999995, -14.825047050999956]}}, {"type": "Feature", "properties": {"ruta": "PE-3S", "dist_corredor_m": 164.4, "peligro": "Inundación, flujo de detritos, erosión fluvial", "nivel": " ", "dpto": "Cusco", "prov": "Cusco", "cenepred_e_via_km": null}, "geometry": {"type": "Point", "coordinates": [-72.02618882999997, -13.500770520999936]}}, {"type": "Feature", "properties": {"ruta": "PE-28", "dist_corredor_m": 164.3, "peligro": "Inundación", "nivel": "", "dpto": "Ica", "prov": "Pisco", "cenepred_e_via_km": null}, "geometry": {"type": "Point", "coordinates": [-75.77206244999996, -13.668531745999928]}}, {"type": "Feature", "properties": {"ruta": "PE-3S", "dist_corredor_m": 372.3, "peligro": "Inundación, flujo de detritos, erosión fluvial", "nivel": " ", "dpto": "Puno", "prov": "Melgar", "cenepred_e_via_km": null}, "geometry": {"type": "Point", "coordinates": [-70.75140116499995, -14.703970926999943]}}, {"type": "Feature", "properties": {"ruta": "PE-22", "dist_corredor_m": 88.3, "peligro": "Inundación", "nivel": null, "dpto": "Lima", "prov": "Lima", "cenepred_e_via_km": null}, "geometry": {"type": "Point", "coordinates": [-76.68620674999994, -11.927156927999931]}}, {"type": "Feature", "properties": {"ruta": "PE-3S", "dist_corredor_m": 254.0, "peligro": "Inundación, flujo de detritos, erosión", "nivel": null, "dpto": "Cusco", "prov": "Quispicanchi", "cenepred_e_via_km": null}, "geometry": {"type": "Point", "coordinates": [-71.55283376899996, -13.800624693999964]}}, {"type": "Feature", "properties": {"ruta": "PE-1S", "dist_corredor_m": 83.7, "peligro": "Inundación", "nivel": "", "dpto": "Lima", "prov": "Cañete", "cenepred_e_via_km": null}, "geometry": {"type": "Point", "coordinates": [-76.65428645199995, -12.67121414099995]}}, {"type": "Feature", "properties": {"ruta": "PE-1S", "dist_corredor_m": 196.9, "peligro": "Inundación", "nivel": "Medio", "dpto": "Arequipa", "prov": "Caravelí", "cenepred_e_via_km": null}, "geometry": {"type": "Point", "coordinates": [-74.52352303699996, -15.675455713999952]}}, {"type": "Feature", "properties": {"ruta": "PE-28", "dist_corredor_m": 93.2, "peligro": "Inundación", "nivel": "", "dpto": "Ica", "prov": "Pisco", "cenepred_e_via_km": null}, "geometry": {"type": "Point", "coordinates": [-75.59901642899996, -13.598628649999966]}}, {"type": "Feature", "properties": {"ruta": "PE-1N", "dist_corredor_m": 720.3, "peligro": "Inundación, erosión", "nivel": "", "dpto": "Áncash", "prov": "Casma", "cenepred_e_via_km": null}, "geometry": {"type": "Point", "coordinates": [-78.28393681499995, -9.490126153999938]}}, {"type": "Feature", "properties": {"ruta": "PE-3S", "dist_corredor_m": 536.3, "peligro": "Inundación", "nivel": "Muy alto", "dpto": "Puno", "prov": "Melgar", "cenepred_e_via_km": null}, "geometry": {"type": "Point", "coordinates": [-70.78426905299995, -14.608037428999978]}}, {"type": "Feature", "properties": {"ruta": "PE-22", "dist_corredor_m": 341.7, "peligro": "Inundación", "nivel": null, "dpto": "Lima", "prov": "Lima", "cenepred_e_via_km": null}, "geometry": {"type": "Point", "coordinates": [-76.68220100499997, -11.920769529999973]}}, {"type": "Feature", "properties": {"ruta": "PE-3S", "dist_corredor_m": 876.5, "peligro": "Inundación, flujo de detritos, erosión fluvial", "nivel": " ", "dpto": "Cusco", "prov": "Canchis", "cenepred_e_via_km": null}, "geometry": {"type": "Point", "coordinates": [-71.32134452999998, -14.205620472999954]}}, {"type": "Feature", "properties": {"ruta": "PE-28", "dist_corredor_m": 921.8, "peligro": "Inundación", "nivel": "", "dpto": "Ica", "prov": "Pisco", "cenepred_e_via_km": null}, "geometry": {"type": "Point", "coordinates": [-75.91318702499996, -13.73850108299996]}}, {"type": "Feature", "properties": {"ruta": "PE-3S", "dist_corredor_m": 64.4, "peligro": "Inundación, flujo de detritos, erosión", "nivel": null, "dpto": "Puno", "prov": "Puno", "cenepred_e_via_km": null}, "geometry": {"type": "Point", "coordinates": [-69.99442551999994, -15.864754822999942]}}, {"type": "Feature", "properties": {"ruta": "PE-3S", "dist_corredor_m": 625.8, "peligro": "Inundación", "nivel": "Muy alto", "dpto": "Puno", "prov": "Melgar", "cenepred_e_via_km": null}, "geometry": {"type": "Point", "coordinates": [-70.78363975599996, -14.60721502399997]}}, {"type": "Feature", "properties": {"ruta": "PE-22", "dist_corredor_m": 175.5, "peligro": "Inundación", "nivel": "", "dpto": "Lima", "prov": "Lima", "cenepred_e_via_km": null}, "geometry": {"type": "Point", "coordinates": [-76.68341189299997, -11.925714832999972]}}, {"type": "Feature", "properties": {"ruta": "PE-1S", "dist_corredor_m": 181.4, "peligro": "Inundación", "nivel": null, "dpto": "Ica", "prov": "Ica", "cenepred_e_via_km": null}, "geometry": {"type": "Point", "coordinates": [-75.71977366699997, -14.10591524199998]}}, {"type": "Feature", "properties": {"ruta": "PE-28", "dist_corredor_m": 231.5, "peligro": null, "nivel": "", "dpto": "Cusco", "prov": "La Convención", "cenepred_e_via_km": null}, "geometry": {"type": "Point", "coordinates": [-73.20590833999995, -12.636484092999979]}}, {"type": "Feature", "properties": {"ruta": "PE-3S", "dist_corredor_m": 22.0, "peligro": "Inundación, flujo de detritos, erosión fluvial", "nivel": " ", "dpto": "Cusco", "prov": "Cusco", "cenepred_e_via_km": 0.2}, "geometry": {"type": "Point", "coordinates": [-72.02995749199994, -13.504247177999957]}}, {"type": "Feature", "properties": {"ruta": "PE-1N", "dist_corredor_m": 953.2, "peligro": "Inundación", "nivel": null, "dpto": "Lima", "prov": "Huaral", "cenepred_e_via_km": null}, "geometry": {"type": "Point", "coordinates": [-77.23228870999998, -11.602658105999978]}}, {"type": "Feature", "properties": {"ruta": "PE-28", "dist_corredor_m": 44.3, "peligro": "", "nivel": "", "dpto": "Ica", "prov": "Pisco", "cenepred_e_via_km": null}, "geometry": {"type": "Point", "coordinates": [-75.55597669699995, -13.598393869999938]}}, {"type": "Feature", "properties": {"ruta": "PE-28", "dist_corredor_m": 574.1, "peligro": "Inundación, erosión fluvial", "nivel": "Alto", "dpto": "Cusco", "prov": "La Convención", "cenepred_e_via_km": 0.25}, "geometry": {"type": "Point", "coordinates": [-73.94125899299996, -12.310470105999968]}}, {"type": "Feature", "properties": {"ruta": "PE-28", "dist_corredor_m": 223.1, "peligro": "Inundación, erosión", "nivel": "", "dpto": "Ayacucho", "prov": "Huanta", "cenepred_e_via_km": null}, "geometry": {"type": "Point", "coordinates": [-73.94730291599996, -12.725297395999974]}}, {"type": "Feature", "properties": {"ruta": "PE-22", "dist_corredor_m": 98.5, "peligro": "Inundación", "nivel": null, "dpto": "Lima", "prov": "Lima", "cenepred_e_via_km": null}, "geometry": {"type": "Point", "coordinates": [-76.70291710199996, -11.941261646999976]}}, {"type": "Feature", "properties": {"ruta": "PE-28", "dist_corredor_m": 986.7, "peligro": "Inundación, erosión fluvial", "nivel": " ", "dpto": "Cusco", "prov": "La Convención", "cenepred_e_via_km": null}, "geometry": {"type": "Point", "coordinates": [-73.78150623699997, -12.577813588999959]}}, {"type": "Feature", "properties": {"ruta": "PE-28", "dist_corredor_m": 376.7, "peligro": "Inundación, flujo de detritos, erosión", "nivel": null, "dpto": "Cusco", "prov": "La Convención", "cenepred_e_via_km": null}, "geometry": {"type": "Point", "coordinates": [-73.95355791299994, -12.260443881999947]}}, {"type": "Feature", "properties": {"ruta": "PE-1S", "dist_corredor_m": 372.7, "peligro": null, "nivel": "", "dpto": "Moquegua", "prov": "Mariscal Nieto", "cenepred_e_via_km": null}, "geometry": {"type": "Point", "coordinates": [-70.99182612799996, -17.308342083999946]}}, {"type": "Feature", "properties": {"ruta": "PE-22", "dist_corredor_m": 281.0, "peligro": "Inundación, flujo de detritos, erosión", "nivel": null, "dpto": "Lima", "prov": "Lima", "cenepred_e_via_km": null}, "geometry": {"type": "Point", "coordinates": [-76.87100030999994, -12.007571517999963]}}, {"type": "Feature", "properties": {"ruta": "PE-3S", "dist_corredor_m": 126.5, "peligro": "Inundación", "nivel": null, "dpto": "Apurímac", "prov": "Andahuaylas", "cenepred_e_via_km": null}, "geometry": {"type": "Point", "coordinates": [-73.36574087299994, -13.652931758999955]}}, {"type": "Feature", "properties": {"ruta": "PE-3S", "dist_corredor_m": 141.2, "peligro": "Inundación", "nivel": "", "dpto": "Cusco", "prov": "Canchis", "cenepred_e_via_km": null}, "geometry": {"type": "Point", "coordinates": [-71.46397923899997, -13.993681541999933]}}, {"type": "Feature", "properties": {"ruta": "PE-22", "dist_corredor_m": 191.2, "peligro": "Inundación", "nivel": null, "dpto": "Lima", "prov": "Lima", "cenepred_e_via_km": null}, "geometry": {"type": "Point", "coordinates": [-76.71145548699997, -11.948090125999954]}}, {"type": "Feature", "properties": {"ruta": "PE-1N", "dist_corredor_m": 83.0, "peligro": "Inundación", "nivel": null, "dpto": "Lima", "prov": "Lima", "cenepred_e_via_km": null}, "geometry": {"type": "Point", "coordinates": [-77.02228526599998, -12.04377591399998]}}, {"type": "Feature", "properties": {"ruta": "PE-3S", "dist_corredor_m": 284.5, "peligro": "Inundación, erosión fluvial", "nivel": "Alto", "dpto": "Apurímac", "prov": "Chincheros", "cenepred_e_via_km": null}, "geometry": {"type": "Point", "coordinates": [-73.67077479099999, -13.53259411299996]}}, {"type": "Feature", "properties": {"ruta": "PE-1S", "dist_corredor_m": 242.5, "peligro": "", "nivel": "", "dpto": "Ica", "prov": "Nasca", "cenepred_e_via_km": null}, "geometry": {"type": "Point", "coordinates": [-74.94543208699997, -14.832521682999982]}}, {"type": "Feature", "properties": {"ruta": "PE-28", "dist_corredor_m": 378.4, "peligro": "", "nivel": "Medio", "dpto": "Ica", "prov": "Pisco", "cenepred_e_via_km": null}, "geometry": {"type": "Point", "coordinates": [-75.86436351899994, -13.720919858999935]}}, {"type": "Feature", "properties": {"ruta": "PE-3S", "dist_corredor_m": 255.8, "peligro": "Inundación", "nivel": null, "dpto": "Puno", "prov": "Chucuito", "cenepred_e_via_km": null}, "geometry": {"type": "Point", "coordinates": [-69.39109978599998, -16.22266999699997]}}, {"type": "Feature", "properties": {"ruta": "PE-1N", "dist_corredor_m": 596.5, "peligro": "Inundación, flujo de detritos, erosión", "nivel": null, "dpto": "Áncash", "prov": "Casma", "cenepred_e_via_km": null}, "geometry": {"type": "Point", "coordinates": [-78.35100094599994, -9.453594341999974]}}, {"type": "Feature", "properties": {"ruta": "PE-28", "dist_corredor_m": 88.1, "peligro": "Inundación, erosión", "nivel": "", "dpto": "Huancavelica", "prov": "Huaytará", "cenepred_e_via_km": null}, "geometry": {"type": "Point", "coordinates": [-75.38418903499996, -13.60520121299993]}}, {"type": "Feature", "properties": {"ruta": "PE-1N", "dist_corredor_m": 162.4, "peligro": null, "nivel": "", "dpto": "La Libertad", "prov": "Ascope", "cenepred_e_via_km": null}, "geometry": {"type": "Point", "coordinates": [-79.17548879699996, -7.819623926999952]}}, {"type": "Feature", "properties": {"ruta": "PE-1S", "dist_corredor_m": 792.7, "peligro": "Inundación", "nivel": "Medio", "dpto": "Ica", "prov": "Palpa", "cenepred_e_via_km": null}, "geometry": {"type": "Point", "coordinates": [-75.18399887099997, -14.528065512999945]}}, {"type": "Feature", "properties": {"ruta": "PE-28", "dist_corredor_m": 75.7, "peligro": "Inundación", "nivel": " ", "dpto": "Huancavelica", "prov": "Huaytará", "cenepred_e_via_km": null}, "geometry": {"type": "Point", "coordinates": [-75.34255698399994, -13.601807865999945]}}, {"type": "Feature", "properties": {"ruta": "PE-3S", "dist_corredor_m": 408.1, "peligro": "Inundación, erosión fluvial", "nivel": "Muy alto", "dpto": "Puno", "prov": "Melgar", "cenepred_e_via_km": null}, "geometry": {"type": "Point", "coordinates": [-70.78987555899994, -14.60611472599993]}}, {"type": "Feature", "properties": {"ruta": "PE-22", "dist_corredor_m": 195.7, "peligro": "", "nivel": "", "dpto": "Lima", "prov": "Lima", "cenepred_e_via_km": null}, "geometry": {"type": "Point", "coordinates": [-76.69253983399994, -11.935079565999956]}}, {"type": "Feature", "properties": {"ruta": "PE-28", "dist_corredor_m": 210.9, "peligro": "Inundación, erosión", "nivel": "", "dpto": "Cusco", "prov": "La Convención", "cenepred_e_via_km": null}, "geometry": {"type": "Point", "coordinates": [-72.65381671999995, -12.630796825999937]}}, {"type": "Feature", "properties": {"ruta": "PE-28", "dist_corredor_m": 450.8, "peligro": "Inundación, erosión", "nivel": "", "dpto": "Cusco", "prov": "La Convención", "cenepred_e_via_km": null}, "geometry": {"type": "Point", "coordinates": [-72.65805872099997, -12.963919104999945]}}, {"type": "Feature", "properties": {"ruta": "PE-28", "dist_corredor_m": 148.9, "peligro": "Inundación", "nivel": "", "dpto": "Ica", "prov": "Pisco", "cenepred_e_via_km": null}, "geometry": {"type": "Point", "coordinates": [-75.71813239799997, -13.639073477999943]}}, {"type": "Feature", "properties": {"ruta": "PE-1S", "dist_corredor_m": 893.9, "peligro": "Inundación", "nivel": null, "dpto": "Lima", "prov": "Lima", "cenepred_e_via_km": null}, "geometry": {"type": "Point", "coordinates": [-76.82748642799999, -12.336727222999968]}}, {"type": "Feature", "properties": {"ruta": "PE-22", "dist_corredor_m": 83.4, "peligro": null, "nivel": "", "dpto": "Lima", "prov": "Lima", "cenepred_e_via_km": null}, "geometry": {"type": "Point", "coordinates": [-76.67958451599998, -11.92433651899995]}}, {"type": "Feature", "properties": {"ruta": "PE-22", "dist_corredor_m": 89.5, "peligro": "", "nivel": "", "dpto": "Lima", "prov": "Huarochiri", "cenepred_e_via_km": null}, "geometry": {"type": "Point", "coordinates": [-76.28616741399998, -11.743230266999944]}}, {"type": "Feature", "properties": {"ruta": "PE-3S", "dist_corredor_m": 127.1, "peligro": "Inundación", "nivel": "", "dpto": "Apurímac", "prov": "Abancay", "cenepred_e_via_km": null}, "geometry": {"type": "Point", "coordinates": [-72.90219259899999, -13.636270337999974]}}, {"type": "Feature", "properties": {"ruta": "PE-1S", "dist_corredor_m": 196.6, "peligro": "Inundación, erosión fluvial", "nivel": "Alto", "dpto": "Arequipa", "prov": "Islay", "cenepred_e_via_km": null}, "geometry": {"type": "Point", "coordinates": [-71.67237958499999, -17.02238719299993]}}, {"type": "Feature", "properties": {"ruta": "PE-1S", "dist_corredor_m": 348.2, "peligro": "Inundación, flujo de detritos, erosión", "nivel": null, "dpto": "Ica", "prov": "Palpa", "cenepred_e_via_km": null}, "geometry": {"type": "Point", "coordinates": [-75.18730514099997, -14.530467948999956]}}, {"type": "Feature", "properties": {"ruta": "PE-28", "dist_corredor_m": 39.6, "peligro": "Inundación", "nivel": null, "dpto": "Cusco", "prov": "La Convención", "cenepred_e_via_km": null}, "geometry": {"type": "Point", "coordinates": [-72.53312543699997, -12.997252097999933]}}, {"type": "Feature", "properties": {"ruta": "PE-3S", "dist_corredor_m": 239.3, "peligro": "Inundación, flujo de detritos, erosión fluvial", "nivel": " ", "dpto": "Cusco", "prov": "Canchis", "cenepred_e_via_km": null}, "geometry": {"type": "Point", "coordinates": [-71.36154173899996, -14.185956939999926]}}, {"type": "Feature", "properties": {"ruta": "PE-28", "dist_corredor_m": 473.5, "peligro": "Inundación", "nivel": "Alto", "dpto": "Huancavelica", "prov": "Huaytará", "cenepred_e_via_km": null}, "geometry": {"type": "Point", "coordinates": [-75.25320794299995, -13.572437081999965]}}, {"type": "Feature", "properties": {"ruta": "PE-3S", "dist_corredor_m": 654.1, "peligro": "Inundación, erosión fluvial", "nivel": " ", "dpto": "Huancavelica", "prov": "Acobamba", "cenepred_e_via_km": null}, "geometry": {"type": "Point", "coordinates": [-74.32858723599998, -12.877399639999965]}}, {"type": "Feature", "properties": {"ruta": "PE-3S", "dist_corredor_m": 972.4, "peligro": "Inundación, flujo de detritos, erosión fluvial", "nivel": " ", "dpto": "Cusco", "prov": "Cusco", "cenepred_e_via_km": 0.2}, "geometry": {"type": "Point", "coordinates": [-72.03317140199994, -13.512287159999971]}}, {"type": "Feature", "properties": {"ruta": "PE-1N", "dist_corredor_m": 33.8, "peligro": "Inundación", "nivel": null, "dpto": "Lima", "prov": "Lima", "cenepred_e_via_km": null}, "geometry": {"type": "Point", "coordinates": [-77.02672617499996, -12.04351627899996]}}, {"type": "Feature", "properties": {"ruta": "PE-3S", "dist_corredor_m": 459.7, "peligro": "Inundación, erosión", "nivel": "", "dpto": "Cusco", "prov": "Canchis", "cenepred_e_via_km": null}, "geometry": {"type": "Point", "coordinates": [-71.40037128399996, -14.147478295999974]}}, {"type": "Feature", "properties": {"ruta": "PE-1S", "dist_corredor_m": 176.1, "peligro": "", "nivel": " ", "dpto": "Lima", "prov": "Cañete", "cenepred_e_via_km": null}, "geometry": {"type": "Point", "coordinates": [-76.39344560599994, -13.12271098499997]}}, {"type": "Feature", "properties": {"ruta": "PE-1S", "dist_corredor_m": 811.5, "peligro": "", "nivel": "Medio", "dpto": "Ica", "prov": "Nasca", "cenepred_e_via_km": null}, "geometry": {"type": "Point", "coordinates": [-74.94116893799998, -14.821354552999935]}}, {"type": "Feature", "properties": {"ruta": "PE-22", "dist_corredor_m": 417.3, "peligro": "Inundación", "nivel": null, "dpto": "Lima", "prov": "Lima", "cenepred_e_via_km": null}, "geometry": {"type": "Point", "coordinates": [-76.69540631199999, -11.92980597199994]}}, {"type": "Feature", "properties": {"ruta": "PE-3S", "dist_corredor_m": 520.8, "peligro": "Inundación", "nivel": "", "dpto": "Junín", "prov": "Concepción", "cenepred_e_via_km": null}, "geometry": {"type": "Point", "coordinates": [-75.31844721499994, -11.937532058999977]}}, {"type": "Feature", "properties": {"ruta": "PE-28", "dist_corredor_m": 202.6, "peligro": "Inundación", "nivel": " ", "dpto": "Huancavelica", "prov": "Huaytará", "cenepred_e_via_km": null}, "geometry": {"type": "Point", "coordinates": [-75.34362779799994, -13.600757501999965]}}, {"type": "Feature", "properties": {"ruta": "PE-1S", "dist_corredor_m": 876.9, "peligro": null, "nivel": "", "dpto": "Ica", "prov": "Palpa", "cenepred_e_via_km": null}, "geometry": {"type": "Point", "coordinates": [-75.21704458799996, -14.569420307999962]}}, {"type": "Feature", "properties": {"ruta": "PE-3S", "dist_corredor_m": 29.9, "peligro": null, "nivel": "", "dpto": "Ayacucho", "prov": "Huamanga", "cenepred_e_via_km": null}, "geometry": {"type": "Point", "coordinates": [-74.20660912199997, -13.097962352999957]}}, {"type": "Feature", "properties": {"ruta": "PE-22", "dist_corredor_m": 17.5, "peligro": "Erosión fluvial", "nivel": "Alto", "dpto": "Lima", "prov": "Lima", "cenepred_e_via_km": null}, "geometry": {"type": "Point", "coordinates": [-76.59331777099999, -11.90850230899997]}}, {"type": "Feature", "properties": {"ruta": "PE-1S", "dist_corredor_m": 414.9, "peligro": "Inundación, erosión fluvial", "nivel": "Alto", "dpto": "Arequipa", "prov": "Islay", "cenepred_e_via_km": null}, "geometry": {"type": "Point", "coordinates": [-71.67785801199994, -17.02278472599994]}}, {"type": "Feature", "properties": {"ruta": "PE-28", "dist_corredor_m": 235.0, "peligro": "Inundación, erosión", "nivel": "", "dpto": "Huancavelica", "prov": "Huaytará", "cenepred_e_via_km": null}, "geometry": {"type": "Point", "coordinates": [-75.35109494899996, -13.605584631999932]}}, {"type": "Feature", "properties": {"ruta": "PE-3S", "dist_corredor_m": 244.6, "peligro": "Inundación, flujo de detritos, erosión fluvial", "nivel": " ", "dpto": "Cusco", "prov": "Canchis", "cenepred_e_via_km": null}, "geometry": {"type": "Point", "coordinates": [-71.41650954799996, -14.122082297999953]}}, {"type": "Feature", "properties": {"ruta": "PE-22", "dist_corredor_m": 190.1, "peligro": "Inundación", "nivel": null, "dpto": "Lima", "prov": "Lima", "cenepred_e_via_km": null}, "geometry": {"type": "Point", "coordinates": [-76.77470461099995, -11.974557189999928]}}, {"type": "Feature", "properties": {"ruta": "PE-1S", "dist_corredor_m": 445.9, "peligro": "Inundación", "nivel": "", "dpto": "Arequipa", "prov": "Camaná", "cenepred_e_via_km": null}, "geometry": {"type": "Point", "coordinates": [-72.74217569099994, -16.599707713999976]}}, {"type": "Feature", "properties": {"ruta": "PE-1S", "dist_corredor_m": 153.8, "peligro": null, "nivel": "", "dpto": "Moquegua", "prov": "Mariscal Nieto", "cenepred_e_via_km": null}, "geometry": {"type": "Point", "coordinates": [-70.98117113599994, -17.22929357499993]}}, {"type": "Feature", "properties": {"ruta": "PE-28", "dist_corredor_m": 110.6, "peligro": "Inundación, erosión fluvial", "nivel": " ", "dpto": "Cusco", "prov": "La Convención", "cenepred_e_via_km": null}, "geometry": {"type": "Point", "coordinates": [-73.79546223499995, -12.577352332999965]}}, {"type": "Feature", "properties": {"ruta": "PE-28", "dist_corredor_m": 606.9, "peligro": "Inundación", "nivel": "", "dpto": "Ica", "prov": "Pisco", "cenepred_e_via_km": null}, "geometry": {"type": "Point", "coordinates": [-75.87413014799995, -13.726102303999937]}}, {"type": "Feature", "properties": {"ruta": "PE-3S", "dist_corredor_m": 671.1, "peligro": "Inundación, flujo de detritos, erosión", "nivel": " ", "dpto": "Junín", "prov": "Concepción", "cenepred_e_via_km": null}, "geometry": {"type": "Point", "coordinates": [-75.31944039299998, -11.93865230199998]}}, {"type": "Feature", "properties": {"ruta": "PE-3S", "dist_corredor_m": 385.2, "peligro": "Inundación, flujo de detritos, erosión fluvial", "nivel": " ", "dpto": "Ayacucho", "prov": "Huanta", "cenepred_e_via_km": null}, "geometry": {"type": "Point", "coordinates": [-74.25124001099994, -12.931062765999968]}}, {"type": "Feature", "properties": {"ruta": "PE-1S", "dist_corredor_m": 103.6, "peligro": null, "nivel": "", "dpto": "Moquegua", "prov": "Mariscal Nieto", "cenepred_e_via_km": null}, "geometry": {"type": "Point", "coordinates": [-70.97387073199997, -17.216445422999982]}}, {"type": "Feature", "properties": {"ruta": "PE-1S", "dist_corredor_m": 652.8, "peligro": null, "nivel": "", "dpto": "Ica", "prov": "Palpa", "cenepred_e_via_km": null}, "geometry": {"type": "Point", "coordinates": [-75.21312829599998, -14.561069551999935]}}, {"type": "Feature", "properties": {"ruta": "PE-3S", "dist_corredor_m": 364.0, "peligro": "", "nivel": "", "dpto": "Apurímac", "prov": "Abancay", "cenepred_e_via_km": null}, "geometry": {"type": "Point", "coordinates": [-72.73667954399997, -13.559692200999962]}}, {"type": "Feature", "properties": {"ruta": "PE-1S", "dist_corredor_m": 456.5, "peligro": null, "nivel": "", "dpto": "Arequipa", "prov": "Camaná", "cenepred_e_via_km": null}, "geometry": {"type": "Point", "coordinates": [-72.73507333599997, -16.590975925999942]}}, {"type": "Feature", "properties": {"ruta": "PE-1S", "dist_corredor_m": 231.6, "peligro": "Inundación", "nivel": "", "dpto": "Ica", "prov": "Pisco", "cenepred_e_via_km": null}, "geometry": {"type": "Point", "coordinates": [-76.16023096999999, -13.688192219999962]}}, {"type": "Feature", "properties": {"ruta": "PE-28", "dist_corredor_m": 12.9, "peligro": "Inundación, flujo de detritos, erosión", "nivel": null, "dpto": "Huancavelica", "prov": "Huaytará", "cenepred_e_via_km": null}, "geometry": {"type": "Point", "coordinates": [-75.34475386199995, -13.605955176999942]}}, {"type": "Feature", "properties": {"ruta": "PE-1S", "dist_corredor_m": 12.6, "peligro": "Inundación", "nivel": "", "dpto": "Ica", "prov": "Palpa", "cenepred_e_via_km": null}, "geometry": {"type": "Point", "coordinates": [-75.19003556299998, -14.532346393999944]}}, {"type": "Feature", "properties": {"ruta": "PE-22", "dist_corredor_m": 435.2, "peligro": "Inundación", "nivel": null, "dpto": "Lima", "prov": "Lima", "cenepred_e_via_km": null}, "geometry": {"type": "Point", "coordinates": [-76.81942711799996, -11.98546994399993]}}, {"type": "Feature", "properties": {"ruta": "PE-3S", "dist_corredor_m": 7.9, "peligro": "Inundación, flujo de detritos, erosión", "nivel": null, "dpto": "Huancavelica", "prov": "Churcampa", "cenepred_e_via_km": null}, "geometry": {"type": "Point", "coordinates": [-74.58692934299995, -12.67996339299998]}}, {"type": "Feature", "properties": {"ruta": "PE-1N", "dist_corredor_m": 16.9, "peligro": "Inundación, flujo de detritos, erosión", "nivel": "Medio", "dpto": "La Libertad", "prov": "Virú", "cenepred_e_via_km": null}, "geometry": {"type": "Point", "coordinates": [-78.67431674099998, -8.557241394999949]}}, {"type": "Feature", "properties": {"ruta": "PE-22", "dist_corredor_m": 303.6, "peligro": "Inundación", "nivel": null, "dpto": "Lima", "prov": "Lima", "cenepred_e_via_km": null}, "geometry": {"type": "Point", "coordinates": [-76.71147211799996, -11.942322408999928]}}, {"type": "Feature", "properties": {"ruta": "PE-28", "dist_corredor_m": 319.0, "peligro": "Inundación, erosión", "nivel": "", "dpto": "Ica", "prov": "Pisco", "cenepred_e_via_km": null}, "geometry": {"type": "Point", "coordinates": [-75.84031040399998, -13.713444281999955]}}, {"type": "Feature", "properties": {"ruta": "PE-28", "dist_corredor_m": 219.1, "peligro": "", "nivel": "", "dpto": "Ica", "prov": "Pisco", "cenepred_e_via_km": null}, "geometry": {"type": "Point", "coordinates": [-75.83901254599994, -13.712553595999964]}}, {"type": "Feature", "properties": {"ruta": "PE-22", "dist_corredor_m": 750.8, "peligro": "Inundación", "nivel": null, "dpto": "Lima", "prov": "Lima", "cenepred_e_via_km": null}, "geometry": {"type": "Point", "coordinates": [-76.71420543499994, -11.939301813999975]}}, {"type": "Feature", "properties": {"ruta": "PE-22", "dist_corredor_m": 65.0, "peligro": "Inundación", "nivel": "", "dpto": "Lima", "prov": "Lima", "cenepred_e_via_km": null}, "geometry": {"type": "Point", "coordinates": [-76.69028949199998, -11.930446637999978]}}, {"type": "Feature", "properties": {"ruta": "PE-1S", "dist_corredor_m": 410.8, "peligro": "Inundación, flujo de detritos, erosión", "nivel": null, "dpto": "Arequipa", "prov": "Islay", "cenepred_e_via_km": null}, "geometry": {"type": "Point", "coordinates": [-71.68376084699997, -17.023321004999957]}}, {"type": "Feature", "properties": {"ruta": "PE-28", "dist_corredor_m": 270.6, "peligro": "Inundación, flujo de detritos, erosión fluvial", "nivel": " ", "dpto": "Cusco", "prov": "Calca", "cenepred_e_via_km": null}, "geometry": {"type": "Point", "coordinates": [-71.94965610999998, -13.342044648999945]}}, {"type": "Feature", "properties": {"ruta": "PE-1N", "dist_corredor_m": 294.6, "peligro": "Inundación", "nivel": null, "dpto": "Lima", "prov": "Lima", "cenepred_e_via_km": null}, "geometry": {"type": "Point", "coordinates": [-77.04515043699996, -12.038902114999928]}}, {"type": "Feature", "properties": {"ruta": "PE-1S", "dist_corredor_m": 589.1, "peligro": "Inundación, flujo de detritos, erosión", "nivel": null, "dpto": "Ica", "prov": "Ica", "cenepred_e_via_km": null}, "geometry": {"type": "Point", "coordinates": [-75.72102398399994, -14.173467781999932]}}, {"type": "Feature", "properties": {"ruta": "PE-28", "dist_corredor_m": 575.0, "peligro": "Inundación, flujo de detritos, erosión fluvial", "nivel": " ", "dpto": "Cusco", "prov": "La Convención", "cenepred_e_via_km": null}, "geometry": {"type": "Point", "coordinates": [-72.66268929699999, -12.916865389999941]}}, {"type": "Feature", "properties": {"ruta": "PE-3S", "dist_corredor_m": 883.6, "peligro": "Inundación, flujo de detritos, erosión", "nivel": " ", "dpto": "Junín", "prov": "Concepción", "cenepred_e_via_km": null}, "geometry": {"type": "Point", "coordinates": [-75.32236592199996, -11.935131121999973]}}, {"type": "Feature", "properties": {"ruta": "PE-3S", "dist_corredor_m": 712.1, "peligro": "Inundación", "nivel": "", "dpto": "Cusco", "prov": "Quispicanchi", "cenepred_e_via_km": null}, "geometry": {"type": "Point", "coordinates": [-71.58007417399995, -13.776119956999935]}}, {"type": "Feature", "properties": {"ruta": "PE-3S", "dist_corredor_m": 848.7, "peligro": "Inundación", "nivel": null, "dpto": "Junín", "prov": "Concepción", "cenepred_e_via_km": null}, "geometry": {"type": "Point", "coordinates": [-75.32191733299999, -11.93633439399997]}}, {"type": "Feature", "properties": {"ruta": "PE-28", "dist_corredor_m": 824.2, "peligro": "Inundación", "nivel": "", "dpto": "Ayacucho", "prov": "La Mar", "cenepred_e_via_km": null}, "geometry": {"type": "Point", "coordinates": [-73.68886596899995, -12.69155249499994]}}, {"type": "Feature", "properties": {"ruta": "PE-1N", "dist_corredor_m": 446.6, "peligro": null, "nivel": "", "dpto": "Tumbes", "prov": "Tumbes", "cenepred_e_via_km": null}, "geometry": {"type": "Point", "coordinates": [-80.58415469199997, -3.641373483999928]}}, {"type": "Feature", "properties": {"ruta": "PE-28", "dist_corredor_m": 261.0, "peligro": "Inundación, flujo de detritos, erosión", "nivel": null, "dpto": "Cusco", "prov": "La Convención", "cenepred_e_via_km": null}, "geometry": {"type": "Point", "coordinates": [-72.68640922899993, -12.623436923999975]}}, {"type": "Feature", "properties": {"ruta": "PE-1S", "dist_corredor_m": 680.5, "peligro": "", "nivel": "", "dpto": "Arequipa", "prov": "Islay", "cenepred_e_via_km": null}, "geometry": {"type": "Point", "coordinates": [-71.69166078499995, -17.036808513999972]}}, {"type": "Feature", "properties": {"ruta": "PE-22", "dist_corredor_m": 432.1, "peligro": "", "nivel": "", "dpto": "Lima", "prov": "Lima", "cenepred_e_via_km": null}, "geometry": {"type": "Point", "coordinates": [-76.82013232299994, -11.985770227999978]}}, {"type": "Feature", "properties": {"ruta": "PE-3S", "dist_corredor_m": 599.7, "peligro": "Inundación, erosión", "nivel": "", "dpto": "Apurímac", "prov": "Andahuaylas", "cenepred_e_via_km": null}, "geometry": {"type": "Point", "coordinates": [-73.36241414699998, -13.656841769999971]}}, {"type": "Feature", "properties": {"ruta": "PE-3S", "dist_corredor_m": 301.9, "peligro": "Inundación", "nivel": "Muy alto", "dpto": "Puno", "prov": "Melgar", "cenepred_e_via_km": null}, "geometry": {"type": "Point", "coordinates": [-70.78435173999998, -14.610175925999954]}}, {"type": "Feature", "properties": {"ruta": "PE-28", "dist_corredor_m": 5.1, "peligro": "Inundación", "nivel": null, "dpto": "Ica", "prov": "Pisco", "cenepred_e_via_km": null}, "geometry": {"type": "Point", "coordinates": [-75.58848529899996, -13.593888685999957]}}, {"type": "Feature", "properties": {"ruta": "PE-1S", "dist_corredor_m": 115.2, "peligro": "", "nivel": "Medio", "dpto": "Lima", "prov": "Cañete", "cenepred_e_via_km": null}, "geometry": {"type": "Point", "coordinates": [-76.39433049199994, -13.124243029999946]}}, {"type": "Feature", "properties": {"ruta": "PE-1N", "dist_corredor_m": 7.2, "peligro": "Inundación, erosión fluvial", "nivel": "Muy alto", "dpto": "Piura", "prov": "Piura", "cenepred_e_via_km": null}, "geometry": {"type": "Point", "coordinates": [-80.64921804599999, -5.231093854999926]}}, {"type": "Feature", "properties": {"ruta": "PE-1N", "dist_corredor_m": 275.5, "peligro": "Inundación", "nivel": null, "dpto": "Lima", "prov": "Huaral", "cenepred_e_via_km": null}, "geometry": {"type": "Point", "coordinates": [-77.23711858999997, -11.607148399999971]}}, {"type": "Feature", "properties": {"ruta": "PE-3S", "dist_corredor_m": 147.9, "peligro": "Inundación", "nivel": "Medio", "dpto": "Ayacucho", "prov": "Huamanga", "cenepred_e_via_km": null}, "geometry": {"type": "Point", "coordinates": [-74.20391607999994, -13.135088921999966]}}, {"type": "Feature", "properties": {"ruta": "PE-3S", "dist_corredor_m": 344.3, "peligro": "Inundación", "nivel": "Muy alto", "dpto": "Puno", "prov": "Melgar", "cenepred_e_via_km": null}, "geometry": {"type": "Point", "coordinates": [-70.78117869899995, -14.614598377999982]}}, {"type": "Feature", "properties": {"ruta": "PE-28", "dist_corredor_m": 387.5, "peligro": "Inundación, flujo de detritos, erosión fluvial", "nivel": " ", "dpto": "Cusco", "prov": "Urubamba", "cenepred_e_via_km": null}, "geometry": {"type": "Point", "coordinates": [-72.03980523699994, -13.331146991999958]}}, {"type": "Feature", "properties": {"ruta": "PE-22", "dist_corredor_m": 33.0, "peligro": "Inundación", "nivel": "", "dpto": "Lima", "prov": "Lima", "cenepred_e_via_km": null}, "geometry": {"type": "Point", "coordinates": [-76.745663902, -11.967758302999925]}}, {"type": "Feature", "properties": {"ruta": "PE-28", "dist_corredor_m": 299.8, "peligro": "Inundación, erosión", "nivel": "", "dpto": "Huancavelica", "prov": "Huaytará", "cenepred_e_via_km": null}, "geometry": {"type": "Point", "coordinates": [-75.28641791699994, -13.587366026999973]}}, {"type": "Feature", "properties": {"ruta": "PE-1S", "dist_corredor_m": 35.9, "peligro": "", "nivel": "", "dpto": "Arequipa", "prov": "Caravelí", "cenepred_e_via_km": null}, "geometry": {"type": "Point", "coordinates": [-74.63633918599999, -15.628209366999954]}}, {"type": "Feature", "properties": {"ruta": "PE-22", "dist_corredor_m": 845.6, "peligro": "Inundación", "nivel": null, "dpto": "Lima", "prov": "Lima", "cenepred_e_via_km": null}, "geometry": {"type": "Point", "coordinates": [-76.74899062799994, -11.960211036999965]}}, {"type": "Feature", "properties": {"ruta": "PE-1S", "dist_corredor_m": 240.4, "peligro": "Inundación, flujo de detritos, erosión", "nivel": null, "dpto": "Moquegua", "prov": "Mariscal Nieto", "cenepred_e_via_km": null}, "geometry": {"type": "Point", "coordinates": [-70.98880173599997, -17.290356790999965]}}, {"type": "Feature", "properties": {"ruta": "PE-3S", "dist_corredor_m": 82.1, "peligro": "Inundación, flujo de detritos, erosión", "nivel": null, "dpto": "Cusco", "prov": "Anta", "cenepred_e_via_km": null}, "geometry": {"type": "Point", "coordinates": [-72.42867976799994, -13.462492487999953]}}, {"type": "Feature", "properties": {"ruta": "PE-28", "dist_corredor_m": 199.1, "peligro": "", "nivel": "", "dpto": "Cusco", "prov": "La Convención", "cenepred_e_via_km": null}, "geometry": {"type": "Point", "coordinates": [-72.69994161799997, -12.852262072999963]}}, {"type": "Feature", "properties": {"ruta": "PE-28", "dist_corredor_m": 8.7, "peligro": "Inundación, erosión", "nivel": "", "dpto": "Huancavelica", "prov": "Huaytará", "cenepred_e_via_km": null}, "geometry": {"type": "Point", "coordinates": [-75.35756305799998, -13.60363136999996]}}, {"type": "Feature", "properties": {"ruta": "PE-3S", "dist_corredor_m": 609.8, "peligro": "Inundación", "nivel": "", "dpto": "Puno", "prov": "Melgar", "cenepred_e_via_km": null}, "geometry": {"type": "Point", "coordinates": [-70.87998350299995, -14.568309023999973]}}, {"type": "Feature", "properties": {"ruta": "PE-1S", "dist_corredor_m": 389.8, "peligro": null, "nivel": "", "dpto": "Arequipa", "prov": "Islay", "cenepred_e_via_km": null}, "geometry": {"type": "Point", "coordinates": [-71.67948273399998, -17.024154134999947]}}, {"type": "Feature", "properties": {"ruta": "PE-3S", "dist_corredor_m": 336.5, "peligro": "Inundación, flujo de detritos, erosión", "nivel": null, "dpto": "Cusco", "prov": "Canchis", "cenepred_e_via_km": null}, "geometry": {"type": "Point", "coordinates": [-71.19321875399999, -14.326718453999945]}}, {"type": "Feature", "properties": {"ruta": "PE-28", "dist_corredor_m": 108.8, "peligro": "Inundación", "nivel": "", "dpto": "Ica", "prov": "Pisco", "cenepred_e_via_km": null}, "geometry": {"type": "Point", "coordinates": [-75.68471680299996, -13.628227378999952]}}, {"type": "Feature", "properties": {"ruta": "PE-1S", "dist_corredor_m": 408.6, "peligro": "Inundación, flujo de detritos, erosión", "nivel": null, "dpto": "Moquegua", "prov": "Mariscal Nieto", "cenepred_e_via_km": null}, "geometry": {"type": "Point", "coordinates": [-70.99232510399997, -17.304894884999953]}}, {"type": "Feature", "properties": {"ruta": "PE-3S", "dist_corredor_m": 707.5, "peligro": "Inundación, flujo de detritos, erosión", "nivel": null, "dpto": "Cusco", "prov": "Canchis", "cenepred_e_via_km": null}, "geometry": {"type": "Point", "coordinates": [-71.20312588199994, -14.304913545999966]}}, {"type": "Feature", "properties": {"ruta": "PE-3S", "dist_corredor_m": 136.3, "peligro": "Inundación, flujo de detritos, erosión fluvial", "nivel": " ", "dpto": "Cusco", "prov": "Cusco", "cenepred_e_via_km": 0.5}, "geometry": {"type": "Point", "coordinates": [-72.04278474299997, -13.493904252999926]}}, {"type": "Feature", "properties": {"ruta": "PE-3S", "dist_corredor_m": 463.9, "peligro": "Inundación, flujo de detritos, erosión fluvial", "nivel": " ", "dpto": "Puno", "prov": "Melgar", "cenepred_e_via_km": null}, "geometry": {"type": "Point", "coordinates": [-70.75208071899993, -14.70185999499995]}}, {"type": "Feature", "properties": {"ruta": "PE-3S", "dist_corredor_m": 289.7, "peligro": "Inundación, flujo de detritos, erosión fluvial", "nivel": " ", "dpto": "Puno", "prov": "Melgar", "cenepred_e_via_km": null}, "geometry": {"type": "Point", "coordinates": [-70.58600267399999, -14.892571723999936]}}, {"type": "Feature", "properties": {"ruta": "PE-28", "dist_corredor_m": 12.7, "peligro": null, "nivel": "", "dpto": "Huancavelica", "prov": "Huaytará", "cenepred_e_via_km": null}, "geometry": {"type": "Point", "coordinates": [-75.40141904399997, -13.609884961999967]}}, {"type": "Feature", "properties": {"ruta": "PE-22", "dist_corredor_m": 438.5, "peligro": "Inundación", "nivel": null, "dpto": "Lima", "prov": "Lima", "cenepred_e_via_km": null}, "geometry": {"type": "Point", "coordinates": [-76.68759118899999, -11.932524055999977]}}, {"type": "Feature", "properties": {"ruta": "PE-1N", "dist_corredor_m": 209.5, "peligro": "Inundación", "nivel": null, "dpto": "Lima", "prov": "Lima", "cenepred_e_via_km": null}, "geometry": {"type": "Point", "coordinates": [-77.00390598199994, -12.029309516999945]}}, {"type": "Feature", "properties": {"ruta": "PE-1S", "dist_corredor_m": 369.9, "peligro": "Inundación, flujo de detritos, erosión", "nivel": null, "dpto": "Moquegua", "prov": "Mariscal Nieto", "cenepred_e_via_km": null}, "geometry": {"type": "Point", "coordinates": [-70.99256174499999, -17.326846949999947]}}, {"type": "Feature", "properties": {"ruta": "PE-3S", "dist_corredor_m": 457.6, "peligro": "Inundación, flujo de detritos, erosión fluvial", "nivel": " ", "dpto": "Ayacucho", "prov": "Huamanga", "cenepred_e_via_km": null}, "geometry": {"type": "Point", "coordinates": [-74.23215051799997, -13.083409830999926]}}, {"type": "Feature", "properties": {"ruta": "PE-3S", "dist_corredor_m": 611.1, "peligro": "Inundación", "nivel": "", "dpto": "Apurímac", "prov": "Andahuaylas", "cenepred_e_via_km": null}, "geometry": {"type": "Point", "coordinates": [-73.39918060299993, -13.657280600999968]}}, {"type": "Feature", "properties": {"ruta": "PE-22", "dist_corredor_m": 688.3, "peligro": "Inundación", "nivel": null, "dpto": "Lima", "prov": "Lima", "cenepred_e_via_km": null}, "geometry": {"type": "Point", "coordinates": [-76.71402501699998, -11.939926476999972]}}, {"type": "Feature", "properties": {"ruta": "PE-1S", "dist_corredor_m": 436.4, "peligro": "Inundación, flujo de detritos, erosión", "nivel": null, "dpto": "Ica", "prov": "Nasca", "cenepred_e_via_km": null}, "geometry": {"type": "Point", "coordinates": [-75.15874912599998, -14.67809164299996]}}, {"type": "Feature", "properties": {"ruta": "PE-3S", "dist_corredor_m": 4.7, "peligro": "Inundación, flujo de detritos, erosión fluvial", "nivel": " ", "dpto": "Ayacucho", "prov": "Huamanga", "cenepred_e_via_km": null}, "geometry": {"type": "Point", "coordinates": [-74.21567312899998, -13.165957735999939]}}, {"type": "Feature", "properties": {"ruta": "PE-22", "dist_corredor_m": 97.8, "peligro": "Inundación", "nivel": null, "dpto": "Lima", "prov": "Lima", "cenepred_e_via_km": null}, "geometry": {"type": "Point", "coordinates": [-76.74165900699995, -11.96512097599998]}}, {"type": "Feature", "properties": {"ruta": "PE-3S", "dist_corredor_m": 294.3, "peligro": "Inundación, flujo de detritos, erosión fluvial", "nivel": " ", "dpto": "Cusco", "prov": "Quispicanchi", "cenepred_e_via_km": null}, "geometry": {"type": "Point", "coordinates": [-71.60030606599997, -13.717484895999974]}}, {"type": "Feature", "properties": {"ruta": "PE-28", "dist_corredor_m": 452.1, "peligro": "", "nivel": "Medio", "dpto": "Ica", "prov": "Pisco", "cenepred_e_via_km": null}, "geometry": {"type": "Point", "coordinates": [-75.87975178599999, -13.725756858999944]}}, {"type": "Feature", "properties": {"ruta": "PE-3S", "dist_corredor_m": 123.9, "peligro": "Inundación, flujo de detritos, erosión fluvial", "nivel": " ", "dpto": "Cusco", "prov": "Cusco", "cenepred_e_via_km": 0.5}, "geometry": {"type": "Point", "coordinates": [-72.03755053999998, -13.495504254999958]}}, {"type": "Feature", "properties": {"ruta": "PE-3S", "dist_corredor_m": 910.7, "peligro": "Inundación", "nivel": "Alto", "dpto": "Ayacucho", "prov": "Huanta", "cenepred_e_via_km": null}, "geometry": {"type": "Point", "coordinates": [-74.23874604799994, -12.932102628999928]}}, {"type": "Feature", "properties": {"ruta": "PE-1N", "dist_corredor_m": 567.2, "peligro": "Inundación", "nivel": "", "dpto": "La Libertad", "prov": "Virú", "cenepred_e_via_km": null}, "geometry": {"type": "Point", "coordinates": [-78.62927255299996, -8.96690313399995]}}, {"type": "Feature", "properties": {"ruta": "PE-28", "dist_corredor_m": 758.2, "peligro": "Inundación, flujo de detritos, erosión fluvial", "nivel": " ", "dpto": "Cusco", "prov": "Urubamba", "cenepred_e_via_km": null}, "geometry": {"type": "Point", "coordinates": [-72.27702019199995, -13.25859448999995]}}, {"type": "Feature", "properties": {"ruta": "PE-1N", "dist_corredor_m": 129.7, "peligro": "Inundación", "nivel": null, "dpto": "Lima", "prov": "Lima", "cenepred_e_via_km": null}, "geometry": {"type": "Point", "coordinates": [-77.03832458299996, -12.039518943999951]}}, {"type": "Feature", "properties": {"ruta": "PE-1N", "dist_corredor_m": 39.5, "peligro": "Inundación, erosión fluvial", "nivel": "Muy alto", "dpto": "Lima", "prov": "Lima", "cenepred_e_via_km": null}, "geometry": {"type": "Point", "coordinates": [-77.07386994499996, -11.91802963799995]}}, {"type": "Feature", "properties": {"ruta": "PE-1N", "dist_corredor_m": 363.6, "peligro": "Inundación, erosión fluvial", "nivel": "Muy alto", "dpto": "Lima", "prov": "Lima", "cenepred_e_via_km": null}, "geometry": {"type": "Point", "coordinates": [-77.07654123899994, -11.922926608999944]}}, {"type": "Feature", "properties": {"ruta": "PE-1N", "dist_corredor_m": 473.0, "peligro": "Inundación, erosión fluvial", "nivel": "Muy alto", "dpto": "Lima", "prov": "Lima", "cenepred_e_via_km": null}, "geometry": {"type": "Point", "coordinates": [-77.07715147399995, -11.927133797999943]}}, {"type": "Feature", "properties": {"ruta": "PE-1N", "dist_corredor_m": 984.8, "peligro": "Inundación, flujo de detritos, erosión fluvial", "nivel": "Muy alto", "dpto": "Áncash", "prov": "Santa", "cenepred_e_via_km": null}, "geometry": {"type": "Point", "coordinates": [-78.61473064599994, -8.960906636999937]}}, {"type": "Feature", "properties": {"ruta": "PE-1N", "dist_corredor_m": 548.2, "peligro": "Inundación, flujo de detritos, erosión fluvial", "nivel": "Muy alto", "dpto": "Áncash", "prov": "Santa", "cenepred_e_via_km": 10.0}, "geometry": {"type": "Point", "coordinates": [-78.62703961599993, -8.968280963999973]}}, {"type": "Feature", "properties": {"ruta": "PE-1N", "dist_corredor_m": 113.6, "peligro": "Inundación, flujo de detritos, erosión fluvial", "nivel": "Muy alto", "dpto": "Áncash", "prov": "Santa", "cenepred_e_via_km": 10.0}, "geometry": {"type": "Point", "coordinates": [-78.62190273499994, -8.966437241999927]}}, {"type": "Feature", "properties": {"ruta": "PE-22", "dist_corredor_m": 650.4, "peligro": "Flujo de detritos", "nivel": "Muy alto", "dpto": "Lima", "prov": "Huarochiri", "cenepred_e_via_km": 0.3}, "geometry": {"type": "Point", "coordinates": [-76.54152486399994, -11.918318922999958]}}, {"type": "Feature", "properties": {"ruta": "PE-22", "dist_corredor_m": 11.0, "peligro": "Flujo de detritos", "nivel": "Muy alto", "dpto": "Lima", "prov": "Huarochiri", "cenepred_e_via_km": 0.3}, "geometry": {"type": "Point", "coordinates": [-76.54409339699998, -11.913097573999949]}}, {"type": "Feature", "properties": {"ruta": "PE-22", "dist_corredor_m": 7.0, "peligro": "Flujo de detritos, erosión fluvial", "nivel": "Muy alto", "dpto": "Lima", "prov": "Huarochiri", "cenepred_e_via_km": 0.3}, "geometry": {"type": "Point", "coordinates": [-76.55611718499995, -11.917542573999981]}}, {"type": "Feature", "properties": {"ruta": "PE-22", "dist_corredor_m": 341.8, "peligro": "Flujo de detritos, erosión fluvial", "nivel": "Muy alto", "dpto": "Lima", "prov": "Huarochiri", "cenepred_e_via_km": 0.3}, "geometry": {"type": "Point", "coordinates": [-76.57211605999998, -11.91554623099995]}}, {"type": "Feature", "properties": {"ruta": "PE-22", "dist_corredor_m": 88.9, "peligro": "Flujo de detritos, erosión fluvial", "nivel": "Muy alto", "dpto": "Lima", "prov": "Huarochiri", "cenepred_e_via_km": 0.3}, "geometry": {"type": "Point", "coordinates": [-76.56912428799995, -11.912516322999977]}}, {"type": "Feature", "properties": {"ruta": "PE-22", "dist_corredor_m": 726.0, "peligro": "Flujo de detritos", "nivel": "Muy alto", "dpto": "Lima", "prov": "Huarochiri", "cenepred_e_via_km": 0.3}, "geometry": {"type": "Point", "coordinates": [-76.53986199299999, -11.918102007999948]}}, {"type": "Feature", "properties": {"ruta": "PE-22", "dist_corredor_m": 46.5, "peligro": "Flujo de detritos", "nivel": "Muy alto", "dpto": "Lima", "prov": "Huarochiri", "cenepred_e_via_km": 0.3}, "geometry": {"type": "Point", "coordinates": [-76.54226873499994, -11.911859987999946]}}, {"type": "Feature", "properties": {"ruta": "PE-1S", "dist_corredor_m": 14.3, "peligro": "Inundación, erosión fluvial", "nivel": "Alto", "dpto": "Ica", "prov": "Nasca", "cenepred_e_via_km": null}, "geometry": {"type": "Point", "coordinates": [-74.98599712599997, -14.91594301799995]}}, {"type": "Feature", "properties": {"ruta": "PE-1S", "dist_corredor_m": 575.0, "peligro": "Erosión fluvial", "nivel": "Alto", "dpto": "Ica", "prov": "Nasca", "cenepred_e_via_km": null}, "geometry": {"type": "Point", "coordinates": [-74.96527663599994, -14.827326751999976]}}, {"type": "Feature", "properties": {"ruta": "PE-1S", "dist_corredor_m": 606.3, "peligro": "Inundación", "nivel": "Muy alto", "dpto": "Ica", "prov": "Ica", "cenepred_e_via_km": null}, "geometry": {"type": "Point", "coordinates": [-75.68461665299998, -14.293050995999977]}}, {"type": "Feature", "properties": {"ruta": "PE-28", "dist_corredor_m": 60.5, "peligro": "Inundación, erosión fluvial", "nivel": "Muy alto", "dpto": "Huancavelica", "prov": "Huaytará", "cenepred_e_via_km": null}, "geometry": {"type": "Point", "coordinates": [-75.35736056599995, -13.60421939899993]}}, {"type": "Feature", "properties": {"ruta": "PE-28", "dist_corredor_m": 27.4, "peligro": "Inundación, erosión fluvial", "nivel": "Muy alto", "dpto": "Huancavelica", "prov": "Huaytará", "cenepred_e_via_km": null}, "geometry": {"type": "Point", "coordinates": [-75.36315777899995, -13.598839988999941]}}, {"type": "Feature", "properties": {"ruta": "PE-22", "dist_corredor_m": 74.1, "peligro": "Erosión fluvial", "nivel": "Muy alto", "dpto": "Lima", "prov": "Lima", "cenepred_e_via_km": null}, "geometry": {"type": "Point", "coordinates": [-76.97130014299995, -12.026240076999954]}}, {"type": "Feature", "properties": {"ruta": "PE-22", "dist_corredor_m": 477.6, "peligro": "Erosión fluvial", "nivel": "Muy alto", "dpto": "Lima", "prov": "Lima", "cenepred_e_via_km": null}, "geometry": {"type": "Point", "coordinates": [-76.98394127199998, -12.026117922999958]}}, {"type": "Feature", "properties": {"ruta": "PE-22", "dist_corredor_m": 926.6, "peligro": "Inundación, flujo de detritos, erosión fluvial", "nivel": "Muy alto", "dpto": "Lima", "prov": "Lima", "cenepred_e_via_km": null}, "geometry": {"type": "Point", "coordinates": [-76.77162981299995, -11.984823050999978]}}, {"type": "Feature", "properties": {"ruta": "PE-22", "dist_corredor_m": 768.4, "peligro": "Inundación, flujo de detritos, erosión fluvial", "nivel": "Alto", "dpto": "Lima", "prov": "Lima", "cenepred_e_via_km": null}, "geometry": {"type": "Point", "coordinates": [-76.77298999099997, -11.983699705999982]}}, {"type": "Feature", "properties": {"ruta": "PE-22", "dist_corredor_m": 418.4, "peligro": "Erosión fluvial", "nivel": "Muy alto", "dpto": "Lima", "prov": "Lima", "cenepred_e_via_km": null}, "geometry": {"type": "Point", "coordinates": [-76.82356747299997, -11.987329746999933]}}, {"type": "Feature", "properties": {"ruta": "PE-22", "dist_corredor_m": 474.2, "peligro": "Erosión fluvial", "nivel": "Muy alto", "dpto": "Lima", "prov": "Lima", "cenepred_e_via_km": null}, "geometry": {"type": "Point", "coordinates": [-76.83341604499998, -11.990944385999967]}}, {"type": "Feature", "properties": {"ruta": "PE-22", "dist_corredor_m": 240.7, "peligro": "Erosión fluvial", "nivel": "Muy alto", "dpto": "Lima", "prov": "Lima", "cenepred_e_via_km": null}, "geometry": {"type": "Point", "coordinates": [-76.86471577199995, -12.006791577999934]}}, {"type": "Feature", "properties": {"ruta": "PE-22", "dist_corredor_m": 364.7, "peligro": "Erosión fluvial", "nivel": "Muy alto", "dpto": "Lima", "prov": "Lima", "cenepred_e_via_km": null}, "geometry": {"type": "Point", "coordinates": [-76.88055449199999, -12.009613498999954]}}, {"type": "Feature", "properties": {"ruta": "PE-22", "dist_corredor_m": 294.2, "peligro": "Erosión fluvial", "nivel": "Muy alto", "dpto": "Lima", "prov": "Huarochiri", "cenepred_e_via_km": null}, "geometry": {"type": "Point", "coordinates": [-76.65560451099998, -11.92708207499993]}}, {"type": "Feature", "properties": {"ruta": "PE-22", "dist_corredor_m": 269.6, "peligro": "Erosión fluvial", "nivel": "Muy alto", "dpto": "Lima", "prov": "Huarochiri", "cenepred_e_via_km": null}, "geometry": {"type": "Point", "coordinates": [-76.50834469899996, -11.901024697999958]}}, {"type": "Feature", "properties": {"ruta": "PE-22", "dist_corredor_m": 261.4, "peligro": "Erosión fluvial", "nivel": "Muy alto", "dpto": "Lima", "prov": "Huarochiri", "cenepred_e_via_km": null}, "geometry": {"type": "Point", "coordinates": [-76.52123094399997, -11.903626781999947]}}, {"type": "Feature", "properties": {"ruta": "PE-22", "dist_corredor_m": 179.4, "peligro": "Erosión fluvial", "nivel": "Muy alto", "dpto": "Lima", "prov": "Lima", "cenepred_e_via_km": null}, "geometry": {"type": "Point", "coordinates": [-76.78486606299998, -11.977382625999951]}}, {"type": "Feature", "properties": {"ruta": "PE-22", "dist_corredor_m": 408.6, "peligro": "Erosión fluvial", "nivel": "Muy alto", "dpto": "Lima", "prov": "Lima", "cenepred_e_via_km": null}, "geometry": {"type": "Point", "coordinates": [-76.81988528399995, -11.985898382999949]}}, {"type": "Feature", "properties": {"ruta": "PE-22", "dist_corredor_m": 376.8, "peligro": "Erosión fluvial", "nivel": "Muy alto", "dpto": "Lima", "prov": "Lima", "cenepred_e_via_km": null}, "geometry": {"type": "Point", "coordinates": [-76.88155609499995, -12.009724266999967]}}, {"type": "Feature", "properties": {"ruta": "PE-22", "dist_corredor_m": 134.8, "peligro": "Erosión fluvial", "nivel": "Muy alto", "dpto": "Lima", "prov": "Lima", "cenepred_e_via_km": null}, "geometry": {"type": "Point", "coordinates": [-76.89424082599999, -12.012992029999964]}}, {"type": "Feature", "properties": {"ruta": "PE-1N", "dist_corredor_m": 282.7, "peligro": "Inundación, erosión fluvial", "nivel": "Alto", "dpto": "La Libertad", "prov": "Virú", "cenepred_e_via_km": null}, "geometry": {"type": "Point", "coordinates": [-78.78104154099998, -8.42120719099995]}}, {"type": "Feature", "properties": {"ruta": "PE-28", "dist_corredor_m": 436.2, "peligro": "Inundación", "nivel": "Medio", "dpto": "Cusco", "prov": "Calca", "cenepred_e_via_km": null}, "geometry": {"type": "Point", "coordinates": [-71.90091888799998, -13.398317052999971]}}, {"type": "Feature", "properties": {"ruta": "PE-28", "dist_corredor_m": 169.5, "peligro": "Inundación", "nivel": "Medio", "dpto": "Cusco", "prov": "Calca", "cenepred_e_via_km": null}, "geometry": {"type": "Point", "coordinates": [-71.89735495899998, -13.40347916899998]}}, {"type": "Feature", "properties": {"ruta": "PE-1N", "dist_corredor_m": 667.4, "peligro": "Inundación, erosión fluvial", "nivel": "Muy alto", "dpto": "Tumbes", "prov": "Tumbes", "cenepred_e_via_km": null}, "geometry": {"type": "Point", "coordinates": [-80.46684725899996, -3.58633318699998]}}, {"type": "Feature", "properties": {"ruta": "PE-22", "dist_corredor_m": 124.7, "peligro": "Erosión fluvial", "nivel": "Muy alto", "dpto": "Lima", "prov": "Lima", "cenepred_e_via_km": 1.25}, "geometry": {"type": "Point", "coordinates": [-76.96538488199997, -12.025959487999955]}}, {"type": "Feature", "properties": {"ruta": "PE-28", "dist_corredor_m": 588.0, "peligro": "Inundación", "nivel": "Muy alto", "dpto": "Cusco", "prov": "La Convención", "cenepred_e_via_km": null}, "geometry": {"type": "Point", "coordinates": [-73.60675917499998, -12.809275162999938]}}, {"type": "Feature", "properties": {"ruta": "PE-22", "dist_corredor_m": 178.9, "peligro": "Erosión fluvial", "nivel": "Muy alto", "dpto": "Lima", "prov": "Lima", "cenepred_e_via_km": 1.25}, "geometry": {"type": "Point", "coordinates": [-76.95469612399995, -12.022393464999936]}}, {"type": "Feature", "properties": {"ruta": "PE-28", "dist_corredor_m": 190.1, "peligro": "Inundación", "nivel": "Muy alto", "dpto": "Cusco", "prov": "La Convención", "cenepred_e_via_km": null}, "geometry": {"type": "Point", "coordinates": [-73.60213396099994, -12.794361090999928]}}, {"type": "Feature", "properties": {"ruta": "PE-22", "dist_corredor_m": 187.3, "peligro": "Erosión fluvial", "nivel": "Muy alto", "dpto": "Lima", "prov": "Lima", "cenepred_e_via_km": 2.8}, "geometry": {"type": "Point", "coordinates": [-76.95472585899995, -12.022463784999957]}}, {"type": "Feature", "properties": {"ruta": "PE-22", "dist_corredor_m": 134.7, "peligro": "Erosión fluvial", "nivel": "Muy alto", "dpto": "Lima", "prov": "Lima", "cenepred_e_via_km": 2.8}, "geometry": {"type": "Point", "coordinates": [-76.94208152799996, -12.021096769999929]}}, {"type": "Feature", "properties": {"ruta": "PE-28", "dist_corredor_m": 82.2, "peligro": "Flujo de detritos, erosión fluvial", "nivel": "Alto", "dpto": "Junín", "prov": "Satipo", "cenepred_e_via_km": 2.5}, "geometry": {"type": "Point", "coordinates": [-73.94893995999996, -11.922834016999957]}}, {"type": "Feature", "properties": {"ruta": "PE-1S", "dist_corredor_m": 58.6, "peligro": "Inundación, erosión fluvial", "nivel": "Muy alto", "dpto": "Ica", "prov": "Palpa", "cenepred_e_via_km": null}, "geometry": {"type": "Point", "coordinates": [-75.21144832199997, -14.519068810999954]}}, {"type": "Feature", "properties": {"ruta": "PE-1S", "dist_corredor_m": 781.1, "peligro": "Inundación, erosión fluvial", "nivel": "Muy alto", "dpto": "Ica", "prov": "Palpa", "cenepred_e_via_km": 0.9}, "geometry": {"type": "Point", "coordinates": [-75.19950135599998, -14.537277652999933]}}, {"type": "Feature", "properties": {"ruta": "PE-28", "dist_corredor_m": 673.3, "peligro": "Flujo de detritos, erosión fluvial", "nivel": "Alto", "dpto": "Junín", "prov": "Satipo", "cenepred_e_via_km": 2.5}, "geometry": {"type": "Point", "coordinates": [-73.94159029699995, -11.923276057999942]}}, {"type": "Feature", "properties": {"ruta": "PE-1S", "dist_corredor_m": 22.9, "peligro": "Inundación, erosión fluvial", "nivel": "Muy alto", "dpto": "Ica", "prov": "Nasca", "cenepred_e_via_km": null}, "geometry": {"type": "Point", "coordinates": [-74.98869941199996, -14.976544184999966]}}, {"type": "Feature", "properties": {"ruta": "PE-1S", "dist_corredor_m": 46.0, "peligro": "Inundación, erosión fluvial", "nivel": "Muy alto", "dpto": "Ica", "prov": "Palpa", "cenepred_e_via_km": null}, "geometry": {"type": "Point", "coordinates": [-75.21123252399997, -14.518862857999977]}}, {"type": "Feature", "properties": {"ruta": "PE-1N", "dist_corredor_m": 324.5, "peligro": "Inundación, flujo de detritos, erosión fluvial", "nivel": "Muy alto", "dpto": "Tumbes", "prov": "Zarumilla", "cenepred_e_via_km": null}, "geometry": {"type": "Point", "coordinates": [-80.24513848199996, -3.511066118999963]}}, {"type": "Feature", "properties": {"ruta": "PE-1N", "dist_corredor_m": 396.7, "peligro": "Inundación, flujo de detritos, erosión fluvial", "nivel": "Muy alto", "dpto": "Tumbes", "prov": "Zarumilla", "cenepred_e_via_km": null}, "geometry": {"type": "Point", "coordinates": [-80.24897026899998, -3.504031276999967]}}, {"type": "Feature", "properties": {"ruta": "PE-1N", "dist_corredor_m": 111.4, "peligro": "Inundación, flujo de detritos", "nivel": "Muy alto", "dpto": "Lima", "prov": "Huaral", "cenepred_e_via_km": 0.36}, "geometry": {"type": "Point", "coordinates": [-77.24075542599996, -11.60800584499998]}}, {"type": "Feature", "properties": {"ruta": "PE-1N", "dist_corredor_m": 120.1, "peligro": "Inundación, flujo de detritos", "nivel": "Muy alto", "dpto": "Lima", "prov": "Huaral", "cenepred_e_via_km": 0.36}, "geometry": {"type": "Point", "coordinates": [-77.24061064499995, -11.608241936999946]}}, {"type": "Feature", "properties": {"ruta": "PE-1N", "dist_corredor_m": 101.7, "peligro": "Inundación, flujo de detritos", "nivel": "Muy alto", "dpto": "Lima", "prov": "Huaral", "cenepred_e_via_km": 0.36}, "geometry": {"type": "Point", "coordinates": [-77.24089104099994, -11.607769823999945]}}, {"type": "Feature", "properties": {"ruta": "PE-1N", "dist_corredor_m": 748.5, "peligro": "Inundación, flujo de detritos", "nivel": "Muy alto", "dpto": "Lima", "prov": "Huaral", "cenepred_e_via_km": 0.51}, "geometry": {"type": "Point", "coordinates": [-77.23348255199994, -11.604085802999975]}}, {"type": "Feature", "properties": {"ruta": "PE-1N", "dist_corredor_m": 783.1, "peligro": "Inundación, flujo de detritos", "nivel": "Muy alto", "dpto": "Lima", "prov": "Huaral", "cenepred_e_via_km": 0.51}, "geometry": {"type": "Point", "coordinates": [-77.23389800299998, -11.603305382999963]}}, {"type": "Feature", "properties": {"ruta": "PE-1N", "dist_corredor_m": 979.5, "peligro": "Inundación, flujo de detritos", "nivel": "Muy alto", "dpto": "Lima", "prov": "Huaral", "cenepred_e_via_km": 0.36}, "geometry": {"type": "Point", "coordinates": [-77.24715518799997, -11.61276388799996]}}, {"type": "Feature", "properties": {"ruta": "PE-1N", "dist_corredor_m": 979.2, "peligro": "Inundación, flujo de detritos", "nivel": "Muy alto", "dpto": "Lima", "prov": "Huaral", "cenepred_e_via_km": 0.36}, "geometry": {"type": "Point", "coordinates": [-77.24687335199997, -11.61305527299993]}}, {"type": "Feature", "properties": {"ruta": "PE-1N", "dist_corredor_m": 971.7, "peligro": "Inundación, flujo de detritos", "nivel": "Muy alto", "dpto": "Lima", "prov": "Huaral", "cenepred_e_via_km": 0.36}, "geometry": {"type": "Point", "coordinates": [-77.24743702299997, -11.612472502999935]}}, {"type": "Feature", "properties": {"ruta": "PE-1N", "dist_corredor_m": 129.5, "peligro": "Inundación, erosión fluvial", "nivel": "Alto", "dpto": "Lima", "prov": "Lima", "cenepred_e_via_km": null}, "geometry": {"type": "Point", "coordinates": [-77.06911932099996, -11.908800619999965]}}, {"type": "Feature", "properties": {"ruta": "PE-1N", "dist_corredor_m": 247.6, "peligro": "Inundación, erosión fluvial", "nivel": "Muy alto", "dpto": "Lima", "prov": "Lima", "cenepred_e_via_km": null}, "geometry": {"type": "Point", "coordinates": [-77.06564198899997, -11.904072122999935]}}, {"type": "Feature", "properties": {"ruta": "PE-1N", "dist_corredor_m": 522.2, "peligro": "Inundación, erosión fluvial", "nivel": "Muy alto", "dpto": "Lima", "prov": "Lima", "cenepred_e_via_km": null}, "geometry": {"type": "Point", "coordinates": [-77.06294183799997, -11.900160340999946]}}, {"type": "Feature", "properties": {"ruta": "PE-1N", "dist_corredor_m": 132.6, "peligro": "Inundación, erosión fluvial", "nivel": "Alto", "dpto": "Lima", "prov": "Lima", "cenepred_e_via_km": null}, "geometry": {"type": "Point", "coordinates": [-77.07033500699998, -11.910572178999928]}}, {"type": "Feature", "properties": {"ruta": "PE-1N", "dist_corredor_m": 140.8, "peligro": "Inundación, erosión fluvial", "nivel": "Muy alto", "dpto": "Lima", "prov": "Lima", "cenepred_e_via_km": null}, "geometry": {"type": "Point", "coordinates": [-77.06893509499997, -11.908711591999975]}}, {"type": "Feature", "properties": {"ruta": "PE-1N", "dist_corredor_m": 282.6, "peligro": "Inundación, erosión fluvial", "nivel": "Muy alto", "dpto": "Lima", "prov": "Lima", "cenepred_e_via_km": null}, "geometry": {"type": "Point", "coordinates": [-77.06508359099996, -11.903045876999954]}}, {"type": "Feature", "properties": {"ruta": "PE-1N", "dist_corredor_m": 526.7, "peligro": "Inundación, erosión fluvial", "nivel": "Muy alto", "dpto": "Lima", "prov": "Lima", "cenepred_e_via_km": null}, "geometry": {"type": "Point", "coordinates": [-77.06289932999994, -11.900145919999943]}}, {"type": "Feature", "properties": {"ruta": "PE-28", "dist_corredor_m": 147.8, "peligro": "Inundación, flujo de detritos, erosión fluvial", "nivel": "Muy alto", "dpto": "Cusco", "prov": "Calca", "cenepred_e_via_km": 1.5}, "geometry": {"type": "Point", "coordinates": [-72.02224449899995, -13.311595852999972]}}, {"type": "Feature", "properties": {"ruta": "PE-3S", "dist_corredor_m": 760.1, "peligro": "Inundación, erosión fluvial", "nivel": "Alto", "dpto": "Ayacucho", "prov": "Huamanga", "cenepred_e_via_km": 0.15}, "geometry": {"type": "Point", "coordinates": [-74.21152463399994, -13.179236506999928]}}, {"type": "Feature", "properties": {"ruta": "PE-28", "dist_corredor_m": 904.9, "peligro": "Inundación, erosión fluvial", "nivel": "Alto", "dpto": "Ayacucho", "prov": "Huamanga", "cenepred_e_via_km": 2.0}, "geometry": {"type": "Point", "coordinates": [-74.23024738099997, -13.167358134999972]}}, {"type": "Feature", "properties": {"ruta": "PE-28", "dist_corredor_m": 875.3, "peligro": "Inundación, erosión fluvial", "nivel": "Alto", "dpto": "Ayacucho", "prov": "Huamanga", "cenepred_e_via_km": 1.6}, "geometry": {"type": "Point", "coordinates": [-74.34359739299998, -13.334687951999967]}}, {"type": "Feature", "properties": {"ruta": "PE-3S", "dist_corredor_m": 35.2, "peligro": "Inundación, erosión fluvial", "nivel": "Alto", "dpto": "Ayacucho", "prov": "Huanta", "cenepred_e_via_km": 2.0}, "geometry": {"type": "Point", "coordinates": [-74.32794278299997, -12.866755269999942]}}, {"type": "Feature", "properties": {"ruta": "PE-3S", "dist_corredor_m": 90.5, "peligro": "Inundación, erosión fluvial", "nivel": "Alto", "dpto": "Ayacucho", "prov": "Huamanga", "cenepred_e_via_km": null}, "geometry": {"type": "Point", "coordinates": [-74.22883685999994, -13.084141391999935]}}, {"type": "Feature", "properties": {"ruta": "PE-3S", "dist_corredor_m": 126.7, "peligro": "Inundación, erosión fluvial", "nivel": "Alto", "dpto": "Ayacucho", "prov": "Huamanga", "cenepred_e_via_km": 0.2}, "geometry": {"type": "Point", "coordinates": [-74.22923182799997, -13.084676043999934]}}, {"type": "Feature", "properties": {"ruta": "PE-28", "dist_corredor_m": 843.8, "peligro": "Inundación, erosión fluvial", "nivel": "Alto", "dpto": "Ayacucho", "prov": "Huamanga", "cenepred_e_via_km": 0.5}, "geometry": {"type": "Point", "coordinates": [-74.34025047599994, -13.305627476999973]}}, {"type": "Feature", "properties": {"ruta": "PE-3S", "dist_corredor_m": 168.9, "peligro": "Inundación, erosión fluvial", "nivel": "Alto", "dpto": "Ayacucho", "prov": "Huamanga", "cenepred_e_via_km": null}, "geometry": {"type": "Point", "coordinates": [-74.21958591699996, -13.162868308999975]}}, {"type": "Feature", "properties": {"ruta": "PE-3S", "dist_corredor_m": 868.1, "peligro": "Inundación, erosión fluvial", "nivel": "Alto", "dpto": "Ayacucho", "prov": "Huamanga", "cenepred_e_via_km": 0.15}, "geometry": {"type": "Point", "coordinates": [-74.21469715599994, -13.191344197999967]}}, {"type": "Feature", "properties": {"ruta": "PE-28", "dist_corredor_m": 697.6, "peligro": "Inundación, erosión fluvial", "nivel": "Alto", "dpto": "Ayacucho", "prov": "Huamanga", "cenepred_e_via_km": 2.0}, "geometry": {"type": "Point", "coordinates": [-74.23799733299995, -13.173574946999963]}}, {"type": "Feature", "properties": {"ruta": "PE-3S", "dist_corredor_m": 747.7, "peligro": "Inundación, erosión fluvial", "nivel": "Alto", "dpto": "Ayacucho", "prov": "Huanta", "cenepred_e_via_km": 2.0}, "geometry": {"type": "Point", "coordinates": [-74.32589351099995, -12.905893814999956]}}, {"type": "Feature", "properties": {"ruta": "PE-28", "dist_corredor_m": 66.0, "peligro": "Inundación, erosión fluvial", "nivel": "Alto", "dpto": "Ayacucho", "prov": "Huamanga", "cenepred_e_via_km": null}, "geometry": {"type": "Point", "coordinates": [-74.19954862299994, -13.053382217999967]}}, {"type": "Feature", "properties": {"ruta": "PE-3S", "dist_corredor_m": 260.2, "peligro": "Inundación, erosión fluvial", "nivel": "Alto", "dpto": "Ayacucho", "prov": "Huamanga", "cenepred_e_via_km": 0.2}, "geometry": {"type": "Point", "coordinates": [-74.19967484999995, -13.10576212799998]}}, {"type": "Feature", "properties": {"ruta": "PE-28", "dist_corredor_m": 554.5, "peligro": "Inundación, erosión fluvial", "nivel": "Alto", "dpto": "Ayacucho", "prov": "Huamanga", "cenepred_e_via_km": 0.5}, "geometry": {"type": "Point", "coordinates": [-74.33972599299994, -13.308383912999943]}}, {"type": "Feature", "properties": {"ruta": "PE-3S", "dist_corredor_m": 10.2, "peligro": "Inundación, erosión fluvial", "nivel": "Alto", "dpto": "Ayacucho", "prov": "Huamanga", "cenepred_e_via_km": null}, "geometry": {"type": "Point", "coordinates": [-74.21564576499998, -13.165858191999973]}}, {"type": "Feature", "properties": {"ruta": "PE-22", "dist_corredor_m": 479.1, "peligro": "Erosión fluvial", "nivel": "Muy alto", "dpto": "Lima", "prov": "Lima", "cenepred_e_via_km": 1.25}, "geometry": {"type": "Point", "coordinates": [-76.98401561199995, -12.026125709999974]}}, {"type": "Feature", "properties": {"ruta": "PE-1N", "dist_corredor_m": 206.7, "peligro": "Erosión fluvial", "nivel": "Muy alto", "dpto": "Lima", "prov": "Lima", "cenepred_e_via_km": 3.5}, "geometry": {"type": "Point", "coordinates": [-77.00116510199996, -12.028280988999938]}}, {"type": "Feature", "properties": {"ruta": "PE-22", "dist_corredor_m": 133.5, "peligro": "Inundación, erosión fluvial", "nivel": "Muy alto", "dpto": "Lima", "prov": "Lima", "cenepred_e_via_km": 2.0}, "geometry": {"type": "Point", "coordinates": [-76.89431359299994, -12.013041445999932]}}, {"type": "Feature", "properties": {"ruta": "PE-22", "dist_corredor_m": 126.8, "peligro": "Inundación, erosión fluvial", "nivel": "Muy alto", "dpto": "Lima", "prov": "Lima", "cenepred_e_via_km": 2.0}, "geometry": {"type": "Point", "coordinates": [-76.89948198499997, -12.014050160999943]}}, {"type": "Feature", "properties": {"ruta": "PE-22", "dist_corredor_m": 30.9, "peligro": "Inundación, erosión fluvial", "nivel": "Muy alto", "dpto": "Lima", "prov": "Lima", "cenepred_e_via_km": 2.0}, "geometry": {"type": "Point", "coordinates": [-76.90060740199993, -12.014792731999933]}}, {"type": "Feature", "properties": {"ruta": "PE-22", "dist_corredor_m": 186.9, "peligro": "Inundación, erosión fluvial", "nivel": "Muy alto", "dpto": "Lima", "prov": "Lima", "cenepred_e_via_km": 2.0}, "geometry": {"type": "Point", "coordinates": [-76.904653694, -12.016979688999982]}}, {"type": "Feature", "properties": {"ruta": "PE-1N", "dist_corredor_m": 456.5, "peligro": "Erosión fluvial", "nivel": "Muy alto", "dpto": "Lima", "prov": "Lima", "cenepred_e_via_km": 1.25}, "geometry": {"type": "Point", "coordinates": [-76.99119308899998, -12.026987495999947]}}, {"type": "Feature", "properties": {"ruta": "PE-1N", "dist_corredor_m": 289.4, "peligro": "Erosión fluvial", "nivel": "Muy alto", "dpto": "Lima", "prov": "Lima", "cenepred_e_via_km": 3.5}, "geometry": {"type": "Point", "coordinates": [-77.01171231099994, -12.03283277199995]}}, {"type": "Feature", "properties": {"ruta": "PE-22", "dist_corredor_m": 177.2, "peligro": "Inundación, erosión fluvial", "nivel": "Muy alto", "dpto": "Lima", "prov": "Lima", "cenepred_e_via_km": 2.0}, "geometry": {"type": "Point", "coordinates": [-76.89897950899996, -12.013927266999929]}}, {"type": "Feature", "properties": {"ruta": "PE-22", "dist_corredor_m": 33.1, "peligro": "Inundación, erosión fluvial", "nivel": "Muy alto", "dpto": "Lima", "prov": "Lima", "cenepred_e_via_km": 2.0}, "geometry": {"type": "Point", "coordinates": [-76.90042237499995, -12.014595135999969]}}, {"type": "Feature", "properties": {"ruta": "PE-22", "dist_corredor_m": 186.9, "peligro": "Inundación, erosión fluvial", "nivel": "Muy alto", "dpto": "Lima", "prov": "Lima", "cenepred_e_via_km": 2.0}, "geometry": {"type": "Point", "coordinates": [-76.904653694, -12.016979688999982]}}, {"type": "Feature", "properties": {"ruta": "PE-22", "dist_corredor_m": 82.2, "peligro": "Inundación, erosión fluvial", "nivel": "Muy alto", "dpto": "Lima", "prov": "Lima", "cenepred_e_via_km": 2.0}, "geometry": {"type": "Point", "coordinates": [-76.91061627899995, -12.01876481499994]}}, {"type": "Feature", "properties": {"ruta": "PE-28", "dist_corredor_m": 574.1, "peligro": "Inundación, erosión fluvial", "nivel": "Muy Alto", "dpto": "Cusco", "prov": "La Convención", "cenepred_e_via_km": 0.25}, "geometry": {"type": "Point", "coordinates": [-73.94125899299996, -12.310470105999968]}}, {"type": "Feature", "properties": {"ruta": "PE-28", "dist_corredor_m": 574.5, "peligro": "Inundación, erosión fluvial", "nivel": "Muy Alto", "dpto": "Cusco", "prov": "La Convención", "cenepred_e_via_km": 0.25}, "geometry": {"type": "Point", "coordinates": [-73.94424494999998, -12.334098765999954]}}, {"type": "Feature", "properties": {"ruta": "PE-28", "dist_corredor_m": 234.3, "peligro": "Inundación, flujo de detritos, erosión fluvial", "nivel": "Muy alto", "dpto": "Junín", "prov": "Satipo", "cenepred_e_via_km": null}, "geometry": {"type": "Point", "coordinates": [-74.53003098599999, -11.339483141999949]}}, {"type": "Feature", "properties": {"ruta": "PE-22", "dist_corredor_m": 118.9, "peligro": "Inundación", "nivel": "Muy alto", "dpto": "Lima", "prov": "Lima", "cenepred_e_via_km": null}, "geometry": {"type": "Point", "coordinates": [-76.75049398099998, -11.968679164999969]}}, {"type": "Feature", "properties": {"ruta": "PE-28", "dist_corredor_m": 99.6, "peligro": "Inundación, erosión fluvial", "nivel": "Alto", "dpto": "Junín", "prov": "Satipo", "cenepred_e_via_km": 0.45}, "geometry": {"type": "Point", "coordinates": [-73.99872566999994, -12.225559490999956]}}, {"type": "Feature", "properties": {"ruta": "PE-28", "dist_corredor_m": 350.5, "peligro": "Inundación, erosión fluvial", "nivel": "Muy Alto", "dpto": "Cusco", "prov": "La Convención", "cenepred_e_via_km": null}, "geometry": {"type": "Point", "coordinates": [-73.92199308099998, -12.349111372999971]}}, {"type": "Feature", "properties": {"ruta": "PE-22", "dist_corredor_m": 140.3, "peligro": "Inundación", "nivel": "Muy alto", "dpto": "Lima", "prov": "Lima", "cenepred_e_via_km": null}, "geometry": {"type": "Point", "coordinates": [-76.77291910899999, -11.974258482999971]}}, {"type": "Feature", "properties": {"ruta": "PE-28", "dist_corredor_m": 550.4, "peligro": "Inundación, erosión fluvial", "nivel": "Alto", "dpto": "Junín", "prov": "Satipo", "cenepred_e_via_km": 0.45}, "geometry": {"type": "Point", "coordinates": [-74.00384172899999, -12.223718401999975]}}, {"type": "Feature", "properties": {"ruta": "PE-28", "dist_corredor_m": 189.4, "peligro": "Inundación, erosión fluvial", "nivel": "Muy Alto", "dpto": "Cusco", "prov": "La Convención", "cenepred_e_via_km": null}, "geometry": {"type": "Point", "coordinates": [-73.92924839399996, -12.34706942899993]}}, {"type": "Feature", "properties": {"ruta": "PE-28", "dist_corredor_m": 192.9, "peligro": "Inundación, flujo de detritos, erosión fluvial", "nivel": "Alto", "dpto": "Junín", "prov": "Satipo", "cenepred_e_via_km": 1.1}, "geometry": {"type": "Point", "coordinates": [-74.53023722199998, -11.334407522999982]}}, {"type": "Feature", "properties": {"ruta": "PE-28", "dist_corredor_m": 297.1, "peligro": "Erosión fluvial", "nivel": "Alto", "dpto": "Junín", "prov": "Satipo", "cenepred_e_via_km": null}, "geometry": {"type": "Point", "coordinates": [-74.49329266499996, -11.426927044999957]}}, {"type": "Feature", "properties": {"ruta": "PE-28", "dist_corredor_m": 418.9, "peligro": "Erosión fluvial", "nivel": "Alto", "dpto": "Junín", "prov": "Satipo", "cenepred_e_via_km": null}, "geometry": {"type": "Point", "coordinates": [-74.49380781099995, -11.419350540999972]}}, {"type": "Feature", "properties": {"ruta": "PE-3S", "dist_corredor_m": 23.9, "peligro": "Inundación, erosión fluvial", "nivel": "Alto", "dpto": "Puno", "prov": "San Román", "cenepred_e_via_km": 3.111}, "geometry": {"type": "Point", "coordinates": [-70.12030396199998, -15.495196403999955]}}, {"type": "Feature", "properties": {"ruta": "PE-1S", "dist_corredor_m": 866.9, "peligro": "Erosión fluvial", "nivel": "Alto", "dpto": "Ica", "prov": "Pisco", "cenepred_e_via_km": null}, "geometry": {"type": "Point", "coordinates": [-76.16544059799998, -13.690907039999956]}}, {"type": "Feature", "properties": {"ruta": "PE-1S", "dist_corredor_m": 312.9, "peligro": "Erosión fluvial", "nivel": "Alto", "dpto": "Ica", "prov": "Pisco", "cenepred_e_via_km": null}, "geometry": {"type": "Point", "coordinates": [-76.16028482099995, -13.689746944999968]}}, {"type": "Feature", "properties": {"ruta": "PE-1S", "dist_corredor_m": 73.3, "peligro": "Erosión fluvial", "nivel": "Alto", "dpto": "Ica", "prov": "Pisco", "cenepred_e_via_km": null}, "geometry": {"type": "Point", "coordinates": [-76.15883131099997, -13.687475528999926]}}, {"type": "Feature", "properties": {"ruta": "PE-28", "dist_corredor_m": 723.7, "peligro": "Inundación, flujo de detritos, erosión fluvial", "nivel": "Alto", "dpto": "Ica", "prov": "Pisco", "cenepred_e_via_km": null}, "geometry": {"type": "Point", "coordinates": [-75.51043596399995, -13.565587567999955]}}, {"type": "Feature", "properties": {"ruta": "PE-28", "dist_corredor_m": 24.7, "peligro": "Inundación, erosión fluvial", "nivel": "Alto", "dpto": "Ica", "prov": "Pisco", "cenepred_e_via_km": null}, "geometry": {"type": "Point", "coordinates": [-75.53981960599998, -13.570299920999958]}}, {"type": "Feature", "properties": {"ruta": "PE-28", "dist_corredor_m": 79.4, "peligro": "Inundación, erosión fluvial", "nivel": "Alto", "dpto": "Ica", "prov": "Pisco", "cenepred_e_via_km": null}, "geometry": {"type": "Point", "coordinates": [-75.55563408799998, -13.598141461999944]}}, {"type": "Feature", "properties": {"ruta": "PE-28", "dist_corredor_m": 82.7, "peligro": "Inundación, erosión fluvial", "nivel": "Alto", "dpto": "Ica", "prov": "Pisco", "cenepred_e_via_km": null}, "geometry": {"type": "Point", "coordinates": [-75.68308949899995, -13.628150480999977]}}, {"type": "Feature", "properties": {"ruta": "PE-28", "dist_corredor_m": 21.0, "peligro": "Inundación, erosión fluvial", "nivel": "Alto", "dpto": "Ica", "prov": "Pisco", "cenepred_e_via_km": 1.2}, "geometry": {"type": "Point", "coordinates": [-75.60452747399995, -13.599320601999977]}}, {"type": "Feature", "properties": {"ruta": "PE-28", "dist_corredor_m": 13.1, "peligro": "Inundación, flujo de detritos, erosión fluvial", "nivel": "Alto", "dpto": "Ica", "prov": "Pisco", "cenepred_e_via_km": null}, "geometry": {"type": "Point", "coordinates": [-75.61697458999998, -13.601243117999957]}}, {"type": "Feature", "properties": {"ruta": "PE-28", "dist_corredor_m": 119.4, "peligro": "Inundación, erosión fluvial", "nivel": "Muy alto", "dpto": "Huancavelica", "prov": "Huaytará", "cenepred_e_via_km": null}, "geometry": {"type": "Point", "coordinates": [-75.48889366499998, -13.598290414999951]}}, {"type": "Feature", "properties": {"ruta": "PE-28", "dist_corredor_m": 152.1, "peligro": "Inundación, erosión fluvial", "nivel": "Muy alto", "dpto": "Huancavelica", "prov": "Huaytará", "cenepred_e_via_km": null}, "geometry": {"type": "Point", "coordinates": [-75.47958070399994, -13.605325113999982]}}, {"type": "Feature", "properties": {"ruta": "PE-28", "dist_corredor_m": 13.0, "peligro": "Inundación, flujo de detritos, erosión fluvial", "nivel": "Alto", "dpto": "Huancavelica", "prov": "Huaytará", "cenepred_e_via_km": null}, "geometry": {"type": "Point", "coordinates": [-75.24407516699995, -13.580936838999946]}}, {"type": "Feature", "properties": {"ruta": "PE-1S", "dist_corredor_m": 476.8, "peligro": "Erosión fluvial", "nivel": "Alto", "dpto": "Ica", "prov": "Pisco", "cenepred_e_via_km": null}, "geometry": {"type": "Point", "coordinates": [-76.16163808999994, -13.69042768199995]}}, {"type": "Feature", "properties": {"ruta": "PE-1S", "dist_corredor_m": 222.3, "peligro": "Erosión fluvial", "nivel": "Alto", "dpto": "Ica", "prov": "Pisco", "cenepred_e_via_km": null}, "geometry": {"type": "Point", "coordinates": [-76.16002800499996, -13.688283575999947]}}, {"type": "Feature", "properties": {"ruta": "PE-28", "dist_corredor_m": 334.5, "peligro": "Inundación, flujo de detritos, erosión fluvial", "nivel": "Alto", "dpto": "Ica", "prov": "Pisco", "cenepred_e_via_km": null}, "geometry": {"type": "Point", "coordinates": [-75.51856444899994, -13.571791701999928]}}, {"type": "Feature", "properties": {"ruta": "PE-28", "dist_corredor_m": 122.9, "peligro": "Inundación, erosión fluvial", "nivel": "Alto", "dpto": "Ica", "prov": "Pisco", "cenepred_e_via_km": null}, "geometry": {"type": "Point", "coordinates": [-75.53977876699997, -13.57267804299994]}}, {"type": "Feature", "properties": {"ruta": "PE-28", "dist_corredor_m": 37.9, "peligro": "Inundación, erosión fluvial", "nivel": "Alto", "dpto": "Ica", "prov": "Pisco", "cenepred_e_via_km": null}, "geometry": {"type": "Point", "coordinates": [-75.55560364699994, -13.600944522999953]}}, {"type": "Feature", "properties": {"ruta": "PE-28", "dist_corredor_m": 69.1, "peligro": "Inundación, erosión fluvial", "nivel": "Alto", "dpto": "Ica", "prov": "Pisco", "cenepred_e_via_km": null}, "geometry": {"type": "Point", "coordinates": [-75.68679602799995, -13.63113306799994]}}, {"type": "Feature", "properties": {"ruta": "PE-28", "dist_corredor_m": 305.0, "peligro": "Inundación, erosión fluvial", "nivel": "Alto", "dpto": "Ica", "prov": "Pisco", "cenepred_e_via_km": 1.2}, "geometry": {"type": "Point", "coordinates": [-75.61500610899998, -13.597839217999933]}}, {"type": "Feature", "properties": {"ruta": "PE-28", "dist_corredor_m": 367.2, "peligro": "Inundación, flujo de detritos, erosión fluvial", "nivel": "Alto", "dpto": "Ica", "prov": "Pisco", "cenepred_e_via_km": null}, "geometry": {"type": "Point", "coordinates": [-75.62215483199998, -13.599114447999966]}}, {"type": "Feature", "properties": {"ruta": "PE-28", "dist_corredor_m": 80.9, "peligro": "Inundación, erosión fluvial", "nivel": "Muy alto", "dpto": "Huancavelica", "prov": "Huaytará", "cenepred_e_via_km": null}, "geometry": {"type": "Point", "coordinates": [-75.49319732699996, -13.59635598799997]}}, {"type": "Feature", "properties": {"ruta": "PE-28", "dist_corredor_m": 101.7, "peligro": "Inundación, erosión fluvial", "nivel": "Muy alto", "dpto": "Huancavelica", "prov": "Huaytará", "cenepred_e_via_km": null}, "geometry": {"type": "Point", "coordinates": [-75.48575912999996, -13.60241065699995]}}, {"type": "Feature", "properties": {"ruta": "PE-28", "dist_corredor_m": 170.8, "peligro": "Inundación, flujo de detritos, erosión fluvial", "nivel": "Alto", "dpto": "Huancavelica", "prov": "Huaytará", "cenepred_e_via_km": null}, "geometry": {"type": "Point", "coordinates": [-75.24863042199996, -13.579232400999956]}}, {"type": "Feature", "properties": {"ruta": "PE-28", "dist_corredor_m": 804.0, "peligro": "Erosión fluvial", "nivel": "Alto", "dpto": "Ica", "prov": "Pisco", "cenepred_e_via_km": null}, "geometry": {"type": "Point", "coordinates": [-75.95965015299998, -13.72897631199993]}}, {"type": "Feature", "properties": {"ruta": "PE-28", "dist_corredor_m": 314.1, "peligro": "Erosión fluvial", "nivel": "Alto", "dpto": "Ica", "prov": "Pisco", "cenepred_e_via_km": null}, "geometry": {"type": "Point", "coordinates": [-75.93278581199996, -13.734069956999974]}}, {"type": "Feature", "properties": {"ruta": "PE-28", "dist_corredor_m": 651.7, "peligro": "Erosión fluvial", "nivel": "Alto", "dpto": "Ica", "prov": "Pisco", "cenepred_e_via_km": null}, "geometry": {"type": "Point", "coordinates": [-75.97564290799994, -13.72068630299998]}}, {"type": "Feature", "properties": {"ruta": "PE-28", "dist_corredor_m": 794.8, "peligro": "Erosión fluvial", "nivel": "Alto", "dpto": "Ica", "prov": "Pisco", "cenepred_e_via_km": null}, "geometry": {"type": "Point", "coordinates": [-75.94821617599996, -13.73277253599997]}}, {"type": "Feature", "properties": {"ruta": "PE-3S", "dist_corredor_m": 538.0, "peligro": "Inundación, erosión fluvial", "nivel": "Alto", "dpto": "Apurímac", "prov": "Chincheros", "cenepred_e_via_km": 1.375}, "geometry": {"type": "Point", "coordinates": [-73.81396162699997, -13.499058937999962]}}, {"type": "Feature", "properties": {"ruta": "PE-3S", "dist_corredor_m": 641.6, "peligro": "Inundación, erosión fluvial", "nivel": "Alto", "dpto": "Apurímac", "prov": "Chincheros", "cenepred_e_via_km": 1.375}, "geometry": {"type": "Point", "coordinates": [-73.81524500599994, -13.499218693999978]}}, {"type": "Feature", "properties": {"ruta": "PE-3S", "dist_corredor_m": 429.7, "peligro": "Inundación, erosión fluvial", "nivel": "Alto", "dpto": "Apurímac", "prov": "Chincheros", "cenepred_e_via_km": 1.375}, "geometry": {"type": "Point", "coordinates": [-73.80049704999993, -13.498000434999938]}}, {"type": "Feature", "properties": {"ruta": "PE-28", "dist_corredor_m": 141.4, "peligro": "Inundación, erosión fluvial", "nivel": "Alto", "dpto": "Junín", "prov": "Satipo", "cenepred_e_via_km": 1.4}, "geometry": {"type": "Point", "coordinates": [-74.06314925799995, -12.082564117999937]}}, {"type": "Feature", "properties": {"ruta": "PE-28", "dist_corredor_m": 280.6, "peligro": "Inundación, erosión fluvial", "nivel": "Muy alto", "dpto": "Junín", "prov": "Satipo", "cenepred_e_via_km": null}, "geometry": {"type": "Point", "coordinates": [-74.065791, -12.138662432999979]}}, {"type": "Feature", "properties": {"ruta": "PE-28", "dist_corredor_m": 318.2, "peligro": "Inundación, erosión fluvial", "nivel": "Alto", "dpto": "Junín", "prov": "Satipo", "cenepred_e_via_km": 1.4}, "geometry": {"type": "Point", "coordinates": [-74.05609811399995, -12.064144152999972]}}, {"type": "Feature", "properties": {"ruta": "PE-28", "dist_corredor_m": 312.2, "peligro": "Inundación, erosión fluvial", "nivel": "Muy alto", "dpto": "Junín", "prov": "Satipo", "cenepred_e_via_km": null}, "geometry": {"type": "Point", "coordinates": [-74.06942190499996, -12.135744984999974]}}, {"type": "Feature", "properties": {"ruta": "PE-3S", "dist_corredor_m": 814.4, "peligro": "Inundación, erosión fluvial", "nivel": "Alto", "dpto": "Puno", "prov": "Lampa", "cenepred_e_via_km": 0.5}, "geometry": {"type": "Point", "coordinates": [-70.50509419899998, -14.970858002999933]}}, {"type": "Feature", "properties": {"ruta": "PE-3S", "dist_corredor_m": 698.9, "peligro": "Flujo de detritos", "nivel": "Alto", "dpto": "Cusco", "prov": "Cusco", "cenepred_e_via_km": 0.2}, "geometry": {"type": "Point", "coordinates": [-72.00726272599996, -13.514579823999952]}}, {"type": "Feature", "properties": {"ruta": "PE-28", "dist_corredor_m": 71.6, "peligro": "Inundación, erosión fluvial", "nivel": "Alto", "dpto": "Cusco", "prov": "Urubamba", "cenepred_e_via_km": null}, "geometry": {"type": "Point", "coordinates": [-72.04400962699998, -13.328215600999954]}}, {"type": "Feature", "properties": {"ruta": "PE-28", "dist_corredor_m": 110.2, "peligro": "Inundación, erosión fluvial", "nivel": "Alto", "dpto": "Cusco", "prov": "Urubamba", "cenepred_e_via_km": 0.3}, "geometry": {"type": "Point", "coordinates": [-72.06142704099994, -13.333936467999933]}}, {"type": "Feature", "properties": {"ruta": "PE-28", "dist_corredor_m": 101.8, "peligro": "Inundación, erosión fluvial", "nivel": "Alto", "dpto": "Cusco", "prov": "Urubamba", "cenepred_e_via_km": 0.6}, "geometry": {"type": "Point", "coordinates": [-72.03421242899998, -13.323892480999973]}}, {"type": "Feature", "properties": {"ruta": "PE-28", "dist_corredor_m": 804.8, "peligro": "Inundación, erosión fluvial", "nivel": "Alto", "dpto": "Cusco", "prov": "Urubamba", "cenepred_e_via_km": 0.15}, "geometry": {"type": "Point", "coordinates": [-72.26115481599999, -13.251532116999954]}}, {"type": "Feature", "properties": {"ruta": "PE-28", "dist_corredor_m": 323.8, "peligro": "Inundación, flujo de detritos", "nivel": "Alto", "dpto": "Cusco", "prov": "La Convención", "cenepred_e_via_km": 0.6}, "geometry": {"type": "Point", "coordinates": [-72.69538304099996, -12.630318932999955]}}, {"type": "Feature", "properties": {"ruta": "PE-28", "dist_corredor_m": 580.7, "peligro": "Flujo de detritos, erosión fluvial", "nivel": "Alto", "dpto": "Cusco", "prov": "La Convención", "cenepred_e_via_km": 0.3}, "geometry": {"type": "Point", "coordinates": [-72.69352110199998, -12.855458731999931]}}, {"type": "Feature", "properties": {"ruta": "PE-28", "dist_corredor_m": 178.3, "peligro": "Erosión fluvial", "nivel": "Alto", "dpto": "Cusco", "prov": "La Convención", "cenepred_e_via_km": null}, "geometry": {"type": "Point", "coordinates": [-72.68839954099997, -12.81426300399994]}}, {"type": "Feature", "properties": {"ruta": "PE-3S", "dist_corredor_m": 333.4, "peligro": "Flujo de detritos", "nivel": "Alto", "dpto": "Cusco", "prov": "Cusco", "cenepred_e_via_km": 0.5}, "geometry": {"type": "Point", "coordinates": [-71.99776008999999, -13.515468006999981]}}, {"type": "Feature", "properties": {"ruta": "PE-3S", "dist_corredor_m": 425.0, "peligro": "Flujo de detritos", "nivel": "Alto", "dpto": "Cusco", "prov": "Cusco", "cenepred_e_via_km": 0.3}, "geometry": {"type": "Point", "coordinates": [-71.99027987299996, -13.505514656999935]}}, {"type": "Feature", "properties": {"ruta": "PE-3S", "dist_corredor_m": 150.2, "peligro": "Inundación, erosión fluvial", "nivel": "Alto", "dpto": "Cusco", "prov": "Quispicanchi", "cenepred_e_via_km": 0.8}, "geometry": {"type": "Point", "coordinates": [-71.73701865099997, -13.60861405199995]}}, {"type": "Feature", "properties": {"ruta": "PE-3S", "dist_corredor_m": 38.4, "peligro": "Inundación, erosión fluvial", "nivel": "Muy alto", "dpto": "Cusco", "prov": "Cusco", "cenepred_e_via_km": 0.9}, "geometry": {"type": "Point", "coordinates": [-71.99680133799995, -13.523292667999954]}}, {"type": "Feature", "properties": {"ruta": "PE-28", "dist_corredor_m": 11.2, "peligro": "Inundación, erosión fluvial", "nivel": "Alto", "dpto": "Cusco", "prov": "Calca", "cenepred_e_via_km": 0.2}, "geometry": {"type": "Point", "coordinates": [-71.80753711199998, -13.475726351999981]}}, {"type": "Feature", "properties": {"ruta": "PE-28", "dist_corredor_m": 375.9, "peligro": "Inundación", "nivel": "Alto", "dpto": "Cusco", "prov": "Calca", "cenepred_e_via_km": 1.275}, "geometry": {"type": "Point", "coordinates": [-71.83678373299995, -13.434083124999972]}}, {"type": "Feature", "properties": {"ruta": "PE-3S", "dist_corredor_m": 692.8, "peligro": "Inundación, erosión fluvial", "nivel": "Alto", "dpto": "Puno", "prov": "Lampa", "cenepred_e_via_km": 2.2}, "geometry": {"type": "Point", "coordinates": [-70.19727943499998, -15.312083736999966]}}, {"type": "Feature", "properties": {"ruta": "PE-3S", "dist_corredor_m": 281.2, "peligro": "Flujo de detritos", "nivel": "Alto", "dpto": "Cusco", "prov": "Cusco", "cenepred_e_via_km": 0.5}, "geometry": {"type": "Point", "coordinates": [-71.99742282099999, -13.515806201999965]}}, {"type": "Feature", "properties": {"ruta": "PE-28", "dist_corredor_m": 645.6, "peligro": "Flujo de detritos", "nivel": "Alto", "dpto": "Cusco", "prov": "Calca", "cenepred_e_via_km": 0.3}, "geometry": {"type": "Point", "coordinates": [-71.86848095199997, -13.425576863999936]}}, {"type": "Feature", "properties": {"ruta": "PE-3S", "dist_corredor_m": 747.5, "peligro": "Flujo de detritos", "nivel": "Alto", "dpto": "Cusco", "prov": "Cusco", "cenepred_e_via_km": 0.3}, "geometry": {"type": "Point", "coordinates": [-71.98485788799996, -13.511097483999947]}}, {"type": "Feature", "properties": {"ruta": "PE-3S", "dist_corredor_m": 40.7, "peligro": "Inundación, erosión fluvial", "nivel": "Alto", "dpto": "Cusco", "prov": "Quispicanchi", "cenepred_e_via_km": 0.8}, "geometry": {"type": "Point", "coordinates": [-71.73137851499996, -13.609642581999935]}}, {"type": "Feature", "properties": {"ruta": "PE-3S", "dist_corredor_m": 128.1, "peligro": "Inundación, erosión fluvial", "nivel": "Muy alto", "dpto": "Cusco", "prov": "Cusco", "cenepred_e_via_km": 0.9}, "geometry": {"type": "Point", "coordinates": [-71.99292556699999, -13.522465194999938]}}, {"type": "Feature", "properties": {"ruta": "PE-28", "dist_corredor_m": 8.3, "peligro": "Inundación, erosión fluvial", "nivel": "Alto", "dpto": "Cusco", "prov": "Calca", "cenepred_e_via_km": 0.2}, "geometry": {"type": "Point", "coordinates": [-71.81316391899998, -13.471508358999927]}}, {"type": "Feature", "properties": {"ruta": "PE-28", "dist_corredor_m": 119.2, "peligro": "Inundación", "nivel": "Alto", "dpto": "Cusco", "prov": "Calca", "cenepred_e_via_km": 1.275}, "geometry": {"type": "Point", "coordinates": [-71.84466105999996, -13.425991521999947]}}, {"type": "Feature", "properties": {"ruta": "PE-3S", "dist_corredor_m": 58.1, "peligro": "Inundación, erosión fluvial", "nivel": "Alto", "dpto": "Puno", "prov": "San Román", "cenepred_e_via_km": 1.0}, "geometry": {"type": "Point", "coordinates": [-70.14007572399998, -15.43727993999994]}}, {"type": "Feature", "properties": {"ruta": "PE-3S", "dist_corredor_m": 450.8, "peligro": "Flujo de detritos", "nivel": "Alto", "dpto": "Cusco", "prov": "Cusco", "cenepred_e_via_km": 0.2}, "geometry": {"type": "Point", "coordinates": [-72.00886634599993, -13.512548883999955]}}, {"type": "Feature", "properties": {"ruta": "PE-28", "dist_corredor_m": 99.5, "peligro": "Inundación, erosión fluvial", "nivel": "Alto", "dpto": "Cusco", "prov": "Urubamba", "cenepred_e_via_km": null}, "geometry": {"type": "Point", "coordinates": [-72.04771042599998, -13.328773521999949]}}, {"type": "Feature", "properties": {"ruta": "PE-28", "dist_corredor_m": 247.2, "peligro": "Inundación, erosión fluvial", "nivel": "Alto", "dpto": "Cusco", "prov": "Urubamba", "cenepred_e_via_km": 0.3}, "geometry": {"type": "Point", "coordinates": [-72.06629050399994, -13.336756540999943]}}, {"type": "Feature", "properties": {"ruta": "PE-28", "dist_corredor_m": 420.1, "peligro": "Inundación, erosión fluvial", "nivel": "Alto", "dpto": "Cusco", "prov": "Urubamba", "cenepred_e_via_km": 0.6}, "geometry": {"type": "Point", "coordinates": [-72.03931429499994, -13.33132189099996]}}, {"type": "Feature", "properties": {"ruta": "PE-28", "dist_corredor_m": 651.2, "peligro": "Inundación, erosión fluvial", "nivel": "Alto", "dpto": "Cusco", "prov": "Urubamba", "cenepred_e_via_km": 0.15}, "geometry": {"type": "Point", "coordinates": [-72.26261875399996, -13.25255956199993]}}, {"type": "Feature", "properties": {"ruta": "PE-28", "dist_corredor_m": 390.8, "peligro": "Inundación, flujo de detritos", "nivel": "Alto", "dpto": "Cusco", "prov": "La Convención", "cenepred_e_via_km": 0.6}, "geometry": {"type": "Point", "coordinates": [-72.69208455299997, -12.623630657999968]}}, {"type": "Feature", "properties": {"ruta": "PE-28", "dist_corredor_m": 450.5, "peligro": "Flujo de detritos, erosión fluvial", "nivel": "Alto", "dpto": "Cusco", "prov": "La Convención", "cenepred_e_via_km": 0.3}, "geometry": {"type": "Point", "coordinates": [-72.69565461699995, -12.853778680999937]}}, {"type": "Feature", "properties": {"ruta": "PE-28", "dist_corredor_m": 174.9, "peligro": "Erosión fluvial", "nivel": "Alto", "dpto": "Cusco", "prov": "La Convención", "cenepred_e_via_km": null}, "geometry": {"type": "Point", "coordinates": [-72.68630905399993, -12.81025968399996]}}, {"type": "Feature", "properties": {"ruta": "PE-22", "dist_corredor_m": 118.5, "peligro": "Erosión fluvial", "nivel": "Muy alto", "dpto": "Lima", "prov": "Huarochiri", "cenepred_e_via_km": 1.0}, "geometry": {"type": "Point", "coordinates": [-76.61239368299994, -11.914855190999958]}}, {"type": "Feature", "properties": {"ruta": "PE-22", "dist_corredor_m": 88.1, "peligro": "Erosión fluvial", "nivel": "Muy alto", "dpto": "Lima", "prov": "Huarochiri", "cenepred_e_via_km": 1.0}, "geometry": {"type": "Point", "coordinates": [-76.61253341999998, -11.914500378999946]}}, {"type": "Feature", "properties": {"ruta": "PE-22", "dist_corredor_m": 90.3, "peligro": "Erosión fluvial", "nivel": "Muy alto", "dpto": "Lima", "prov": "Huarochiri", "cenepred_e_via_km": 1.0}, "geometry": {"type": "Point", "coordinates": [-76.61245117399994, -11.914563768999926]}}, {"type": "Feature", "properties": {"ruta": "PE-22", "dist_corredor_m": 94.4, "peligro": "Erosión fluvial", "nivel": "Muy alto", "dpto": "Lima", "prov": "Huarochiri", "cenepred_e_via_km": 1.0}, "geometry": {"type": "Point", "coordinates": [-76.61253287299996, -11.91456330099993]}}, {"type": "Feature", "properties": {"ruta": "PE-28", "dist_corredor_m": 915.9, "peligro": "Erosión fluvial", "nivel": "Alto", "dpto": "Ica", "prov": "Pisco", "cenepred_e_via_km": null}, "geometry": {"type": "Point", "coordinates": [-75.97690903999995, -13.722724572999937]}}, {"type": "Feature", "properties": {"ruta": "PE-28", "dist_corredor_m": 531.9, "peligro": "Erosión fluvial", "nivel": "Alto", "dpto": "Ica", "prov": "Pisco", "cenepred_e_via_km": null}, "geometry": {"type": "Point", "coordinates": [-75.92160738499996, -13.737185935999946]}}, {"type": "Feature", "properties": {"ruta": "PE-28", "dist_corredor_m": 812.6, "peligro": "Erosión fluvial", "nivel": "Alto", "dpto": "Ica", "prov": "Pisco", "cenepred_e_via_km": null}, "geometry": {"type": "Point", "coordinates": [-75.94180253999997, -13.736268870999936]}}, {"type": "Feature", "properties": {"ruta": "PE-28", "dist_corredor_m": 230.7, "peligro": "Erosión fluvial", "nivel": "Alto", "dpto": "Ica", "prov": "Pisco", "cenepred_e_via_km": null}, "geometry": {"type": "Point", "coordinates": [-75.77356337599997, -13.672297373999982]}}, {"type": "Feature", "properties": {"ruta": "PE-28", "dist_corredor_m": 327.7, "peligro": "Erosión fluvial", "nivel": "Alto", "dpto": "Ica", "prov": "Pisco", "cenepred_e_via_km": null}, "geometry": {"type": "Point", "coordinates": [-75.77755957199997, -13.67565734699997]}}, {"type": "Feature", "properties": {"ruta": "PE-28", "dist_corredor_m": 133.9, "peligro": "Erosión fluvial", "nivel": "Alto", "dpto": "Ica", "prov": "Pisco", "cenepred_e_via_km": 0.5}, "geometry": {"type": "Point", "coordinates": [-75.82549569499997, -13.705592039999942]}}, {"type": "Feature", "properties": {"ruta": "PE-28", "dist_corredor_m": 33.1, "peligro": "Erosión fluvial", "nivel": "Alto", "dpto": "Ica", "prov": "Pisco", "cenepred_e_via_km": 0.5}, "geometry": {"type": "Point", "coordinates": [-75.83713724599994, -13.710507568999958]}}, {"type": "Feature", "properties": {"ruta": "PE-28", "dist_corredor_m": 430.7, "peligro": "Inundación, flujo de detritos, erosión fluvial", "nivel": "Alto", "dpto": "Ica", "prov": "Pisco", "cenepred_e_via_km": null}, "geometry": {"type": "Point", "coordinates": [-75.72879119499999, -13.641809170999977]}}, {"type": "Feature", "properties": {"ruta": "PE-28", "dist_corredor_m": 397.4, "peligro": "Inundación, flujo de detritos, erosión fluvial", "nivel": "Alto", "dpto": "Ica", "prov": "Pisco", "cenepred_e_via_km": null}, "geometry": {"type": "Point", "coordinates": [-75.73029345499998, -13.65230205599994]}}, {"type": "Feature", "properties": {"ruta": "PE-28", "dist_corredor_m": 195.2, "peligro": "Inundación, erosión fluvial", "nivel": "Alto", "dpto": "Ica", "prov": "Pisco", "cenepred_e_via_km": null}, "geometry": {"type": "Point", "coordinates": [-75.73360238699996, -13.651975842999946]}}, {"type": "Feature", "properties": {"ruta": "PE-28", "dist_corredor_m": 62.6, "peligro": "Inundación, erosión fluvial", "nivel": "Alto", "dpto": "Ica", "prov": "Pisco", "cenepred_e_via_km": null}, "geometry": {"type": "Point", "coordinates": [-75.73599451499996, -13.651173101999973]}}, {"type": "Feature", "properties": {"ruta": "PE-28", "dist_corredor_m": 157.7, "peligro": "Erosión fluvial", "nivel": "Alto", "dpto": "Ica", "prov": "Pisco", "cenepred_e_via_km": 0.5}, "geometry": {"type": "Point", "coordinates": [-75.77402362099997, -13.67166303199997]}}, {"type": "Feature", "properties": {"ruta": "PE-28", "dist_corredor_m": 162.6, "peligro": "Erosión fluvial", "nivel": "Alto", "dpto": "Ica", "prov": "Pisco", "cenepred_e_via_km": 0.5}, "geometry": {"type": "Point", "coordinates": [-75.78669717099996, -13.681858082999952]}}, {"type": "Feature", "properties": {"ruta": "PE-3S", "dist_corredor_m": 685.1, "peligro": "Inundación, erosión fluvial", "nivel": "Alto", "dpto": "Puno", "prov": "Lampa", "cenepred_e_via_km": 1.8}, "geometry": {"type": "Point", "coordinates": [-70.23480146999998, -15.299016866999978]}}, {"type": "Feature", "properties": {"ruta": "PE-3S", "dist_corredor_m": 61.7, "peligro": "Inundación, erosión fluvial", "nivel": "Muy alto", "dpto": "Puno", "prov": "Melgar", "cenepred_e_via_km": null}, "geometry": {"type": "Point", "coordinates": [-70.59659837399994, -14.891395486999954]}}, {"type": "Feature", "properties": {"ruta": "PE-3S", "dist_corredor_m": 317.9, "peligro": "Inundación, erosión fluvial", "nivel": "Muy alto", "dpto": "Puno", "prov": "Melgar", "cenepred_e_via_km": null}, "geometry": {"type": "Point", "coordinates": [-70.58539826799995, -14.892530713999975]}}, {"type": "Feature", "properties": {"ruta": "PE-3S", "dist_corredor_m": 201.1, "peligro": "Inundación", "nivel": "Alto", "dpto": "Cusco", "prov": "Canchis", "cenepred_e_via_km": null}, "geometry": {"type": "Point", "coordinates": [-71.21523455299996, -14.294265259999975]}}, {"type": "Feature", "properties": {"ruta": "PE-3S", "dist_corredor_m": 98.4, "peligro": "Inundación", "nivel": "Alto", "dpto": "Cusco", "prov": "Canchis", "cenepred_e_via_km": 0.35}, "geometry": {"type": "Point", "coordinates": [-71.23164692799998, -14.261628402999975]}}, {"type": "Feature", "properties": {"ruta": "PE-3S", "dist_corredor_m": 328.3, "peligro": "Inundación", "nivel": "Alto", "dpto": "Cusco", "prov": "Canchis", "cenepred_e_via_km": null}, "geometry": {"type": "Point", "coordinates": [-71.14524109299998, -14.372446054999955]}}, {"type": "Feature", "properties": {"ruta": "PE-3S", "dist_corredor_m": 142.5, "peligro": "Inundación", "nivel": "Alto", "dpto": "Cusco", "prov": "Canchis", "cenepred_e_via_km": null}, "geometry": {"type": "Point", "coordinates": [-71.16874591999994, -14.35296706899993]}}, {"type": "Feature", "properties": {"ruta": "PE-3S", "dist_corredor_m": 265.0, "peligro": "Inundación", "nivel": "Alto", "dpto": "Cusco", "prov": "Canchis", "cenepred_e_via_km": 0.42}, "geometry": {"type": "Point", "coordinates": [-71.18304750599998, -14.340564936999954]}}, {"type": "Feature", "properties": {"ruta": "PE-3S", "dist_corredor_m": 240.6, "peligro": "Inundación", "nivel": "Alto", "dpto": "Cusco", "prov": "Canchis", "cenepred_e_via_km": 0.22}, "geometry": {"type": "Point", "coordinates": [-71.36159496499994, -14.185963733999927]}}, {"type": "Feature", "properties": {"ruta": "PE-3S", "dist_corredor_m": 107.2, "peligro": "Inundación", "nivel": "Alto", "dpto": "Cusco", "prov": "Canchis", "cenepred_e_via_km": 0.018}, "geometry": {"type": "Point", "coordinates": [-71.37090101499996, -14.178761238999982]}}, {"type": "Feature", "properties": {"ruta": "PE-3S", "dist_corredor_m": 199.0, "peligro": "Inundación", "nivel": "Alto", "dpto": "Cusco", "prov": "Canchis", "cenepred_e_via_km": null}, "geometry": {"type": "Point", "coordinates": [-71.41613405299995, -14.120712784999967]}}, {"type": "Feature", "properties": {"ruta": "PE-3S", "dist_corredor_m": 618.9, "peligro": "Inundación", "nivel": "Alto", "dpto": "Cusco", "prov": "Canas", "cenepred_e_via_km": null}, "geometry": {"type": "Point", "coordinates": [-71.43945243199994, -14.104061439999953]}}, {"type": "Feature", "properties": {"ruta": "PE-3S", "dist_corredor_m": 238.2, "peligro": "Inundación", "nivel": "Alto", "dpto": "Cusco", "prov": "Quispicanchi", "cenepred_e_via_km": null}, "geometry": {"type": "Point", "coordinates": [-71.55617621999994, -13.797726113999943]}}, {"type": "Feature", "properties": {"ruta": "PE-3S", "dist_corredor_m": 199.9, "peligro": "Inundación", "nivel": "Alto", "dpto": "Cusco", "prov": "Quispicanchi", "cenepred_e_via_km": 0.008}, "geometry": {"type": "Point", "coordinates": [-71.53402467199999, -13.851248615999964]}}, {"type": "Feature", "properties": {"ruta": "PE-3S", "dist_corredor_m": 345.3, "peligro": "Inundación", "nivel": "Alto", "dpto": "Cusco", "prov": "Canchis", "cenepred_e_via_km": null}, "geometry": {"type": "Point", "coordinates": [-71.43528142099996, -14.102676187999975]}}, {"type": "Feature", "properties": {"ruta": "PE-3S", "dist_corredor_m": 117.8, "peligro": "Inundación", "nivel": "Alto", "dpto": "Cusco", "prov": "Canchis", "cenepred_e_via_km": 1.5}, "geometry": {"type": "Point", "coordinates": [-71.43712164699997, -14.095529215999932]}}, {"type": "Feature", "properties": {"ruta": "PE-3S", "dist_corredor_m": 418.7, "peligro": "Inundación", "nivel": "Alto", "dpto": "Cusco", "prov": "Canchis", "cenepred_e_via_km": null}, "geometry": {"type": "Point", "coordinates": [-71.45312238799994, -14.024011568999981]}}, {"type": "Feature", "properties": {"ruta": "PE-3S", "dist_corredor_m": 521.1, "peligro": "Inundación", "nivel": "Alto", "dpto": "Cusco", "prov": "Quispicanchi", "cenepred_e_via_km": null}, "geometry": {"type": "Point", "coordinates": [-71.50545420599997, -13.944099895999955]}}, {"type": "Feature", "properties": {"ruta": "PE-3S", "dist_corredor_m": 834.3, "peligro": "Inundación", "nivel": "Alto", "dpto": "Cusco", "prov": "Canchis", "cenepred_e_via_km": 0.41}, "geometry": {"type": "Point", "coordinates": [-71.28113332099997, -14.236411759999953]}}, {"type": "Feature", "properties": {"ruta": "PE-3S", "dist_corredor_m": 882.4, "peligro": "Inundación", "nivel": "Alto", "dpto": "Cusco", "prov": "Canchis", "cenepred_e_via_km": 0.25}, "geometry": {"type": "Point", "coordinates": [-71.32128970299993, -14.205693286999974]}}, {"type": "Feature", "properties": {"ruta": "PE-3S", "dist_corredor_m": 246.8, "peligro": "Inundación", "nivel": "Alto", "dpto": "Cusco", "prov": "Quispicanchi", "cenepred_e_via_km": null}, "geometry": {"type": "Point", "coordinates": [-71.57546735799997, -13.777451059999976]}}, {"type": "Feature", "properties": {"ruta": "PE-3S", "dist_corredor_m": 373.7, "peligro": "Inundación", "nivel": "Alto", "dpto": "Cusco", "prov": "Canchis", "cenepred_e_via_km": null}, "geometry": {"type": "Point", "coordinates": [-71.19749338099996, -14.319350818999965]}}, {"type": "Feature", "properties": {"ruta": "PE-3S", "dist_corredor_m": 858.2, "peligro": "Inundación", "nivel": "Alto", "dpto": "Cusco", "prov": "Canchis", "cenepred_e_via_km": 0.35}, "geometry": {"type": "Point", "coordinates": [-71.24278337399994, -14.279477743999962]}}, {"type": "Feature", "properties": {"ruta": "PE-3S", "dist_corredor_m": 177.6, "peligro": "Inundación", "nivel": "Alto", "dpto": "Cusco", "prov": "Canchis", "cenepred_e_via_km": null}, "geometry": {"type": "Point", "coordinates": [-71.13127735699999, -14.403304281999965]}}, {"type": "Feature", "properties": {"ruta": "PE-3S", "dist_corredor_m": 940.3, "peligro": "Inundación", "nivel": "Alto", "dpto": "Cusco", "prov": "Canchis", "cenepred_e_via_km": null}, "geometry": {"type": "Point", "coordinates": [-71.17298992799994, -14.362470190999943]}}, {"type": "Feature", "properties": {"ruta": "PE-3S", "dist_corredor_m": 438.7, "peligro": "Inundación", "nivel": "Alto", "dpto": "Cusco", "prov": "Canchis", "cenepred_e_via_km": 0.42}, "geometry": {"type": "Point", "coordinates": [-71.18317420599993, -14.34981657399993]}}, {"type": "Feature", "properties": {"ruta": "PE-3S", "dist_corredor_m": 244.6, "peligro": "Inundación", "nivel": "Alto", "dpto": "Cusco", "prov": "Canchis", "cenepred_e_via_km": null}, "geometry": {"type": "Point", "coordinates": [-71.41650954799996, -14.122082297999953]}}, {"type": "Feature", "properties": {"ruta": "PE-3S", "dist_corredor_m": 198.6, "peligro": "Inundación", "nivel": "Alto", "dpto": "Cusco", "prov": "Canas", "cenepred_e_via_km": null}, "geometry": {"type": "Point", "coordinates": [-71.42116770799998, -14.11171775899993]}}, {"type": "Feature", "properties": {"ruta": "PE-3S", "dist_corredor_m": 233.9, "peligro": "Inundación", "nivel": "Alto", "dpto": "Cusco", "prov": "Quispicanchi", "cenepred_e_via_km": null}, "geometry": {"type": "Point", "coordinates": [-71.55354871599997, -13.80006617999993]}}, {"type": "Feature", "properties": {"ruta": "PE-3S", "dist_corredor_m": 167.7, "peligro": "Inundación", "nivel": "Alto", "dpto": "Cusco", "prov": "Canchis", "cenepred_e_via_km": null}, "geometry": {"type": "Point", "coordinates": [-71.42117935099998, -14.110190767999939]}}, {"type": "Feature", "properties": {"ruta": "PE-28", "dist_corredor_m": 784.5, "peligro": "Inundación", "nivel": "Alto", "dpto": "Cusco", "prov": "Urubamba", "cenepred_e_via_km": 1.0}, "geometry": {"type": "Point", "coordinates": [-72.07438397799996, -13.337139124999965]}}, {"type": "Feature", "properties": {"ruta": "PE-28", "dist_corredor_m": 749.9, "peligro": "Inundación", "nivel": "Alto", "dpto": "Cusco", "prov": "Urubamba", "cenepred_e_via_km": 1.0}, "geometry": {"type": "Point", "coordinates": [-72.07548511799996, -13.336077039999964]}}, {"type": "Feature", "properties": {"ruta": "PE-28", "dist_corredor_m": 632.1, "peligro": "Inundación", "nivel": "Alto", "dpto": "Cusco", "prov": "Urubamba", "cenepred_e_via_km": 1.0}, "geometry": {"type": "Point", "coordinates": [-72.07655295499995, -13.333948800999963]}}, {"type": "Feature", "properties": {"ruta": "PE-28", "dist_corredor_m": 515.9, "peligro": "Inundación", "nivel": "Alto", "dpto": "Cusco", "prov": "Urubamba", "cenepred_e_via_km": 1.0}, "geometry": {"type": "Point", "coordinates": [-72.07803130999997, -13.331427880999968]}}, {"type": "Feature", "properties": {"ruta": "PE-28", "dist_corredor_m": 281.5, "peligro": "Inundación", "nivel": "Alto", "dpto": "Cusco", "prov": "Urubamba", "cenepred_e_via_km": 1.0}, "geometry": {"type": "Point", "coordinates": [-72.09337049699997, -13.318227786999955]}}, {"type": "Feature", "properties": {"ruta": "PE-28", "dist_corredor_m": 305.3, "peligro": "Inundación", "nivel": "Alto", "dpto": "Cusco", "prov": "Urubamba", "cenepred_e_via_km": 1.0}, "geometry": {"type": "Point", "coordinates": [-72.09404604099996, -13.318036818999929]}}, {"type": "Feature", "properties": {"ruta": "PE-3S", "dist_corredor_m": 123.9, "peligro": "Inundación", "nivel": "Alto", "dpto": "Cusco", "prov": "Cusco", "cenepred_e_via_km": 0.5}, "geometry": {"type": "Point", "coordinates": [-72.03755053999998, -13.495504254999958]}}, {"type": "Feature", "properties": {"ruta": "PE-3S", "dist_corredor_m": 135.1, "peligro": "Inundación", "nivel": "Alto", "dpto": "Cusco", "prov": "Cusco", "cenepred_e_via_km": 0.5}, "geometry": {"type": "Point", "coordinates": [-72.03750551499996, -13.495413407999933]}}, {"type": "Feature", "properties": {"ruta": "PE-3S", "dist_corredor_m": 136.3, "peligro": "Inundación", "nivel": "Alto", "dpto": "Cusco", "prov": "Cusco", "cenepred_e_via_km": 0.5}, "geometry": {"type": "Point", "coordinates": [-72.04278474299997, -13.493904252999926]}}, {"type": "Feature", "properties": {"ruta": "PE-3S", "dist_corredor_m": 136.9, "peligro": "Inundación", "nivel": "Alto", "dpto": "Cusco", "prov": "Cusco", "cenepred_e_via_km": 0.5}, "geometry": {"type": "Point", "coordinates": [-72.04281264899998, -13.493886518999943]}}, {"type": "Feature", "properties": {"ruta": "PE-28", "dist_corredor_m": 402.1, "peligro": "Erosión fluvial", "nivel": "Alto", "dpto": "Cusco", "prov": "Calca", "cenepred_e_via_km": 0.7}, "geometry": {"type": "Point", "coordinates": [-71.90085726799998, -13.393178538999962]}}, {"type": "Feature", "properties": {"ruta": "PE-28", "dist_corredor_m": 299.4, "peligro": "Inundación", "nivel": "Alto", "dpto": "Cusco", "prov": "Calca", "cenepred_e_via_km": 0.5}, "geometry": {"type": "Point", "coordinates": [-71.92206016799997, -13.370444619999944]}}, {"type": "Feature", "properties": {"ruta": "PE-28", "dist_corredor_m": 75.3, "peligro": "Erosión fluvial", "nivel": "Alto", "dpto": "Cusco", "prov": "Calca", "cenepred_e_via_km": 0.7}, "geometry": {"type": "Point", "coordinates": [-71.90471070799998, -13.38448157099998]}}, {"type": "Feature", "properties": {"ruta": "PE-28", "dist_corredor_m": 273.4, "peligro": "Inundación", "nivel": "Alto", "dpto": "Cusco", "prov": "Calca", "cenepred_e_via_km": 0.5}, "geometry": {"type": "Point", "coordinates": [-71.92442330999995, -13.365991680999969]}}, {"type": "Feature", "properties": {"ruta": "PE-1S", "dist_corredor_m": 986.5, "peligro": "Inundación, erosión fluvial", "nivel": "Alto", "dpto": "Lima", "prov": "Lima", "cenepred_e_via_km": 0.8}, "geometry": {"type": "Point", "coordinates": [-76.89494608299998, -12.26221295199997]}}, {"type": "Feature", "properties": {"ruta": "PE-3S", "dist_corredor_m": 324.6, "peligro": "Inundación, erosión fluvial", "nivel": "Alto", "dpto": "Puno", "prov": "Chucuito", "cenepred_e_via_km": 0.1}, "geometry": {"type": "Point", "coordinates": [-69.05235423999994, -16.58065794199996]}}, {"type": "Feature", "properties": {"ruta": "PE-3S", "dist_corredor_m": 969.9, "peligro": "Erosión fluvial", "nivel": "Alto", "dpto": "Puno", "prov": "Chucuito", "cenepred_e_via_km": 0.12}, "geometry": {"type": "Point", "coordinates": [-69.28716961699996, -16.297263149999935]}}, {"type": "Feature", "properties": {"ruta": "PE-3S", "dist_corredor_m": 274.3, "peligro": "Erosión fluvial", "nivel": "Alto", "dpto": "Puno", "prov": "Chucuito", "cenepred_e_via_km": null}, "geometry": {"type": "Point", "coordinates": [-69.39128727499997, -16.222848643999953]}}, {"type": "Feature", "properties": {"ruta": "PE-3S", "dist_corredor_m": 369.2, "peligro": "Inundación, erosión fluvial", "nivel": "Alto", "dpto": "Puno", "prov": "Chucuito", "cenepred_e_via_km": 0.5}, "geometry": {"type": "Point", "coordinates": [-69.27079411399995, -16.307861641999978]}}, {"type": "Feature", "properties": {"ruta": "PE-3S", "dist_corredor_m": 304.4, "peligro": "Inundación, erosión fluvial", "nivel": "Alto", "dpto": "Puno", "prov": "Chucuito", "cenepred_e_via_km": 0.1}, "geometry": {"type": "Point", "coordinates": [-69.05265413699993, -16.58038666899995]}}, {"type": "Feature", "properties": {"ruta": "PE-3S", "dist_corredor_m": 500.1, "peligro": "Inundación, erosión fluvial", "nivel": "Alto", "dpto": "Puno", "prov": "Chucuito", "cenepred_e_via_km": 0.1}, "geometry": {"type": "Point", "coordinates": [-69.03783452899995, -16.58443072999995]}}, {"type": "Feature", "properties": {"ruta": "PE-3S", "dist_corredor_m": 330.9, "peligro": "Erosión fluvial", "nivel": "Alto", "dpto": "Puno", "prov": "Chucuito", "cenepred_e_via_km": 0.12}, "geometry": {"type": "Point", "coordinates": [-69.28310086699997, -16.29284804399998]}}, {"type": "Feature", "properties": {"ruta": "PE-3S", "dist_corredor_m": 123.0, "peligro": "Erosión fluvial", "nivel": "Alto", "dpto": "Puno", "prov": "Chucuito", "cenepred_e_via_km": null}, "geometry": {"type": "Point", "coordinates": [-69.39187213699995, -16.221366715999977]}}, {"type": "Feature", "properties": {"ruta": "PE-28", "dist_corredor_m": 593.0, "peligro": "Inundación, Erosión fluvial", "nivel": "Alto", "dpto": "Cusco", "prov": "La Convención", "cenepred_e_via_km": null}, "geometry": {"type": "Point", "coordinates": [-72.65152478999994, -12.627867039999956]}}, {"type": "Feature", "properties": {"ruta": "PE-28", "dist_corredor_m": 114.7, "peligro": "Inundación, Erosión fluvial", "nivel": "Alto", "dpto": "Cusco", "prov": "La Convención", "cenepred_e_via_km": null}, "geometry": {"type": "Point", "coordinates": [-72.65582909999995, -12.629070560999935]}}, {"type": "Feature", "properties": {"ruta": "PE-3S", "dist_corredor_m": 869.0, "peligro": "Inundación, Erosión fluvial", "nivel": "Alto", "dpto": "Puno", "prov": "Puno", "cenepred_e_via_km": 4.0}, "geometry": {"type": "Point", "coordinates": [-70.05876193399996, -15.699329433999935]}}, {"type": "Feature", "properties": {"ruta": "PE-3S", "dist_corredor_m": 22.2, "peligro": "Inundación, Erosión fluvial", "nivel": "Muy Alto", "dpto": "Puno", "prov": "Puno", "cenepred_e_via_km": 4.0}, "geometry": {"type": "Point", "coordinates": [-70.06848451499997, -15.695621195999934]}}, {"type": "Feature", "properties": {"ruta": "PE-3S", "dist_corredor_m": 19.7, "peligro": "Inundación, Erosión fluvial", "nivel": "Alto", "dpto": "Puno", "prov": "Puno", "cenepred_e_via_km": 4.0}, "geometry": {"type": "Point", "coordinates": [-70.06803620899996, -15.695542032999981]}}, {"type": "Feature", "properties": {"ruta": "PE-3S", "dist_corredor_m": 882.6, "peligro": "Inundación, Erosión fluvial", "nivel": "Alto", "dpto": "Puno", "prov": "Puno", "cenepred_e_via_km": 4.0}, "geometry": {"type": "Point", "coordinates": [-70.05864954099997, -15.69924862399995]}}, {"type": "Feature", "properties": {"ruta": "PE-3S", "dist_corredor_m": 529.2, "peligro": "Erosión fluvial", "nivel": "Alto", "dpto": "Puno", "prov": "Chucuito", "cenepred_e_via_km": 0.34}, "geometry": {"type": "Point", "coordinates": [-69.37432099799997, -16.246321898999952]}}, {"type": "Feature", "properties": {"ruta": "PE-3S", "dist_corredor_m": 378.9, "peligro": "Erosión fluvial", "nivel": "Alto", "dpto": "Puno", "prov": "Chucuito", "cenepred_e_via_km": 0.34}, "geometry": {"type": "Point", "coordinates": [-69.37484970399998, -16.243843993999974]}}, {"type": "Feature", "properties": {"ruta": "PE-3S", "dist_corredor_m": 31.3, "peligro": "Inundación, erosión fluvial", "nivel": "Muy alto", "dpto": "Puno", "prov": "Chucuito", "cenepred_e_via_km": 0.2}, "geometry": {"type": "Point", "coordinates": [-69.49044312399997, -16.218649761999927]}}, {"type": "Feature", "properties": {"ruta": "PE-3S", "dist_corredor_m": 324.5, "peligro": "Inundación, erosión fluvial", "nivel": "Alto", "dpto": "Puno", "prov": "Chucuito", "cenepred_e_via_km": 0.1}, "geometry": {"type": "Point", "coordinates": [-69.05239173399997, -16.580648891999942]}}, {"type": "Feature", "properties": {"ruta": "PE-1N", "dist_corredor_m": 42.7, "peligro": "Inundación", "nivel": "Alto", "dpto": "Piura", "prov": "Piura", "cenepred_e_via_km": null}, "geometry": {"type": "Point", "coordinates": [-80.69400399099999, -5.155923293999933]}}, {"type": "Feature", "properties": {"ruta": "PE-1N", "dist_corredor_m": 460.2, "peligro": "Inundación, erosión fluvial", "nivel": "Muy alto", "dpto": "Áncash", "prov": "Santa", "cenepred_e_via_km": 5.0}, "geometry": {"type": "Point", "coordinates": [-78.42655983799995, -9.258712040999967]}}, {"type": "Feature", "properties": {"ruta": "PE-3S", "dist_corredor_m": 142.9, "peligro": "Inundación, erosión fluvial", "nivel": "Alto", "dpto": "Puno", "prov": "El Collao", "cenepred_e_via_km": 1.4}, "geometry": {"type": "Point", "coordinates": [-69.63651143199996, -16.09288812699998]}}, {"type": "Feature", "properties": {"ruta": "PE-3S", "dist_corredor_m": 14.4, "peligro": "Inundación, erosión fluvial", "nivel": "Alto", "dpto": "Puno", "prov": "El Collao", "cenepred_e_via_km": 1.4}, "geometry": {"type": "Point", "coordinates": [-69.63508648299995, -16.091726221999977]}}, {"type": "Feature", "properties": {"ruta": "PE-1S", "dist_corredor_m": 869.9, "peligro": "Inundación, erosión fluvial", "nivel": "Alto", "dpto": "Ica", "prov": "Ica", "cenepred_e_via_km": null}, "geometry": {"type": "Point", "coordinates": [-75.68162638699994, -14.319689534999952]}}, {"type": "Feature", "properties": {"ruta": "PE-1S", "dist_corredor_m": 604.1, "peligro": "Inundación, erosión fluvial", "nivel": "Alto", "dpto": "Ica", "prov": "Ica", "cenepred_e_via_km": 1.0}, "geometry": {"type": "Point", "coordinates": [-75.68401217799999, -14.299159164999935]}}, {"type": "Feature", "properties": {"ruta": "PE-1S", "dist_corredor_m": 734.6, "peligro": "Inundación, erosión fluvial", "nivel": "Alto", "dpto": "Ica", "prov": "Ica", "cenepred_e_via_km": 1.0}, "geometry": {"type": "Point", "coordinates": [-75.68302756099996, -14.313898785999982]}}, {"type": "Feature", "properties": {"ruta": "PE-3S", "dist_corredor_m": 847.2, "peligro": "Inundación, Erosión fluvial", "nivel": "Muy Alto", "dpto": "Puno", "prov": "Azángaro", "cenepred_e_via_km": 2.5}, "geometry": {"type": "Point", "coordinates": [-70.35549087099997, -15.11798366499994]}}, {"type": "Feature", "properties": {"ruta": "PE-28", "dist_corredor_m": 8.7, "peligro": "Inundación, Erosión fluvial", "nivel": "Alto", "dpto": "Cusco", "prov": "La Convención", "cenepred_e_via_km": null}, "geometry": {"type": "Point", "coordinates": [-73.60385936999995, -12.795518369999968]}}, {"type": "Feature", "properties": {"ruta": "PE-28", "dist_corredor_m": 630.0, "peligro": "Inundación, Erosión fluvial", "nivel": "Alto", "dpto": "Cusco", "prov": "La Convención", "cenepred_e_via_km": null}, "geometry": {"type": "Point", "coordinates": [-73.60731233299998, -12.809196725999982]}}, {"type": "Feature", "properties": {"ruta": "PE-1S", "dist_corredor_m": 616.0, "peligro": "Inundación, Erosión fluvial", "nivel": "Alto", "dpto": "Arequipa", "prov": "Islay", "cenepred_e_via_km": null}, "geometry": {"type": "Point", "coordinates": [-71.69185939199997, -17.036254978999978]}}, {"type": "Feature", "properties": {"ruta": "PE-1S", "dist_corredor_m": 332.5, "peligro": "Inundación, Erosión fluvial", "nivel": "Alto", "dpto": "Arequipa", "prov": "Islay", "cenepred_e_via_km": null}, "geometry": {"type": "Point", "coordinates": [-71.67808968699995, -17.023892522999972]}}, {"type": "Feature", "properties": {"ruta": "PE-1S", "dist_corredor_m": 620.0, "peligro": "Inundación, Erosión fluvial", "nivel": "Alto", "dpto": "Arequipa", "prov": "Islay", "cenepred_e_via_km": null}, "geometry": {"type": "Point", "coordinates": [-71.69164247799995, -17.036185603999968]}}, {"type": "Feature", "properties": {"ruta": "PE-1S", "dist_corredor_m": 326.8, "peligro": "Inundación, Erosión fluvial", "nivel": "Alto", "dpto": "Arequipa", "prov": "Islay", "cenepred_e_via_km": null}, "geometry": {"type": "Point", "coordinates": [-71.67797654599997, -17.02385788899994]}}, {"type": "Feature", "properties": {"ruta": "PE-3S", "dist_corredor_m": 557.9, "peligro": "Erosión fluvial", "nivel": "Alto", "dpto": "Puno", "prov": "Puno", "cenepred_e_via_km": null}, "geometry": {"type": "Point", "coordinates": [-69.99925685099998, -15.869161859999963]}}, {"type": "Feature", "properties": {"ruta": "PE-3S", "dist_corredor_m": 103.6, "peligro": "Erosión fluvial", "nivel": "Alto", "dpto": "Puno", "prov": "Puno", "cenepred_e_via_km": null}, "geometry": {"type": "Point", "coordinates": [-69.99849748199995, -15.864781279999931]}}, {"type": "Feature", "properties": {"ruta": "PE-22", "dist_corredor_m": 9.1, "peligro": "Inundación, Erosión fluvial", "nivel": "Alto", "dpto": "Lima", "prov": "Huarochiri", "cenepred_e_via_km": 0.6}, "geometry": {"type": "Point", "coordinates": [-76.34056924699996, -11.80404471299994]}}, {"type": "Feature", "properties": {"ruta": "PE-22", "dist_corredor_m": 19.8, "peligro": "Inundación, Erosión fluvial", "nivel": "Alto", "dpto": "Lima", "prov": "Huarochiri", "cenepred_e_via_km": 0.6}, "geometry": {"type": "Point", "coordinates": [-76.33855557199996, -11.801359913999931]}}, {"type": "Feature", "properties": {"ruta": "PE-1S", "dist_corredor_m": 275.5, "peligro": "Inundación, Erosión fluvial", "nivel": "Alto", "dpto": "Moquegua", "prov": "Mariscal Nieto", "cenepred_e_via_km": 0.5}, "geometry": {"type": "Point", "coordinates": [-70.99149817699998, -17.311950207999928]}}, {"type": "Feature", "properties": {"ruta": "PE-1S", "dist_corredor_m": 189.4, "peligro": "Inundación, Erosión fluvial", "nivel": "Alto", "dpto": "Moquegua", "prov": "Mariscal Nieto", "cenepred_e_via_km": 0.5}, "geometry": {"type": "Point", "coordinates": [-70.99058446399994, -17.311823766999964]}}, {"type": "Feature", "properties": {"ruta": "PE-1S", "dist_corredor_m": 312.9, "peligro": "Inundación, Erosión fluvial", "nivel": "Alto", "dpto": "Moquegua", "prov": "Mariscal Nieto", "cenepred_e_via_km": 0.4}, "geometry": {"type": "Point", "coordinates": [-70.98990823799994, -17.29442953399996]}}, {"type": "Feature", "properties": {"ruta": "PE-1S", "dist_corredor_m": 133.4, "peligro": "Inundación, Erosión fluvial", "nivel": "Alto", "dpto": "Moquegua", "prov": "Mariscal Nieto", "cenepred_e_via_km": 0.4}, "geometry": {"type": "Point", "coordinates": [-70.98937492699997, -17.29906062599997]}}, {"type": "Feature", "properties": {"ruta": "PE-1S", "dist_corredor_m": 525.3, "peligro": "Inundación, Erosión fluvial", "nivel": "Alto", "dpto": "Moquegua", "prov": "Mariscal Nieto", "cenepred_e_via_km": 1.0}, "geometry": {"type": "Point", "coordinates": [-70.98974008599998, -17.27790659799996]}}, {"type": "Feature", "properties": {"ruta": "PE-1S", "dist_corredor_m": 485.8, "peligro": "Inundación, Erosión fluvial", "nivel": "Alto", "dpto": "Moquegua", "prov": "Mariscal Nieto", "cenepred_e_via_km": 1.0}, "geometry": {"type": "Point", "coordinates": [-70.98952102799996, -17.280275881999955]}}, {"type": "Feature", "properties": {"ruta": "PE-1S", "dist_corredor_m": 470.7, "peligro": "Inundación, Erosión fluvial", "nivel": "Alto", "dpto": "Moquegua", "prov": "Mariscal Nieto", "cenepred_e_via_km": 1.0}, "geometry": {"type": "Point", "coordinates": [-70.98939932999997, -17.285580503999938]}}, {"type": "Feature", "properties": {"ruta": "PE-1S", "dist_corredor_m": 496.3, "peligro": "Inundación, Erosión fluvial", "nivel": "Alto", "dpto": "Moquegua", "prov": "Mariscal Nieto", "cenepred_e_via_km": 1.0}, "geometry": {"type": "Point", "coordinates": [-70.98943880299998, -17.277873444999955]}}, {"type": "Feature", "properties": {"ruta": "PE-1S", "dist_corredor_m": 427.8, "peligro": "Inundación, Erosión fluvial", "nivel": "Alto", "dpto": "Moquegua", "prov": "Mariscal Nieto", "cenepred_e_via_km": 1.0}, "geometry": {"type": "Point", "coordinates": [-70.98878083599993, -17.28490902699997]}}, {"type": "Feature", "properties": {"ruta": "PE-1S", "dist_corredor_m": 268.7, "peligro": "Inundación, Erosión fluvial", "nivel": "Alto", "dpto": "Moquegua", "prov": "Mariscal Nieto", "cenepred_e_via_km": 0.2}, "geometry": {"type": "Point", "coordinates": [-70.99182594599995, -17.32403543399994]}}, {"type": "Feature", "properties": {"ruta": "PE-1S", "dist_corredor_m": 199.2, "peligro": "Inundación, Erosión fluvial", "nivel": "Alto", "dpto": "Moquegua", "prov": "Mariscal Nieto", "cenepred_e_via_km": 0.2}, "geometry": {"type": "Point", "coordinates": [-70.99116011799998, -17.324222749999933]}}, {"type": "Feature", "properties": {"ruta": "PE-1S", "dist_corredor_m": 341.8, "peligro": "Inundación, Erosión fluvial", "nivel": "Alto", "dpto": "Moquegua", "prov": "Mariscal Nieto", "cenepred_e_via_km": 0.1}, "geometry": {"type": "Point", "coordinates": [-70.97165163799997, -17.212853199999927]}}, {"type": "Feature", "properties": {"ruta": "PE-1S", "dist_corredor_m": 244.4, "peligro": "Inundación, Erosión fluvial", "nivel": "Alto", "dpto": "Moquegua", "prov": "Mariscal Nieto", "cenepred_e_via_km": 0.5}, "geometry": {"type": "Point", "coordinates": [-70.99067065999998, -17.31458754399995]}}, {"type": "Feature", "properties": {"ruta": "PE-1S", "dist_corredor_m": 100.2, "peligro": "Inundación, Erosión fluvial", "nivel": "Alto", "dpto": "Moquegua", "prov": "Mariscal Nieto", "cenepred_e_via_km": 0.5}, "geometry": {"type": "Point", "coordinates": [-70.99043501899996, -17.316288417999942]}}, {"type": "Feature", "properties": {"ruta": "PE-1S", "dist_corredor_m": 253.0, "peligro": "Inundación, Erosión fluvial", "nivel": "Alto", "dpto": "Moquegua", "prov": "Mariscal Nieto", "cenepred_e_via_km": 0.4}, "geometry": {"type": "Point", "coordinates": [-70.99071195399995, -17.302697397999964]}}, {"type": "Feature", "properties": {"ruta": "PE-1S", "dist_corredor_m": 204.8, "peligro": "Inundación, Erosión fluvial", "nivel": "Alto", "dpto": "Moquegua", "prov": "Mariscal Nieto", "cenepred_e_via_km": 0.4}, "geometry": {"type": "Point", "coordinates": [-70.99011319499994, -17.30299245599997]}}, {"type": "Feature", "properties": {"ruta": "PE-1S", "dist_corredor_m": 353.1, "peligro": "Inundación, Erosión fluvial", "nivel": "Alto", "dpto": "Moquegua", "prov": "Mariscal Nieto", "cenepred_e_via_km": 1.0}, "geometry": {"type": "Point", "coordinates": [-70.98894616399997, -17.288918829999943]}}, {"type": "Feature", "properties": {"ruta": "PE-1S", "dist_corredor_m": 540.6, "peligro": "Inundación, Erosión fluvial", "nivel": "Alto", "dpto": "Moquegua", "prov": "Mariscal Nieto", "cenepred_e_via_km": 1.0}, "geometry": {"type": "Point", "coordinates": [-70.98913184599996, -17.283441912999933]}}, {"type": "Feature", "properties": {"ruta": "PE-1S", "dist_corredor_m": 375.6, "peligro": "Inundación, Erosión fluvial", "nivel": "Alto", "dpto": "Moquegua", "prov": "Mariscal Nieto", "cenepred_e_via_km": 1.0}, "geometry": {"type": "Point", "coordinates": [-70.98917155699996, -17.288889490999964]}}, {"type": "Feature", "properties": {"ruta": "PE-1S", "dist_corredor_m": 511.4, "peligro": "Inundación, Erosión fluvial", "nivel": "Alto", "dpto": "Moquegua", "prov": "Mariscal Nieto", "cenepred_e_via_km": 1.0}, "geometry": {"type": "Point", "coordinates": [-70.98846993399997, -17.283105151999962]}}, {"type": "Feature", "properties": {"ruta": "PE-1S", "dist_corredor_m": 324.4, "peligro": "Inundación, Erosión fluvial", "nivel": "Alto", "dpto": "Moquegua", "prov": "Mariscal Nieto", "cenepred_e_via_km": 1.0}, "geometry": {"type": "Point", "coordinates": [-70.98862634799997, -17.28891296599994]}}, {"type": "Feature", "properties": {"ruta": "PE-1S", "dist_corredor_m": 340.4, "peligro": "Inundación, Erosión fluvial", "nivel": "Alto", "dpto": "Moquegua", "prov": "Mariscal Nieto", "cenepred_e_via_km": 0.2}, "geometry": {"type": "Point", "coordinates": [-70.99244746899996, -17.32584523099996]}}, {"type": "Feature", "properties": {"ruta": "PE-1S", "dist_corredor_m": 375.0, "peligro": "Inundación, Erosión fluvial", "nivel": "Alto", "dpto": "Moquegua", "prov": "Mariscal Nieto", "cenepred_e_via_km": 0.2}, "geometry": {"type": "Point", "coordinates": [-70.99253576999996, -17.327055006999956]}}, {"type": "Feature", "properties": {"ruta": "PE-1S", "dist_corredor_m": 160.4, "peligro": "Inundación, Erosión fluvial", "nivel": "Alto", "dpto": "Moquegua", "prov": "Mariscal Nieto", "cenepred_e_via_km": 0.1}, "geometry": {"type": "Point", "coordinates": [-70.97195585099996, -17.214946320999957]}}, {"type": "Feature", "properties": {"ruta": "PE-22", "dist_corredor_m": 670.1, "peligro": "Inundación, Erosión fluvial", "nivel": "Alto", "dpto": "Lima", "prov": "Huarochiri", "cenepred_e_via_km": 0.66}, "geometry": {"type": "Point", "coordinates": [-76.66362300399999, -11.915716804999931]}}, {"type": "Feature", "properties": {"ruta": "PE-22", "dist_corredor_m": 570.9, "peligro": "Inundación, Erosión fluvial", "nivel": "Alto", "dpto": "Lima", "prov": "Huarochiri", "cenepred_e_via_km": 0.66}, "geometry": {"type": "Point", "coordinates": [-76.66460043099994, -11.916434224999932]}}, {"type": "Feature", "properties": {"ruta": "PE-22", "dist_corredor_m": 14.3, "peligro": "Inundación, Erosión fluvial", "nivel": "Alto", "dpto": "Lima", "prov": "Huarochiri", "cenepred_e_via_km": 0.5}, "geometry": {"type": "Point", "coordinates": [-76.66708191599997, -11.921427662999974]}}, {"type": "Feature", "properties": {"ruta": "PE-22", "dist_corredor_m": 14.3, "peligro": "Inundación, Erosión fluvial", "nivel": "Alto", "dpto": "Lima", "prov": "Huarochiri", "cenepred_e_via_km": 0.5}, "geometry": {"type": "Point", "coordinates": [-76.66708191599997, -11.921427662999974]}}, {"type": "Feature", "properties": {"ruta": "PE-22", "dist_corredor_m": 327.8, "peligro": "Inundación, Erosión fluvial", "nivel": "Alto", "dpto": "Lima", "prov": "Huarochiri", "cenepred_e_via_km": 0.66}, "geometry": {"type": "Point", "coordinates": [-76.66650369999996, -11.918438873999946]}}, {"type": "Feature", "properties": {"ruta": "PE-22", "dist_corredor_m": 488.0, "peligro": "Inundación, Erosión fluvial", "nivel": "Alto", "dpto": "Lima", "prov": "Huarochiri", "cenepred_e_via_km": 0.66}, "geometry": {"type": "Point", "coordinates": [-76.66538476399995, -11.917098543999941]}}, {"type": "Feature", "properties": {"ruta": "PE-22", "dist_corredor_m": 231.3, "peligro": "Inundación, Erosión fluvial", "nivel": "Alto", "dpto": "Lima", "prov": "Huarochiri", "cenepred_e_via_km": 0.5}, "geometry": {"type": "Point", "coordinates": [-76.66924995799997, -11.923186639999926]}}, {"type": "Feature", "properties": {"ruta": "PE-22", "dist_corredor_m": 231.3, "peligro": "Inundación, Erosión fluvial", "nivel": "Alto", "dpto": "Lima", "prov": "Huarochiri", "cenepred_e_via_km": 0.5}, "geometry": {"type": "Point", "coordinates": [-76.66924995799997, -11.923186639999926]}}, {"type": "Feature", "properties": {"ruta": "PE-22", "dist_corredor_m": 391.6, "peligro": "Inundación, Erosión fluvial", "nivel": "Muy Alto", "dpto": "Lima", "prov": "Lima", "cenepred_e_via_km": null}, "geometry": {"type": "Point", "coordinates": [-76.71672197099997, -11.95123807999994]}}, {"type": "Feature", "properties": {"ruta": "PE-22", "dist_corredor_m": 243.8, "peligro": "Erosión fluvial", "nivel": "Muy Alto", "dpto": "Lima", "prov": "Lima", "cenepred_e_via_km": null}, "geometry": {"type": "Point", "coordinates": [-76.70262909199994, -11.94452180299993]}}, {"type": "Feature", "properties": {"ruta": "PE-22", "dist_corredor_m": 238.8, "peligro": "Inundación, Erosión fluvial", "nivel": "Muy Alto", "dpto": "Lima", "prov": "Lima", "cenepred_e_via_km": null}, "geometry": {"type": "Point", "coordinates": [-76.70467390599998, -11.944995203999952]}}, {"type": "Feature", "properties": {"ruta": "PE-22", "dist_corredor_m": 97.8, "peligro": "Inundación, Erosión fluvial", "nivel": "Muy Alto", "dpto": "Lima", "prov": "Lima", "cenepred_e_via_km": null}, "geometry": {"type": "Point", "coordinates": [-76.68235911199997, -11.92469962499996]}}, {"type": "Feature", "properties": {"ruta": "PE-22", "dist_corredor_m": 270.2, "peligro": "Inundación, Erosión fluvial", "nivel": "Muy Alto", "dpto": "Lima", "prov": "Lima", "cenepred_e_via_km": null}, "geometry": {"type": "Point", "coordinates": [-76.72317458199996, -11.952548012999955]}}, {"type": "Feature", "properties": {"ruta": "PE-22", "dist_corredor_m": 238.8, "peligro": "Erosión fluvial", "nivel": "Muy Alto", "dpto": "Lima", "prov": "Lima", "cenepred_e_via_km": null}, "geometry": {"type": "Point", "coordinates": [-76.70467390599998, -11.944995203999952]}}, {"type": "Feature", "properties": {"ruta": "PE-22", "dist_corredor_m": 122.9, "peligro": "Inundación, Erosión fluvial", "nivel": "Muy Alto", "dpto": "Lima", "prov": "Lima", "cenepred_e_via_km": null}, "geometry": {"type": "Point", "coordinates": [-76.70908891999994, -11.94632434999994]}}, {"type": "Feature", "properties": {"ruta": "PE-22", "dist_corredor_m": 111.6, "peligro": "Inundación, Erosión fluvial", "nivel": "Muy Alto", "dpto": "Lima", "prov": "Lima", "cenepred_e_via_km": null}, "geometry": {"type": "Point", "coordinates": [-76.68669169999998, -11.92756662499994]}}, {"type": "Feature", "properties": {"ruta": "PE-1N", "dist_corredor_m": 156.2, "peligro": "Flujo de detritos, Erosión fluvial", "nivel": "Muy Alto", "dpto": "Tumbes", "prov": "Tumbes", "cenepred_e_via_km": 0.02}, "geometry": {"type": "Point", "coordinates": [-80.50317471899996, -3.609006435999959]}}, {"type": "Feature", "properties": {"ruta": "PE-1N", "dist_corredor_m": 239.9, "peligro": "Flujo de detritos, Erosión fluvial", "nivel": "Muy Alto", "dpto": "Tumbes", "prov": "Tumbes", "cenepred_e_via_km": 0.02}, "geometry": {"type": "Point", "coordinates": [-80.50412208099993, -3.605451634999952]}}, {"type": "Feature", "properties": {"ruta": "PE-1N", "dist_corredor_m": 105.7, "peligro": "Inundación, Erosión fluvial", "nivel": "Muy Alto", "dpto": "La Libertad", "prov": "Ascope", "cenepred_e_via_km": 0.5}, "geometry": {"type": "Point", "coordinates": [-79.17360811999998, -7.820668277999971]}}, {"type": "Feature", "properties": {"ruta": "PE-3S", "dist_corredor_m": 6.5, "peligro": "Inundación", "nivel": "Alto", "dpto": "Cusco", "prov": "Anta", "cenepred_e_via_km": null}, "geometry": {"type": "Point", "coordinates": [-72.19884360999998, -13.498415462999958]}}, {"type": "Feature", "properties": {"ruta": "PE-3S", "dist_corredor_m": 972.4, "peligro": "Flujo de detritos", "nivel": "Alto", "dpto": "Cusco", "prov": "Cusco", "cenepred_e_via_km": 0.2}, "geometry": {"type": "Point", "coordinates": [-72.03317140199994, -13.512287159999971]}}, {"type": "Feature", "properties": {"ruta": "PE-3S", "dist_corredor_m": 166.8, "peligro": "Inundación", "nivel": "Alto", "dpto": "Cusco", "prov": "Cusco", "cenepred_e_via_km": null}, "geometry": {"type": "Point", "coordinates": [-72.32315659099999, -13.447777014999929]}}, {"type": "Feature", "properties": {"ruta": "PE-3S", "dist_corredor_m": 115.7, "peligro": "Inundación", "nivel": "Alto", "dpto": "Cusco", "prov": "Cusco", "cenepred_e_via_km": 0.2}, "geometry": {"type": "Point", "coordinates": [-72.02146870499996, -13.507036439999979]}}, {"type": "Feature", "properties": {"ruta": "PE-28", "dist_corredor_m": 359.7, "peligro": "Inundación, Erosión fluvial", "nivel": "Alto", "dpto": "Junín", "prov": "Satipo", "cenepred_e_via_km": null}, "geometry": {"type": "Point", "coordinates": [-74.49390790799998, -11.427054262999945]}}, {"type": "Feature", "properties": {"ruta": "PE-3S", "dist_corredor_m": 537.0, "peligro": "Inundación", "nivel": "Alto", "dpto": "Cusco", "prov": "Anta", "cenepred_e_via_km": null}, "geometry": {"type": "Point", "coordinates": [-72.19717046699998, -13.493880426999965]}}, {"type": "Feature", "properties": {"ruta": "PE-3S", "dist_corredor_m": 22.0, "peligro": "Flujo de detritos", "nivel": "Alto", "dpto": "Cusco", "prov": "Cusco", "cenepred_e_via_km": 0.2}, "geometry": {"type": "Point", "coordinates": [-72.02995749199994, -13.504247177999957]}}, {"type": "Feature", "properties": {"ruta": "PE-3S", "dist_corredor_m": 728.3, "peligro": "Inundación", "nivel": "Alto", "dpto": "Cusco", "prov": "Cusco", "cenepred_e_via_km": null}, "geometry": {"type": "Point", "coordinates": [-72.27985644999995, -13.481774296999959]}}, {"type": "Feature", "properties": {"ruta": "PE-3S", "dist_corredor_m": 118.2, "peligro": "Inundación", "nivel": "Alto", "dpto": "Cusco", "prov": "Cusco", "cenepred_e_via_km": 0.2}, "geometry": {"type": "Point", "coordinates": [-72.02264333499994, -13.50386231799996]}}, {"type": "Feature", "properties": {"ruta": "PE-3S", "dist_corredor_m": 838.8, "peligro": "Flujo de detritos", "nivel": "Alto", "dpto": "Cusco", "prov": "Cusco", "cenepred_e_via_km": 0.9}, "geometry": {"type": "Point", "coordinates": [-71.86872511099995, -13.544194059999938]}}, {"type": "Feature", "properties": {"ruta": "PE-28", "dist_corredor_m": 924.4, "peligro": "Inundación", "nivel": "Alto", "dpto": "Cusco", "prov": "Calca", "cenepred_e_via_km": 0.3}, "geometry": {"type": "Point", "coordinates": [-71.90117622499997, -13.409766694999973]}}, {"type": "Feature", "properties": {"ruta": "PE-3S", "dist_corredor_m": 147.6, "peligro": "Flujo de detritos", "nivel": "Alto", "dpto": "Cusco", "prov": "Cusco", "cenepred_e_via_km": 0.9}, "geometry": {"type": "Point", "coordinates": [-71.87055584299998, -13.552889066999967]}}, {"type": "Feature", "properties": {"ruta": "PE-3S", "dist_corredor_m": 946.0, "peligro": "Inundación, Erosión fluvial", "nivel": "Alto", "dpto": "Cusco", "prov": "Cusco", "cenepred_e_via_km": null}, "geometry": {"type": "Point", "coordinates": [-71.90893844499993, -13.545752233999963]}}, {"type": "Feature", "properties": {"ruta": "PE-3S", "dist_corredor_m": 787.8, "peligro": "Flujo de detritos", "nivel": "Alto", "dpto": "Cusco", "prov": "Cusco", "cenepred_e_via_km": 0.3}, "geometry": {"type": "Point", "coordinates": [-71.88701402099997, -13.539684140999952]}}, {"type": "Feature", "properties": {"ruta": "PE-28", "dist_corredor_m": 191.6, "peligro": "Inundación", "nivel": "Alto", "dpto": "Cusco", "prov": "Calca", "cenepred_e_via_km": 0.3}, "geometry": {"type": "Point", "coordinates": [-71.89730512999995, -13.40394037599998]}}, {"type": "Feature", "properties": {"ruta": "PE-1N", "dist_corredor_m": 10.3, "peligro": "Erosión fluvial", "nivel": "Alto", "dpto": "Lima", "prov": "Huaura", "cenepred_e_via_km": 50.0}, "geometry": {"type": "Point", "coordinates": [-77.58439888899994, -11.072225472999946]}}, {"type": "Feature", "properties": {"ruta": "PE-22", "dist_corredor_m": 92.3, "peligro": "Erosión fluvial", "nivel": "Muy Alto", "dpto": "Lima", "prov": "Huarochiri", "cenepred_e_via_km": 1.25}, "geometry": {"type": "Point", "coordinates": [-76.61654421199995, -11.91497839899995]}}, {"type": "Feature", "properties": {"ruta": "PE-22", "dist_corredor_m": 41.8, "peligro": "Erosión fluvial", "nivel": "Muy Alto", "dpto": "Lima", "prov": "Huarochiri", "cenepred_e_via_km": 1.25}, "geometry": {"type": "Point", "coordinates": [-76.60998482299993, -11.914148104999981]}}, {"type": "Feature", "properties": {"ruta": "PE-3S", "dist_corredor_m": 526.2, "peligro": "Inundación, Erosión fluvial", "nivel": "Muy Alto", "dpto": "Junín", "prov": "Huancayo", "cenepred_e_via_km": 0.19}, "geometry": {"type": "Point", "coordinates": [-75.26394486199996, -11.98952427599994]}}, {"type": "Feature", "properties": {"ruta": "PE-3S", "dist_corredor_m": 543.3, "peligro": "Inundación, Erosión fluvial", "nivel": "Muy Alto", "dpto": "Junín", "prov": "Huancayo", "cenepred_e_via_km": 0.19}, "geometry": {"type": "Point", "coordinates": [-75.26415607199993, -11.989460773999951]}}, {"type": "Feature", "properties": {"ruta": "PE-3S", "dist_corredor_m": 516.6, "peligro": "Inundación, Erosión fluvial", "nivel": "Muy Alto", "dpto": "Junín", "prov": "Huancayo", "cenepred_e_via_km": 0.19}, "geometry": {"type": "Point", "coordinates": [-75.26377045599997, -11.989651046999938]}}, {"type": "Feature", "properties": {"ruta": "PE-3S", "dist_corredor_m": 21.6, "peligro": "Erosión fluvial", "nivel": "Alto", "dpto": "Puno", "prov": "El Collao", "cenepred_e_via_km": 0.1}, "geometry": {"type": "Point", "coordinates": [-69.57852967499997, -16.138098825999975]}}, {"type": "Feature", "properties": {"ruta": "PE-3S", "dist_corredor_m": 187.6, "peligro": "Erosión fluvial", "nivel": "Alto", "dpto": "Puno", "prov": "El Collao", "cenepred_e_via_km": 0.1}, "geometry": {"type": "Point", "coordinates": [-69.57800095299996, -16.136382676999972]}}, {"type": "Feature", "properties": {"ruta": "PE-3S", "dist_corredor_m": 545.4, "peligro": "Inundación, erosión fluvial", "nivel": "Muy alto", "dpto": "Junín", "prov": "Concepción", "cenepred_e_via_km": 0.3}, "geometry": {"type": "Point", "coordinates": [-75.31860358399996, -11.937739877999945]}}, {"type": "Feature", "properties": {"ruta": "PE-3S", "dist_corredor_m": 199.1, "peligro": "Inundación, erosión fluvial", "nivel": "Muy alto", "dpto": "Junín", "prov": "Concepción", "cenepred_e_via_km": 0.3}, "geometry": {"type": "Point", "coordinates": [-75.31357191599994, -11.938731251999968]}}, {"type": "Feature", "properties": {"ruta": "PE-3S", "dist_corredor_m": 681.1, "peligro": "Inundación, erosión fluvial", "nivel": "Muy alto", "dpto": "Junín", "prov": "Concepción", "cenepred_e_via_km": 0.1}, "geometry": {"type": "Point", "coordinates": [-75.34522766799995, -11.899308581999946]}}, {"type": "Feature", "properties": {"ruta": "PE-3S", "dist_corredor_m": 112.8, "peligro": "Inundación, erosión fluvial", "nivel": "Muy alto", "dpto": "Junín", "prov": "Jauja", "cenepred_e_via_km": 1.2}, "geometry": {"type": "Point", "coordinates": [-75.62770591799995, -11.814995228999976]}}, {"type": "Feature", "properties": {"ruta": "PE-1N", "dist_corredor_m": 64.2, "peligro": "Inundación", "nivel": "Muy alto", "dpto": "Piura", "prov": "Piura", "cenepred_e_via_km": 3.0}, "geometry": {"type": "Point", "coordinates": [-80.64984234699995, -5.230884960999958]}}, {"type": "Feature", "properties": {"ruta": "PE-22", "dist_corredor_m": 74.0, "peligro": "Erosión fluvial", "nivel": "Alto", "dpto": "Lima", "prov": "Huarochiri", "cenepred_e_via_km": null}, "geometry": {"type": "Point", "coordinates": [-76.53130899799999, -11.902273570999967]}}, {"type": "Feature", "properties": {"ruta": "PE-22", "dist_corredor_m": 95.1, "peligro": "Erosión fluvial", "nivel": "Alto", "dpto": "Lima", "prov": "Huarochiri", "cenepred_e_via_km": 1.0}, "geometry": {"type": "Point", "coordinates": [-76.56906023799996, -11.912552840999979]}}, {"type": "Feature", "properties": {"ruta": "PE-22", "dist_corredor_m": 89.0, "peligro": "Erosión fluvial", "nivel": "Alto", "dpto": "Lima", "prov": "Huarochiri", "cenepred_e_via_km": null}, "geometry": {"type": "Point", "coordinates": [-76.53287814099997, -11.90380192699996]}}, {"type": "Feature", "properties": {"ruta": "PE-22", "dist_corredor_m": 101.6, "peligro": "Erosión fluvial", "nivel": "Alto", "dpto": "Lima", "prov": "Huarochiri", "cenepred_e_via_km": 1.0}, "geometry": {"type": "Point", "coordinates": [-76.58449091299997, -11.910803088999955]}}, {"type": "Feature", "properties": {"ruta": "PE-1S", "dist_corredor_m": 87.0, "peligro": "Inundación, Erosión fluvial", "nivel": "Muy Alto", "dpto": "Arequipa", "prov": "Caraveli", "cenepred_e_via_km": null}, "geometry": {"type": "Point", "coordinates": [-74.52252214799995, -15.672488276999957]}}, {"type": "Feature", "properties": {"ruta": "PE-1S", "dist_corredor_m": 192.6, "peligro": "Inundación, Erosión fluvial", "nivel": "Muy Alto", "dpto": "Arequipa", "prov": "Caraveli", "cenepred_e_via_km": null}, "geometry": {"type": "Point", "coordinates": [-74.52331852499998, -15.675120772999946]}}, {"type": "Feature", "properties": {"ruta": "PE-1S", "dist_corredor_m": 282.2, "peligro": "Erosión fluvial", "nivel": "Muy Alto", "dpto": "Arequipa", "prov": "Caraveli", "cenepred_e_via_km": null}, "geometry": {"type": "Point", "coordinates": [-74.52157845199997, -15.669014696999966]}}, {"type": "Feature", "properties": {"ruta": "PE-1S", "dist_corredor_m": 39.5, "peligro": "Erosión fluvial", "nivel": "Muy Alto", "dpto": "Arequipa", "prov": "Caraveli", "cenepred_e_via_km": null}, "geometry": {"type": "Point", "coordinates": [-74.52232800099995, -15.671710377999943]}}, {"type": "Feature", "properties": {"ruta": "PE-22", "dist_corredor_m": 418.4, "peligro": "Erosión fluvial", "nivel": "Muy alto", "dpto": "Lima", "prov": "Lima", "cenepred_e_via_km": null}, "geometry": {"type": "Point", "coordinates": [-76.82356747299997, -11.987329746999933]}}, {"type": "Feature", "properties": {"ruta": "PE-22", "dist_corredor_m": 474.2, "peligro": "Erosión fluvial", "nivel": "Muy alto", "dpto": "Lima", "prov": "Lima", "cenepred_e_via_km": null}, "geometry": {"type": "Point", "coordinates": [-76.83341604499998, -11.990944385999967]}}, {"type": "Feature", "properties": {"ruta": "PE-22", "dist_corredor_m": 141.2, "peligro": "Erosión fluvial", "nivel": "Muy alto", "dpto": "Lima", "prov": "Lima", "cenepred_e_via_km": null}, "geometry": {"type": "Point", "coordinates": [-76.91193763899997, -12.019812405999971]}}, {"type": "Feature", "properties": {"ruta": "PE-22", "dist_corredor_m": 179.9, "peligro": "Erosión fluvial", "nivel": "Muy alto", "dpto": "Lima", "prov": "Lima", "cenepred_e_via_km": null}, "geometry": {"type": "Point", "coordinates": [-76.93933567199997, -12.021550601999934]}}, {"type": "Feature", "properties": {"ruta": "PE-22", "dist_corredor_m": 56.9, "peligro": "Erosión fluvial", "nivel": "Muy alto", "dpto": "Lima", "prov": "Lima", "cenepred_e_via_km": null}, "geometry": {"type": "Point", "coordinates": [-76.97130145999995, -12.026420836999932]}}, {"type": "Feature", "properties": {"ruta": "PE-22", "dist_corredor_m": 476.9, "peligro": "Erosión fluvial", "nivel": "Muy alto", "dpto": "Lima", "prov": "Lima", "cenepred_e_via_km": null}, "geometry": {"type": "Point", "coordinates": [-76.98388693799996, -12.026108547999968]}}, {"type": "Feature", "properties": {"ruta": "PE-22", "dist_corredor_m": 240.7, "peligro": "Erosión fluvial", "nivel": "Muy alto", "dpto": "Lima", "prov": "Lima", "cenepred_e_via_km": null}, "geometry": {"type": "Point", "coordinates": [-76.86471577199995, -12.006791577999934]}}, {"type": "Feature", "properties": {"ruta": "PE-22", "dist_corredor_m": 364.7, "peligro": "Erosión fluvial", "nivel": "Muy alto", "dpto": "Lima", "prov": "Lima", "cenepred_e_via_km": null}, "geometry": {"type": "Point", "coordinates": [-76.88055449199999, -12.009613498999954]}}, {"type": "Feature", "properties": {"ruta": "PE-22", "dist_corredor_m": 474.2, "peligro": "Erosión fluvial", "nivel": "Alto", "dpto": "Lima", "prov": "Lima", "cenepred_e_via_km": null}, "geometry": {"type": "Point", "coordinates": [-76.83341604499998, -11.990944385999967]}}, {"type": "Feature", "properties": {"ruta": "PE-22", "dist_corredor_m": 239.8, "peligro": "Erosión fluvial", "nivel": "Alto", "dpto": "Lima", "prov": "Lima", "cenepred_e_via_km": null}, "geometry": {"type": "Point", "coordinates": [-76.86466416799993, -12.006791288999977]}}, {"type": "Feature", "properties": {"ruta": "PE-22", "dist_corredor_m": 39.0, "peligro": "Erosión fluvial", "nivel": "Muy alto", "dpto": "Lima", "prov": "Lima", "cenepred_e_via_km": null}, "geometry": {"type": "Point", "coordinates": [-76.72837469999996, -11.953148836999958]}}, {"type": "Feature", "properties": {"ruta": "PE-22", "dist_corredor_m": 32.6, "peligro": "Erosión fluvial", "nivel": "Muy alto", "dpto": "Lima", "prov": "Lima", "cenepred_e_via_km": null}, "geometry": {"type": "Point", "coordinates": [-76.74516692099996, -11.967571563999968]}}, {"type": "Feature", "properties": {"ruta": "PE-22", "dist_corredor_m": 181.6, "peligro": "Erosión fluvial", "nivel": "Alto", "dpto": "Lima", "prov": "Lima", "cenepred_e_via_km": null}, "geometry": {"type": "Point", "coordinates": [-76.77392930199994, -11.97429729099997]}}, {"type": "Feature", "properties": {"ruta": "PE-22", "dist_corredor_m": 188.3, "peligro": "Erosión fluvial", "nivel": "Alto", "dpto": "Lima", "prov": "Lima", "cenepred_e_via_km": null}, "geometry": {"type": "Point", "coordinates": [-76.78478173499997, -11.977278215999945]}}, {"type": "Feature", "properties": {"ruta": "PE-28", "dist_corredor_m": 186.5, "peligro": "Inundación, Erosión fluvial", "nivel": "Alto", "dpto": "Ayacucho", "prov": "La Mar", "cenepred_e_via_km": null}, "geometry": {"type": "Point", "coordinates": [-74.02129724199995, -12.880717795999942]}}, {"type": "Feature", "properties": {"ruta": "PE-28", "dist_corredor_m": 10.6, "peligro": "Inundación, Erosión fluvial", "nivel": "Alto", "dpto": "Ayacucho", "prov": "La Mar", "cenepred_e_via_km": null}, "geometry": {"type": "Point", "coordinates": [-74.02014920799996, -12.882069744999967]}}, {"type": "Feature", "properties": {"ruta": "PE-28", "dist_corredor_m": 45.1, "peligro": "Inundación, Erosión fluvial", "nivel": "Alto", "dpto": "Ayacucho", "prov": "La Mar", "cenepred_e_via_km": null}, "geometry": {"type": "Point", "coordinates": [-74.01910534999996, -12.882698748999928]}}, {"type": "Feature", "properties": {"ruta": "PE-28", "dist_corredor_m": 118.6, "peligro": "Inundación, Erosión fluvial", "nivel": "Alto", "dpto": "Ayacucho", "prov": "La Mar", "cenepred_e_via_km": null}, "geometry": {"type": "Point", "coordinates": [-74.02108278499998, -12.881358948999946]}}, {"type": "Feature", "properties": {"ruta": "PE-28", "dist_corredor_m": 6.7, "peligro": "Inundación, Erosión fluvial", "nivel": "Alto", "dpto": "Ayacucho", "prov": "La Mar", "cenepred_e_via_km": null}, "geometry": {"type": "Point", "coordinates": [-74.02025944699994, -12.882160572999965]}}, {"type": "Feature", "properties": {"ruta": "PE-28", "dist_corredor_m": 11.1, "peligro": "Inundación, Erosión fluvial", "nivel": "Alto", "dpto": "Ayacucho", "prov": "La Mar", "cenepred_e_via_km": null}, "geometry": {"type": "Point", "coordinates": [-74.02024185799996, -12.881943508999939]}}, {"type": "Feature", "properties": {"ruta": "PE-28", "dist_corredor_m": 46.9, "peligro": "Inundación, Erosión fluvial", "nivel": "Alto", "dpto": "Ayacucho", "prov": "La Mar", "cenepred_e_via_km": null}, "geometry": {"type": "Point", "coordinates": [-74.01914224899997, -12.882689845999948]}}, {"type": "Feature", "properties": {"ruta": "PE-28", "dist_corredor_m": 38.3, "peligro": "Inundación, Erosión fluvial", "nivel": "Alto", "dpto": "Ayacucho", "prov": "La Mar", "cenepred_e_via_km": null}, "geometry": {"type": "Point", "coordinates": [-74.01879855099997, -12.883384760999945]}}, {"type": "Feature", "properties": {"ruta": "PE-28", "dist_corredor_m": 9.1, "peligro": "Inundación, Erosión fluvial", "nivel": "Alto", "dpto": "Ayacucho", "prov": "La Mar", "cenepred_e_via_km": null}, "geometry": {"type": "Point", "coordinates": [-74.02030619399994, -12.881988956999976]}}, {"type": "Feature", "properties": {"ruta": "PE-28", "dist_corredor_m": 32.3, "peligro": "Inundación, Erosión fluvial", "nivel": "Alto", "dpto": "Ayacucho", "prov": "La Mar", "cenepred_e_via_km": null}, "geometry": {"type": "Point", "coordinates": [-74.01877944999995, -12.883556479999982]}}, {"type": "Feature", "properties": {"ruta": "PE-3S", "dist_corredor_m": 29.2, "peligro": "Inundación, Erosión Fluvial", "nivel": "Alto", "dpto": "Apurímac", "prov": "Andahuaylas", "cenepred_e_via_km": 2.8}, "geometry": {"type": "Point", "coordinates": [-73.36929873899999, -13.655721091999965]}}, {"type": "Feature", "properties": {"ruta": "PE-3S", "dist_corredor_m": 302.9, "peligro": "Inundación, Erosión Fluvial", "nivel": "Alto", "dpto": "Apurímac", "prov": "Andahuaylas", "cenepred_e_via_km": 2.8}, "geometry": {"type": "Point", "coordinates": [-73.36425122299994, -13.65449472299997]}}, {"type": "Feature", "properties": {"ruta": "PE-3S", "dist_corredor_m": 635.9, "peligro": "Inundación, Erosión Fluvial", "nivel": "Alto", "dpto": "Apurímac", "prov": "Andahuaylas", "cenepred_e_via_km": 2.8}, "geometry": {"type": "Point", "coordinates": [-73.36126967299998, -13.655261436999979]}}, {"type": "Feature", "properties": {"ruta": "PE-3S", "dist_corredor_m": 628.3, "peligro": "Inundación, Erosión Fluvial", "nivel": "Alto", "dpto": "Apurímac", "prov": "Andahuaylas", "cenepred_e_via_km": 2.8}, "geometry": {"type": "Point", "coordinates": [-73.36134361499995, -13.655261924999934]}}, {"type": "Feature", "properties": {"ruta": "PE-3S", "dist_corredor_m": 35.4, "peligro": "Inundación, Erosión Fluvial", "nivel": "Alto", "dpto": "Apurímac", "prov": "Andahuaylas", "cenepred_e_via_km": 2.8}, "geometry": {"type": "Point", "coordinates": [-73.36682409299993, -13.654014527999948]}}, {"type": "Feature", "properties": {"ruta": "PE-3S", "dist_corredor_m": 588.1, "peligro": "Inundación, Erosión Fluvial", "nivel": "Alto", "dpto": "Apurímac", "prov": "Andahuaylas", "cenepred_e_via_km": 0.08}, "geometry": {"type": "Point", "coordinates": [-73.44831554699994, -13.64775290199998]}}, {"type": "Feature", "properties": {"ruta": "PE-3S", "dist_corredor_m": 38.8, "peligro": "Inundación, Erosión Fluvial", "nivel": "Alto", "dpto": "Apurímac", "prov": "Andahuaylas", "cenepred_e_via_km": 0.08}, "geometry": {"type": "Point", "coordinates": [-73.44823010699997, -13.654431271999954]}}, {"type": "Feature", "properties": {"ruta": "PE-3S", "dist_corredor_m": 121.6, "peligro": "Inundación, Erosión Fluvial", "nivel": "Alto", "dpto": "Apurímac", "prov": "Andahuaylas", "cenepred_e_via_km": 0.08}, "geometry": {"type": "Point", "coordinates": [-73.42385774499996, -13.659056626999927]}}, {"type": "Feature", "properties": {"ruta": "PE-3S", "dist_corredor_m": 62.3, "peligro": "Inundación, Erosión Fluvial", "nivel": "Alto", "dpto": "Apurímac", "prov": "Andahuaylas", "cenepred_e_via_km": 0.08}, "geometry": {"type": "Point", "coordinates": [-73.42240927599994, -13.66003268999998]}}, {"type": "Feature", "properties": {"ruta": "PE-3S", "dist_corredor_m": 585.1, "peligro": "Inundación, Erosión Fluvial", "nivel": "Alto", "dpto": "Apurímac", "prov": "Andahuaylas", "cenepred_e_via_km": 0.08}, "geometry": {"type": "Point", "coordinates": [-73.44835310199994, -13.647776909999948]}}, {"type": "Feature", "properties": {"ruta": "PE-3S", "dist_corredor_m": 205.6, "peligro": "Inundación, Erosión Fluvial", "nivel": "Alto", "dpto": "Apurímac", "prov": "Andahuaylas", "cenepred_e_via_km": 0.08}, "geometry": {"type": "Point", "coordinates": [-73.42048342899994, -13.659125554999946]}}, {"type": "Feature", "properties": {"ruta": "PE-3S", "dist_corredor_m": 24.9, "peligro": "Inundación, Erosión Fluvial", "nivel": "Alto", "dpto": "Apurímac", "prov": "Andahuaylas", "cenepred_e_via_km": 0.012}, "geometry": {"type": "Point", "coordinates": [-73.36935413299994, -13.655730494999943]}}, {"type": "Feature", "properties": {"ruta": "PE-3S", "dist_corredor_m": 117.9, "peligro": "Inundación, Erosión Fluvial", "nivel": "Alto", "dpto": "Apurímac", "prov": "Andahuaylas", "cenepred_e_via_km": 0.012}, "geometry": {"type": "Point", "coordinates": [-73.42381092899996, -13.659146721999946]}}, {"type": "Feature", "properties": {"ruta": "PE-3S", "dist_corredor_m": 31.3, "peligro": "Inundación, Erosión Fluvial", "nivel": "Alto", "dpto": "Apurímac", "prov": "Andahuaylas", "cenepred_e_via_km": 0.012}, "geometry": {"type": "Point", "coordinates": [-73.37230341399999, -13.657456512999943]}}, {"type": "Feature", "properties": {"ruta": "PE-3S", "dist_corredor_m": 8.0, "peligro": "Inundación, Erosión Fluvial", "nivel": "Alto", "dpto": "Apurímac", "prov": "Andahuaylas", "cenepred_e_via_km": 0.012}, "geometry": {"type": "Point", "coordinates": [-73.37255657799994, -13.65779433299997]}}, {"type": "Feature", "properties": {"ruta": "PE-3S", "dist_corredor_m": 24.7, "peligro": "Inundación, Erosión Fluvial", "nivel": "Alto", "dpto": "Apurímac", "prov": "Andahuaylas", "cenepred_e_via_km": 0.012}, "geometry": {"type": "Point", "coordinates": [-73.37234423699994, -13.657811379999941]}}, {"type": "Feature", "properties": {"ruta": "PE-3S", "dist_corredor_m": 48.1, "peligro": "Inundación, Erosión Fluvial", "nivel": "Alto", "dpto": "Apurímac", "prov": "Andahuaylas", "cenepred_e_via_km": 0.012}, "geometry": {"type": "Point", "coordinates": [-73.38103954099995, -13.65905311499995]}}, {"type": "Feature", "properties": {"ruta": "PE-3S", "dist_corredor_m": 134.6, "peligro": "Inundación, Erosión Fluvial", "nivel": "Alto", "dpto": "Apurímac", "prov": "Andahuaylas", "cenepred_e_via_km": 0.012}, "geometry": {"type": "Point", "coordinates": [-73.39519712799995, -13.659957547999966]}}, {"type": "Feature", "properties": {"ruta": "PE-3S", "dist_corredor_m": 131.4, "peligro": "Inundación, Erosión Fluvial", "nivel": "Alto", "dpto": "Apurímac", "prov": "Andahuaylas", "cenepred_e_via_km": 0.012}, "geometry": {"type": "Point", "coordinates": [-73.42371903899993, -13.659064784999941]}}, {"type": "Feature", "properties": {"ruta": "PE-3S", "dist_corredor_m": 40.5, "peligro": "Inundación, Erosión Fluvial", "nivel": "Alto", "dpto": "Apurímac", "prov": "Andahuaylas", "cenepred_e_via_km": 0.012}, "geometry": {"type": "Point", "coordinates": [-73.39432877799999, -13.659879614999966]}}, {"type": "Feature", "properties": {"ruta": "PE-3S", "dist_corredor_m": 57.9, "peligro": "Inundación, Erosión Fluvial", "nivel": "Alto", "dpto": "Apurímac", "prov": "Andahuaylas", "cenepred_e_via_km": 0.012}, "geometry": {"type": "Point", "coordinates": [-73.42233484999997, -13.660104529999956]}}, {"type": "Feature", "properties": {"ruta": "PE-28", "dist_corredor_m": 19.5, "peligro": "Inundación, Erosión fluvial", "nivel": "Muy Alto", "dpto": "Ica", "prov": "Pisco", "cenepred_e_via_km": null}, "geometry": {"type": "Point", "coordinates": [-75.60447203499996, -13.59932977799997]}}, {"type": "Feature", "properties": {"ruta": "PE-28", "dist_corredor_m": 383.0, "peligro": "Inundación, Erosión fluvial", "nivel": "Muy Alto", "dpto": "Ica", "prov": "Pisco", "cenepred_e_via_km": null}, "geometry": {"type": "Point", "coordinates": [-75.63199618699997, -13.601377249999928]}}, {"type": "Feature", "properties": {"ruta": "PE-28", "dist_corredor_m": 494.5, "peligro": "Inundación, Erosión fluvial", "nivel": "Muy Alto", "dpto": "Ica", "prov": "Pisco", "cenepred_e_via_km": null}, "geometry": {"type": "Point", "coordinates": [-75.61865421099998, -13.596618581999962]}}, {"type": "Feature", "properties": {"ruta": "PE-28", "dist_corredor_m": 193.3, "peligro": "Inundación, Erosión fluvial", "nivel": "Muy Alto", "dpto": "Ica", "prov": "Pisco", "cenepred_e_via_km": null}, "geometry": {"type": "Point", "coordinates": [-75.64041247599994, -13.606455317999973]}}, {"type": "Feature", "properties": {"ruta": "PE-22", "dist_corredor_m": 341.8, "peligro": "Flujo de detritos, Erosión fluvial", "nivel": "Muy Alto", "dpto": "Lima", "prov": "Huarochiri", "cenepred_e_via_km": 0.3}, "geometry": {"type": "Point", "coordinates": [-76.57211605999998, -11.91554623099995]}}, {"type": "Feature", "properties": {"ruta": "PE-22", "dist_corredor_m": 88.9, "peligro": "Flujo de detritos, Erosión fluvial", "nivel": "Muy Alto", "dpto": "Lima", "prov": "Huarochiri", "cenepred_e_via_km": 0.3}, "geometry": {"type": "Point", "coordinates": [-76.56912428799995, -11.912516322999977]}}, {"type": "Feature", "properties": {"ruta": "PE-28", "dist_corredor_m": 78.2, "peligro": "Inundación, Erosión Fluvial", "nivel": "Alto", "dpto": "Ayacucho", "prov": "Huamanga", "cenepred_e_via_km": 0.6}, "geometry": {"type": "Point", "coordinates": [-74.34567538099998, -13.317350846999943]}}, {"type": "Feature", "properties": {"ruta": "PE-28", "dist_corredor_m": 630.6, "peligro": "Inundación, Erosión Fluvial", "nivel": "Alto", "dpto": "Ayacucho", "prov": "Huamanga", "cenepred_e_via_km": 0.6}, "geometry": {"type": "Point", "coordinates": [-74.34165382499998, -13.30903993499993]}}, {"type": "Feature", "properties": {"ruta": "PE-28", "dist_corredor_m": 71.8, "peligro": "Inundación, Erosión Fluvial", "nivel": "Alto", "dpto": "Ayacucho", "prov": "Huamanga", "cenepred_e_via_km": 0.6}, "geometry": {"type": "Point", "coordinates": [-74.34570290899995, -13.31741421099997]}}, {"type": "Feature", "properties": {"ruta": "PE-28", "dist_corredor_m": 54.6, "peligro": "Inundación, Erosión Fluvial", "nivel": "Alto", "dpto": "Ayacucho", "prov": "Huamanga", "cenepred_e_via_km": 0.6}, "geometry": {"type": "Point", "coordinates": [-74.34242151599994, -13.31878915599998]}}, {"type": "Feature", "properties": {"ruta": "PE-28", "dist_corredor_m": 43.4, "peligro": "Inundación, Erosión Fluvial", "nivel": "Alto", "dpto": "Ayacucho", "prov": "Huamanga", "cenepred_e_via_km": 0.6}, "geometry": {"type": "Point", "coordinates": [-74.34131325199996, -13.318903829999954]}}, {"type": "Feature", "properties": {"ruta": "PE-28", "dist_corredor_m": 151.1, "peligro": "Inundación, Erosión Fluvial", "nivel": "Alto", "dpto": "Ayacucho", "prov": "Huamanga", "cenepred_e_via_km": 0.6}, "geometry": {"type": "Point", "coordinates": [-74.34115060599999, -13.317592323999975]}}, {"type": "Feature", "properties": {"ruta": "PE-28", "dist_corredor_m": 259.8, "peligro": "Inundación, Erosión Fluvial", "nivel": "Alto", "dpto": "Ayacucho", "prov": "Huamanga", "cenepred_e_via_km": 0.6}, "geometry": {"type": "Point", "coordinates": [-74.34097921899996, -13.316099956999949]}}, {"type": "Feature", "properties": {"ruta": "PE-28", "dist_corredor_m": 418.3, "peligro": "Inundación, Erosión Fluvial", "nivel": "Alto", "dpto": "Ayacucho", "prov": "Huamanga", "cenepred_e_via_km": 0.6}, "geometry": {"type": "Point", "coordinates": [-74.34105563499998, -13.311741930999972]}}, {"type": "Feature", "properties": {"ruta": "PE-28", "dist_corredor_m": 401.1, "peligro": "Inundación, Erosión Fluvial", "nivel": "Alto", "dpto": "Ayacucho", "prov": "Huamanga", "cenepred_e_via_km": 0.6}, "geometry": {"type": "Point", "coordinates": [-74.34118938199998, -13.313496417999943]}}, {"type": "Feature", "properties": {"ruta": "PE-28", "dist_corredor_m": 625.0, "peligro": "Inundación, Erosión Fluvial", "nivel": "Alto", "dpto": "Ayacucho", "prov": "Huamanga", "cenepred_e_via_km": 0.6}, "geometry": {"type": "Point", "coordinates": [-74.34155236499998, -13.309003504999964]}}, {"type": "Feature", "properties": {"ruta": "PE-3S", "dist_corredor_m": 800.1, "peligro": "Inundación, Erosión Fluvial", "nivel": "Alto", "dpto": "Ayacucho", "prov": "Huamanga", "cenepred_e_via_km": null}, "geometry": {"type": "Point", "coordinates": [-74.18795181199994, -13.11373651799994]}}, {"type": "Feature", "properties": {"ruta": "PE-3S", "dist_corredor_m": 475.7, "peligro": "Inundación, Erosión Fluvial", "nivel": "Alto", "dpto": "Ayacucho", "prov": "Huamanga", "cenepred_e_via_km": 0.3}, "geometry": {"type": "Point", "coordinates": [-74.19675894199997, -13.106042397999943]}}, {"type": "Feature", "properties": {"ruta": "PE-3S", "dist_corredor_m": 127.1, "peligro": "Inundación, Erosión Fluvial", "nivel": "Alto", "dpto": "Ayacucho", "prov": "Huamanga", "cenepred_e_via_km": 0.3}, "geometry": {"type": "Point", "coordinates": [-74.18957008699994, -13.120993150999936]}}, {"type": "Feature", "properties": {"ruta": "PE-3S", "dist_corredor_m": 475.7, "peligro": "Inundación, Erosión Fluvial", "nivel": "Alto", "dpto": "Ayacucho", "prov": "Huamanga", "cenepred_e_via_km": 0.3}, "geometry": {"type": "Point", "coordinates": [-74.19675894199997, -13.106042397999943]}}, {"type": "Feature", "properties": {"ruta": "PE-3S", "dist_corredor_m": 169.7, "peligro": "Inundación, Erosión Fluvial", "nivel": "Alto", "dpto": "Ayacucho", "prov": "Huamanga", "cenepred_e_via_km": 0.3}, "geometry": {"type": "Point", "coordinates": [-74.21963219399998, -13.162823240999955]}}, {"type": "Feature", "properties": {"ruta": "PE-3S", "dist_corredor_m": 197.2, "peligro": "Inundación, Erosión Fluvial", "nivel": "Alto", "dpto": "Ayacucho", "prov": "Huamanga", "cenepred_e_via_km": 0.3}, "geometry": {"type": "Point", "coordinates": [-74.20366576199996, -13.135467903999938]}}, {"type": "Feature", "properties": {"ruta": "PE-1N", "dist_corredor_m": 50.1, "peligro": "Inundación, Erosión fluvial", "nivel": "Alto", "dpto": "Áncash", "prov": "Santa", "cenepred_e_via_km": 0.5}, "geometry": {"type": "Point", "coordinates": [-78.54956642299999, -9.112125357999957]}}, {"type": "Feature", "properties": {"ruta": "PE-1N", "dist_corredor_m": 213.8, "peligro": "Inundación, Erosión fluvial", "nivel": "Alto", "dpto": "Áncash", "prov": "Santa", "cenepred_e_via_km": 0.06}, "geometry": {"type": "Point", "coordinates": [-78.54829807199997, -9.11011057199994]}}, {"type": "Feature", "properties": {"ruta": "PE-22", "dist_corredor_m": 341.8, "peligro": "Flujo de detritos, Erosión fluvial", "nivel": "Muy Alto", "dpto": "Lima", "prov": "Huarochiri", "cenepred_e_via_km": 0.3}, "geometry": {"type": "Point", "coordinates": [-76.57211605999998, -11.91554623099995]}}, {"type": "Feature", "properties": {"ruta": "PE-22", "dist_corredor_m": 88.9, "peligro": "Flujo de detritos, Erosión fluvial", "nivel": "Muy Alto", "dpto": "Lima", "prov": "Huarochiri", "cenepred_e_via_km": 0.3}, "geometry": {"type": "Point", "coordinates": [-76.56912428799995, -11.912516322999977]}}, {"type": "Feature", "properties": {"ruta": "PE-28", "dist_corredor_m": 88.8, "peligro": "Inundación, Erosión fluvial", "nivel": "Muy Alto", "dpto": "Ica", "prov": "Pisco", "cenepred_e_via_km": 1.2}, "geometry": {"type": "Point", "coordinates": [-75.68316319699994, -13.62805986099994]}}, {"type": "Feature", "properties": {"ruta": "PE-28", "dist_corredor_m": 423.2, "peligro": "Inundación, Erosión fluvial", "nivel": "Muy Alto", "dpto": "Ica", "prov": "Pisco", "cenepred_e_via_km": 0.3}, "geometry": {"type": "Point", "coordinates": [-75.73018314799998, -13.652510336999967]}}, {"type": "Feature", "properties": {"ruta": "PE-28", "dist_corredor_m": 148.6, "peligro": "Inundación, Erosión fluvial", "nivel": "Muy Alto", "dpto": "Ica", "prov": "Pisco", "cenepred_e_via_km": 0.7}, "geometry": {"type": "Point", "coordinates": [-75.54551615799994, -13.579709239999943]}}, {"type": "Feature", "properties": {"ruta": "PE-28", "dist_corredor_m": 125.7, "peligro": "Inundación, Erosión fluvial", "nivel": "Muy Alto", "dpto": "Ica", "prov": "Pisco", "cenepred_e_via_km": null}, "geometry": {"type": "Point", "coordinates": [-75.69743711299998, -13.634358438999982]}}, {"type": "Feature", "properties": {"ruta": "PE-28", "dist_corredor_m": 137.5, "peligro": "Inundación, Erosión fluvial", "nivel": "Muy Alto", "dpto": "Ica", "prov": "Pisco", "cenepred_e_via_km": null}, "geometry": {"type": "Point", "coordinates": [-75.72043460699996, -13.642177130999926]}}, {"type": "Feature", "properties": {"ruta": "PE-28", "dist_corredor_m": 547.5, "peligro": "Inundación, Erosión fluvial", "nivel": "Muy Alto", "dpto": "Ica", "prov": "Pisco", "cenepred_e_via_km": 0.53}, "geometry": {"type": "Point", "coordinates": [-75.53190812099996, -13.562142968999979]}}, {"type": "Feature", "properties": {"ruta": "PE-28", "dist_corredor_m": 51.0, "peligro": "Inundación, Erosión fluvial", "nivel": "Muy Alto", "dpto": "Ica", "prov": "Pisco", "cenepred_e_via_km": 1.6}, "geometry": {"type": "Point", "coordinates": [-75.571080366, -13.601673920999929]}}, {"type": "Feature", "properties": {"ruta": "PE-28", "dist_corredor_m": 78.6, "peligro": "Inundación, Erosión fluvial", "nivel": "Muy Alto", "dpto": "Ica", "prov": "Pisco", "cenepred_e_via_km": null}, "geometry": {"type": "Point", "coordinates": [-75.70743680599998, -13.639429663999977]}}, {"type": "Feature", "properties": {"ruta": "PE-28", "dist_corredor_m": 423.2, "peligro": "Inundación, Erosión fluvial", "nivel": "Muy Alto", "dpto": "Ica", "prov": "Pisco", "cenepred_e_via_km": 0.3}, "geometry": {"type": "Point", "coordinates": [-75.73018314799998, -13.652510336999967]}}, {"type": "Feature", "properties": {"ruta": "PE-28", "dist_corredor_m": 87.4, "peligro": "Inundación, Erosión fluvial", "nivel": "Muy Alto", "dpto": "Ica", "prov": "Pisco", "cenepred_e_via_km": 1.2}, "geometry": {"type": "Point", "coordinates": [-75.69163935499995, -13.633967766999945]}}, {"type": "Feature", "properties": {"ruta": "PE-28", "dist_corredor_m": 61.6, "peligro": "Inundación, Erosión fluvial", "nivel": "Muy Alto", "dpto": "Ica", "prov": "Pisco", "cenepred_e_via_km": 0.3}, "geometry": {"type": "Point", "coordinates": [-75.74221365399995, -13.653125647999957]}}, {"type": "Feature", "properties": {"ruta": "PE-28", "dist_corredor_m": 155.9, "peligro": "Inundación, Erosión fluvial", "nivel": "Muy Alto", "dpto": "Ica", "prov": "Pisco", "cenepred_e_via_km": 0.7}, "geometry": {"type": "Point", "coordinates": [-75.54939693599994, -13.587160314999949]}}, {"type": "Feature", "properties": {"ruta": "PE-28", "dist_corredor_m": 21.5, "peligro": "Inundación, Erosión fluvial", "nivel": "Muy Alto", "dpto": "Ica", "prov": "Pisco", "cenepred_e_via_km": 0.53}, "geometry": {"type": "Point", "coordinates": [-75.53799154099994, -13.567084931999943]}}, {"type": "Feature", "properties": {"ruta": "PE-28", "dist_corredor_m": 23.4, "peligro": "Inundación, Erosión fluvial", "nivel": "Muy Alto", "dpto": "Ica", "prov": "Pisco", "cenepred_e_via_km": 1.6}, "geometry": {"type": "Point", "coordinates": [-75.60432420299998, -13.599357261999955]}}, {"type": "Feature", "properties": {"ruta": "PE-1N", "dist_corredor_m": 58.8, "peligro": "Inundación, Erosión fluvial", "nivel": "Alto", "dpto": "Áncash", "prov": "Santa", "cenepred_e_via_km": 0.5}, "geometry": {"type": "Point", "coordinates": [-78.54898955899995, -9.111380427999961]}}, {"type": "Feature", "properties": {"ruta": "PE-1N", "dist_corredor_m": 389.2, "peligro": "Inundación, Erosión fluvial", "nivel": "Alto", "dpto": "Áncash", "prov": "Santa", "cenepred_e_via_km": 0.06}, "geometry": {"type": "Point", "coordinates": [-78.54757126599998, -9.108686847999934]}}, {"type": "Feature", "properties": {"ruta": "PE-28", "dist_corredor_m": 70.5, "peligro": "Inundación, erosión fluvial", "nivel": "Muy alto", "dpto": "Huancavelica", "prov": "Huaytará", "cenepred_e_via_km": null}, "geometry": {"type": "Point", "coordinates": [-75.34915539799994, -13.60047855099998]}}, {"type": "Feature", "properties": {"ruta": "PE-28", "dist_corredor_m": 540.6, "peligro": "Inundación, erosión fluvial", "nivel": "Muy alto", "dpto": "Huancavelica", "prov": "Huaytará", "cenepred_e_via_km": null}, "geometry": {"type": "Point", "coordinates": [-75.35717498399998, -13.59141600199996]}}, {"type": "Feature", "properties": {"ruta": "PE-28", "dist_corredor_m": 75.1, "peligro": "Inundación, erosión fluvial", "nivel": "Muy alto", "dpto": "Huancavelica", "prov": "Huaytará", "cenepred_e_via_km": 1.0}, "geometry": {"type": "Point", "coordinates": [-75.34151143199995, -13.601140181999938]}}, {"type": "Feature", "properties": {"ruta": "PE-28", "dist_corredor_m": 288.1, "peligro": "Inundación, erosión fluvial", "nivel": "Muy alto", "dpto": "Huancavelica", "prov": "Huaytará", "cenepred_e_via_km": 1.0}, "geometry": {"type": "Point", "coordinates": [-75.34455161099999, -13.600340286999938]}}, {"type": "Feature", "properties": {"ruta": "PE-22", "dist_corredor_m": 376.8, "peligro": "Erosión fluvial", "nivel": "Muy alto", "dpto": "Lima", "prov": "Lima", "cenepred_e_via_km": null}, "geometry": {"type": "Point", "coordinates": [-76.88155609499995, -12.009724266999967]}}, {"type": "Feature", "properties": {"ruta": "PE-22", "dist_corredor_m": 134.8, "peligro": "Erosión fluvial", "nivel": "Muy alto", "dpto": "Lima", "prov": "Lima", "cenepred_e_via_km": null}, "geometry": {"type": "Point", "coordinates": [-76.89424082599999, -12.012992029999964]}}, {"type": "Feature", "properties": {"ruta": "PE-22", "dist_corredor_m": 84.3, "peligro": "inundación, flujo de detritos, erosión fluvial", "nivel": "Muy alto", "dpto": "Lima", "prov": "Huarochirí", "cenepred_e_via_km": 0.78}, "geometry": {"type": "Point", "coordinates": [-76.26801701199997, -11.70072586599997]}}, {"type": "Feature", "properties": {"ruta": "PE-22", "dist_corredor_m": 23.0, "peligro": "inundación, flujo de detritos, erosión fluvial", "nivel": "Muy alto", "dpto": "Lima", "prov": "Huarochirí", "cenepred_e_via_km": 0.78}, "geometry": {"type": "Point", "coordinates": [-76.26739584299997, -11.70735605599998]}}, {"type": "Feature", "properties": {"ruta": "PE-22", "dist_corredor_m": 87.3, "peligro": "inundación, flujo de detritos, erosión fluvial", "nivel": "Muy alto", "dpto": "Lima", "prov": "Huarochirí", "cenepred_e_via_km": 0.78}, "geometry": {"type": "Point", "coordinates": [-76.26803523699994, -11.700698660999933]}}, {"type": "Feature", "properties": {"ruta": "PE-22", "dist_corredor_m": 81.3, "peligro": "inundación, flujo de detritos, erosión fluvial", "nivel": "Muy alto", "dpto": "Lima", "prov": "Huarochirí", "cenepred_e_via_km": 0.78}, "geometry": {"type": "Point", "coordinates": [-76.26800796199996, -11.700753030999977]}}, {"type": "Feature", "properties": {"ruta": "PE-22", "dist_corredor_m": 74.7, "peligro": "inundación, flujo de detritos, erosión fluvial", "nivel": "Muy alto", "dpto": "Lima", "prov": "Huarochirí", "cenepred_e_via_km": 0.78}, "geometry": {"type": "Point", "coordinates": [-76.26871769199994, -11.701482253999927]}}, {"type": "Feature", "properties": {"ruta": "PE-22", "dist_corredor_m": 66.7, "peligro": "inundación, flujo de detritos, erosión fluvial", "nivel": "Muy alto", "dpto": "Lima", "prov": "Huarochirí", "cenepred_e_via_km": 0.78}, "geometry": {"type": "Point", "coordinates": [-76.26864438299998, -11.701500660999955]}}, {"type": "Feature", "properties": {"ruta": "PE-22", "dist_corredor_m": 11.9, "peligro": "inundación, flujo de detritos, erosión fluvial", "nivel": "Muy alto", "dpto": "Lima", "prov": "Huarochirí", "cenepred_e_via_km": 0.78}, "geometry": {"type": "Point", "coordinates": [-76.26909136899997, -11.70295436799995]}}, {"type": "Feature", "properties": {"ruta": "PE-22", "dist_corredor_m": 5.1, "peligro": "inundación, flujo de detritos, erosión fluvial", "nivel": "Muy alto", "dpto": "Lima", "prov": "Huarochirí", "cenepred_e_via_km": 0.78}, "geometry": {"type": "Point", "coordinates": [-76.26902706899995, -11.702936569999963]}}, {"type": "Feature", "properties": {"ruta": "PE-22", "dist_corredor_m": 8.7, "peligro": "inundación, flujo de detritos, erosión fluvial", "nivel": "Muy alto", "dpto": "Lima", "prov": "Huarochirí", "cenepred_e_via_km": 0.78}, "geometry": {"type": "Point", "coordinates": [-76.26755060899995, -11.707093166999925]}}, {"type": "Feature", "properties": {"ruta": "PE-22", "dist_corredor_m": 4.1, "peligro": "inundación, flujo de detritos, erosión fluvial", "nivel": "Muy alto", "dpto": "Lima", "prov": "Huarochirí", "cenepred_e_via_km": 0.78}, "geometry": {"type": "Point", "coordinates": [-76.26752259199998, -11.706984791999957]}}, {"type": "Feature", "properties": {"ruta": "PE-22", "dist_corredor_m": 53.2, "peligro": "inundación, flujo de detritos, erosión fluvial", "nivel": "Muy alto", "dpto": "Lima", "prov": "Huarochirí", "cenepred_e_via_km": 0.78}, "geometry": {"type": "Point", "coordinates": [-76.26930192899994, -11.710900934999927]}}, {"type": "Feature", "properties": {"ruta": "PE-22", "dist_corredor_m": 47.0, "peligro": "inundación, flujo de detritos, erosión fluvial", "nivel": "Muy alto", "dpto": "Lima", "prov": "Huarochirí", "cenepred_e_via_km": 0.78}, "geometry": {"type": "Point", "coordinates": [-76.26920981499995, -11.710819968999942]}}, {"type": "Feature", "properties": {"ruta": "PE-22", "dist_corredor_m": 24.9, "peligro": "inundación, flujo de detritos, erosión fluvial", "nivel": "Muy alto", "dpto": "Lima", "prov": "Huarochirí", "cenepred_e_via_km": 0.78}, "geometry": {"type": "Point", "coordinates": [-76.27044246899999, -11.711537824999937]}}, {"type": "Feature", "properties": {"ruta": "PE-22", "dist_corredor_m": 15.7, "peligro": "inundación, flujo de detritos, erosión fluvial", "nivel": "Muy alto", "dpto": "Lima", "prov": "Huarochirí", "cenepred_e_via_km": 0.78}, "geometry": {"type": "Point", "coordinates": [-76.27003719099997, -11.711187003999953]}}, {"type": "Feature", "properties": {"ruta": "PE-22", "dist_corredor_m": 130.1, "peligro": "inundación, flujo de detritos, erosión fluvial", "nivel": "Muy alto", "dpto": "Lima", "prov": "Huarochirí", "cenepred_e_via_km": 0.78}, "geometry": {"type": "Point", "coordinates": [-76.26815125599995, -11.726140993999934]}}, {"type": "Feature", "properties": {"ruta": "PE-22", "dist_corredor_m": 121.8, "peligro": "inundación, flujo de detritos, erosión fluvial", "nivel": "Muy alto", "dpto": "Lima", "prov": "Huarochirí", "cenepred_e_via_km": 0.78}, "geometry": {"type": "Point", "coordinates": [-76.26788671499997, -11.726476702999946]}}, {"type": "Feature", "properties": {"ruta": "PE-22", "dist_corredor_m": 153.9, "peligro": "inundación, flujo de detritos, erosión fluvial", "nivel": "Muy alto", "dpto": "Lima", "prov": "Huarochirí", "cenepred_e_via_km": 0.78}, "geometry": {"type": "Point", "coordinates": [-76.26788327699995, -11.727733488999945]}}, {"type": "Feature", "properties": {"ruta": "PE-22", "dist_corredor_m": 148.9, "peligro": "inundación, flujo de detritos, erosión fluvial", "nivel": "Muy alto", "dpto": "Lima", "prov": "Huarochirí", "cenepred_e_via_km": 0.78}, "geometry": {"type": "Point", "coordinates": [-76.26783744399995, -11.727742733999946]}}, {"type": "Feature", "properties": {"ruta": "PE-22", "dist_corredor_m": 156.3, "peligro": "inundación, flujo de detritos, erosión fluvial", "nivel": "Muy alto", "dpto": "Lima", "prov": "Huarochirí", "cenepred_e_via_km": 0.65}, "geometry": {"type": "Point", "coordinates": [-76.23158317499997, -11.63762019799998]}}, {"type": "Feature", "properties": {"ruta": "PE-22", "dist_corredor_m": 110.3, "peligro": "inundación, flujo de detritos, erosión fluvial", "nivel": "Muy alto", "dpto": "Lima", "prov": "Huarochirí", "cenepred_e_via_km": 0.65}, "geometry": {"type": "Point", "coordinates": [-76.23205894499995, -11.639435541999944]}}, {"type": "Feature", "properties": {"ruta": "PE-22", "dist_corredor_m": 151.3, "peligro": "inundación, flujo de detritos, erosión fluvial", "nivel": "Muy alto", "dpto": "Lima", "prov": "Huarochirí", "cenepred_e_via_km": 0.65}, "geometry": {"type": "Point", "coordinates": [-76.23162903499997, -11.637620001999949]}}, {"type": "Feature", "properties": {"ruta": "PE-22", "dist_corredor_m": 160.1, "peligro": "inundación, flujo de detritos, erosión fluvial", "nivel": "Muy alto", "dpto": "Lima", "prov": "Huarochirí", "cenepred_e_via_km": 0.65}, "geometry": {"type": "Point", "coordinates": [-76.23154656699995, -11.637638437999954]}}, {"type": "Feature", "properties": {"ruta": "PE-22", "dist_corredor_m": 118.8, "peligro": "inundación, flujo de detritos, erosión fluvial", "nivel": "Muy alto", "dpto": "Lima", "prov": "Huarochirí", "cenepred_e_via_km": 0.65}, "geometry": {"type": "Point", "coordinates": [-76.23202078499997, -11.639101162999964]}}, {"type": "Feature", "properties": {"ruta": "PE-22", "dist_corredor_m": 127.4, "peligro": "inundación, flujo de detritos, erosión fluvial", "nivel": "Muy alto", "dpto": "Lima", "prov": "Huarochirí", "cenepred_e_via_km": 0.65}, "geometry": {"type": "Point", "coordinates": [-76.23195681899995, -11.639155685999981]}}, {"type": "Feature", "properties": {"ruta": "PE-22", "dist_corredor_m": 95.7, "peligro": "inundación, flujo de detritos, erosión fluvial", "nivel": "Muy alto", "dpto": "Lima", "prov": "Huarochirí", "cenepred_e_via_km": 0.65}, "geometry": {"type": "Point", "coordinates": [-76.23264915699997, -11.644324564999977]}}, {"type": "Feature", "properties": {"ruta": "PE-22", "dist_corredor_m": 85.7, "peligro": "inundación, flujo de detritos, erosión fluvial", "nivel": "Muy alto", "dpto": "Lima", "prov": "Huarochirí", "cenepred_e_via_km": 0.65}, "geometry": {"type": "Point", "coordinates": [-76.23285345599999, -11.64489331599998]}}, {"type": "Feature", "properties": {"ruta": "PE-22", "dist_corredor_m": 103.7, "peligro": "inundación, flujo de detritos, erosión fluvial", "nivel": "Muy alto", "dpto": "Lima", "prov": "Huarochirí", "cenepred_e_via_km": 0.65}, "geometry": {"type": "Point", "coordinates": [-76.23257577999993, -11.644324878999953]}}, {"type": "Feature", "properties": {"ruta": "PE-22", "dist_corredor_m": 97.3, "peligro": "inundación, flujo de detritos, erosión fluvial", "nivel": "Muy alto", "dpto": "Lima", "prov": "Huarochirí", "cenepred_e_via_km": 0.65}, "geometry": {"type": "Point", "coordinates": [-76.23325284299995, -11.646021814999926]}}, {"type": "Feature", "properties": {"ruta": "PE-22", "dist_corredor_m": 111.0, "peligro": "inundación, flujo de detritos, erosión fluvial", "nivel": "Muy alto", "dpto": "Lima", "prov": "Huarochirí", "cenepred_e_via_km": 0.65}, "geometry": {"type": "Point", "coordinates": [-76.23453816099999, -11.648367139999948]}}, {"type": "Feature", "properties": {"ruta": "PE-22", "dist_corredor_m": 119.1, "peligro": "inundación, flujo de detritos, erosión fluvial", "nivel": "Muy alto", "dpto": "Lima", "prov": "Huarochirí", "cenepred_e_via_km": 0.65}, "geometry": {"type": "Point", "coordinates": [-76.23450175099998, -11.64843058799994]}}, {"type": "Feature", "properties": {"ruta": "PE-22", "dist_corredor_m": 109.5, "peligro": "inundación, flujo de detritos, erosión fluvial", "nivel": "Muy alto", "dpto": "Lima", "prov": "Huarochirí", "cenepred_e_via_km": 0.65}, "geometry": {"type": "Point", "coordinates": [-76.23259543899997, -11.644623169999932]}}, {"type": "Feature", "properties": {"ruta": "PE-22", "dist_corredor_m": 132.1, "peligro": "inundación, flujo de detritos, erosión fluvial", "nivel": "Muy alto", "dpto": "Lima", "prov": "Huarochirí", "cenepred_e_via_km": 0.65}, "geometry": {"type": "Point", "coordinates": [-76.23470450099995, -11.648646718999942]}}, {"type": "Feature", "properties": {"ruta": "PE-22", "dist_corredor_m": 111.7, "peligro": "inundación, flujo de detritos, erosión fluvial", "nivel": "Muy alto", "dpto": "Lima", "prov": "Huarochirí", "cenepred_e_via_km": 0.65}, "geometry": {"type": "Point", "coordinates": [-76.23576219499995, -11.649293178999926]}}, {"type": "Feature", "properties": {"ruta": "PE-22", "dist_corredor_m": 108.9, "peligro": "inundación, flujo de detritos, erosión fluvial", "nivel": "Muy alto", "dpto": "Lima", "prov": "Huarochirí", "cenepred_e_via_km": 0.65}, "geometry": {"type": "Point", "coordinates": [-76.23598460899996, -11.649807598999928]}}, {"type": "Feature", "properties": {"ruta": "PE-22", "dist_corredor_m": 245.6, "peligro": "inundación, flujo de detritos, erosión fluvial", "nivel": "Muy alto", "dpto": "Lima", "prov": "Huarochirí", "cenepred_e_via_km": 0.62}, "geometry": {"type": "Point", "coordinates": [-76.25487420499996, -11.736100053999962]}}, {"type": "Feature", "properties": {"ruta": "PE-22", "dist_corredor_m": 163.3, "peligro": "inundación, flujo de detritos, erosión fluvial", "nivel": "Muy alto", "dpto": "Lima", "prov": "Huarochirí", "cenepred_e_via_km": 0.62}, "geometry": {"type": "Point", "coordinates": [-76.25575616399993, -11.736349343999962]}}, {"type": "Feature", "properties": {"ruta": "PE-22", "dist_corredor_m": 189.8, "peligro": "inundación, flujo de detritos, erosión fluvial", "nivel": "Muy alto", "dpto": "Lima", "prov": "Huarochirí", "cenepred_e_via_km": 0.62}, "geometry": {"type": "Point", "coordinates": [-76.25541578299999, -11.736151924999945]}}, {"type": "Feature", "properties": {"ruta": "PE-22", "dist_corredor_m": 207.6, "peligro": "inundación, flujo de detritos, erosión fluvial", "nivel": "Muy alto", "dpto": "Lima", "prov": "Huarochirí", "cenepred_e_via_km": 0.62}, "geometry": {"type": "Point", "coordinates": [-76.25532505399997, -11.736378361999925]}}, {"type": "Feature", "properties": {"ruta": "PE-22", "dist_corredor_m": 218.2, "peligro": "inundación, flujo de detritos, erosión fluvial", "nivel": "Muy alto", "dpto": "Lima", "prov": "Huarochirí", "cenepred_e_via_km": 0.62}, "geometry": {"type": "Point", "coordinates": [-76.25512172899994, -11.736053758999958]}}, {"type": "Feature", "properties": {"ruta": "PE-22", "dist_corredor_m": 234.6, "peligro": "inundación, flujo de detritos, erosión fluvial", "nivel": "Muy alto", "dpto": "Lima", "prov": "Huarochirí", "cenepred_e_via_km": 0.62}, "geometry": {"type": "Point", "coordinates": [-76.25503108199996, -11.736298278999982]}}, {"type": "Feature", "properties": {"ruta": "PE-22", "dist_corredor_m": 245.8, "peligro": "inundación, flujo de detritos, erosión fluvial", "nivel": "Muy alto", "dpto": "Lima", "prov": "Huarochirí", "cenepred_e_via_km": 0.62}, "geometry": {"type": "Point", "coordinates": [-76.25484602499995, -11.735955512999965]}}, {"type": "Feature", "properties": {"ruta": "PE-22", "dist_corredor_m": 263.7, "peligro": "inundación, flujo de detritos, erosión fluvial", "nivel": "Muy alto", "dpto": "Lima", "prov": "Huarochirí", "cenepred_e_via_km": 0.62}, "geometry": {"type": "Point", "coordinates": [-76.25471851299994, -11.736164027999962]}}, {"type": "Feature", "properties": {"ruta": "PE-22", "dist_corredor_m": 274.6, "peligro": "inundación, flujo de detritos, erosión fluvial", "nivel": "Muy alto", "dpto": "Lima", "prov": "Huarochirí", "cenepred_e_via_km": 0.62}, "geometry": {"type": "Point", "coordinates": [-76.25456090099993, -11.73580305799993]}}, {"type": "Feature", "properties": {"ruta": "PE-22", "dist_corredor_m": 289.9, "peligro": "inundación, flujo de detritos, erosión fluvial", "nivel": "Muy alto", "dpto": "Lima", "prov": "Huarochirí", "cenepred_e_via_km": 0.62}, "geometry": {"type": "Point", "coordinates": [-76.25445360899994, -11.736059675999968]}}, {"type": "Feature", "properties": {"ruta": "PE-22", "dist_corredor_m": 311.4, "peligro": "inundación, flujo de detritos, erosión fluvial", "nivel": "Muy alto", "dpto": "Lima", "prov": "Huarochirí", "cenepred_e_via_km": 0.62}, "geometry": {"type": "Point", "coordinates": [-76.25421613899994, -11.735711894999952]}}, {"type": "Feature", "properties": {"ruta": "PE-22", "dist_corredor_m": 319.5, "peligro": "inundación, flujo de detritos, erosión fluvial", "nivel": "Muy alto", "dpto": "Lima", "prov": "Huarochirí", "cenepred_e_via_km": 0.62}, "geometry": {"type": "Point", "coordinates": [-76.25416522499995, -11.735977668999965]}}, {"type": "Feature", "properties": {"ruta": "PE-22", "dist_corredor_m": 342.9, "peligro": "inundación, flujo de detritos, erosión fluvial", "nivel": "Muy alto", "dpto": "Lima", "prov": "Huarochirí", "cenepred_e_via_km": 0.62}, "geometry": {"type": "Point", "coordinates": [-76.25392528399993, -11.735671670999977]}}, {"type": "Feature", "properties": {"ruta": "PE-22", "dist_corredor_m": 380.6, "peligro": "inundación, flujo de detritos, erosión fluvial", "nivel": "Muy alto", "dpto": "Lima", "prov": "Huarochirí", "cenepred_e_via_km": 0.62}, "geometry": {"type": "Point", "coordinates": [-76.25357808599995, -11.73556921599993]}}, {"type": "Feature", "properties": {"ruta": "PE-22", "dist_corredor_m": 350.0, "peligro": "inundación, flujo de detritos, erosión fluvial", "nivel": "Muy alto", "dpto": "Lima", "prov": "Huarochirí", "cenepred_e_via_km": 0.62}, "geometry": {"type": "Point", "coordinates": [-76.25387313899995, -11.735888715999977]}}, {"type": "Feature", "properties": {"ruta": "PE-22", "dist_corredor_m": 389.0, "peligro": "inundación, flujo de detritos, erosión fluvial", "nivel": "Muy alto", "dpto": "Lima", "prov": "Huarochirí", "cenepred_e_via_km": 0.62}, "geometry": {"type": "Point", "coordinates": [-76.25350742399996, -11.735810392999952]}}, {"type": "Feature", "properties": {"ruta": "PE-22", "dist_corredor_m": 416.2, "peligro": "inundación, flujo de detritos, erosión fluvial", "nivel": "Muy alto", "dpto": "Lima", "prov": "Huarochirí", "cenepred_e_via_km": 0.62}, "geometry": {"type": "Point", "coordinates": [-76.25325499099995, -11.735419909999962]}}, {"type": "Feature", "properties": {"ruta": "PE-22", "dist_corredor_m": 448.9, "peligro": "inundación, flujo de detritos, erosión fluvial", "nivel": "Muy alto", "dpto": "Lima", "prov": "Huarochirí", "cenepred_e_via_km": 0.62}, "geometry": {"type": "Point", "coordinates": [-76.25295947199999, -11.735322200999974]}}, {"type": "Feature", "properties": {"ruta": "PE-22", "dist_corredor_m": 422.8, "peligro": "inundación, flujo de detritos, erosión fluvial", "nivel": "Muy alto", "dpto": "Lima", "prov": "Huarochirí", "cenepred_e_via_km": 0.62}, "geometry": {"type": "Point", "coordinates": [-76.25319189399994, -11.735710691999941]}}, {"type": "Feature", "properties": {"ruta": "PE-22", "dist_corredor_m": 455.5, "peligro": "inundación, flujo de detritos, erosión fluvial", "nivel": "Muy alto", "dpto": "Lima", "prov": "Huarochirí", "cenepred_e_via_km": 0.62}, "geometry": {"type": "Point", "coordinates": [-76.25289026399997, -11.735641580999982]}}, {"type": "Feature", "properties": {"ruta": "PE-22", "dist_corredor_m": 484.1, "peligro": "inundación, flujo de detritos, erosión fluvial", "nivel": "Muy alto", "dpto": "Lima", "prov": "Huarochirí", "cenepred_e_via_km": 0.62}, "geometry": {"type": "Point", "coordinates": [-76.25264080799997, -11.735259944999939]}}, {"type": "Feature", "properties": {"ruta": "PE-22", "dist_corredor_m": 519.6, "peligro": "inundación, flujo de detritos, erosión fluvial", "nivel": "Muy alto", "dpto": "Lima", "prov": "Huarochirí", "cenepred_e_via_km": 0.62}, "geometry": {"type": "Point", "coordinates": [-76.25231997299994, -11.73518413599993]}}, {"type": "Feature", "properties": {"ruta": "PE-22", "dist_corredor_m": 846.6, "peligro": "inundación, flujo de detritos, erosión fluvial", "nivel": "Muy alto", "dpto": "Lima", "prov": "Huarochirí", "cenepred_e_via_km": 0.62}, "geometry": {"type": "Point", "coordinates": [-76.24936223499998, -11.734596176999958]}}, {"type": "Feature", "properties": {"ruta": "PE-22", "dist_corredor_m": 487.6, "peligro": "inundación, flujo de detritos, erosión fluvial", "nivel": "Muy alto", "dpto": "Lima", "prov": "Huarochirí", "cenepred_e_via_km": 0.62}, "geometry": {"type": "Point", "coordinates": [-76.25259474599994, -11.73556448599993]}}, {"type": "Feature", "properties": {"ruta": "PE-22", "dist_corredor_m": 517.2, "peligro": "inundación, flujo de detritos, erosión fluvial", "nivel": "Muy alto", "dpto": "Lima", "prov": "Huarochirí", "cenepred_e_via_km": 0.62}, "geometry": {"type": "Point", "coordinates": [-76.25232292999993, -11.735575169999947]}}, {"type": "Feature", "properties": {"ruta": "PE-22", "dist_corredor_m": 866.0, "peligro": "inundación, flujo de detritos, erosión fluvial", "nivel": "Muy alto", "dpto": "Lima", "prov": "Huarochirí", "cenepred_e_via_km": 0.62}, "geometry": {"type": "Point", "coordinates": [-76.24917004599996, -11.734705514999973]}}, {"type": "Feature", "properties": {"ruta": "PE-3S", "dist_corredor_m": 850.2, "peligro": "Inundación, Erosión fluvial", "nivel": "Alto", "dpto": "Puno", "prov": "El Collao", "cenepred_e_via_km": null}, "geometry": {"type": "Point", "coordinates": [-69.57116655499993, -16.133915112999944]}}, {"type": "Feature", "properties": {"ruta": "PE-3S", "dist_corredor_m": 262.0, "peligro": "Inundación, Erosión fluvial", "nivel": "Alto", "dpto": "Puno", "prov": "Chucuito", "cenepred_e_via_km": null}, "geometry": {"type": "Point", "coordinates": [-69.48077112199996, -16.21733306599998]}}, {"type": "Feature", "properties": {"ruta": "PE-3S", "dist_corredor_m": 964.2, "peligro": "Inundación, Erosión fluvial", "nivel": "Alto", "dpto": "Puno", "prov": "El Collao", "cenepred_e_via_km": null}, "geometry": {"type": "Point", "coordinates": [-69.57069596199995, -16.132876781999983]}}, {"type": "Feature", "properties": {"ruta": "PE-3S", "dist_corredor_m": 897.4, "peligro": "Inundación, Erosión fluvial", "nivel": "Alto", "dpto": "Puno", "prov": "Chucuito", "cenepred_e_via_km": null}, "geometry": {"type": "Point", "coordinates": [-69.48119671799998, -16.21150132799994]}}, {"type": "Feature", "properties": {"ruta": "PE-3S", "dist_corredor_m": 61.7, "peligro": "Inundación, Erosión fluvial", "nivel": "Alto", "dpto": "Huancavelica", "prov": "Churcampa", "cenepred_e_via_km": 1.0}, "geometry": {"type": "Point", "coordinates": [-74.59458281499997, -12.674006970999926]}}, {"type": "Feature", "properties": {"ruta": "PE-3S", "dist_corredor_m": 30.6, "peligro": "Inundación, Erosión fluvial", "nivel": "Alto", "dpto": "Huancavelica", "prov": "Churcampa", "cenepred_e_via_km": 1.0}, "geometry": {"type": "Point", "coordinates": [-74.59061533299996, -12.690169286999947]}}, {"type": "Feature", "properties": {"ruta": "PE-22", "dist_corredor_m": 417.4, "peligro": "Erosión fluvial", "nivel": "Muy Alto", "dpto": "Lima", "prov": "Lima", "cenepred_e_via_km": null}, "geometry": {"type": "Point", "coordinates": [-76.82356753399995, -11.987338784999963]}}, {"type": "Feature", "properties": {"ruta": "PE-22", "dist_corredor_m": 180.4, "peligro": "Erosión fluvial", "nivel": "Muy Alto", "dpto": "Lima", "prov": "Lima", "cenepred_e_via_km": null}, "geometry": {"type": "Point", "coordinates": [-76.78486600299993, -11.977373586999931]}}, {"type": "Feature", "properties": {"ruta": "PE-28", "dist_corredor_m": 154.5, "peligro": "Inundación, Erosión fluvial", "nivel": "Alto", "dpto": "Ica", "prov": "Pisco", "cenepred_e_via_km": null}, "geometry": {"type": "Point", "coordinates": [-75.92466850599999, -13.734787624999967]}}, {"type": "Feature", "properties": {"ruta": "PE-28", "dist_corredor_m": 287.7, "peligro": "Inundación, Erosión fluvial", "nivel": "Alto", "dpto": "Ica", "prov": "Pisco", "cenepred_e_via_km": null}, "geometry": {"type": "Point", "coordinates": [-75.93245301699994, -13.734107378999965]}}, {"type": "Feature", "properties": {"ruta": "PE-28", "dist_corredor_m": 37.6, "peligro": "Inundación", "nivel": "Muy Alto", "dpto": "Cusco", "prov": "La Convención", "cenepred_e_via_km": 0.2}, "geometry": {"type": "Point", "coordinates": [-73.92029250099995, -12.36908675999996]}}, {"type": "Feature", "properties": {"ruta": "PE-28", "dist_corredor_m": 624.3, "peligro": "Inundación, erosión fluvial", "nivel": "Muy Alto", "dpto": "Cusco", "prov": "La Convención", "cenepred_e_via_km": null}, "geometry": {"type": "Point", "coordinates": [-73.93013992899995, -12.33360980599997]}}, {"type": "Feature", "properties": {"ruta": "PE-28", "dist_corredor_m": 459.9, "peligro": "Inundación, erosión fluvial", "nivel": "Muy Alto", "dpto": "Cusco", "prov": "La Convención", "cenepred_e_via_km": null}, "geometry": {"type": "Point", "coordinates": [-73.93539289399996, -12.342238092999935]}}, {"type": "Feature", "properties": {"ruta": "PE-28", "dist_corredor_m": 257.2, "peligro": "Inundación", "nivel": "Muy alto", "dpto": "Ayacucho", "prov": "La Mar", "cenepred_e_via_km": null}, "geometry": {"type": "Point", "coordinates": [-73.79064874099998, -12.626342740999974]}}, {"type": "Feature", "properties": {"ruta": "PE-28", "dist_corredor_m": 139.2, "peligro": "Inundación", "nivel": "Muy alto", "dpto": "Ayacucho", "prov": "La Mar", "cenepred_e_via_km": null}, "geometry": {"type": "Point", "coordinates": [-73.78729257699996, -12.623524759999952]}}, {"type": "Feature", "properties": {"ruta": "PE-28", "dist_corredor_m": 251.5, "peligro": "Inundación", "nivel": "Muy alto", "dpto": "Ayacucho", "prov": "La Mar", "cenepred_e_via_km": null}, "geometry": {"type": "Point", "coordinates": [-73.79076884299997, -12.626252873999931]}}, {"type": "Feature", "properties": {"ruta": "PE-28", "dist_corredor_m": 122.5, "peligro": "Inundación", "nivel": "Muy alto", "dpto": "Ayacucho", "prov": "La Mar", "cenepred_e_via_km": null}, "geometry": {"type": "Point", "coordinates": [-73.78744046699995, -12.623398855999937]}}, {"type": "Feature", "properties": {"ruta": "PE-28", "dist_corredor_m": 874.5, "peligro": "Inundación", "nivel": "Muy Alto", "dpto": "Cusco", "prov": "La Convención", "cenepred_e_via_km": 0.4}, "geometry": {"type": "Point", "coordinates": [-73.93850741699998, -12.34528826299993]}}, {"type": "Feature", "properties": {"ruta": "PE-1N", "dist_corredor_m": 95.5, "peligro": "Inundación, Flujo de detritos, Erosión fluvial", "nivel": "Muy Alto", "dpto": "Piura", "prov": "Piura", "cenepred_e_via_km": 3.0}, "geometry": {"type": "Point", "coordinates": [-80.65070786999996, -5.229511567999964]}}, {"type": "Feature", "properties": {"ruta": "PE-28", "dist_corredor_m": 189.7, "peligro": "Inundación, Flujo de detritos, Erosión fluvial", "nivel": "Alto", "dpto": "Junín", "prov": "Satipo", "cenepred_e_via_km": 0.18}, "geometry": {"type": "Point", "coordinates": [-74.45879340399995, -11.511619184999972]}}, {"type": "Feature", "properties": {"ruta": "PE-28", "dist_corredor_m": 227.3, "peligro": "Inundación, Flujo de detritos, Erosión fluvial", "nivel": "Alto", "dpto": "Junín", "prov": "Satipo", "cenepred_e_via_km": 0.18}, "geometry": {"type": "Point", "coordinates": [-74.46122988599996, -11.508187240999973]}}, {"type": "Feature", "properties": {"ruta": "PE-1N", "dist_corredor_m": 385.1, "peligro": "Inundación, Flujo de detritos", "nivel": "Muy Alto", "dpto": "Lima", "prov": "Huaral", "cenepred_e_via_km": 0.36}, "geometry": {"type": "Point", "coordinates": [-77.23611336499994, -11.60638801999994]}}, {"type": "Feature", "properties": {"ruta": "PE-1N", "dist_corredor_m": 93.5, "peligro": "Inundación, Flujo de detritos", "nivel": "Muy Alto", "dpto": "Lima", "prov": "Huaral", "cenepred_e_via_km": 0.36}, "geometry": {"type": "Point", "coordinates": [-77.23906006799996, -11.606916454999975]}}, {"type": "Feature", "properties": {"ruta": "PE-28", "dist_corredor_m": 251.2, "peligro": "Inundación, Erosión fluvial", "nivel": "Alto", "dpto": "Junín", "prov": "Satipo", "cenepred_e_via_km": null}, "geometry": {"type": "Point", "coordinates": [-74.49299610799994, -11.429458236999949]}}, {"type": "Feature", "properties": {"ruta": "PE-28", "dist_corredor_m": 365.2, "peligro": "Inundación, Erosión fluvial", "nivel": "Alto", "dpto": "Junín", "prov": "Satipo", "cenepred_e_via_km": null}, "geometry": {"type": "Point", "coordinates": [-74.49415021899995, -11.42998474999996]}}, {"type": "Feature", "properties": {"ruta": "PE-1S", "dist_corredor_m": 555.5, "peligro": "Inundación, Erosión fluvial", "nivel": "Muy Alto", "dpto": "Ica", "prov": "Chincha", "cenepred_e_via_km": null}, "geometry": {"type": "Point", "coordinates": [-76.14724908299996, -13.51533188299993]}}, {"type": "Feature", "properties": {"ruta": "PE-1N", "dist_corredor_m": 976.5, "peligro": "Inundación, Erosión fluvial", "nivel": "Muy Alto", "dpto": "Lima", "prov": "Barranca", "cenepred_e_via_km": null}, "geometry": {"type": "Point", "coordinates": [-77.77334910299999, -10.72168516499994]}}]}