{"type": "FeatureCollection", "crs": {"type": "name", "properties": {"name": "urn:ogc:def:crs:OGC:1.3:CRS84"}}, "features": [{"type": "Feature", "properties": {"nombre": "EMPRESA", "tipo": "Ferreterías Prov.", "pdv": "0000100007", "direccion": "AV. CUZCO NRO. 485 ", "fen_pc_dist_m": 476.7, "fen_peligro": "Inundación", "fen_nivel": "", "fen_expuesto_2km": true}, "geometry": {"type": "Point", "coordinates": [-74.2109062, -13.170391]}}, {"type": "Feature", "properties": {"nombre": "DISTRIBUIDORA JUSCAMAITA", "tipo": "Ferreterías Prov.", "pdv": "0000100077", "direccion": "JR. ASAMBLEA N° 452 ", "fen_pc_dist_m": 929.6, "fen_peligro": "Inundación, Erosión Fluvial", "fen_nivel": "Alto", "fen_expuesto_2km": true}, "geometry": {"type": "Point", "coordinates": [-74.2241069, -13.1556889]}}, {"type": "Feature", "properties": {"nombre": "CARRION INVERSIONES S.A.", "tipo": "Ferreterías Prov.", "pdv": "0000100177", "direccion": "JR. ANTONIO LOBATO NRO 651 ", "fen_pc_dist_m": 1246.0, "fen_peligro": "Inundación, erosión", "fen_nivel": "Muy alto", "fen_expuesto_2km": true}, "geometry": {"type": "Point", "coordinates": [-75.217476, -12.059831]}}, {"type": "Feature", "properties": {"nombre": "CEMFINOR", "tipo": "Progresol 1.0", "pdv": "0000100181", "direccion": "ALFREDO MENDIOLA NRO 1765 ", "fen_pc_dist_m": 2725.2, "fen_peligro": "Inundación", "fen_nivel": null, "fen_expuesto_2km": false}, "geometry": {"type": "Point", "coordinates": [-77.061193, -12.010709]}}, {"type": "Feature", "properties": {"nombre": "CEMFISUR", "tipo": "Progresol 1.0", "pdv": "0000100182", "direccion": "AV.SANTIAGO DE SURCO 4869 ", "fen_pc_dist_m": 11916.0, "fen_peligro": "Inundación", "fen_nivel": null, "fen_expuesto_2km": false}, "geometry": {"type": "Point", "coordinates": [-76.987627, -12.146336]}}, {"type": "Feature", "properties": {"nombre": "DISTRIBUIDORA CARRION", "tipo": "Ferreterías Prov.", "pdv": "0000100252", "direccion": "JR. 28 DE JULIO NRO. 440 ", "fen_pc_dist_m": 1294.4, "fen_peligro": "Inundación", "fen_nivel": " ", "fen_expuesto_2km": true}, "geometry": {"type": "Point", "coordinates": [-75.494712, -11.778228]}}, {"type": "Feature", "properties": {"nombre": "EMPRESA", "tipo": "Ferreterías Prov.", "pdv": "0000100253", "direccion": "JR. FRANCISCO BOLOGNESI NRO. 501 ", "fen_pc_dist_m": 1343.0, "fen_peligro": "Inundación, erosión", "fen_nivel": "Muy alto", "fen_expuesto_2km": true}, "geometry": {"type": "Point", "coordinates": [-75.220666, -12.058597]}}, {"type": "Feature", "properties": {"nombre": "DISTRIBUIDORA SANTA ROSA", "tipo": "Ferreterías Prov.", "pdv": "0000100255", "direccion": "JR. MAXIMO VELANDO NRO. 260 ", "fen_pc_dist_m": 317.9, "fen_peligro": "Inundación", "fen_nivel": "Alto", "fen_expuesto_2km": true}, "geometry": {"type": "Point", "coordinates": [-74.250291, -12.940139]}}, {"type": "Feature", "properties": {"nombre": "DISTRIBUIDORA UCHIYAMA", "tipo": "Ferreterías Prov.", "pdv": "0000100257", "direccion": "JR. PACHITEA # 202 ", "fen_pc_dist_m": 1565.1, "fen_peligro": "Inundación, erosión", "fen_nivel": "Muy alto", "fen_expuesto_2km": true}, "geometry": {"type": "Point", "coordinates": [-75.206269, -12.067581]}}, {"type": "Feature", "properties": {"nombre": "MC ALVAREZ", "tipo": "Ferreterías Prov.", "pdv": "0000100387", "direccion": "BRUNO TERREROS Nº 145 ", "fen_pc_dist_m": 1263.0, "fen_peligro": "Inundación", "fen_nivel": " ", "fen_expuesto_2km": true}, "geometry": {"type": "Point", "coordinates": [-75.495715, -11.77914]}}, {"type": "Feature", "properties": {"nombre": "DISTRIBUIDORA FAMEGU", "tipo": "Ferreterías Prov.", "pdv": "0000100398", "direccion": "AV. CUZCO NRO 366 ", "fen_pc_dist_m": 513.8, "fen_peligro": "Inundación", "fen_nivel": "", "fen_expuesto_2km": true}, "geometry": {"type": "Point", "coordinates": [-74.2107672, -13.1696269]}}, {"type": "Feature", "properties": {"nombre": "PANANORTE", "tipo": "Progresol 1.0", "pdv": "0000100560", "direccion": "MZ. Y LOTE 6 LA GRAMMA (ZONA EL PORVENIR)", "fen_pc_dist_m": 4678.7, "fen_peligro": "Inundación", "fen_nivel": "", "fen_expuesto_2km": false}, "geometry": {"type": "Point", "coordinates": [-77.083222, -11.857474]}}, {"type": "Feature", "properties": {"nombre": "DANSA", "tipo": "Progresol 1.0", "pdv": "0000100561", "direccion": "AV. PROLONGACION PARINACOCHAS 1094 ", "fen_pc_dist_m": 2872.8, "fen_peligro": "Inundación", "fen_nivel": null, "fen_expuesto_2km": false}, "geometry": {"type": "Point", "coordinates": [-77.016997, -12.069665]}}, {"type": "Feature", "properties": {"nombre": "GRUPO B & T S.R.L.", "tipo": "Progresol 1.0", "pdv": "0000100621", "direccion": "CAL. INDUSTRIAL S/N (ESPALDA DE MERCADO CAS.VERDE 1 PISO)", "fen_pc_dist_m": 675.5, "fen_peligro": "Inundación", "fen_nivel": " ", "fen_expuesto_2km": true}, "geometry": {"type": "Point", "coordinates": [-77.7467585, -9.1396447]}}, {"type": "Feature", "properties": {"nombre": "DISTRIBUIDORA KANASHIRO", "tipo": "Progresol 1.0", "pdv": "0000100660", "direccion": "AV. PUENTE PIEDRA 699 ", "fen_pc_dist_m": 6934.2, "fen_peligro": "Inundación", "fen_nivel": "", "fen_expuesto_2km": false}, "geometry": {"type": "Point", "coordinates": [-77.0994798, -11.8448194]}}, {"type": "Feature", "properties": {"nombre": "INVERSIONES LA ECONOMICA A&E S.A.C. ", "tipo": "Progresol 1.0", "pdv": "0000100725", "direccion": "MZA. CH 1 LOTE. 04 A.H. OLOF PALME ", "fen_pc_dist_m": 3096.2, "fen_peligro": "Inundación", "fen_nivel": "", "fen_expuesto_2km": false}, "geometry": {"type": "Point", "coordinates": [-76.7525545, -12.4676563]}}, {"type": "Feature", "properties": {"nombre": "FERRETERIA COMERCIAL LA LIBERTAD SR ", "tipo": "Progresol 1.0", "pdv": "0000100796", "direccion": "AV. TUPAC AMARU NRO. 5209 URB. HUAQUILLAY", "fen_pc_dist_m": 3886.0, "fen_peligro": "Inundación", "fen_nivel": null, "fen_expuesto_2km": false}, "geometry": {"type": "Point", "coordinates": [-77.0514731, -11.9523517]}}, {"type": "Feature", "properties": {"nombre": "GRIBER", "tipo": "Progresol 1.0", "pdv": "0000100801", "direccion": "AV. GUILLERMO DANSEY NRO. 1799 URB. LIMA INDUSTRIAL", "fen_pc_dist_m": 1396.3, "fen_peligro": "Inundación", "fen_nivel": null, "fen_expuesto_2km": true}, "geometry": {"type": "Point", "coordinates": [-77.0648624, -12.0475992]}}, {"type": "Feature", "properties": {"nombre": "FERRETERIA PALMAR S.A.C.", "tipo": "Progresol 1.0", "pdv": "0000100803", "direccion": "CAL. GRAL. VARELA NRO. 1835 (A UNA CDRA. DE COMISARIA DE BREÑA)", "fen_pc_dist_m": 3085.6, "fen_peligro": "Inundación", "fen_nivel": null, "fen_expuesto_2km": false}, "geometry": {"type": "Point", "coordinates": [-77.051658, -12.065912]}}, {"type": "Feature", "properties": {"nombre": "SANTA ANA CIRICIA RUA S.C.R.LT", "tipo": "Progresol 1.0", "pdv": "0000100804", "direccion": "AV. ALFREDO MENDIOLA MZA E LOTE 10 ASOC.PRO.VIV.LA ESTRELLA", "fen_pc_dist_m": 1167.6, "fen_peligro": "Inundación", "fen_nivel": null, "fen_expuesto_2km": true}, "geometry": {"type": "Point", "coordinates": [-77.0723009, -11.9383815]}}, {"type": "Feature", "properties": {"nombre": "FERRETERIA PAKASSA", "tipo": "Progresol 1.0", "pdv": "0000100808", "direccion": "AV. PROCERES DE LA INDEPENDENCIA NR URB. SAN CARLOS", "fen_pc_dist_m": 529.0, "fen_peligro": "Inundación", "fen_nivel": "", "fen_expuesto_2km": true}, "geometry": {"type": "Point", "coordinates": [-77.008698, -11.987915]}}, {"type": "Feature", "properties": {"nombre": "AVASOL", "tipo": "Progresol 1.0", "pdv": "0000100819", "direccion": "PROLONG.MIGUEL ANGEL NRO. 578 URB.F (PARALELA AV.MIGUEL ANGEL CD.5)", "fen_pc_dist_m": 2731.1, "fen_peligro": "Inundación", "fen_nivel": null, "fen_expuesto_2km": false}, "geometry": {"type": "Point", "coordinates": [-77.060067, -12.010793]}}, {"type": "Feature", "properties": {"nombre": "FERRETERIA DIMZA", "tipo": "Progresol 1.0", "pdv": "0000100822", "direccion": "AV. PROC.DE LA INDEPENDENCIA 2724 URB. SAN CARLOS (PARADERO 21 Y 22)", "fen_pc_dist_m": 350.6, "fen_peligro": "Inundación", "fen_nivel": "", "fen_expuesto_2km": true}, "geometry": {"type": "Point", "coordinates": [-77.007441, -11.986748]}}, {"type": "Feature", "properties": {"nombre": "MALPASO VASQUEZ NEMECIO FAUSTO MALPASO", "tipo": "Progresol 1.0", "pdv": "0000100824", "direccion": "CL.B MZA.F LOTE. 33 ASOC CHILLON 1RA ETAPA", "fen_pc_dist_m": 122.9, "fen_peligro": "Inundación", "fen_nivel": null, "fen_expuesto_2km": true}, "geometry": {"type": "Point", "coordinates": [-77.075802, -11.919191]}}, {"type": "Feature", "properties": {"nombre": "COMERCIAL FERRETERA CHARLES", "tipo": "Progresol 1.0", "pdv": "0000100825", "direccion": "AV. ISABEL CHIMPU OCLLO NRO. 184 URB. LUCYANA 1 ET", "fen_pc_dist_m": 2405.5, "fen_peligro": "Inundación", "fen_nivel": null, "fen_expuesto_2km": false}, "geometry": {"type": "Point", "coordinates": [-77.031703, -11.898352]}}, {"type": "Feature", "properties": {"nombre": "J.L. MACONST", "tipo": "Progresol 1.0", "pdv": "0000100827", "direccion": "AV. CONTISUYO NRO. 400  URB. TAHUANTINSUYO", "fen_pc_dist_m": 5487.1, "fen_peligro": "Inundación", "fen_nivel": null, "fen_expuesto_2km": false}, "geometry": {"type": "Point", "coordinates": [-77.0578174, -11.9827799]}}, {"type": "Feature", "properties": {"nombre": "INVERSION Y COMERCIALIZACION ENZO SAC", "tipo": "Progresol 1.0", "pdv": "0000100828", "direccion": "MZA. A LT. 5 A.H. SEÑOR DE LOS MILA (ALT. OVALO DE ANCON)", "fen_pc_dist_m": 11780.4, "fen_peligro": "Inundación", "fen_nivel": "", "fen_expuesto_2km": false}, "geometry": {"type": "Point", "coordinates": [-77.162277, -11.776216]}}, {"type": "Feature", "properties": {"nombre": "NEGOCIACIONES E INVERSIONES CASTRO S.A.C.", "tipo": "Progresol 1.0", "pdv": "0000100831", "direccion": "MZA. D LOTE. 11 A.H. TIWINZA ", "fen_pc_dist_m": 4756.3, "fen_peligro": "Inundación", "fen_nivel": null, "fen_expuesto_2km": false}, "geometry": {"type": "Point", "coordinates": [-77.1384141, -12.0210768]}}, {"type": "Feature", "properties": {"nombre": "SUSAKA EIRL", "tipo": "Progresol 1.0", "pdv": "0000100832", "direccion": "AV. JAMAICA NRO.821  COO. PRIMAVERA", "fen_pc_dist_m": 2417.9, "fen_peligro": "Inundación", "fen_nivel": null, "fen_expuesto_2km": false}, "geometry": {"type": "Point", "coordinates": [-77.052867, -11.925544]}}, {"type": "Feature", "properties": {"nombre": "FERRE & SERVIS MAS S.A.C.", "tipo": "Progresol 1.0", "pdv": "0000100833", "direccion": "AV. SANTA ROSA NRO. 1519 URB. LAS MERCEDES", "fen_pc_dist_m": 4048.8, "fen_peligro": "Inundación", "fen_nivel": null, "fen_expuesto_2km": false}, "geometry": {"type": "Point", "coordinates": [-77.094723, -11.98627]}}, {"type": "Feature", "properties": {"nombre": "DISTRIBUIDORA QUIRO S.A.C", "tipo": "Progresol 1.0", "pdv": "0000100837", "direccion": "MZA. L LOTE. 27 VALLE CHILLON (PTE. ENSENADA)", "fen_pc_dist_m": 414.2, "fen_peligro": "Inundación, erosión fluvial", "fen_nivel": "Alto", "fen_expuesto_2km": true}, "geometry": {"type": "Point", "coordinates": [-77.0867049, -11.9340741]}}, {"type": "Feature", "properties": {"nombre": "DEFENICHAR", "tipo": "Progresol 1.0", "pdv": "0000100839", "direccion": "AV. 27 DE DICIEMBRE NRO. 652 P.J. TABLADA DE LURIN", "fen_pc_dist_m": 6781.2, "fen_peligro": "Inundación", "fen_nivel": null, "fen_expuesto_2km": false}, "geometry": {"type": "Point", "coordinates": [-76.930476, -12.19049]}}, {"type": "Feature", "properties": {"nombre": "FERRETERIA POLO", "tipo": "Progresol 1.0", "pdv": "0000100840", "direccion": "SECTOR 6-A MZ. N GRU. 1 INTERIOR LT.7", "fen_pc_dist_m": 6234.7, "fen_peligro": "Inundación, erosión fluvial", "fen_nivel": "Alto", "fen_expuesto_2km": false}, "geometry": {"type": "Point", "coordinates": [-76.9460665, -12.2259976]}}, {"type": "Feature", "properties": {"nombre": "FERRETERIA ELIZABETH", "tipo": "Progresol 1.0", "pdv": "0000100841", "direccion": "GRUPO 8 SECTOR 6 MZA. M LOTE. 7 ", "fen_pc_dist_m": 6152.5, "fen_peligro": "Inundación, erosión fluvial", "fen_nivel": "Alto", "fen_expuesto_2km": false}, "geometry": {"type": "Point", "coordinates": [-76.9446939, -12.2247779]}}, {"type": "Feature", "properties": {"nombre": "INVERSIONES HIROSHIMA E.I.R.L", "tipo": "Progresol 1.0", "pdv": "0000100845", "direccion": "MZA. F LOTE. 17 A.H. HIROSHIMA ", "fen_pc_dist_m": 10790.8, "fen_peligro": "Inundación", "fen_nivel": null, "fen_expuesto_2km": false}, "geometry": {"type": "Point", "coordinates": [-77.138933, -11.837569]}}, {"type": "Feature", "properties": {"nombre": "INVERSIONES EGUIZABAL S.A.C", "tipo": "Progresol 1.0", "pdv": "0000100856", "direccion": "CAR. PROYECTO PUNCHAUCA 262 KM. 23.4 CAUDEVILLA HUACOY PARCELA", "fen_pc_dist_m": 2294.8, "fen_peligro": "Inundación", "fen_nivel": null, "fen_expuesto_2km": false}, "geometry": {"type": "Point", "coordinates": [-77.009337, -11.859991]}}, {"type": "Feature", "properties": {"nombre": "DISTRIBUIDORA DEMAJA S.A.C.", "tipo": "Progresol 2.0", "pdv": "0000100858", "direccion": "AV. A MZA. C LOTE. 52 URB. 12 ETAPA (ALTUR.AV.CONDORCANQUI PARADERO LINEA 39", "fen_pc_dist_m": 745.1, "fen_peligro": "Inundación", "fen_nivel": null, "fen_expuesto_2km": true}, "geometry": {"type": "Point", "coordinates": [-77.035512, -11.879932]}}, {"type": "Feature", "properties": {"nombre": "FERRETERIA LUCESITA", "tipo": "Progresol 1.0", "pdv": "0000100862", "direccion": "AV. PARAMONGA MZ A LTE 07 ", "fen_pc_dist_m": 1524.9, "fen_peligro": "Inundación, erosión fluvial", "fen_nivel": "Alto", "fen_expuesto_2km": true}, "geometry": {"type": "Point", "coordinates": [-77.1036654, -11.9630193]}}, {"type": "Feature", "properties": {"nombre": "DISTRIBUIDORA GAESLA", "tipo": "Progresol 1.0", "pdv": "0000100864", "direccion": "AV. PACASMAYO MZA. G LOTE. 3 A.H. SAN BENITO DE PALERMO", "fen_pc_dist_m": 3761.8, "fen_peligro": "Inundación, erosión fluvial", "fen_nivel": "Alto", "fen_expuesto_2km": false}, "geometry": {"type": "Point", "coordinates": [-77.110434, -11.9824532]}}, {"type": "Feature", "properties": {"nombre": "FERRETERIA OLIVARES", "tipo": "Progresol 2.0", "pdv": "0000100873", "direccion": "AV NICOLAS AYLLON 4465 MZ H LT.21 S ", "fen_pc_dist_m": 1578.8, "fen_peligro": "Inundación", "fen_nivel": "", "fen_expuesto_2km": true}, "geometry": {"type": "Point", "coordinates": [-76.9303534, -12.0365684]}}, {"type": "Feature", "properties": {"nombre": "FERRETERIA PILAR", "tipo": "Progresol 2.0", "pdv": "0000100880", "direccion": "AV. JOSE CARLOS MARIATEGUI UVC 230 ZONA Z AA.HH. HUAYCAN", "fen_pc_dist_m": 2122.6, "fen_peligro": "Inundación, flujo de detritos, erosión fluvial", "fen_nivel": "Muy alto", "fen_expuesto_2km": false}, "geometry": {"type": "Point", "coordinates": [-76.8081401, -12.0118326]}}, {"type": "Feature", "properties": {"nombre": "FERRETERIA TORRES", "tipo": "Progresol 2.0", "pdv": "0000100881", "direccion": "AV JOSE CARLOS MARIATEGUI 127 COOP ", "fen_pc_dist_m": 1723.4, "fen_peligro": "Erosión fluvial", "fen_nivel": "Muy alto", "fen_expuesto_2km": true}, "geometry": {"type": "Point", "coordinates": [-76.9800804, -12.0411536]}}, {"type": "Feature", "properties": {"nombre": "FERRETERIA BELIDO", "tipo": "Progresol 1.0", "pdv": "0000100887", "direccion": "CR CIENEGUILLA MZA. H LOTE. 10 A.V. LAS LOMAS DE PACHACAMAC", "fen_pc_dist_m": 7864.1, "fen_peligro": "Inundación", "fen_nivel": "", "fen_expuesto_2km": false}, "geometry": {"type": "Point", "coordinates": [-76.8813014, -12.0844027]}}, {"type": "Feature", "properties": {"nombre": "FERRETERIA CASTAÑEDA", "tipo": "Progresol 1.0", "pdv": "0000100889", "direccion": "CAL.TARAPACA NRO. 376 URB. SAN GABRIEL (ALT. DE LA COMISARIA)", "fen_pc_dist_m": 10515.3, "fen_peligro": "Inundación, erosión", "fen_nivel": "", "fen_expuesto_2km": false}, "geometry": {"type": "Point", "coordinates": [-76.60382, -12.755999]}}, {"type": "Feature", "properties": {"nombre": "INDUSFERR", "tipo": "Progresol 1.0", "pdv": "0000100894", "direccion": "AV. ALAMEDA LOS PINOS NRO. 284 URB. VILLA MARINA", "fen_pc_dist_m": 14435.0, "fen_peligro": "Inundación, erosión fluvial", "fen_nivel": "Alto", "fen_expuesto_2km": false}, "geometry": {"type": "Point", "coordinates": [-77.012598, -12.190898]}}, {"type": "Feature", "properties": {"nombre": "FERRETERIA RUFIMAR", "tipo": "Progresol 1.0", "pdv": "0000100896", "direccion": "AV. J.C.MARIATEGUI NRO. MZ F INT. LT23 GRU. 27", "fen_pc_dist_m": 5541.4, "fen_peligro": "Inundación, erosión fluvial", "fen_nivel": "Alto", "fen_expuesto_2km": false}, "geometry": {"type": "Point", "coordinates": [-76.9379621, -12.2239026]}}, {"type": "Feature", "properties": {"nombre": "TREFISA", "tipo": "Progresol 1.0", "pdv": "0000100897", "direccion": "AV. PABLO PATRON NRO. 211 URB. SAN PABLO", "fen_pc_dist_m": 6688.5, "fen_peligro": "Inundación", "fen_nivel": null, "fen_expuesto_2km": false}, "geometry": {"type": "Point", "coordinates": [-76.933624, -12.19942]}}, {"type": "Feature", "properties": {"nombre": "FERRETERIA MAURO", "tipo": "Progresol 1.0", "pdv": "0000100899", "direccion": "MZA. H2 LOTE.31 P.J. PAMPLONA ALTA -SEC M. GRAU (AV SOLIDARIDAD CON", "fen_pc_dist_m": 11727.9, "fen_peligro": "Inundación", "fen_nivel": null, "fen_expuesto_2km": false}, "geometry": {"type": "Point", "coordinates": [-76.966668, -12.136806]}}, {"type": "Feature", "properties": {"nombre": "DEPOSITO FERRETERIA AMY", "tipo": "Progresol 1.0", "pdv": "0000100900", "direccion": "JR. DANIEL GARCES NRO. 194 URB. SAN IGNACIO DE MONTERRICO", "fen_pc_dist_m": 11945.2, "fen_peligro": "Inundación", "fen_nivel": null, "fen_expuesto_2km": false}, "geometry": {"type": "Point", "coordinates": [-76.975402, -12.142746]}}, {"type": "Feature", "properties": {"nombre": "FERRET. J & R CASCAJAL E.I.R.L.", "tipo": "Progresol 1.0", "pdv": "0000100902", "direccion": "MZA. A1 LOTE. 5 URB. PORTADAS DEL SOL 2DA ETAPA", "fen_pc_dist_m": 9780.0, "fen_peligro": "Inundación", "fen_nivel": "", "fen_expuesto_2km": false}, "geometry": {"type": "Point", "coordinates": [-76.938686, -12.110367]}}, {"type": "Feature", "properties": {"nombre": "DECOSAM", "tipo": "Progresol 1.0", "pdv": "0000100903", "direccion": "AV. MIGUEL IGLESIAS NRO. 859 (ALT.HOSP.MARIA AUXILIADORA)", "fen_pc_dist_m": 10910.0, "fen_peligro": "Inundación, Erosión fluvial", "fen_nivel": "Alto", "fen_expuesto_2km": false}, "geometry": {"type": "Point", "coordinates": [-76.959995, -12.162089]}}, {"type": "Feature", "properties": {"nombre": "FERRETERIA DIEGO", "tipo": "Progresol 2.0", "pdv": "0000100904", "direccion": "AV. PARQUE ZONAL LOTE 6 MATEO PUMAC ", "fen_pc_dist_m": 11378.9, "fen_peligro": "Inundación, erosión fluvial", "fen_nivel": "Alto", "fen_expuesto_2km": false}, "geometry": {"type": "Point", "coordinates": [-76.979363, -12.1894981]}}, {"type": "Feature", "properties": {"nombre": "FERRETERIA MILLA", "tipo": "Progresol 1.0", "pdv": "0000100905", "direccion": "AV. PRINCIPAL P.J. SAN GENARO MZ.T LOTE 12", "fen_pc_dist_m": 15033.1, "fen_peligro": "Inundación, erosión fluvial", "fen_nivel": "Alto", "fen_expuesto_2km": false}, "geometry": {"type": "Point", "coordinates": [-77.019907, -12.193534]}}, {"type": "Feature", "properties": {"nombre": "FERRETERIA ANDREA CRISTINA", "tipo": "Progresol 1.0", "pdv": "0000100909", "direccion": "CAL. ROOSEVELT NRO. 1036 ", "fen_pc_dist_m": 11443.7, "fen_peligro": "Inundación", "fen_nivel": null, "fen_expuesto_2km": false}, "geometry": {"type": "Point", "coordinates": [-77.015437, -12.146845]}}, {"type": "Feature", "properties": {"nombre": "WC CONSTRUCCIONES", "tipo": "Progresol 1.0", "pdv": "0000100910", "direccion": "MZA. B LOTE. 20 URB. RESID. HONOR Y LEALTAD", "fen_pc_dist_m": 10294.5, "fen_peligro": "Inundación, erosión", "fen_nivel": "", "fen_expuesto_2km": false}, "geometry": {"type": "Point", "coordinates": [-76.602042, -12.758513]}}, {"type": "Feature", "properties": {"nombre": "FERRETERIA SANTIAGO DE SURCO", "tipo": "Progresol 1.0", "pdv": "0000100911", "direccion": "JR. FERNANDO FAUSTOR NRO. 370 (ALT. CUARTEL DE LA FAP)", "fen_pc_dist_m": 11827.0, "fen_peligro": "Inundación", "fen_nivel": null, "fen_expuesto_2km": false}, "geometry": {"type": "Point", "coordinates": [-77.0063057, -12.1495101]}}, {"type": "Feature", "properties": {"nombre": "MATERIALES PORRAS", "tipo": "Progresol 1.0", "pdv": "0000100926", "direccion": "MZA. C LOTE. 4 ASOC.VIV.BELLO HORIZONTE", "fen_pc_dist_m": 14060.5, "fen_peligro": "Inundación, erosión fluvial", "fen_nivel": "Alto", "fen_expuesto_2km": false}, "geometry": {"type": "Point", "coordinates": [-77.0122743, -12.1983217]}}, {"type": "Feature", "properties": {"nombre": "DEPOSITO PAULITA", "tipo": "Progresol 1.0", "pdv": "0000100927", "direccion": "AV. GUARDIA CIVIL NORTE MZA. I LOTE. 8 URB. LOS PARRALES DE SURCO", "fen_pc_dist_m": 13871.2, "fen_peligro": "Inundación, erosión fluvial", "fen_nivel": "Alto", "fen_expuesto_2km": false}, "geometry": {"type": "Point", "coordinates": [-76.992275, -12.1684]}}, {"type": "Feature", "properties": {"nombre": "FERRETERIA LA CURVA", "tipo": "Progresol 1.0", "pdv": "0000100936", "direccion": "AV. PACHACUTEC 3624 P.J. MARIANO MELGAR", "fen_pc_dist_m": 8541.6, "fen_peligro": "Inundación", "fen_nivel": null, "fen_expuesto_2km": false}, "geometry": {"type": "Point", "coordinates": [-76.943939, -12.179898]}}, {"type": "Feature", "properties": {"nombre": "FERRETERIA DEPÓSITO ERICK", "tipo": "Progresol 1.0", "pdv": "0000100938", "direccion": "AV. DEFENSORES DE LIMA MZ. A LTE. 5 PSJE. ALFONSO UGARTE PAMPLONA ALTA", "fen_pc_dist_m": 12240.0, "fen_peligro": "Inundación", "fen_nivel": null, "fen_expuesto_2km": false}, "geometry": {"type": "Point", "coordinates": [-76.972456, -12.14445]}}, {"type": "Feature", "properties": {"nombre": "DEPOSITO DE MATERIALES LARA", "tipo": "Progresol 1.0", "pdv": "0000100943", "direccion": "MZA. S1 LOTE. 1 ASOC DE VIV COSTA AZUL(ALT KM 46.6 CARR ANTIGUA PANAM SUR)", "fen_pc_dist_m": 1962.0, "fen_peligro": "Inundación, erosión", "fen_nivel": "", "fen_expuesto_2km": true}, "geometry": {"type": "Point", "coordinates": [-76.811213, -12.34945]}}, {"type": "Feature", "properties": {"nombre": "COMERCIAL 40", "tipo": "Progresol 1.0", "pdv": "0000100944", "direccion": "CAR. ANTIG. PANAMERICA SUR KM. 39.5 MZA. S/L LOTE 102 URB STA GENOVEVA", "fen_pc_dist_m": 4890.3, "fen_peligro": "Inundación, erosión fluvial", "fen_nivel": "Alto", "fen_expuesto_2km": false}, "geometry": {"type": "Point", "coordinates": [-76.851617, -12.295334]}}, {"type": "Feature", "properties": {"nombre": "SANTA LUCIA", "tipo": "Progresol 1.0", "pdv": "0000100948", "direccion": "MZA. C LOTE. 13 COO. LAS DUNAS (CARRETERA CENTRAL CIENEGUILLA)", "fen_pc_dist_m": 7861.4, "fen_peligro": "Inundación", "fen_nivel": "", "fen_expuesto_2km": false}, "geometry": {"type": "Point", "coordinates": [-76.8831746, -12.0850113]}}, {"type": "Feature", "properties": {"nombre": "FERRETERÍA DEPOSITO DE MATERIALES JOSE", "tipo": "Progresol 1.0", "pdv": "0000100950", "direccion": "AV. GUARDIA CIVIL URB. LA CAMPIÑA MZ. N 2 LOTE 11 A INTERIOR 2", "fen_pc_dist_m": 13636.1, "fen_peligro": "Inundación, erosión fluvial", "fen_nivel": "Alto", "fen_expuesto_2km": false}, "geometry": {"type": "Point", "coordinates": [-76.9987109, -12.181405]}}, {"type": "Feature", "properties": {"nombre": "FERRETERIA DASALY", "tipo": "Progresol 1.0", "pdv": "0000100953", "direccion": "JR. ICA NRO. 118 (ESQUINA FARMACIA MIGUELITO)", "fen_pc_dist_m": 737.2, "fen_peligro": "Inundación", "fen_nivel": "", "fen_expuesto_2km": true}, "geometry": {"type": "Point", "coordinates": [-74.125426, -14.693566]}}, {"type": "Feature", "properties": {"nombre": "FERRETERIA ARACELY", "tipo": "Progresol 1.0", "pdv": "0000100954", "direccion": "JR. TACNA NRO. 302 (ESQUINA ENTRE JIRONES ICA Y TACNA)", "fen_pc_dist_m": 747.9, "fen_peligro": "Inundación", "fen_nivel": "", "fen_expuesto_2km": true}, "geometry": {"type": "Point", "coordinates": [-74.125485, -14.693322]}}, {"type": "Feature", "properties": {"nombre": "DISTRIBUIDORA ROCIO", "tipo": "Progresol 1.0", "pdv": "0000100956", "direccion": "AV. VICTOR A. BELAUNDE NRO. 619 (PASANDO EL GRIFO TICO TICO)", "fen_pc_dist_m": 7488.2, "fen_peligro": "Erosión fluvial", "fen_nivel": "Alto", "fen_expuesto_2km": false}, "geometry": {"type": "Point", "coordinates": [-76.129473, -13.0758034]}}, {"type": "Feature", "properties": {"nombre": "DISTRIBUIDORA ROCIO", "tipo": "Progresol 1.0", "pdv": "0000100957", "direccion": "PROL.OSCAR R. BENAVIDES NRO. 1195 ", "fen_pc_dist_m": 2025.1, "fen_peligro": "Inundación", "fen_nivel": "", "fen_expuesto_2km": false}, "geometry": {"type": "Point", "coordinates": [-76.147509, -13.414234]}}, {"type": "Feature", "properties": {"nombre": "FERRETERIA JOEL", "tipo": "Progresol 1.0", "pdv": "0000100958", "direccion": "CAR.PANAMERICANA SUR NRO. 533 (PASANDO RESTAURANT EL REGIONAL)", "fen_pc_dist_m": 855.5, "fen_peligro": "Inundación", "fen_nivel": "", "fen_expuesto_2km": true}, "geometry": {"type": "Point", "coordinates": [-76.133842, -13.427139]}}, {"type": "Feature", "properties": {"nombre": "FERRETERIA SAN PEDRO", "tipo": "Progresol 1.0", "pdv": "0000100959", "direccion": "AV. 28 DE JULIO NRO. 200 ", "fen_pc_dist_m": 3676.8, "fen_peligro": "Inundación", "fen_nivel": "", "fen_expuesto_2km": false}, "geometry": {"type": "Point", "coordinates": [-76.156588, -13.399963]}}, {"type": "Feature", "properties": {"nombre": "CASSOLI", "tipo": "Progresol 1.0", "pdv": "0000100963", "direccion": "AV. FERNANDO LEON DE VIVERO 495 ", "fen_pc_dist_m": 1772.2, "fen_peligro": null, "fen_nivel": "", "fen_expuesto_2km": true}, "geometry": {"type": "Point", "coordinates": [-75.741692, -14.061951]}}, {"type": "Feature", "properties": {"nombre": "FERREMAS", "tipo": "Progresol 1.0", "pdv": "0000100973", "direccion": "CAR. PANAMERICANA SUR KM 300.5  NRO 160", "fen_pc_dist_m": 2339.8, "fen_peligro": "Inundación", "fen_nivel": "", "fen_expuesto_2km": false}, "geometry": {"type": "Point", "coordinates": [-75.749912, -14.045692]}}, {"type": "Feature", "properties": {"nombre": "FERRETERIA ALBERT", "tipo": "Progresol 1.0", "pdv": "0000100978", "direccion": "MZA. P LOTE. 36 URB. SINDICATO DE CHOFERES", "fen_pc_dist_m": 1735.4, "fen_peligro": "Inundación, erosión fluvial", "fen_nivel": "Alto", "fen_expuesto_2km": true}, "geometry": {"type": "Point", "coordinates": [-76.3588443, -13.066152]}}, {"type": "Feature", "properties": {"nombre": "FERRETERIA GUADALUPE", "tipo": "Progresol 1.0", "pdv": "0000100982", "direccion": "AV. 28 DE JULIO NRO. S/N ", "fen_pc_dist_m": 5897.1, "fen_peligro": null, "fen_nivel": "", "fen_expuesto_2km": false}, "geometry": {"type": "Point", "coordinates": [-76.4297698, -13.0541449]}}, {"type": "Feature", "properties": {"nombre": "DISTRIBUIDORA SANTA PATRICIA S R L ", "tipo": "Progresol 1.0", "pdv": "0000100984", "direccion": "AV. TOMAS MARSANO NRO. 4330 URB. LA VIRREYNA", "fen_pc_dist_m": 11010.3, "fen_peligro": "Inundación", "fen_nivel": null, "fen_expuesto_2km": false}, "geometry": {"type": "Point", "coordinates": [-76.994279, -12.139712]}}, {"type": "Feature", "properties": {"nombre": "FERRETERIA SAN JOSE", "tipo": "Progresol 1.0", "pdv": "0000100985", "direccion": "II ETAPA MZA. A LOTE. 1  URB. LAS PRADERAS DE PARIACHI", "fen_pc_dist_m": 519.5, "fen_peligro": "", "fen_nivel": "", "fen_expuesto_2km": true}, "geometry": {"type": "Point", "coordinates": [-76.837086, -12.002266]}}, {"type": "Feature", "properties": {"nombre": "CONSORCIO HUACHIPA", "tipo": "Progresol 1.0", "pdv": "0000100987", "direccion": "MZA. L LOTE. 4 ASOC.DIG.NACIONAL  (AV.CIRCUNVALACION)", "fen_pc_dist_m": 252.8, "fen_peligro": "Inundación, erosión fluvial", "fen_nivel": "Muy alto", "fen_expuesto_2km": true}, "geometry": {"type": "Point", "coordinates": [-76.905386, -12.014822]}}, {"type": "Feature", "properties": {"nombre": "NEGOCIACIONES EL AMIGO S.A.C.", "tipo": "Progresol 1.0", "pdv": "0000100993", "direccion": "AV. ESTACION NRO. 500 ", "fen_pc_dist_m": 3345.0, "fen_peligro": "Inundación", "fen_nivel": "", "fen_expuesto_2km": false}, "geometry": {"type": "Point", "coordinates": [-77.207659, -11.499692]}}, {"type": "Feature", "properties": {"nombre": "REPRESENTACIONES DON CARLOS E.I.R.L.", "tipo": "Progresol 1.0", "pdv": "0000101000", "direccion": "CAL. ANDRES DE LOS REYES NRO. 234 ", "fen_pc_dist_m": 3792.4, "fen_peligro": "Inundación, erosión fluvial", "fen_nivel": "Alto", "fen_expuesto_2km": false}, "geometry": {"type": "Point", "coordinates": [-77.756664, -10.753751]}}, {"type": "Feature", "properties": {"nombre": "FERRETRIA MIKY", "tipo": "Progresol 1.0", "pdv": "0000101006", "direccion": "AV. PROGRESO NRO. S.N ", "fen_pc_dist_m": 492.3, "fen_peligro": "Inundación", "fen_nivel": " ", "fen_expuesto_2km": true}, "geometry": {"type": "Point", "coordinates": [-77.647827, -9.2799]}}, {"type": "Feature", "properties": {"nombre": "FERRETERIA SARITA", "tipo": "Progresol 1.0", "pdv": "0000101012", "direccion": "CAL.IGNACIO MORSEZQUI NRO. 417  (A MEDIA CUADRA DE LA PLAZUELA BOLOGNES", "fen_pc_dist_m": 732.2, "fen_peligro": "", "fen_nivel": "Medio", "fen_expuesto_2km": true}, "geometry": {"type": "Point", "coordinates": [-74.9404956, -14.8279074]}}, {"type": "Feature", "properties": {"nombre": "COMERCIALIZADORA CONTRERAS", "tipo": "Progresol 1.0", "pdv": "0000101013", "direccion": "CAR. PANAMERICANA NRO. S/N (COST. GRIFO TODA 1 VIDA)", "fen_pc_dist_m": 599.1, "fen_peligro": "Inundación", "fen_nivel": "", "fen_expuesto_2km": true}, "geometry": {"type": "Point", "coordinates": [-74.942378, -14.837322]}}, {"type": "Feature", "properties": {"nombre": "FERRETERIA CAROLINA", "tipo": "Progresol 1.0", "pdv": "0000101017", "direccion": "PJ. BENJAMIN DOIG LOSSIO MZA. J LOTE. 27 (ALTURA DEL MERCADO DE PUCUSANA", "fen_pc_dist_m": 1841.1, "fen_peligro": "", "fen_nivel": "", "fen_expuesto_2km": true}, "geometry": {"type": "Point", "coordinates": [-76.63318, -12.660995]}}, {"type": "Feature", "properties": {"nombre": "SERCAM", "tipo": "Progresol 1.0", "pdv": "0000101020", "direccion": "AV. PERU NRO. 140 (CT COMISARIA C4P GRIS 2DO PISO)", "fen_pc_dist_m": 516.0, "fen_peligro": "Inundación, Erosión Fluvial", "fen_nivel": "Alto", "fen_expuesto_2km": true}, "geometry": {"type": "Point", "coordinates": [-73.385038, -13.656515]}}, {"type": "Feature", "properties": {"nombre": "VILLA SAC", "tipo": "Progresol 1.0", "pdv": "0000101022", "direccion": "AV. DIAZ BARCENAS NRO. 545 URB. ABANCAY (FRENTE DEL HOTEL TURISTA)", "fen_pc_dist_m": 767.9, "fen_peligro": "Inundación", "fen_nivel": "", "fen_expuesto_2km": true}, "geometry": {"type": "Point", "coordinates": [-72.880349, -13.635356]}}, {"type": "Feature", "properties": {"nombre": "NUTREX", "tipo": "Progresol 1.0", "pdv": "0000101023", "direccion": "AV. AVENIDA PERU NRO. 128 URB. AVENIDA PERU", "fen_pc_dist_m": 509.2, "fen_peligro": "Inundación, Erosión Fluvial", "fen_nivel": "Alto", "fen_expuesto_2km": true}, "geometry": {"type": "Point", "coordinates": [-73.3849834, -13.6565469]}}, {"type": "Feature", "properties": {"nombre": "DISTRIBUIDORA CHUMBAO", "tipo": "Progresol 1.0", "pdv": "0000101030", "direccion": "AV. CONFRATERNIDAD NRO. 1060 (FT A CASA LINDA)", "fen_pc_dist_m": 390.8, "fen_peligro": "Inundación", "fen_nivel": "", "fen_expuesto_2km": true}, "geometry": {"type": "Point", "coordinates": [-73.402509, -13.658655]}}, {"type": "Feature", "properties": {"nombre": "EL CAÑETANO", "tipo": "Progresol 1.0", "pdv": "0000101040", "direccion": "CAR. PANAMERICA SUR MZA. A6 LOTE.4 ASOCIACION EL TREBOL", "fen_pc_dist_m": 1506.1, "fen_peligro": null, "fen_nivel": "", "fen_expuesto_2km": true}, "geometry": {"type": "Point", "coordinates": [-76.3931407, -13.076231]}}, {"type": "Feature", "properties": {"nombre": "GHP", "tipo": "Progresol 1.0", "pdv": "0000101049", "direccion": "AV. LIBERTADORES MZA. A1 LOTE. 17 TERCER MUNDO (ANTES DEL GRIFO AUTOPASA)", "fen_pc_dist_m": 1369.0, "fen_peligro": null, "fen_nivel": "", "fen_expuesto_2km": true}, "geometry": {"type": "Point", "coordinates": [-76.3918054, -13.0765292]}}, {"type": "Feature", "properties": {"nombre": "PRADA", "tipo": "Progresol 1.0", "pdv": "0000101912", "direccion": "AV. MIGUEL IGLESIAS MZA. C LOTE. 02 A.V. EL UNIVERSO", "fen_pc_dist_m": 9590.3, "fen_peligro": "Inundación, erosión fluvial", "fen_nivel": "Alto", "fen_expuesto_2km": false}, "geometry": {"type": "Point", "coordinates": [-76.9582617, -12.1884537]}}, {"type": "Feature", "properties": {"nombre": "MENPAR S.A.C", "tipo": "Progresol 1.0", "pdv": "0000102158", "direccion": "AV. NARANJAL MZA. C LOTE 1 SOL NACI (URB.HUERTOS DE NARANJAL)", "fen_pc_dist_m": 2573.3, "fen_peligro": "Inundación", "fen_nivel": null, "fen_expuesto_2km": false}, "geometry": {"type": "Point", "coordinates": [-77.0891784, -11.9719716]}}, {"type": "Feature", "properties": {"nombre": "PROGRESOL MIGAL", "tipo": "Progresol 2.0", "pdv": "0000102291", "direccion": "MZ. A LT. 02 LAS PALMAS 1 ETAPA ", "fen_pc_dist_m": 1738.3, "fen_peligro": "Inundación", "fen_nivel": null, "fen_expuesto_2km": true}, "geometry": {"type": "Point", "coordinates": [-77.103472, -11.964964]}}, {"type": "Feature", "properties": {"nombre": "FERRETERIA VERA", "tipo": "Progresol 1.0", "pdv": "0000102297", "direccion": "MZA. J LOTE. 1 URB. TILDA (ENTRE AV . METROPOLITANA Y EL SOL)", "fen_pc_dist_m": 1114.8, "fen_peligro": "Inundación", "fen_nivel": "", "fen_expuesto_2km": true}, "geometry": {"type": "Point", "coordinates": [-76.9376844, -12.0322447]}}, {"type": "Feature", "properties": {"nombre": "FERRETERIA ROJAS", "tipo": "Progresol 1.0", "pdv": "0000102298", "direccion": "CA LOS EUCALIPTOS MZA. B LOTE. 05 ASOC LOS REYES DE ATE", "fen_pc_dist_m": 2094.1, "fen_peligro": "Inundación", "fen_nivel": "", "fen_expuesto_2km": false}, "geometry": {"type": "Point", "coordinates": [-76.9170476, -12.0400523]}}, {"type": "Feature", "properties": {"nombre": "FERRETERIA EL GRINGO", "tipo": "Progresol 2.0", "pdv": "0000102302", "direccion": "AV. NICOLAS DE PIEROLA NRO. 1570 (P OR LA EMPRESA LAIVE Y EL HOTEL PUEBLO)", "fen_pc_dist_m": 2033.4, "fen_peligro": "Inundación", "fen_nivel": "", "fen_expuesto_2km": false}, "geometry": {"type": "Point", "coordinates": [-76.8918514, -12.0316771]}}, {"type": "Feature", "properties": {"nombre": "INVERSIONES NAT E.I.R.L.", "tipo": "Progresol 1.0", "pdv": "0000102309", "direccion": "JR. ITALIA NRO. 1307 (ENTRE CDRA 10 Y 11 DE JR PARINACOCHAS)", "fen_pc_dist_m": 2885.6, "fen_peligro": "Inundación", "fen_nivel": null, "fen_expuesto_2km": false}, "geometry": {"type": "Point", "coordinates": [-77.016572, -12.069724]}}, {"type": "Feature", "properties": {"nombre": "FERRETERIA NANCY", "tipo": "Progresol 2.0", "pdv": "0000102316", "direccion": "AV. VICTOR MALASQUEZ MZ. P LT. 18 A ", "fen_pc_dist_m": 7009.7, "fen_peligro": "Inundación", "fen_nivel": "", "fen_expuesto_2km": false}, "geometry": {"type": "Point", "coordinates": [-76.880001, -12.098328]}}, {"type": "Feature", "properties": {"nombre": "FERRETERIA SAN ROQUE", "tipo": "Progresol 2.0", "pdv": "0000102326", "direccion": "CAL.LOS LUCUMOS MZA. H LOTE. 24 URB  (POR EL MERCADO DE PRODUCTORES)", "fen_pc_dist_m": 1035.3, "fen_peligro": "Erosión fluvial", "fen_nivel": "Muy alto", "fen_expuesto_2km": true}, "geometry": {"type": "Point", "coordinates": [-76.953651, -12.0317153]}}, {"type": "Feature", "properties": {"nombre": "FERRETERIA LUKAS", "tipo": "Progresol 1.0", "pdv": "0000102336", "direccion": "MZA. B LOTE. 13 URB. PRADERAS DE PARIACHI ET. DOS", "fen_pc_dist_m": 456.5, "fen_peligro": "", "fen_nivel": "", "fen_expuesto_2km": true}, "geometry": {"type": "Point", "coordinates": [-76.8375438, -12.0019185]}}, {"type": "Feature", "properties": {"nombre": "FERRETERIA LUNA", "tipo": "Progresol 2.0", "pdv": "0000102340", "direccion": "AV. MIRAFLORES MZ. A LT. 10 SAN JUA ", "fen_pc_dist_m": 550.9, "fen_peligro": "Inundación", "fen_nivel": null, "fen_expuesto_2km": true}, "geometry": {"type": "Point", "coordinates": [-76.87114, -12.0129776]}}, {"type": "Feature", "properties": {"nombre": "FERRETERIA UNION DE PARIACHI", "tipo": "Progresol 2.0", "pdv": "0000102342", "direccion": "MZA. W LOTE. 1 AS.CIV DE PARIACHI 3 (PARADERO HORACIO ZEVALLOS A 2 CDRAS)", "fen_pc_dist_m": 579.9, "fen_peligro": "Inundación", "fen_nivel": null, "fen_expuesto_2km": true}, "geometry": {"type": "Point", "coordinates": [-76.8426644, -12.0070506]}}, {"type": "Feature", "properties": {"nombre": "FERRETERIA SANTA ROSA", "tipo": "Progresol 2.0", "pdv": "0000102343", "direccion": "AV. JAIME ZUBIETA CALDERON MZ. J LT  ZEVALLOS", "fen_pc_dist_m": 1754.2, "fen_peligro": null, "fen_nivel": "", "fen_expuesto_2km": true}, "geometry": {"type": "Point", "coordinates": [-76.83906, -12.018035]}}, {"type": "Feature", "properties": {"nombre": "FERRETERIA CORREA", "tipo": "Progresol 2.0", "pdv": "0000102344", "direccion": "UCV 199 B MZA. 9 A.H. HUAYCAN ZONA ", "fen_pc_dist_m": 2441.5, "fen_peligro": "Inundación, flujo de detritos, erosión fluvial", "fen_nivel": "Muy alto", "fen_expuesto_2km": false}, "geometry": {"type": "Point", "coordinates": [-76.8113951, -12.0133233]}}, {"type": "Feature", "properties": {"nombre": "FERRETERIA EL NIÑO JESUS", "tipo": "Progresol 2.0", "pdv": "0000102349", "direccion": "JR. LOS SAUCES MZA. I LOTE. 10 COO. FRENTE MARTERIA CARRETERA CENTRAL", "fen_pc_dist_m": 457.0, "fen_peligro": "Erosión fluvial", "fen_nivel": "Muy Alto", "fen_expuesto_2km": true}, "geometry": {"type": "Point", "coordinates": [-76.823259, -11.991438]}}, {"type": "Feature", "properties": {"nombre": "MEDINA TERRAZO NADIA MASIEL ", "tipo": "Progresol 1.0", "pdv": "0000102352", "direccion": "AV. LIMA NORTE NRO. 358 URB. MOYOPAMPA", "fen_pc_dist_m": 160.0, "fen_peligro": "Inundación", "fen_nivel": "", "fen_expuesto_2km": true}, "geometry": {"type": "Point", "coordinates": [-76.6915806, -11.931135]}}, {"type": "Feature", "properties": {"nombre": "FERRETERIA PHOENIX MATERIALS E.I.R.L.", "tipo": "Progresol 2.0", "pdv": "0000102355", "direccion": "JR. BERNARDO BALAGUER MZA. I LOTE. 4 URB. ALAMEDA DE ÑAÑA (A 2 CDRAS UNIV", "fen_pc_dist_m": 587.5, "fen_peligro": "Erosión fluvial", "fen_nivel": "Muy alto", "fen_expuesto_2km": true}, "geometry": {"type": "Point", "coordinates": [-76.833197, -11.985665]}}, {"type": "Feature", "properties": {"nombre": "INVERSIONES DIANA S.A.C", "tipo": "Progresol 1.0", "pdv": "0000102363", "direccion": "AV. 2 MZA. C1 LOTE. 9 URB. SAN ANTONIO DE CARAPONGO", "fen_pc_dist_m": 439.6, "fen_peligro": "Inundación", "fen_nivel": null, "fen_expuesto_2km": true}, "geometry": {"type": "Point", "coordinates": [-76.880407, -12.005432]}}, {"type": "Feature", "properties": {"nombre": "EMPRESA", "tipo": "Progresol 1.0", "pdv": "0000102370", "direccion": "AV. CAPAC YUPANQUI MZA. B LOTE. 3 O DE POB. EL CERCADO ANX 22- JICAMARCA", "fen_pc_dist_m": 4956.0, "fen_peligro": "Erosión fluvial", "fen_nivel": "Muy alto", "fen_expuesto_2km": false}, "geometry": {"type": "Point", "coordinates": [-76.9698027, -11.9313239]}}, {"type": "Feature", "properties": {"nombre": "FERRETERIA BYR", "tipo": "Progresol 1.0", "pdv": "0000102373", "direccion": "C.P.ANEX.22 PAMP.CANTO GR MZA. DZ-5  LOTE. 03 GRU. LAS FLORES SECT.EL VALLE", "fen_pc_dist_m": 2289.2, "fen_peligro": "Flujo de detritos, erosión fluvial", "fen_nivel": "Muy alto", "fen_expuesto_2km": false}, "geometry": {"type": "Point", "coordinates": [-76.9573497, -11.8836807]}}, {"type": "Feature", "properties": {"nombre": "FERRETERIA EDERICK", "tipo": "Progresol 2.0", "pdv": "0000102374", "direccion": "AV. 5 DE AGOSTO MZA. A1 LOTE. 8-B C ", "fen_pc_dist_m": 2593.4, "fen_peligro": "Inundación", "fen_nivel": null, "fen_expuesto_2km": false}, "geometry": {"type": "Point", "coordinates": [-76.937693, -11.985791]}}, {"type": "Feature", "properties": {"nombre": "FERRETERIA MARTIN", "tipo": "Progresol 2.0", "pdv": "0000102376", "direccion": "AV. UNION JICAMARCA MZ A 137B LT 1A PABLO ALT. PARADERO FINAL A1", "fen_pc_dist_m": 4039.1, "fen_peligro": "Inundación", "fen_nivel": null, "fen_expuesto_2km": false}, "geometry": {"type": "Point", "coordinates": [-76.9369356, -11.9684238]}}, {"type": "Feature", "properties": {"nombre": "FERRETERIA JHIRE", "tipo": "Progresol 2.0", "pdv": "0000102394", "direccion": "MZA. H LOTE. 4 APV. CAMPOY -3RA  ET APA (ALT. MCDO. LOS PROCERES)", "fen_pc_dist_m": 1192.0, "fen_peligro": "Erosión fluvial", "fen_nivel": "Muy alto", "fen_expuesto_2km": true}, "geometry": {"type": "Point", "coordinates": [-76.9643094, -12.0152913]}}, {"type": "Feature", "properties": {"nombre": "FERRETERIA VIGAPRODUCTOS SAC", "tipo": "Progresol 2.0", "pdv": "0000102395", "direccion": "CAL.25 MZA. P LOTE. 21 URB. CAMPOY (AL COSTADO DE INSTITUTO PERUANO ALEMAN)", "fen_pc_dist_m": 1630.5, "fen_peligro": "Inundación", "fen_nivel": null, "fen_expuesto_2km": true}, "geometry": {"type": "Point", "coordinates": [-76.964549, -12.009548]}}, {"type": "Feature", "properties": {"nombre": "FERRETERIA EMANUEL", "tipo": "Progresol 2.0", "pdv": "0000102396", "direccion": "GRUPO 3 MZ. J3 LT. 26 AA.HH. CRUZ D ", "fen_pc_dist_m": 3761.0, "fen_peligro": "Inundación", "fen_nivel": "", "fen_expuesto_2km": false}, "geometry": {"type": "Point", "coordinates": [-76.974108, -11.944659]}}, {"type": "Feature", "properties": {"nombre": "FERRETERIA HERRERA", "tipo": "Progresol 2.0", "pdv": "0000102397", "direccion": "MZ 140 LTE 13 GRUPO 16 SEC. B HUASC ", "fen_pc_dist_m": 2487.6, "fen_peligro": "Inundación", "fen_nivel": "", "fen_expuesto_2km": false}, "geometry": {"type": "Point", "coordinates": [-77.003353, -11.95367]}}, {"type": "Feature", "properties": {"nombre": "FERRETERIA JERUSALEN", "tipo": "Progresol 2.0", "pdv": "0000102401", "direccion": "MZ J LTE 15 AA.HH CESAR VALLEJO ", "fen_pc_dist_m": 4612.5, "fen_peligro": "Inundación", "fen_nivel": "", "fen_expuesto_2km": false}, "geometry": {"type": "Point", "coordinates": [-76.9647522, -11.9419214]}}, {"type": "Feature", "properties": {"nombre": "FERRETERIA ISABEL", "tipo": "Progresol 2.0", "pdv": "0000102403", "direccion": "NRO. B INT. 2 A.H. 1 DE MAYO (CERCA ", "fen_pc_dist_m": 4089.3, "fen_peligro": "Inundación", "fen_nivel": "", "fen_expuesto_2km": false}, "geometry": {"type": "Point", "coordinates": [-76.970451, -11.9435085]}}, {"type": "Feature", "properties": {"nombre": "FERRETERÍA RIVEROS", "tipo": "Progresol 2.0", "pdv": "0000102404", "direccion": "AV LOS TUSILAGOS #291 URB LAS FLORE ", "fen_pc_dist_m": 1764.1, "fen_peligro": "Erosión fluvial", "fen_nivel": "Muy alto", "fen_expuesto_2km": true}, "geometry": {"type": "Point", "coordinates": [-77.005751, -12.013063]}}, {"type": "Feature", "properties": {"nombre": "DISTRIBUIDORA LUNA", "tipo": "Progresol 1.0", "pdv": "0000102405", "direccion": "AV. SANTA ROSA DE LIMA NRO. 671 URB. SEMI RUSTICA CANTO GRANDE (SANTA", "fen_pc_dist_m": 539.9, "fen_peligro": "Inundación", "fen_nivel": "", "fen_expuesto_2km": true}, "geometry": {"type": "Point", "coordinates": [-76.9917565, -11.9781411]}}, {"type": "Feature", "properties": {"nombre": "PROGRESOL FERUMA", "tipo": "Progresol 2.0", "pdv": "0000102410", "direccion": "AV. MRCAL. OSCAR BENAVIDES MZA. D1 DEL PESCADOR (FTE. FUNDICION CALLAO)", "fen_pc_dist_m": 1866.9, "fen_peligro": "Inundación", "fen_nivel": null, "fen_expuesto_2km": true}, "geometry": {"type": "Point", "coordinates": [-77.105477, -12.055251]}}, {"type": "Feature", "properties": {"nombre": "MONTENEGRO SAC", "tipo": "Progresol 2.0", "pdv": "0000102413", "direccion": "AV. DE LA ALAMEDA MZA. K LOTE. 19 P  (ESPALDA DE MINKA-CDRA.32 AV.ARGENTINA)", "fen_pc_dist_m": 1328.2, "fen_peligro": "Inundación", "fen_nivel": null, "fen_expuesto_2km": true}, "geometry": {"type": "Point", "coordinates": [-77.110449, -12.04394]}}, {"type": "Feature", "properties": {"nombre": "DMC CASTILLO S.R.L.", "tipo": "Progresol 1.0", "pdv": "0000102415", "direccion": "CAL. LAS DALIAS MZA. B LOTE. 40 A.H . JOSE BOTTERIN", "fen_pc_dist_m": 2915.6, "fen_peligro": "Inundación", "fen_nivel": null, "fen_expuesto_2km": false}, "geometry": {"type": "Point", "coordinates": [-77.1211732, -12.0544793]}}, {"type": "Feature", "properties": {"nombre": "MATERIALES COLONIAL S.A.C.", "tipo": "Progresol 1.0", "pdv": "0000102416", "direccion": "AV. LA PAZ NRO. 2977 ", "fen_pc_dist_m": 4380.9, "fen_peligro": "Inundación", "fen_nivel": null, "fen_expuesto_2km": false}, "geometry": {"type": "Point", "coordinates": [-77.109741, -12.0776697]}}, {"type": "Feature", "properties": {"nombre": "DISTRIBUIDORA FLOR E.I.R.L", "tipo": "Progresol 1.0", "pdv": "0000102423", "direccion": "AV. PEDRO BELTRAN MZA. V72 LTE. 20 URB. SATELITE DE VENTANILLA", "fen_pc_dist_m": 6611.0, "fen_peligro": "Inundación", "fen_nivel": null, "fen_expuesto_2km": false}, "geometry": {"type": "Point", "coordinates": [-77.114425, -11.868228]}}, {"type": "Feature", "properties": {"nombre": "FERRETERIA SAN GABRIEL", "tipo": "Progresol 2.0", "pdv": "0000102426", "direccion": "EL ROSARIO DE OQUENDO MZ A LT 5 ", "fen_pc_dist_m": 2663.9, "fen_peligro": "Erosión fluvial", "fen_nivel": "Muy alto", "fen_expuesto_2km": false}, "geometry": {"type": "Point", "coordinates": [-77.122273, -11.969039]}}, {"type": "Feature", "properties": {"nombre": "PROGRESOL MARIN", "tipo": "Progresol 2.0", "pdv": "0000102429", "direccion": "MZ.K LOTE. 24 SECTOR C-3 REFERRENCIA POR EL MERCADO VILLA", "fen_pc_dist_m": 11835.6, "fen_peligro": "Inundación", "fen_nivel": null, "fen_expuesto_2km": false}, "geometry": {"type": "Point", "coordinates": [-77.14641, -11.831672]}}, {"type": "Feature", "properties": {"nombre": "FERRETERIA AMANECER", "tipo": "Progresol 2.0", "pdv": "0000102431", "direccion": "MZ N2 LT 1 A.H PROYECTO PILOTO ", "fen_pc_dist_m": 11529.8, "fen_peligro": "Inundación, erosión fluvial", "fen_nivel": "Muy alto", "fen_expuesto_2km": false}, "geometry": {"type": "Point", "coordinates": [-77.160087, -11.8374403]}}, {"type": "Feature", "properties": {"nombre": "PROGRESOL GABY & WILLY", "tipo": "Progresol 2.0", "pdv": "0000102433", "direccion": "MZA. A1 LOTE. 06 A.H. MARIA JESUS E ALT. LOCAL COMUNAL MARIA JESUS ESPINOZA", "fen_pc_dist_m": 9484.6, "fen_peligro": "Inundación", "fen_nivel": null, "fen_expuesto_2km": false}, "geometry": {"type": "Point", "coordinates": [-77.127177, -11.842275]}}, {"type": "Feature", "properties": {"nombre": "FERRETERIA PROGRESO", "tipo": "Progresol 2.0", "pdv": "0000102434", "direccion": "MZ.P LT.18 - AAHH NUEVO PROGRESO - MERCADO OLAYA", "fen_pc_dist_m": 9581.2, "fen_peligro": "Inundación, erosión fluvial", "fen_nivel": "Alto", "fen_expuesto_2km": false}, "geometry": {"type": "Point", "coordinates": [-77.1258348, -11.8393477]}}, {"type": "Feature", "properties": {"nombre": "FERRETERIA MURALLA", "tipo": "Progresol 2.0", "pdv": "0000102437", "direccion": "AV. 200 MILLAS MZ.B LT.1 AAHH.VIRGE ", "fen_pc_dist_m": 10758.0, "fen_peligro": "Inundación", "fen_nivel": "", "fen_expuesto_2km": false}, "geometry": {"type": "Point", "coordinates": [-77.141915, -11.841251]}}, {"type": "Feature", "properties": {"nombre": "CORPORACION E INVERSIONES R & E S.A.C", "tipo": "Progresol 1.0", "pdv": "0000102447", "direccion": "AV. ARICA NRO. 1178 URB. CHACRA COLORADA", "fen_pc_dist_m": 2148.4, "fen_peligro": "Inundación", "fen_nivel": null, "fen_expuesto_2km": false}, "geometry": {"type": "Point", "coordinates": [-77.052806, -12.056714]}}, {"type": "Feature", "properties": {"nombre": "FERRETERIA HUANACHIN", "tipo": "Progresol 2.0", "pdv": "0000102449", "direccion": "ASOC.AGROPECUARIA LOS PALOMARES MZ. ", "fen_pc_dist_m": 4007.6, "fen_peligro": "Inundación", "fen_nivel": null, "fen_expuesto_2km": false}, "geometry": {"type": "Point", "coordinates": [-77.0463, -11.82874]}}, {"type": "Feature", "properties": {"nombre": "F.S.M. EL HUANUQUEÑO S.A.C.", "tipo": "Progresol 2.0", "pdv": "0000102452", "direccion": "AV. TUPAC AMARU N° 1160 ", "fen_pc_dist_m": 2356.6, "fen_peligro": "Inundación", "fen_nivel": null, "fen_expuesto_2km": false}, "geometry": {"type": "Point", "coordinates": [-77.029936, -11.896761]}}, {"type": "Feature", "properties": {"nombre": "FERRETERIA RAMOS", "tipo": "Progresol 2.0", "pdv": "0000102457", "direccion": "ASOCIACION LAS VIÑAS DE CARABAYLLO ", "fen_pc_dist_m": 394.1, "fen_peligro": "Inundación", "fen_nivel": "", "fen_expuesto_2km": true}, "geometry": {"type": "Point", "coordinates": [-77.052732, -11.882819]}}, {"type": "Feature", "properties": {"nombre": "INVERSIONES JM FAMASA IMPORT Y EXPORT S.A.C.", "tipo": "Progresol 1.0", "pdv": "0000102461", "direccion": "AV. CARLOS SACCO MZA. J-1 LOTE. 21 URB. SAN ANTONIO DE CARABAYLLO", "fen_pc_dist_m": 1738.6, "fen_peligro": "Inundación", "fen_nivel": null, "fen_expuesto_2km": true}, "geometry": {"type": "Point", "coordinates": [-77.047076, -11.859509]}}, {"type": "Feature", "properties": {"nombre": "INVERSIONES HVG", "tipo": "Progresol 1.0", "pdv": "0000102463", "direccion": "PARCELA 4 LOTE. 4 A ASOC. AGRICOLA SANTA CRUZ (AV. LOMAS DE CARABAYLLO KM 2", "fen_pc_dist_m": 6511.9, "fen_peligro": "Inundación", "fen_nivel": null, "fen_expuesto_2km": false}, "geometry": {"type": "Point", "coordinates": [-77.081499, -11.832693]}}, {"type": "Feature", "properties": {"nombre": "PROGRESOL IZARRA", "tipo": "Progresol 2.0", "pdv": "0000102464", "direccion": "AV. JUAN VELAZCO ALVARADO MZ A LT 8 ", "fen_pc_dist_m": 1585.2, "fen_peligro": "Inundación", "fen_nivel": null, "fen_expuesto_2km": true}, "geometry": {"type": "Point", "coordinates": [-77.0290868, -11.8490271]}}, {"type": "Feature", "properties": {"nombre": "LA LIBERTAD SAN ANTONIO SAC", "tipo": "Progresol 2.0", "pdv": "0000102469", "direccion": "MZA. I1 LOTE. 31 URB. SAN ANTONIO D  (ALT. DEL COLEGIO CRUZ SACO)", "fen_pc_dist_m": 1397.4, "fen_peligro": "Inundación", "fen_nivel": null, "fen_expuesto_2km": true}, "geometry": {"type": "Point", "coordinates": [-77.0447165, -11.8615586]}}, {"type": "Feature", "properties": {"nombre": "PROGRESOL DIMACONST", "tipo": "Progresol 2.0", "pdv": "0000102471", "direccion": "MZA. A LOTE. 7 RES. FORTALEZA 1RA E ", "fen_pc_dist_m": 576.9, "fen_peligro": "Inundación, erosión fluvial", "fen_nivel": "Alto", "fen_expuesto_2km": true}, "geometry": {"type": "Point", "coordinates": [-77.058042, -11.887163]}}, {"type": "Feature", "properties": {"nombre": "PROGRESOL AMAZONAS", "tipo": "Progresol 2.0", "pdv": "0000102472", "direccion": "MZ.E LT.5 AAHH.MAJESTAD HIROITO ", "fen_pc_dist_m": 3564.5, "fen_peligro": "Inundación", "fen_nivel": null, "fen_expuesto_2km": false}, "geometry": {"type": "Point", "coordinates": [-77.002837, -11.880925]}}, {"type": "Feature", "properties": {"nombre": "FERRETERIA KEVIN", "tipo": "Progresol 2.0", "pdv": "0000102473", "direccion": "MZ.X1 LT 33 AAHH SAN BENITO ", "fen_pc_dist_m": 4213.7, "fen_peligro": "Inundación", "fen_nivel": null, "fen_expuesto_2km": false}, "geometry": {"type": "Point", "coordinates": [-77.045103, -11.815546]}}, {"type": "Feature", "properties": {"nombre": "FERRETERIA LUQUE", "tipo": "Progresol 2.0", "pdv": "0000102475", "direccion": "MZ. A LT. 2A AAHH VILLA HUARANGO ", "fen_pc_dist_m": 4636.6, "fen_peligro": "Inundación", "fen_nivel": null, "fen_expuesto_2km": false}, "geometry": {"type": "Point", "coordinates": [-77.0559177, -11.8300288]}}, {"type": "Feature", "properties": {"nombre": "FERRETERIA LIBERTAD", "tipo": "Progresol 2.0", "pdv": "0000102479", "direccion": "AV COLECTORA MZ A 5 LT 52 URB. SOL ", "fen_pc_dist_m": 707.1, "fen_peligro": "Inundación", "fen_nivel": null, "fen_expuesto_2km": true}, "geometry": {"type": "Point", "coordinates": [-77.042378, -11.868942]}}, {"type": "Feature", "properties": {"nombre": "FERRETERIA VIRGEN DEL CARMEN", "tipo": "Progresol 2.0", "pdv": "0000102483", "direccion": "MZ A LOTE 1 ASOCIACION VIRGEN DEL C ", "fen_pc_dist_m": 917.6, "fen_peligro": "Inundación", "fen_nivel": null, "fen_expuesto_2km": true}, "geometry": {"type": "Point", "coordinates": [-77.039768, -11.862705]}}, {"type": "Feature", "properties": {"nombre": "FERRETERIA ALEXITO", "tipo": "Progresol 2.0", "pdv": "0000102488", "direccion": "AV. MIGUEL GRAU NRO. 954 P.J. AÑO N ", "fen_pc_dist_m": 6785.1, "fen_peligro": "Inundación", "fen_nivel": "", "fen_expuesto_2km": false}, "geometry": {"type": "Point", "coordinates": [-76.8783485, -12.0995442]}}, {"type": "Feature", "properties": {"nombre": "FERRETERIA CACERES", "tipo": "Progresol 2.0", "pdv": "0000102493", "direccion": "AV. CARABAYLLO # 1716 - URB. VIÑEDO ", "fen_pc_dist_m": 3219.0, "fen_peligro": "Inundación", "fen_nivel": null, "fen_expuesto_2km": false}, "geometry": {"type": "Point", "coordinates": [-77.053486, -11.945114]}}, {"type": "Feature", "properties": {"nombre": "PROGRESOL VASQUEZ 2", "tipo": "Progresol 2.0", "pdv": "0000102494", "direccion": "AV VICTOR BELAUNDE ESTE NRO 1198 ", "fen_pc_dist_m": 4703.7, "fen_peligro": "Inundación", "fen_nivel": null, "fen_expuesto_2km": false}, "geometry": {"type": "Point", "coordinates": [-77.036784, -11.942687]}}, {"type": "Feature", "properties": {"nombre": "PROGRESOL HUASCARAN", "tipo": "Progresol 2.0", "pdv": "0000102496", "direccion": "AV. TRAPICHE CHILLON MZA. F LOTE. 1 (PDRO.OF.LINEA 78)", "fen_pc_dist_m": 1023.6, "fen_peligro": "Inundación, erosión fluvial", "fen_nivel": "Alto", "fen_expuesto_2km": true}, "geometry": {"type": "Point", "coordinates": [-77.049703, -11.899828]}}, {"type": "Feature", "properties": {"nombre": "PROGRESOL CHARITO I", "tipo": "Progresol 2.0", "pdv": "0000102497", "direccion": "AV. REVOLUCION 2760 URB. COLLIQUE ", "fen_pc_dist_m": 4844.2, "fen_peligro": "Inundación", "fen_nivel": null, "fen_expuesto_2km": false}, "geometry": {"type": "Point", "coordinates": [-77.014773, -11.913597]}}, {"type": "Feature", "properties": {"nombre": "PROGRESOL EL PINAR", "tipo": "Progresol 2.0", "pdv": "0000102498", "direccion": "LOS INCAS NRO. 912 URB. EL PINAR (ALTURA DEL PARQUE SINCHI ROCA)", "fen_pc_dist_m": 1919.3, "fen_peligro": "Inundación, erosión fluvial", "fen_nivel": "Muy alto", "fen_expuesto_2km": true}, "geometry": {"type": "Point", "coordinates": [-77.050791, -11.913387]}}, {"type": "Feature", "properties": {"nombre": "CORES WORK S.R.L. ", "tipo": "Progresol 1.0", "pdv": "0000102499", "direccion": "AV. TUPAC AMARU NRO. 5798 URB. REPA RTICION", "fen_pc_dist_m": 3450.3, "fen_peligro": "Inundación", "fen_nivel": null, "fen_expuesto_2km": false}, "geometry": {"type": "Point", "coordinates": [-77.050362, -11.944306]}}, {"type": "Feature", "properties": {"nombre": "PROGRESOL FEREVI S.A.C", "tipo": "Progresol 2.0", "pdv": "0000102500", "direccion": "AV. UNIVERSITARIA NORTE NRO. 5839 U ", "fen_pc_dist_m": 3246.1, "fen_peligro": "Inundación", "fen_nivel": null, "fen_expuesto_2km": false}, "geometry": {"type": "Point", "coordinates": [-77.060166, -11.954731]}}, {"type": "Feature", "properties": {"nombre": "FEDEMARR E.I.R.LTDA", "tipo": "Progresol 2.0", "pdv": "0000102501", "direccion": "AV. GERARDO UNGER NRO. 6648 URB. SA  (ALT.COMISARIA SANTA LUZMILA)", "fen_pc_dist_m": 1916.9, "fen_peligro": "Inundación", "fen_nivel": null, "fen_expuesto_2km": true}, "geometry": {"type": "Point", "coordinates": [-77.066649, -11.94256]}}, {"type": "Feature", "properties": {"nombre": "PROGRESOL CAMILA", "tipo": "Progresol 2.0", "pdv": "0000102502", "direccion": "AV. CHILLON MZA. T LOTE. 22 URB. AL  (TRAPICHE PARADERO ALAMEDA)", "fen_pc_dist_m": 779.0, "fen_peligro": "Inundación, erosión fluvial", "fen_nivel": "Alto", "fen_expuesto_2km": true}, "geometry": {"type": "Point", "coordinates": [-77.0555197, -11.9016049]}}, {"type": "Feature", "properties": {"nombre": "PROGRESOL AÑO NUEVO", "tipo": "Progresol 2.0", "pdv": "0000102503", "direccion": "AV. TUPAC AMARU NRO. 7324 URB. VILL (ALTURA ENTRADA AÑO NUEVO)", "fen_pc_dist_m": 3346.7, "fen_peligro": "Inundación, erosión fluvial", "fen_nivel": "Muy alto", "fen_expuesto_2km": false}, "geometry": {"type": "Point", "coordinates": [-77.0422976, -11.9237633]}}, {"type": "Feature", "properties": {"nombre": "FERRETERIA HORTEGA", "tipo": "Progresol 2.0", "pdv": "0000102505", "direccion": "JR. SAN CARLOS NRO. 1651 URB. EL AG ", "fen_pc_dist_m": 1635.5, "fen_peligro": "Inundación", "fen_nivel": null, "fen_expuesto_2km": true}, "geometry": {"type": "Point", "coordinates": [-76.9985097, -12.0430382]}}, {"type": "Feature", "properties": {"nombre": "FERRETERIA MARAVILLA", "tipo": "Progresol 1.0", "pdv": "0000102513", "direccion": "JR. ANCASH NRO. 1513 INT. B (IGLESIA SANTO CRISTO)", "fen_pc_dist_m": 352.8, "fen_peligro": "Inundación", "fen_nivel": null, "fen_expuesto_2km": true}, "geometry": {"type": "Point", "coordinates": [-77.0131182, -12.0450403]}}, {"type": "Feature", "properties": {"nombre": "FERRETERIA KIARA", "tipo": "Progresol 2.0", "pdv": "0000102514", "direccion": "AV. BETANCURT INTERIOR # 134 A.H . ", "fen_pc_dist_m": 2011.6, "fen_peligro": "Inundación", "fen_nivel": null, "fen_expuesto_2km": false}, "geometry": {"type": "Point", "coordinates": [-77.081254, -11.96153]}}, {"type": "Feature", "properties": {"nombre": "PROGRESOL PABLITO", "tipo": "Progresol 2.0", "pdv": "0000102515", "direccion": "CAL.ESPAÑA MZA. F LOTE. 40 URB SAN ", "fen_pc_dist_m": 2432.7, "fen_peligro": "Inundación", "fen_nivel": null, "fen_expuesto_2km": false}, "geometry": {"type": "Point", "coordinates": [-77.074013, -11.958731]}}, {"type": "Feature", "properties": {"nombre": "PROGRESOL DMC SAN MARTIN", "tipo": "Progresol 2.0", "pdv": "0000102516", "direccion": "AV. A MZA. 159 LOTE. 27 A.H. SAN MARTIN DE PORRES", "fen_pc_dist_m": 2096.1, "fen_peligro": "Inundación", "fen_nivel": null, "fen_expuesto_2km": false}, "geometry": {"type": "Point", "coordinates": [-77.08101, -11.962399]}}, {"type": "Feature", "properties": {"nombre": "FERRETERIA LALITO", "tipo": "Progresol 2.0", "pdv": "0000102519", "direccion": "AV. JOSE SACO ROJAS - PROGRAMA DE V FELIPE", "fen_pc_dist_m": 1401.2, "fen_peligro": "Inundación", "fen_nivel": null, "fen_expuesto_2km": true}, "geometry": {"type": "Point", "coordinates": [-77.031548, -11.8507166]}}, {"type": "Feature", "properties": {"nombre": "PROGRESOL CHECO", "tipo": "Progresol 2.0", "pdv": "0000102522", "direccion": "MZ.B LT.11 ASOCIACION PRO SAN JUAN ALT DEL PARADERO ROSA LUZ PUNTE PIEDRA", "fen_pc_dist_m": 1626.1, "fen_peligro": "Inundación", "fen_nivel": "", "fen_expuesto_2km": true}, "geometry": {"type": "Point", "coordinates": [-77.063088, -11.876607]}}, {"type": "Feature", "properties": {"nombre": "PACHECO MARTINEZ TEOFILO", "tipo": "Progresol 1.0", "pdv": "0000102525", "direccion": "MZ. B LT. 1 ASOC. AMANTES DE LA PAZ ", "fen_pc_dist_m": 9508.6, "fen_peligro": "Inundación", "fen_nivel": "", "fen_expuesto_2km": false}, "geometry": {"type": "Point", "coordinates": [-77.117988, -11.830363]}}, {"type": "Feature", "properties": {"nombre": "FERRETERIA TAURO", "tipo": "Progresol 2.0", "pdv": "0000102528", "direccion": "CALLE PAZ SOLDAN MZ B LT 10 URB AMA ", "fen_pc_dist_m": 1532.6, "fen_peligro": "Inundación", "fen_nivel": "", "fen_expuesto_2km": true}, "geometry": {"type": "Point", "coordinates": [-77.027502, -12.016894]}}, {"type": "Feature", "properties": {"nombre": "FERRETERIA BARATITO", "tipo": "Progresol 2.0", "pdv": "0000102531", "direccion": "AV. SAN JOSE MZ I LT 16 FLORESTA 1 ", "fen_pc_dist_m": 3269.3, "fen_peligro": "Inundación, erosión fluvial", "fen_nivel": "Alto", "fen_expuesto_2km": false}, "geometry": {"type": "Point", "coordinates": [-77.101589, -11.979225]}}, {"type": "Feature", "properties": {"nombre": "AVASOL", "tipo": "Progresol 1.0", "pdv": "0000102536", "direccion": "NRO. K INT. 02 COO. VIV.CAJABAMBA (ENTRE AV. IZAGUIRRE Y AV.UNIVERSITARIA)", "fen_pc_dist_m": 4674.4, "fen_peligro": "Inundación", "fen_nivel": null, "fen_expuesto_2km": false}, "geometry": {"type": "Point", "coordinates": [-77.0842745, -11.9902482]}}, {"type": "Feature", "properties": {"nombre": "RVC", "tipo": "Progresol 1.0", "pdv": "0000102540", "direccion": "AV. SOL DE NARANJAL MZA. C LOTE. 2 URB. CHAVIN I", "fen_pc_dist_m": 2484.3, "fen_peligro": "Inundación", "fen_nivel": null, "fen_expuesto_2km": false}, "geometry": {"type": "Point", "coordinates": [-77.0941154, -11.972012]}}, {"type": "Feature", "properties": {"nombre": "PROGRESOL DIFAMAS", "tipo": "Progresol 2.0", "pdv": "0000102541", "direccion": "AV. GERMAN AGUIRRE NRO. 432 URB. SA (ALT. AV. TOMAS VALLE)", "fen_pc_dist_m": 2482.1, "fen_peligro": "Inundación", "fen_nivel": null, "fen_expuesto_2km": false}, "geometry": {"type": "Point", "coordinates": [-77.070115, -12.012494]}}, {"type": "Feature", "properties": {"nombre": "PROGRESOL ANGELOS", "tipo": "Progresol 2.0", "pdv": "0000102542", "direccion": "MZ B LOTE 12 NAZARETH DE NARANJAL ", "fen_pc_dist_m": 2231.7, "fen_peligro": "Inundación", "fen_nivel": null, "fen_expuesto_2km": false}, "geometry": {"type": "Point", "coordinates": [-77.094437, -11.969761]}}, {"type": "Feature", "properties": {"nombre": "PROGRESOL TORRES", "tipo": "Progresol 2.0", "pdv": "0000102544", "direccion": "AV. LOS DOMINICOS MZ. D LT. 20 ASOC ROSA", "fen_pc_dist_m": 4536.3, "fen_peligro": "Erosión fluvial", "fen_nivel": "Muy alto", "fen_expuesto_2km": false}, "geometry": {"type": "Point", "coordinates": [-77.102878, -11.99889]}}, {"type": "Feature", "properties": {"nombre": "PROGRESOL DISMARO'S", "tipo": "Progresol 2.0", "pdv": "0000102547", "direccion": "AV. FRANCISCO JAVIER DE LUNA PIZARR ", "fen_pc_dist_m": 801.5, "fen_peligro": "Inundación", "fen_nivel": null, "fen_expuesto_2km": true}, "geometry": {"type": "Point", "coordinates": [-77.063482, -12.027887]}}, {"type": "Feature", "properties": {"nombre": "PROGRESOL CASA BLANCA", "tipo": "Progresol 2.0", "pdv": "0000102548", "direccion": "AV. LAS TORRES DE LOS OLIVOS MZ. D ASOC. CASA BLANCA", "fen_pc_dist_m": 808.1, "fen_peligro": "Inundación", "fen_nivel": null, "fen_expuesto_2km": true}, "geometry": {"type": "Point", "coordinates": [-77.091366, -11.955839]}}, {"type": "Feature", "properties": {"nombre": "PROGRESOL CODIMAKT", "tipo": "Progresol 2.0", "pdv": "0000102549", "direccion": "AV. LOS ALISOS MZA. A LOTE. 24 URB. ", "fen_pc_dist_m": 3492.5, "fen_peligro": "Inundación, erosión fluvial", "fen_nivel": "Alto", "fen_expuesto_2km": false}, "geometry": {"type": "Point", "coordinates": [-77.106529, -11.980577]}}, {"type": "Feature", "properties": {"nombre": "PROGRESOL ANDY", "tipo": "Progresol 2.0", "pdv": "0000102550", "direccion": "PROVIVIENDA SANTA LEONORA MZ. B LT. ", "fen_pc_dist_m": 559.7, "fen_peligro": "Inundación, erosión fluvial", "fen_nivel": "Alto", "fen_expuesto_2km": true}, "geometry": {"type": "Point", "coordinates": [-77.098755, -11.954999]}}, {"type": "Feature", "properties": {"nombre": "PROGRESOL ATENCIO", "tipo": "Progresol 2.0", "pdv": "0000102551", "direccion": "AV. PARAMONGA CON SOL DE NARANJAL M URB. RESID. LOS ROSALES", "fen_pc_dist_m": 1865.8, "fen_peligro": "Inundación, erosión fluvial", "fen_nivel": "Alto", "fen_expuesto_2km": true}, "geometry": {"type": "Point", "coordinates": [-77.10436, -11.966066]}}, {"type": "Feature", "properties": {"nombre": "RVC", "tipo": "Progresol 1.0", "pdv": "0000102554", "direccion": "AV. BERTELLO MZA. B LOTE. 06 URB. E ", "fen_pc_dist_m": 2174.6, "fen_peligro": "Inundación", "fen_nivel": null, "fen_expuesto_2km": false}, "geometry": {"type": "Point", "coordinates": [-77.098554, -11.969554]}}, {"type": "Feature", "properties": {"nombre": "DIMACALL S.R.L.", "tipo": "Progresol 1.0", "pdv": "0000102555", "direccion": "AV. AV. ELMER FAUCETT NRO. 328 URB.  MARANGA 5TA ETAPA", "fen_pc_dist_m": 3252.8, "fen_peligro": "Inundación", "fen_nivel": null, "fen_expuesto_2km": false}, "geometry": {"type": "Point", "coordinates": [-77.097686, -12.068911]}}, {"type": "Feature", "properties": {"nombre": "INVERSIONES J&J", "tipo": "Progresol 1.0", "pdv": "0000102556", "direccion": "AV. RIVA AGUERO NRO. 2011 (UNI.SAN MARCOS)", "fen_pc_dist_m": 3032.0, "fen_peligro": "Erosión fluvial", "fen_nivel": "Muy alto", "fen_expuesto_2km": false}, "geometry": {"type": "Point", "coordinates": [-77.082254, -12.064046]}}, {"type": "Feature", "properties": {"nombre": "FERRETERIA JESSICA", "tipo": "Progresol 2.0", "pdv": "0000102567", "direccion": "AV. 24 DE OCTUBRE MZA. 15 LOTE. 14 AA.HH 03 DE OCTUBRE DE VILLA", "fen_pc_dist_m": 10957.7, "fen_peligro": "Inundación, erosión fluvial", "fen_nivel": "Alto", "fen_expuesto_2km": false}, "geometry": {"type": "Point", "coordinates": [-76.980726, -12.198848]}}, {"type": "Feature", "properties": {"nombre": "FERRETERIA POMASONCCO 2", "tipo": "Progresol 2.0", "pdv": "0000102569", "direccion": "MZ. C LT. 22 AA.HH. SAN JOSE DE VIL ", "fen_pc_dist_m": 11167.2, "fen_peligro": "Inundación, erosión fluvial", "fen_nivel": "Alto", "fen_expuesto_2km": false}, "geometry": {"type": "Point", "coordinates": [-76.978129, -12.191162]}}, {"type": "Feature", "properties": {"nombre": "FERRETERIA DANIEL", "tipo": "Progresol 2.0", "pdv": "0000102577", "direccion": "CL. JACARANDA MZ. K 1 LT. 9 URB. JU ", "fen_pc_dist_m": 326.8, "fen_peligro": "Inundación, Erosión fluvial", "fen_nivel": "Alto", "fen_expuesto_2km": true}, "geometry": {"type": "Point", "coordinates": [-76.8964277, -12.2485983]}}, {"type": "Feature", "properties": {"nombre": "FERRETERIA CAYCHO", "tipo": "Progresol 2.0", "pdv": "0000102578", "direccion": "URB. LAS VIRREYNAS MZA B LT 21 ", "fen_pc_dist_m": 2844.7, "fen_peligro": "Inundación", "fen_nivel": null, "fen_expuesto_2km": false}, "geometry": {"type": "Point", "coordinates": [-76.871993, -12.274563]}}, {"type": "Feature", "properties": {"nombre": "FERRETERIA ARROYO", "tipo": "Progresol 2.0", "pdv": "0000102579", "direccion": "ANTIGUA PANAMERICANA SUR KM 32.5 MZ  URB. HUERTOS DE VILLENA", "fen_pc_dist_m": 417.7, "fen_peligro": "Inundación, erosión fluvial", "fen_nivel": "Alto", "fen_expuesto_2km": true}, "geometry": {"type": "Point", "coordinates": [-76.8891296, -12.2562459]}}, {"type": "Feature", "properties": {"nombre": "FERRETERIA AGUIRRE", "tipo": "Progresol 2.0", "pdv": "0000102587", "direccion": "AV. BOLOGNESI LTE 5E QUEBRADA VERDE ", "fen_pc_dist_m": 479.0, "fen_peligro": "Erosión fluvial", "fen_nivel": "Muy Alto", "fen_expuesto_2km": true}, "geometry": {"type": "Point", "coordinates": [-76.8751949, -12.211581]}}, {"type": "Feature", "properties": {"nombre": "FERRETERIA MENDOZA 2", "tipo": "Progresol 2.0", "pdv": "0000102591", "direccion": "AV.MANUEL DEL VALLE MZ C LTE 4B CPR ", "fen_pc_dist_m": 1478.4, "fen_peligro": "Erosión fluvial", "fen_nivel": "Muy Alto", "fen_expuesto_2km": true}, "geometry": {"type": "Point", "coordinates": [-76.8622774, -12.2240179]}}, {"type": "Feature", "properties": {"nombre": "FERRETERIA PALOMOS", "tipo": "Progresol 2.0", "pdv": "0000102593", "direccion": "MZ C1 LT 35 AMPL. SANTA CRUZ ", "fen_pc_dist_m": 479.6, "fen_peligro": "Inundación", "fen_nivel": null, "fen_expuesto_2km": true}, "geometry": {"type": "Point", "coordinates": [-76.8249363, -12.332232]}}, {"type": "Feature", "properties": {"nombre": "FERRETERIA LOS ANGELES", "tipo": "Progresol 2.0", "pdv": "0000102599", "direccion": "JR. BUCKINHAN N° 124 URB. CIUDAD DE ", "fen_pc_dist_m": 12847.5, "fen_peligro": "Inundación", "fen_nivel": null, "fen_expuesto_2km": false}, "geometry": {"type": "Point", "coordinates": [-76.976091, -12.151646]}}, {"type": "Feature", "properties": {"nombre": "FERRETERIA MENDOZA", "tipo": "Progresol 2.0", "pdv": "0000102600", "direccion": "AV. EL TRIUNFO MZA. S LOTE. 2 COO. UMAMARCA", "fen_pc_dist_m": 11896.0, "fen_peligro": "Inundación, erosión fluvial", "fen_nivel": "Alto", "fen_expuesto_2km": false}, "geometry": {"type": "Point", "coordinates": [-76.9773458, -12.1785603]}}, {"type": "Feature", "properties": {"nombre": "FERRETERIA SANCHEZ", "tipo": "Progresol 2.0", "pdv": "0000102603", "direccion": "ASOC. LA RINCONADA MZ. A INT. LOTE ", "fen_pc_dist_m": 11775.7, "fen_peligro": "Inundación", "fen_nivel": null, "fen_expuesto_2km": false}, "geometry": {"type": "Point", "coordinates": [-76.956303, -12.1315]}}, {"type": "Feature", "properties": {"nombre": "HC FERRETERÍA", "tipo": "Progresol 1.0", "pdv": "0000102609", "direccion": "AV. TOMAS MARSANO NRO. 4523 URB. PRLONG BENAVIDES", "fen_pc_dist_m": 11313.0, "fen_peligro": "Inundación", "fen_nivel": null, "fen_expuesto_2km": false}, "geometry": {"type": "Point", "coordinates": [-76.991418, -12.141759]}}, {"type": "Feature", "properties": {"nombre": "LAS HERMANITAS", "tipo": "Progresol 1.0", "pdv": "0000102610", "direccion": "MZA. E LOTE. 9 COO. LA ESPERANZA (MONTERRICO-ALT CDRA 3 PISTA NUEVA)", "fen_pc_dist_m": 11916.0, "fen_peligro": "Inundación", "fen_nivel": null, "fen_expuesto_2km": false}, "geometry": {"type": "Point", "coordinates": [-76.9749678, -12.1422974]}}, {"type": "Feature", "properties": {"nombre": "FERRETERIA KARINA", "tipo": "Progresol 2.0", "pdv": "0000102611", "direccion": "SECT.2 GRUP.23A MZ.H LT.13 AV JUAN ", "fen_pc_dist_m": 7073.6, "fen_peligro": "Inundación, erosión fluvial", "fen_nivel": "Alto", "fen_expuesto_2km": false}, "geometry": {"type": "Point", "coordinates": [-76.947226, -12.212288]}}, {"type": "Feature", "properties": {"nombre": "FERRETERIA DIFERVA", "tipo": "Progresol 2.0", "pdv": "0000102623", "direccion": "AV. REVOLUCION MZ. E LT. 11 SECTOR ", "fen_pc_dist_m": 5830.1, "fen_peligro": "Inundación, erosión fluvial", "fen_nivel": "Alto", "fen_expuesto_2km": false}, "geometry": {"type": "Point", "coordinates": [-76.9356677, -12.2153365]}}, {"type": "Feature", "properties": {"nombre": "FERRETERIA P&R", "tipo": "Progresol 2.0", "pdv": "0000102628", "direccion": "AV. 1RO DE MAYO SECTOR 1 GP. 22 MZ. ", "fen_pc_dist_m": 8799.7, "fen_peligro": "Inundación, erosión fluvial", "fen_nivel": "Alto", "fen_expuesto_2km": false}, "geometry": {"type": "Point", "coordinates": [-76.9557927, -12.1968652]}}, {"type": "Feature", "properties": {"nombre": "FERRETERIA UZURIAGA", "tipo": "Progresol 2.0", "pdv": "0000102635", "direccion": "AV. CESAR VALLEJO SECTOR 6 GP. 13 M ", "fen_pc_dist_m": 6920.1, "fen_peligro": "Inundación, erosión fluvial", "fen_nivel": "Alto", "fen_expuesto_2km": false}, "geometry": {"type": "Point", "coordinates": [-76.9508686, -12.2213813]}}, {"type": "Feature", "properties": {"nombre": "FERRETERIA HUAMAN", "tipo": "Progresol 2.0", "pdv": "0000102636", "direccion": "JUAN VELAZCO SC 2 GR 3 MZ G LT 20 ( ", "fen_pc_dist_m": 6522.2, "fen_peligro": "Inundación, erosión fluvial", "fen_nivel": "Alto", "fen_expuesto_2km": false}, "geometry": {"type": "Point", "coordinates": [-76.936405, -12.2059217]}}, {"type": "Feature", "properties": {"nombre": "FERRETERIA SANTA ROSA 2", "tipo": "Progresol 2.0", "pdv": "0000102637", "direccion": "AV. LIMA PARCELLA 3C GRACIAS C MZ B ", "fen_pc_dist_m": 2477.5, "fen_peligro": "Inundación, erosión fluvial", "fen_nivel": "Alto", "fen_expuesto_2km": false}, "geometry": {"type": "Point", "coordinates": [-76.9114113, -12.2343638]}}, {"type": "Feature", "properties": {"nombre": "FERRETERIA SARITA", "tipo": "Progresol 1.0", "pdv": "0000102650", "direccion": "AV. JOSE CARLOS MARIATEGUI 258 2580 P.J. SAN GABRIEL ALTO (CERCA AL GRIFO)", "fen_pc_dist_m": 11123.2, "fen_peligro": "Inundación, Erosión fluvial", "fen_nivel": "Alto", "fen_expuesto_2km": false}, "geometry": {"type": "Point", "coordinates": [-76.9505537, -12.140436]}}, {"type": "Feature", "properties": {"nombre": "FERRETERIA JANET", "tipo": "Progresol 1.0", "pdv": "0000102651", "direccion": "AV. 26 DE NOVIEMBRE NRO. 2136 P.J. VIRGEN DE LOUDES", "fen_pc_dist_m": 6653.2, "fen_peligro": "Inundación, Erosión fluvial", "fen_nivel": "Alto", "fen_expuesto_2km": false}, "geometry": {"type": "Point", "coordinates": [-76.918771, -12.168682]}}, {"type": "Feature", "properties": {"nombre": "FERRETERIA VIRGEN DEL CARMEN", "tipo": "Progresol 2.0", "pdv": "0000102653", "direccion": "JR. EL CARMEN 216 (REF. CERCA AL BA ", "fen_pc_dist_m": 9935.4, "fen_peligro": "Inundación, Erosión fluvial", "fen_nivel": "Alto", "fen_expuesto_2km": false}, "geometry": {"type": "Point", "coordinates": [-76.9511028, -12.1642264]}}, {"type": "Feature", "properties": {"nombre": "FERRETERIA PARAISO", "tipo": "Progresol 2.0", "pdv": "0000102654", "direccion": "ZONA 01 JOSE CARLOS MARIA MZA. LL L OTE. 1 ASOC LA GRANJA (ALT PARADERO LA", "fen_pc_dist_m": 9367.4, "fen_peligro": "Inundación, Erosión fluvial", "fen_nivel": "Alto", "fen_expuesto_2km": false}, "geometry": {"type": "Point", "coordinates": [-76.93546, -12.146292]}}, {"type": "Feature", "properties": {"nombre": "FERRETERIA PICON", "tipo": "Progresol 2.0", "pdv": "0000102655", "direccion": "AV. LOS INCAS S/N PTO 10 MCD. VIRGE TABLADA DE LURIN - ZONA NUEVA", "fen_pc_dist_m": 6677.3, "fen_peligro": "Erosión fluvial", "fen_nivel": "Muy Alto", "fen_expuesto_2km": false}, "geometry": {"type": "Point", "coordinates": [-76.926017, -12.18114]}}, {"type": "Feature", "properties": {"nombre": "FERRETERIA CARRASCO", "tipo": "Progresol 2.0", "pdv": "0000102657", "direccion": "AV. MANCO CAPAC MZ. 6Q LT. 4 - TABL ", "fen_pc_dist_m": 6433.0, "fen_peligro": "Inundación", "fen_nivel": null, "fen_expuesto_2km": false}, "geometry": {"type": "Point", "coordinates": [-76.926992, -12.190017]}}, {"type": "Feature", "properties": {"nombre": "FERRETERIA EL SOL", "tipo": "Progresol 2.0", "pdv": "0000102658", "direccion": "AV. EL SOL 473 URB. HOGAR POLICIAL ", "fen_pc_dist_m": 9398.6, "fen_peligro": "Inundación, Erosión fluvial", "fen_nivel": "Alto", "fen_expuesto_2km": false}, "geometry": {"type": "Point", "coordinates": [-76.9465012, -12.1660203]}}, {"type": "Feature", "properties": {"nombre": "FERRETERIA CARRASCO URETA", "tipo": "Progresol 2.0", "pdv": "0000102660", "direccion": "JR. GENERAL VIDAL 336A AA.HH. TABLA ", "fen_pc_dist_m": 5955.7, "fen_peligro": "Inundación", "fen_nivel": null, "fen_expuesto_2km": false}, "geometry": {"type": "Point", "coordinates": [-76.9263291, -12.1996566]}}, {"type": "Feature", "properties": {"nombre": "FERRETERIA SARAVIA", "tipo": "Progresol 2.0", "pdv": "0000102664", "direccion": "AV. LA UNION MZ. 3C LT. 12 TABLADA ", "fen_pc_dist_m": 5880.1, "fen_peligro": "Inundación", "fen_nivel": null, "fen_expuesto_2km": false}, "geometry": {"type": "Point", "coordinates": [-76.9261929, -12.2009695]}}, {"type": "Feature", "properties": {"nombre": "FERRETERIA SILVA", "tipo": "Progresol 2.0", "pdv": "0000102673", "direccion": "MCDO. CARLOS MORA NRO. S/N (TIENDA 18-FRENTE FERRETERIA TECNISERVI", "fen_pc_dist_m": 2928.6, "fen_peligro": "", "fen_nivel": "", "fen_expuesto_2km": false}, "geometry": {"type": "Point", "coordinates": [-77.2010421752929, -11.4935121536254]}}, {"type": "Feature", "properties": {"nombre": "FERRETERIA RIO SANTA", "tipo": "Progresol 2.0", "pdv": "0000102674", "direccion": "PROLG. ESTACION S/N LT.11 FUNDO JES ", "fen_pc_dist_m": 4099.5, "fen_peligro": "Inundación", "fen_nivel": "", "fen_expuesto_2km": false}, "geometry": {"type": "Point", "coordinates": [-77.2145080566406, -11.4979810714721]}}, {"type": "Feature", "properties": {"nombre": "FERRETERIA SANTA ROSA", "tipo": "Progresol 1.0", "pdv": "0000102686", "direccion": "MZA. J LOTE. 27 A.H. BENJAMIN DOIG LOSSIO", "fen_pc_dist_m": 2534.0, "fen_peligro": "Inundación", "fen_nivel": "", "fen_expuesto_2km": false}, "geometry": {"type": "Point", "coordinates": [-76.7526566, -12.4731665]}}, {"type": "Feature", "properties": {"nombre": "MOLICAP", "tipo": "Progresol 1.0", "pdv": "0000102695", "direccion": "AV. UNION MZA. 04 LOTE. 1 (FRENTE COLEG BELEN STA MARIA-LOS ALAMOS)", "fen_pc_dist_m": 2238.1, "fen_peligro": "Inundación", "fen_nivel": "", "fen_expuesto_2km": false}, "geometry": {"type": "Point", "coordinates": [-76.139842, -13.402801]}}, {"type": "Feature", "properties": {"nombre": "FERRETERIA EL ANGEL", "tipo": "Progresol 2.0", "pdv": "0000102698", "direccion": "HACENTAMIENTO HUMANO EL SALVADOR MZ ", "fen_pc_dist_m": 3317.8, "fen_peligro": "Inundación", "fen_nivel": "", "fen_expuesto_2km": false}, "geometry": {"type": "Point", "coordinates": [-76.14499, -13.394476]}}, {"type": "Feature", "properties": {"nombre": "HUAMANI VALENCIA DE LOURDES", "tipo": "Progresol 2.0", "pdv": "0000102718", "direccion": "CP EL HUARANGAL MZ D LT27 ", "fen_pc_dist_m": 1690.6, "fen_peligro": "Inundación", "fen_nivel": "", "fen_expuesto_2km": true}, "geometry": {"type": "Point", "coordinates": [-75.702701, -14.092635]}}, {"type": "Feature", "properties": {"nombre": "A&G FORTALEZA", "tipo": "Progresol 1.0", "pdv": "0000102721", "direccion": "CAL. AUGUSTO B. LEGUIA NRO. 134 ", "fen_pc_dist_m": 1073.4, "fen_peligro": "Inundación, flujo de detritos, erosión", "fen_nivel": null, "fen_expuesto_2km": true}, "geometry": {"type": "Point", "coordinates": [-76.205287, -13.714711]}}, {"type": "Feature", "properties": {"nombre": "MATERIALES DE CONSTRUCCION SR DE CACHUY", "tipo": "Progresol 1.0", "pdv": "0000102722", "direccion": "AV. ARENALES NRO. MZ H INT. LT 9 UR B. EL CARMEN", "fen_pc_dist_m": 5641.0, "fen_peligro": "", "fen_nivel": "Medio", "fen_expuesto_2km": false}, "geometry": {"type": "Point", "coordinates": [-75.74381, -13.7147226]}}, {"type": "Feature", "properties": {"nombre": "FORTE CONCRETOS", "tipo": "Progresol 1.0", "pdv": "0000102723", "direccion": "AV. PARAISO NRO. 01 (FRENTE HOSTAL OTRO SITIO-ENTRADA L.LARGO)", "fen_pc_dist_m": 3676.8, "fen_peligro": "Inundación", "fen_nivel": "", "fen_expuesto_2km": false}, "geometry": {"type": "Point", "coordinates": [-76.156588, -13.399963]}}, {"type": "Feature", "properties": {"nombre": "JESUS MARTINEZ", "tipo": "Progresol 1.0", "pdv": "0000102724", "direccion": "MZA. E LOTE. 71A URB. VALLE ESMERALDA (COST. GRIFO PRIMAVERA-SUB LOT", "fen_pc_dist_m": 1519.5, "fen_peligro": "Inundación, Erosión fluvial", "fen_nivel": "Muy Alto", "fen_expuesto_2km": true}, "geometry": {"type": "Point", "coordinates": [-75.713836, -14.128972]}}, {"type": "Feature", "properties": {"nombre": "FERRETERIA CAPELLAN", "tipo": "Progresol 2.0", "pdv": "0000102729", "direccion": "NUVO CAÑETE ZONA .A MZ.K LT 14 ", "fen_pc_dist_m": 10238.6, "fen_peligro": "Inundación", "fen_nivel": "", "fen_expuesto_2km": false}, "geometry": {"type": "Point", "coordinates": [-76.2809075, -13.2534893]}}, {"type": "Feature", "properties": {"nombre": "FERRETERIA ALFA", "tipo": "Progresol 1.0", "pdv": "0000102745", "direccion": "AV. SAN MARTIN NRO. 772 URB. SANTA CLARA", "fen_pc_dist_m": 801.0, "fen_peligro": "Inundación", "fen_nivel": "", "fen_expuesto_2km": true}, "geometry": {"type": "Point", "coordinates": [-76.885956, -12.018903]}}, {"type": "Feature", "properties": {"nombre": "FERRETERIA GUTIERREZ", "tipo": "Progresol 2.0", "pdv": "0000102780", "direccion": "MZ D . LT 25 SAN REMO III ", "fen_pc_dist_m": 4683.7, "fen_peligro": "Inundación, erosión fluvial", "fen_nivel": "Alto", "fen_expuesto_2km": false}, "geometry": {"type": "Point", "coordinates": [-77.113771, -11.990216]}}, {"type": "Feature", "properties": {"nombre": "FERRETERIA ARCO IRIS", "tipo": "Progresol 2.0", "pdv": "0000102781", "direccion": "AA.HH VILLA UNION MZ.B LT.1 ", "fen_pc_dist_m": 11571.6, "fen_peligro": "Inundación, Erosión fluvial", "fen_nivel": "Alto", "fen_expuesto_2km": false}, "geometry": {"type": "Point", "coordinates": [-76.955265, -12.140641]}}, {"type": "Feature", "properties": {"nombre": "FERRETERIA CARRASCO FLORES", "tipo": "Progresol 2.0", "pdv": "0000102784", "direccion": "AV. AGRICULTURA 851 JOSE GALVEZ ", "fen_pc_dist_m": 3541.3, "fen_peligro": "Inundación", "fen_nivel": null, "fen_expuesto_2km": false}, "geometry": {"type": "Point", "coordinates": [-76.907152, -12.210907]}}, {"type": "Feature", "properties": {"nombre": "FERRETERIA PUMAHUIRI", "tipo": "Progresol 2.0", "pdv": "0000102791", "direccion": "MZ.F1 LT.18 AA.HH 7 DE JUNIO PAMPLO ", "fen_pc_dist_m": 11312.6, "fen_peligro": "Inundación", "fen_nivel": null, "fen_expuesto_2km": false}, "geometry": {"type": "Point", "coordinates": [-76.959805, -12.128729]}}, {"type": "Feature", "properties": {"nombre": "FERRETERIA R.I.O.", "tipo": "Progresol 2.0", "pdv": "0000102792", "direccion": "MZA. F1 LOTE. 06A2 A.H. LOS HUERTOS ", "fen_pc_dist_m": 5715.1, "fen_peligro": "Inundación", "fen_nivel": "", "fen_expuesto_2km": false}, "geometry": {"type": "Point", "coordinates": [-76.8735377, -12.1092412]}}, {"type": "Feature", "properties": {"nombre": "FERRETERIA FARFAN 2", "tipo": "Progresol 2.0", "pdv": "0000102794", "direccion": "JR. MARTE MZA. 05 LOTE. 46 ASOC VIL LA AV.TUPAC AMARU)", "fen_pc_dist_m": 3404.7, "fen_peligro": "Inundación, erosión fluvial", "fen_nivel": "Muy alto", "fen_expuesto_2km": false}, "geometry": {"type": "Point", "coordinates": [-77.0413323, -11.923353]}}, {"type": "Feature", "properties": {"nombre": "FERRETERIA FERRECASA", "tipo": "Progresol 2.0", "pdv": "0000102795", "direccion": "MZA. B LOTE. 2 ASOC.RES.LAS VEGAS E HUAMANTANGA)", "fen_pc_dist_m": 3520.5, "fen_peligro": "Inundación", "fen_nivel": "", "fen_expuesto_2km": false}, "geometry": {"type": "Point", "coordinates": [-77.070357, -11.860283]}}, {"type": "Feature", "properties": {"nombre": "PROGRESOL SANTA MARIA", "tipo": "Progresol 2.0", "pdv": "0000102798", "direccion": "ASOCIACION. VIV. DE SANTA MARIA MZ. ", "fen_pc_dist_m": 3826.4, "fen_peligro": "Inundación", "fen_nivel": "", "fen_expuesto_2km": false}, "geometry": {"type": "Point", "coordinates": [-77.069057, -11.856243]}}, {"type": "Feature", "properties": {"nombre": "FERRETERIA LESCANO", "tipo": "Progresol 2.0", "pdv": "0000102799", "direccion": "JR. SUSPIROS N° 497 ", "fen_pc_dist_m": 1832.7, "fen_peligro": "Erosión fluvial", "fen_nivel": "Muy Alto", "fen_expuesto_2km": true}, "geometry": {"type": "Point", "coordinates": [-76.8600387573242, -12.2268323898315]}}, {"type": "Feature", "properties": {"nombre": "VALERY", "tipo": "Progresol 1.0", "pdv": "0000102806", "direccion": "AV. LIMA SUR NRO. S/N CHOSICA (LT A2-1 A1-9)", "fen_pc_dist_m": 178.1, "fen_peligro": "Inundación", "fen_nivel": " ", "fen_expuesto_2km": true}, "geometry": {"type": "Point", "coordinates": [-76.7077825, -11.9434106]}}, {"type": "Feature", "properties": {"nombre": "GRUPO GILMAR", "tipo": "Progresol 1.0", "pdv": "0000102807", "direccion": "SECTOR PARIACHI MZA. I LOTE. 1 ASOC. FHILADELFIA DE ATE", "fen_pc_dist_m": 595.6, "fen_peligro": "Inundación", "fen_nivel": null, "fen_expuesto_2km": true}, "geometry": {"type": "Point", "coordinates": [-76.83361, -11.997057]}}, {"type": "Feature", "properties": {"nombre": "FERRETERIA VILLANUEVA", "tipo": "Progresol 2.0", "pdv": "0000102813", "direccion": "SECTOR 10 GRUPO 1 MZ A LOTE 11, OAS ", "fen_pc_dist_m": 3644.9, "fen_peligro": "Inundación, Erosión fluvial", "fen_nivel": "Alto", "fen_expuesto_2km": false}, "geometry": {"type": "Point", "coordinates": [-76.926569, -12.242418]}}, {"type": "Feature", "properties": {"nombre": "FERRETERIA CORPORACION GIL", "tipo": "Progresol 1.0", "pdv": "0000102834", "direccion": "CAL.LOS TACONES NRO. 240 URB. VILLA JARDIN (ESTACION VILLA MARIA DEL", "fen_pc_dist_m": 2945.2, "fen_peligro": "Inundación, erosión fluvial", "fen_nivel": "Alto", "fen_expuesto_2km": false}, "geometry": {"type": "Point", "coordinates": [-76.9109904, -12.2263783]}}, {"type": "Feature", "properties": {"nombre": "FERRETERIA MELECIO", "tipo": "Progresol 1.0", "pdv": "0000102844", "direccion": "AV. RAFAEL CHANGA MZA. I LOTE. 18 ", "fen_pc_dist_m": 4246.0, "fen_peligro": "Inundación", "fen_nivel": "", "fen_expuesto_2km": false}, "geometry": {"type": "Point", "coordinates": [-77.711813, -10.800511]}}, {"type": "Feature", "properties": {"nombre": "FERRETERIA INCA", "tipo": "Progresol 2.0", "pdv": "0000102850", "direccion": "MZA. D LOTE. 3-B URB. SA AMPLIACION (ALT.PARAD.20 DE AV.PROCERES DE LA IND)", "fen_pc_dist_m": 867.2, "fen_peligro": "Inundación", "fen_nivel": "", "fen_expuesto_2km": true}, "geometry": {"type": "Point", "coordinates": [-77.0110447, -11.9899917]}}, {"type": "Feature", "properties": {"nombre": "PROGRESOL CUVA", "tipo": "Progresol 1.0", "pdv": "0000102854", "direccion": "JR. LIMA NRO. 345 (PORTON AZUL) ", "fen_pc_dist_m": 2332.1, "fen_peligro": "Inundación", "fen_nivel": "", "fen_expuesto_2km": false}, "geometry": {"type": "Point", "coordinates": [-76.126513, -13.399751]}}, {"type": "Feature", "properties": {"nombre": "FERRETERIA MELANY", "tipo": "Progresol 1.0", "pdv": "0000102855", "direccion": "MZA. F LOTE. 11A A.H. LOS ANGELES (A 1 CUADRA DE COLEGIO FE Y ALEGRIA)", "fen_pc_dist_m": 3230.9, "fen_peligro": "Inundación", "fen_nivel": "", "fen_expuesto_2km": false}, "geometry": {"type": "Point", "coordinates": [-76.141604, -13.393722]}}, {"type": "Feature", "properties": {"nombre": "MYA INVERSIONES", "tipo": "Progresol 1.0", "pdv": "0000102857", "direccion": "AV. SAN MARTIN NRO. A-03 ", "fen_pc_dist_m": 3796.8, "fen_peligro": "Inundación", "fen_nivel": "", "fen_expuesto_2km": false}, "geometry": {"type": "Point", "coordinates": [-76.155376, -13.396956]}}, {"type": "Feature", "properties": {"nombre": "NEGOCIACIONES INDOAMERICA  S.A.C ", "tipo": "Progresol 1.0", "pdv": "0000102860", "direccion": "CAL. 29 DE JULIO NRO. 106 ", "fen_pc_dist_m": 1191.8, "fen_peligro": "Inundación", "fen_nivel": "", "fen_expuesto_2km": true}, "geometry": {"type": "Point", "coordinates": [-76.151672, -13.679007]}}, {"type": "Feature", "properties": {"nombre": "MULTISERVICIOS MARTHA", "tipo": "Progresol 1.0", "pdv": "0000102861", "direccion": "MZA. P LOTE. 11 A.H. SANTA CRUZ (COSTADO EMPACADORA HUAMANI 4 CASAS)", "fen_pc_dist_m": 13635.9, "fen_peligro": "Inundación, flujo de detritos, erosión", "fen_nivel": null, "fen_expuesto_2km": false}, "geometry": {"type": "Point", "coordinates": [-76.1398922, -13.8336831]}}, {"type": "Feature", "properties": {"nombre": "FERRETERIA PERU CONSTRUCTOR DEL SUR", "tipo": "Progresol 1.0", "pdv": "0000102865", "direccion": "OTR.ANEXO LA HUACA NRO. S/N  LOSSIO PREDIO RUSTICO EL PINO ANEXO LA HUACA", "fen_pc_dist_m": 218.1, "fen_peligro": "", "fen_nivel": "", "fen_expuesto_2km": true}, "geometry": {"type": "Point", "coordinates": [-76.545308, -12.526277]}}, {"type": "Feature", "properties": {"nombre": "GRUPO REGIONAL S.A.C", "tipo": "Progresol 1.0", "pdv": "0000102915", "direccion": "AV. RAMON CASTILLA NRO. S.N. (NRO 537-FRTE AL MERCADO DE FRUTAS)", "fen_pc_dist_m": 1044.5, "fen_peligro": "Inundación", "fen_nivel": " ", "fen_expuesto_2km": true}, "geometry": {"type": "Point", "coordinates": [-77.807268, -9.045967]}}, {"type": "Feature", "properties": {"nombre": "EMPRESA", "tipo": "Ferreterías Prov.", "pdv": "0000103291", "direccion": "AV. HUANCAVELICA NRO. 512 URB. PUZO (ENTRE JR. CASTILLA Y AV. HUANCAVELICA)", "fen_pc_dist_m": 1999.0, "fen_peligro": "Inundación, erosión", "fen_nivel": "Muy alto", "fen_expuesto_2km": true}, "geometry": {"type": "Point", "coordinates": [-75.208013, -12.084517]}}, {"type": "Feature", "properties": {"nombre": "BMC CONSTRUCCIONES", "tipo": "Progresol 1.0", "pdv": "0000103397", "direccion": "AV. AGUSTIN DE LA ROSA TORO 467 URB. LA VIÑA", "fen_pc_dist_m": 4072.0, "fen_peligro": "Inundación", "fen_nivel": null, "fen_expuesto_2km": false}, "geometry": {"type": "Point", "coordinates": [-76.996719, -12.074462]}}, {"type": "Feature", "properties": {"nombre": "Ferreteria Mathias", "tipo": "Progresol 1.0", "pdv": "0000104160", "direccion": "JR. 1° MAYO MZA \"B\" LOTE 12 NOCHETO ", "fen_pc_dist_m": 2340.3, "fen_peligro": "Erosión fluvial", "fen_nivel": "Muy alto", "fen_expuesto_2km": false}, "geometry": {"type": "Point", "coordinates": [-76.9820086, -12.0470812]}}, {"type": "Feature", "properties": {"nombre": "GRUPO MACKRE", "tipo": "Progresol 1.0", "pdv": "0000104221", "direccion": "AV. LOS INCAS LOTE 3 (500M ANTES DE COMISARIA)", "fen_pc_dist_m": 723.6, "fen_peligro": "Inundación, erosión fluvial", "fen_nivel": "Alto", "fen_expuesto_2km": true}, "geometry": {"type": "Point", "coordinates": [-73.6780696, -13.533089]}}, {"type": "Feature", "properties": {"nombre": "CONSORCIO DAPOL", "tipo": "Progresol 1.0", "pdv": "0000104222", "direccion": "JR. AYACUCHO NRO. 285 ", "fen_pc_dist_m": 72.9, "fen_peligro": "Inundación", "fen_nivel": "", "fen_expuesto_2km": true}, "geometry": {"type": "Point", "coordinates": [-74.13074, -14.696758]}}, {"type": "Feature", "properties": {"nombre": "DON FERRO SAC", "tipo": "Progresol 1.0", "pdv": "0000104226", "direccion": "CAL ALAMEDA MZA. D LOTE 14 URB. ALAMEDA DE EL PINAR 3ERA ETAPA", "fen_pc_dist_m": 530.5, "fen_peligro": "Inundación, erosión fluvial", "fen_nivel": "Muy alto", "fen_expuesto_2km": true}, "geometry": {"type": "Point", "coordinates": [-77.0603914, -11.9043432]}}, {"type": "Feature", "properties": {"nombre": "FERRETERIA PERLAVILLO", "tipo": "Progresol 1.0", "pdv": "0000104227", "direccion": "AV. ALFREDO MENDIOLA NRO. 6821 DPTO. Q INT. 503 C.H. DE LOS OLIVOS", "fen_pc_dist_m": 2375.6, "fen_peligro": "Inundación, flujo de detritos", "fen_nivel": "Muy alto", "fen_expuesto_2km": false}, "geometry": {"type": "Point", "coordinates": [-77.2584752, -11.594046]}}, {"type": "Feature", "properties": {"nombre": "FERRETERIA CEYCOR", "tipo": "Progresol 1.0", "pdv": "0000104228", "direccion": "JR. EL BOSQUE LOTE. 03 PALTACC ", "fen_pc_dist_m": 978.1, "fen_peligro": "Inundación", "fen_nivel": "", "fen_expuesto_2km": true}, "geometry": {"type": "Point", "coordinates": [-73.4051494, -13.6638938]}}, {"type": "Feature", "properties": {"nombre": "M&E SERVICE", "tipo": "Progresol 1.0", "pdv": "0000104230", "direccion": "MZA. Z1 LOTE. 5A A.H. JOSEFINA RAMOS VDA DE GONZALES PRADA", "fen_pc_dist_m": 2699.4, "fen_peligro": "Inundación, erosión fluvial", "fen_nivel": "Alto", "fen_expuesto_2km": false}, "geometry": {"type": "Point", "coordinates": [-76.3532824, -13.0572696]}}, {"type": "Feature", "properties": {"nombre": "PROGRESOL GABRIEL", "tipo": "Progresol 1.0", "pdv": "0000104232", "direccion": "MZA. B LOTE. 09 URB. RESID PARACAS ", "fen_pc_dist_m": 896.1, "fen_peligro": "Inundación", "fen_nivel": "", "fen_expuesto_2km": true}, "geometry": {"type": "Point", "coordinates": [-76.15346, -13.681044]}}, {"type": "Feature", "properties": {"nombre": "DISTRIBUIDORA PIEDRON E.I.R.L.", "tipo": "Progresol 1.0", "pdv": "0000104233", "direccion": "AV. ANDRES YARES MZA. N LOTE. 3 ", "fen_pc_dist_m": 9594.3, "fen_peligro": "Inundación", "fen_nivel": "", "fen_expuesto_2km": false}, "geometry": {"type": "Point", "coordinates": [-77.6518159, -10.9354317]}}, {"type": "Feature", "properties": {"nombre": "CASSOLI PISCO", "tipo": "Progresol 1.0", "pdv": "0000104234", "direccion": "CAL. BEATITA DE HUMAY 801 ", "fen_pc_dist_m": 959.0, "fen_peligro": "Inundación, flujo de detritos, erosión", "fen_nivel": null, "fen_expuesto_2km": true}, "geometry": {"type": "Point", "coordinates": [-76.205983, -13.716548]}}, {"type": "Feature", "properties": {"nombre": "FERRETERIA SANTA ANA", "tipo": "Progresol 1.0", "pdv": "0000104235", "direccion": "AV. PANAMERICANA MZA. LL LOTE. 03 ", "fen_pc_dist_m": 812.6, "fen_peligro": "Inundación", "fen_nivel": "", "fen_expuesto_2km": true}, "geometry": {"type": "Point", "coordinates": [-72.894673, -13.636311]}}, {"type": "Feature", "properties": {"nombre": "INDUSFERR", "tipo": "Progresol 1.0", "pdv": "0000104236", "direccion": "AV. ALAMEDA LOS PINOS MZA. N1 LOTE. 17 URB. VILLA MARINA", "fen_pc_dist_m": 4874.4, "fen_peligro": "Inundación", "fen_nivel": null, "fen_expuesto_2km": false}, "geometry": {"type": "Point", "coordinates": [-76.8598019, -12.2898936]}}, {"type": "Feature", "properties": {"nombre": "INVERSIONES ORISON S.A.C", "tipo": "Progresol 1.0", "pdv": "0000104241", "direccion": "AV. 200 MILLAS MZA. S5 LOTE. 5 PACH (SECTOR D2)", "fen_pc_dist_m": 11466.1, "fen_peligro": "Inundación", "fen_nivel": "", "fen_expuesto_2km": false}, "geometry": {"type": "Point", "coordinates": [-77.1486076, -11.8357197]}}, {"type": "Feature", "properties": {"nombre": "ACOFREDI S.A.C.", "tipo": "Progresol 1.0", "pdv": "0000104245", "direccion": "AV. ALFREDO MENDIOLA MZA. E LOTE. 1 URB. REFORMA AGRARIA", "fen_pc_dist_m": 1378.0, "fen_peligro": "Inundación", "fen_nivel": null, "fen_expuesto_2km": true}, "geometry": {"type": "Point", "coordinates": [-77.0719388, -11.9419566]}}, {"type": "Feature", "properties": {"nombre": "HURTADO LINO ANDRES SAUL", "tipo": "Progresol 1.0", "pdv": "0000104247", "direccion": "AV. PACASMAYO MZA. A LOTE 01 PV EL ", "fen_pc_dist_m": 2745.2, "fen_peligro": "Inundación, erosión fluvial", "fen_nivel": "Alto", "fen_expuesto_2km": false}, "geometry": {"type": "Point", "coordinates": [-77.103869, -11.974117]}}, {"type": "Feature", "properties": {"nombre": "FERRETERIA EMMANUEL S.A.C.", "tipo": "Progresol 1.0", "pdv": "0000104250", "direccion": "AV. ANTUNEZ DE MAYOLO N 2141 ASC. LOS LIBERTADORES (A MEDIA CDRA.", "fen_pc_dist_m": 4174.3, "fen_peligro": "Inundación", "fen_nivel": null, "fen_expuesto_2km": false}, "geometry": {"type": "Point", "coordinates": [-77.090175, -11.99966]}}, {"type": "Feature", "properties": {"nombre": "GRUPO MATCENTER S.A.C.", "tipo": "Progresol 1.0", "pdv": "0000104252", "direccion": "AV. MIGUEL ANGEL NRO. 557 URB. CENTRO COMERCIAL FIORI", "fen_pc_dist_m": 2720.4, "fen_peligro": "Inundación", "fen_nivel": null, "fen_expuesto_2km": false}, "geometry": {"type": "Point", "coordinates": [-77.059711, -12.010945]}}, {"type": "Feature", "properties": {"nombre": "CORPORACION ALROFER E.I.R.L", "tipo": "Progresol 1.0", "pdv": "0000104253", "direccion": "AV. ZARUMILLA NO. 785 ", "fen_pc_dist_m": 385.5, "fen_peligro": "Inundación", "fen_nivel": null, "fen_expuesto_2km": true}, "geometry": {"type": "Point", "coordinates": [-77.052275, -12.03413]}}, {"type": "Feature", "properties": {"nombre": "LUNA CARRASCO LUCY", "tipo": "Progresol 1.0", "pdv": "0000104267", "direccion": "AV. LEONCIO PRADO MZA. B LOTE 16 ZAPALLAL (ALT. POSTA ZAPALLAL)", "fen_pc_dist_m": 8083.6, "fen_peligro": "Inundación", "fen_nivel": "", "fen_expuesto_2km": false}, "geometry": {"type": "Point", "coordinates": [-77.107391, -11.837972]}}, {"type": "Feature", "properties": {"nombre": "MULTISERVICIOS VELCAR E.I.R.L.", "tipo": "Progresol 1.0", "pdv": "0000104269", "direccion": "MZA. E LOTE 9 A.H. LOS JERANIOS (ALT. KM. 35.5 PAN. NORTE CRUCE VENTANI)", "fen_pc_dist_m": 8487.4, "fen_peligro": "Inundación", "fen_nivel": "", "fen_expuesto_2km": false}, "geometry": {"type": "Point", "coordinates": [-77.104159, -11.829633]}}, {"type": "Feature", "properties": {"nombre": "INVERSIONES ORISON S.A.C", "tipo": "Progresol 1.0", "pdv": "0000104273", "direccion": "CAL.17 MZA. T2 LOTE. 5 A.H. GRUPO RESIDENCIAL D1", "fen_pc_dist_m": 11747.4, "fen_peligro": "Inundación", "fen_nivel": "", "fen_expuesto_2km": false}, "geometry": {"type": "Point", "coordinates": [-77.1496246, -11.8333224]}}, {"type": "Feature", "properties": {"nombre": "CONSORCIO LUNA SAC", "tipo": "Progresol 1.0", "pdv": "0000104274", "direccion": "AV. TRUJILLO MZA. I18 LOTE. 03 C.P. NUESTRA SEÑORA DE LAS MERCEDES", "fen_pc_dist_m": 8759.4, "fen_peligro": "Inundación", "fen_nivel": null, "fen_expuesto_2km": false}, "geometry": {"type": "Point", "coordinates": [-77.128188, -11.853753]}}, {"type": "Feature", "properties": {"nombre": "FERRETERIA DIMACO", "tipo": "Progresol 1.0", "pdv": "0000104278", "direccion": "MZA. CPRI LOTE. 8 ASOC. DE VIV STA ROSA", "fen_pc_dist_m": 6632.9, "fen_peligro": "Inundación", "fen_nivel": null, "fen_expuesto_2km": false}, "geometry": {"type": "Point", "coordinates": [-77.113957, -11.867223]}}, {"type": "Feature", "properties": {"nombre": "GRUPO PAOLA S.A.C.", "tipo": "Progresol 1.0", "pdv": "0000104285", "direccion": "JR. AUGUSTO B LEGUIA NRO. 295 ", "fen_pc_dist_m": 736.5, "fen_peligro": "Inundación, Erosión fluvial", "fen_nivel": "Alto", "fen_expuesto_2km": true}, "geometry": {"type": "Point", "coordinates": [-77.529382, -9.525009]}}, {"type": "Feature", "properties": {"nombre": "INVERSIONES SAN CRISTOBAL", "tipo": "Progresol 1.0", "pdv": "0000104291", "direccion": "OTR.SCT. JESUS DEL VALLE LOTE. 11 HAC. JESUS DEL VALLE", "fen_pc_dist_m": 1918.9, "fen_peligro": "Inundación, flujo de detritos", "fen_nivel": "Muy alto", "fen_expuesto_2km": true}, "geometry": {"type": "Point", "coordinates": [-77.1992447, -11.5117467]}}, {"type": "Feature", "properties": {"nombre": "DISTRIBUIDORA CONFEPER E.I.R.L.", "tipo": "Progresol 1.0", "pdv": "0000104292", "direccion": "AV. SAN MARTIN MZA. A6 LOTE. 29 P.J. PERALVILLO", "fen_pc_dist_m": 2957.9, "fen_peligro": "Inundación, flujo de detritos", "fen_nivel": "Muy alto", "fen_expuesto_2km": false}, "geometry": {"type": "Point", "coordinates": [-77.262352, -11.590243]}}, {"type": "Feature", "properties": {"nombre": "FERRETERIA PALMA", "tipo": "Progresol 1.0", "pdv": "0000104293", "direccion": "AV. VICTOR RAMIREZ HORNA ANDAHUASI MZA. A LOTE. 02", "fen_pc_dist_m": 1572.2, "fen_peligro": "Inundación", "fen_nivel": "", "fen_expuesto_2km": true}, "geometry": {"type": "Point", "coordinates": [-77.2464513, -11.145422]}}, {"type": "Feature", "properties": {"nombre": "GRUPO ROKASA", "tipo": "Progresol 1.0", "pdv": "0000104297", "direccion": "AV. FRANCISCO VIDAL NRO. 1027 (ULTIMA CUADRA DE FCO VIDAL)", "fen_pc_dist_m": 4461.1, "fen_peligro": "Inundación", "fen_nivel": "", "fen_expuesto_2km": false}, "geometry": {"type": "Point", "coordinates": [-77.7106522, -10.797964]}}, {"type": "Feature", "properties": {"nombre": "FERRETERIA MELECIO", "tipo": "Progresol 1.0", "pdv": "0000104299", "direccion": "AV. FRANCISCO VIDAL NRO. 1027 (ULTIMA CUADRA DE FCO VIDAL)", "fen_pc_dist_m": 4746.9, "fen_peligro": "Inundación", "fen_nivel": "", "fen_expuesto_2km": false}, "geometry": {"type": "Point", "coordinates": [-77.714176, -10.796612]}}, {"type": "Feature", "properties": {"nombre": "LUZ INFINITA", "tipo": "Progresol 1.0", "pdv": "0000104302", "direccion": "MZA. G LOTE. 6A2 C.P. 9 DE OCTUBRE ", "fen_pc_dist_m": 3156.3, "fen_peligro": "Inundación", "fen_nivel": "", "fen_expuesto_2km": false}, "geometry": {"type": "Point", "coordinates": [-77.4132217, -11.21727]}}, {"type": "Feature", "properties": {"nombre": "FERRETERIA DOMIGUEZ", "tipo": "Progresol 1.0", "pdv": "0000104306", "direccion": "JR.JUNIN MZ.I LT.25 A.H.RAMON CASTILLA", "fen_pc_dist_m": 2662.9, "fen_peligro": "Inundación", "fen_nivel": null, "fen_expuesto_2km": false}, "geometry": {"type": "Point", "coordinates": [-77.1233654, -12.0423979]}}, {"type": "Feature", "properties": {"nombre": "OSWALDO PORRAS CARHUAVILCA E.I.R.L.", "tipo": "Progresol 1.0", "pdv": "0000104310", "direccion": "JR. GRAL FELIPE VARELA NRO. 1918 ", "fen_pc_dist_m": 3192.9, "fen_peligro": "Inundación", "fen_nivel": null, "fen_expuesto_2km": false}, "geometry": {"type": "Point", "coordinates": [-77.052458, -12.066713]}}, {"type": "Feature", "properties": {"nombre": "FERRETERIA MAESTRO", "tipo": "Progresol 1.0", "pdv": "0000104316", "direccion": "AV. 2 MZA. E2 LOTE 61 URB. SAN ANTO ", "fen_pc_dist_m": 575.2, "fen_peligro": "", "fen_nivel": "", "fen_expuesto_2km": true}, "geometry": {"type": "Point", "coordinates": [-76.8744632, -12.0029828]}}, {"type": "Feature", "properties": {"nombre": "FERRETERIA BAHIR", "tipo": "Progresol 1.0", "pdv": "0000104320", "direccion": "PROLONGACION AV HUAROCHIRI MZ. A LT. 04 LAS MALVINAS", "fen_pc_dist_m": 699.1, "fen_peligro": "Erosión fluvial", "fen_nivel": "Muy alto", "fen_expuesto_2km": true}, "geometry": {"type": "Point", "coordinates": [-76.9600549, -12.0294735]}}, {"type": "Feature", "properties": {"nombre": "FERRETERIA IZAN", "tipo": "Progresol 1.0", "pdv": "0000104322", "direccion": "AV. BENAVIDES NRO. 101 (FRENTE A GRIFO)", "fen_pc_dist_m": 1204.2, "fen_peligro": "Inundación", "fen_nivel": "", "fen_expuesto_2km": true}, "geometry": {"type": "Point", "coordinates": [-76.129499, -13.409639]}}, {"type": "Feature", "properties": {"nombre": "SR. DE CACHUY", "tipo": "Progresol 1.0", "pdv": "0000104323", "direccion": "AV. PANAMERICANA SUR NRO. 240 (AL LADO DE HOTEL IMPERIO-PORTONAZUL2P)", "fen_pc_dist_m": 821.0, "fen_peligro": "Inundación", "fen_nivel": "", "fen_expuesto_2km": true}, "geometry": {"type": "Point", "coordinates": [-76.1375, -13.420195]}}, {"type": "Feature", "properties": {"nombre": "FERRETERIA FERP", "tipo": "Progresol 1.0", "pdv": "0000104325", "direccion": "CALLE LIMA NRO. 316 (FTE A TELEFONICA)", "fen_pc_dist_m": 705.1, "fen_peligro": "Inundación", "fen_nivel": "", "fen_expuesto_2km": true}, "geometry": {"type": "Point", "coordinates": [-74.939936, -14.828891]}}, {"type": "Feature", "properties": {"nombre": "TEITO", "tipo": "Progresol 1.0", "pdv": "0000104326", "direccion": "CAR. PANAMERICANA SUR KM. 535 (FTE SINDIC.CHOFERES 2DO PISO)", "fen_pc_dist_m": 1141.4, "fen_peligro": "Inundación", "fen_nivel": "", "fen_expuesto_2km": true}, "geometry": {"type": "Point", "coordinates": [-74.945435, -14.844466]}}, {"type": "Feature", "properties": {"nombre": "MULTINEGOCIOS GLORIA", "tipo": "Progresol 1.0", "pdv": "0000104327", "direccion": "AV. TOMAS MARSANO NRO. 908 URB. EL CONDOR (ESQUINA CALLE 1)", "fen_pc_dist_m": 7488.1, "fen_peligro": "Inundación", "fen_nivel": null, "fen_expuesto_2km": false}, "geometry": {"type": "Point", "coordinates": [-77.013389, -12.111036]}}, {"type": "Feature", "properties": {"nombre": "UZ VALERIO", "tipo": "Progresol 1.0", "pdv": "0000104328", "direccion": "AV. JAVIER PRADO MZA. J2 DPTO. 25 URB. LOS PORTALES DE JAVIER PRADO", "fen_pc_dist_m": 1999.7, "fen_peligro": "Inundación", "fen_nivel": "", "fen_expuesto_2km": true}, "geometry": {"type": "Point", "coordinates": [-76.9240274, -12.041084]}}, {"type": "Feature", "properties": {"nombre": "CANADA COLORS", "tipo": "Progresol 1.0", "pdv": "0000104329", "direccion": "AV. AGUSTIN DE LA ROSA TORO 428 URB. LA VIÑA", "fen_pc_dist_m": 4072.0, "fen_peligro": "Inundación", "fen_nivel": null, "fen_expuesto_2km": false}, "geometry": {"type": "Point", "coordinates": [-76.996719, -12.074462]}}, {"type": "Feature", "properties": {"nombre": "FERRETERIA MILAGROS", "tipo": "Progresol 1.0", "pdv": "0000104334", "direccion": "AV. JOSE CARLOS MARIATEGUI MZA. Z3 LOTE. 20 C.P. PAMPA PACTA SECTOR LAS", "fen_pc_dist_m": 338.6, "fen_peligro": null, "fen_nivel": null, "fen_expuesto_2km": true}, "geometry": {"type": "Point", "coordinates": [-76.7787752, -12.3012937]}}, {"type": "Feature", "properties": {"nombre": "FERRETERIA EL CHE", "tipo": "Progresol 1.0", "pdv": "0000104335", "direccion": "MZA. B LOTE. 2 SANTA CRUZ DE ASIA (FRENTE A LA CLINICA SAN PABLO)", "fen_pc_dist_m": 10213.4, "fen_peligro": "Inundación, erosión", "fen_nivel": "", "fen_expuesto_2km": false}, "geometry": {"type": "Point", "coordinates": [-76.601366, -12.759349]}}, {"type": "Feature", "properties": {"nombre": "FERRETERIA EL CHE", "tipo": "Progresol 1.0", "pdv": "0000104336", "direccion": "AV. ARGENTINA MZA. Ñ LOTE. 2 ", "fen_pc_dist_m": 5604.8, "fen_peligro": "Inundación, erosión", "fen_nivel": "", "fen_expuesto_2km": false}, "geometry": {"type": "Point", "coordinates": [-76.557151, -12.781002]}}, {"type": "Feature", "properties": {"nombre": "FERRETERIA JONATHAN", "tipo": "Progresol 1.0", "pdv": "0000104338", "direccion": "ANEXO 22 JICAMARCA MZA. AW LOTE. 06 ASC. DE POB. EL CERCADO", "fen_pc_dist_m": 3946.0, "fen_peligro": "Erosión fluvial", "fen_nivel": "Muy alto", "fen_expuesto_2km": false}, "geometry": {"type": "Point", "coordinates": [-76.9627948, -11.9212583]}}, {"type": "Feature", "properties": {"nombre": "CORPORACION UNIVERSAL", "tipo": "Progresol 1.0", "pdv": "0000104339", "direccion": "AV. GRAN CHIMU NRO. 1373 URB. ZARATE (FRENTE MERCADO CANTUTA)", "fen_pc_dist_m": 310.6, "fen_peligro": "Inundación", "fen_nivel": null, "fen_expuesto_2km": true}, "geometry": {"type": "Point", "coordinates": [-76.989099, -12.024207]}}, {"type": "Feature", "properties": {"nombre": "FERRETERIA POSMART", "tipo": "Progresol 1.0", "pdv": "0000104348", "direccion": "AV. UNION MZ. 01 LOTE 04 (FRENTE A LA POSTA DE LOS ALAMOS)", "fen_pc_dist_m": 2372.4, "fen_peligro": "Inundación", "fen_nivel": "", "fen_expuesto_2km": false}, "geometry": {"type": "Point", "coordinates": [-76.1411111, -13.402115]}}, {"type": "Feature", "properties": {"nombre": "FERRETERIA MARIBEL", "tipo": "Progresol 1.0", "pdv": "0000104352", "direccion": "CALLE PARURO 301 (FRENTE A PLAZUELA)", "fen_pc_dist_m": 1098.3, "fen_peligro": "Inundación, flujo de detritos, erosión", "fen_nivel": null, "fen_expuesto_2km": true}, "geometry": {"type": "Point", "coordinates": [-76.205673, -13.714693]}}, {"type": "Feature", "properties": {"nombre": "MAKAFI", "tipo": "Progresol 1.0", "pdv": "0000104353", "direccion": "AV. LOS LIBERTADORES NRO. 911 (A 1 CDR I.E JOSE CARLOS MARIATEGUI)", "fen_pc_dist_m": 920.8, "fen_peligro": "Inundación", "fen_nivel": "", "fen_expuesto_2km": true}, "geometry": {"type": "Point", "coordinates": [-76.153537, -13.680736]}}, {"type": "Feature", "properties": {"nombre": "INVERSIONES DAANSAEL", "tipo": "Progresol 1.0", "pdv": "0000104354", "direccion": "CAL.LOS FLAMENCOS NRO. S/N LOT. SANTA MONICA (COSTADO DEL GRIFO Z)", "fen_pc_dist_m": 1200.4, "fen_peligro": "Inundación, flujo de detritos, erosión", "fen_nivel": null, "fen_expuesto_2km": true}, "geometry": {"type": "Point", "coordinates": [-76.151361, -13.706584]}}, {"type": "Feature", "properties": {"nombre": "FERRETERIA KARINA", "tipo": "Progresol 1.0", "pdv": "0000104359", "direccion": "MZA. C CAS. SAN MARTIN DE PORRAS PU ", "fen_pc_dist_m": 7073.6, "fen_peligro": "Inundación, erosión fluvial", "fen_nivel": "Alto", "fen_expuesto_2km": false}, "geometry": {"type": "Point", "coordinates": [-76.947226, -12.212288]}}, {"type": "Feature", "properties": {"nombre": "NASCA", "tipo": "Progresol 1.0", "pdv": "0000104368", "direccion": "AV. LIMA NRO. 2236 PJ. JOSE GALVEZ ", "fen_pc_dist_m": 2819.8, "fen_peligro": "Inundación", "fen_nivel": null, "fen_expuesto_2km": false}, "geometry": {"type": "Point", "coordinates": [-76.90864, -12.225469]}}, {"type": "Feature", "properties": {"nombre": "DMC SAN JUAN", "tipo": "Progresol 1.0", "pdv": "0000104371", "direccion": "AV. SAN JUAN MZA. E1 LOTE. 02 A.H. TUPAC AMARU DE VILLA", "fen_pc_dist_m": 11343.1, "fen_peligro": "Inundación, erosión fluvial", "fen_nivel": "Alto", "fen_expuesto_2km": false}, "geometry": {"type": "Point", "coordinates": [-76.981682, -12.193661]}}, {"type": "Feature", "properties": {"nombre": "DEPOSITO PAULITA", "tipo": "Progresol 1.0", "pdv": "0000104372", "direccion": "JR. GUARDIA CIVIL NORTE URB. LOS PARRALES DE SURCO MZ. I LT. 8", "fen_pc_dist_m": 13871.2, "fen_peligro": "Inundación, erosión fluvial", "fen_nivel": "Alto", "fen_expuesto_2km": false}, "geometry": {"type": "Point", "coordinates": [-76.992275, -12.1684]}}, {"type": "Feature", "properties": {"nombre": "FERRETERIA JANET", "tipo": "Progresol 1.0", "pdv": "0000104380", "direccion": "AV. 26 DE NOVIEMBRE NRO. 2132 P.J. NUEVA ESPERANZA", "fen_pc_dist_m": 6653.2, "fen_peligro": "Inundación, Erosión fluvial", "fen_nivel": "Alto", "fen_expuesto_2km": false}, "geometry": {"type": "Point", "coordinates": [-76.918771, -12.168682]}}, {"type": "Feature", "properties": {"nombre": "FERRETERIA JEREMA", "tipo": "Progresol 2.0", "pdv": "0000104409", "direccion": "AV. PROCERES 201 ", "fen_pc_dist_m": 337.9, "fen_peligro": "Inundación", "fen_nivel": null, "fen_expuesto_2km": true}, "geometry": {"type": "Point", "coordinates": [-77.0373756, -12.0366255]}}, {"type": "Feature", "properties": {"nombre": "FERRETERIA SAN CRISTOBAL", "tipo": "Progresol 2.0", "pdv": "0000104412", "direccion": "MZ 196 LT 7 GRUPO 20 - HUASCAR ", "fen_pc_dist_m": 2968.7, "fen_peligro": "Inundación", "fen_nivel": "", "fen_expuesto_2km": false}, "geometry": {"type": "Point", "coordinates": [-77.0058453083038, -11.9500745600615]}}, {"type": "Feature", "properties": {"nombre": "FERRETERIA FABIA", "tipo": "Progresol 2.0", "pdv": "0000104414", "direccion": "SECT.2 GRUP.21A MZ.J LT.21 AV PASTO ", "fen_pc_dist_m": 7770.6, "fen_peligro": "Inundación, erosión fluvial", "fen_nivel": "Alto", "fen_expuesto_2km": false}, "geometry": {"type": "Point", "coordinates": [-76.9516648, -12.207412]}}, {"type": "Feature", "properties": {"nombre": "FERRETERIA MAX", "tipo": "Progresol 2.0", "pdv": "0000104418", "direccion": "PROLONG. GRAU 240 ", "fen_pc_dist_m": 240.8, "fen_peligro": "Inundación, Erosión fluvial", "fen_nivel": "Muy alto", "fen_expuesto_2km": true}, "geometry": {"type": "Point", "coordinates": [-75.7221024, -14.0616371]}}, {"type": "Feature", "properties": {"nombre": "FERRETERIA YOLED", "tipo": "Progresol 2.0", "pdv": "0000104422", "direccion": "AV.CAMINO REAL NÂ° 371 ", "fen_pc_dist_m": 11969.5, "fen_peligro": "Inundación", "fen_nivel": null, "fen_expuesto_2km": false}, "geometry": {"type": "Point", "coordinates": [-77.012744, -12.1514274]}}, {"type": "Feature", "properties": {"nombre": "FERRETERIA JOELITO", "tipo": "Progresol 2.0", "pdv": "0000104425", "direccion": "CALLE A MZ. B LT. 22 URB. RESIDENCI ", "fen_pc_dist_m": 1183.7, "fen_peligro": "Inundación", "fen_nivel": null, "fen_expuesto_2km": true}, "geometry": {"type": "Point", "coordinates": [-77.0408871, -11.8899362]}}, {"type": "Feature", "properties": {"nombre": "FERRETERIA OSCANOA HNOS", "tipo": "Progresol 2.0", "pdv": "0000104426", "direccion": "AV LOS INCAS 130 ", "fen_pc_dist_m": 2939.6, "fen_peligro": "Inundación, erosión fluvial", "fen_nivel": "Muy alto", "fen_expuesto_2km": false}, "geometry": {"type": "Point", "coordinates": [-77.042022, -11.916927]}}, {"type": "Feature", "properties": {"nombre": "PROGRESOL PONCE", "tipo": "Progresol 2.0", "pdv": "0000104427", "direccion": "ASOCIACION LOS CEDROS MZ F LT 18 KM ", "fen_pc_dist_m": 1888.5, "fen_peligro": "Inundación", "fen_nivel": null, "fen_expuesto_2km": true}, "geometry": {"type": "Point", "coordinates": [-77.025639, -11.884444]}}, {"type": "Feature", "properties": {"nombre": "FERRETERIA VELASQUEZ", "tipo": "Progresol 2.0", "pdv": "0000104428", "direccion": "AV. PRINCIPAL MZ A LT 9 - 1° ETAPA ( LA AV- PRINCIPAL TAMBIEN SE LE CONOCE", "fen_pc_dist_m": 978.4, "fen_peligro": "Inundación, erosión fluvial", "fen_nivel": "Muy alto", "fen_expuesto_2km": true}, "geometry": {"type": "Point", "coordinates": [-77.0850678, -11.9201309]}}, {"type": "Feature", "properties": {"nombre": "FERRETERIA HUERTA", "tipo": "Progresol 2.0", "pdv": "0000104429", "direccion": "MZ S LT 47 URB. SANTA ANA AV.HUANDO ", "fen_pc_dist_m": 1667.1, "fen_peligro": "Inundación", "fen_nivel": null, "fen_expuesto_2km": true}, "geometry": {"type": "Point", "coordinates": [-77.076636, -11.950894]}}, {"type": "Feature", "properties": {"nombre": "FERRETERIA SAN BARTOLO", "tipo": "Progresol 2.0", "pdv": "0000104432", "direccion": "MZ. F LT.20 URB.JAVIER PEREZ DE CUE ", "fen_pc_dist_m": 7647.9, "fen_peligro": "Inundación, erosión", "fen_nivel": "", "fen_expuesto_2km": false}, "geometry": {"type": "Point", "coordinates": [-76.7772113, -12.3885818]}}, {"type": "Feature", "properties": {"nombre": "FERRETERIA GABY", "tipo": "Progresol 2.0", "pdv": "0000104434", "direccion": "MZ .E1 LT.8 URB.LEONCIO PRADO. ", "fen_pc_dist_m": 1022.0, "fen_peligro": "Inundación", "fen_nivel": null, "fen_expuesto_2km": true}, "geometry": {"type": "Point", "coordinates": [-77.02947, -12.03347]}}, {"type": "Feature", "properties": {"nombre": "FERRETERIA SANTA ROSITA", "tipo": "Progresol 2.0", "pdv": "0000104438", "direccion": "MZ. A LT. 10 ASOCIACION DE PROPIETA ", "fen_pc_dist_m": 4174.5, "fen_peligro": "Inundación", "fen_nivel": null, "fen_expuesto_2km": false}, "geometry": {"type": "Point", "coordinates": [-77.06402, -11.845108]}}, {"type": "Feature", "properties": {"nombre": "FERRETERIA RICHARDS", "tipo": "Progresol 2.0", "pdv": "0000104439", "direccion": "JR LUIS VARELA Y OBREGOSO 399 ", "fen_pc_dist_m": 8153.5, "fen_peligro": "Inundación", "fen_nivel": null, "fen_expuesto_2km": false}, "geometry": {"type": "Point", "coordinates": [-77.024877, -12.1172386]}}, {"type": "Feature", "properties": {"nombre": "FERRETERIA MORALES", "tipo": "Progresol 2.0", "pdv": "0000104440", "direccion": "AV. PUNO # 1557 - COMAS PJ LA LIBER ", "fen_pc_dist_m": 4817.1, "fen_peligro": "Inundación", "fen_nivel": null, "fen_expuesto_2km": false}, "geometry": {"type": "Point", "coordinates": [-77.043286, -11.95567]}}, {"type": "Feature", "properties": {"nombre": "FERRETERIA REYES", "tipo": "Progresol 2.0", "pdv": "0000104441", "direccion": "AV. SAN MARTIN # 1839 ", "fen_pc_dist_m": 733.5, "fen_peligro": "Inundación, Erosión fluvial", "fen_nivel": "Alto", "fen_expuesto_2km": true}, "geometry": {"type": "Point", "coordinates": [-76.665212, -11.909306]}}, {"type": "Feature", "properties": {"nombre": "FERRETERIA LAS CASUARINAS", "tipo": "Progresol 2.0", "pdv": "0000104442", "direccion": "MZ. B LT. 13 - RESIDENCIAL SANTA FE ", "fen_pc_dist_m": 1526.4, "fen_peligro": "Inundación, erosión fluvial", "fen_nivel": "Alto", "fen_expuesto_2km": true}, "geometry": {"type": "Point", "coordinates": [-77.1002653, -11.9636003]}}, {"type": "Feature", "properties": {"nombre": "FERRETERIA WILLY", "tipo": "Progresol 2.0", "pdv": "0000104443", "direccion": "AV, CENTRAL MZ O 11 LTE 2 ", "fen_pc_dist_m": 2944.0, "fen_peligro": "Inundación", "fen_nivel": "", "fen_expuesto_2km": false}, "geometry": {"type": "Point", "coordinates": [-76.980357, -11.949645]}}, {"type": "Feature", "properties": {"nombre": "FERRETERIA EL CONSTRUCTOR", "tipo": "Progresol 2.0", "pdv": "0000104449", "direccion": "AV. EL SOL 178 CIUDAD Y CAMPO DEL R ", "fen_pc_dist_m": 851.8, "fen_peligro": "Inundación", "fen_nivel": "", "fen_expuesto_2km": true}, "geometry": {"type": "Point", "coordinates": [-77.026798, -12.026781]}}, {"type": "Feature", "properties": {"nombre": "FERRETERIA MARTHA", "tipo": "Progresol 2.0", "pdv": "0000104450", "direccion": "AV.GLORIABAMBA MZ.B LT.4 - ZAPALLAL ", "fen_pc_dist_m": 7352.8, "fen_peligro": "Inundación", "fen_nivel": "", "fen_expuesto_2km": false}, "geometry": {"type": "Point", "coordinates": [-77.1050503, -11.8454779]}}, {"type": "Feature", "properties": {"nombre": "FERRETERIA JIMMI", "tipo": "Progresol 2.0", "pdv": "0000104451", "direccion": "MZ.A LT.38 FLOR DE AMANCAES ", "fen_pc_dist_m": 2035.7, "fen_peligro": "Inundación", "fen_nivel": "", "fen_expuesto_2km": false}, "geometry": {"type": "Point", "coordinates": [-77.031237, -12.014027]}}, {"type": "Feature", "properties": {"nombre": "DISTRIBUIDORA FERRETERA THALIA", "tipo": "Progresol 2.0", "pdv": "0000104453", "direccion": "MZ. 204 LT. 2 1 SECTOR - CALLE 14 A ", "fen_pc_dist_m": 2389.4, "fen_peligro": "Inundación", "fen_nivel": null, "fen_expuesto_2km": false}, "geometry": {"type": "Point", "coordinates": [-77.077368, -11.962213]}}, {"type": "Feature", "properties": {"nombre": "FERRETERIA LA SOLUCION 3", "tipo": "Progresol 2.0", "pdv": "0000104455", "direccion": "MZ B LT 4 ASENTAMIENTO HUMANO LOS F ", "fen_pc_dist_m": 12864.7, "fen_peligro": "Inundación", "fen_nivel": null, "fen_expuesto_2km": false}, "geometry": {"type": "Point", "coordinates": [-76.981174, -12.166234]}}, {"type": "Feature", "properties": {"nombre": "FERRETERIA SAN JOSE", "tipo": "Progresol 2.0", "pdv": "0000104457", "direccion": "AV. FRANCISCO PIZARRO 762 A ", "fen_pc_dist_m": 592.7, "fen_peligro": "Inundación", "fen_nivel": null, "fen_expuesto_2km": true}, "geometry": {"type": "Point", "coordinates": [-77.038143, -12.034192]}}, {"type": "Feature", "properties": {"nombre": "FERRETERIA AGREGADOS C.J.A", "tipo": "Progresol 2.0", "pdv": "0000104458", "direccion": "AV.GERARDO UNGER 4012. ", "fen_pc_dist_m": 5448.1, "fen_peligro": "Inundación", "fen_nivel": null, "fen_expuesto_2km": false}, "geometry": {"type": "Point", "coordinates": [-77.057758, -11.986445]}}, {"type": "Feature", "properties": {"nombre": "FERRETERIA MAREATEGUI", "tipo": "Progresol 2.0", "pdv": "0000104459", "direccion": "SECTOR 3 GRUPO 15 MZ.C LT.17 ", "fen_pc_dist_m": 5268.0, "fen_peligro": "Inundación, erosión fluvial", "fen_nivel": "Alto", "fen_expuesto_2km": false}, "geometry": {"type": "Point", "coordinates": [-76.933458, -12.221377]}}, {"type": "Feature", "properties": {"nombre": "FERRETERIA EL SOL VES", "tipo": "Progresol 2.0", "pdv": "0000104460", "direccion": "COOP.LAS VERTIENTES MZ.E LT.2 ", "fen_pc_dist_m": 8898.2, "fen_peligro": "Inundación, erosión fluvial", "fen_nivel": "Alto", "fen_expuesto_2km": false}, "geometry": {"type": "Point", "coordinates": [-76.9687393, -12.2168989]}}, {"type": "Feature", "properties": {"nombre": "FERRETERIA LIDER", "tipo": "Progresol 2.0", "pdv": "0000104461", "direccion": "AV. VICTOR BELAUNDE OESTE #698 - UR ", "fen_pc_dist_m": 2653.0, "fen_peligro": "Inundación", "fen_nivel": null, "fen_expuesto_2km": false}, "geometry": {"type": "Point", "coordinates": [-77.0544, -11.93612]}}, {"type": "Feature", "properties": {"nombre": "FERRETERIA SAN JOSE LLANCARI", "tipo": "Progresol 2.0", "pdv": "0000104465", "direccion": "AV. SAN JOSE 451 ", "fen_pc_dist_m": 9709.5, "fen_peligro": "Inundación, Erosión fluvial", "fen_nivel": "Alto", "fen_expuesto_2km": false}, "geometry": {"type": "Point", "coordinates": [-76.9484016, -12.1634984]}}, {"type": "Feature", "properties": {"nombre": "FERRETERIA MACURI", "tipo": "Progresol 2.0", "pdv": "0000104466", "direccion": "AV CAMINOS DEL INCA 2742 ", "fen_pc_dist_m": 11170.7, "fen_peligro": "Inundación", "fen_nivel": null, "fen_expuesto_2km": false}, "geometry": {"type": "Point", "coordinates": [-76.9843917, -12.1384556]}}, {"type": "Feature", "properties": {"nombre": "FERRETERIA CAHUA", "tipo": "Progresol 2.0", "pdv": "0000104468", "direccion": "PP.JJ . CONFRATERNIDAD  A-25 ", "fen_pc_dist_m": 751.6, "fen_peligro": "Inundación", "fen_nivel": null, "fen_expuesto_2km": true}, "geometry": {"type": "Point", "coordinates": [-75.725051, -14.090409]}}, {"type": "Feature", "properties": {"nombre": "PROGRESOL MIRAFLORES", "tipo": "Progresol 2.0", "pdv": "0000104469", "direccion": "AV. MIRAFLORES 421 - EL PROGRESO ", "fen_pc_dist_m": 2440.7, "fen_peligro": "Inundación", "fen_nivel": null, "fen_expuesto_2km": false}, "geometry": {"type": "Point", "coordinates": [-77.017979, -11.883753]}}, {"type": "Feature", "properties": {"nombre": "FERRETERIA PINO", "tipo": "Progresol 2.0", "pdv": "0000104472", "direccion": "MZ 141 LTE 10 GRUPO 16 SEC. B HUASC ", "fen_pc_dist_m": 2461.1, "fen_peligro": "Inundación", "fen_nivel": "", "fen_expuesto_2km": false}, "geometry": {"type": "Point", "coordinates": [-77.003199, -11.95386]}}, {"type": "Feature", "properties": {"nombre": "FERRETERIA BRUMAR", "tipo": "Progresol 2.0", "pdv": "0000104473", "direccion": "AV. UNIVERSITARIA 467URB. TUNGASUCA ", "fen_pc_dist_m": 1784.3, "fen_peligro": "Inundación, erosión fluvial", "fen_nivel": "Alto", "fen_expuesto_2km": true}, "geometry": {"type": "Point", "coordinates": [-77.037474, -11.895508]}}, {"type": "Feature", "properties": {"nombre": "FERRETERIA DEPOSITO Y CASA", "tipo": "Progresol 2.0", "pdv": "0000104474", "direccion": "AV LA MOLINA 505 ", "fen_pc_dist_m": 4128.3, "fen_peligro": "Erosión fluvial", "fen_nivel": "Muy alto", "fen_expuesto_2km": false}, "geometry": {"type": "Point", "coordinates": [-76.9605967, -12.06279]}}, {"type": "Feature", "properties": {"nombre": "FERRETERIA LAS DELICIAS", "tipo": "Progresol 2.0", "pdv": "0000104475", "direccion": "AV. PROCERES DE LA INDEPENDENCIA MZ DELICIAS", "fen_pc_dist_m": 991.8, "fen_peligro": "Inundación", "fen_nivel": "", "fen_expuesto_2km": true}, "geometry": {"type": "Point", "coordinates": [-76.9912777, -11.9644866]}}, {"type": "Feature", "properties": {"nombre": "FERRETERIA OCÓN", "tipo": "Progresol 2.0", "pdv": "0000104477", "direccion": "MZ. D LT. 16 CALLE SAN JUAN S/N - A ( REFERENCIA PUENTE CAMPAMENTO)", "fen_pc_dist_m": 11488.9, "fen_peligro": "Inundación", "fen_nivel": "", "fen_expuesto_2km": false}, "geometry": {"type": "Point", "coordinates": [-77.142617, -11.801142]}}, {"type": "Feature", "properties": {"nombre": "FERRETERIA LOS ALAMOS", "tipo": "Progresol 2.0", "pdv": "0000104478", "direccion": "MZ.C LT.28 ASOCIACION LOS ALAMOS ", "fen_pc_dist_m": 1620.6, "fen_peligro": "Inundación", "fen_nivel": null, "fen_expuesto_2km": true}, "geometry": {"type": "Point", "coordinates": [-77.025565, -11.881164]}}, {"type": "Feature", "properties": {"nombre": "FERRETERIA DANUBIO AZUL", "tipo": "Progresol 2.0", "pdv": "0000104481", "direccion": "AV. CANTO GRANDE N°1042 URB.LAS FLO PASAJE PROVIDENCIA)", "fen_pc_dist_m": 1913.8, "fen_peligro": "Inundación", "fen_nivel": "", "fen_expuesto_2km": true}, "geometry": {"type": "Point", "coordinates": [-77.0140445, -12.0114261]}}, {"type": "Feature", "properties": {"nombre": "FERRETERIA OXAPAMPA", "tipo": "Progresol 2.0", "pdv": "0000104482", "direccion": "MZ Q LT 26 GRUPO 6 CRUZ DE MOTUPE ", "fen_pc_dist_m": 4359.6, "fen_peligro": "Inundación", "fen_nivel": "", "fen_expuesto_2km": false}, "geometry": {"type": "Point", "coordinates": [-76.9750486, -11.9380127]}}, {"type": "Feature", "properties": {"nombre": "FERRETERIA SANTA ROSA", "tipo": "Progresol 2.0", "pdv": "0000104485", "direccion": "ASOCIACION RESIDENCIAL SANTA ROSA M ", "fen_pc_dist_m": 4165.6, "fen_peligro": "Inundación", "fen_nivel": null, "fen_expuesto_2km": false}, "geometry": {"type": "Point", "coordinates": [-77.0913081, -11.9868809]}}, {"type": "Feature", "properties": {"nombre": "FERRETERIA MECHITA", "tipo": "Progresol 2.0", "pdv": "0000104486", "direccion": "MZ .A LT. 36 ASOCIACION LAS BRISAS ", "fen_pc_dist_m": 4010.8, "fen_peligro": "Inundación, erosión fluvial", "fen_nivel": "Alto", "fen_expuesto_2km": false}, "geometry": {"type": "Point", "coordinates": [-77.1028522, -11.9857992]}}, {"type": "Feature", "properties": {"nombre": "FERRETERIA LUCHOS", "tipo": "Progresol 2.0", "pdv": "0000104487", "direccion": "AV. SANTÍSIMA CRUZ DE SAN DIEGO NRO (FRENTE AL MERCADO DE SAN DIEGO)", "fen_pc_dist_m": 486.4, "fen_peligro": "Inundación", "fen_nivel": null, "fen_expuesto_2km": true}, "geometry": {"type": "Point", "coordinates": [-77.086106, -11.945689]}}, {"type": "Feature", "properties": {"nombre": "FERRETERIA DOS PRINCESITAS", "tipo": "Progresol 2.0", "pdv": "0000104488", "direccion": "MZA. C LOTE. 8 ASC. LAS AZUCENAS 15 ", "fen_pc_dist_m": 933.8, "fen_peligro": "Inundación", "fen_nivel": "", "fen_expuesto_2km": true}, "geometry": {"type": "Point", "coordinates": [-77.059224, -11.881945]}}, {"type": "Feature", "properties": {"nombre": "FERRETERIA EL BOSQUE", "tipo": "Progresol 2.0", "pdv": "0000104492", "direccion": "MZA. A-3 LOTE. 04 A.V. LA RINCONADA ", "fen_pc_dist_m": 521.8, "fen_peligro": "Inundación", "fen_nivel": null, "fen_expuesto_2km": true}, "geometry": {"type": "Point", "coordinates": [-76.714624, -11.962953]}}, {"type": "Feature", "properties": {"nombre": "FERRETERIA SAN ALEJANDRO", "tipo": "Progresol 2.0", "pdv": "0000104493", "direccion": "AV. RIVA AGUERO 2061 ", "fen_pc_dist_m": 3009.6, "fen_peligro": "Erosión fluvial", "fen_nivel": "Muy alto", "fen_expuesto_2km": false}, "geometry": {"type": "Point", "coordinates": [-77.082442, -12.063875]}}, {"type": "Feature", "properties": {"nombre": "FERRETERIA ZARITA", "tipo": "Progresol 2.0", "pdv": "0000104494", "direccion": "AV.LOS EUCALIPTOS MZ A LT 3 PV VIRG ", "fen_pc_dist_m": 1622.6, "fen_peligro": "Inundación, erosión fluvial", "fen_nivel": "Alto", "fen_expuesto_2km": true}, "geometry": {"type": "Point", "coordinates": [-77.1060199, -11.9636917]}}, {"type": "Feature", "properties": {"nombre": "FERRETERIA CN", "tipo": "Progresol 2.0", "pdv": "0000104495", "direccion": "AV. MORALES DUAREZ #364 ", "fen_pc_dist_m": 285.4, "fen_peligro": "Inundación", "fen_nivel": null, "fen_expuesto_2km": true}, "geometry": {"type": "Point", "coordinates": [-77.0483046, -12.0381958]}}, {"type": "Feature", "properties": {"nombre": "FERRETERIA TELLO", "tipo": "Progresol 2.0", "pdv": "0000104499", "direccion": "MZ.G-1 LT.19 (ALTURA DEL AV. TRUJIL  -AL COSTADO DEL MERCADO MI PERU)", "fen_pc_dist_m": 8418.4, "fen_peligro": "Inundación", "fen_nivel": null, "fen_expuesto_2km": false}, "geometry": {"type": "Point", "coordinates": [-77.124262, -11.853741]}}, {"type": "Feature", "properties": {"nombre": "FERRETERIA MACHUPICHU", "tipo": "Progresol 2.0", "pdv": "0000104500", "direccion": "MZ A2 LTE 1 A.H 10 DE OCTUBRE ", "fen_pc_dist_m": 2996.4, "fen_peligro": "Inundación", "fen_nivel": "", "fen_expuesto_2km": false}, "geometry": {"type": "Point", "coordinates": [-76.9868552684783, -11.9469466371508]}}, {"type": "Feature", "properties": {"nombre": "FERRETERIA MAYORCA", "tipo": "Progresol 2.0", "pdv": "0000104504", "direccion": "MZ. W LT. 10 . PJ MILAGRO DE LA FRA ", "fen_pc_dist_m": 2591.0, "fen_peligro": "Inundación", "fen_nivel": null, "fen_expuesto_2km": false}, "geometry": {"type": "Point", "coordinates": [-77.048977, -12.012465]}}, {"type": "Feature", "properties": {"nombre": "FERRETERIA SANTA ROSA", "tipo": "Progresol 2.0", "pdv": "0000104505", "direccion": "AV. MARIA PARADO DE BELLIDO #666 ", "fen_pc_dist_m": 5090.4, "fen_peligro": "Inundación", "fen_nivel": null, "fen_expuesto_2km": false}, "geometry": {"type": "Point", "coordinates": [-77.05662, -11.989844]}}, {"type": "Feature", "properties": {"nombre": "FERRETERIA TICSE", "tipo": "Progresol 2.0", "pdv": "0000104507", "direccion": "AV. UNION JICAMARCA MZA. L-1 LOTE. ", "fen_pc_dist_m": 2942.7, "fen_peligro": "Inundación", "fen_nivel": null, "fen_expuesto_2km": false}, "geometry": {"type": "Point", "coordinates": [-76.9449752, -11.9838345]}}, {"type": "Feature", "properties": {"nombre": "FERRETERIA ALEJOS", "tipo": "Progresol 2.0", "pdv": "0000104510", "direccion": "AV. TANTAMAYO MZ . A LT. 12 PROGRAM ", "fen_pc_dist_m": 1116.1, "fen_peligro": "Inundación", "fen_nivel": null, "fen_expuesto_2km": true}, "geometry": {"type": "Point", "coordinates": [-77.096296, -11.959894]}}, {"type": "Feature", "properties": {"nombre": "FERRETERIA ALESSANDRA", "tipo": "Progresol 2.0", "pdv": "0000104511", "direccion": "LOTE. 29A FND. EL COLORADO (ALTURA AZUL 2P)", "fen_pc_dist_m": 3692.6, "fen_peligro": "Inundación", "fen_nivel": "", "fen_expuesto_2km": false}, "geometry": {"type": "Point", "coordinates": [-76.147741, -13.39214]}}, {"type": "Feature", "properties": {"nombre": "FERRETERIA ROLY", "tipo": "Progresol 2.0", "pdv": "0000104514", "direccion": "AV. SAN JUAN MZ.A LT.11 PS.MATEO PU ", "fen_pc_dist_m": 11359.7, "fen_peligro": "Inundación, erosión fluvial", "fen_nivel": "Alto", "fen_expuesto_2km": false}, "geometry": {"type": "Point", "coordinates": [-76.9816593, -12.1933457]}}, {"type": "Feature", "properties": {"nombre": "FERRETERIA JUNIN", "tipo": "Progresol 2.0", "pdv": "0000104515", "direccion": "JR. POSEIDON MZ A-2 LT 29 URB. SAGI ", "fen_pc_dist_m": 13620.1, "fen_peligro": "Inundación", "fen_nivel": null, "fen_expuesto_2km": false}, "geometry": {"type": "Point", "coordinates": [-76.9969066, -12.1643597]}}, {"type": "Feature", "properties": {"nombre": "FERRETERIA-DEPOSITO M Y R", "tipo": "Progresol 2.0", "pdv": "0000104517", "direccion": "AV. PROCERES DE LA INDEPENDEN MZA. HERALDOS", "fen_pc_dist_m": 1331.9, "fen_peligro": "Inundación", "fen_nivel": "", "fen_expuesto_2km": true}, "geometry": {"type": "Point", "coordinates": [-76.9889125, -11.9618641]}}, {"type": "Feature", "properties": {"nombre": "FERRETERIA COFECO", "tipo": "Progresol 2.0", "pdv": "0000104518", "direccion": "AV. CENTRAL MZ. G7 LT.22 MARISCAL C ", "fen_pc_dist_m": 2343.0, "fen_peligro": "Inundación", "fen_nivel": "", "fen_expuesto_2km": false}, "geometry": {"type": "Point", "coordinates": [-76.9830489, -11.9543722]}}, {"type": "Feature", "properties": {"nombre": "FERRETERIA LAS GEMELAS", "tipo": "Progresol 2.0", "pdv": "0000104519", "direccion": "NRO. MZ N INT. LT15 A.H. CRUZ DE MO ", "fen_pc_dist_m": 4442.4, "fen_peligro": "Inundación", "fen_nivel": "", "fen_expuesto_2km": false}, "geometry": {"type": "Point", "coordinates": [-76.9779, -11.9360017]}}, {"type": "Feature", "properties": {"nombre": "PROGRESOL PACO", "tipo": "Progresol 2.0", "pdv": "0000104521", "direccion": "AV.PUENTE PIEDRA N° 798 B ", "fen_pc_dist_m": 4356.4, "fen_peligro": "Inundación", "fen_nivel": "", "fen_expuesto_2km": false}, "geometry": {"type": "Point", "coordinates": [-77.080868, -11.859256]}}, {"type": "Feature", "properties": {"nombre": "PROGRESOL KIKE", "tipo": "Progresol 2.0", "pdv": "0000104525", "direccion": " MZ.A LT.3 RESIDENCIAL LAS MAGNOLIA DE LA AV. COPACABANA)", "fen_pc_dist_m": 5034.5, "fen_peligro": "Inundación", "fen_nivel": "", "fen_expuesto_2km": false}, "geometry": {"type": "Point", "coordinates": [-77.0779183, -11.8488467]}}, {"type": "Feature", "properties": {"nombre": "FERRETERIA ROXANITA", "tipo": "Progresol 2.0", "pdv": "0000104527", "direccion": "AV.SANTO DOMINGO MZ.E LT.5 CUCUYA SANTO DOMINGO DE LOS OLLEROS", "fen_pc_dist_m": 3393.8, "fen_peligro": "Erosión fluvial", "fen_nivel": "Muy Alto", "fen_expuesto_2km": false}, "geometry": {"type": "Point", "coordinates": [-76.8411407470703, -12.2214317321777]}}, {"type": "Feature", "properties": {"nombre": "FERRETERIA MACOFE", "tipo": "Progresol 2.0", "pdv": "0000104528", "direccion": "AV. JUAN VELASCO A. SECTOR 2 GRUPO ", "fen_pc_dist_m": 6475.2, "fen_peligro": "Inundación, erosión fluvial", "fen_nivel": "Alto", "fen_expuesto_2km": false}, "geometry": {"type": "Point", "coordinates": [-76.9365039, -12.2066929]}}, {"type": "Feature", "properties": {"nombre": "FERRETERIA APOSTOL SANTIAGO", "tipo": "Progresol 2.0", "pdv": "0000104529", "direccion": "AV.GUARDIA CIVIL 875 LA CAMPIÑA ", "fen_pc_dist_m": 13612.7, "fen_peligro": "Inundación, erosión fluvial", "fen_nivel": "Alto", "fen_expuesto_2km": false}, "geometry": {"type": "Point", "coordinates": [-76.9938125610351, -12.1744308471679]}}, {"type": "Feature", "properties": {"nombre": "FERRETERIA TH", "tipo": "Progresol 2.0", "pdv": "0000104532", "direccion": "AV PROCERES D ELA INDEPENDENCIA 183 ", "fen_pc_dist_m": 1931.0, "fen_peligro": "Inundación", "fen_nivel": "", "fen_expuesto_2km": true}, "geometry": {"type": "Point", "coordinates": [-77.0077256, -12.002717]}}, {"type": "Feature", "properties": {"nombre": "FERRETERIA MULTISERVICIOS Q.H", "tipo": "Progresol 2.0", "pdv": "0000104534", "direccion": "MZA I1 LTE 2 PJ UPIS NOCHETO COMITE ", "fen_pc_dist_m": 2078.8, "fen_peligro": "Inundación", "fen_nivel": null, "fen_expuesto_2km": false}, "geometry": {"type": "Point", "coordinates": [-76.9870269, -12.0454651]}}, {"type": "Feature", "properties": {"nombre": "FERRETERIA APROVIEP", "tipo": "Progresol 2.0", "pdv": "0000104535", "direccion": "AV. LAS ACACIAS MZ.K LT.6 - ENSENAD VIRGEN DEL CARMEN)", "fen_pc_dist_m": 1482.7, "fen_peligro": "Inundación", "fen_nivel": null, "fen_expuesto_2km": true}, "geometry": {"type": "Point", "coordinates": [-77.097172, -11.931403]}}, {"type": "Feature", "properties": {"nombre": "FERRETERIA MARTINEZ", "tipo": "Progresol 2.0", "pdv": "0000104536", "direccion": "MZ. A LT. 12 ASOC. DE VIV. SANTA EL ", "fen_pc_dist_m": 9899.4, "fen_peligro": "Inundación, erosión fluvial", "fen_nivel": "Alto", "fen_expuesto_2km": false}, "geometry": {"type": "Point", "coordinates": [-76.9734651, -12.2056759]}}, {"type": "Feature", "properties": {"nombre": "FERRETERIA TORRES", "tipo": "Progresol 2.0", "pdv": "0000104537", "direccion": "AV. LAS TORRES MZA. B LOTE. 1 URB. (CHOSICA)", "fen_pc_dist_m": 350.2, "fen_peligro": null, "fen_nivel": "", "fen_expuesto_2km": true}, "geometry": {"type": "Point", "coordinates": [-76.921926, -12.000907]}}, {"type": "Feature", "properties": {"nombre": "FERRETERIA LA SOLUCION", "tipo": "Progresol 2.0", "pdv": "0000104539", "direccion": "CAL.6 MZA. K LOTE. 07 A.H. BENJAMIN CARRETERA PANAMERICANA SUR)", "fen_pc_dist_m": 2308.4, "fen_peligro": "Inundación", "fen_nivel": "", "fen_expuesto_2km": false}, "geometry": {"type": "Point", "coordinates": [-76.749545, -12.4741333]}}, {"type": "Feature", "properties": {"nombre": "FERRETERIA MI PROGRESO", "tipo": "Progresol 2.0", "pdv": "0000104545", "direccion": "CALLE CAQUI S/N PALPA ", "fen_pc_dist_m": 2133.8, "fen_peligro": "Inundación", "fen_nivel": null, "fen_expuesto_2km": false}, "geometry": {"type": "Point", "coordinates": [-77.1210659, -11.4887616]}}, {"type": "Feature", "properties": {"nombre": "FERRETERIA TITO ALVAREZ", "tipo": "Progresol 2.0", "pdv": "0000104547", "direccion": "AV DANIEL A CARRION # 2290 ", "fen_pc_dist_m": 663.9, "fen_peligro": "Inundación, erosión", "fen_nivel": "Muy alto", "fen_expuesto_2km": true}, "geometry": {"type": "Point", "coordinates": [-75.2163314819335, -12.0756778717041]}}, {"type": "Feature", "properties": {"nombre": "FERRETERIA DEIVIS", "tipo": "Progresol 2.0", "pdv": "0000104550", "direccion": "AV LA RONCADORA MZ A LT 3 URB SANTA ", "fen_pc_dist_m": 3459.6, "fen_peligro": null, "fen_nivel": "", "fen_expuesto_2km": false}, "geometry": {"type": "Point", "coordinates": [-76.8751004, -12.0408657]}}, {"type": "Feature", "properties": {"nombre": "FERRETERIA DIAMANTE", "tipo": "Progresol 2.0", "pdv": "0000104552", "direccion": "AV. SANTA ROSA MZ E LT URB LOS ALAM AV. SANTA ROSA URB. LOS ALAMOS", "fen_pc_dist_m": 1387.9, "fen_peligro": "Inundación", "fen_nivel": "", "fen_expuesto_2km": true}, "geometry": {"type": "Point", "coordinates": [-77.0001252, -11.9633657]}}, {"type": "Feature", "properties": {"nombre": "FERRETERIA FERRYMAS", "tipo": "Progresol 2.0", "pdv": "0000104555", "direccion": "AV 3 DE OCTUBRE S/N RETES ", "fen_pc_dist_m": 3607.5, "fen_peligro": "", "fen_nivel": "", "fen_expuesto_2km": false}, "geometry": {"type": "Point", "coordinates": [-77.2076773, -11.49301]}}, {"type": "Feature", "properties": {"nombre": "FERRETERIA LIZ", "tipo": "Progresol 2.0", "pdv": "0000104556", "direccion": "AV. ALFONSO UGARTE MZ. A LT. 5 URB. ", "fen_pc_dist_m": 1414.7, "fen_peligro": "Inundación", "fen_nivel": "", "fen_expuesto_2km": true}, "geometry": {"type": "Point", "coordinates": [-76.8900318, -12.0261261]}}, {"type": "Feature", "properties": {"nombre": "DISTRIBUIDORA INVERSIONES CRISTINA", "tipo": "Progresol 2.0", "pdv": "0000104557", "direccion": "CARRETERA CENTRAL  KM 8.8 CAJAS ", "fen_pc_dist_m": 666.4, "fen_peligro": "Inundación", "fen_nivel": "", "fen_expuesto_2km": true}, "geometry": {"type": "Point", "coordinates": [-75.2527128, -11.9994707]}}, {"type": "Feature", "properties": {"nombre": "TRANSPORTE TACAS", "tipo": "Progresol 2.0", "pdv": "0000104562", "direccion": "TIERRA PROMETIDA 1 ETAPA LA MOLINA ", "fen_pc_dist_m": 5736.5, "fen_peligro": "Inundación, flujo de detritos, erosión", "fen_nivel": null, "fen_expuesto_2km": false}, "geometry": {"type": "Point", "coordinates": [-75.7745635, -14.0790317]}}, {"type": "Feature", "properties": {"nombre": "FERRETERIA BRIGITT", "tipo": "Progresol 2.0", "pdv": "0000104563", "direccion": "AV JUAN DE LOYOLA S/N ENTRE ARENALE ", "fen_pc_dist_m": 1267.4, "fen_peligro": null, "fen_nivel": "", "fen_expuesto_2km": true}, "geometry": {"type": "Point", "coordinates": [-75.737909, -14.058559]}}, {"type": "Feature", "properties": {"nombre": "FERRETERIA MARLENE", "tipo": "Progresol 2.0", "pdv": "0000104566", "direccion": "NUESTRA SEÑORA DEL CARMEN MZ. F LT. ", "fen_pc_dist_m": 2406.6, "fen_peligro": "Inundación", "fen_nivel": "", "fen_expuesto_2km": false}, "geometry": {"type": "Point", "coordinates": [-76.056216, -13.501025]}}, {"type": "Feature", "properties": {"nombre": "FERRETERIA FERRO VISION", "tipo": "Progresol 2.0", "pdv": "0000104570", "direccion": "ABTAO NRO 1434 ", "fen_pc_dist_m": 661.7, "fen_peligro": "Flujo de detritos, erosión fluvial", "fen_nivel": "Alto", "fen_expuesto_2km": true}, "geometry": {"type": "Point", "coordinates": [-76.2372, -9.9232]}}, {"type": "Feature", "properties": {"nombre": "FERRETERIA EL CASERITO", "tipo": "Progresol 2.0", "pdv": "0000104571", "direccion": "HEROES DE JACTAY NRO 503 ", "fen_pc_dist_m": 465.5, "fen_peligro": "Inundación", "fen_nivel": "", "fen_expuesto_2km": true}, "geometry": {"type": "Point", "coordinates": [-76.2442113, -9.9215727]}}, {"type": "Feature", "properties": {"nombre": "FERRETERIA TORRES", "tipo": "Progresol 2.0", "pdv": "0000104572", "direccion": "JR TARAPACA NRO 162 ", "fen_pc_dist_m": 960.0, "fen_peligro": "Flujo de detritos, Erosión fluvial", "fen_nivel": "Muy Alto", "fen_expuesto_2km": true}, "geometry": {"type": "Point", "coordinates": [-76.2493165, -9.9302265]}}, {"type": "Feature", "properties": {"nombre": "FERRETERIA HUANUQUEÑO", "tipo": "Progresol 2.0", "pdv": "0000104573", "direccion": "AV. EL TRIUNFO NRO. 1067 (A 1CDRA D ", "fen_pc_dist_m": 9219.1, "fen_peligro": "Inundación, Erosión fluvial", "fen_nivel": "Alto", "fen_expuesto_2km": false}, "geometry": {"type": "Point", "coordinates": [-76.94228, -12.16176]}}, {"type": "Feature", "properties": {"nombre": "FERRETERIA YENNY", "tipo": "Progresol 2.0", "pdv": "0000104575", "direccion": "MZA. A LOTE. 4 A.H. SEÑOR DE LOS MI ", "fen_pc_dist_m": 6742.7, "fen_peligro": "Inundación", "fen_nivel": "", "fen_expuesto_2km": false}, "geometry": {"type": "Point", "coordinates": [-76.878756, -12.100635]}}, {"type": "Feature", "properties": {"nombre": "DIOS JIREH-DIOS PROVEEDOR", "tipo": "Progresol 2.0", "pdv": "0000104576", "direccion": "AV PANAMERICANA SUR S/N ", "fen_pc_dist_m": 1261.4, "fen_peligro": "Inundación", "fen_nivel": "", "fen_expuesto_2km": true}, "geometry": {"type": "Point", "coordinates": [-75.2165908813476, -12.1063451766967]}}, {"type": "Feature", "properties": {"nombre": "FERRETERIA CASTRO", "tipo": "Progresol 2.0", "pdv": "0000104577", "direccion": "AV. EL EMISOR MZ. G LT. 1 ", "fen_pc_dist_m": 3822.8, "fen_peligro": "Inundación", "fen_nivel": null, "fen_expuesto_2km": false}, "geometry": {"type": "Point", "coordinates": [-77.130713, -12.024785]}}, {"type": "Feature", "properties": {"nombre": "FERRETERIA 333", "tipo": "Progresol 2.0", "pdv": "0000104580", "direccion": "JR. JORGUE CHAVEZ 333 ", "fen_pc_dist_m": 481.8, "fen_peligro": "Erosión fluvial", "fen_nivel": "Muy alto", "fen_expuesto_2km": true}, "geometry": {"type": "Point", "coordinates": [-77.092942, -12.040227]}}, {"type": "Feature", "properties": {"nombre": "FERRETERIA 333", "tipo": "Progresol 2.0", "pdv": "0000104581", "direccion": "CALLE 41 MZ 173 LOTE 20 ASENTAMIENT ", "fen_pc_dist_m": 2387.5, "fen_peligro": "Inundación", "fen_nivel": null, "fen_expuesto_2km": false}, "geometry": {"type": "Point", "coordinates": [-77.080377, -11.965469]}}, {"type": "Feature", "properties": {"nombre": "PROGRESOL 333", "tipo": "Progresol 2.0", "pdv": "0000104582", "direccion": "JR. PEREZ DE TUDELA NRO. 3237 (ALT DUAREZ)", "fen_pc_dist_m": 342.1, "fen_peligro": "Inundación", "fen_nivel": null, "fen_expuesto_2km": true}, "geometry": {"type": "Point", "coordinates": [-77.08115, -12.037889]}}, {"type": "Feature", "properties": {"nombre": "FERRETERIA ESPINOZA", "tipo": "Progresol 2.0", "pdv": "0000104584", "direccion": "AV PARAMONGA MZ A LOTE 8 VILLARICA ", "fen_pc_dist_m": 1383.4, "fen_peligro": "Inundación, erosión fluvial", "fen_nivel": "Alto", "fen_expuesto_2km": true}, "geometry": {"type": "Point", "coordinates": [-77.100515, -11.96227]}}, {"type": "Feature", "properties": {"nombre": "FERRETERIA SEBASTIAN", "tipo": "Progresol 2.0", "pdv": "0000104588", "direccion": "RAMON CASTILLA AV. AREQUIPA MZ P2 L ", "fen_pc_dist_m": 2841.4, "fen_peligro": "Inundación", "fen_nivel": null, "fen_expuesto_2km": false}, "geometry": {"type": "Point", "coordinates": [-77.1251632, -12.0394738]}}, {"type": "Feature", "properties": {"nombre": "MULTISERVICIOS TRANSPORTE MANTILLA", "tipo": "Progresol 2.0", "pdv": "0000104589", "direccion": "JR. MANCO CAPAC 1307 ", "fen_pc_dist_m": 327.1, "fen_peligro": "Inundación, flujo de detritos, erosión fluvial", "fen_nivel": " ", "fen_expuesto_2km": true}, "geometry": {"type": "Point", "coordinates": [-74.231823, -13.154714]}}, {"type": "Feature", "properties": {"nombre": "FERRETERIA NELY", "tipo": "Progresol 2.0", "pdv": "0000104591", "direccion": "AV. 09 DE DICIEMBRE 610 ", "fen_pc_dist_m": 1264.2, "fen_peligro": null, "fen_nivel": "", "fen_expuesto_2km": true}, "geometry": {"type": "Point", "coordinates": [-74.199606, -13.166498]}}, {"type": "Feature", "properties": {"nombre": "FERRETERIA LAPA", "tipo": "Progresol 2.0", "pdv": "0000104592", "direccion": "MZ F LT 6 HORACIOS ZEVALLOS 1 ETAPA ", "fen_pc_dist_m": 3076.6, "fen_peligro": "Inundación", "fen_nivel": "", "fen_expuesto_2km": false}, "geometry": {"type": "Point", "coordinates": [-77.036781, -12.006363]}}, {"type": "Feature", "properties": {"nombre": "FERRETERIA TANTA", "tipo": "Progresol 2.0", "pdv": "0000104593", "direccion": "Av. San Francisco MZ.A2 Lt.4 Los Ol ", "fen_pc_dist_m": 163.1, "fen_peligro": "Inundación", "fen_nivel": "", "fen_expuesto_2km": true}, "geometry": {"type": "Point", "coordinates": [-74.2162782, -13.1722473]}}, {"type": "Feature", "properties": {"nombre": "EL GRAN MAESTRO", "tipo": "Progresol 2.0", "pdv": "0000104595", "direccion": "AV.CONFRETERNIDAD INTERNACIONAL EST ", "fen_pc_dist_m": 1384.6, "fen_peligro": "Inundación", "fen_nivel": " ", "fen_expuesto_2km": true}, "geometry": {"type": "Point", "coordinates": [-77.5215708, -9.5311647]}}, {"type": "Feature", "properties": {"nombre": "EMPRESA DE SERVICIOS BARRETO", "tipo": "Progresol 2.0", "pdv": "0000104597", "direccion": "AV. CENTENARIO N° 1298 ", "fen_pc_dist_m": 778.2, "fen_peligro": "Erosión fluvial", "fen_nivel": "Alto", "fen_expuesto_2km": true}, "geometry": {"type": "Point", "coordinates": [-77.5322466, -9.5110802]}}, {"type": "Feature", "properties": {"nombre": "FERRETERIA CHINCHAY", "tipo": "Progresol 2.0", "pdv": "0000104599", "direccion": "AV SANTA ROSA 1321 ", "fen_pc_dist_m": 3700.4, "fen_peligro": "Inundación, erosión fluvial", "fen_nivel": "Alto", "fen_expuesto_2km": false}, "geometry": {"type": "Point", "coordinates": [-77.0844501, -11.8733596]}}, {"type": "Feature", "properties": {"nombre": "FERRETERIA JUANCITO", "tipo": "Progresol 2.0", "pdv": "0000104600", "direccion": "AV. PARAMONGA MZ . E LT .3 5TA ETAP ", "fen_pc_dist_m": 2137.3, "fen_peligro": "Inundación, erosión fluvial", "fen_nivel": "Alto", "fen_expuesto_2km": false}, "geometry": {"type": "Point", "coordinates": [-77.105678, -11.968411]}}, {"type": "Feature", "properties": {"nombre": "MULTISERVICIO CUEVA", "tipo": "Progresol 2.0", "pdv": "0000104601", "direccion": "JR. SAN MARTIN S/N ", "fen_pc_dist_m": 1077.1, "fen_peligro": "Inundación, Erosión fluvial", "fen_nivel": "Alto", "fen_expuesto_2km": true}, "geometry": {"type": "Point", "coordinates": [-77.1753081, -9.5883535]}}, {"type": "Feature", "properties": {"nombre": "FERRETERIA MAS", "tipo": "Progresol 2.0", "pdv": "0000104603", "direccion": "MZ.E5 LT.16 AAHH PACHACUTEC ( REFER PARADERO COMEDOR , PARADERO MOTOS )", "fen_pc_dist_m": 10473.5, "fen_peligro": "Inundación, erosión fluvial", "fen_nivel": "Muy alto", "fen_expuesto_2km": false}, "geometry": {"type": "Point", "coordinates": [-77.159323, -11.846991]}}, {"type": "Feature", "properties": {"nombre": "FERRETERIA LA SOLUCION", "tipo": "Progresol 2.0", "pdv": "0000104604", "direccion": "AV. APUMAYLLA MZ Ñ - LTE. 06 ", "fen_pc_dist_m": 346.3, "fen_peligro": "Inundación, flujo de detritos, erosión fluvial", "fen_nivel": " ", "fen_expuesto_2km": true}, "geometry": {"type": "Point", "coordinates": [-74.2312742, -13.1294891]}}, {"type": "Feature", "properties": {"nombre": "FERRETERIA HUARIPOMA", "tipo": "Progresol 2.0", "pdv": "0000104607", "direccion": "AV. PAMPA ALTA P1 LT. 8 AA.HH. JOSE ", "fen_pc_dist_m": 4045.9, "fen_peligro": "Inundación", "fen_nivel": "", "fen_expuesto_2km": false}, "geometry": {"type": "Point", "coordinates": [-76.9891202, -11.9370934]}}, {"type": "Feature", "properties": {"nombre": "PROGRESOL TARRILLO", "tipo": "Progresol 2.0", "pdv": "0000104608", "direccion": "MZ M LT 5 2 DE OCTUBRE SANTA ANA ", "fen_pc_dist_m": 1287.6, "fen_peligro": "Inundación", "fen_nivel": null, "fen_expuesto_2km": true}, "geometry": {"type": "Point", "coordinates": [-77.079341, -11.948634]}}, {"type": "Feature", "properties": {"nombre": "PROGRESOL LEGON", "tipo": "Progresol 2.0", "pdv": "0000104610", "direccion": "ASOCIACION LAS MAGNOLIAS DE COPACAB ( ALFRENTE DEL COLEGIO VIRGEN MILAGROSA)", "fen_pc_dist_m": 4966.1, "fen_peligro": "Inundación", "fen_nivel": "", "fen_expuesto_2km": false}, "geometry": {"type": "Point", "coordinates": [-77.0813542, -11.8521773]}}, {"type": "Feature", "properties": {"nombre": "FERRETERIA ELY", "tipo": "Progresol 2.0", "pdv": "0000104613", "direccion": "JR. BOLOGNESI # 1163 ", "fen_pc_dist_m": 2585.5, "fen_peligro": "Inundación", "fen_nivel": "", "fen_expuesto_2km": false}, "geometry": {"type": "Point", "coordinates": [-75.263367, -12.1391176]}}, {"type": "Feature", "properties": {"nombre": "FERRETERIA AGUSTINA", "tipo": "Progresol 2.0", "pdv": "0000104614", "direccion": "MZ A LT 42 ACOMAYO N° 134 ", "fen_pc_dist_m": 271.7, "fen_peligro": "Inundación", "fen_nivel": null, "fen_expuesto_2km": true}, "geometry": {"type": "Point", "coordinates": [-77.048836, -12.03819]}}, {"type": "Feature", "properties": {"nombre": "FERRETERIA HUARI", "tipo": "Progresol 2.0", "pdv": "0000104617", "direccion": "PACHACAMILLA MZ F LT 16 AV. LOS EUC ", "fen_pc_dist_m": 2686.1, "fen_peligro": "Inundación, erosión fluvial", "fen_nivel": "Alto", "fen_expuesto_2km": false}, "geometry": {"type": "Point", "coordinates": [-77.113388, -11.971449]}}, {"type": "Feature", "properties": {"nombre": "FERRETERIA CAMAVILCA", "tipo": "Progresol 2.0", "pdv": "0000104619", "direccion": "AV. MILAGRO DE JESUS # 373 PSJ COLL ", "fen_pc_dist_m": 4355.1, "fen_peligro": "Inundación, erosión fluvial", "fen_nivel": "Alto", "fen_expuesto_2km": false}, "geometry": {"type": "Point", "coordinates": [-77.026264, -11.919213]}}, {"type": "Feature", "properties": {"nombre": "FERRETERIA NORMITA", "tipo": "Progresol 2.0", "pdv": "0000104620", "direccion": "AV. LOS PROCERES 337 URB. CONDEVILL ", "fen_pc_dist_m": 2255.0, "fen_peligro": "Inundación", "fen_nivel": null, "fen_expuesto_2km": false}, "geometry": {"type": "Point", "coordinates": [-77.086999, -12.0168362]}}, {"type": "Feature", "properties": {"nombre": "FERRETERIA MAESTRO DENNIS", "tipo": "Progresol 2.0", "pdv": "0000104622", "direccion": "AV. HUANCAYO 12000 ", "fen_pc_dist_m": 5580.4, "fen_peligro": "Inundación", "fen_nivel": "", "fen_expuesto_2km": false}, "geometry": {"type": "Point", "coordinates": [-75.195895, -12.007292]}}, {"type": "Feature", "properties": {"nombre": "FERRETERIA ROCIO II", "tipo": "Progresol 2.0", "pdv": "0000104623", "direccion": "AV RAYMUNDO S/N ALTO MIRAFLORES ", "fen_pc_dist_m": 748.5, "fen_peligro": "Inundación", "fen_nivel": "", "fen_expuesto_2km": true}, "geometry": {"type": "Point", "coordinates": [-75.2688282, -12.0510788]}}, {"type": "Feature", "properties": {"nombre": "PROGRESOL BECERRA", "tipo": "Progresol 2.0", "pdv": "0000104624", "direccion": "JR. PUNO # 290 ", "fen_pc_dist_m": 4068.9, "fen_peligro": "Inundación", "fen_nivel": null, "fen_expuesto_2km": false}, "geometry": {"type": "Point", "coordinates": [-77.050185, -11.953479]}}, {"type": "Feature", "properties": {"nombre": "FERRETERIA VIRGEN DE GUADALUPE", "tipo": "Progresol 2.0", "pdv": "0000104627", "direccion": "ASOC. DE POSECIONARIOS DE LA VILLA ", "fen_pc_dist_m": 2617.3, "fen_peligro": null, "fen_nivel": "", "fen_expuesto_2km": false}, "geometry": {"type": "Point", "coordinates": [-76.8764516, -12.0333491]}}, {"type": "Feature", "properties": {"nombre": "FERRETERIA SANDOVAL", "tipo": "Progresol 2.0", "pdv": "0000104628", "direccion": "AV. JOSE CARLOS MARIATEGUI MZ 44 LT ALFRENTE DEL MERCADO VIRGEN DE LAS MERCE", "fen_pc_dist_m": 295.3, "fen_peligro": "Inundación, erosión fluvial", "fen_nivel": "Muy alto", "fen_expuesto_2km": true}, "geometry": {"type": "Point", "coordinates": [-77.1341139, -11.941495]}}, {"type": "Feature", "properties": {"nombre": "FERRETERIA MECHITA", "tipo": "Progresol 2.0", "pdv": "0000104632", "direccion": "AV. GRAU MZ. G LT 02 NUEVO PROGRESO ", "fen_pc_dist_m": 9884.7, "fen_peligro": "Inundación", "fen_nivel": "", "fen_expuesto_2km": false}, "geometry": {"type": "Point", "coordinates": [-77.125871, -11.83472]}}, {"type": "Feature", "properties": {"nombre": "FERRETERIA INTI PERU", "tipo": "Progresol 2.0", "pdv": "0000104637", "direccion": "ASOC. SAN JOSÉ MZ. I LT. 6 ", "fen_pc_dist_m": 1794.6, "fen_peligro": "Inundación, erosión", "fen_nivel": "", "fen_expuesto_2km": true}, "geometry": {"type": "Point", "coordinates": [-74.1987369, -13.154914]}}, {"type": "Feature", "properties": {"nombre": "FERRETERIA LATINO", "tipo": "Progresol 2.0", "pdv": "0000104638", "direccion": "MZ A LOT 17 ASC VIVIENDA LOS OLIVOS ", "fen_pc_dist_m": 4426.8, "fen_peligro": "Inundación", "fen_nivel": null, "fen_expuesto_2km": false}, "geometry": {"type": "Point", "coordinates": [-77.093042, -11.997785]}}, {"type": "Feature", "properties": {"nombre": "FERRETERIA LUCIANO", "tipo": "Progresol 2.0", "pdv": "0000104640", "direccion": "ASOCIACIÓN LIVOMARKET MZ B3 LT2 ", "fen_pc_dist_m": 1211.1, "fen_peligro": "", "fen_nivel": "", "fen_expuesto_2km": true}, "geometry": {"type": "Point", "coordinates": [-76.9170217, -12.0301452]}}, {"type": "Feature", "properties": {"nombre": "FERRETERIA DELGADO", "tipo": "Progresol 2.0", "pdv": "0000104641", "direccion": "CALLE MARISCAL RAMON CASTILLA MZ M ", "fen_pc_dist_m": 1867.7, "fen_peligro": "Erosión fluvial", "fen_nivel": "Muy alto", "fen_expuesto_2km": true}, "geometry": {"type": "Point", "coordinates": [-77.099135, -12.022618]}}, {"type": "Feature", "properties": {"nombre": "FERRETERIA JHANSUR", "tipo": "Progresol 2.0", "pdv": "0000104644", "direccion": "AV SAN NICOLÁS MAZ C LOTE 11 URB. R ", "fen_pc_dist_m": 1014.4, "fen_peligro": "Inundación, erosión fluvial", "fen_nivel": "Alto", "fen_expuesto_2km": true}, "geometry": {"type": "Point", "coordinates": [-77.103419, -11.958429]}}, {"type": "Feature", "properties": {"nombre": "FERRETERIA MOLIMAT", "tipo": "Progresol 2.0", "pdv": "0000104646", "direccion": "URB BUENA AVENTURA MZ.B LT.10 CARRE ", "fen_pc_dist_m": 1492.7, "fen_peligro": "Inundación", "fen_nivel": "", "fen_expuesto_2km": true}, "geometry": {"type": "Point", "coordinates": [-76.117553, -13.414492]}}, {"type": "Feature", "properties": {"nombre": "FERRETERIA LA JAUJINA", "tipo": "Progresol 2.0", "pdv": "0000104647", "direccion": "AV. TANTAMAYO MZ. A LT 4 ", "fen_pc_dist_m": 2332.0, "fen_peligro": "Inundación", "fen_nivel": null, "fen_expuesto_2km": false}, "geometry": {"type": "Point", "coordinates": [-77.087884, -11.969311]}}, {"type": "Feature", "properties": {"nombre": "FERRETERIA MARTINEZ II", "tipo": "Progresol 2.0", "pdv": "0000104650", "direccion": "JR DOMINGO ANGULO # 110 ", "fen_pc_dist_m": 1096.7, "fen_peligro": "Inundación", "fen_nivel": null, "fen_expuesto_2km": true}, "geometry": {"type": "Point", "coordinates": [-77.0275485, -12.0334682]}}, {"type": "Feature", "properties": {"nombre": "FERRETERIA RAUL", "tipo": "Progresol 2.0", "pdv": "0000104652", "direccion": "AV LEONCIO PRADO # 2552 ", "fen_pc_dist_m": 1670.3, "fen_peligro": "Inundación, erosión", "fen_nivel": "Muy alto", "fen_expuesto_2km": true}, "geometry": {"type": "Point", "coordinates": [-75.218124, -12.085951]}}, {"type": "Feature", "properties": {"nombre": "FERRETERIA RAMIREZ G&O", "tipo": "Progresol 2.0", "pdv": "0000104657", "direccion": "ASOC. SANTA ISABEL MZ K LTE 10 ", "fen_pc_dist_m": 1181.5, "fen_peligro": "Inundación, flujo de detritos, erosión fluvial", "fen_nivel": " ", "fen_expuesto_2km": true}, "geometry": {"type": "Point", "coordinates": [-74.2290976, -13.1201651]}}, {"type": "Feature", "properties": {"nombre": "FERRETERIA KRISEL", "tipo": "Progresol 2.0", "pdv": "0000104659", "direccion": "AV SANTA ROSA DE LIMA MZ L LT 5 AAH ", "fen_pc_dist_m": 1594.3, "fen_peligro": "Inundación", "fen_nivel": null, "fen_expuesto_2km": true}, "geometry": {"type": "Point", "coordinates": [-76.9947759, -12.0127428]}}, {"type": "Feature", "properties": {"nombre": "PROGRESOL LA PERLA", "tipo": "Progresol 2.0", "pdv": "0000104660", "direccion": "AV LA MARINA MZ W LT 01 URB CERESOS ", "fen_pc_dist_m": 3695.3, "fen_peligro": "Inundación", "fen_nivel": null, "fen_expuesto_2km": false}, "geometry": {"type": "Point", "coordinates": [-77.105605, -12.072293]}}, {"type": "Feature", "properties": {"nombre": "FERRETERIA LA SEXTA", "tipo": "Progresol 2.0", "pdv": "0000104662", "direccion": "AV . CONTRAMIRANTE MORA MZ A LOTE 9 ", "fen_pc_dist_m": 3987.1, "fen_peligro": "Inundación", "fen_nivel": null, "fen_expuesto_2km": false}, "geometry": {"type": "Point", "coordinates": [-77.133817, -12.051031]}}, {"type": "Feature", "properties": {"nombre": "FERRETERIA SAN JUDAS TADEO", "tipo": "Progresol 2.0", "pdv": "0000104663", "direccion": "AV.SAN JUDAS TADEO MZ.D LT.20C  ( ALTURA DEL CRUCE DE VENTANILLA)", "fen_pc_dist_m": 8372.4, "fen_peligro": "Inundación", "fen_nivel": "", "fen_expuesto_2km": false}, "geometry": {"type": "Point", "coordinates": [-77.107596, -11.834354]}}, {"type": "Feature", "properties": {"nombre": "FERRETERIA HILARIO", "tipo": "Progresol 2.0", "pdv": "0000104666", "direccion": "MZ K LT. 21 AA.HH SAN BENITO ", "fen_pc_dist_m": 4075.8, "fen_peligro": "Inundación", "fen_nivel": null, "fen_expuesto_2km": false}, "geometry": {"type": "Point", "coordinates": [-77.0464399, -11.8243343]}}, {"type": "Feature", "properties": {"nombre": "FERRETERIA SANTA CLARA", "tipo": "Progresol 2.0", "pdv": "0000104667", "direccion": "AV SAN MARTIN DE PORRES 303 URB SAN ", "fen_pc_dist_m": 809.2, "fen_peligro": "Inundación", "fen_nivel": "", "fen_expuesto_2km": true}, "geometry": {"type": "Point", "coordinates": [-76.8856469, -12.0187315]}}, {"type": "Feature", "properties": {"nombre": "FERRETERIA SANTA ROSA", "tipo": "Progresol 2.0", "pdv": "0000104672", "direccion": "CALLE 9 DE OCUTUBRE 169 ", "fen_pc_dist_m": 1578.1, "fen_peligro": "Inundación", "fen_nivel": null, "fen_expuesto_2km": true}, "geometry": {"type": "Point", "coordinates": [-77.0031601, -12.0505152]}}, {"type": "Feature", "properties": {"nombre": "FERRETERIA SENDY", "tipo": "Progresol 2.0", "pdv": "0000104673", "direccion": "AV.JOSE GRANDA #3112 ", "fen_pc_dist_m": 1146.6, "fen_peligro": "Inundación", "fen_nivel": null, "fen_expuesto_2km": true}, "geometry": {"type": "Point", "coordinates": [-77.078153, -12.024883]}}, {"type": "Feature", "properties": {"nombre": "FERRETERIA PACHITEA", "tipo": "Progresol 2.0", "pdv": "0000104674", "direccion": "MZ.B3 LT.10 URB. SANTA PAULA ", "fen_pc_dist_m": 3448.6, "fen_peligro": "Inundación", "fen_nivel": null, "fen_expuesto_2km": false}, "geometry": {"type": "Point", "coordinates": [-77.0633118, -11.8548866]}}, {"type": "Feature", "properties": {"nombre": "PROGRESOL HAROLD", "tipo": "Progresol 2.0", "pdv": "0000104675", "direccion": "MZ.N2 LT.19 URBANIZACIÓN LOS JARDIN ", "fen_pc_dist_m": 227.8, "fen_peligro": "Inundación, erosión fluvial", "fen_nivel": "Muy alto", "fen_expuesto_2km": true}, "geometry": {"type": "Point", "coordinates": [-77.083581, -11.932091]}}, {"type": "Feature", "properties": {"nombre": "PROGRESOL EL GORDITO", "tipo": "Progresol 2.0", "pdv": "0000104677", "direccion": "MZ.E LT.9 ASOCIACION EL ROBLE ", "fen_pc_dist_m": 3733.4, "fen_peligro": "Inundación", "fen_nivel": null, "fen_expuesto_2km": false}, "geometry": {"type": "Point", "coordinates": [-77.0664083, -11.855025]}}, {"type": "Feature", "properties": {"nombre": "DISTRIBUIDORA HENRY", "tipo": "Progresol 2.0", "pdv": "0000104681", "direccion": "AV 9 DE OCTUBRE S/ N ", "fen_pc_dist_m": 1295.0, "fen_peligro": "Inundación", "fen_nivel": "", "fen_expuesto_2km": true}, "geometry": {"type": "Point", "coordinates": [-75.2475013, -12.0774611]}}, {"type": "Feature", "properties": {"nombre": "FERRETERIA PILARES", "tipo": "Progresol 2.0", "pdv": "0000104684", "direccion": "AV. COMANDANTE PEREZ SALMON MZ . A ", "fen_pc_dist_m": 2199.3, "fen_peligro": "Inundación", "fen_nivel": null, "fen_expuesto_2km": false}, "geometry": {"type": "Point", "coordinates": [-77.113486, -12.053526]}}, {"type": "Feature", "properties": {"nombre": "FERRETERIA LEO", "tipo": "Progresol 2.0", "pdv": "0000104685", "direccion": "AV.COLECTORA MZ.C LT.10 URB. LA ALA ", "fen_pc_dist_m": 760.2, "fen_peligro": "Inundación", "fen_nivel": null, "fen_expuesto_2km": true}, "geometry": {"type": "Point", "coordinates": [-77.0432091, -11.871128]}}, {"type": "Feature", "properties": {"nombre": "CONSTRUCCIONES ANDY ANTONY", "tipo": "Progresol 2.0", "pdv": "0000104687", "direccion": "VIA LOS LIBERTADORES MZ. Y1 LTE. 8 ", "fen_pc_dist_m": 209.7, "fen_peligro": "Inundación, flujo de detritos, erosión fluvial", "fen_nivel": " ", "fen_expuesto_2km": true}, "geometry": {"type": "Point", "coordinates": [-74.2353507, -13.1569838]}}, {"type": "Feature", "properties": {"nombre": "FERRETERIA SAETAS", "tipo": "Progresol 2.0", "pdv": "0000104688", "direccion": "AV.B MZ. W LT.32 AAHH.VENTANILLA AL REF.POR BASE DE SERENAZGO.", "fen_pc_dist_m": 5602.9, "fen_peligro": "Inundación", "fen_nivel": null, "fen_expuesto_2km": false}, "geometry": {"type": "Point", "coordinates": [-77.108787, -11.876215]}}, {"type": "Feature", "properties": {"nombre": " FERRETERIA N & G", "tipo": "Progresol 2.0", "pdv": "0000104689", "direccion": "MZ.C3 LT.15 ASOC. PROFAN ", "fen_pc_dist_m": 13670.8, "fen_peligro": "Inundación", "fen_nivel": "", "fen_expuesto_2km": false}, "geometry": {"type": "Point", "coordinates": [-77.15858, -11.817422]}}, {"type": "Feature", "properties": {"nombre": "FERRETERIA PP", "tipo": "Progresol 2.0", "pdv": "0000104690", "direccion": "PASAJE LA MERCEDES N 104 ", "fen_pc_dist_m": 735.1, "fen_peligro": "Inundación, erosión fluvial", "fen_nivel": "Alto", "fen_expuesto_2km": true}, "geometry": {"type": "Point", "coordinates": [-74.211724, -13.1604616]}}, {"type": "Feature", "properties": {"nombre": "FERRETERIA SULCA SANCHEZ", "tipo": "Progresol 2.0", "pdv": "0000104691", "direccion": "JR.LIBERTAD 107 ", "fen_pc_dist_m": 302.7, "fen_peligro": "Inundación", "fen_nivel": null, "fen_expuesto_2km": true}, "geometry": {"type": "Point", "coordinates": [-77.0293431, -12.0409408]}}, {"type": "Feature", "properties": {"nombre": "FERRETERIA KIKE LESCANO", "tipo": "Progresol 2.0", "pdv": "0000104692", "direccion": "JR. COMERCIO 119 ", "fen_pc_dist_m": 1693.3, "fen_peligro": "Erosión fluvial", "fen_nivel": "Muy Alto", "fen_expuesto_2km": true}, "geometry": {"type": "Point", "coordinates": [-76.8615958, -12.2269635]}}, {"type": "Feature", "properties": {"nombre": "FERRETERIA RIBEL", "tipo": "Progresol 2.0", "pdv": "0000104693", "direccion": "SECTOR 3 MZA. 0 LOTE. 5 GRU. 22 ", "fen_pc_dist_m": 5370.9, "fen_peligro": "Inundación, erosión fluvial", "fen_nivel": "Alto", "fen_expuesto_2km": false}, "geometry": {"type": "Point", "coordinates": [-76.935855, -12.2233733]}}, {"type": "Feature", "properties": {"nombre": "FERRETERIA CONSORCIO D & M", "tipo": "Progresol 2.0", "pdv": "0000104698", "direccion": "AV LAS AMERICAS S/N ", "fen_pc_dist_m": 867.2, "fen_peligro": "Inundación, erosión", "fen_nivel": null, "fen_expuesto_2km": true}, "geometry": {"type": "Point", "coordinates": [-75.25345247, -12.04290476]}}, {"type": "Feature", "properties": {"nombre": "FERRETERIA FERRE SUR", "tipo": "Progresol 2.0", "pdv": "0000104699", "direccion": "MZ L LT.28 III ETAPA SAN JOSE ", "fen_pc_dist_m": 8906.7, "fen_peligro": "Inundación, erosión", "fen_nivel": "", "fen_expuesto_2km": false}, "geometry": {"type": "Point", "coordinates": [-76.7644472, -12.392817]}}, {"type": "Feature", "properties": {"nombre": "FERRETERÍA JOLFER", "tipo": "Progresol 2.0", "pdv": "0000104701", "direccion": "AV. GERVACIO SANTILLANA N° 951 ", "fen_pc_dist_m": 551.1, "fen_peligro": "Inundación", "fen_nivel": "Alto", "fen_expuesto_2km": true}, "geometry": {"type": "Point", "coordinates": [-74.250993, -12.9380701]}}, {"type": "Feature", "properties": {"nombre": "FERRETERIA LUNA", "tipo": "Progresol 2.0", "pdv": "0000104704", "direccion": "AV. TUPAC AMARU MZ A CD LT17 C ANEX ", "fen_pc_dist_m": 3981.9, "fen_peligro": "Flujo de detritos, erosión fluvial", "fen_nivel": "Muy alto", "fen_expuesto_2km": false}, "geometry": {"type": "Point", "coordinates": [-76.9641994, -11.9084084]}}, {"type": "Feature", "properties": {"nombre": "FERRETERIA MAFER", "tipo": "Progresol 2.0", "pdv": "0000104705", "direccion": "CALLE SAN MARTIN MZ H LT 8 LA AGUAD ", "fen_pc_dist_m": 3263.4, "fen_peligro": "", "fen_nivel": null, "fen_expuesto_2km": false}, "geometry": {"type": "Point", "coordinates": [-76.6195217, -12.6646867]}}, {"type": "Feature", "properties": {"nombre": "FERRETERIA KARINA", "tipo": "Progresol 2.0", "pdv": "0000104707", "direccion": "TOTORA - CARRETERA HUANTA (REFERENCIA: AL COSTADO DE LA TERMINAL", "fen_pc_dist_m": 544.9, "fen_peligro": "Inundación", "fen_nivel": "Medio", "fen_expuesto_2km": true}, "geometry": {"type": "Point", "coordinates": [-74.212742, -13.140035]}}, {"type": "Feature", "properties": {"nombre": "FERRETERIA DANMER", "tipo": "Progresol 2.0", "pdv": "0000104708", "direccion": "AV. REP DE POLONIA 1041 MZ. LL LT. ", "fen_pc_dist_m": 818.1, "fen_peligro": "Inundación", "fen_nivel": "", "fen_expuesto_2km": true}, "geometry": {"type": "Point", "coordinates": [-76.9969414, -11.9674351]}}, {"type": "Feature", "properties": {"nombre": "FERRETERIA REIK", "tipo": "Progresol 2.0", "pdv": "0000104712", "direccion": "AV 3 DE OCTUBRE / GENERAL CORDOVA H ", "fen_pc_dist_m": 2440.9, "fen_peligro": "Inundación", "fen_nivel": "", "fen_expuesto_2km": false}, "geometry": {"type": "Point", "coordinates": [-75.2053734, -12.1049653]}}, {"type": "Feature", "properties": {"nombre": "FERRETERIA EL CONSTRUCTOR", "tipo": "Progresol 2.0", "pdv": "0000104713", "direccion": "ANTIGUA PAMERICANA SUR KM 62 FRENTE ", "fen_pc_dist_m": 1528.5, "fen_peligro": "Inundación", "fen_nivel": "", "fen_expuesto_2km": true}, "geometry": {"type": "Point", "coordinates": [-76.7292844, -12.5239748]}}, {"type": "Feature", "properties": {"nombre": "FERRETERIA YANINA MANTILLA", "tipo": "Progresol 2.0", "pdv": "0000104716", "direccion": "JR. JOSE SANTOS ATAHUALPA SIN NUMER ", "fen_pc_dist_m": 389.6, "fen_peligro": "Inundación", "fen_nivel": "", "fen_expuesto_2km": true}, "geometry": {"type": "Point", "coordinates": [-74.2127344, -13.1681892]}}, {"type": "Feature", "properties": {"nombre": "FERRETERIA LA LIBERTAD", "tipo": "Progresol 2.0", "pdv": "0000104717", "direccion": "MZA. T1 LOTE. 26 URB. LOS MOLINOS ", "fen_pc_dist_m": 5589.6, "fen_peligro": "Inundación", "fen_nivel": null, "fen_expuesto_2km": false}, "geometry": {"type": "Point", "coordinates": [-77.0764847, -11.8397699]}}, {"type": "Feature", "properties": {"nombre": "FERRETERIA DANIEL", "tipo": "Progresol 2.0", "pdv": "0000104718", "direccion": "CALLE SAN JUAN MZ A LOTE 15 ", "fen_pc_dist_m": 3282.0, "fen_peligro": null, "fen_nivel": "", "fen_expuesto_2km": false}, "geometry": {"type": "Point", "coordinates": [-75.19720306, -12.09665032]}}, {"type": "Feature", "properties": {"nombre": "FERRETERIA HUAYHUAS 1", "tipo": "Progresol 2.0", "pdv": "0000104719", "direccion": "AV.EDILBERTO RAMOS MZ.A LT.3 IMPERI ", "fen_pc_dist_m": 11635.5, "fen_peligro": "Inundación", "fen_nivel": null, "fen_expuesto_2km": false}, "geometry": {"type": "Point", "coordinates": [-76.958419, -12.131307]}}, {"type": "Feature", "properties": {"nombre": "FERRETERIA KIARA", "tipo": "Progresol 2.0", "pdv": "0000104721", "direccion": "Zona C UCV 54 LOTE 27 ", "fen_pc_dist_m": 2528.9, "fen_peligro": "Inundación", "fen_nivel": null, "fen_expuesto_2km": false}, "geometry": {"type": "Point", "coordinates": [-76.819094, -12.0099479]}}, {"type": "Feature", "properties": {"nombre": "FERRETERIA ANGIE", "tipo": "Progresol 2.0", "pdv": "0000104722", "direccion": "MZ.B3 LT.38 URB.ESMERALDA 4TA ETAPA ", "fen_pc_dist_m": 1939.2, "fen_peligro": "Inundación", "fen_nivel": null, "fen_expuesto_2km": true}, "geometry": {"type": "Point", "coordinates": [-77.0533031, -11.865639]}}, {"type": "Feature", "properties": {"nombre": "FERRETERIA LUIS FABRICIO", "tipo": "Progresol 2.0", "pdv": "0000104723", "direccion": "JR. LOS CIPRECES 240 ", "fen_pc_dist_m": 886.8, "fen_peligro": "Inundación", "fen_nivel": " ", "fen_expuesto_2km": true}, "geometry": {"type": "Point", "coordinates": [-74.203378, -13.178407]}}, {"type": "Feature", "properties": {"nombre": "FERRETERIA DELGADO", "tipo": "Progresol 2.0", "pdv": "0000104727", "direccion": "MZ 4 LT. 25 ASOCIACION HABITAT EL P REFERENCIA AUXILIAR PANAMERICANA NORTE", "fen_pc_dist_m": 9584.6, "fen_peligro": "Inundación", "fen_nivel": "", "fen_expuesto_2km": false}, "geometry": {"type": "Point", "coordinates": [-77.1474565, -11.7590522]}}, {"type": "Feature", "properties": {"nombre": "FERRETERIA SOVELY", "tipo": "Progresol 2.0", "pdv": "0000104737", "direccion": "MZA. G LOTE. 08A URB. PALAZUELOS  (A 1CASA DEL JARDIN - EN LA MISMA AVENI", "fen_pc_dist_m": 680.3, "fen_peligro": null, "fen_nivel": "", "fen_expuesto_2km": true}, "geometry": {"type": "Point", "coordinates": [-75.732763, -14.056374]}}, {"type": "Feature", "properties": {"nombre": "FERRETERIA J-ABNER", "tipo": "Progresol 2.0", "pdv": "0000104738", "direccion": "AV LOS LIBERTADORES.MZ B LOTE 4 F ", "fen_pc_dist_m": 971.4, "fen_peligro": "Inundación, erosión", "fen_nivel": "", "fen_expuesto_2km": true}, "geometry": {"type": "Point", "coordinates": [-74.221275, -13.1788356]}}, {"type": "Feature", "properties": {"nombre": "FERRETERIA JIREH", "tipo": "Progresol 1.0", "pdv": "0000104742", "direccion": "AV UNION MZ G LT 20 ASOCIACION DE VIVIENDAS PACHACAMAC", "fen_pc_dist_m": 4007.6, "fen_peligro": "Inundación, Erosión fluvial", "fen_nivel": "Alto", "fen_expuesto_2km": false}, "geometry": {"type": "Point", "coordinates": [-76.88224, -12.1547533]}}, {"type": "Feature", "properties": {"nombre": "FERRETERIA YAUYINITO", "tipo": "Progresol 2.0", "pdv": "0000104743", "direccion": "JR PETRONA APOLAYA # 602 ", "fen_pc_dist_m": 1218.2, "fen_peligro": "Inundación", "fen_nivel": null, "fen_expuesto_2km": true}, "geometry": {"type": "Point", "coordinates": [-75.2890825, -12.0640715]}}, {"type": "Feature", "properties": {"nombre": "FERRETERIA GRAMADALES", "tipo": "Progresol 2.0", "pdv": "0000104744", "direccion": "AV. MARISCAL SUCRE MZ. C LT. 4 ", "fen_pc_dist_m": 1999.5, "fen_peligro": "", "fen_nivel": "", "fen_expuesto_2km": true}, "geometry": {"type": "Point", "coordinates": [-77.2060184, -11.6041419]}}, {"type": "Feature", "properties": {"nombre": "FERRETERIA JUANITO", "tipo": "Progresol 2.0", "pdv": "0000104745", "direccion": "JR REAL # 867 ", "fen_pc_dist_m": 1432.3, "fen_peligro": null, "fen_nivel": "", "fen_expuesto_2km": true}, "geometry": {"type": "Point", "coordinates": [-75.2810617, -12.012804]}}, {"type": "Feature", "properties": {"nombre": "FERRETERIA INCOMEY", "tipo": "Progresol 2.0", "pdv": "0000104746", "direccion": "AV ARGENTINA S/N FRENTE AL MERCADO ", "fen_pc_dist_m": 1175.9, "fen_peligro": "Inundación, flujo de detritos, erosión", "fen_nivel": null, "fen_expuesto_2km": true}, "geometry": {"type": "Point", "coordinates": [-75.283999, -12.0537092]}}, {"type": "Feature", "properties": {"nombre": "FERRETERIA PERFILES", "tipo": "Progresol 1.0", "pdv": "0000104747", "direccion": "CAR CENTRAL KM 95 MZ A LT 8 BARRIO PITE", "fen_pc_dist_m": 155.1, "fen_peligro": "", "fen_nivel": "", "fen_expuesto_2km": true}, "geometry": {"type": "Point", "coordinates": [-76.2955202, -11.7544772]}}, {"type": "Feature", "properties": {"nombre": "FERRETERIA DOMINGUEZ R Y M", "tipo": "Progresol 2.0", "pdv": "0000104753", "direccion": "MZ G 48 LT 12 SECTOR V ", "fen_pc_dist_m": 1686.8, "fen_peligro": "Inundación", "fen_nivel": null, "fen_expuesto_2km": true}, "geometry": {"type": "Point", "coordinates": [-77.1016182, -12.0247293]}}, {"type": "Feature", "properties": {"nombre": "FERRETERIA ORELLANO", "tipo": "Progresol 2.0", "pdv": "0000104755", "direccion": "AV. COPACABANA MZ. A LT. 4 ", "fen_pc_dist_m": 4116.8, "fen_peligro": "Inundación", "fen_nivel": "", "fen_expuesto_2km": false}, "geometry": {"type": "Point", "coordinates": [-77.073205, -11.85569]}}, {"type": "Feature", "properties": {"nombre": "FERRETERIA JASVAL", "tipo": "Progresol 2.0", "pdv": "0000104756", "direccion": "VÍA MZ. B LT. 4 ASOC. SOL DE CUPICH PARADERO LA SUBIDA RICARDO PALMA", "fen_pc_dist_m": 134.2, "fen_peligro": "Erosión fluvial", "fen_nivel": "Muy Alto", "fen_expuesto_2km": true}, "geometry": {"type": "Point", "coordinates": [-76.6112141, -11.9142484]}}, {"type": "Feature", "properties": {"nombre": "PROGRESOL CONDORI", "tipo": "Progresol 2.0", "pdv": "0000104759", "direccion": "AV. VENEZUELA 1421 URB CIUDAD DEL P ", "fen_pc_dist_m": 2746.3, "fen_peligro": "Inundación", "fen_nivel": null, "fen_expuesto_2km": false}, "geometry": {"type": "Point", "coordinates": [-77.107064, -12.063105]}}, {"type": "Feature", "properties": {"nombre": "FERRETERIA GERALDINE", "tipo": "Progresol 2.0", "pdv": "0000104760", "direccion": "MZ. H LT. 6 PROA CHALACA ( REFERENCIA A CUADRAS DE LA AV. 200 )", "fen_pc_dist_m": 10654.7, "fen_peligro": "Inundación", "fen_nivel": "", "fen_expuesto_2km": false}, "geometry": {"type": "Point", "coordinates": [-77.14355, -11.842372]}}, {"type": "Feature", "properties": {"nombre": "FERRETERIA EL PEQUEÑITO", "tipo": "Progresol 2.0", "pdv": "0000104761", "direccion": "CALLE 11 MZ 5 LOTE 4 EX ZONA COMERC ", "fen_pc_dist_m": 7169.6, "fen_peligro": "Inundación", "fen_nivel": "", "fen_expuesto_2km": false}, "geometry": {"type": "Point", "coordinates": [-77.127493, -11.873081]}}, {"type": "Feature", "properties": {"nombre": "FERRETERIA SARITA", "tipo": "Progresol 2.0", "pdv": "0000104763", "direccion": "AV.BUENOS AIRES N° 1142 ", "fen_pc_dist_m": 4675.4, "fen_peligro": "Inundación", "fen_nivel": "", "fen_expuesto_2km": false}, "geometry": {"type": "Point", "coordinates": [-77.084358, -11.858753]}}, {"type": "Feature", "properties": {"nombre": "FERRETERIA SANTY", "tipo": "Progresol 2.0", "pdv": "0000104766", "direccion": "PRO.SANTA CRUZ DE ASIA MZA. F LOTE. ", "fen_pc_dist_m": 9870.8, "fen_peligro": "Inundación, erosión", "fen_nivel": "", "fen_expuesto_2km": false}, "geometry": {"type": "Point", "coordinates": [-76.5984374, -12.7629275]}}, {"type": "Feature", "properties": {"nombre": "FERRETERIA RODRIGUEZ 2", "tipo": "Progresol 2.0", "pdv": "0000104772", "direccion": "ASOCIACIÓN VILLAESTELA MZB LT02 AV. ", "fen_pc_dist_m": 1568.6, "fen_peligro": "Inundación, erosión fluvial", "fen_nivel": "Alto", "fen_expuesto_2km": true}, "geometry": {"type": "Point", "coordinates": [-77.048504, -11.905815]}}, {"type": "Feature", "properties": {"nombre": "CENTRO FERRETERO TAMBRACC", "tipo": "Progresol 2.0", "pdv": "0000104776", "direccion": "AV. GERVACIO SANTILLANA N° 633 ", "fen_pc_dist_m": 563.3, "fen_peligro": "Inundación", "fen_nivel": "Alto", "fen_expuesto_2km": true}, "geometry": {"type": "Point", "coordinates": [-74.2527664, -12.9395491]}}, {"type": "Feature", "properties": {"nombre": "FERRETERIA LENIN", "tipo": "Progresol 2.0", "pdv": "0000104779", "direccion": "AV. 200 MILLAS MZ A LT 18 AAHH. COS ", "fen_pc_dist_m": 10286.7, "fen_peligro": "Inundación", "fen_nivel": null, "fen_expuesto_2km": false}, "geometry": {"type": "Point", "coordinates": [-77.139172, -11.845184]}}, {"type": "Feature", "properties": {"nombre": "FERRETERIA L&L", "tipo": "Progresol 2.0", "pdv": "0000104783", "direccion": "MZ X LT 11 AAHH 15 DE ENERO / PARQU ", "fen_pc_dist_m": 783.3, "fen_peligro": "Inundación", "fen_nivel": "", "fen_expuesto_2km": true}, "geometry": {"type": "Point", "coordinates": [-76.7378267, -12.488695]}}, {"type": "Feature", "properties": {"nombre": "FERRETERIA SAN VICENTE DE AZPITIA", "tipo": "Progresol 2.0", "pdv": "0000104788", "direccion": "AV. PEDRO ABURTO NRO. 108 SANTA CRU ", "fen_pc_dist_m": 1020.5, "fen_peligro": "", "fen_nivel": "", "fen_expuesto_2km": true}, "geometry": {"type": "Point", "coordinates": [-76.6398517, -12.6184267]}}, {"type": "Feature", "properties": {"nombre": "FERRETERIA ANGEL", "tipo": "Progresol 2.0", "pdv": "0000104789", "direccion": "JR.RAUCA ROSARIO MZ.23 LT.2 ", "fen_pc_dist_m": 676.8, "fen_peligro": "Inundación", "fen_nivel": " ", "fen_expuesto_2km": true}, "geometry": {"type": "Point", "coordinates": [-77.525798, -9.53963]}}, {"type": "Feature", "properties": {"nombre": "FERRETERIA SALVADOR", "tipo": "Progresol 2.0", "pdv": "0000104791", "direccion": "SECTOR 1 GRUPO 22 MZ K LT. 1 AV. MO ", "fen_pc_dist_m": 9127.3, "fen_peligro": "Inundación, erosión fluvial", "fen_nivel": "Alto", "fen_expuesto_2km": false}, "geometry": {"type": "Point", "coordinates": [-76.9582541, -12.1951628]}}, {"type": "Feature", "properties": {"nombre": "FERRETERIA SAN MIGUEL", "tipo": "Progresol 2.0", "pdv": "0000104796", "direccion": "CALLE CARLOS PAREJA PAZ SOLDAN MZ.A ", "fen_pc_dist_m": 1630.6, "fen_peligro": "Inundación", "fen_nivel": "", "fen_expuesto_2km": true}, "geometry": {"type": "Point", "coordinates": [-77.0278726, -12.0160663]}}, {"type": "Feature", "properties": {"nombre": "FERRETERIA VALDEZ", "tipo": "Progresol 1.0", "pdv": "0000104798", "direccion": "MZ W LT 14 SECTOR A GRA4 PPN PACHAC ", "fen_pc_dist_m": 12191.8, "fen_peligro": "Inundación", "fen_nivel": "", "fen_expuesto_2km": false}, "geometry": {"type": "Point", "coordinates": [-77.151778, -11.829639]}}, {"type": "Feature", "properties": {"nombre": "FERRETERIA SAN LUIS", "tipo": "Progresol 2.0", "pdv": "0000104800", "direccion": "CALLE 5 MZ. F LT. 1 AAHH KEIKO SOFI ", "fen_pc_dist_m": 8452.1, "fen_peligro": "Inundación", "fen_nivel": "", "fen_expuesto_2km": false}, "geometry": {"type": "Point", "coordinates": [-77.101023, -11.827413]}}, {"type": "Feature", "properties": {"nombre": "FERRETERIA KEVIN", "tipo": "Progresol 2.0", "pdv": "0000104803", "direccion": "CARRETERA CENTRAL KM 7.5YANAGROSAVE ", "fen_pc_dist_m": 290.3, "fen_peligro": null, "fen_nivel": "", "fen_expuesto_2km": true}, "geometry": {"type": "Point", "coordinates": [-76.2422927, -9.9931615]}}, {"type": "Feature", "properties": {"nombre": "FERRETERIA BRENDA", "tipo": "Progresol 2.0", "pdv": "0000104805", "direccion": "AV.CABO BLANCO MZ.R1LT.1 SECTOR A3  ( ALT. DEL PARADERO LLANTERO)", "fen_pc_dist_m": 12281.0, "fen_peligro": "Inundación", "fen_nivel": "", "fen_expuesto_2km": false}, "geometry": {"type": "Point", "coordinates": [-77.153414, -11.82913]}}, {"type": "Feature", "properties": {"nombre": "FERRETERIA DEP.LOS ANGELES", "tipo": "Progresol 2.0", "pdv": "0000104806", "direccion": "LOS ANGELES MZ.A LT.29 ASOC.LOS ANG ", "fen_pc_dist_m": 3043.6, "fen_peligro": "Inundación, erosión fluvial", "fen_nivel": "Alto", "fen_expuesto_2km": false}, "geometry": {"type": "Point", "coordinates": [-77.02932643, -11.90407819]}}, {"type": "Feature", "properties": {"nombre": "FERRETERIA VILMA", "tipo": "Progresol 2.0", "pdv": "0000104807", "direccion": "AV. JOSE CARLOS MARIATEGUI NRO. 211  2 ETAPA", "fen_pc_dist_m": 1042.3, "fen_peligro": "Erosión fluvial", "fen_nivel": "Muy alto", "fen_expuesto_2km": true}, "geometry": {"type": "Point", "coordinates": [-76.9976766, -12.0370121]}}, {"type": "Feature", "properties": {"nombre": "FERRETERIA ERAZO", "tipo": "Progresol 2.0", "pdv": "0000104809", "direccion": "MZA. B LOTE. 24 PROG. RESD. LAS ORQ AMISTAD)", "fen_pc_dist_m": 4044.3, "fen_peligro": "Inundación, erosión fluvial", "fen_nivel": "Alto", "fen_expuesto_2km": false}, "geometry": {"type": "Point", "coordinates": [-77.108032, -11.985409]}}, {"type": "Feature", "properties": {"nombre": "FERRETERIA LLAURINOS", "tipo": "Progresol 2.0", "pdv": "0000104811", "direccion": "MZA. M LOTE. 04 A.H. ESTERAS II ", "fen_pc_dist_m": 12050.0, "fen_peligro": "Inundación", "fen_nivel": "", "fen_expuesto_2km": false}, "geometry": {"type": "Point", "coordinates": [-77.1653217, -11.7754683]}}, {"type": "Feature", "properties": {"nombre": "FERRETERIA ITALOS", "tipo": "Progresol 2.0", "pdv": "0000104812", "direccion": "AV.LA PLAYA MZ.N3 LT.7 AAHH. DEFENS (ALT OVALO VENTANILLA,SIG CARRETERA PLAY", "fen_pc_dist_m": 6676.4, "fen_peligro": "Inundación", "fen_nivel": "", "fen_expuesto_2km": false}, "geometry": {"type": "Point", "coordinates": [-77.134597, -11.877488]}}, {"type": "Feature", "properties": {"nombre": "CONSORCIO FERRETERO VARGAS", "tipo": "Progresol 2.0", "pdv": "0000104815", "direccion": "JR. CESAR VALLEJO 120 ", "fen_pc_dist_m": 2012.5, "fen_peligro": "Inundación, flujo de detritos, erosión fluvial", "fen_nivel": "Muy alto", "fen_expuesto_2km": false}, "geometry": {"type": "Point", "coordinates": [-74.5534961, -8.3786598]}}, {"type": "Feature", "properties": {"nombre": "FERRETERIA MILLA EIRL", "tipo": "Progresol 2.0", "pdv": "0000104816", "direccion": "AV. RAMON CASTILLA S/N ", "fen_pc_dist_m": 1055.6, "fen_peligro": "Inundación", "fen_nivel": " ", "fen_expuesto_2km": true}, "geometry": {"type": "Point", "coordinates": [-77.8072343, -9.0464311]}}, {"type": "Feature", "properties": {"nombre": "DISMAD CARAZ E.I.R.L", "tipo": "Progresol 2.0", "pdv": "0000104817", "direccion": "BARRIO YURACOTO S/ N ", "fen_pc_dist_m": 1776.8, "fen_peligro": "Inundación", "fen_nivel": " ", "fen_expuesto_2km": true}, "geometry": {"type": "Point", "coordinates": [-77.8207969, -9.0275296]}}, {"type": "Feature", "properties": {"nombre": "FERRETERA ALVA", "tipo": "Progresol 2.0", "pdv": "0000104818", "direccion": "UNIVERSITARIA N°1308 ", "fen_pc_dist_m": 520.9, "fen_peligro": "Inundación, Erosión fluvial", "fen_nivel": "Muy Alto", "fen_expuesto_2km": true}, "geometry": {"type": "Point", "coordinates": [-76.2483676, -9.9550411]}}, {"type": "Feature", "properties": {"nombre": "MULTINEGOCIOS TITO", "tipo": "Progresol 2.0", "pdv": "0000104819", "direccion": "JR. GERVACIO SANTILLANA N° 926 ", "fen_pc_dist_m": 693.9, "fen_peligro": "Inundación", "fen_nivel": "Alto", "fen_expuesto_2km": true}, "geometry": {"type": "Point", "coordinates": [-74.2551397, -12.9376245]}}, {"type": "Feature", "properties": {"nombre": "FERRETERIA EL CHINO", "tipo": "Progresol 2.0", "pdv": "0000104824", "direccion": "MZ ABC 3 A LT 01 AOCIACION LOMAS AL SAN ANTONIO", "fen_pc_dist_m": 2795.4, "fen_peligro": "Erosión fluvial", "fen_nivel": "Muy alto", "fen_expuesto_2km": false}, "geometry": {"type": "Point", "coordinates": [-76.947807, -11.931011]}}, {"type": "Feature", "properties": {"nombre": "FERRETERIA LA MAR", "tipo": "Progresol 2.0", "pdv": "0000104827", "direccion": "AV. LA MAR NRO. 2225 URB. PANDO 6TA ", "fen_pc_dist_m": 4259.9, "fen_peligro": "Erosión fluvial", "fen_nivel": "Muy alto", "fen_expuesto_2km": false}, "geometry": {"type": "Point", "coordinates": [-77.0808558, -12.07502]}}, {"type": "Feature", "properties": {"nombre": "COMERCIAL FERRETERA EUROPA", "tipo": "Progresol 2.0", "pdv": "0000104828", "direccion": "JR MARIANO GAMOZA MZ 70 LT 1A ", "fen_pc_dist_m": 1233.6, "fen_peligro": "Inundación", "fen_nivel": null, "fen_expuesto_2km": true}, "geometry": {"type": "Point", "coordinates": [-74.80693, -8.47408]}}, {"type": "Feature", "properties": {"nombre": "FERRETERIA ARCE Y MAQUINARIAS", "tipo": "Progresol 2.0", "pdv": "0000104829", "direccion": "AV. EJERCITO NRO. 598 ", "fen_pc_dist_m": 714.6, "fen_peligro": "Inundación, erosión fluvial", "fen_nivel": "Alto", "fen_expuesto_2km": true}, "geometry": {"type": "Point", "coordinates": [-74.2117747, -13.1606535]}}, {"type": "Feature", "properties": {"nombre": "FERRETERIA MILANO", "tipo": "Progresol 2.0", "pdv": "0000104832", "direccion": "AV. CENTRAL MZA. B LOTE. 5 URB. HER  (ALTURA DE LA POSTA MEDICA)", "fen_pc_dist_m": 1163.8, "fen_peligro": "Inundación", "fen_nivel": "", "fen_expuesto_2km": true}, "geometry": {"type": "Point", "coordinates": [-76.9868146, -11.964433]}}, {"type": "Feature", "properties": {"nombre": "FERRETERIA MALVINITAS", "tipo": "Progresol 2.0", "pdv": "0000104838", "direccion": "ASOC. LAS MERCEDES DE ATE 2 DA ETAP ", "fen_pc_dist_m": 691.7, "fen_peligro": null, "fen_nivel": "", "fen_expuesto_2km": true}, "geometry": {"type": "Point", "coordinates": [-76.8528183, -12.0095717]}}, {"type": "Feature", "properties": {"nombre": "FERRETERIA LÓPEZ", "tipo": "Progresol 2.0", "pdv": "0000104844", "direccion": "AV.CONFRATERNIDAD INTERNACIONAL EST ", "fen_pc_dist_m": 1447.4, "fen_peligro": "Inundación, Erosión fluvial", "fen_nivel": "Alto", "fen_expuesto_2km": true}, "geometry": {"type": "Point", "coordinates": [-77.5210594, -9.522799]}}, {"type": "Feature", "properties": {"nombre": "FERRETERIA EVELIN", "tipo": "Progresol 2.0", "pdv": "0000104845", "direccion": "CALLE UNION Y PROGRESO #245 SHANCAY ", "fen_pc_dist_m": 1175.2, "fen_peligro": "Erosión fluvial", "fen_nivel": "Alto", "fen_expuesto_2km": true}, "geometry": {"type": "Point", "coordinates": [-77.5249277, -9.5118793]}}, {"type": "Feature", "properties": {"nombre": "FERRETERIA DANUSKA", "tipo": "Progresol 2.0", "pdv": "0000104847", "direccion": "AV. ELMER FAUCETT MZA. A LOTE. 18 U  (CRUCE AV CANTA CALLAO Y AV FAUCETT)", "fen_pc_dist_m": 4742.4, "fen_peligro": "Inundación", "fen_nivel": null, "fen_expuesto_2km": false}, "geometry": {"type": "Point", "coordinates": [-77.117404, -12.0010061]}}, {"type": "Feature", "properties": {"nombre": "FERRETERIA MIGUEL ANGEL", "tipo": "Progresol 2.0", "pdv": "0000104849", "direccion": "MZA. F LOTE. 1 URB. ALAMEDA DE LA R  (ALT. ÚLTIMO PDRO. LINEA EVIFASA)", "fen_pc_dist_m": 569.7, "fen_peligro": "Erosión fluvial", "fen_nivel": "Muy alto", "fen_expuesto_2km": true}, "geometry": {"type": "Point", "coordinates": [-76.943716, -12.025964]}}, {"type": "Feature", "properties": {"nombre": "FERRETERIA EDGAR", "tipo": "Progresol 2.0", "pdv": "0000104850", "direccion": "AV. ALCIDES VIGO MZ. L LT. 9 - URB. ", "fen_pc_dist_m": 4518.1, "fen_peligro": "Erosión fluvial", "fen_nivel": "Muy alto", "fen_expuesto_2km": false}, "geometry": {"type": "Point", "coordinates": [-77.09752, -11.997836]}}, {"type": "Feature", "properties": {"nombre": "FERRETERIA EL SOL", "tipo": "Progresol 2.0", "pdv": "0000104851", "direccion": "MZ A 1 LOTE 1B MARISCAL CACERES ", "fen_pc_dist_m": 2013.3, "fen_peligro": "Inundación", "fen_nivel": "", "fen_expuesto_2km": false}, "geometry": {"type": "Point", "coordinates": [-76.9849507, -11.9567776]}}, {"type": "Feature", "properties": {"nombre": "FERRETERIA LA HORMIGUITA", "tipo": "Progresol 2.0", "pdv": "0000104852", "direccion": "AV 9 DE DICIEMBRE # 1279 ", "fen_pc_dist_m": 2149.0, "fen_peligro": "Inundación, erosión", "fen_nivel": "Muy alto", "fen_expuesto_2km": false}, "geometry": {"type": "Point", "coordinates": [-75.2072677612304, -12.08567237854]}}, {"type": "Feature", "properties": {"nombre": "FERRETERIA ROCASSA", "tipo": "Progresol 2.0", "pdv": "0000104853", "direccion": "AV. LOS OLIVOS MZA. B LOTE. 8 URB. ", "fen_pc_dist_m": 3582.2, "fen_peligro": "Inundación, erosión fluvial", "fen_nivel": "Alto", "fen_expuesto_2km": false}, "geometry": {"type": "Point", "coordinates": [-77.103388, -11.981844]}}, {"type": "Feature", "properties": {"nombre": "FERRETERIA ROEM", "tipo": "Progresol 2.0", "pdv": "0000104855", "direccion": "MZ LL LOTE 6 ASOCIACION LOS JARDINE ", "fen_pc_dist_m": 748.1, "fen_peligro": "Inundación", "fen_nivel": null, "fen_expuesto_2km": true}, "geometry": {"type": "Point", "coordinates": [-77.026314, -11.869549]}}, {"type": "Feature", "properties": {"nombre": "FERRETERIA MISAEL II", "tipo": "Progresol 2.0", "pdv": "0000104856", "direccion": "AV. REVOLUCION #2039 4TA ZONA ", "fen_pc_dist_m": 3803.6, "fen_peligro": "Inundación, erosión fluvial", "fen_nivel": "Alto", "fen_expuesto_2km": false}, "geometry": {"type": "Point", "coordinates": [-77.0290853, -11.9146232]}}, {"type": "Feature", "properties": {"nombre": "FERRETERIA RAMOS", "tipo": "Progresol 2.0", "pdv": "0000104857", "direccion": "AV. MARIANO PASTOR SEVILLA MZ O LTE  A.A.H.H. EDILBERTO RAMOS", "fen_pc_dist_m": 3636.1, "fen_peligro": "Inundación, Erosión fluvial", "fen_nivel": "Alto", "fen_expuesto_2km": false}, "geometry": {"type": "Point", "coordinates": [-76.926514, -12.242508]}}, {"type": "Feature", "properties": {"nombre": "FERRETERIA DON LUIS", "tipo": "Progresol 2.0", "pdv": "0000104858", "direccion": "AV. UNIVERSITARIA MZA. A LOTE. 05 A OLIVAR(ALT. DEL KM 22 DE LA TUPAC AMARU)", "fen_pc_dist_m": 1908.7, "fen_peligro": "Inundación", "fen_nivel": null, "fen_expuesto_2km": true}, "geometry": {"type": "Point", "coordinates": [-77.012826, -11.860629]}}, {"type": "Feature", "properties": {"nombre": "FERRETERIA JASHE", "tipo": "Progresol 2.0", "pdv": "0000104860", "direccion": "CAL.8 MZA. S LOTE. 3 LOTIZACION CAM ", "fen_pc_dist_m": 891.5, "fen_peligro": "Erosión fluvial", "fen_nivel": "Muy alto", "fen_expuesto_2km": true}, "geometry": {"type": "Point", "coordinates": [-76.961858, -12.018493]}}, {"type": "Feature", "properties": {"nombre": "PROGRESOL SAGRADO CORAZON DE JESUS", "tipo": "Progresol 2.0", "pdv": "0000104862", "direccion": "AV. BETANCOURT MZA. C LOTE. 37 A.H. OVALO INFANTAS)", "fen_pc_dist_m": 1440.2, "fen_peligro": "Inundación", "fen_nivel": null, "fen_expuesto_2km": true}, "geometry": {"type": "Point", "coordinates": [-77.080221, -11.952175]}}, {"type": "Feature", "properties": {"nombre": "FERRETERIA TRIGAL", "tipo": "Progresol 2.0", "pdv": "0000104864", "direccion": "JR MANCO CAPAC S/N ", "fen_pc_dist_m": 6596.3, "fen_peligro": "Inundación", "fen_nivel": null, "fen_expuesto_2km": false}, "geometry": {"type": "Point", "coordinates": [-75.3436317, -12.0194498]}}, {"type": "Feature", "properties": {"nombre": "FERRETERIA JENIVEN", "tipo": "Progresol 2.0", "pdv": "0000104865", "direccion": "AV. JOSE CARLOS MARIATEGUI MZA. 53 (ALTURA DEL PARADERO 3 DE HUASCAR)", "fen_pc_dist_m": 2009.8, "fen_peligro": "Inundación", "fen_nivel": "", "fen_expuesto_2km": false}, "geometry": {"type": "Point", "coordinates": [-77.008409, -11.964233]}}, {"type": "Feature", "properties": {"nombre": "FERRETERIA JORGE Y ANDRES", "tipo": "Progresol 2.0", "pdv": "0000104868", "direccion": "AV. AREQUIPA NRO. 1660 URB. LA LIBE (ALTURA DE MUNICIPALIDAD DE COMAS)", "fen_pc_dist_m": 5022.5, "fen_peligro": "Inundación", "fen_nivel": null, "fen_expuesto_2km": false}, "geometry": {"type": "Point", "coordinates": [-77.043284, -11.958945]}}, {"type": "Feature", "properties": {"nombre": "DISTRIBUIDORA Y FERRETERIA TOTO", "tipo": "Progresol 1.0", "pdv": "0000104872", "direccion": "CAL.LAS TROTUGAS MZA. B LOTE. 04 URB. SANTA MONICA", "fen_pc_dist_m": 1233.6, "fen_peligro": "Inundación, flujo de detritos, erosión", "fen_nivel": null, "fen_expuesto_2km": true}, "geometry": {"type": "Point", "coordinates": [-76.1510023, -13.7065664]}}, {"type": "Feature", "properties": {"nombre": "FERRETERIA TODILANO", "tipo": "Progresol 2.0", "pdv": "0000104875", "direccion": "AV. JOSE SACO ROJAS MZA. J LOTE. 1 APV. AMP.PRADERAS DE SAN PEDRO", "fen_pc_dist_m": 1288.8, "fen_peligro": "Inundación", "fen_nivel": null, "fen_expuesto_2km": true}, "geometry": {"type": "Point", "coordinates": [-77.033987, -11.852275]}}, {"type": "Feature", "properties": {"nombre": "FERRE MATERIALES ROSITA E.I.R.L", "tipo": "Progresol 2.0", "pdv": "0000104876", "direccion": "JR. LOS CODORNICES MZA. E LOTE. 14  (CRUCE AV. TOMAS VALLE Y ANGÉLICA GAMAR", "fen_pc_dist_m": 2720.2, "fen_peligro": "Inundación", "fen_nivel": null, "fen_expuesto_2km": false}, "geometry": {"type": "Point", "coordinates": [-77.088841, -12.012738]}}, {"type": "Feature", "properties": {"nombre": "FERRETERIA NEOFEL", "tipo": "Progresol 2.0", "pdv": "0000104877", "direccion": "AV. GRAN MARISCAL MZ 1 LT 8A ", "fen_pc_dist_m": 877.9, "fen_peligro": "Inundación, erosión fluvial", "fen_nivel": "Alto", "fen_expuesto_2km": true}, "geometry": {"type": "Point", "coordinates": [-74.2225821, -13.1895025]}}, {"type": "Feature", "properties": {"nombre": "CAPITAL RBG SERVICIOS GENERALES E.I ", "tipo": "Progresol 1.0", "pdv": "0000104881", "direccion": "AV. MIGUEL GRAU NRO. 459 C.P. PARCONA (A 20 METROS DEL GIMNASIO)", "fen_pc_dist_m": 540.6, "fen_peligro": "Inundación, Erosión fluvial", "fen_nivel": "Muy alto", "fen_expuesto_2km": true}, "geometry": {"type": "Point", "coordinates": [-75.719504, -14.060679]}}, {"type": "Feature", "properties": {"nombre": "FERRETERIA PUNTO FERRETERO", "tipo": "Progresol 2.0", "pdv": "0000104883", "direccion": "AV. RIVAGUERO NRO. 1208 ", "fen_pc_dist_m": 1665.2, "fen_peligro": "Inundación", "fen_nivel": null, "fen_expuesto_2km": true}, "geometry": {"type": "Point", "coordinates": [-77.0020169, -12.0502068]}}, {"type": "Feature", "properties": {"nombre": "FERRETERIA VELASQUEZ", "tipo": "Progresol 2.0", "pdv": "0000104884", "direccion": "AV. SAN MARTIN NRO. 640 URB. LA LIB ", "fen_pc_dist_m": 4473.6, "fen_peligro": "Inundación", "fen_nivel": null, "fen_expuesto_2km": false}, "geometry": {"type": "Point", "coordinates": [-77.0508161, -11.9609746]}}, {"type": "Feature", "properties": {"nombre": "FERRETERIA NOEMI", "tipo": "Progresol 2.0", "pdv": "0000104886", "direccion": "AV CENTENARIO MZ B LT 3 COOP. SANTA ", "fen_pc_dist_m": 4126.3, "fen_peligro": "Inundación, erosión", "fen_nivel": "Muy alto", "fen_expuesto_2km": false}, "geometry": {"type": "Point", "coordinates": [-75.1883616, -12.050754]}}, {"type": "Feature", "properties": {"nombre": "PROGRESOL RAYCO (FERRETERIA EL CHINO)", "tipo": "Progresol 2.0", "pdv": "0000104888", "direccion": "MZA. L LOTE. 6 COO. COOP.VIV.RES.LA ", "fen_pc_dist_m": 258.1, "fen_peligro": "Inundación, erosión fluvial", "fen_nivel": "Muy alto", "fen_expuesto_2km": true}, "geometry": {"type": "Point", "coordinates": [-77.079518, -11.926965]}}, {"type": "Feature", "properties": {"nombre": "FERRETERIA QUISPE", "tipo": "Progresol 2.0", "pdv": "0000104889", "direccion": "CL JOSE MARIA ARGUEDAS NRO. 158 PSJ ", "fen_pc_dist_m": 10265.6, "fen_peligro": "Inundación, Erosión fluvial", "fen_nivel": "Alto", "fen_expuesto_2km": false}, "geometry": {"type": "Point", "coordinates": [-76.945365, -12.147657]}}, {"type": "Feature", "properties": {"nombre": "FERRETERIA GOMEZ", "tipo": "Progresol 2.0", "pdv": "0000104890", "direccion": "MZA. D LOTE .10 URB.LAS BEGONIAS DE ", "fen_pc_dist_m": 5084.7, "fen_peligro": "Inundación", "fen_nivel": null, "fen_expuesto_2km": false}, "geometry": {"type": "Point", "coordinates": [-77.112496, -11.995896]}}, {"type": "Feature", "properties": {"nombre": "FERRETERIA KARINA", "tipo": "Progresol 2.0", "pdv": "0000104891", "direccion": "AV. MARAÑON MZA. 7 LOTE. 13 A.H. LA ", "fen_pc_dist_m": 2894.7, "fen_peligro": "Inundación", "fen_nivel": null, "fen_expuesto_2km": false}, "geometry": {"type": "Point", "coordinates": [-77.0801839, -11.9711115]}}, {"type": "Feature", "properties": {"nombre": "FERRETERIA JASMINE", "tipo": "Progresol 2.0", "pdv": "0000104894", "direccion": "CAL. METEORO NRO. 386 URB. LA CAMPI ", "fen_pc_dist_m": 13238.9, "fen_peligro": "Inundación, erosión fluvial", "fen_nivel": "Alto", "fen_expuesto_2km": false}, "geometry": {"type": "Point", "coordinates": [-76.995133, -12.182578]}}, {"type": "Feature", "properties": {"nombre": "FERRETERIA HEIDY", "tipo": "Progresol 2.0", "pdv": "0000104896", "direccion": "MZA. F LOTE. 15 ASOC.DE VIV.SANTA I PARADERO ESTABLO PANAMERICANA NORTE)", "fen_pc_dist_m": 1708.7, "fen_peligro": "Inundación", "fen_nivel": null, "fen_expuesto_2km": true}, "geometry": {"type": "Point", "coordinates": [-77.074545, -11.889575]}}, {"type": "Feature", "properties": {"nombre": "FERRETERIA TAFUR", "tipo": "Progresol 2.0", "pdv": "0000104897", "direccion": "AV. SANTIAGO ANTUNEZ D MAYOLO MZA. A.V. SAN FRANCISCO DE CAYRAN", "fen_pc_dist_m": 4345.8, "fen_peligro": "Inundación", "fen_nivel": null, "fen_expuesto_2km": false}, "geometry": {"type": "Point", "coordinates": [-77.08934, -11.997825]}}, {"type": "Feature", "properties": {"nombre": "PROGRESOL MATISA", "tipo": "Progresol 2.0", "pdv": "0000104903", "direccion": "JR. EL ANGEL MZA. 105 LOTE. 12 A.H. AV MERINO REYNA)", "fen_pc_dist_m": 3096.0, "fen_peligro": "Inundación", "fen_nivel": null, "fen_expuesto_2km": false}, "geometry": {"type": "Point", "coordinates": [-77.019412, -11.895878]}}, {"type": "Feature", "properties": {"nombre": "FERRETERIA CCANTO", "tipo": "Progresol 2.0", "pdv": "0000104904", "direccion": "MZA. R1 LOTE. 13 A.H. SAN BENITO DE (FRENTE AL MERCADO SAN BENITO)", "fen_pc_dist_m": 4053.7, "fen_peligro": "Inundación", "fen_nivel": null, "fen_expuesto_2km": false}, "geometry": {"type": "Point", "coordinates": [-77.045073, -11.819614]}}, {"type": "Feature", "properties": {"nombre": "FERRETERIA SOY DE ACERO", "tipo": "Progresol 2.0", "pdv": "0000104906", "direccion": "AV JOSE CARLOS MARIATEGUI 2457 COO. (ALTURA DE PUENTE NUEVO)", "fen_pc_dist_m": 437.3, "fen_peligro": "Erosión fluvial", "fen_nivel": "Muy alto", "fen_expuesto_2km": true}, "geometry": {"type": "Point", "coordinates": [-76.9991827011108, -12.0317026390455]}}, {"type": "Feature", "properties": {"nombre": "PROGRESOL SANTA ROSA", "tipo": "Progresol 2.0", "pdv": "0000104907", "direccion": "MZA. Q LOTE. 14 A.H. NUEVO PROGRESO ALT DEL MERCADO EL TREBOL DE NVO PROGRES", "fen_pc_dist_m": 9626.9, "fen_peligro": "Inundación, erosión fluvial", "fen_nivel": "Alto", "fen_expuesto_2km": false}, "geometry": {"type": "Point", "coordinates": [-77.1263034, -11.8392566]}}, {"type": "Feature", "properties": {"nombre": "PROGRESOL MELGAREJO", "tipo": "Progresol 2.0", "pdv": "0000104908", "direccion": "MZA. J LOTE. 17 URB. COOVITIOMAR (A 1 CDRA DEL ARCO DE SANTA ROSA)", "fen_pc_dist_m": 11761.7, "fen_peligro": "Inundación", "fen_nivel": "", "fen_expuesto_2km": false}, "geometry": {"type": "Point", "coordinates": [-77.1563365, -11.7869636]}}, {"type": "Feature", "properties": {"nombre": "FERRETERIA SANTIAGO DE AIJA", "tipo": "Progresol 2.0", "pdv": "0000104910", "direccion": "JR. ALEMANIA 2344 ", "fen_pc_dist_m": 1554.7, "fen_peligro": "Inundación", "fen_nivel": null, "fen_expuesto_2km": true}, "geometry": {"type": "Point", "coordinates": [-77.062289, -12.048999]}}, {"type": "Feature", "properties": {"nombre": "ANKERA INVERSIONES E.I.R.L.", "tipo": "Progresol 2.0", "pdv": "0000104912", "direccion": "JR. AGUARICO NRO. 863 ", "fen_pc_dist_m": 2083.4, "fen_peligro": "Inundación", "fen_nivel": null, "fen_expuesto_2km": false}, "geometry": {"type": "Point", "coordinates": [-77.051486, -12.056584]}}, {"type": "Feature", "properties": {"nombre": "M & M CASITA FELIZ SAC", "tipo": "Progresol 1.0", "pdv": "0000104913", "direccion": "PJ. 13 MZA. E LOTE. 12 A.H. JAZMINE (ALT. FIORI)", "fen_pc_dist_m": 1601.7, "fen_peligro": "Inundación", "fen_nivel": null, "fen_expuesto_2km": true}, "geometry": {"type": "Point", "coordinates": [-77.066096, -12.020519]}}, {"type": "Feature", "properties": {"nombre": "FERRETERIA CHALITO", "tipo": "Progresol 2.0", "pdv": "0000104914", "direccion": "AV. SAN MARTIN MZA. H LOTE. 03 C.P. ", "fen_pc_dist_m": 1960.4, "fen_peligro": "Inundación", "fen_nivel": "Muy alto", "fen_expuesto_2km": true}, "geometry": {"type": "Point", "coordinates": [-76.8248067, -12.1094733]}}, {"type": "Feature", "properties": {"nombre": "EMPRESA D Y M EL COLORADO E.I.R.L. ", "tipo": "Progresol 1.0", "pdv": "0000104919", "direccion": "AV. ANTONIO RAYMONDI NRO. SN (AV.RAYMONDI NRO. 641-X URB.LAS PALMAS)", "fen_pc_dist_m": 1656.3, "fen_peligro": "Inundación", "fen_nivel": "", "fen_expuesto_2km": true}, "geometry": {"type": "Point", "coordinates": [-77.6023362, -11.097104]}}, {"type": "Feature", "properties": {"nombre": "FERRETERIA MORY", "tipo": "Progresol 2.0", "pdv": "0000104920", "direccion": "AV. CIRCUNVALACION ESTE MZA. M (ESQ MCDO FRUTAS EL PAL)", "fen_pc_dist_m": 2535.0, "fen_peligro": "", "fen_nivel": "", "fen_expuesto_2km": false}, "geometry": {"type": "Point", "coordinates": [-77.19889, -11.4974427]}}, {"type": "Feature", "properties": {"nombre": "FERRETERIA FERREMATCO", "tipo": "Progresol 2.0", "pdv": "0000104921", "direccion": "AV. LA ROSA TORO NRO. 482 URB. LA V  (AV. LA ROSA TORO 484)", "fen_pc_dist_m": 4167.4, "fen_peligro": "Inundación", "fen_nivel": null, "fen_expuesto_2km": false}, "geometry": {"type": "Point", "coordinates": [-76.9960454, -12.0750743]}}, {"type": "Feature", "properties": {"nombre": "WIÑAY PEREZ", "tipo": "Progresol 2.0", "pdv": "0000104923", "direccion": "AV. LA PAZ MZ. D LT. 4 ", "fen_pc_dist_m": 568.5, "fen_peligro": "Inundación, erosión fluvial", "fen_nivel": "Alto", "fen_expuesto_2km": true}, "geometry": {"type": "Point", "coordinates": [-74.2193503, -13.1889744]}}, {"type": "Feature", "properties": {"nombre": "FERRETERÍA QUINTERO", "tipo": "Progresol 2.0", "pdv": "0000104924", "direccion": "JR. CORDOVA NRO. 120 ", "fen_pc_dist_m": 231.8, "fen_peligro": "Inundación", "fen_nivel": "Alto", "fen_expuesto_2km": true}, "geometry": {"type": "Point", "coordinates": [-74.2478928, -12.9403422]}}, {"type": "Feature", "properties": {"nombre": "FERRETERIA MANOLO", "tipo": "Progresol 2.0", "pdv": "0000104925", "direccion": "CARRETERA WILLCAHUAIN N° 364 ", "fen_pc_dist_m": 628.1, "fen_peligro": "Erosión fluvial", "fen_nivel": "Alto", "fen_expuesto_2km": true}, "geometry": {"type": "Point", "coordinates": [-77.530781, -9.5081512]}}, {"type": "Feature", "properties": {"nombre": "INVERSIONES NEW VIRGEN DE COCHARCAS", "tipo": "Progresol 2.0", "pdv": "0000104928", "direccion": "AV TORRE TAGLE # 427 ", "fen_pc_dist_m": 2621.1, "fen_peligro": "Inundación, erosión", "fen_nivel": "Muy alto", "fen_expuesto_2km": false}, "geometry": {"type": "Point", "coordinates": [-75.203025817871, -12.0875968933105]}}, {"type": "Feature", "properties": {"nombre": "FERRETERIA MARYORI E.I.R.L", "tipo": "Progresol 2.0", "pdv": "0000104930", "direccion": "AV. SAN JOSE MZA. J LOTE. 03 OTR. P RESIDENCIAL LAS BRISAS DE NARANJAL", "fen_pc_dist_m": 3088.1, "fen_peligro": "Inundación", "fen_nivel": null, "fen_expuesto_2km": false}, "geometry": {"type": "Point", "coordinates": [-77.100021, -11.977708]}}, {"type": "Feature", "properties": {"nombre": "REPRESENTACIONES E INVERSIONES HEREDIA SAC", "tipo": "Progresol 2.0", "pdv": "0000104931", "direccion": "AV JACINTO IBARRA # 1210 ", "fen_pc_dist_m": 3084.9, "fen_peligro": "Inundación, erosión", "fen_nivel": "Muy alto", "fen_expuesto_2km": false}, "geometry": {"type": "Point", "coordinates": [-75.1957473754882, -12.0851163864135]}}, {"type": "Feature", "properties": {"nombre": "NEGOCIACIONES FERTHI", "tipo": "Progresol 2.0", "pdv": "0000104934", "direccion": "AV. FRANCISCA DE LA CALLE # 479 ", "fen_pc_dist_m": 2113.6, "fen_peligro": "Inundación, erosión", "fen_nivel": "Muy alto", "fen_expuesto_2km": false}, "geometry": {"type": "Point", "coordinates": [-75.2096099853515, -12.0548467636108]}}, {"type": "Feature", "properties": {"nombre": "FERRETERIA ACEROS", "tipo": "Progresol 2.0", "pdv": "0000104935", "direccion": "CIUD. PACHACUTEC GRUPO 3 MZA. D LOT PROY. ESP (ALT. DEL MERCADO PESQUERO 3)", "fen_pc_dist_m": 11104.1, "fen_peligro": "Inundación", "fen_nivel": "", "fen_expuesto_2km": false}, "geometry": {"type": "Point", "coordinates": [-77.1523886, -11.839728]}}, {"type": "Feature", "properties": {"nombre": "EL CONSTRUCTOR DE LARAN", "tipo": "Progresol 2.0", "pdv": "0000104936", "direccion": "CALLE.AYACUCHO MZA. 20 LOTE. 11 UPI  (FRENTE DEL ESTADIO MUNICIPAL)", "fen_pc_dist_m": 2933.1, "fen_peligro": "Inundación", "fen_nivel": "", "fen_expuesto_2km": false}, "geometry": {"type": "Point", "coordinates": [-76.086142, -13.439955]}}, {"type": "Feature", "properties": {"nombre": "DISTRIBUIDORA Y CONSTRUCCION SAN MARTIN SAC", "tipo": "Progresol 2.0", "pdv": "0000104938", "direccion": "AV. UNIVERSITARIA NORTE MZA. 24 LOT INT. A A.H. LAURA CALLER ZONA 4", "fen_pc_dist_m": 2927.0, "fen_peligro": "Inundación", "fen_nivel": null, "fen_expuesto_2km": false}, "geometry": {"type": "Point", "coordinates": [-77.074836, -11.966856]}}, {"type": "Feature", "properties": {"nombre": "PROGRESOL CHARITO II", "tipo": "Progresol 2.0", "pdv": "0000104939", "direccion": "JR. BUSTAMANTE Y RIVERO OESTE NRO. 2DO SECTOR (KM 20.5 TUPAC AMARU)", "fen_pc_dist_m": 1827.9, "fen_peligro": "Inundación", "fen_nivel": null, "fen_expuesto_2km": true}, "geometry": {"type": "Point", "coordinates": [-77.015834, -11.871826]}}, {"type": "Feature", "properties": {"nombre": "FERRETERIA FERRECOM", "tipo": "Progresol 2.0", "pdv": "0000104940", "direccion": "AV. 09 DE DICIEMBRE MZ B LT 9A ", "fen_pc_dist_m": 1142.4, "fen_peligro": null, "fen_nivel": "", "fen_expuesto_2km": true}, "geometry": {"type": "Point", "coordinates": [-74.20141, -13.171239]}}, {"type": "Feature", "properties": {"nombre": "FERRETERIA JOKAP", "tipo": "Progresol 2.0", "pdv": "0000104941", "direccion": "AV. 13 DE ENERO NRO. 2615 URB. SAN ", "fen_pc_dist_m": 263.9, "fen_peligro": "Inundación", "fen_nivel": "", "fen_expuesto_2km": true}, "geometry": {"type": "Point", "coordinates": [-77.0041415, -11.9880133]}}, {"type": "Feature", "properties": {"nombre": "FERRETERIA VASQUEZ", "tipo": "Progresol 2.0", "pdv": "0000104942", "direccion": "AV. INCA RIPAC NRO. 662 P.J. PRO VI ", "fen_pc_dist_m": 1610.3, "fen_peligro": "Inundación", "fen_nivel": null, "fen_expuesto_2km": true}, "geometry": {"type": "Point", "coordinates": [-77.0037011, -12.0517225]}}, {"type": "Feature", "properties": {"nombre": "FERRETERIA PAKITO", "tipo": "Progresol 2.0", "pdv": "0000104944", "direccion": "CAL.BEATITA DE HUMAY NRO. 785 DPTO. ", "fen_pc_dist_m": 933.5, "fen_peligro": "Inundación, flujo de detritos, erosión", "fen_nivel": null, "fen_expuesto_2km": true}, "geometry": {"type": "Point", "coordinates": [-76.2055928, -13.7165121]}}, {"type": "Feature", "properties": {"nombre": "FERRETERIA JANAMPA", "tipo": "Progresol 2.0", "pdv": "0000104945", "direccion": "AV. CIRCUNVALACION MZ. N1 LOTE 7 CARMEN ALTO", "fen_pc_dist_m": 879.9, "fen_peligro": "Inundación, erosión fluvial", "fen_nivel": "Alto", "fen_expuesto_2km": true}, "geometry": {"type": "Point", "coordinates": [-74.221947, -13.187768]}}, {"type": "Feature", "properties": {"nombre": "FERRETERIA FERRECATS", "tipo": "Progresol 2.0", "pdv": "0000104946", "direccion": "AV 9 DE DICIEMBRE # 1499 ", "fen_pc_dist_m": 2153.1, "fen_peligro": "Inundación, erosión", "fen_nivel": "Muy alto", "fen_expuesto_2km": false}, "geometry": {"type": "Point", "coordinates": [-75.2072219848632, -12.0856828689575]}}, {"type": "Feature", "properties": {"nombre": "FERRETERIA DINFECO", "tipo": "Progresol 2.0", "pdv": "0000104953", "direccion": "AV. LAS MAGNOLIAS MZA. A LOTE. 21 C ", "fen_pc_dist_m": 612.2, "fen_peligro": "Inundación", "fen_nivel": null, "fen_expuesto_2km": true}, "geometry": {"type": "Point", "coordinates": [-77.003036, -12.034749]}}, {"type": "Feature", "properties": {"nombre": "FERRETERIA JULIÑO", "tipo": "Progresol 2.0", "pdv": "0000104962", "direccion": "ROSARIO DE ASIA MZ R LT 3 ", "fen_pc_dist_m": 7387.8, "fen_peligro": "Inundación, erosión fluvial", "fen_nivel": "Alto", "fen_expuesto_2km": false}, "geometry": {"type": "Point", "coordinates": [-76.568035, -12.7997533]}}, {"type": "Feature", "properties": {"nombre": "FERRETERIA FEMECONST", "tipo": "Progresol 2.0", "pdv": "0000104969", "direccion": "AV. FERROCARRIL MZ. E LT. 1 VILLA O ", "fen_pc_dist_m": 823.5, "fen_peligro": "Erosión fluvial", "fen_nivel": "Muy alto", "fen_expuesto_2km": true}, "geometry": {"type": "Point", "coordinates": [-76.956415, -12.029683]}}, {"type": "Feature", "properties": {"nombre": "FERRETERIA CASCAJAL", "tipo": "Progresol 2.0", "pdv": "0000104972", "direccion": "MZ.5 A LT.18 A SAN FRANCISCO DE ASI ", "fen_pc_dist_m": 12095.6, "fen_peligro": "Inundación, Erosión fluvial", "fen_nivel": "Alto", "fen_expuesto_2km": false}, "geometry": {"type": "Point", "coordinates": [-76.966423, -12.150938]}}, {"type": "Feature", "properties": {"nombre": "FERRETERIA MILAGROS", "tipo": "Progresol 2.0", "pdv": "0000104974", "direccion": "ASOC. EL OLIVAR MZ G LOTE 6 ", "fen_pc_dist_m": 902.7, "fen_peligro": "Erosión fluvial", "fen_nivel": "Muy alto", "fen_expuesto_2km": true}, "geometry": {"type": "Point", "coordinates": [-76.9122571, -12.0279244]}}, {"type": "Feature", "properties": {"nombre": "FERRETERIA TACO", "tipo": "Progresol 2.0", "pdv": "0000104978", "direccion": "MZA. M LOTE. 13 MAGDA PORTAL ", "fen_pc_dist_m": 2695.6, "fen_peligro": "Inundación", "fen_nivel": "Muy alto", "fen_expuesto_2km": false}, "geometry": {"type": "Point", "coordinates": [-76.830295, -12.105598]}}, {"type": "Feature", "properties": {"nombre": "FERRETERIA SIADEL", "tipo": "Progresol 2.0", "pdv": "0000104980", "direccion": "AV CRUZ BLANCA N 2376(FRENTE AL LOC ", "fen_pc_dist_m": 1026.0, "fen_peligro": "Inundación", "fen_nivel": "", "fen_expuesto_2km": true}, "geometry": {"type": "Point", "coordinates": [-77.5954707, -11.0913006]}}, {"type": "Feature", "properties": {"nombre": "FERRETERIA E INVERSIONES KALIMAX", "tipo": "Progresol 2.0", "pdv": "0000104981", "direccion": "AV HEROES DE LA BREÑA S/N HUAMANMAR ", "fen_pc_dist_m": 1498.1, "fen_peligro": "Inundación, flujo de detritos, erosión", "fen_nivel": " ", "fen_expuesto_2km": true}, "geometry": {"type": "Point", "coordinates": [-75.2182235717773, -12.1208009719848]}}, {"type": "Feature", "properties": {"nombre": "FERRETERIA DIOS HABLA HOY", "tipo": "Progresol 2.0", "pdv": "0000104982", "direccion": "AV. CIRCUNVALACION MZA. L LOTE. 28 (FRENTE AL PARADERO MECH)", "fen_pc_dist_m": 324.3, "fen_peligro": "Inundación", "fen_nivel": null, "fen_expuesto_2km": true}, "geometry": {"type": "Point", "coordinates": [-76.9075823, -12.0153142]}}, {"type": "Feature", "properties": {"nombre": "FERRETERIA FERROMANK", "tipo": "Progresol 2.0", "pdv": "0000104987", "direccion": "JR. CAMINO REAL MZ A LT 2 (COSTADO ", "fen_pc_dist_m": 12220.9, "fen_peligro": "Inundación", "fen_nivel": null, "fen_expuesto_2km": false}, "geometry": {"type": "Point", "coordinates": [-77.0139417, -12.1537678]}}, {"type": "Feature", "properties": {"nombre": "NEGOCIOS OMEGA M.V", "tipo": "Progresol 2.0", "pdv": "0000104988", "direccion": "CAL. ALBERTO DE LAS CASAS NRO. 115 ", "fen_pc_dist_m": 5354.1, "fen_peligro": "", "fen_nivel": "", "fen_expuesto_2km": false}, "geometry": {"type": "Point", "coordinates": [-77.2687224, -11.5641075]}}, {"type": "Feature", "properties": {"nombre": "CONSTRUYENDO A&F", "tipo": "Progresol 2.0", "pdv": "0000104990", "direccion": "AV. CONFRATERNIDAD ESTE #741 NICRUP ", "fen_pc_dist_m": 1621.8, "fen_peligro": "Inundación, Erosión fluvial", "fen_nivel": "Alto", "fen_expuesto_2km": true}, "geometry": {"type": "Point", "coordinates": [-77.5219131, -9.5205322]}}, {"type": "Feature", "properties": {"nombre": "JJ ROSALES BORJA E.I.R.L.", "tipo": "Progresol 2.0", "pdv": "0000104993", "direccion": "AV. FRANCISCO VIDAL NRO. 492 (COSTA ", "fen_pc_dist_m": 5001.4, "fen_peligro": "Inundación", "fen_nivel": "", "fen_expuesto_2km": false}, "geometry": {"type": "Point", "coordinates": [-77.7179064, -10.7958468]}}, {"type": "Feature", "properties": {"nombre": "FERRETERIA ORIENTE", "tipo": "Progresol 2.0", "pdv": "0000104994", "direccion": "AV. TINGO MARIA NRO. 751 P.J. JOSE SECT. V ALTO", "fen_pc_dist_m": 10210.6, "fen_peligro": "Inundación, Erosión fluvial", "fen_nivel": "Alto", "fen_expuesto_2km": false}, "geometry": {"type": "Point", "coordinates": [-76.942003, -12.142177]}}, {"type": "Feature", "properties": {"nombre": "FERRETERIA VARGAS", "tipo": "Progresol 2.0", "pdv": "0000104995", "direccion": "AV.UNIVERSITARIA MZA. D LOTE 12 URB ", "fen_pc_dist_m": 545.4, "fen_peligro": "Inundación, Erosión fluvial", "fen_nivel": "Muy Alto", "fen_expuesto_2km": true}, "geometry": {"type": "Point", "coordinates": [-76.249191, -9.954212]}}, {"type": "Feature", "properties": {"nombre": "DEPOSITO DE MATERIALES DE CONSTRUCCION VIRGEN DE L", "tipo": "Progresol 2.0", "pdv": "0000104997", "direccion": "AV. MIGUEL IGLESIA N° 851 ", "fen_pc_dist_m": 10890.5, "fen_peligro": "Inundación, Erosión fluvial", "fen_nivel": "Alto", "fen_expuesto_2km": false}, "geometry": {"type": "Point", "coordinates": [-76.9598159, -12.1621291]}}, {"type": "Feature", "properties": {"nombre": "FERRETERIA TORREJON", "tipo": "Progresol 2.0", "pdv": "0000105000", "direccion": "AV. MARIA REICHE MZ. V LT. 3 AA.HH. ", "fen_pc_dist_m": 2902.6, "fen_peligro": "Inundación, Erosión fluvial", "fen_nivel": "Alto", "fen_expuesto_2km": false}, "geometry": {"type": "Point", "coordinates": [-76.920044, -12.244396]}}, {"type": "Feature", "properties": {"nombre": "FERRETERIA JOSSELYN", "tipo": "Progresol 2.0", "pdv": "0000105001", "direccion": "MZ. E2 LT. 21 AGRUPAMIENTO PACHACAM ", "fen_pc_dist_m": 3227.5, "fen_peligro": "Inundación, erosión fluvial", "fen_nivel": "Alto", "fen_expuesto_2km": false}, "geometry": {"type": "Point", "coordinates": [-76.915836, -12.228469]}}, {"type": "Feature", "properties": {"nombre": "CENTRO CERÁMICO TITO", "tipo": "Progresol 2.0", "pdv": "0000105002", "direccion": "Jr. TARAPACÁ N° 591-593 ", "fen_pc_dist_m": 575.9, "fen_peligro": "Inundación", "fen_nivel": "Alto", "fen_expuesto_2km": true}, "geometry": {"type": "Point", "coordinates": [-74.2511424, -12.9378976]}}, {"type": "Feature", "properties": {"nombre": "FERRETERIA MELEBYM SAC", "tipo": "Progresol 2.0", "pdv": "0000105003", "direccion": "AV TUPAC AMARU KM23 1/2 ", "fen_pc_dist_m": 2130.5, "fen_peligro": "Inundación", "fen_nivel": null, "fen_expuesto_2km": false}, "geometry": {"type": "Point", "coordinates": [-77.0015706, -11.8479899]}}, {"type": "Feature", "properties": {"nombre": "FERRETERIA QUIRA", "tipo": "Progresol 2.0", "pdv": "0000105005", "direccion": "JR.MARAÑON MZ.60 LT.10 PDRO.6 JOSE ", "fen_pc_dist_m": 3462.0, "fen_peligro": "Erosión fluvial", "fen_nivel": "Muy Alto", "fen_expuesto_2km": false}, "geometry": {"type": "Point", "coordinates": [-76.907470703125, -12.2134466171264]}}, {"type": "Feature", "properties": {"nombre": "FERRETERIA LAZARO H E D", "tipo": "Progresol 2.0", "pdv": "0000105009", "direccion": "AV. CIRCUNVALACION NORTE MZ B LT 3 (COSTADO DE GRIFO SAN MARTIN)", "fen_pc_dist_m": 3804.6, "fen_peligro": "", "fen_nivel": "", "fen_expuesto_2km": false}, "geometry": {"type": "Point", "coordinates": [-77.2080834, -11.4897062]}}, {"type": "Feature", "properties": {"nombre": "MATERIALES GONZALES S.A.C", "tipo": "Progresol 2.0", "pdv": "0000105010", "direccion": "AV. VICTOR ANDRES BELAUNDE OESTE NR ET. UNO", "fen_pc_dist_m": 2500.3, "fen_peligro": "Inundación", "fen_nivel": null, "fen_expuesto_2km": false}, "geometry": {"type": "Point", "coordinates": [-77.055534, -11.935133]}}, {"type": "Feature", "properties": {"nombre": "FERRETERIA ELIZABETH", "tipo": "Progresol 2.0", "pdv": "0000105013", "direccion": "CALLE LAS GOLONDRINAS MZ A-3 LT 31 CRUCE CON CANARIOS", "fen_pc_dist_m": 736.6, "fen_peligro": "Erosión fluvial", "fen_nivel": "Muy alto", "fen_expuesto_2km": true}, "geometry": {"type": "Point", "coordinates": [-76.944911, -12.027115]}}, {"type": "Feature", "properties": {"nombre": "FERRETERIA LEIVA", "tipo": "Progresol 2.0", "pdv": "0000105014", "direccion": "MZA. B LOTE. 15 PROGRAMA DE VIVIEND SOL IV ETAPA (ALTURA DE PARADERO EL", "fen_pc_dist_m": 1675.1, "fen_peligro": "Inundación", "fen_nivel": null, "fen_expuesto_2km": true}, "geometry": {"type": "Point", "coordinates": [-77.0085031, -11.8455122]}}, {"type": "Feature", "properties": {"nombre": "FERRETERIA QUITO", "tipo": "Progresol 2.0", "pdv": "0000105015", "direccion": "AV. LOS DOMINICOS MZA. D LOTE. 5 UR ", "fen_pc_dist_m": 4894.9, "fen_peligro": "Erosión fluvial", "fen_nivel": "Muy alto", "fen_expuesto_2km": false}, "geometry": {"type": "Point", "coordinates": [-77.104004, -11.99579]}}, {"type": "Feature", "properties": {"nombre": "FERRETERIA RONCALLI", "tipo": "Progresol 2.0", "pdv": "0000105016", "direccion": "AV AVIACION 4608 ", "fen_pc_dist_m": 8836.6, "fen_peligro": "Inundación", "fen_nivel": null, "fen_expuesto_2km": false}, "geometry": {"type": "Point", "coordinates": [-76.9983269, -12.1205272]}}, {"type": "Feature", "properties": {"nombre": "PROGRESOL PARDO", "tipo": "Progresol 2.0", "pdv": "0000105019", "direccion": "JR. NICANOR ASIN NRO. 622 COOP. FAM (CUADRA 14 AV. GERMAN AGUIRRE)", "fen_pc_dist_m": 1925.3, "fen_peligro": "Inundación", "fen_nivel": null, "fen_expuesto_2km": true}, "geometry": {"type": "Point", "coordinates": [-77.080712, -12.018242]}}, {"type": "Feature", "properties": {"nombre": "FERRETERIA EL MISTI  SAC", "tipo": "Progresol 2.0", "pdv": "0000105021", "direccion": "AV ANCON MZ B LOT 26 A.H. MARISCAL (PARADERO FUNDICION, KM 36.50 PANAM", "fen_pc_dist_m": 8762.0, "fen_peligro": "Inundación", "fen_nivel": "", "fen_expuesto_2km": false}, "geometry": {"type": "Point", "coordinates": [-77.1109, -11.832678]}}, {"type": "Feature", "properties": {"nombre": "FERRETERIA EL OLAM", "tipo": "Progresol 2.0", "pdv": "0000105025", "direccion": "MZA. A LOTE. 4 SEC. LAS MERCEDES (E ", "fen_pc_dist_m": 4052.1, "fen_peligro": "Inundación", "fen_nivel": "", "fen_expuesto_2km": false}, "geometry": {"type": "Point", "coordinates": [-76.1328395, -13.5496851]}}, {"type": "Feature", "properties": {"nombre": "PROGRESOL M Y N", "tipo": "Progresol 2.0", "pdv": "0000105026", "direccion": " MZA. C2 LOTE. 4 A.H. 2 DE AGOSTO ", "fen_pc_dist_m": 1410.7, "fen_peligro": "Inundación, erosión fluvial", "fen_nivel": "Alto", "fen_expuesto_2km": true}, "geometry": {"type": "Point", "coordinates": [-77.043526, -11.897954]}}, {"type": "Feature", "properties": {"nombre": "INVERSIONES TICSE ESMARBRIAN", "tipo": "Progresol 2.0", "pdv": "0000105027", "direccion": "JR. CONTAMANA /3 DE OCTUBRE MZ 107 ", "fen_pc_dist_m": 1766.3, "fen_peligro": "Inundación, erosión", "fen_nivel": null, "fen_expuesto_2km": true}, "geometry": {"type": "Point", "coordinates": [-74.5813468, -8.3580726]}}, {"type": "Feature", "properties": {"nombre": "PROGRESOL CHAVIN", "tipo": "Progresol 1.0", "pdv": "0000105028", "direccion": "AV. SAN JOSE MZA. B LOTE. 17 U ", "fen_pc_dist_m": 2498.5, "fen_peligro": "Inundación", "fen_nivel": null, "fen_expuesto_2km": false}, "geometry": {"type": "Point", "coordinates": [-77.0970874, -11.9724534]}}, {"type": "Feature", "properties": {"nombre": "FERRETRIA EL DORADO", "tipo": "Progresol 2.0", "pdv": "0000105033", "direccion": "MZA. C LOTE. 1 A.V. EL DORADO (ESPALDA CEMENTERIO PARADERO PIEDRA)", "fen_pc_dist_m": 7498.8, "fen_peligro": "Inundación", "fen_nivel": "", "fen_expuesto_2km": false}, "geometry": {"type": "Point", "coordinates": [-77.0983245, -11.8364564]}}, {"type": "Feature", "properties": {"nombre": "FERRETERIA FERREKAS", "tipo": "Progresol 2.0", "pdv": "0000105036", "direccion": "AV. 4 MZA. E LOTE. 07 A.H. VIRGEN D ", "fen_pc_dist_m": 9506.4, "fen_peligro": "Inundación", "fen_nivel": "", "fen_expuesto_2km": false}, "geometry": {"type": "Point", "coordinates": [-77.118125, -11.830549]}}, {"type": "Feature", "properties": {"nombre": "ORGANIZACION EL CONSTRUCTOR", "tipo": "Progresol 1.0", "pdv": "0000806246", "direccion": "AV. PANAMERICANA NRO. 188 (COSTADO DE CAPILLA GUADALUPE)", "fen_pc_dist_m": 1287.2, "fen_peligro": "Inundación", "fen_nivel": "", "fen_expuesto_2km": true}, "geometry": {"type": "Point", "coordinates": [-72.890361, -13.634931]}}, {"type": "Feature", "properties": {"nombre": "CEMFISA", "tipo": "Progresol 1.0", "pdv": "0000806265", "direccion": "MZA. B LOTE. 7 -8 COO. VIV. PARAISO ", "fen_pc_dist_m": 7880.7, "fen_peligro": "Inundación", "fen_nivel": "", "fen_expuesto_2km": false}, "geometry": {"type": "Point", "coordinates": [-76.88377, -12.085384]}}, {"type": "Feature", "properties": {"nombre": "1RO DE MAYO", "tipo": "Progresol 1.0", "pdv": "0000806271", "direccion": "PQ INDUSTRIAL MZ.C LT.17 AS ADEICOSUR PARCELA 1", "fen_pc_dist_m": 8134.8, "fen_peligro": "Inundación", "fen_nivel": null, "fen_expuesto_2km": false}, "geometry": {"type": "Point", "coordinates": [-76.9428738, -12.1882504]}}, {"type": "Feature", "properties": {"nombre": "FERRETERÍA EDALS", "tipo": "Progresol 1.0", "pdv": "0000806272", "direccion": "AV. DEFENSORES LIMA P.J. ALFONSO UGARTE MZ. L LOTE 10", "fen_pc_dist_m": 12439.5, "fen_peligro": "Inundación", "fen_nivel": null, "fen_expuesto_2km": false}, "geometry": {"type": "Point", "coordinates": [-76.9711414, -12.145859]}}, {"type": "Feature", "properties": {"nombre": "DISCASA", "tipo": "Progresol 1.0", "pdv": "0000806273", "direccion": "MZA. P2 LOTE. 20 URB. NUEVO LURIN 1RA. ETAPA (LT. 21)", "fen_pc_dist_m": 4033.6, "fen_peligro": "Inundación", "fen_nivel": null, "fen_expuesto_2km": false}, "geometry": {"type": "Point", "coordinates": [-76.8643169, -12.283012]}}, {"type": "Feature", "properties": {"nombre": "ACOFREDI S.A.C.", "tipo": "Progresol 1.0", "pdv": "0000806282", "direccion": "MZ.H LOTE 22 URB.LA ENSENADA (SUCUR ", "fen_pc_dist_m": 1014.2, "fen_peligro": "Inundación", "fen_nivel": null, "fen_expuesto_2km": true}, "geometry": {"type": "Point", "coordinates": [-77.0938828, -11.9344863]}}, {"type": "Feature", "properties": {"nombre": "ADOLFO ELMER HURTADO LINO", "tipo": "Progresol 1.0", "pdv": "0000806286", "direccion": "AV. CANTA CALLAO MZ. V LT. 11 ", "fen_pc_dist_m": 481.7, "fen_peligro": "Inundación", "fen_nivel": null, "fen_expuesto_2km": true}, "geometry": {"type": "Point", "coordinates": [-77.085988, -11.945423]}}, {"type": "Feature", "properties": {"nombre": "GRUPO RIVEROS", "tipo": "Progresol 1.0", "pdv": "0000806295", "direccion": "JR. 23 DE SETIEMBRE MZA. P3 LOTE. 3 ", "fen_pc_dist_m": 1357.4, "fen_peligro": "Inundación", "fen_nivel": null, "fen_expuesto_2km": true}, "geometry": {"type": "Point", "coordinates": [-77.0241123, -11.875143]}}, {"type": "Feature", "properties": {"nombre": "DISTRIBUIDORA KANASHIRO", "tipo": "Progresol 1.0", "pdv": "0000806297", "direccion": "AV. LOMAS DE CARABAYLLO MZA. A LOTE. 06 P.J. NUEVA JERUSALEN", "fen_pc_dist_m": 4117.8, "fen_peligro": "Inundación", "fen_nivel": null, "fen_expuesto_2km": false}, "geometry": {"type": "Point", "coordinates": [-77.0688733, -11.8522637]}}, {"type": "Feature", "properties": {"nombre": "DISTRIBUIDORA KANASHIRO", "tipo": "Progresol 1.0", "pdv": "0000806298", "direccion": "AV. LEONCIO PRADO MZA. L-1 LTE. 05 CP ZAPALLAL", "fen_pc_dist_m": 6863.7, "fen_peligro": "Inundación", "fen_nivel": "", "fen_expuesto_2km": false}, "geometry": {"type": "Point", "coordinates": [-77.098707, -11.844926]}}, {"type": "Feature", "properties": {"nombre": "DIREPOR", "tipo": "Progresol 1.0", "pdv": "0000806299", "direccion": "CAR.PANAMERICANA NORTE KM.28 MZ.B LOTE 6 Z.I COMPLEJO INDUSTRIAL", "fen_pc_dist_m": 1837.3, "fen_peligro": "Inundación, erosión fluvial", "fen_nivel": "Alto", "fen_expuesto_2km": true}, "geometry": {"type": "Point", "coordinates": [-77.068274, -11.881223]}}, {"type": "Feature", "properties": {"nombre": "FERRETERIA MULTISERVICIOS EL FIERRITO", "tipo": "Progresol 1.0", "pdv": "0000806301", "direccion": "CAR.HUANCHAC NRO. SN URB. NUEVA ESPERANZA", "fen_pc_dist_m": 768.3, "fen_peligro": "Inundación, Erosión fluvial", "fen_nivel": "Alto", "fen_expuesto_2km": true}, "geometry": {"type": "Point", "coordinates": [-77.5317107, -9.5192931]}}, {"type": "Feature", "properties": {"nombre": "DISTRIBUIDORA KANASHIRO", "tipo": "Progresol 1.0", "pdv": "0000806302", "direccion": "CAR.HUARAZ PATIVILCA NRO. S/N BAR. TACLLAN", "fen_pc_dist_m": 539.3, "fen_peligro": "Inundación", "fen_nivel": "", "fen_expuesto_2km": true}, "geometry": {"type": "Point", "coordinates": [-77.537013, -9.552553]}}, {"type": "Feature", "properties": {"nombre": "CORPORACION CAF S.A.C", "tipo": "Progresol 1.0", "pdv": "0000806303", "direccion": "AV. CONFRATERNIDAD INTERNACIONA 371 ", "fen_pc_dist_m": 604.8, "fen_peligro": "Inundación, Erosión fluvial", "fen_nivel": "Alto", "fen_expuesto_2km": true}, "geometry": {"type": "Point", "coordinates": [-77.532058, -9.5209749]}}, {"type": "Feature", "properties": {"nombre": "CORPORACION CAF S.A.C", "tipo": "Progresol 1.0", "pdv": "0000806304", "direccion": "AV. FLORIDA NRO. S/N CENT SAN MARCOS", "fen_pc_dist_m": 628.0, "fen_peligro": "Inundación, Erosión fluvial", "fen_nivel": "Alto", "fen_expuesto_2km": true}, "geometry": {"type": "Point", "coordinates": [-77.156988, -9.523766]}}, {"type": "Feature", "properties": {"nombre": "CORPORACION CAF S.A.C", "tipo": "Progresol 1.0", "pdv": "0000806305", "direccion": "AV. LIBERTAD MZA. B2 LOTE. 17 URB. PV CASMA ZONA ESTE", "fen_pc_dist_m": 976.7, "fen_peligro": "", "fen_nivel": "", "fen_expuesto_2km": true}, "geometry": {"type": "Point", "coordinates": [-78.298082, -9.47643]}}, {"type": "Feature", "properties": {"nombre": "INVERSIONES JM FAMASA IMPORT Y EXPORT S.A.C.", "tipo": "Progresol 1.0", "pdv": "0000806306", "direccion": "AV. PRIMAVERA NRO. S/N ", "fen_pc_dist_m": 329.4, "fen_peligro": "Inundación, Erosión fluvial", "fen_nivel": "Alto", "fen_expuesto_2km": true}, "geometry": {"type": "Point", "coordinates": [-77.095319, -9.365853]}}, {"type": "Feature", "properties": {"nombre": "GRUPO REGIONAL S.A.C", "tipo": "Progresol 1.0", "pdv": "0000806307", "direccion": "JR. SUCRE NRO. 1001 URB LOS OLIVOS ", "fen_pc_dist_m": 6041.5, "fen_peligro": "Inundación", "fen_nivel": null, "fen_expuesto_2km": false}, "geometry": {"type": "Point", "coordinates": [-77.0720022, -12.089503]}}, {"type": "Feature", "properties": {"nombre": "GRUPO REGIONAL S.A.C", "tipo": "Progresol 1.0", "pdv": "0000806308", "direccion": "CAL.INDUSTRIAL NRO. S/N CENT. YUNGAY", "fen_pc_dist_m": 713.8, "fen_peligro": "Inundación", "fen_nivel": " ", "fen_expuesto_2km": true}, "geometry": {"type": "Point", "coordinates": [-77.747121, -9.139679]}}, {"type": "Feature", "properties": {"nombre": "GRUPO B & T S.R.L.", "tipo": "Progresol 1.0", "pdv": "0000806309", "direccion": "JR. MARISCAL CASTILLA NRO. 603 ", "fen_pc_dist_m": 1105.5, "fen_peligro": "Inundación", "fen_nivel": " ", "fen_expuesto_2km": true}, "geometry": {"type": "Point", "coordinates": [-77.8071761, -9.0480258]}}, {"type": "Feature", "properties": {"nombre": "GRUPO SANTA INES S.A.C.", "tipo": "Progresol 1.0", "pdv": "0000806311", "direccion": "CAR.CENTRAL NRO. SN CENTRO CARAZ ", "fen_pc_dist_m": 860.1, "fen_peligro": "Inundación", "fen_nivel": " ", "fen_expuesto_2km": true}, "geometry": {"type": "Point", "coordinates": [-77.812521, -9.051367]}}, {"type": "Feature", "properties": {"nombre": "GRUPO SANTA INES S.A.C.", "tipo": "Progresol 1.0", "pdv": "0000806312", "direccion": "AV. CONF. INTER. OESTE NRO. 400 BR PATAY", "fen_pc_dist_m": 570.5, "fen_peligro": "Inundación, Erosión fluvial", "fen_nivel": "Alto", "fen_expuesto_2km": true}, "geometry": {"type": "Point", "coordinates": [-77.53298, -9.520573]}}, {"type": "Feature", "properties": {"nombre": "MULTISERVICIOS LA VILLA", "tipo": "Progresol 1.0", "pdv": "0000806313", "direccion": "MZA. C LOTE. 10 C.P. LA VILLA ", "fen_pc_dist_m": 123.5, "fen_peligro": "Inundación", "fen_nivel": "", "fen_expuesto_2km": true}, "geometry": {"type": "Point", "coordinates": [-77.3804022, -11.234834]}}, {"type": "Feature", "properties": {"nombre": "MULTISERVICIOS LA VILLA", "tipo": "Progresol 1.0", "pdv": "0000806314", "direccion": "CAR.PANAMERICA NORTE KM. 82 ", "fen_pc_dist_m": 5640.1, "fen_peligro": "", "fen_nivel": "", "fen_expuesto_2km": false}, "geometry": {"type": "Point", "coordinates": [-77.2666223, -11.5587091]}}, {"type": "Feature", "properties": {"nombre": "DISTRIBUIDORA SANTA ROSA", "tipo": "Progresol 1.0", "pdv": "0000806315", "direccion": "AV. JORGE CHAVEZ N° 414 ", "fen_pc_dist_m": 3601.3, "fen_peligro": "", "fen_nivel": "", "fen_expuesto_2km": false}, "geometry": {"type": "Point", "coordinates": [-77.207574, -11.492914]}}, {"type": "Feature", "properties": {"nombre": "TECNI SERVICES S.A.C.", "tipo": "Progresol 1.0", "pdv": "0000806316", "direccion": "CAL.ANDRES DE LOS REYES NRO. 310 ", "fen_pc_dist_m": 3024.7, "fen_peligro": "", "fen_nivel": "", "fen_expuesto_2km": false}, "geometry": {"type": "Point", "coordinates": [-77.2022564, -11.4939685]}}, {"type": "Feature", "properties": {"nombre": "TECNI SERVICES S.A.C.", "tipo": "Progresol 1.0", "pdv": "0000806317", "direccion": "AV. CHANCAY NRO. 410 ", "fen_pc_dist_m": 4156.9, "fen_peligro": "Inundación", "fen_nivel": "", "fen_expuesto_2km": false}, "geometry": {"type": "Point", "coordinates": [-77.215041, -11.49788]}}, {"type": "Feature", "properties": {"nombre": "TECNI SERVICES S.A.C.", "tipo": "Progresol 1.0", "pdv": "0000806318", "direccion": "CAL.LUIS FELIPE DEL SOLAR NRO. 405 ", "fen_pc_dist_m": 5685.0, "fen_peligro": "", "fen_nivel": "", "fen_expuesto_2km": false}, "geometry": {"type": "Point", "coordinates": [-77.2699857, -11.561136]}}, {"type": "Feature", "properties": {"nombre": "DMC Y FERRETERIA SANDY S.A.C.", "tipo": "Progresol 1.0", "pdv": "0000806325", "direccion": "AV. CHANCAY NRO. 186 (FRENTE A COLEGIO PRIMARIA 20402)", "fen_pc_dist_m": 3795.8, "fen_peligro": "", "fen_nivel": "", "fen_expuesto_2km": false}, "geometry": {"type": "Point", "coordinates": [-77.210797, -11.496697]}}, {"type": "Feature", "properties": {"nombre": "DISTRIBUIDORA FERRETERA ANTHONY S.R.L.", "tipo": "Progresol 1.0", "pdv": "0000806326", "direccion": "AV. AVIACION LOTE. 1 (N 230 ENTRE A ", "fen_pc_dist_m": 3139.7, "fen_peligro": "Inundación, erosión fluvial", "fen_nivel": "Alto", "fen_expuesto_2km": false}, "geometry": {"type": "Point", "coordinates": [-77.7534, -10.748492]}}, {"type": "Feature", "properties": {"nombre": "DISTRIBUIDORA FERRETERA ANTHONY S.R.L.", "tipo": "Progresol 1.0", "pdv": "0000806327", "direccion": "JR. BOLIVAR NRO. 398 ", "fen_pc_dist_m": 3139.7, "fen_peligro": "Inundación, erosión fluvial", "fen_nivel": "Alto", "fen_expuesto_2km": false}, "geometry": {"type": "Point", "coordinates": [-77.7534, -10.748492]}}, {"type": "Feature", "properties": {"nombre": "DISTRIBUIDORA FERRETERA ANTHONY S.R.L.", "tipo": "Progresol 1.0", "pdv": "0000806328", "direccion": "AV. CRUZ BLANCA NRO. 2380 ", "fen_pc_dist_m": 1039.5, "fen_peligro": "Inundación", "fen_nivel": "", "fen_expuesto_2km": true}, "geometry": {"type": "Point", "coordinates": [-77.5955413, -11.0911747]}}, {"type": "Feature", "properties": {"nombre": "COMERCIAL Y DISTRIBUIDORA CENTENARIO S.A.C.", "tipo": "Progresol 1.0", "pdv": "0000806331", "direccion": "AV. CENTENARIO NRO. 702 INT. 1 A.H. SAN BARTOLOME", "fen_pc_dist_m": 2862.9, "fen_peligro": "Inundación", "fen_nivel": "", "fen_expuesto_2km": false}, "geometry": {"type": "Point", "coordinates": [-77.5957102, -11.120091]}}, {"type": "Feature", "properties": {"nombre": "COMERCIAL Y DISTRIBUIDORA CENTENARIO S.A.C.", "tipo": "Progresol 1.0", "pdv": "0000806332", "direccion": "AV. CENTENARIO NRO. 702 INT. 1 A.H. ", "fen_pc_dist_m": 1409.3, "fen_peligro": "Inundación", "fen_nivel": "", "fen_expuesto_2km": true}, "geometry": {"type": "Point", "coordinates": [-77.5876684, -11.1083959]}}, {"type": "Feature", "properties": {"nombre": "FERRERIA ROKADURA", "tipo": "Progresol 1.0", "pdv": "0000806334", "direccion": "MZA. A LOTE. 4 C.P. LA CHILAMPA (FRENTE A REDONDOS-COSTADO PANAMERI NORT", "fen_pc_dist_m": 8913.9, "fen_peligro": "Inundación", "fen_nivel": "", "fen_expuesto_2km": false}, "geometry": {"type": "Point", "coordinates": [-77.647938, -10.941286]}}, {"type": "Feature", "properties": {"nombre": "MATERIALES COLONIAL S.A.C.", "tipo": "Progresol 1.0", "pdv": "0000806335", "direccion": "AV LA MARINA 1096 - MZA. C LOTE. 29 ", "fen_pc_dist_m": 3651.6, "fen_peligro": "Inundación", "fen_nivel": null, "fen_expuesto_2km": false}, "geometry": {"type": "Point", "coordinates": [-77.110028, -12.070718]}}, {"type": "Feature", "properties": {"nombre": "DIMACALL S.R.L.", "tipo": "Progresol 1.0", "pdv": "0000806336", "direccion": "AV. LA MARINA NRO. 1685 URB. EL CAMPILLO", "fen_pc_dist_m": 4701.6, "fen_peligro": "Erosión fluvial", "fen_nivel": "Muy alto", "fen_expuesto_2km": false}, "geometry": {"type": "Point", "coordinates": [-77.079611, -12.078838]}}, {"type": "Feature", "properties": {"nombre": "DISTRIBUIDORA SANCHEZ", "tipo": "Progresol 1.0", "pdv": "0000806340", "direccion": "AV. UNION MZA. L LOTE. 24-D C.P. CE ", "fen_pc_dist_m": 3782.5, "fen_peligro": "Inundación", "fen_nivel": null, "fen_expuesto_2km": false}, "geometry": {"type": "Point", "coordinates": [-76.9428594, -11.9757325]}}, {"type": "Feature", "properties": {"nombre": "FERRETERIA JONATHAN", "tipo": "Progresol 1.0", "pdv": "0000806341", "direccion": "AV.HEROES DEL CENEPA MZ. B17 LT.15 ", "fen_pc_dist_m": 1705.8, "fen_peligro": "Inundación", "fen_nivel": "", "fen_expuesto_2km": true}, "geometry": {"type": "Point", "coordinates": [-76.9823356, -11.9616059]}}, {"type": "Feature", "properties": {"nombre": "FERRETERIA LAKASSA", "tipo": "Progresol 1.0", "pdv": "0000806343", "direccion": "AV. PROCERES DE LA INDEPENDENCIA 2752 URB SAN CARLOS", "fen_pc_dist_m": 326.4, "fen_peligro": "Inundación", "fen_nivel": "", "fen_expuesto_2km": true}, "geometry": {"type": "Point", "coordinates": [-77.007263, -11.986588]}}, {"type": "Feature", "properties": {"nombre": "DISTRIBUIDORA LA ANGOSTURA", "tipo": "Progresol 1.0", "pdv": "0000806345", "direccion": "CAR.PANAMERICANA SUR NRO. 740 DPTO. 574 OTR. CARRETERA", "fen_pc_dist_m": 2343.8, "fen_peligro": null, "fen_nivel": "", "fen_expuesto_2km": false}, "geometry": {"type": "Point", "coordinates": [-76.1347408, -13.4447201]}}, {"type": "Feature", "properties": {"nombre": "DISTRIBUIDORA LA ANGOSTURA", "tipo": "Progresol 1.0", "pdv": "0000806346", "direccion": "CAR.PANAMERICANA SUR KM. 299.5 NRO. REF. P.J. LA ANGOSTURA", "fen_pc_dist_m": 2519.7, "fen_peligro": "Inundación", "fen_nivel": "", "fen_expuesto_2km": false}, "geometry": {"type": "Point", "coordinates": [-75.751067, -14.043015]}}, {"type": "Feature", "properties": {"nombre": "A&G FORTALEZA", "tipo": "Progresol 1.0", "pdv": "0000806351", "direccion": "AV. FERNANDO LEON DE VIVERO 442 ", "fen_pc_dist_m": 1712.9, "fen_peligro": null, "fen_nivel": "", "fen_expuesto_2km": true}, "geometry": {"type": "Point", "coordinates": [-75.7411206, -14.0618972]}}, {"type": "Feature", "properties": {"nombre": "LA POSITIBA", "tipo": "Progresol 1.0", "pdv": "0000806352", "direccion": "AV. RENAN ELIAS NRO. 704 ", "fen_pc_dist_m": 1226.3, "fen_peligro": "Flujo de detritos, Erosión fluvial", "fen_nivel": "Muy Alto", "fen_expuesto_2km": true}, "geometry": {"type": "Point", "coordinates": [-75.7080979, -14.0364738]}}, {"type": "Feature", "properties": {"nombre": "VENTAS Y SERVICIOS JUAN JOSE", "tipo": "Progresol 1.0", "pdv": "0000806354", "direccion": "MZA. F LOTE. 24 URB. SANTA ROSA DEL ", "fen_pc_dist_m": 1110.1, "fen_peligro": "Inundación", "fen_nivel": "", "fen_expuesto_2km": true}, "geometry": {"type": "Point", "coordinates": [-75.7279852, -14.0803763]}}, {"type": "Feature", "properties": {"nombre": "GRUPO GILMAR", "tipo": "Progresol 1.0", "pdv": "0000806355", "direccion": "CARRETERA CENTRAL KM 38.500 ", "fen_pc_dist_m": 650.7, "fen_peligro": "Erosión fluvial", "fen_nivel": "Muy alto", "fen_expuesto_2km": true}, "geometry": {"type": "Point", "coordinates": [-76.6604299, -11.9236251]}}, {"type": "Feature", "properties": {"nombre": "INVERSIONES DIANA S.A.C", "tipo": "Progresol 1.0", "pdv": "0000806357", "direccion": "AV. LA MOLINA MZA. A1 LOTE. 07 ASC. DE PROPIETARIOS URBANIZADORA", "fen_pc_dist_m": 6797.4, "fen_peligro": "Inundación", "fen_nivel": "", "fen_expuesto_2km": false}, "geometry": {"type": "Point", "coordinates": [-76.8649281, -12.0876155]}}, {"type": "Feature", "properties": {"nombre": "INDUSFERR", "tipo": "Progresol 1.0", "pdv": "0000806358", "direccion": "CARRETERA PANAMERICANA SUR KM. 63 MZA. 03 LOTE. 14", "fen_pc_dist_m": 198.1, "fen_peligro": "Inundación", "fen_nivel": "", "fen_expuesto_2km": true}, "geometry": {"type": "Point", "coordinates": [-76.7389168, -12.5065252]}}, {"type": "Feature", "properties": {"nombre": "FERRETERIA RUBIMAR", "tipo": "Progresol 1.0", "pdv": "0000806502", "direccion": "JR. PUMAHUIRI NRO. S/N (FRENTE AL GRIFO)", "fen_pc_dist_m": 114.5, "fen_peligro": "Inundación", "fen_nivel": "Alto", "fen_expuesto_2km": true}, "geometry": {"type": "Point", "coordinates": [-73.778404, -15.015463]}}, {"type": "Feature", "properties": {"nombre": "FERRETERIA PALMAR S.A.C.", "tipo": "Progresol 1.0", "pdv": "0000806508", "direccion": "AV. JOSE LEAL NRO. 1143 ", "fen_pc_dist_m": 5036.1, "fen_peligro": "Inundación", "fen_nivel": null, "fen_expuesto_2km": false}, "geometry": {"type": "Point", "coordinates": [-77.044264, -12.086059]}}, {"type": "Feature", "properties": {"nombre": "DMC JUAN PABLO II", "tipo": "Progresol 1.0", "pdv": "0000806669", "direccion": "CAR.PANAMERICANA SUR KM. 97.5 MZA. F LOTE. 6 SECTOR STA.CRUZ DE ASIA", "fen_pc_dist_m": 9908.2, "fen_peligro": "Inundación, erosión", "fen_nivel": "", "fen_expuesto_2km": false}, "geometry": {"type": "Point", "coordinates": [-76.598766, -12.762576]}}, {"type": "Feature", "properties": {"nombre": "DMC JUAN PABLO II", "tipo": "Progresol 1.0", "pdv": "0000806670", "direccion": "AV. PANAMERICANA NRO. 602 ", "fen_pc_dist_m": 1686.1, "fen_peligro": "", "fen_nivel": null, "fen_expuesto_2km": true}, "geometry": {"type": "Point", "coordinates": [-76.634079, -12.659622]}}, {"type": "Feature", "properties": {"nombre": "FERRETERIA CONSTRANS SAC", "tipo": "Progresol 2.0", "pdv": "0000806742", "direccion": "AV REPÚBLICA DE PANAMA 4726 ", "fen_pc_dist_m": 7573.1, "fen_peligro": "Inundación", "fen_nivel": null, "fen_expuesto_2km": false}, "geometry": {"type": "Point", "coordinates": [-77.018434, -12.112123]}}, {"type": "Feature", "properties": {"nombre": "PROGRESOL LEYDY YEN", "tipo": "Progresol 2.0", "pdv": "0000806743", "direccion": "AV. SANTO DOMINGO EL ROSEDAL MZ. A LT. 5", "fen_pc_dist_m": 802.3, "fen_peligro": "Inundación", "fen_nivel": null, "fen_expuesto_2km": true}, "geometry": {"type": "Point", "coordinates": [-77.02312, -11.865382]}}, {"type": "Feature", "properties": {"nombre": "CORES WORK S.R.L. ", "tipo": "Progresol 1.0", "pdv": "0000806748", "direccion": "AV.D MZ.C1 LT.13 ", "fen_pc_dist_m": 5326.3, "fen_peligro": "Inundación", "fen_nivel": null, "fen_expuesto_2km": false}, "geometry": {"type": "Point", "coordinates": [-77.0741124, -11.8406615]}}, {"type": "Feature", "properties": {"nombre": "FERRETERIA POMASONCCO 2", "tipo": "Progresol 2.0", "pdv": "0000806749", "direccion": "AV. SAN MARTIN MZ. F-5 LT. 17 URB. TUPAC AMARU", "fen_pc_dist_m": 11269.1, "fen_peligro": "Inundación, erosión fluvial", "fen_nivel": "Alto", "fen_expuesto_2km": false}, "geometry": {"type": "Point", "coordinates": [-76.9824795, -12.1962247]}}, {"type": "Feature", "properties": {"nombre": "FERRETERIA KEVIN I", "tipo": "Progresol 2.0", "pdv": "0000807267", "direccion": "PROLONGACION MARIATEGUI # 500 ", "fen_pc_dist_m": 2113.1, "fen_peligro": "Inundación, erosión", "fen_nivel": "Muy alto", "fen_expuesto_2km": false}, "geometry": {"type": "Point", "coordinates": [-75.2095565795898, -12.0548868179321]}}, {"type": "Feature", "properties": {"nombre": "FERRETERIA MARGOSINO", "tipo": "Progresol 2.0", "pdv": "0000809501", "direccion": "MZA. H LOTE. 19 OTR. ASOCIACION DE VIVIENDA LOS CIPRESES II ETAPA", "fen_pc_dist_m": 4264.4, "fen_peligro": "Inundación", "fen_nivel": null, "fen_expuesto_2km": false}, "geometry": {"type": "Point", "coordinates": [-77.0696283, -11.8509326]}}, {"type": "Feature", "properties": {"nombre": "FERRETERIA COCACHACRA", "tipo": "Progresol 1.0", "pdv": "0010000671", "direccion": "AV. NICOLAS DE PIEROLA NRO. 320 ", "fen_pc_dist_m": 474.4, "fen_peligro": "Flujo de detritos, erosión fluvial", "fen_nivel": "Muy alto", "fen_expuesto_2km": true}, "geometry": {"type": "Point", "coordinates": [-76.560322, -11.918672]}}, {"type": "Feature", "properties": {"nombre": "DISTRIBUCIONES MOLICARSA", "tipo": "Progresol 1.0", "pdv": "0010000766", "direccion": "AV. SAN CRISTOBAL NRO. 115 (PASANDO 1ERA ENTRADA DE SAN AGUSTIN)", "fen_pc_dist_m": 1335.7, "fen_peligro": "Inundación", "fen_nivel": "", "fen_expuesto_2km": true}, "geometry": {"type": "Point", "coordinates": [-76.12062, -13.412552]}}, {"type": "Feature", "properties": {"nombre": "ESTRATEGIA INTEGRAL Y CONSULTORES", "tipo": "Progresol 1.0", "pdv": "0010001008", "direccion": "MZA. B LOTE. 4 URB. LOS PORTALES DE ", "fen_pc_dist_m": 3041.4, "fen_peligro": "Inundación", "fen_nivel": null, "fen_expuesto_2km": false}, "geometry": {"type": "Point", "coordinates": [-77.086421, -11.975565]}}, {"type": "Feature", "properties": {"nombre": "COMERCIALIZADORA DE BIENES Y SERVICIOS IPARIA EIRL", "tipo": "Progresol 2.0", "pdv": "0010001794", "direccion": "AV. SAENZ PEÑA 1069 ", "fen_pc_dist_m": 1714.6, "fen_peligro": "Inundación, flujo de detritos, erosión", "fen_nivel": null, "fen_expuesto_2km": true}, "geometry": {"type": "Point", "coordinates": [-74.56113353700778, -8.405783402129172]}}, {"type": "Feature", "properties": {"nombre": "FERRETERIA CRUZ DE MOTUPE", "tipo": "Progresol 2.0", "pdv": "0010001795", "direccion": "AV. FRANCISCO DE ZELA MZ F LT 4 ", "fen_pc_dist_m": 11124.7, "fen_peligro": "Inundación, erosión fluvial", "fen_nivel": "Alto", "fen_expuesto_2km": false}, "geometry": {"type": "Point", "coordinates": [-76.9797369, -12.1943277]}}, {"type": "Feature", "properties": {"nombre": "FERRETERIA MAS BARATO", "tipo": "Progresol 2.0", "pdv": "0010001797", "direccion": "A.H. JORGE CHAVEZ LOTE 2 S/N FRENTE LA FAMILIA", "fen_pc_dist_m": 3652.2, "fen_peligro": "", "fen_nivel": "", "fen_expuesto_2km": false}, "geometry": {"type": "Point", "coordinates": [-77.207854, -11.492397]}}, {"type": "Feature", "properties": {"nombre": "FERRETERIA NOA", "tipo": "Progresol 1.0", "pdv": "0010002847", "direccion": "CAL.LOS DIAMANTES NRO. 802 (FRENTE AL PARQUE LOS DIAMANTES)", "fen_pc_dist_m": 1133.8, "fen_peligro": "Inundación", "fen_nivel": "", "fen_expuesto_2km": true}, "geometry": {"type": "Point", "coordinates": [-76.152254, -13.679256]}}, {"type": "Feature", "properties": {"nombre": "FERRETERIA CANELA", "tipo": "Progresol 2.0", "pdv": "0010002958", "direccion": "AV. RAMON CASTILLA CDRA 6 INT. 82 P ", "fen_pc_dist_m": 4205.7, "fen_peligro": "Inundación, erosión fluvial", "fen_nivel": "Alto", "fen_expuesto_2km": false}, "geometry": {"type": "Point", "coordinates": [-77.022092, -11.912005]}}, {"type": "Feature", "properties": {"nombre": "FERRETERIA LEYVA", "tipo": "Progresol 2.0", "pdv": "0010002961", "direccion": "AV. MARISCAL ORBEGOSO MZ CQ LOT. 8 ", "fen_pc_dist_m": 3694.1, "fen_peligro": "Flujo de detritos, erosión fluvial", "fen_nivel": "Muy alto", "fen_expuesto_2km": false}, "geometry": {"type": "Point", "coordinates": [-76.963809, -11.8984576]}}, {"type": "Feature", "properties": {"nombre": "FERRETERIA JAM", "tipo": "Progresol 2.0", "pdv": "0010002963", "direccion": "Av revolucion mz N lote 15 sector 2 ", "fen_pc_dist_m": 3637.1, "fen_peligro": "Inundación, erosión fluvial", "fen_nivel": "Alto", "fen_expuesto_2km": false}, "geometry": {"type": "Point", "coordinates": [-76.9247997, -12.2370036]}}, {"type": "Feature", "properties": {"nombre": "FERRETERIA CRIZUR", "tipo": "Progresol 2.0", "pdv": "0010002965", "direccion": "AV.REFORMA AGRARIA MZ A- LOTE 02 AAHH PUEBLO JOVEN ANDAHUAYLAS", "fen_pc_dist_m": 11747.4, "fen_peligro": "Inundación", "fen_nivel": null, "fen_expuesto_2km": false}, "geometry": {"type": "Point", "coordinates": [-76.9542413, -12.1310477]}}, {"type": "Feature", "properties": {"nombre": "FERRETERIA CALERO", "tipo": "Progresol 2.0", "pdv": "0010004810", "direccion": "MZ L LT 9 ASOC SENOR DE LOS MILAGRO ", "fen_pc_dist_m": 11319.9, "fen_peligro": "Inundación", "fen_nivel": "", "fen_expuesto_2km": false}, "geometry": {"type": "Point", "coordinates": [-77.1602630615234, -11.7702703475952]}}, {"type": "Feature", "properties": {"nombre": "DEPOSITO PANDA", "tipo": "Progresol 2.0", "pdv": "0010004812", "direccion": "MZ N LOTE 184 A AV. LEONCIO PRADO Z ", "fen_pc_dist_m": 8938.1, "fen_peligro": "Inundación", "fen_nivel": "", "fen_expuesto_2km": false}, "geometry": {"type": "Point", "coordinates": [-77.1149071, -11.8347376]}}, {"type": "Feature", "properties": {"nombre": "J & K VASQUEZ INVERSIONES S.A.C.", "tipo": "Progresol 2.0", "pdv": "0010005190", "direccion": "MZ R LT 3 A.H. LOS ROSALES DE PRO  (ALT KM 23.5 DE LA PANAMERICANA NORTE)", "fen_pc_dist_m": 1905.2, "fen_peligro": "Inundación", "fen_nivel": null, "fen_expuesto_2km": true}, "geometry": {"type": "Point", "coordinates": [-77.0756326, -11.9532991]}}, {"type": "Feature", "properties": {"nombre": "CONSORCIO FERRETERO CCASANIS SAC", "tipo": "Progresol 2.0", "pdv": "0010005192", "direccion": "JR. LAS MERCEDES 3 ", "fen_pc_dist_m": 541.7, "fen_peligro": "Inundación, flujo de detritos, erosión fluvial", "fen_nivel": "Muy alto", "fen_expuesto_2km": true}, "geometry": {"type": "Point", "coordinates": [-74.552995, -8.39346]}}, {"type": "Feature", "properties": {"nombre": "FERRETERIA HUAYANAY HERMANOS", "tipo": "Progresol 2.0", "pdv": "0010005194", "direccion": "PLAZOLETA SANTA ANA # 175 ", "fen_pc_dist_m": 450.4, "fen_peligro": "Inundación, erosión fluvial", "fen_nivel": "Alto", "fen_expuesto_2km": true}, "geometry": {"type": "Point", "coordinates": [-74.2326994, -13.1706302]}}, {"type": "Feature", "properties": {"nombre": "FERRETERIA CHARITO", "tipo": "Progresol 2.0", "pdv": "0010006241", "direccion": "AAHH 30 DE AGOSTO - 303 ", "fen_pc_dist_m": 11353.3, "fen_peligro": "Inundación, Erosión fluvial", "fen_nivel": "Alto", "fen_expuesto_2km": false}, "geometry": {"type": "Point", "coordinates": [-76.9548482, -12.1444202]}}, {"type": "Feature", "properties": {"nombre": "FERRETERIA HERRERA", "tipo": "Progresol 2.0", "pdv": "0010006246", "direccion": "AV ALCIDES VIGO HURTADO MZ L LOTE 0 ASOC RESID LOS LIRIOS (AV. ALCIDES VIGO", "fen_pc_dist_m": 1060.9, "fen_peligro": "Inundación", "fen_nivel": null, "fen_expuesto_2km": true}, "geometry": {"type": "Point", "coordinates": [-77.09158, -11.95846]}}, {"type": "Feature", "properties": {"nombre": "FERRETERIA LIAM Y CHRISTIAN", "tipo": "Progresol 2.0", "pdv": "0010006249", "direccion": "PREDIO TINGO MZ. E LT. 2 ", "fen_pc_dist_m": 367.7, "fen_peligro": "Inundación, flujo de detritos, erosión fluvial", "fen_nivel": "Muy alto", "fen_expuesto_2km": true}, "geometry": {"type": "Point", "coordinates": [-76.2566072, -9.9413614]}}, {"type": "Feature", "properties": {"nombre": "FERRETERIA HUAMANYANCITO", "tipo": "Progresol 2.0", "pdv": "0010006251", "direccion": "AV. SANTO DOMINGO MZ E LT 06 ", "fen_pc_dist_m": 3363.8, "fen_peligro": "Erosión fluvial", "fen_nivel": "Muy Alto", "fen_expuesto_2km": false}, "geometry": {"type": "Point", "coordinates": [-76.841508, -12.221653]}}, {"type": "Feature", "properties": {"nombre": "FERRETERIA INVERSIONES FIERRO SUR E.I.R.L", "tipo": "Progresol 2.0", "pdv": "0010008012", "direccion": "MZ. 99 LT. 05 GRUPO. 13 HUASCAR (PA ", "fen_pc_dist_m": 2094.7, "fen_peligro": "Inundación", "fen_nivel": "", "fen_expuesto_2km": false}, "geometry": {"type": "Point", "coordinates": [-77.00264, -11.957352]}}, {"type": "Feature", "properties": {"nombre": "FERRETERIA ADRIAN", "tipo": "Progresol 2.0", "pdv": "0010008018", "direccion": "MZ F LOTE 7 VIRGEN DE MERCEDES ", "fen_pc_dist_m": 791.7, "fen_peligro": "Inundación, erosión fluvial", "fen_nivel": "Alto", "fen_expuesto_2km": true}, "geometry": {"type": "Point", "coordinates": [-77.0992986, -11.9570563]}}, {"type": "Feature", "properties": {"nombre": "FERRETERIA CADEMA", "tipo": "Progresol 2.0", "pdv": "0010008022", "direccion": "CARRETERA CENTRAL 1696 ", "fen_pc_dist_m": 1296.4, "fen_peligro": "Inundación", "fen_nivel": "", "fen_expuesto_2km": true}, "geometry": {"type": "Point", "coordinates": [-75.32005821, -11.92119788]}}, {"type": "Feature", "properties": {"nombre": "FERRETERIA SAN JOSÉ", "tipo": "Progresol 2.0", "pdv": "0010008023", "direccion": "CALLE LA AMISTAD MZ A LT 16 ", "fen_pc_dist_m": 1349.4, "fen_peligro": "Inundación", "fen_nivel": "", "fen_expuesto_2km": true}, "geometry": {"type": "Point", "coordinates": [-76.73052, -12.515257]}}]}