{
"type": "FeatureCollection",
"name": "salud",
"crs": { "type": "name", "properties": { "name": "urn:ogc:def:crs:OGC:1.3:CRS84" } },
"features": [
{ "type": "Feature", "properties": { "entity_id": "21539", "entity_type": "salud", "Nombre del establecimiento": "YSALAB", "Clasificación": "PATOLOGIA CLINICA", "Tipo": "SERVICIO MÉDICO DE APOYO", "Categoria": "Sin Categoría", "Estado": "CIERRE TEMPORAL DE OFICIO", "CAMAS": 0.0, "fecha_info": "2026-03-09T00:00:00", "sububigeo": "15013300", "UBIGEO": "150133", "DISTRITO": "SAN JUAN DE MIRAFLORES", "PROVINCIA": "LIMA", "DEPARTAMEN": "LIMA", "Zonas": "Todas Zonas", "tipo_influencia": "Indirecta", "abreviatura": "SJM", "min_distance_m": 1688.2819188536789, "susc_inund_niv": "Medio", "susc_mmasa_niv": null, "susc_niv": "Medio", "canalC_niv": "Muy alto", "exposicion_niv": "Muy alto" }, "geometry": { "type": "Point", "coordinates": [ -76.962076, -12.186048 ] } },
{ "type": "Feature", "properties": { "entity_id": "13688", "entity_type": "salud", "Nombre del establecimiento": "CONSULTORIO MÉDICO OBSTETRICO MIGUEL IGLESIAS", "Clasificación": "CONSULTORIOS MEDICOS Y DE OTROS PROFESIONALES DE LA SALUD", "Tipo": "ESTABLECIMIENTO DE SALUD SIN INTERNAMIENTO", "Categoria": "I-2", "Estado": "ACTIVO", "CAMAS": 0.0, "fecha_info": "2026-03-09T00:00:00", "sububigeo": "15013300", "UBIGEO": "150133", "DISTRITO": "SAN JUAN DE MIRAFLORES", "PROVINCIA": "LIMA", "DEPARTAMEN": "LIMA", "Zonas": "Todas Zonas", "tipo_influencia": "Indirecta", "abreviatura": "SJM", "min_distance_m": 982.83075813419396, "susc_inund_niv": null, "susc_mmasa_niv": null, "susc_niv": null, "canalC_niv": "Muy alto", "exposicion_niv": "Muy alto" }, "geometry": { "type": "Point", "coordinates": [ -76.96121804, -12.16863704 ] } },
{ "type": "Feature", "properties": { "entity_id": "30359", "entity_type": "salud", "Nombre del establecimiento": "ADDA DENTISTAS ASOCIADOS", "Clasificación": null, "Tipo": "ESTABLECIMIENTO DE SALUD SIN INTERNAMIENTO", "Categoria": "I-1", "Estado": "ACTIVO", "CAMAS": 0.0, "fecha_info": "2026-03-09T00:00:00", "sububigeo": "15014200", "UBIGEO": "150142", "DISTRITO": "VILLA EL SALVADOR", "PROVINCIA": "LIMA", "DEPARTAMEN": "LIMA", "Zonas": "Todas Zonas", "tipo_influencia": "Directa", "abreviatura": "VES", "min_distance_m": 1682.8410185223083, "susc_inund_niv": "Medio", "susc_mmasa_niv": null, "susc_niv": "Medio", "canalC_niv": "Muy alto", "exposicion_niv": "Muy alto" }, "geometry": { "type": "Point", "coordinates": [ -76.9434208, -12.2052234 ] } },
{ "type": "Feature", "properties": { "entity_id": "36743", "entity_type": "salud", "Nombre del establecimiento": "INSALUD SUR", "Clasificación": "CONSULTORIOS MEDICOS Y DE OTROS PROFESIONALES DE LA SALUD", "Tipo": "ESTABLECIMIENTO DE SALUD SIN INTERNAMIENTO", "Categoria": "I-2", "Estado": "ACTIVO", "CAMAS": 0.0, "fecha_info": "2026-03-09T00:00:00", "sububigeo": "15013300", "UBIGEO": "150133", "DISTRITO": "SAN JUAN DE MIRAFLORES", "PROVINCIA": "LIMA", "DEPARTAMEN": "LIMA", "Zonas": "Todas Zonas", "tipo_influencia": "Indirecta", "abreviatura": "SJM", "min_distance_m": 1816.1979237630133, "susc_inund_niv": "Medio", "susc_mmasa_niv": null, "susc_niv": "Medio", "canalC_niv": "Muy alto", "exposicion_niv": "Muy alto" }, "geometry": { "type": "Point", "coordinates": [ -76.9606508, -12.1921426 ] } },
{ "type": "Feature", "properties": { "entity_id": "6154", "entity_type": "salud", "Nombre del establecimiento": "PUESTO DE SALUD SANTA ROSA DE BELEN", "Clasificación": "PUESTOS DE SALUD O POSTAS DE SALUD", "Tipo": "ESTABLECIMIENTO DE SALUD SIN INTERNAMIENTO", "Categoria": "I-2", "Estado": "ACTIVO", "CAMAS": 0.0, "fecha_info": "2026-03-09T00:00:00", "sububigeo": "15014303", "UBIGEO": "150143", "DISTRITO": "VILLA MARIA DEL TRIUNFO", "PROVINCIA": "LIMA", "DEPARTAMEN": "LIMA", "Zonas": "Jose Carlos Mariategui", "tipo_influencia": "Directa", "abreviatura": "VMT", "min_distance_m": 675.36038419698741, "susc_inund_niv": null, "susc_mmasa_niv": "Alto", "susc_niv": "Alto", "canalC_niv": "Muy alto", "exposicion_niv": "Muy alto" }, "geometry": { "type": "Point", "coordinates": [ -76.9503419, -12.1579964 ] } },
{ "type": "Feature", "properties": { "entity_id": "6132", "entity_type": "salud", "Nombre del establecimiento": "CENTRO MATERNO INFANTIL SAN JOSE", "Clasificación": "CENTROS DE SALUD CON CAMAS DE INTERNAMIENTO", "Tipo": "ESTABLECIMIENTO DE SALUD CON INTERNAMIENTO", "Categoria": "I-4", "Estado": "ACTIVO", "CAMAS": 0.0, "fecha_info": "2026-03-09T00:00:00", "sububigeo": "15014200", "UBIGEO": "150142", "DISTRITO": "VILLA EL SALVADOR", "PROVINCIA": "LIMA", "DEPARTAMEN": "LIMA", "Zonas": "Todas Zonas", "tipo_influencia": "Directa", "abreviatura": "VES", "min_distance_m": 1551.3908323719641, "susc_inund_niv": "Medio", "susc_mmasa_niv": null, "susc_niv": "Medio", "canalC_niv": "Muy alto", "exposicion_niv": "Muy alto" }, "geometry": { "type": "Point", "coordinates": [ -76.9463104, -12.1982974 ] } },
{ "type": "Feature", "properties": { "entity_id": "29040", "entity_type": "salud", "Nombre del establecimiento": "Dr. Luis Quito", "Clasificación": "POLICLINICOS", "Tipo": "ESTABLECIMIENTO DE SALUD SIN INTERNAMIENTO", "Categoria": "I-3", "Estado": "ACTIVO", "CAMAS": 0.0, "fecha_info": "2026-03-09T00:00:00", "sububigeo": "15014200", "UBIGEO": "150142", "DISTRITO": "VILLA EL SALVADOR", "PROVINCIA": "LIMA", "DEPARTAMEN": "LIMA", "Zonas": "Todas Zonas", "tipo_influencia": "Directa", "abreviatura": "VES", "min_distance_m": 1737.7172693884474, "susc_inund_niv": "Medio", "susc_mmasa_niv": null, "susc_niv": "Medio", "canalC_niv": "Muy alto", "exposicion_niv": "Muy alto" }, "geometry": { "type": "Point", "coordinates": [ -76.9397902, -12.2086842 ] } },
{ "type": "Feature", "properties": { "entity_id": "38031", "entity_type": "salud", "Nombre del establecimiento": "CONSULTORIO ODONTOLÓGICO SONRISALUD", "Clasificación": "CONSULTORIOS MEDICOS Y DE OTROS PROFESIONALES DE LA SALUD", "Tipo": "ESTABLECIMIENTO DE SALUD SIN INTERNAMIENTO", "Categoria": "I-1", "Estado": "ACTIVO", "CAMAS": 0.0, "fecha_info": "2026-03-09T00:00:00", "sububigeo": "15013300", "UBIGEO": "150133", "DISTRITO": "SAN JUAN DE MIRAFLORES", "PROVINCIA": "LIMA", "DEPARTAMEN": "LIMA", "Zonas": "Todas Zonas", "tipo_influencia": "Indirecta", "abreviatura": "SJM", "min_distance_m": 1726.3690451550408, "susc_inund_niv": "Medio", "susc_mmasa_niv": null, "susc_niv": "Medio", "canalC_niv": "Muy alto", "exposicion_niv": "Muy alto" }, "geometry": { "type": "Point", "coordinates": [ -76.96769289, -12.17188692 ] } },
{ "type": "Feature", "properties": { "entity_id": "29657", "entity_type": "salud", "Nombre del establecimiento": "ODENTOSALUD SAC", "Clasificación": "CONSULTORIOS MEDICOS Y DE OTROS PROFESIONALES DE LA SALUD", "Tipo": "ESTABLECIMIENTO DE SALUD SIN INTERNAMIENTO", "Categoria": "I-1", "Estado": "ACTIVO", "CAMAS": 0.0, "fecha_info": "2026-03-09T00:00:00", "sububigeo": "15014307", "UBIGEO": "150143", "DISTRITO": "VILLA MARIA DEL TRIUNFO", "PROVINCIA": "LIMA", "DEPARTAMEN": "LIMA", "Zonas": "Villa Poeta José Gálvez", "tipo_influencia": "Directa", "abreviatura": "VMT", "min_distance_m": 319.01028652237068, "susc_inund_niv": "Medio", "susc_mmasa_niv": null, "susc_niv": "Medio", "canalC_niv": "Muy alto", "exposicion_niv": "Muy alto" }, "geometry": { "type": "Point", "coordinates": [ -76.9064264, -12.2249261 ] } },
{ "type": "Feature", "properties": { "entity_id": "25260", "entity_type": "salud", "Nombre del establecimiento": "ANGELES DENT", "Clasificación": "CONSULTORIOS MEDICOS Y DE OTROS PROFESIONALES DE LA SALUD", "Tipo": "ESTABLECIMIENTO DE SALUD SIN INTERNAMIENTO", "Categoria": "I-1", "Estado": "ACTIVO", "CAMAS": 0.0, "fecha_info": "2026-03-09T00:00:00", "sububigeo": "15013300", "UBIGEO": "150133", "DISTRITO": "SAN JUAN DE MIRAFLORES", "PROVINCIA": "LIMA", "DEPARTAMEN": "LIMA", "Zonas": "Todas Zonas", "tipo_influencia": "Indirecta", "abreviatura": "SJM", "min_distance_m": 1918.9908056756346, "susc_inund_niv": "Medio", "susc_mmasa_niv": null, "susc_niv": "Medio", "canalC_niv": "Muy alto", "exposicion_niv": "Muy alto" }, "geometry": { "type": "Point", "coordinates": [ -76.9717368, -12.1538726 ] } },
{ "type": "Feature", "properties": { "entity_id": "38024", "entity_type": "salud", "Nombre del establecimiento": "RISUS DENTAL", "Clasificación": "CONSULTORIOS MEDICOS Y DE OTROS PROFESIONALES DE LA SALUD", "Tipo": "ESTABLECIMIENTO DE SALUD SIN INTERNAMIENTO", "Categoria": "I-1", "Estado": "ACTIVO", "CAMAS": 0.0, "fecha_info": "2026-03-09T00:00:00", "sububigeo": "15014200", "UBIGEO": "150142", "DISTRITO": "VILLA EL SALVADOR", "PROVINCIA": "LIMA", "DEPARTAMEN": "LIMA", "Zonas": "Todas Zonas", "tipo_influencia": "Directa", "abreviatura": "VES", "min_distance_m": null, "susc_inund_niv": "Medio", "susc_mmasa_niv": null, "susc_niv": "Medio", "canalC_niv": null, "exposicion_niv": "Medio" }, "geometry": { "type": "Point", "coordinates": [ -76.9442656, -12.2212625 ] } },
{ "type": "Feature", "properties": { "entity_id": "23652", "entity_type": "salud", "Nombre del establecimiento": "UNITED LABORATORIES PERU", "Clasificación": "ANATOMIA PATOLOGICA", "Tipo": "SERVICIO MÉDICO DE APOYO", "Categoria": "Sin Categoría", "Estado": "BAJA PROVISIONAL", "CAMAS": 0.0, "fecha_info": "2026-03-09T00:00:00", "sububigeo": "15014304", "UBIGEO": "150143", "DISTRITO": "VILLA MARIA DEL TRIUNFO", "PROVINCIA": "LIMA", "DEPARTAMEN": "LIMA", "Zonas": "Nueva Esperanza", "tipo_influencia": "Directa", "abreviatura": "VMT", "min_distance_m": 126.94518149182925, "susc_inund_niv": "Medio", "susc_mmasa_niv": null, "susc_niv": "Medio", "canalC_niv": "Muy alto", "exposicion_niv": "Muy alto" }, "geometry": { "type": "Point", "coordinates": [ -76.940273, -12.1774727 ] } },
{ "type": "Feature", "properties": { "entity_id": "18705", "entity_type": "salud", "Nombre del establecimiento": "CENTRO MEDICO NUTRIVIDA", "Clasificación": "CENTROS DE SALUD O CENTROS MEDICOS", "Tipo": "ESTABLECIMIENTO DE SALUD SIN INTERNAMIENTO", "Categoria": "I-3", "Estado": "ACTIVO", "CAMAS": 0.0, "fecha_info": "2026-03-09T00:00:00", "sububigeo": "15014200", "UBIGEO": "150142", "DISTRITO": "VILLA EL SALVADOR", "PROVINCIA": "LIMA", "DEPARTAMEN": "LIMA", "Zonas": "Todas Zonas", "tipo_influencia": "Directa", "abreviatura": "VES", "min_distance_m": null, "susc_inund_niv": "Medio", "susc_mmasa_niv": null, "susc_niv": "Medio", "canalC_niv": null, "exposicion_niv": "Medio" }, "geometry": { "type": "Point", "coordinates": [ -76.94233435, -12.21781487 ] } },
{ "type": "Feature", "properties": { "entity_id": "25672", "entity_type": "salud", "Nombre del establecimiento": "DENTAL YD", "Clasificación": "CONSULTORIOS MEDICOS Y DE OTROS PROFESIONALES DE LA SALUD", "Tipo": "ESTABLECIMIENTO DE SALUD SIN INTERNAMIENTO", "Categoria": "I-1", "Estado": "ACTIVO", "CAMAS": 0.0, "fecha_info": "2026-03-09T00:00:00", "sububigeo": "15013300", "UBIGEO": "150133", "DISTRITO": "SAN JUAN DE MIRAFLORES", "PROVINCIA": "LIMA", "DEPARTAMEN": "LIMA", "Zonas": "Todas Zonas", "tipo_influencia": "Indirecta", "abreviatura": "SJM", "min_distance_m": null, "susc_inund_niv": null, "susc_mmasa_niv": null, "susc_niv": null, "canalC_niv": null, "exposicion_niv": null }, "geometry": { "type": "Point", "coordinates": [ -76.9780253, -12.151141499999989 ] } },
{ "type": "Feature", "properties": { "entity_id": "30398", "entity_type": "salud", "Nombre del establecimiento": "CONSULTORIOS MEDICOS MARIA AUXILIADORA", "Clasificación": "CONSULTORIOS MEDICOS Y DE OTROS PROFESIONALES DE LA SALUD", "Tipo": "ESTABLECIMIENTO DE SALUD SIN INTERNAMIENTO", "Categoria": "I-2", "Estado": "ACTIVO", "CAMAS": 0.0, "fecha_info": "2026-03-09T00:00:00", "sububigeo": "15013300", "UBIGEO": "150133", "DISTRITO": "SAN JUAN DE MIRAFLORES", "PROVINCIA": "LIMA", "DEPARTAMEN": "LIMA", "Zonas": "Todas Zonas", "tipo_influencia": "Indirecta", "abreviatura": "SJM", "min_distance_m": 723.556050836537, "susc_inund_niv": "Medio", "susc_mmasa_niv": null, "susc_niv": "Medio", "canalC_niv": "Muy alto", "exposicion_niv": "Muy alto" }, "geometry": { "type": "Point", "coordinates": [ -76.9618352, -12.1643878 ] } },
{ "type": "Feature", "properties": { "entity_id": "24636", "entity_type": "salud", "Nombre del establecimiento": "CENTRO MEDICO EVA", "Clasificación": "CENTROS DE SALUD O CENTROS MEDICOS", "Tipo": "ESTABLECIMIENTO DE SALUD SIN INTERNAMIENTO", "Categoria": "I-3", "Estado": "ACTIVO", "CAMAS": 0.0, "fecha_info": "2026-03-09T00:00:00", "sububigeo": "15011900", "UBIGEO": "150119", "DISTRITO": "LURIN", "PROVINCIA": "LIMA", "DEPARTAMEN": "LIMA", "Zonas": "Todas Zonas", "tipo_influencia": "Directa", "abreviatura": "LUR", "min_distance_m": null, "susc_inund_niv": null, "susc_mmasa_niv": null, "susc_niv": null, "canalC_niv": null, "exposicion_niv": null }, "geometry": { "type": "Point", "coordinates": [ -76.86927459, -12.27430913 ] } },
{ "type": "Feature", "properties": { "entity_id": "18170", "entity_type": "salud", "Nombre del establecimiento": "KRISTALDENT", "Clasificación": "CENTRO ODONTOLOGICO", "Tipo": "ESTABLECIMIENTO DE SALUD SIN INTERNAMIENTO", "Categoria": "I-1", "Estado": "ACTIVO", "CAMAS": 0.0, "fecha_info": "2026-03-09T00:00:00", "sububigeo": "15014200", "UBIGEO": "150142", "DISTRITO": "VILLA EL SALVADOR", "PROVINCIA": "LIMA", "DEPARTAMEN": "LIMA", "Zonas": "Todas Zonas", "tipo_influencia": "Directa", "abreviatura": "VES", "min_distance_m": 1019.1664420149963, "susc_inund_niv": "Medio", "susc_mmasa_niv": null, "susc_niv": "Medio", "canalC_niv": "Muy alto", "exposicion_niv": "Muy alto" }, "geometry": { "type": "Point", "coordinates": [ -76.9461316, -12.1920001 ] } },
{ "type": "Feature", "properties": { "entity_id": "13469", "entity_type": "salud", "Nombre del establecimiento": "JHOVDENT", "Clasificación": "CONSULTORIOS MEDICOS Y DE OTROS PROFESIONALES DE LA SALUD", "Tipo": "ESTABLECIMIENTO DE SALUD SIN INTERNAMIENTO", "Categoria": "I-1", "Estado": "ACTIVO", "CAMAS": 0.0, "fecha_info": "2026-03-09T00:00:00", "sububigeo": "15014304", "UBIGEO": "150143", "DISTRITO": "VILLA MARIA DEL TRIUNFO", "PROVINCIA": "LIMA", "DEPARTAMEN": "LIMA", "Zonas": "Nueva Esperanza", "tipo_influencia": "Directa", "abreviatura": "VMT", "min_distance_m": 312.75743433715763, "susc_inund_niv": null, "susc_mmasa_niv": null, "susc_niv": null, "canalC_niv": "Muy alto", "exposicion_niv": "Muy alto" }, "geometry": { "type": "Point", "coordinates": [ -76.9394482, -12.1864861 ] } },
{ "type": "Feature", "properties": { "entity_id": "35105", "entity_type": "salud", "Nombre del establecimiento": "CONSULTORIO  MEDICO ANDRE ZAMIRIA", "Clasificación": "CONSULTORIOS MEDICOS Y DE OTROS PROFESIONALES DE LA SALUD", "Tipo": "ESTABLECIMIENTO DE SALUD SIN INTERNAMIENTO", "Categoria": "I-2", "Estado": "ACTIVO", "CAMAS": 0.0, "fecha_info": "2026-03-09T00:00:00", "sububigeo": "15011900", "UBIGEO": "150119", "DISTRITO": "LURIN", "PROVINCIA": "LIMA", "DEPARTAMEN": "LIMA", "Zonas": "Todas Zonas", "tipo_influencia": "Directa", "abreviatura": "LUR", "min_distance_m": null, "susc_inund_niv": null, "susc_mmasa_niv": null, "susc_niv": null, "canalC_niv": null, "exposicion_niv": null }, "geometry": { "type": "Point", "coordinates": [ -76.8699679, -12.2752444 ] } },
{ "type": "Feature", "properties": { "entity_id": "27717", "entity_type": "salud", "Nombre del establecimiento": "CONSULTORIO BIO MEDIL", "Clasificación": "CONSULTORIOS MEDICOS Y DE OTROS PROFESIONALES DE LA SALUD", "Tipo": "ESTABLECIMIENTO DE SALUD SIN INTERNAMIENTO", "Categoria": "I-2", "Estado": "ACTIVO", "CAMAS": 0.0, "fecha_info": "2026-03-09T00:00:00", "sububigeo": "15013300", "UBIGEO": "150133", "DISTRITO": "SAN JUAN DE MIRAFLORES", "PROVINCIA": "LIMA", "DEPARTAMEN": "LIMA", "Zonas": "Todas Zonas", "tipo_influencia": "Indirecta", "abreviatura": "SJM", "min_distance_m": 260.86383744503348, "susc_inund_niv": "Medio", "susc_mmasa_niv": null, "susc_niv": "Medio", "canalC_niv": "Muy alto", "exposicion_niv": "Muy alto" }, "geometry": { "type": "Point", "coordinates": [ -76.9582668, -12.1611815 ] } },
{ "type": "Feature", "properties": { "entity_id": "27224", "entity_type": "salud", "Nombre del establecimiento": "NSALUD", "Clasificación": "POLICLINICOS", "Tipo": "ESTABLECIMIENTO DE SALUD SIN INTERNAMIENTO", "Categoria": "I-3", "Estado": "ACTIVO", "CAMAS": 0.0, "fecha_info": "2026-03-09T00:00:00", "sububigeo": "15014305", "UBIGEO": "150143", "DISTRITO": "VILLA MARIA DEL TRIUNFO", "PROVINCIA": "LIMA", "DEPARTAMEN": "LIMA", "Zonas": "Villa María del Triunfo (Cercado)", "tipo_influencia": "Directa", "abreviatura": "VMT", "min_distance_m": 209.83918481370236, "susc_inund_niv": "Medio", "susc_mmasa_niv": null, "susc_niv": "Medio", "canalC_niv": "Muy alto", "exposicion_niv": "Muy alto" }, "geometry": { "type": "Point", "coordinates": [ -76.9504952, -12.1655348 ] } },
{ "type": "Feature", "properties": { "entity_id": "25669", "entity_type": "salud", "Nombre del establecimiento": "DENTALCRUZ S.A.C.", "Clasificación": "CONSULTORIOS MEDICOS Y DE OTROS PROFESIONALES DE LA SALUD", "Tipo": "ESTABLECIMIENTO DE SALUD SIN INTERNAMIENTO", "Categoria": "I-1", "Estado": "BAJA DEFINITIVA", "CAMAS": 0.0, "fecha_info": "2026-03-09T00:00:00", "sububigeo": "15014200", "UBIGEO": "150142", "DISTRITO": "VILLA EL SALVADOR", "PROVINCIA": "LIMA", "DEPARTAMEN": "LIMA", "Zonas": "Todas Zonas", "tipo_influencia": "Directa", "abreviatura": "VES", "min_distance_m": null, "susc_inund_niv": "Medio", "susc_mmasa_niv": null, "susc_niv": "Medio", "canalC_niv": null, "exposicion_niv": "Medio" }, "geometry": { "type": "Point", "coordinates": [ -76.94989509, -12.2025602 ] } },
{ "type": "Feature", "properties": { "entity_id": "24375", "entity_type": "salud", "Nombre del establecimiento": "SALUD DENTAL ODONTOLOGÍA INTEGRAL E.I.R.L", "Clasificación": "CONSULTORIOS MEDICOS Y DE OTROS PROFESIONALES DE LA SALUD", "Tipo": "ESTABLECIMIENTO DE SALUD SIN INTERNAMIENTO", "Categoria": "I-1", "Estado": "ACTIVO", "CAMAS": 0.0, "fecha_info": "2026-03-09T00:00:00", "sububigeo": "15014200", "UBIGEO": "150142", "DISTRITO": "VILLA EL SALVADOR", "PROVINCIA": "LIMA", "DEPARTAMEN": "LIMA", "Zonas": "Todas Zonas", "tipo_influencia": "Directa", "abreviatura": "VES", "min_distance_m": null, "susc_inund_niv": "Medio", "susc_mmasa_niv": null, "susc_niv": "Medio", "canalC_niv": null, "exposicion_niv": "Medio" }, "geometry": { "type": "Point", "coordinates": [ -76.95352412, -12.21000284 ] } },
{ "type": "Feature", "properties": { "entity_id": "26217", "entity_type": "salud", "Nombre del establecimiento": "RENAL SUR", "Clasificación": "HEMODIALISIS", "Tipo": "SERVICIO MÉDICO DE APOYO", "Categoria": "Sin Categoría", "Estado": "ACTIVO", "CAMAS": 0.0, "fecha_info": "2026-03-09T00:00:00", "sububigeo": "15013300", "UBIGEO": "150133", "DISTRITO": "SAN JUAN DE MIRAFLORES", "PROVINCIA": "LIMA", "DEPARTAMEN": "LIMA", "Zonas": "Todas Zonas", "tipo_influencia": "Indirecta", "abreviatura": "SJM", "min_distance_m": 1660.0673157735707, "susc_inund_niv": "Medio", "susc_mmasa_niv": null, "susc_niv": "Medio", "canalC_niv": "Muy alto", "exposicion_niv": "Muy alto" }, "geometry": { "type": "Point", "coordinates": [ -76.9700085, -12.1558001 ] } },
{ "type": "Feature", "properties": { "entity_id": "25673", "entity_type": "salud", "Nombre del establecimiento": "SERVISALUD VIRGEN DEL PERPETUO SOCORRO", "Clasificación": "CONSULTORIOS MEDICOS Y DE OTROS PROFESIONALES DE LA SALUD", "Tipo": "ESTABLECIMIENTO DE SALUD SIN INTERNAMIENTO", "Categoria": "I-2", "Estado": "CIERRE TEMPORAL DE OFICIO", "CAMAS": 0.0, "fecha_info": "2026-03-09T00:00:00", "sububigeo": "15013300", "UBIGEO": "150133", "DISTRITO": "SAN JUAN DE MIRAFLORES", "PROVINCIA": "LIMA", "DEPARTAMEN": "LIMA", "Zonas": "Todas Zonas", "tipo_influencia": "Indirecta", "abreviatura": "SJM", "min_distance_m": 1892.9390112343319, "susc_inund_niv": null, "susc_mmasa_niv": null, "susc_niv": null, "canalC_niv": "Muy alto", "exposicion_niv": "Muy alto" }, "geometry": { "type": "Point", "coordinates": [ -76.972809700000013, -12.1654091 ] } },
{ "type": "Feature", "properties": { "entity_id": "25767", "entity_type": "salud", "Nombre del establecimiento": "ODONTOIMAGEN", "Clasificación": "CONSULTORIOS MEDICOS Y DE OTROS PROFESIONALES DE LA SALUD", "Tipo": "ESTABLECIMIENTO DE SALUD SIN INTERNAMIENTO", "Categoria": "I-1", "Estado": "ACTIVO", "CAMAS": 0.0, "fecha_info": "2026-03-09T00:00:00", "sububigeo": "15011900", "UBIGEO": "150119", "DISTRITO": "LURIN", "PROVINCIA": "LIMA", "DEPARTAMEN": "LIMA", "Zonas": "Todas Zonas", "tipo_influencia": "Directa", "abreviatura": "LUR", "min_distance_m": 1051.9508683309068, "susc_inund_niv": "Medio", "susc_mmasa_niv": null, "susc_niv": "Medio", "canalC_niv": "Alto", "exposicion_niv": "Alto" }, "geometry": { "type": "Point", "coordinates": [ -76.884032, -12.2526278 ] } },
{ "type": "Feature", "properties": { "entity_id": "25772", "entity_type": "salud", "Nombre del establecimiento": "CENTRO DE SALUD MENTAL COMUNITARIO SANTA ROSA DE MANCHAY", "Clasificación": "CENTROS MEDICOS ESPECIALIZADOS", "Tipo": "ESTABLECIMIENTO DE SALUD SIN INTERNAMIENTO", "Categoria": "I-3", "Estado": "ACTIVO", "CAMAS": 0.0, "fecha_info": "2026-03-09T00:00:00", "sububigeo": "15012301", "UBIGEO": "150123", "DISTRITO": "PACHACAMAC", "PROVINCIA": "LIMA", "DEPARTAMEN": "LIMA", "Zonas": "Pachacamac histórico", "tipo_influencia": "Directa", "abreviatura": "PACH", "min_distance_m": 1594.8338538030309, "susc_inund_niv": "Medio", "susc_mmasa_niv": null, "susc_niv": "Medio", "canalC_niv": "Muy alto", "exposicion_niv": "Muy alto" }, "geometry": { "type": "Point", "coordinates": [ -76.8538748, -12.2095337 ] } },
{ "type": "Feature", "properties": { "entity_id": "6106", "entity_type": "salud", "Nombre del establecimiento": "CENTRO DE SALUD VILLA SAN LUIS", "Clasificación": "CENTROS DE SALUD O CENTROS MEDICOS", "Tipo": "ESTABLECIMIENTO DE SALUD SIN INTERNAMIENTO", "Categoria": "I-3", "Estado": "ACTIVO", "CAMAS": 0.0, "fecha_info": "2026-03-09T00:00:00", "sububigeo": "15013300", "UBIGEO": "150133", "DISTRITO": "SAN JUAN DE MIRAFLORES", "PROVINCIA": "LIMA", "DEPARTAMEN": "LIMA", "Zonas": "Todas Zonas", "tipo_influencia": "Indirecta", "abreviatura": "SJM", "min_distance_m": null, "susc_inund_niv": "Medio", "susc_mmasa_niv": "Alto", "susc_niv": "Alto", "canalC_niv": null, "exposicion_niv": "Alto" }, "geometry": { "type": "Point", "coordinates": [ -76.9708795, -12.1426786 ] } },
{ "type": "Feature", "properties": { "entity_id": "19691", "entity_type": "salud", "Nombre del establecimiento": "CETOX S.A.C.", "Clasificación": "PATOLOGIA CLINICA", "Tipo": "SERVICIO MÉDICO DE APOYO", "Categoria": "Sin Categoría", "Estado": "ACTIVO", "CAMAS": 0.0, "fecha_info": "2026-03-09T00:00:00", "sububigeo": "15014200", "UBIGEO": "150142", "DISTRITO": "VILLA EL SALVADOR", "PROVINCIA": "LIMA", "DEPARTAMEN": "LIMA", "Zonas": "Todas Zonas", "tipo_influencia": "Directa", "abreviatura": "VES", "min_distance_m": null, "susc_inund_niv": "Medio", "susc_mmasa_niv": null, "susc_niv": "Medio", "canalC_niv": null, "exposicion_niv": "Medio" }, "geometry": { "type": "Point", "coordinates": [ -76.9416202, -12.2278933 ] } },
{ "type": "Feature", "properties": { "entity_id": "26748", "entity_type": "salud", "Nombre del establecimiento": "SALVA MEDIX SUR", "Clasificación": "PATOLOGIA CLINICA", "Tipo": "SERVICIO MÉDICO DE APOYO", "Categoria": "Sin Categoría", "Estado": "BAJA DEFINITIVA", "CAMAS": 0.0, "fecha_info": "2026-03-09T00:00:00", "sububigeo": "15014200", "UBIGEO": "150142", "DISTRITO": "VILLA EL SALVADOR", "PROVINCIA": "LIMA", "DEPARTAMEN": "LIMA", "Zonas": "Todas Zonas", "tipo_influencia": "Directa", "abreviatura": "VES", "min_distance_m": 1809.7545515773497, "susc_inund_niv": "Medio", "susc_mmasa_niv": null, "susc_niv": "Medio", "canalC_niv": "Muy alto", "exposicion_niv": "Muy alto" }, "geometry": { "type": "Point", "coordinates": [ -76.932709, -12.21132091 ] } },
{ "type": "Feature", "properties": { "entity_id": "24710", "entity_type": "salud", "Nombre del establecimiento": "CONSULTORIO DENTAL ROBLES", "Clasificación": "CONSULTORIOS MEDICOS Y DE OTROS PROFESIONALES DE LA SALUD", "Tipo": "ESTABLECIMIENTO DE SALUD SIN INTERNAMIENTO", "Categoria": "I-1", "Estado": "ACTIVO", "CAMAS": 0.0, "fecha_info": "2026-03-09T00:00:00", "sububigeo": "15014200", "UBIGEO": "150142", "DISTRITO": "VILLA EL SALVADOR", "PROVINCIA": "LIMA", "DEPARTAMEN": "LIMA", "Zonas": "Todas Zonas", "tipo_influencia": "Directa", "abreviatura": "VES", "min_distance_m": 1851.6297513786972, "susc_inund_niv": "Medio", "susc_mmasa_niv": null, "susc_niv": "Medio", "canalC_niv": "Muy alto", "exposicion_niv": "Muy alto" }, "geometry": { "type": "Point", "coordinates": [ -76.93467624, -12.21150498000001 ] } },
{ "type": "Feature", "properties": { "entity_id": "35151", "entity_type": "salud", "Nombre del establecimiento": "HOSPITAL DE ESPECIALIDADES QUIRÚRGICAS DE SAN JUAN DE MIRAFLORES", "Clasificación": "HOSPITALES O CLINICAS DE ATENCION ESPECIALIZADA", "Tipo": "ESTABLECIMIENTO DE SALUD CON INTERNAMIENTO", "Categoria": "II-E", "Estado": "ACTIVO", "CAMAS": 0.0, "fecha_info": "2026-03-09T00:00:00", "sububigeo": "15013300", "UBIGEO": "150133", "DISTRITO": "SAN JUAN DE MIRAFLORES", "PROVINCIA": "LIMA", "DEPARTAMEN": "LIMA", "Zonas": "Todas Zonas", "tipo_influencia": "Indirecta", "abreviatura": "SJM", "min_distance_m": 1474.7284119241071, "susc_inund_niv": "Medio", "susc_mmasa_niv": null, "susc_niv": "Medio", "canalC_niv": "Muy alto", "exposicion_niv": "Muy alto" }, "geometry": { "type": "Point", "coordinates": [ -76.9692559, -12.1636311 ] } },
{ "type": "Feature", "properties": { "entity_id": "27391", "entity_type": "salud", "Nombre del establecimiento": "CENTRO MEDICO BLASAN EIRL", "Clasificación": "CENTROS DE SALUD O CENTROS MEDICOS", "Tipo": "ESTABLECIMIENTO DE SALUD SIN INTERNAMIENTO", "Categoria": "I-3", "Estado": "CIERRE TEMPORAL DE OFICIO", "CAMAS": 0.0, "fecha_info": "2026-03-09T00:00:00", "sububigeo": "15013300", "UBIGEO": "150133", "DISTRITO": "SAN JUAN DE MIRAFLORES", "PROVINCIA": "LIMA", "DEPARTAMEN": "LIMA", "Zonas": "Todas Zonas", "tipo_influencia": "Indirecta", "abreviatura": "SJM", "min_distance_m": null, "susc_inund_niv": null, "susc_mmasa_niv": null, "susc_niv": null, "canalC_niv": null, "exposicion_niv": null }, "geometry": { "type": "Point", "coordinates": [ -76.9776689, -12.1646754 ] } },
{ "type": "Feature", "properties": { "entity_id": "19107", "entity_type": "salud", "Nombre del establecimiento": "VACUNATORIO VILLA SALUD", "Clasificación": "CENTROS DE VACUNACION", "Tipo": "SERVICIO MÉDICO DE APOYO", "Categoria": "Sin Categoría", "Estado": "ACTIVO", "CAMAS": 0.0, "fecha_info": "2026-03-09T00:00:00", "sububigeo": "15014200", "UBIGEO": "150142", "DISTRITO": "VILLA EL SALVADOR", "PROVINCIA": "LIMA", "DEPARTAMEN": "LIMA", "Zonas": "Todas Zonas", "tipo_influencia": "Directa", "abreviatura": "VES", "min_distance_m": 994.51624861490109, "susc_inund_niv": "Medio", "susc_mmasa_niv": null, "susc_niv": "Medio", "canalC_niv": "Muy alto", "exposicion_niv": "Muy alto" }, "geometry": { "type": "Point", "coordinates": [ -76.93178213, -12.20396538 ] } },
{ "type": "Feature", "properties": { "entity_id": "35095", "entity_type": "salud", "Nombre del establecimiento": "CEO", "Clasificación": "CONSULTORIOS MEDICOS Y DE OTROS PROFESIONALES DE LA SALUD", "Tipo": "ESTABLECIMIENTO DE SALUD SIN INTERNAMIENTO", "Categoria": "I-1", "Estado": "BAJA DEFINITIVA", "CAMAS": 0.0, "fecha_info": "2026-03-09T00:00:00", "sububigeo": "15013300", "UBIGEO": "150133", "DISTRITO": "SAN JUAN DE MIRAFLORES", "PROVINCIA": "LIMA", "DEPARTAMEN": "LIMA", "Zonas": "Todas Zonas", "tipo_influencia": "Indirecta", "abreviatura": "SJM", "min_distance_m": 1800.5790486812718, "susc_inund_niv": null, "susc_mmasa_niv": null, "susc_niv": null, "canalC_niv": "Muy alto", "exposicion_niv": "Muy alto" }, "geometry": { "type": "Point", "coordinates": [ -76.9721483, -12.158482 ] } },
{ "type": "Feature", "properties": { "entity_id": "35344", "entity_type": "salud", "Nombre del establecimiento": "SERVICIOS MEDICO ODONTOLÓGICO", "Clasificación": "CONSULTORIOS MEDICOS Y DE OTROS PROFESIONALES DE LA SALUD", "Tipo": "ESTABLECIMIENTO DE SALUD SIN INTERNAMIENTO", "Categoria": "I-1", "Estado": "ACTIVO", "CAMAS": 0.0, "fecha_info": "2026-03-09T00:00:00", "sububigeo": "15013300", "UBIGEO": "150133", "DISTRITO": "SAN JUAN DE MIRAFLORES", "PROVINCIA": "LIMA", "DEPARTAMEN": "LIMA", "Zonas": "Todas Zonas", "tipo_influencia": "Indirecta", "abreviatura": "SJM", "min_distance_m": null, "susc_inund_niv": null, "susc_mmasa_niv": null, "susc_niv": null, "canalC_niv": null, "exposicion_niv": null }, "geometry": { "type": "Point", "coordinates": [ -76.97572045, -12.15279141 ] } },
{ "type": "Feature", "properties": { "entity_id": "34603", "entity_type": "salud", "Nombre del establecimiento": "ALME DENT", "Clasificación": "CONSULTORIOS MEDICOS Y DE OTROS PROFESIONALES DE LA SALUD", "Tipo": "ESTABLECIMIENTO DE SALUD SIN INTERNAMIENTO", "Categoria": "I-1", "Estado": "CIERRE TEMPORAL DE OFICIO", "CAMAS": 0.0, "fecha_info": "2026-03-09T00:00:00", "sububigeo": "15013300", "UBIGEO": "150133", "DISTRITO": "SAN JUAN DE MIRAFLORES", "PROVINCIA": "LIMA", "DEPARTAMEN": "LIMA", "Zonas": "Todas Zonas", "tipo_influencia": "Indirecta", "abreviatura": "SJM", "min_distance_m": null, "susc_inund_niv": "Medio", "susc_mmasa_niv": "Alto", "susc_niv": "Alto", "canalC_niv": null, "exposicion_niv": "Alto" }, "geometry": { "type": "Point", "coordinates": [ -76.9681004, -12.13538325 ] } },
{ "type": "Feature", "properties": { "entity_id": "33515", "entity_type": "salud", "Nombre del establecimiento": "UNIDAD DE VISION MARIA DIVINA LUZ  VMT", "Clasificación": "CONSULTORIOS MEDICOS Y DE OTROS PROFESIONALES DE LA SALUD", "Tipo": "ESTABLECIMIENTO DE SALUD SIN INTERNAMIENTO", "Categoria": "I-2", "Estado": "ACTIVO", "CAMAS": 0.0, "fecha_info": "2026-03-09T00:00:00", "sububigeo": "15014304", "UBIGEO": "150143", "DISTRITO": "VILLA MARIA DEL TRIUNFO", "PROVINCIA": "LIMA", "DEPARTAMEN": "LIMA", "Zonas": "Nueva Esperanza", "tipo_influencia": "Directa", "abreviatura": "VMT", "min_distance_m": 132.91663276871881, "susc_inund_niv": "Medio", "susc_mmasa_niv": null, "susc_niv": "Medio", "canalC_niv": "Muy alto", "exposicion_niv": "Muy alto" }, "geometry": { "type": "Point", "coordinates": [ -76.93707066, -12.17594863 ] } },
{ "type": "Feature", "properties": { "entity_id": "32811", "entity_type": "salud", "Nombre del establecimiento": "CONSULTORIO DENTAL", "Clasificación": "CONSULTORIOS MEDICOS Y DE OTROS PROFESIONALES DE LA SALUD", "Tipo": "ESTABLECIMIENTO DE SALUD SIN INTERNAMIENTO", "Categoria": "I-1", "Estado": "ACTIVO", "CAMAS": 0.0, "fecha_info": "2026-03-09T00:00:00", "sububigeo": "15013300", "UBIGEO": "150133", "DISTRITO": "SAN JUAN DE MIRAFLORES", "PROVINCIA": "LIMA", "DEPARTAMEN": "LIMA", "Zonas": "Todas Zonas", "tipo_influencia": "Indirecta", "abreviatura": "SJM", "min_distance_m": null, "susc_inund_niv": null, "susc_mmasa_niv": null, "susc_niv": null, "canalC_niv": null, "exposicion_niv": null }, "geometry": { "type": "Point", "coordinates": [ -76.9753494, -12.1617838 ] } },
{ "type": "Feature", "properties": { "entity_id": "32580", "entity_type": "salud", "Nombre del establecimiento": "CONSULTORIO DENTAL NOVAODENT", "Clasificación": "CONSULTORIOS MEDICOS Y DE OTROS PROFESIONALES DE LA SALUD", "Tipo": "ESTABLECIMIENTO DE SALUD SIN INTERNAMIENTO", "Categoria": "I-1", "Estado": "ACTIVO", "CAMAS": 0.0, "fecha_info": "2026-03-09T00:00:00", "sububigeo": "15014304", "UBIGEO": "150143", "DISTRITO": "VILLA MARIA DEL TRIUNFO", "PROVINCIA": "LIMA", "DEPARTAMEN": "LIMA", "Zonas": "Nueva Esperanza", "tipo_influencia": "Directa", "abreviatura": "VMT", "min_distance_m": 451.41925697208075, "susc_inund_niv": null, "susc_mmasa_niv": null, "susc_niv": null, "canalC_niv": "Muy alto", "exposicion_niv": "Muy alto" }, "geometry": { "type": "Point", "coordinates": [ -76.9196505, -12.1683863 ] } },
{ "type": "Feature", "properties": { "entity_id": "32656", "entity_type": "salud", "Nombre del establecimiento": "TU PLAN DENTAL", "Clasificación": "CONSULTORIOS MEDICOS Y DE OTROS PROFESIONALES DE LA SALUD", "Tipo": "ESTABLECIMIENTO DE SALUD SIN INTERNAMIENTO", "Categoria": "I-1", "Estado": "CIERRE TEMPORAL DE OFICIO", "CAMAS": 0.0, "fecha_info": "2026-03-09T00:00:00", "sububigeo": "15011900", "UBIGEO": "150119", "DISTRITO": "LURIN", "PROVINCIA": "LIMA", "DEPARTAMEN": "LIMA", "Zonas": "Todas Zonas", "tipo_influencia": "Directa", "abreviatura": "LUR", "min_distance_m": null, "susc_inund_niv": null, "susc_mmasa_niv": null, "susc_niv": null, "canalC_niv": null, "exposicion_niv": null }, "geometry": { "type": "Point", "coordinates": [ -76.8713311, -12.27426556 ] } },
{ "type": "Feature", "properties": { "entity_id": "32576", "entity_type": "salud", "Nombre del establecimiento": "CENTRO MEDICO EL SOL DE LURIN", "Clasificación": "CENTROS DE SALUD O CENTROS MEDICOS", "Tipo": "ESTABLECIMIENTO DE SALUD SIN INTERNAMIENTO", "Categoria": "I-3", "Estado": "ACTIVO", "CAMAS": 0.0, "fecha_info": "2026-03-09T00:00:00", "sububigeo": "15014200", "UBIGEO": "150142", "DISTRITO": "VILLA EL SALVADOR", "PROVINCIA": "LIMA", "DEPARTAMEN": "LIMA", "Zonas": "Todas Zonas", "tipo_influencia": "Directa", "abreviatura": "VES", "min_distance_m": 1822.3205184461001, "susc_inund_niv": "Medio", "susc_mmasa_niv": null, "susc_niv": "Medio", "canalC_niv": "Muy alto", "exposicion_niv": "Muy alto" }, "geometry": { "type": "Point", "coordinates": [ -76.92246414, -12.2368093 ] } },
{ "type": "Feature", "properties": { "entity_id": "27605", "entity_type": "salud", "Nombre del establecimiento": "DENTAL ANI DENT", "Clasificación": "CONSULTORIOS MEDICOS Y DE OTROS PROFESIONALES DE LA SALUD", "Tipo": "ESTABLECIMIENTO DE SALUD SIN INTERNAMIENTO", "Categoria": "I-1", "Estado": "CIERRE TEMPORAL DE OFICIO", "CAMAS": 0.0, "fecha_info": "2026-03-09T00:00:00", "sububigeo": "15013300", "UBIGEO": "150133", "DISTRITO": "SAN JUAN DE MIRAFLORES", "PROVINCIA": "LIMA", "DEPARTAMEN": "LIMA", "Zonas": "Todas Zonas", "tipo_influencia": "Indirecta", "abreviatura": "SJM", "min_distance_m": 1367.5345432533211, "susc_inund_niv": "Medio", "susc_mmasa_niv": null, "susc_niv": "Medio", "canalC_niv": "Muy alto", "exposicion_niv": "Muy alto" }, "geometry": { "type": "Point", "coordinates": [ -76.9683942, -12.1602946 ] } },
{ "type": "Feature", "properties": { "entity_id": "31891", "entity_type": "salud", "Nombre del establecimiento": "CONSULTORIO MEDICO DR. ANAYA", "Clasificación": "CENTROS DE SALUD O CENTROS MEDICOS", "Tipo": "ESTABLECIMIENTO DE SALUD SIN INTERNAMIENTO", "Categoria": "I-2", "Estado": "ACTIVO", "CAMAS": 0.0, "fecha_info": "2026-03-09T00:00:00", "sububigeo": "15014200", "UBIGEO": "150142", "DISTRITO": "VILLA EL SALVADOR", "PROVINCIA": "LIMA", "DEPARTAMEN": "LIMA", "Zonas": "Todas Zonas", "tipo_influencia": "Directa", "abreviatura": "VES", "min_distance_m": 1429.9502445765886, "susc_inund_niv": "Medio", "susc_mmasa_niv": null, "susc_niv": "Medio", "canalC_niv": "Muy alto", "exposicion_niv": "Muy alto" }, "geometry": { "type": "Point", "coordinates": [ -76.9347776, -12.2076095 ] } },
{ "type": "Feature", "properties": { "entity_id": "31886", "entity_type": "salud", "Nombre del establecimiento": "UNIVERSAL MEDICAL PLUS", "Clasificación": "POLICLINICOS", "Tipo": "ESTABLECIMIENTO DE SALUD SIN INTERNAMIENTO", "Categoria": "I-3", "Estado": "CIERRE TEMPORAL DE OFICIO", "CAMAS": 0.0, "fecha_info": "2026-03-09T00:00:00", "sububigeo": "15013300", "UBIGEO": "150133", "DISTRITO": "SAN JUAN DE MIRAFLORES", "PROVINCIA": "LIMA", "DEPARTAMEN": "LIMA", "Zonas": "Todas Zonas", "tipo_influencia": "Indirecta", "abreviatura": "SJM", "min_distance_m": 1214.6134571700818, "susc_inund_niv": "Medio", "susc_mmasa_niv": null, "susc_niv": "Medio", "canalC_niv": "Muy alto", "exposicion_niv": "Muy alto" }, "geometry": { "type": "Point", "coordinates": [ -76.96543849, -12.15579052 ] } },
{ "type": "Feature", "properties": { "entity_id": "30135", "entity_type": "salud", "Nombre del establecimiento": "CONSULTORIO MEDICO EL SABIO VENERABLE", "Clasificación": "CONSULTORIOS MEDICOS Y DE OTROS PROFESIONALES DE LA SALUD", "Tipo": "ESTABLECIMIENTO DE SALUD SIN INTERNAMIENTO", "Categoria": "I-2", "Estado": "CIERRE TEMPORAL DE OFICIO", "CAMAS": 0.0, "fecha_info": "2026-03-09T00:00:00", "sububigeo": "15011900", "UBIGEO": "150119", "DISTRITO": "LURIN", "PROVINCIA": "LIMA", "DEPARTAMEN": "LIMA", "Zonas": "Todas Zonas", "tipo_influencia": "Directa", "abreviatura": "LUR", "min_distance_m": 506.6918558083371, "susc_inund_niv": "Medio", "susc_mmasa_niv": null, "susc_niv": "Medio", "canalC_niv": "Alto", "exposicion_niv": "Alto" }, "geometry": { "type": "Point", "coordinates": [ -76.89911685, -12.25119212 ] } },
{ "type": "Feature", "properties": { "entity_id": "30697", "entity_type": "salud", "Nombre del establecimiento": "POLICLÍNICO SERMED", "Clasificación": "POLICLINICOS", "Tipo": "ESTABLECIMIENTO DE SALUD SIN INTERNAMIENTO", "Categoria": "I-3", "Estado": "ACTIVO", "CAMAS": 0.0, "fecha_info": "2026-03-09T00:00:00", "sububigeo": "15013300", "UBIGEO": "150133", "DISTRITO": "SAN JUAN DE MIRAFLORES", "PROVINCIA": "LIMA", "DEPARTAMEN": "LIMA", "Zonas": "Todas Zonas", "tipo_influencia": "Indirecta", "abreviatura": "SJM", "min_distance_m": 412.58953291580468, "susc_inund_niv": "Medio", "susc_mmasa_niv": null, "susc_niv": "Medio", "canalC_niv": "Muy alto", "exposicion_niv": "Muy alto" }, "geometry": { "type": "Point", "coordinates": [ -76.95967797, -12.16151377 ] } },
{ "type": "Feature", "properties": { "entity_id": "16985", "entity_type": "salud", "Nombre del establecimiento": "CONSULTORIO MEDICO PARROQUIAL PADRE ROGELIO GARCIA FERNANDEZ", "Clasificación": "CENTROS DE SALUD O CENTROS MEDICOS", "Tipo": "ESTABLECIMIENTO DE SALUD SIN INTERNAMIENTO", "Categoria": "I-2", "Estado": "ACTIVO", "CAMAS": 0.0, "fecha_info": "2026-03-09T00:00:00", "sububigeo": "15012301", "UBIGEO": "150123", "DISTRITO": "PACHACAMAC", "PROVINCIA": "LIMA", "DEPARTAMEN": "LIMA", "Zonas": "Pachacamac histórico", "tipo_influencia": "Directa", "abreviatura": "PACH", "min_distance_m": null, "susc_inund_niv": "Medio", "susc_mmasa_niv": null, "susc_niv": "Medio", "canalC_niv": null, "exposicion_niv": "Medio" }, "geometry": { "type": "Point", "coordinates": [ -76.8588082, -12.2293742 ] } },
{ "type": "Feature", "properties": { "entity_id": "23851", "entity_type": "salud", "Nombre del establecimiento": "ECOMEDIC CONSULTORIO MEDICO Y OBSTETRICO", "Clasificación": "CONSULTORIOS MEDICOS Y DE OTROS PROFESIONALES DE LA SALUD", "Tipo": "ESTABLECIMIENTO DE SALUD SIN INTERNAMIENTO", "Categoria": "I-2", "Estado": "ACTIVO", "CAMAS": 0.0, "fecha_info": "2026-03-09T00:00:00", "sububigeo": "15014200", "UBIGEO": "150142", "DISTRITO": "VILLA EL SALVADOR", "PROVINCIA": "LIMA", "DEPARTAMEN": "LIMA", "Zonas": "Todas Zonas", "tipo_influencia": "Directa", "abreviatura": "VES", "min_distance_m": 1963.0398097519469, "susc_inund_niv": "Medio", "susc_mmasa_niv": null, "susc_niv": "Medio", "canalC_niv": "Muy alto", "exposicion_niv": "Muy alto" }, "geometry": { "type": "Point", "coordinates": [ -76.93769372, -12.21181169 ] } },
{ "type": "Feature", "properties": { "entity_id": "33204", "entity_type": "salud", "Nombre del establecimiento": "CONSULTORIO ODONTOLOGICO SAIDENT", "Clasificación": "CONSULTORIOS MEDICOS Y DE OTROS PROFESIONALES DE LA SALUD", "Tipo": "ESTABLECIMIENTO DE SALUD SIN INTERNAMIENTO", "Categoria": "I-1", "Estado": "ACTIVO", "CAMAS": 0.0, "fecha_info": "2026-03-09T00:00:00", "sububigeo": "15014200", "UBIGEO": "150142", "DISTRITO": "VILLA EL SALVADOR", "PROVINCIA": "LIMA", "DEPARTAMEN": "LIMA", "Zonas": "Todas Zonas", "tipo_influencia": "Directa", "abreviatura": "VES", "min_distance_m": null, "susc_inund_niv": "Medio", "susc_mmasa_niv": null, "susc_niv": "Medio", "canalC_niv": null, "exposicion_niv": "Medio" }, "geometry": { "type": "Point", "coordinates": [ -76.91932746, -12.24400533 ] } },
{ "type": "Feature", "properties": { "entity_id": "6159", "entity_type": "salud", "Nombre del establecimiento": "PUESTO DE SALUD VALLE ALTO", "Clasificación": "PUESTOS DE SALUD O POSTAS DE SALUD", "Tipo": "ESTABLECIMIENTO DE SALUD SIN INTERNAMIENTO", "Categoria": "I-2", "Estado": "ACTIVO", "CAMAS": 0.0, "fecha_info": "2026-03-09T00:00:00", "sububigeo": "15014303", "UBIGEO": "150143", "DISTRITO": "VILLA MARIA DEL TRIUNFO", "PROVINCIA": "LIMA", "DEPARTAMEN": "LIMA", "Zonas": "Jose Carlos Mariategui", "tipo_influencia": "Directa", "abreviatura": "VMT", "min_distance_m": 819.80780256912408, "susc_inund_niv": "Medio", "susc_mmasa_niv": "Alto", "susc_niv": "Alto", "canalC_niv": "Muy alto", "exposicion_niv": "Muy alto" }, "geometry": { "type": "Point", "coordinates": [ -76.9464398, -12.1476396 ] } },
{ "type": "Feature", "properties": { "entity_id": "6140", "entity_type": "salud", "Nombre del establecimiento": "CENTRO DE SALUD NUEVA ESPERANZA", "Clasificación": "CENTROS DE SALUD O CENTROS MEDICOS", "Tipo": "ESTABLECIMIENTO DE SALUD SIN INTERNAMIENTO", "Categoria": "I-3", "Estado": "ACTIVO", "CAMAS": 0.0, "fecha_info": "2026-03-09T00:00:00", "sububigeo": "15014304", "UBIGEO": "150143", "DISTRITO": "VILLA MARIA DEL TRIUNFO", "PROVINCIA": "LIMA", "DEPARTAMEN": "LIMA", "Zonas": "Nueva Esperanza", "tipo_influencia": "Directa", "abreviatura": "VMT", "min_distance_m": 34.24346645293209, "susc_inund_niv": "Medio", "susc_mmasa_niv": null, "susc_niv": "Medio", "canalC_niv": "Muy alto", "exposicion_niv": "Muy alto" }, "geometry": { "type": "Point", "coordinates": [ -76.9338322, -12.1733468 ] } },
{ "type": "Feature", "properties": { "entity_id": "6135", "entity_type": "salud", "Nombre del establecimiento": "PUESTO DE SALUD LLANAVILLA", "Clasificación": "PUESTOS DE SALUD O POSTAS DE SALUD", "Tipo": "ESTABLECIMIENTO DE SALUD SIN INTERNAMIENTO", "Categoria": "I-2", "Estado": "ACTIVO", "CAMAS": 0.0, "fecha_info": "2026-03-09T00:00:00", "sububigeo": "15014200", "UBIGEO": "150142", "DISTRITO": "VILLA EL SALVADOR", "PROVINCIA": "LIMA", "DEPARTAMEN": "LIMA", "Zonas": "Todas Zonas", "tipo_influencia": "Directa", "abreviatura": "VES", "min_distance_m": 846.09990915721539, "susc_inund_niv": null, "susc_mmasa_niv": null, "susc_niv": null, "canalC_niv": "Muy alto", "exposicion_niv": "Muy alto" }, "geometry": { "type": "Point", "coordinates": [ -76.9418801, -12.191279 ] } },
{ "type": "Feature", "properties": { "entity_id": "6090", "entity_type": "salud", "Nombre del establecimiento": "CENTRO MATERNO INFANTIL PACHACAMAC", "Clasificación": "CENTROS DE SALUD CON CAMAS DE INTERNAMIENTO", "Tipo": "ESTABLECIMIENTO DE SALUD CON INTERNAMIENTO", "Categoria": "I-4", "Estado": "ACTIVO", "CAMAS": 6.0, "fecha_info": "2026-03-09T00:00:00", "sububigeo": "15012301", "UBIGEO": "150123", "DISTRITO": "PACHACAMAC", "PROVINCIA": "LIMA", "DEPARTAMEN": "LIMA", "Zonas": "Pachacamac histórico", "tipo_influencia": "Directa", "abreviatura": "PACH", "min_distance_m": null, "susc_inund_niv": "Medio", "susc_mmasa_niv": null, "susc_niv": "Medio", "canalC_niv": null, "exposicion_niv": "Medio" }, "geometry": { "type": "Point", "coordinates": [ -76.8581836, -12.2282504 ] } },
{ "type": "Feature", "properties": { "entity_id": "29636", "entity_type": "salud", "Nombre del establecimiento": "CENTRO DE SALUD MENTAL COMUNITARIO VIRGEN DE LA MERCED", "Clasificación": "CENTROS MEDICOS ESPECIALIZADOS", "Tipo": "ESTABLECIMIENTO DE SALUD SIN INTERNAMIENTO", "Categoria": "I-3", "Estado": "ACTIVO", "CAMAS": 0.0, "fecha_info": "2026-03-09T00:00:00", "sububigeo": "15014200", "UBIGEO": "150142", "DISTRITO": "VILLA EL SALVADOR", "PROVINCIA": "LIMA", "DEPARTAMEN": "LIMA", "Zonas": "Todas Zonas", "tipo_influencia": "Directa", "abreviatura": "VES", "min_distance_m": null, "susc_inund_niv": "Medio", "susc_mmasa_niv": null, "susc_niv": "Medio", "canalC_niv": null, "exposicion_niv": "Medio" }, "geometry": { "type": "Point", "coordinates": [ -76.9294507, -12.2431532 ] } },
{ "type": "Feature", "properties": { "entity_id": "28603", "entity_type": "salud", "Nombre del establecimiento": "MONTALB MEDIC", "Clasificación": "POLICLINICOS", "Tipo": "ESTABLECIMIENTO DE SALUD SIN INTERNAMIENTO", "Categoria": "I-3", "Estado": "ACTIVO", "CAMAS": 0.0, "fecha_info": "2026-03-09T00:00:00", "sububigeo": "15013300", "UBIGEO": "150133", "DISTRITO": "SAN JUAN DE MIRAFLORES", "PROVINCIA": "LIMA", "DEPARTAMEN": "LIMA", "Zonas": "Todas Zonas", "tipo_influencia": "Indirecta", "abreviatura": "SJM", "min_distance_m": 1353.4661014658946, "susc_inund_niv": null, "susc_mmasa_niv": null, "susc_niv": null, "canalC_niv": "Muy alto", "exposicion_niv": "Muy alto" }, "geometry": { "type": "Point", "coordinates": [ -76.95782102, -12.18869939 ] } },
{ "type": "Feature", "properties": { "entity_id": "37786", "entity_type": "salud", "Nombre del establecimiento": "C Y F ODONTOLOGIA INTEGRAL", "Clasificación": "CONSULTORIOS MEDICOS Y DE OTROS PROFESIONALES DE LA SALUD", "Tipo": "ESTABLECIMIENTO DE SALUD SIN INTERNAMIENTO", "Categoria": "I-1", "Estado": "ACTIVO", "CAMAS": 0.0, "fecha_info": "2026-03-09T00:00:00", "sububigeo": "15014200", "UBIGEO": "150142", "DISTRITO": "VILLA EL SALVADOR", "PROVINCIA": "LIMA", "DEPARTAMEN": "LIMA", "Zonas": "Todas Zonas", "tipo_influencia": "Directa", "abreviatura": "VES", "min_distance_m": null, "susc_inund_niv": "Medio", "susc_mmasa_niv": null, "susc_niv": "Medio", "canalC_niv": null, "exposicion_niv": "Medio" }, "geometry": { "type": "Point", "coordinates": [ -76.93647063, -12.23732306 ] } },
{ "type": "Feature", "properties": { "entity_id": "36450", "entity_type": "salud", "Nombre del establecimiento": "ODONTOPLUS", "Clasificación": "CONSULTORIOS MEDICOS Y DE OTROS PROFESIONALES DE LA SALUD", "Tipo": "ESTABLECIMIENTO DE SALUD SIN INTERNAMIENTO", "Categoria": "I-1", "Estado": "ACTIVO", "CAMAS": 0.0, "fecha_info": "2026-03-09T00:00:00", "sububigeo": "15014200", "UBIGEO": "150142", "DISTRITO": "VILLA EL SALVADOR", "PROVINCIA": "LIMA", "DEPARTAMEN": "LIMA", "Zonas": "Todas Zonas", "tipo_influencia": "Directa", "abreviatura": "VES", "min_distance_m": 1600.7322441213353, "susc_inund_niv": "Medio", "susc_mmasa_niv": null, "susc_niv": "Medio", "canalC_niv": "Muy alto", "exposicion_niv": "Muy alto" }, "geometry": { "type": "Point", "coordinates": [ -76.9224283, -12.2314455 ] } },
{ "type": "Feature", "properties": { "entity_id": "35698", "entity_type": "salud", "Nombre del establecimiento": "FisioVIB", "Clasificación": "CONSULTORIOS MEDICOS Y DE OTROS PROFESIONALES DE LA SALUD", "Tipo": "ESTABLECIMIENTO DE SALUD SIN INTERNAMIENTO", "Categoria": "I-2", "Estado": "CIERRE TEMPORAL DE OFICIO", "CAMAS": 0.0, "fecha_info": "2026-03-09T00:00:00", "sububigeo": "15014200", "UBIGEO": "150142", "DISTRITO": "VILLA EL SALVADOR", "PROVINCIA": "LIMA", "DEPARTAMEN": "LIMA", "Zonas": "Todas Zonas", "tipo_influencia": "Directa", "abreviatura": "VES", "min_distance_m": 1837.126546445417, "susc_inund_niv": "Medio", "susc_mmasa_niv": null, "susc_niv": "Medio", "canalC_niv": "Muy alto", "exposicion_niv": "Muy alto" }, "geometry": { "type": "Point", "coordinates": [ -76.9596252, -12.1937474 ] } },
{ "type": "Feature", "properties": { "entity_id": "37518", "entity_type": "salud", "Nombre del establecimiento": "DENTAL YAUYO", "Clasificación": "CONSULTORIOS MEDICOS Y DE OTROS PROFESIONALES DE LA SALUD", "Tipo": "ESTABLECIMIENTO DE SALUD SIN INTERNAMIENTO", "Categoria": "I-1", "Estado": "ACTIVO", "CAMAS": 0.0, "fecha_info": "2026-03-09T00:00:00", "sububigeo": "15013300", "UBIGEO": "150133", "DISTRITO": "SAN JUAN DE MIRAFLORES", "PROVINCIA": "LIMA", "DEPARTAMEN": "LIMA", "Zonas": "Todas Zonas", "tipo_influencia": "Indirecta", "abreviatura": "SJM", "min_distance_m": null, "susc_inund_niv": null, "susc_mmasa_niv": "Muy alto", "susc_niv": "Muy alto", "canalC_niv": null, "exposicion_niv": "Muy alto" }, "geometry": { "type": "Point", "coordinates": [ -76.9666687, -12.1317434 ] } },
{ "type": "Feature", "properties": { "entity_id": "35117", "entity_type": "salud", "Nombre del establecimiento": "AVANTUS", "Clasificación": "HEMODIALISIS", "Tipo": "SERVICIO MÉDICO DE APOYO", "Categoria": "Sin Categoría", "Estado": "ACTIVO", "CAMAS": 0.0, "fecha_info": "2026-03-09T00:00:00", "sububigeo": "15014200", "UBIGEO": "150142", "DISTRITO": "VILLA EL SALVADOR", "PROVINCIA": "LIMA", "DEPARTAMEN": "LIMA", "Zonas": "Todas Zonas", "tipo_influencia": "Directa", "abreviatura": "VES", "min_distance_m": null, "susc_inund_niv": "Medio", "susc_mmasa_niv": null, "susc_niv": "Medio", "canalC_niv": null, "exposicion_niv": "Medio" }, "geometry": { "type": "Point", "coordinates": [ -76.9362182, -12.2216819 ] } },
{ "type": "Feature", "properties": { "entity_id": "32582", "entity_type": "salud", "Nombre del establecimiento": "AVANZA - TERAPIA FÍSICA", "Clasificación": "REHABILITACION", "Tipo": "SERVICIO MÉDICO DE APOYO", "Categoria": "Sin Categoría", "Estado": "ACTIVO", "CAMAS": 0.0, "fecha_info": "2026-03-09T00:00:00", "sububigeo": "15013300", "UBIGEO": "150133", "DISTRITO": "SAN JUAN DE MIRAFLORES", "PROVINCIA": "LIMA", "DEPARTAMEN": "LIMA", "Zonas": "Todas Zonas", "tipo_influencia": "Indirecta", "abreviatura": "SJM", "min_distance_m": 1528.7450398865756, "susc_inund_niv": "Medio", "susc_mmasa_niv": null, "susc_niv": "Medio", "canalC_niv": "Muy alto", "exposicion_niv": "Muy alto" }, "geometry": { "type": "Point", "coordinates": [ -76.9693876, -12.1652765 ] } },
{ "type": "Feature", "properties": { "entity_id": "20210", "entity_type": "salud", "Nombre del establecimiento": "SERVICIO MEDICO IBT DIAGNOSTICO POR IMÁGENES VMT", "Clasificación": "DIAGNOSTICO POR IMAGENES", "Tipo": "SERVICIO MÉDICO DE APOYO", "Categoria": "Sin Categoría", "Estado": "ACTIVO", "CAMAS": 0.0, "fecha_info": "2026-03-09T00:00:00", "sububigeo": "15014304", "UBIGEO": "150143", "DISTRITO": "VILLA MARIA DEL TRIUNFO", "PROVINCIA": "LIMA", "DEPARTAMEN": "LIMA", "Zonas": "Nueva Esperanza", "tipo_influencia": "Directa", "abreviatura": "VMT", "min_distance_m": 126.94518149182925, "susc_inund_niv": "Medio", "susc_mmasa_niv": null, "susc_niv": "Medio", "canalC_niv": "Muy alto", "exposicion_niv": "Muy alto" }, "geometry": { "type": "Point", "coordinates": [ -76.940273, -12.1774727 ] } },
{ "type": "Feature", "properties": { "entity_id": "23159", "entity_type": "salud", "Nombre del establecimiento": "HOSPITAL DE EMERGENCIAS VILLA EL SALVADOR", "Clasificación": "HOSPITALES O CLINICAS DE ATENCION GENERAL", "Tipo": "ESTABLECIMIENTO DE SALUD CON INTERNAMIENTO", "Categoria": "III-1", "Estado": "ACTIVO", "CAMAS": 194.0, "fecha_info": "2026-03-09T00:00:00", "sububigeo": "15014200", "UBIGEO": "150142", "DISTRITO": "VILLA EL SALVADOR", "PROVINCIA": "LIMA", "DEPARTAMEN": "LIMA", "Zonas": "Todas Zonas", "tipo_influencia": "Directa", "abreviatura": "VES", "min_distance_m": null, "susc_inund_niv": "Medio", "susc_mmasa_niv": null, "susc_niv": "Medio", "canalC_niv": null, "exposicion_niv": "Medio" }, "geometry": { "type": "Point", "coordinates": [ -76.9336669, -12.2326004 ] } },
{ "type": "Feature", "properties": { "entity_id": "25018", "entity_type": "salud", "Nombre del establecimiento": "CONSULTORIO MEDICO DR. JOSE LEVANO", "Clasificación": "CONSULTORIOS MEDICOS Y DE OTROS PROFESIONALES DE LA SALUD", "Tipo": "ESTABLECIMIENTO DE SALUD SIN INTERNAMIENTO", "Categoria": "I-2", "Estado": "ACTIVO", "CAMAS": 0.0, "fecha_info": "2026-03-09T00:00:00", "sububigeo": "15013300", "UBIGEO": "150133", "DISTRITO": "SAN JUAN DE MIRAFLORES", "PROVINCIA": "LIMA", "DEPARTAMEN": "LIMA", "Zonas": "Todas Zonas", "tipo_influencia": "Indirecta", "abreviatura": "SJM", "min_distance_m": 1979.6663423909588, "susc_inund_niv": null, "susc_mmasa_niv": null, "susc_niv": null, "canalC_niv": "Muy alto", "exposicion_niv": "Muy alto" }, "geometry": { "type": "Point", "coordinates": [ -76.97338588, -12.15659156 ] } },
{ "type": "Feature", "properties": { "entity_id": "21144", "entity_type": "salud", "Nombre del establecimiento": "SEÑOR DE LOS MILAGROS", "Clasificación": "CONSULTORIOS MEDICOS Y DE OTROS PROFESIONALES DE LA SALUD", "Tipo": "ESTABLECIMIENTO DE SALUD SIN INTERNAMIENTO", "Categoria": "I-2", "Estado": "CIERRE TEMPORAL DE OFICIO", "CAMAS": 0.0, "fecha_info": "2026-03-09T00:00:00", "sububigeo": "15011900", "UBIGEO": "150119", "DISTRITO": "LURIN", "PROVINCIA": "LIMA", "DEPARTAMEN": "LIMA", "Zonas": "Todas Zonas", "tipo_influencia": "Directa", "abreviatura": "LUR", "min_distance_m": null, "susc_inund_niv": null, "susc_mmasa_niv": null, "susc_niv": null, "canalC_niv": null, "exposicion_niv": null }, "geometry": { "type": "Point", "coordinates": [ -76.8693886, -12.2743717 ] } },
{ "type": "Feature", "properties": { "entity_id": "24847", "entity_type": "salud", "Nombre del establecimiento": "CENTRO DE SALUD MENTAL COMUNITARIO 12 DE NOVIEMBRE", "Clasificación": "CENTROS DE SALUD O CENTROS MEDICOS", "Tipo": "ESTABLECIMIENTO DE SALUD SIN INTERNAMIENTO", "Categoria": "I-3", "Estado": "ACTIVO", "CAMAS": 0.0, "fecha_info": "2026-03-09T00:00:00", "sububigeo": "15013300", "UBIGEO": "150133", "DISTRITO": "SAN JUAN DE MIRAFLORES", "PROVINCIA": "LIMA", "DEPARTAMEN": "LIMA", "Zonas": "Todas Zonas", "tipo_influencia": "Indirecta", "abreviatura": "SJM", "min_distance_m": null, "susc_inund_niv": "Medio", "susc_mmasa_niv": "Alto", "susc_niv": "Alto", "canalC_niv": null, "exposicion_niv": "Alto" }, "geometry": { "type": "Point", "coordinates": [ -76.96831382, -12.1376019 ] } },
{ "type": "Feature", "properties": { "entity_id": "25769", "entity_type": "salud", "Nombre del establecimiento": "Punto Oral", "Clasificación": "CONSULTORIOS MEDICOS Y DE OTROS PROFESIONALES DE LA SALUD", "Tipo": "ESTABLECIMIENTO DE SALUD SIN INTERNAMIENTO", "Categoria": "I-1", "Estado": "ACTIVO", "CAMAS": 0.0, "fecha_info": "2026-03-09T00:00:00", "sububigeo": "15013300", "UBIGEO": "150133", "DISTRITO": "SAN JUAN DE MIRAFLORES", "PROVINCIA": "LIMA", "DEPARTAMEN": "LIMA", "Zonas": "Todas Zonas", "tipo_influencia": "Indirecta", "abreviatura": "SJM", "min_distance_m": 1371.5241424249523, "susc_inund_niv": "Medio", "susc_mmasa_niv": null, "susc_niv": "Medio", "canalC_niv": "Muy alto", "exposicion_niv": "Muy alto" }, "geometry": { "type": "Point", "coordinates": [ -76.96266241, -12.17296845 ] } },
{ "type": "Feature", "properties": { "entity_id": "24850", "entity_type": "salud", "Nombre del establecimiento": "SAN JUAN", "Clasificación": "CONSULTORIOS MEDICOS Y DE OTROS PROFESIONALES DE LA SALUD", "Tipo": "ESTABLECIMIENTO DE SALUD SIN INTERNAMIENTO", "Categoria": "I-1", "Estado": "ACTIVO", "CAMAS": 0.0, "fecha_info": "2026-03-09T00:00:00", "sububigeo": "15013300", "UBIGEO": "150133", "DISTRITO": "SAN JUAN DE MIRAFLORES", "PROVINCIA": "LIMA", "DEPARTAMEN": "LIMA", "Zonas": "Todas Zonas", "tipo_influencia": "Indirecta", "abreviatura": "SJM", "min_distance_m": 426.4263281117374, "susc_inund_niv": "Medio", "susc_mmasa_niv": null, "susc_niv": "Medio", "canalC_niv": "Muy alto", "exposicion_niv": "Muy alto" }, "geometry": { "type": "Point", "coordinates": [ -76.9597827, -12.1610529 ] } },
{ "type": "Feature", "properties": { "entity_id": "25773", "entity_type": "salud", "Nombre del establecimiento": "Medi Vida", "Clasificación": "CONSULTORIOS MEDICOS Y DE OTROS PROFESIONALES DE LA SALUD", "Tipo": "ESTABLECIMIENTO DE SALUD SIN INTERNAMIENTO", "Categoria": "I-2", "Estado": "ACTIVO", "CAMAS": 0.0, "fecha_info": "2026-03-09T00:00:00", "sububigeo": "15014200", "UBIGEO": "150142", "DISTRITO": "VILLA EL SALVADOR", "PROVINCIA": "LIMA", "DEPARTAMEN": "LIMA", "Zonas": "Todas Zonas", "tipo_influencia": "Directa", "abreviatura": "VES", "min_distance_m": null, "susc_inund_niv": "Medio", "susc_mmasa_niv": null, "susc_niv": "Medio", "canalC_niv": null, "exposicion_niv": "Medio" }, "geometry": { "type": "Point", "coordinates": [ -76.93236568, -12.21884588 ] } },
{ "type": "Feature", "properties": { "entity_id": "21843", "entity_type": "salud", "Nombre del establecimiento": "ODONTOHOUSE", "Clasificación": "CENTRO ODONTOLOGICO", "Tipo": "ESTABLECIMIENTO DE SALUD SIN INTERNAMIENTO", "Categoria": "Sin Categoría", "Estado": "CIERRE TEMPORAL DE OFICIO", "CAMAS": 0.0, "fecha_info": "2026-03-09T00:00:00", "sububigeo": "15011900", "UBIGEO": "150119", "DISTRITO": "LURIN", "PROVINCIA": "LIMA", "DEPARTAMEN": "LIMA", "Zonas": "Todas Zonas", "tipo_influencia": "Directa", "abreviatura": "LUR", "min_distance_m": 1051.9508683309068, "susc_inund_niv": "Medio", "susc_mmasa_niv": null, "susc_niv": "Medio", "canalC_niv": "Alto", "exposicion_niv": "Alto" }, "geometry": { "type": "Point", "coordinates": [ -76.884032, -12.2526278 ] } },
{ "type": "Feature", "properties": { "entity_id": "34205", "entity_type": "salud", "Nombre del establecimiento": "La Casita de los Dientes", "Clasificación": "CONSULTORIOS MEDICOS Y DE OTROS PROFESIONALES DE LA SALUD", "Tipo": "ESTABLECIMIENTO DE SALUD SIN INTERNAMIENTO", "Categoria": "I-1", "Estado": "ACTIVO", "CAMAS": 0.0, "fecha_info": "2026-03-09T00:00:00", "sububigeo": "15014200", "UBIGEO": "150142", "DISTRITO": "VILLA EL SALVADOR", "PROVINCIA": "LIMA", "DEPARTAMEN": "LIMA", "Zonas": "Todas Zonas", "tipo_influencia": "Directa", "abreviatura": "VES", "min_distance_m": 1438.9705465145591, "susc_inund_niv": "Medio", "susc_mmasa_niv": null, "susc_niv": "Medio", "canalC_niv": "Muy alto", "exposicion_niv": "Muy alto" }, "geometry": { "type": "Point", "coordinates": [ -76.94024567, -12.20513923 ] } },
{ "type": "Feature", "properties": { "entity_id": "33712", "entity_type": "salud", "Nombre del establecimiento": "L.T.V. POLICLINICO PRIMERO DE MAYO", "Clasificación": "POLICLINICOS", "Tipo": "ESTABLECIMIENTO DE SALUD SIN INTERNAMIENTO", "Categoria": "I-3", "Estado": "CIERRE TEMPORAL DE OFICIO", "CAMAS": 0.0, "fecha_info": "2026-03-09T00:00:00", "sububigeo": "15014200", "UBIGEO": "150142", "DISTRITO": "VILLA EL SALVADOR", "PROVINCIA": "LIMA", "DEPARTAMEN": "LIMA", "Zonas": "Todas Zonas", "tipo_influencia": "Directa", "abreviatura": "VES", "min_distance_m": null, "susc_inund_niv": "Medio", "susc_mmasa_niv": null, "susc_niv": "Medio", "canalC_niv": null, "exposicion_niv": "Medio" }, "geometry": { "type": "Point", "coordinates": [ -76.95687286, -12.19807328 ] } },
{ "type": "Feature", "properties": { "entity_id": "33212", "entity_type": "salud", "Nombre del establecimiento": "Global Salud Consultorio", "Clasificación": "CONSULTORIOS MEDICOS Y DE OTROS PROFESIONALES DE LA SALUD", "Tipo": "ESTABLECIMIENTO DE SALUD SIN INTERNAMIENTO", "Categoria": "I-2", "Estado": "ACTIVO", "CAMAS": 0.0, "fecha_info": "2026-03-09T00:00:00", "sububigeo": "15014200", "UBIGEO": "150142", "DISTRITO": "VILLA EL SALVADOR", "PROVINCIA": "LIMA", "DEPARTAMEN": "LIMA", "Zonas": "Todas Zonas", "tipo_influencia": "Directa", "abreviatura": "VES", "min_distance_m": null, "susc_inund_niv": "Medio", "susc_mmasa_niv": null, "susc_niv": "Medio", "canalC_niv": null, "exposicion_niv": "Medio" }, "geometry": { "type": "Point", "coordinates": [ -76.93386, -12.23173 ] } },
{ "type": "Feature", "properties": { "entity_id": "27877", "entity_type": "salud", "Nombre del establecimiento": "CONSULTORIO DENTAL \" DR. CASTILLA \"", "Clasificación": "CONSULTORIOS MEDICOS Y DE OTROS PROFESIONALES DE LA SALUD", "Tipo": "ESTABLECIMIENTO DE SALUD SIN INTERNAMIENTO", "Categoria": "I-1", "Estado": "ACTIVO", "CAMAS": 0.0, "fecha_info": "2026-03-09T00:00:00", "sububigeo": "15013300", "UBIGEO": "150133", "DISTRITO": "SAN JUAN DE MIRAFLORES", "PROVINCIA": "LIMA", "DEPARTAMEN": "LIMA", "Zonas": "Todas Zonas", "tipo_influencia": "Indirecta", "abreviatura": "SJM", "min_distance_m": 1916.2544308960378, "susc_inund_niv": null, "susc_mmasa_niv": null, "susc_niv": null, "canalC_niv": "Muy alto", "exposicion_niv": "Muy alto" }, "geometry": { "type": "Point", "coordinates": [ -76.9723389, -12.1553031 ] } },
{ "type": "Feature", "properties": { "entity_id": "28301", "entity_type": "salud", "Nombre del establecimiento": "POLICLINICO VILLA SUR", "Clasificación": "POLICLINICOS", "Tipo": "ESTABLECIMIENTO DE SALUD SIN INTERNAMIENTO", "Categoria": "I-3", "Estado": "CIERRE TEMPORAL DE OFICIO", "CAMAS": 0.0, "fecha_info": "2026-03-09T00:00:00", "sububigeo": "15014200", "UBIGEO": "150142", "DISTRITO": "VILLA EL SALVADOR", "PROVINCIA": "LIMA", "DEPARTAMEN": "LIMA", "Zonas": "Todas Zonas", "tipo_influencia": "Directa", "abreviatura": "VES", "min_distance_m": 1262.6973410058338, "susc_inund_niv": "Medio", "susc_mmasa_niv": null, "susc_niv": "Medio", "canalC_niv": "Muy alto", "exposicion_niv": "Muy alto" }, "geometry": { "type": "Point", "coordinates": [ -76.95045268, -12.19369029 ] } },
{ "type": "Feature", "properties": { "entity_id": "25781", "entity_type": "salud", "Nombre del establecimiento": "QUALAB", "Clasificación": "PATOLOGIA CLINICA", "Tipo": "SERVICIO MÉDICO DE APOYO", "Categoria": "Sin Categoría", "Estado": "ACTIVO", "CAMAS": 0.0, "fecha_info": "2026-03-09T00:00:00", "sububigeo": "15013300", "UBIGEO": "150133", "DISTRITO": "SAN JUAN DE MIRAFLORES", "PROVINCIA": "LIMA", "DEPARTAMEN": "LIMA", "Zonas": "Todas Zonas", "tipo_influencia": "Indirecta", "abreviatura": "SJM", "min_distance_m": 1036.1259822460979, "susc_inund_niv": "Medio", "susc_mmasa_niv": null, "susc_niv": "Medio", "canalC_niv": "Muy alto", "exposicion_niv": "Muy alto" }, "geometry": { "type": "Point", "coordinates": [ -76.9652601, -12.1631027 ] } },
{ "type": "Feature", "properties": { "entity_id": "26988", "entity_type": "salud", "Nombre del establecimiento": "PEDIATRICKS", "Clasificación": "CONSULTORIOS MEDICOS Y DE OTROS PROFESIONALES DE LA SALUD", "Tipo": "ESTABLECIMIENTO DE SALUD SIN INTERNAMIENTO", "Categoria": "I-2", "Estado": "BAJA DEFINITIVA", "CAMAS": 0.0, "fecha_info": "2026-03-09T00:00:00", "sububigeo": "15014307", "UBIGEO": "150143", "DISTRITO": "VILLA MARIA DEL TRIUNFO", "PROVINCIA": "LIMA", "DEPARTAMEN": "LIMA", "Zonas": "Villa Poeta José Gálvez", "tipo_influencia": "Directa", "abreviatura": "VMT", "min_distance_m": 298.72928458735737, "susc_inund_niv": "Medio", "susc_mmasa_niv": null, "susc_niv": "Medio", "canalC_niv": "Muy alto", "exposicion_niv": "Muy alto" }, "geometry": { "type": "Point", "coordinates": [ -76.90655744, -12.21485734 ] } },
{ "type": "Feature", "properties": { "entity_id": "27141", "entity_type": "salud", "Nombre del establecimiento": "CONSULTORIO DENTAL ZEGARRA", "Clasificación": "CENTRO ODONTOLOGICO", "Tipo": "ESTABLECIMIENTO DE SALUD SIN INTERNAMIENTO", "Categoria": "I-1", "Estado": "ACTIVO", "CAMAS": 0.0, "fecha_info": "2026-03-09T00:00:00", "sububigeo": "15014307", "UBIGEO": "150143", "DISTRITO": "VILLA MARIA DEL TRIUNFO", "PROVINCIA": "LIMA", "DEPARTAMEN": "LIMA", "Zonas": "Villa Poeta José Gálvez", "tipo_influencia": "Directa", "abreviatura": "VMT", "min_distance_m": 625.86795512367269, "susc_inund_niv": "Medio", "susc_mmasa_niv": null, "susc_niv": "Medio", "canalC_niv": "Muy alto", "exposicion_niv": "Muy alto" }, "geometry": { "type": "Point", "coordinates": [ -76.9070718, -12.2115318 ] } },
{ "type": "Feature", "properties": { "entity_id": "26937", "entity_type": "salud", "Nombre del establecimiento": "CONSULTORIO MEDICO \"LAS AMERICAS\"", "Clasificación": "CENTROS DE SALUD O CENTROS MEDICOS", "Tipo": "ESTABLECIMIENTO DE SALUD SIN INTERNAMIENTO", "Categoria": "I-2", "Estado": "CIERRE TEMPORAL DE OFICIO", "CAMAS": 0.0, "fecha_info": "2026-03-09T00:00:00", "sububigeo": "15013300", "UBIGEO": "150133", "DISTRITO": "SAN JUAN DE MIRAFLORES", "PROVINCIA": "LIMA", "DEPARTAMEN": "LIMA", "Zonas": "Todas Zonas", "tipo_influencia": "Indirecta", "abreviatura": "SJM", "min_distance_m": null, "susc_inund_niv": null, "susc_mmasa_niv": null, "susc_niv": null, "canalC_niv": null, "exposicion_niv": null }, "geometry": { "type": "Point", "coordinates": [ -76.97612709, -12.18532519 ] } },
{ "type": "Feature", "properties": { "entity_id": "27496", "entity_type": "salud", "Nombre del establecimiento": "Asiri Dent", "Clasificación": "CONSULTORIOS MEDICOS Y DE OTROS PROFESIONALES DE LA SALUD", "Tipo": "ESTABLECIMIENTO DE SALUD SIN INTERNAMIENTO", "Categoria": "I-1", "Estado": "ACTIVO", "CAMAS": 0.0, "fecha_info": "2026-03-09T00:00:00", "sububigeo": "15014303", "UBIGEO": "150143", "DISTRITO": "VILLA MARIA DEL TRIUNFO", "PROVINCIA": "LIMA", "DEPARTAMEN": "LIMA", "Zonas": "Jose Carlos Mariategui", "tipo_influencia": "Directa", "abreviatura": "VMT", "min_distance_m": 388.58432135499032, "susc_inund_niv": null, "susc_mmasa_niv": "Alto", "susc_niv": "Alto", "canalC_niv": "Muy alto", "exposicion_niv": "Muy alto" }, "geometry": { "type": "Point", "coordinates": [ -76.9551549, -12.15802975 ] } },
{ "type": "Feature", "properties": { "entity_id": "25456", "entity_type": "salud", "Nombre del establecimiento": "CONSULTORIOS DENTALES REDISE", "Clasificación": "CONSULTORIOS MEDICOS Y DE OTROS PROFESIONALES DE LA SALUD", "Tipo": "ESTABLECIMIENTO DE SALUD SIN INTERNAMIENTO", "Categoria": "I-1", "Estado": "ACTIVO", "CAMAS": 0.0, "fecha_info": "2026-03-09T00:00:00", "sububigeo": "15014307", "UBIGEO": "150143", "DISTRITO": "VILLA MARIA DEL TRIUNFO", "PROVINCIA": "LIMA", "DEPARTAMEN": "LIMA", "Zonas": "Villa Poeta José Gálvez", "tipo_influencia": "Directa", "abreviatura": "VMT", "min_distance_m": 597.5521093717465, "susc_inund_niv": "Medio", "susc_mmasa_niv": null, "susc_niv": "Medio", "canalC_niv": "Muy alto", "exposicion_niv": "Muy alto" }, "geometry": { "type": "Point", "coordinates": [ -76.90634016, -12.21197936 ] } },
{ "type": "Feature", "properties": { "entity_id": "25568", "entity_type": "salud", "Nombre del establecimiento": "CONSULTORIO MEDICO DR. CASMA", "Clasificación": "CONSULTORIOS MEDICOS Y DE OTROS PROFESIONALES DE LA SALUD", "Tipo": "ESTABLECIMIENTO DE SALUD SIN INTERNAMIENTO", "Categoria": "I-2", "Estado": "ACTIVO", "CAMAS": 0.0, "fecha_info": "2026-03-09T00:00:00", "sububigeo": "15013300", "UBIGEO": "150133", "DISTRITO": "SAN JUAN DE MIRAFLORES", "PROVINCIA": "LIMA", "DEPARTAMEN": "LIMA", "Zonas": "Todas Zonas", "tipo_influencia": "Indirecta", "abreviatura": "SJM", "min_distance_m": 396.92837709770686, "susc_inund_niv": "Medio", "susc_mmasa_niv": null, "susc_niv": "Medio", "canalC_niv": "Muy alto", "exposicion_niv": "Muy alto" }, "geometry": { "type": "Point", "coordinates": [ -76.95890512, -12.15945235 ] } },
{ "type": "Feature", "properties": { "entity_id": "25551", "entity_type": "salud", "Nombre del establecimiento": "CONSULTORIO ODONTOLOGICO DENTAL SWEET", "Clasificación": "CONSULTORIOS MEDICOS Y DE OTROS PROFESIONALES DE LA SALUD", "Tipo": "ESTABLECIMIENTO DE SALUD SIN INTERNAMIENTO", "Categoria": "I-1", "Estado": "CIERRE TEMPORAL DE OFICIO", "CAMAS": 0.0, "fecha_info": "2026-03-09T00:00:00", "sububigeo": "15014200", "UBIGEO": "150142", "DISTRITO": "VILLA EL SALVADOR", "PROVINCIA": "LIMA", "DEPARTAMEN": "LIMA", "Zonas": "Todas Zonas", "tipo_influencia": "Directa", "abreviatura": "VES", "min_distance_m": 1426.9555981615192, "susc_inund_niv": "Medio", "susc_mmasa_niv": null, "susc_niv": "Medio", "canalC_niv": "Muy alto", "exposicion_niv": "Muy alto" }, "geometry": { "type": "Point", "coordinates": [ -76.92084945000002, -12.22005361 ] } },
{ "type": "Feature", "properties": { "entity_id": "25551", "entity_type": "salud", "Nombre del establecimiento": "CONSULTORIO ODONTOLOGICO DENTAL SWEET", "Clasificación": "CONSULTORIOS MEDICOS Y DE OTROS PROFESIONALES DE LA SALUD", "Tipo": "ESTABLECIMIENTO DE SALUD SIN INTERNAMIENTO", "Categoria": "I-1", "Estado": "CIERRE TEMPORAL DE OFICIO", "CAMAS": 0.0, "fecha_info": "2026-03-09T00:00:00", "sububigeo": "15014302", "UBIGEO": "150143", "DISTRITO": "VILLA MARIA DEL TRIUNFO", "PROVINCIA": "LIMA", "DEPARTAMEN": "LIMA", "Zonas": "Nuevo Milenio", "tipo_influencia": "Directa", "abreviatura": "VMT", "min_distance_m": 1426.9555981615192, "susc_inund_niv": "Medio", "susc_mmasa_niv": null, "susc_niv": "Medio", "canalC_niv": "Muy alto", "exposicion_niv": "Muy alto" }, "geometry": { "type": "Point", "coordinates": [ -76.92084945000002, -12.22005361 ] } },
{ "type": "Feature", "properties": { "entity_id": "34238", "entity_type": "salud", "Nombre del establecimiento": "FAMILY DENTIST", "Clasificación": "CONSULTORIOS MEDICOS Y DE OTROS PROFESIONALES DE LA SALUD", "Tipo": "ESTABLECIMIENTO DE SALUD SIN INTERNAMIENTO", "Categoria": "I-1", "Estado": "ACTIVO", "CAMAS": 0.0, "fecha_info": "2026-03-09T00:00:00", "sububigeo": "15014200", "UBIGEO": "150142", "DISTRITO": "VILLA EL SALVADOR", "PROVINCIA": "LIMA", "DEPARTAMEN": "LIMA", "Zonas": "Todas Zonas", "tipo_influencia": "Directa", "abreviatura": "VES", "min_distance_m": 411.46268667535463, "susc_inund_niv": "Medio", "susc_mmasa_niv": null, "susc_niv": "Medio", "canalC_niv": "Muy alto", "exposicion_niv": "Muy alto" }, "geometry": { "type": "Point", "coordinates": [ -76.9106718, -12.231113199999987 ] } },
{ "type": "Feature", "properties": { "entity_id": "32383", "entity_type": "salud", "Nombre del establecimiento": "CONSULTORIO MEDICO", "Clasificación": "CONSULTORIOS MEDICOS Y DE OTROS PROFESIONALES DE LA SALUD", "Tipo": "ESTABLECIMIENTO DE SALUD SIN INTERNAMIENTO", "Categoria": "I-2", "Estado": "ACTIVO", "CAMAS": 0.0, "fecha_info": "2026-03-09T00:00:00", "sububigeo": "15011900", "UBIGEO": "150119", "DISTRITO": "LURIN", "PROVINCIA": "LIMA", "DEPARTAMEN": "LIMA", "Zonas": "Todas Zonas", "tipo_influencia": "Directa", "abreviatura": "LUR", "min_distance_m": null, "susc_inund_niv": null, "susc_mmasa_niv": null, "susc_niv": null, "canalC_niv": null, "exposicion_niv": null }, "geometry": { "type": "Point", "coordinates": [ -76.86992597, -12.27497755 ] } },
{ "type": "Feature", "properties": { "entity_id": "30360", "entity_type": "salud", "Nombre del establecimiento": "BIOSALUD J&C", "Clasificación": "CONSULTORIOS MEDICOS Y DE OTROS PROFESIONALES DE LA SALUD", "Tipo": "ESTABLECIMIENTO DE SALUD SIN INTERNAMIENTO", "Categoria": "I-2", "Estado": "ACTIVO", "CAMAS": 0.0, "fecha_info": "2026-03-09T00:00:00", "sububigeo": "15014200", "UBIGEO": "150142", "DISTRITO": "VILLA EL SALVADOR", "PROVINCIA": "LIMA", "DEPARTAMEN": "LIMA", "Zonas": "Todas Zonas", "tipo_influencia": "Directa", "abreviatura": "VES", "min_distance_m": 1848.1534205750138, "susc_inund_niv": "Medio", "susc_mmasa_niv": null, "susc_niv": "Medio", "canalC_niv": "Muy alto", "exposicion_niv": "Muy alto" }, "geometry": { "type": "Point", "coordinates": [ -76.96052407, -12.19281158 ] } },
{ "type": "Feature", "properties": { "entity_id": "33215", "entity_type": "salud", "Nombre del establecimiento": "Oral Dentik", "Clasificación": "CONSULTORIOS MEDICOS Y DE OTROS PROFESIONALES DE LA SALUD", "Tipo": "ESTABLECIMIENTO DE SALUD SIN INTERNAMIENTO", "Categoria": "I-1", "Estado": "CIERRE TEMPORAL DE OFICIO", "CAMAS": 0.0, "fecha_info": "2026-03-09T00:00:00", "sububigeo": "15014200", "UBIGEO": "150142", "DISTRITO": "VILLA EL SALVADOR", "PROVINCIA": "LIMA", "DEPARTAMEN": "LIMA", "Zonas": "Todas Zonas", "tipo_influencia": "Directa", "abreviatura": "VES", "min_distance_m": null, "susc_inund_niv": "Medio", "susc_mmasa_niv": null, "susc_niv": "Medio", "canalC_niv": null, "exposicion_niv": "Medio" }, "geometry": { "type": "Point", "coordinates": [ -76.92854693, -12.22711588 ] } },
{ "type": "Feature", "properties": { "entity_id": "33080", "entity_type": "salud", "Nombre del establecimiento": "CONCEBIR", "Clasificación": "CONSULTORIOS MEDICOS Y DE OTROS PROFESIONALES DE LA SALUD", "Tipo": "ESTABLECIMIENTO DE SALUD SIN INTERNAMIENTO", "Categoria": "I-2", "Estado": "ACTIVO", "CAMAS": 0.0, "fecha_info": "2026-03-09T00:00:00", "sububigeo": "15013300", "UBIGEO": "150133", "DISTRITO": "SAN JUAN DE MIRAFLORES", "PROVINCIA": "LIMA", "DEPARTAMEN": "LIMA", "Zonas": "Todas Zonas", "tipo_influencia": "Indirecta", "abreviatura": "SJM", "min_distance_m": 1452.2850928479108, "susc_inund_niv": "Medio", "susc_mmasa_niv": null, "susc_niv": "Medio", "canalC_niv": "Muy alto", "exposicion_niv": "Muy alto" }, "geometry": { "type": "Point", "coordinates": [ -76.9689642, -12.1640716 ] } },
{ "type": "Feature", "properties": { "entity_id": "31196", "entity_type": "salud", "Nombre del establecimiento": "SPAZIO DENTALE", "Clasificación": "CONSULTORIOS MEDICOS Y DE OTROS PROFESIONALES DE LA SALUD", "Tipo": "ESTABLECIMIENTO DE SALUD SIN INTERNAMIENTO", "Categoria": "I-1", "Estado": "CIERRE TEMPORAL DE OFICIO", "CAMAS": 0.0, "fecha_info": "2026-03-09T00:00:00", "sububigeo": "15014305", "UBIGEO": "150143", "DISTRITO": "VILLA MARIA DEL TRIUNFO", "PROVINCIA": "LIMA", "DEPARTAMEN": "LIMA", "Zonas": "Villa María del Triunfo (Cercado)", "tipo_influencia": "Directa", "abreviatura": "VMT", "min_distance_m": 200.55505233459897, "susc_inund_niv": "Medio", "susc_mmasa_niv": null, "susc_niv": "Medio", "canalC_niv": "Muy alto", "exposicion_niv": "Muy alto" }, "geometry": { "type": "Point", "coordinates": [ -76.94743302, -12.16541969 ] } },
{ "type": "Feature", "properties": { "entity_id": "33213", "entity_type": "salud", "Nombre del establecimiento": "DRA. BLANCA ESCORZA - CONSULTORIO ODONTOLÓGICO", "Clasificación": "CONSULTORIOS MEDICOS Y DE OTROS PROFESIONALES DE LA SALUD", "Tipo": "ESTABLECIMIENTO DE SALUD SIN INTERNAMIENTO", "Categoria": "I-1", "Estado": "ACTIVO", "CAMAS": 0.0, "fecha_info": "2026-03-09T00:00:00", "sububigeo": "15014200", "UBIGEO": "150142", "DISTRITO": "VILLA EL SALVADOR", "PROVINCIA": "LIMA", "DEPARTAMEN": "LIMA", "Zonas": "Todas Zonas", "tipo_influencia": "Directa", "abreviatura": "VES", "min_distance_m": null, "susc_inund_niv": "Medio", "susc_mmasa_niv": null, "susc_niv": "Medio", "canalC_niv": null, "exposicion_niv": "Medio" }, "geometry": { "type": "Point", "coordinates": [ -76.93090869, -12.22316356 ] } },
{ "type": "Feature", "properties": { "entity_id": "32823", "entity_type": "salud", "Nombre del establecimiento": "DENTAL KHALIDENT", "Clasificación": "CONSULTORIOS MEDICOS Y DE OTROS PROFESIONALES DE LA SALUD", "Tipo": "ESTABLECIMIENTO DE SALUD SIN INTERNAMIENTO", "Categoria": "I-1", "Estado": "ACTIVO", "CAMAS": 0.0, "fecha_info": "2026-03-09T00:00:00", "sububigeo": "15014200", "UBIGEO": "150142", "DISTRITO": "VILLA EL SALVADOR", "PROVINCIA": "LIMA", "DEPARTAMEN": "LIMA", "Zonas": "Todas Zonas", "tipo_influencia": "Directa", "abreviatura": "VES", "min_distance_m": null, "susc_inund_niv": "Medio", "susc_mmasa_niv": null, "susc_niv": "Medio", "canalC_niv": null, "exposicion_niv": "Medio" }, "geometry": { "type": "Point", "coordinates": [ -76.934672, -12.2221507 ] } },
{ "type": "Feature", "properties": { "entity_id": "32810", "entity_type": "salud", "Nombre del establecimiento": "ODONTO ESTETICA", "Clasificación": "CONSULTORIOS MEDICOS Y DE OTROS PROFESIONALES DE LA SALUD", "Tipo": "ESTABLECIMIENTO DE SALUD SIN INTERNAMIENTO", "Categoria": "I-1", "Estado": "ACTIVO", "CAMAS": 0.0, "fecha_info": "2026-03-09T00:00:00", "sububigeo": "15013300", "UBIGEO": "150133", "DISTRITO": "SAN JUAN DE MIRAFLORES", "PROVINCIA": "LIMA", "DEPARTAMEN": "LIMA", "Zonas": "Todas Zonas", "tipo_influencia": "Indirecta", "abreviatura": "SJM", "min_distance_m": 1222.1671796763444, "susc_inund_niv": "Medio", "susc_mmasa_niv": null, "susc_niv": "Medio", "canalC_niv": "Muy alto", "exposicion_niv": "Muy alto" }, "geometry": { "type": "Point", "coordinates": [ -76.9670981, -12.1620812 ] } },
{ "type": "Feature", "properties": { "entity_id": "31201", "entity_type": "salud", "Nombre del establecimiento": "NOSOTRAS SALUD", "Clasificación": "CONSULTORIOS MEDICOS Y DE OTROS PROFESIONALES DE LA SALUD", "Tipo": "ESTABLECIMIENTO DE SALUD SIN INTERNAMIENTO", "Categoria": "I-2", "Estado": "CIERRE TEMPORAL DE OFICIO", "CAMAS": 0.0, "fecha_info": "2026-03-09T00:00:00", "sububigeo": "15012304", "UBIGEO": "150123", "DISTRITO": "PACHACAMAC", "PROVINCIA": "LIMA", "DEPARTAMEN": "LIMA", "Zonas": "Quebrada de Manchay", "tipo_influencia": "Directa", "abreviatura": "PACH", "min_distance_m": null, "susc_inund_niv": "Medio", "susc_mmasa_niv": "Alto", "susc_niv": "Alto", "canalC_niv": null, "exposicion_niv": "Alto" }, "geometry": { "type": "Point", "coordinates": [ -76.87490518, -12.10427916 ] } },
{ "type": "Feature", "properties": { "entity_id": "31348", "entity_type": "salud", "Nombre del establecimiento": "FAMILYSMILE", "Clasificación": "CONSULTORIOS MEDICOS Y DE OTROS PROFESIONALES DE LA SALUD", "Tipo": "ESTABLECIMIENTO DE SALUD SIN INTERNAMIENTO", "Categoria": "I-1", "Estado": "ACTIVO", "CAMAS": 0.0, "fecha_info": "2026-03-09T00:00:00", "sububigeo": "15012304", "UBIGEO": "150123", "DISTRITO": "PACHACAMAC", "PROVINCIA": "LIMA", "DEPARTAMEN": "LIMA", "Zonas": "Quebrada de Manchay", "tipo_influencia": "Directa", "abreviatura": "PACH", "min_distance_m": null, "susc_inund_niv": "Medio", "susc_mmasa_niv": "Alto", "susc_niv": "Alto", "canalC_niv": null, "exposicion_niv": "Alto" }, "geometry": { "type": "Point", "coordinates": [ -76.87242147, -12.11299935 ] } },
{ "type": "Feature", "properties": { "entity_id": "13029", "entity_type": "salud", "Nombre del establecimiento": "SERVICIO ESPECIALIZADO DE DIAGNOSTICO \"PAOLSA\"", "Clasificación": "DIAGNOSTICO POR IMAGENES", "Tipo": "SERVICIO MÉDICO DE APOYO", "Categoria": "Sin Categoría", "Estado": "ACTIVO", "CAMAS": 0.0, "fecha_info": "2026-03-09T00:00:00", "sububigeo": "15014200", "UBIGEO": "150142", "DISTRITO": "VILLA EL SALVADOR", "PROVINCIA": "LIMA", "DEPARTAMEN": "LIMA", "Zonas": "Todas Zonas", "tipo_influencia": "Directa", "abreviatura": "VES", "min_distance_m": null, "susc_inund_niv": "Medio", "susc_mmasa_niv": null, "susc_niv": "Medio", "canalC_niv": null, "exposicion_niv": "Medio" }, "geometry": { "type": "Point", "coordinates": [ -76.9371054, -12.2138495 ] } },
{ "type": "Feature", "properties": { "entity_id": "27881", "entity_type": "salud", "Nombre del establecimiento": "CONSULTORIO MEDICO \"MI SALUD\"", "Clasificación": "CONSULTORIOS MEDICOS Y DE OTROS PROFESIONALES DE LA SALUD", "Tipo": "ESTABLECIMIENTO DE SALUD SIN INTERNAMIENTO", "Categoria": "I-2", "Estado": "ACTIVO", "CAMAS": 0.0, "fecha_info": "2026-03-09T00:00:00", "sububigeo": "15014305", "UBIGEO": "150143", "DISTRITO": "VILLA MARIA DEL TRIUNFO", "PROVINCIA": "LIMA", "DEPARTAMEN": "LIMA", "Zonas": "Villa María del Triunfo (Cercado)", "tipo_influencia": "Directa", "abreviatura": "VMT", "min_distance_m": 272.87425730966072, "susc_inund_niv": "Medio", "susc_mmasa_niv": null, "susc_niv": "Medio", "canalC_niv": "Muy alto", "exposicion_niv": "Muy alto" }, "geometry": { "type": "Point", "coordinates": [ -76.9469501, -12.1612325 ] } },
{ "type": "Feature", "properties": { "entity_id": "27744", "entity_type": "salud", "Nombre del establecimiento": "Wawi", "Clasificación": "CONSULTORIOS MEDICOS Y DE OTROS PROFESIONALES DE LA SALUD", "Tipo": "ESTABLECIMIENTO DE SALUD SIN INTERNAMIENTO", "Categoria": "I-2", "Estado": "CIERRE TEMPORAL DE OFICIO", "CAMAS": 0.0, "fecha_info": "2026-03-09T00:00:00", "sububigeo": "15013300", "UBIGEO": "150133", "DISTRITO": "SAN JUAN DE MIRAFLORES", "PROVINCIA": "LIMA", "DEPARTAMEN": "LIMA", "Zonas": "Todas Zonas", "tipo_influencia": "Indirecta", "abreviatura": "SJM", "min_distance_m": null, "susc_inund_niv": null, "susc_mmasa_niv": null, "susc_niv": null, "canalC_niv": null, "exposicion_niv": null }, "geometry": { "type": "Point", "coordinates": [ -76.97458348, -12.15412943 ] } },
{ "type": "Feature", "properties": { "entity_id": "27971", "entity_type": "salud", "Nombre del establecimiento": "CONSULTORIO PSICOLOGICO SAN CAMILO", "Clasificación": "CONSULTORIOS MEDICOS Y DE OTROS PROFESIONALES DE LA SALUD", "Tipo": "ESTABLECIMIENTO DE SALUD SIN INTERNAMIENTO", "Categoria": "I-1", "Estado": "ACTIVO", "CAMAS": 0.0, "fecha_info": "2026-03-09T00:00:00", "sububigeo": "15011900", "UBIGEO": "150119", "DISTRITO": "LURIN", "PROVINCIA": "LIMA", "DEPARTAMEN": "LIMA", "Zonas": "Todas Zonas", "tipo_influencia": "Directa", "abreviatura": "LUR", "min_distance_m": 647.59590109425551, "susc_inund_niv": "Medio", "susc_mmasa_niv": null, "susc_niv": "Medio", "canalC_niv": "Muy alto", "exposicion_niv": "Muy alto" }, "geometry": { "type": "Point", "coordinates": [ -76.897649, -12.2254268 ] } },
{ "type": "Feature", "properties": { "entity_id": "25763", "entity_type": "salud", "Nombre del establecimiento": "CARDIOSALUD LURIN", "Clasificación": "CONSULTORIOS MEDICOS Y DE OTROS PROFESIONALES DE LA SALUD", "Tipo": "ESTABLECIMIENTO DE SALUD SIN INTERNAMIENTO", "Categoria": "I-2", "Estado": "ACTIVO", "CAMAS": 0.0, "fecha_info": "2026-03-09T00:00:00", "sububigeo": "15011900", "UBIGEO": "150119", "DISTRITO": "LURIN", "PROVINCIA": "LIMA", "DEPARTAMEN": "LIMA", "Zonas": "Todas Zonas", "tipo_influencia": "Directa", "abreviatura": "LUR", "min_distance_m": null, "susc_inund_niv": null, "susc_mmasa_niv": null, "susc_niv": null, "canalC_niv": null, "exposicion_niv": null }, "geometry": { "type": "Point", "coordinates": [ -76.87197815, -12.27424716 ] } },
{ "type": "Feature", "properties": { "entity_id": "16984", "entity_type": "salud", "Nombre del establecimiento": "CONSULTORIOS MEDICOS VERMELL", "Clasificación": "CONSULTORIOS MEDICOS Y DE OTROS PROFESIONALES DE LA SALUD", "Tipo": "ESTABLECIMIENTO DE SALUD SIN INTERNAMIENTO", "Categoria": "I-2", "Estado": "ACTIVO", "CAMAS": 0.0, "fecha_info": "2026-03-09T00:00:00", "sububigeo": "15013300", "UBIGEO": "150133", "DISTRITO": "SAN JUAN DE MIRAFLORES", "PROVINCIA": "LIMA", "DEPARTAMEN": "LIMA", "Zonas": "Todas Zonas", "tipo_influencia": "Indirecta", "abreviatura": "SJM", "min_distance_m": 1918.9908056756346, "susc_inund_niv": "Medio", "susc_mmasa_niv": null, "susc_niv": "Medio", "canalC_niv": "Muy alto", "exposicion_niv": "Muy alto" }, "geometry": { "type": "Point", "coordinates": [ -76.9717368, -12.1538726 ] } },
{ "type": "Feature", "properties": { "entity_id": "29653", "entity_type": "salud", "Nombre del establecimiento": "CONSULTORIO DENTAL VARGAS LOMAS", "Clasificación": "CONSULTORIOS MEDICOS Y DE OTROS PROFESIONALES DE LA SALUD", "Tipo": "ESTABLECIMIENTO DE SALUD SIN INTERNAMIENTO", "Categoria": "I-1", "Estado": "ACTIVO", "CAMAS": 0.0, "fecha_info": "2026-03-09T00:00:00", "sububigeo": "15014200", "UBIGEO": "150142", "DISTRITO": "VILLA EL SALVADOR", "PROVINCIA": "LIMA", "DEPARTAMEN": "LIMA", "Zonas": "Todas Zonas", "tipo_influencia": "Directa", "abreviatura": "VES", "min_distance_m": null, "susc_inund_niv": "Medio", "susc_mmasa_niv": null, "susc_niv": "Medio", "canalC_niv": null, "exposicion_niv": "Medio" }, "geometry": { "type": "Point", "coordinates": [ -76.92355736, -12.24167502 ] } },
{ "type": "Feature", "properties": { "entity_id": "29669", "entity_type": "salud", "Nombre del establecimiento": "Medi Vida", "Clasificación": "POLICLINICOS", "Tipo": "ESTABLECIMIENTO DE SALUD SIN INTERNAMIENTO", "Categoria": "I-3", "Estado": "ACTIVO", "CAMAS": 0.0, "fecha_info": "2026-03-09T00:00:00", "sububigeo": "15014200", "UBIGEO": "150142", "DISTRITO": "VILLA EL SALVADOR", "PROVINCIA": "LIMA", "DEPARTAMEN": "LIMA", "Zonas": "Todas Zonas", "tipo_influencia": "Directa", "abreviatura": "VES", "min_distance_m": null, "susc_inund_niv": "Medio", "susc_mmasa_niv": null, "susc_niv": "Medio", "canalC_niv": null, "exposicion_niv": "Medio" }, "geometry": { "type": "Point", "coordinates": [ -76.93172157, -12.22140622 ] } },
{ "type": "Feature", "properties": { "entity_id": "6138", "entity_type": "salud", "Nombre del establecimiento": "PUESTO DE SALUD SARITA COLONIA", "Clasificación": "PUESTOS DE SALUD O POSTAS DE SALUD", "Tipo": "ESTABLECIMIENTO DE SALUD SIN INTERNAMIENTO", "Categoria": "I-2", "Estado": "ACTIVO", "CAMAS": 0.0, "fecha_info": "2026-03-09T00:00:00", "sububigeo": "15014200", "UBIGEO": "150142", "DISTRITO": "VILLA EL SALVADOR", "PROVINCIA": "LIMA", "DEPARTAMEN": "LIMA", "Zonas": "Todas Zonas", "tipo_influencia": "Directa", "abreviatura": "VES", "min_distance_m": null, "susc_inund_niv": "Medio", "susc_mmasa_niv": null, "susc_niv": "Medio", "canalC_niv": null, "exposicion_niv": "Medio" }, "geometry": { "type": "Point", "coordinates": [ -76.9444683, -12.2132707 ] } },
{ "type": "Feature", "properties": { "entity_id": "30116", "entity_type": "salud", "Nombre del establecimiento": "SERVICIO SOCIAL ADVENTISTA GOOD HOPE", "Clasificación": "CONSULTORIOS MEDICOS Y DE OTROS PROFESIONALES DE LA SALUD", "Tipo": "ESTABLECIMIENTO DE SALUD SIN INTERNAMIENTO", "Categoria": "I-2", "Estado": "ACTIVO", "CAMAS": 0.0, "fecha_info": "2026-03-09T00:00:00", "sububigeo": "15014303", "UBIGEO": "150143", "DISTRITO": "VILLA MARIA DEL TRIUNFO", "PROVINCIA": "LIMA", "DEPARTAMEN": "LIMA", "Zonas": "Jose Carlos Mariategui", "tipo_influencia": "Directa", "abreviatura": "VMT", "min_distance_m": 372.69315835044415, "susc_inund_niv": "Medio", "susc_mmasa_niv": "Alto", "susc_niv": "Alto", "canalC_niv": "Muy alto", "exposicion_niv": "Muy alto" }, "geometry": { "type": "Point", "coordinates": [ -76.9498607, -12.1384075 ] } },
{ "type": "Feature", "properties": { "entity_id": "18406", "entity_type": "salud", "Nombre del establecimiento": "POLICLINICO SAGRADA FAMILIA", "Clasificación": "POLICLINICOS", "Tipo": "ESTABLECIMIENTO DE SALUD SIN INTERNAMIENTO", "Categoria": "Sin Categoría", "Estado": "BAJA DEFINITIVA", "CAMAS": 0.0, "fecha_info": "2026-03-09T00:00:00", "sububigeo": "15013300", "UBIGEO": "150133", "DISTRITO": "SAN JUAN DE MIRAFLORES", "PROVINCIA": "LIMA", "DEPARTAMEN": "LIMA", "Zonas": "Todas Zonas", "tipo_influencia": "Indirecta", "abreviatura": "SJM", "min_distance_m": null, "susc_inund_niv": "Medio", "susc_mmasa_niv": null, "susc_niv": "Medio", "canalC_niv": null, "exposicion_niv": "Medio" }, "geometry": { "type": "Point", "coordinates": [ -76.9693365, -12.1742623 ] } },
{ "type": "Feature", "properties": { "entity_id": "19621", "entity_type": "salud", "Nombre del establecimiento": "CLIMEDIC CENTRO MEDICO", "Clasificación": "POLICLINICOS", "Tipo": "ESTABLECIMIENTO DE SALUD SIN INTERNAMIENTO", "Categoria": "I-2", "Estado": "ACTIVO", "CAMAS": 0.0, "fecha_info": "2026-03-09T00:00:00", "sububigeo": "15012301", "UBIGEO": "150123", "DISTRITO": "PACHACAMAC", "PROVINCIA": "LIMA", "DEPARTAMEN": "LIMA", "Zonas": "Pachacamac histórico", "tipo_influencia": "Directa", "abreviatura": "PACH", "min_distance_m": 1594.8338538030309, "susc_inund_niv": "Medio", "susc_mmasa_niv": null, "susc_niv": "Medio", "canalC_niv": "Muy alto", "exposicion_niv": "Muy alto" }, "geometry": { "type": "Point", "coordinates": [ -76.8538748, -12.2095337 ] } },
{ "type": "Feature", "properties": { "entity_id": "30397", "entity_type": "salud", "Nombre del establecimiento": "CONSULTORIO ODONTOLOGICO LA ESTANCIA", "Clasificación": "CONSULTORIOS MEDICOS Y DE OTROS PROFESIONALES DE LA SALUD", "Tipo": "ESTABLECIMIENTO DE SALUD SIN INTERNAMIENTO", "Categoria": "I-1", "Estado": "BAJA DEFINITIVA", "CAMAS": 0.0, "fecha_info": "2026-03-09T00:00:00", "sububigeo": "15011900", "UBIGEO": "150119", "DISTRITO": "LURIN", "PROVINCIA": "LIMA", "DEPARTAMEN": "LIMA", "Zonas": "Todas Zonas", "tipo_influencia": "Directa", "abreviatura": "LUR", "min_distance_m": null, "susc_inund_niv": null, "susc_mmasa_niv": null, "susc_niv": null, "canalC_niv": null, "exposicion_niv": null }, "geometry": { "type": "Point", "coordinates": [ -76.83662436, -12.27331523 ] } },
{ "type": "Feature", "properties": { "entity_id": "30386", "entity_type": "salud", "Nombre del establecimiento": "CONSULTORIO DENTAL DR. FELIX BARRIOS", "Clasificación": "CONSULTORIOS MEDICOS Y DE OTROS PROFESIONALES DE LA SALUD", "Tipo": "ESTABLECIMIENTO DE SALUD SIN INTERNAMIENTO", "Categoria": "I-1", "Estado": "ACTIVO", "CAMAS": 0.0, "fecha_info": "2026-03-09T00:00:00", "sububigeo": "15014305", "UBIGEO": "150143", "DISTRITO": "VILLA MARIA DEL TRIUNFO", "PROVINCIA": "LIMA", "DEPARTAMEN": "LIMA", "Zonas": "Villa María del Triunfo (Cercado)", "tipo_influencia": "Directa", "abreviatura": "VMT", "min_distance_m": 194.37014515482258, "susc_inund_niv": "Medio", "susc_mmasa_niv": null, "susc_niv": "Medio", "canalC_niv": "Muy alto", "exposicion_niv": "Muy alto" }, "geometry": { "type": "Point", "coordinates": [ -76.9478391, -12.1656408 ] } },
{ "type": "Feature", "properties": { "entity_id": "17305", "entity_type": "salud", "Nombre del establecimiento": "POLICLINICO CARLEV E.I.R.L.", "Clasificación": "POLICLINICOS", "Tipo": "ESTABLECIMIENTO DE SALUD SIN INTERNAMIENTO", "Categoria": "Sin Categoría", "Estado": "ACTIVO", "CAMAS": 0.0, "fecha_info": "2026-03-09T00:00:00", "sububigeo": "15014303", "UBIGEO": "150143", "DISTRITO": "VILLA MARIA DEL TRIUNFO", "PROVINCIA": "LIMA", "DEPARTAMEN": "LIMA", "Zonas": "Jose Carlos Mariategui", "tipo_influencia": "Directa", "abreviatura": "VMT", "min_distance_m": 160.08831059052173, "susc_inund_niv": "Medio", "susc_mmasa_niv": "Alto", "susc_niv": "Alto", "canalC_niv": "Muy alto", "exposicion_niv": "Muy alto" }, "geometry": { "type": "Point", "coordinates": [ -76.9484162, -12.1367005 ] } },
{ "type": "Feature", "properties": { "entity_id": "30400", "entity_type": "salud", "Nombre del establecimiento": "SALUD Y VIALAB PERU", "Clasificación": "POLICLINICOS", "Tipo": "ESTABLECIMIENTO DE SALUD SIN INTERNAMIENTO", "Categoria": "I-3", "Estado": "ACTIVO", "CAMAS": 0.0, "fecha_info": "2026-03-09T00:00:00", "sububigeo": "15014200", "UBIGEO": "150142", "DISTRITO": "VILLA EL SALVADOR", "PROVINCIA": "LIMA", "DEPARTAMEN": "LIMA", "Zonas": "Todas Zonas", "tipo_influencia": "Directa", "abreviatura": "VES", "min_distance_m": null, "susc_inund_niv": "Medio", "susc_mmasa_niv": "Muy alto", "susc_niv": "Muy alto", "canalC_niv": null, "exposicion_niv": "Muy alto" }, "geometry": { "type": "Point", "coordinates": [ -76.9558534, -12.2365632 ] } },
{ "type": "Feature", "properties": { "entity_id": "16881", "entity_type": "salud", "Nombre del establecimiento": "SISTEMA METROPOLITANO DE LA SOLIDARIDAD /SOLIDARIDAD SALUD VILLALIMATAMBO", "Clasificación": "POLICLINICOS", "Tipo": "ESTABLECIMIENTO DE SALUD SIN INTERNAMIENTO", "Categoria": "I-2", "Estado": "ACTIVO", "CAMAS": 0.0, "fecha_info": "2026-03-09T00:00:00", "sububigeo": "15014303", "UBIGEO": "150143", "DISTRITO": "VILLA MARIA DEL TRIUNFO", "PROVINCIA": "LIMA", "DEPARTAMEN": "LIMA", "Zonas": "Jose Carlos Mariategui", "tipo_influencia": "Directa", "abreviatura": "VMT", "min_distance_m": 588.23014866768619, "susc_inund_niv": null, "susc_mmasa_niv": "Alto", "susc_niv": "Alto", "canalC_niv": "Muy alto", "exposicion_niv": "Muy alto" }, "geometry": { "type": "Point", "coordinates": [ -76.942213, -12.134076 ] } },
{ "type": "Feature", "properties": { "entity_id": "18722", "entity_type": "salud", "Nombre del establecimiento": "ECOBIO-MEDICLAB", "Clasificación": "PATOLOGIA CLINICA", "Tipo": "SERVICIO MÉDICO DE APOYO", "Categoria": "Sin Categoría", "Estado": "CIERRE TEMPORAL DE OFICIO", "CAMAS": 0.0, "fecha_info": "2026-03-09T00:00:00", "sububigeo": "15014200", "UBIGEO": "150142", "DISTRITO": "VILLA EL SALVADOR", "PROVINCIA": "LIMA", "DEPARTAMEN": "LIMA", "Zonas": "Todas Zonas", "tipo_influencia": "Directa", "abreviatura": "VES", "min_distance_m": null, "susc_inund_niv": "Medio", "susc_mmasa_niv": null, "susc_niv": "Medio", "canalC_niv": null, "exposicion_niv": "Medio" }, "geometry": { "type": "Point", "coordinates": [ -76.9614255, -12.2193896 ] } },
{ "type": "Feature", "properties": { "entity_id": "28302", "entity_type": "salud", "Nombre del establecimiento": "INVERSIONES ALIAGA", "Clasificación": "POLICLINICOS", "Tipo": "ESTABLECIMIENTO DE SALUD SIN INTERNAMIENTO", "Categoria": "I-3", "Estado": "BAJA PROVISIONAL", "CAMAS": 0.0, "fecha_info": "2026-03-09T00:00:00", "sububigeo": "15014200", "UBIGEO": "150142", "DISTRITO": "VILLA EL SALVADOR", "PROVINCIA": "LIMA", "DEPARTAMEN": "LIMA", "Zonas": "Todas Zonas", "tipo_influencia": "Directa", "abreviatura": "VES", "min_distance_m": 1299.1985469738756, "susc_inund_niv": "Medio", "susc_mmasa_niv": null, "susc_niv": "Medio", "canalC_niv": "Muy alto", "exposicion_niv": "Muy alto" }, "geometry": { "type": "Point", "coordinates": [ -76.93837366, -12.2049026 ] } },
{ "type": "Feature", "properties": { "entity_id": "12847", "entity_type": "salud", "Nombre del establecimiento": "PUESTO DE SALUD CIUDAD DE GOSEN", "Clasificación": "PUESTOS DE SALUD O POSTAS DE SALUD", "Tipo": "ESTABLECIMIENTO DE SALUD SIN INTERNAMIENTO", "Categoria": "I-2", "Estado": "ACTIVO", "CAMAS": 0.0, "fecha_info": "2026-03-09T00:00:00", "sububigeo": "15014302", "UBIGEO": "150143", "DISTRITO": "VILLA MARIA DEL TRIUNFO", "PROVINCIA": "LIMA", "DEPARTAMEN": "LIMA", "Zonas": "Nuevo Milenio", "tipo_influencia": "Directa", "abreviatura": "VMT", "min_distance_m": 1407.2272344110449, "susc_inund_niv": null, "susc_mmasa_niv": null, "susc_niv": null, "canalC_niv": "Muy alto", "exposicion_niv": "Muy alto" }, "geometry": { "type": "Point", "coordinates": [ -76.920566, -12.213772 ] } },
{ "type": "Feature", "properties": { "entity_id": "27138", "entity_type": "salud", "Nombre del establecimiento": "INTERDENTIC", "Clasificación": "CENTRO ODONTOLOGICO", "Tipo": "ESTABLECIMIENTO DE SALUD SIN INTERNAMIENTO", "Categoria": "I-1", "Estado": "ACTIVO", "CAMAS": 0.0, "fecha_info": "2026-03-09T00:00:00", "sububigeo": "15013300", "UBIGEO": "150133", "DISTRITO": "SAN JUAN DE MIRAFLORES", "PROVINCIA": "LIMA", "DEPARTAMEN": "LIMA", "Zonas": "Todas Zonas", "tipo_influencia": "Indirecta", "abreviatura": "SJM", "min_distance_m": 1915.4469957716326, "susc_inund_niv": null, "susc_mmasa_niv": null, "susc_niv": null, "canalC_niv": "Muy alto", "exposicion_niv": "Muy alto" }, "geometry": { "type": "Point", "coordinates": [ -76.972263600000019, -12.1551319 ] } },
{ "type": "Feature", "properties": { "entity_id": "26755", "entity_type": "salud", "Nombre del establecimiento": "TOSUR  S.A.C.", "Clasificación": "POLICLINICOS", "Tipo": "ESTABLECIMIENTO DE SALUD SIN INTERNAMIENTO", "Categoria": "I-3", "Estado": "BAJA PROVISIONAL", "CAMAS": 0.0, "fecha_info": "2026-03-09T00:00:00", "sububigeo": "15014303", "UBIGEO": "150143", "DISTRITO": "VILLA MARIA DEL TRIUNFO", "PROVINCIA": "LIMA", "DEPARTAMEN": "LIMA", "Zonas": "Jose Carlos Mariategui", "tipo_influencia": "Directa", "abreviatura": "VMT", "min_distance_m": 1272.9827719364623, "susc_inund_niv": "Medio", "susc_mmasa_niv": "Alto", "susc_niv": "Alto", "canalC_niv": "Muy alto", "exposicion_niv": "Muy alto" }, "geometry": { "type": "Point", "coordinates": [ -76.93655915, -12.14192202 ] } },
{ "type": "Feature", "properties": { "entity_id": "9547", "entity_type": "salud", "Nombre del establecimiento": "COA CENTRO ODONTOLOGICO AMERICANO - SAN JUAN DE MIRAFLORES", "Clasificación": "CENTRO ODONTOLOGICO", "Tipo": "ESTABLECIMIENTO DE SALUD SIN INTERNAMIENTO", "Categoria": "I-1", "Estado": "ACTIVO", "CAMAS": 0.0, "fecha_info": "2026-03-09T00:00:00", "sububigeo": "15013300", "UBIGEO": "150133", "DISTRITO": "SAN JUAN DE MIRAFLORES", "PROVINCIA": "LIMA", "DEPARTAMEN": "LIMA", "Zonas": "Todas Zonas", "tipo_influencia": "Indirecta", "abreviatura": "SJM", "min_distance_m": 1664.3080072248647, "susc_inund_niv": "Medio", "susc_mmasa_niv": null, "susc_niv": "Medio", "canalC_niv": "Muy alto", "exposicion_niv": "Muy alto" }, "geometry": { "type": "Point", "coordinates": [ -76.9709776, -12.1590449 ] } },
{ "type": "Feature", "properties": { "entity_id": "25364", "entity_type": "salud", "Nombre del establecimiento": "PSICONFIO", "Clasificación": "CONSULTORIOS MEDICOS Y DE OTROS PROFESIONALES DE LA SALUD", "Tipo": "ESTABLECIMIENTO DE SALUD SIN INTERNAMIENTO", "Categoria": "I-1", "Estado": "ACTIVO", "CAMAS": 0.0, "fecha_info": "2026-03-09T00:00:00", "sububigeo": "15014307", "UBIGEO": "150143", "DISTRITO": "VILLA MARIA DEL TRIUNFO", "PROVINCIA": "LIMA", "DEPARTAMEN": "LIMA", "Zonas": "Villa Poeta José Gálvez", "tipo_influencia": "Directa", "abreviatura": "VMT", "min_distance_m": 37.137230062990483, "susc_inund_niv": "Medio", "susc_mmasa_niv": null, "susc_niv": "Medio", "canalC_niv": "Muy alto", "exposicion_niv": "Muy alto" }, "geometry": { "type": "Point", "coordinates": [ -76.90361798, -12.22418476 ] } },
{ "type": "Feature", "properties": { "entity_id": "27223", "entity_type": "salud", "Nombre del establecimiento": "POLICLINICO TU SALUD S.A.", "Clasificación": "POLICLINICOS", "Tipo": "ESTABLECIMIENTO DE SALUD SIN INTERNAMIENTO", "Categoria": "I-3", "Estado": "ACTIVO", "CAMAS": 0.0, "fecha_info": "2026-03-09T00:00:00", "sububigeo": "15014200", "UBIGEO": "150142", "DISTRITO": "VILLA EL SALVADOR", "PROVINCIA": "LIMA", "DEPARTAMEN": "LIMA", "Zonas": "Todas Zonas", "tipo_influencia": "Directa", "abreviatura": "VES", "min_distance_m": null, "susc_inund_niv": "Medio", "susc_mmasa_niv": null, "susc_niv": "Medio", "canalC_niv": null, "exposicion_niv": "Medio" }, "geometry": { "type": "Point", "coordinates": [ -76.94431919, -12.21054463 ] } },
{ "type": "Feature", "properties": { "entity_id": "27482", "entity_type": "salud", "Nombre del establecimiento": "ODONTO NOVA", "Clasificación": "CENTRO ODONTOLOGICO", "Tipo": "ESTABLECIMIENTO DE SALUD SIN INTERNAMIENTO", "Categoria": "I-1", "Estado": "ACTIVO", "CAMAS": 0.0, "fecha_info": "2026-03-09T00:00:00", "sububigeo": "15014200", "UBIGEO": "150142", "DISTRITO": "VILLA EL SALVADOR", "PROVINCIA": "LIMA", "DEPARTAMEN": "LIMA", "Zonas": "Todas Zonas", "tipo_influencia": "Directa", "abreviatura": "VES", "min_distance_m": null, "susc_inund_niv": "Medio", "susc_mmasa_niv": null, "susc_niv": "Medio", "canalC_niv": null, "exposicion_niv": "Medio" }, "geometry": { "type": "Point", "coordinates": [ -76.9484624, -12.2089657 ] } },
{ "type": "Feature", "properties": { "entity_id": "6139", "entity_type": "salud", "Nombre del establecimiento": "PUESTO DE SALUD OASIS DE VILLA", "Clasificación": "PUESTOS DE SALUD O POSTAS DE SALUD", "Tipo": "ESTABLECIMIENTO DE SALUD SIN INTERNAMIENTO", "Categoria": "I-2", "Estado": "ACTIVO", "CAMAS": 0.0, "fecha_info": "2026-03-09T00:00:00", "sububigeo": "15014200", "UBIGEO": "150142", "DISTRITO": "VILLA EL SALVADOR", "PROVINCIA": "LIMA", "DEPARTAMEN": "LIMA", "Zonas": "Todas Zonas", "tipo_influencia": "Directa", "abreviatura": "VES", "min_distance_m": 1773.0695810693328, "susc_inund_niv": "Medio", "susc_mmasa_niv": null, "susc_niv": "Medio", "canalC_niv": "Muy alto", "exposicion_niv": "Muy alto" }, "geometry": { "type": "Point", "coordinates": [ -76.9346408, -12.2107913 ] } },
{ "type": "Feature", "properties": { "entity_id": "25949", "entity_type": "salud", "Nombre del establecimiento": "POLICLINICO PARROQUIAL NUESTRA SEÑORA DE LA ESPERANZA", "Clasificación": "POLICLINICOS", "Tipo": "ESTABLECIMIENTO DE SALUD SIN INTERNAMIENTO", "Categoria": "I-3", "Estado": "ACTIVO", "CAMAS": 0.0, "fecha_info": "2026-03-09T00:00:00", "sububigeo": "15014301", "UBIGEO": "150143", "DISTRITO": "VILLA MARIA DEL TRIUNFO", "PROVINCIA": "LIMA", "DEPARTAMEN": "LIMA", "Zonas": "Inca Pachacutec", "tipo_influencia": "Directa", "abreviatura": "VMT", "min_distance_m": 55.003612133203376, "susc_inund_niv": "Medio", "susc_mmasa_niv": null, "susc_niv": "Medio", "canalC_niv": "Muy alto", "exposicion_niv": "Muy alto" }, "geometry": { "type": "Point", "coordinates": [ -76.946885, -12.1823248 ] } },
{ "type": "Feature", "properties": { "entity_id": "36447", "entity_type": "salud", "Nombre del establecimiento": "CENTRO MATERNO INFANTIL DE LURIN", "Clasificación": "CENTROS DE SALUD CON CAMAS DE INTERNAMIENTO", "Tipo": "ESTABLECIMIENTO DE SALUD CON INTERNAMIENTO", "Categoria": "I-4", "Estado": "ACTIVO", "CAMAS": 0.0, "fecha_info": "2026-03-09T00:00:00", "sububigeo": "15011900", "UBIGEO": "150119", "DISTRITO": "LURIN", "PROVINCIA": "LIMA", "DEPARTAMEN": "LIMA", "Zonas": "Todas Zonas", "tipo_influencia": "Directa", "abreviatura": "LUR", "min_distance_m": null, "susc_inund_niv": null, "susc_mmasa_niv": null, "susc_niv": null, "canalC_niv": null, "exposicion_niv": null }, "geometry": { "type": "Point", "coordinates": [ -76.86953343, -12.27220454 ] } },
{ "type": "Feature", "properties": { "entity_id": "36742", "entity_type": "salud", "Nombre del establecimiento": "CONSULTORIO MEDICO CUBANO PERUANO SAGRADO CORAZON", "Clasificación": "CONSULTORIOS MEDICOS Y DE OTROS PROFESIONALES DE LA SALUD", "Tipo": "ESTABLECIMIENTO DE SALUD SIN INTERNAMIENTO", "Categoria": "I-2", "Estado": "ACTIVO", "CAMAS": 0.0, "fecha_info": "2026-03-09T00:00:00", "sububigeo": "15012301", "UBIGEO": "150123", "DISTRITO": "PACHACAMAC", "PROVINCIA": "LIMA", "DEPARTAMEN": "LIMA", "Zonas": "Pachacamac histórico", "tipo_influencia": "Directa", "abreviatura": "PACH", "min_distance_m": 1717.2693837683514, "susc_inund_niv": "Medio", "susc_mmasa_niv": null, "susc_niv": "Medio", "canalC_niv": "Muy alto", "exposicion_niv": "Muy alto" }, "geometry": { "type": "Point", "coordinates": [ -76.8609555, -12.2263093 ] } },
{ "type": "Feature", "properties": { "entity_id": "35328", "entity_type": "salud", "Nombre del establecimiento": "ENJOY WELLNESS GROUP", "Clasificación": "CONSULTORIOS MEDICOS Y DE OTROS PROFESIONALES DE LA SALUD", "Tipo": "ESTABLECIMIENTO DE SALUD SIN INTERNAMIENTO", "Categoria": "I-1", "Estado": "CIERRE TEMPORAL DE OFICIO", "CAMAS": 0.0, "fecha_info": "2026-03-09T00:00:00", "sububigeo": "15013300", "UBIGEO": "150133", "DISTRITO": "SAN JUAN DE MIRAFLORES", "PROVINCIA": "LIMA", "DEPARTAMEN": "LIMA", "Zonas": "Todas Zonas", "tipo_influencia": "Indirecta", "abreviatura": "SJM", "min_distance_m": null, "susc_inund_niv": null, "susc_mmasa_niv": null, "susc_niv": null, "canalC_niv": null, "exposicion_niv": null }, "geometry": { "type": "Point", "coordinates": [ -76.9806314, -12.1584705 ] } },
{ "type": "Feature", "properties": { "entity_id": "35248", "entity_type": "salud", "Nombre del establecimiento": "ODONTOPLUS VMT", "Clasificación": "CONSULTORIOS MEDICOS Y DE OTROS PROFESIONALES DE LA SALUD", "Tipo": "ESTABLECIMIENTO DE SALUD SIN INTERNAMIENTO", "Categoria": "I-1", "Estado": "ACTIVO", "CAMAS": 0.0, "fecha_info": "2026-03-09T00:00:00", "sububigeo": "15014301", "UBIGEO": "150143", "DISTRITO": "VILLA MARIA DEL TRIUNFO", "PROVINCIA": "LIMA", "DEPARTAMEN": "LIMA", "Zonas": "Inca Pachacutec", "tipo_influencia": "Directa", "abreviatura": "VMT", "min_distance_m": 41.718024818823515, "susc_inund_niv": "Medio", "susc_mmasa_niv": null, "susc_niv": "Medio", "canalC_niv": "Muy alto", "exposicion_niv": "Muy alto" }, "geometry": { "type": "Point", "coordinates": [ -76.94876576, -12.17253174 ] } },
{ "type": "Feature", "properties": { "entity_id": "35326", "entity_type": "salud", "Nombre del establecimiento": "SALUD PERU", "Clasificación": "CONSULTORIOS MEDICOS Y DE OTROS PROFESIONALES DE LA SALUD", "Tipo": "ESTABLECIMIENTO DE SALUD SIN INTERNAMIENTO", "Categoria": "I-2", "Estado": "ACTIVO", "CAMAS": 0.0, "fecha_info": "2026-03-09T00:00:00", "sububigeo": "15013300", "UBIGEO": "150133", "DISTRITO": "SAN JUAN DE MIRAFLORES", "PROVINCIA": "LIMA", "DEPARTAMEN": "LIMA", "Zonas": "Todas Zonas", "tipo_influencia": "Indirecta", "abreviatura": "SJM", "min_distance_m": null, "susc_inund_niv": null, "susc_mmasa_niv": null, "susc_niv": null, "canalC_niv": null, "exposicion_niv": null }, "geometry": { "type": "Point", "coordinates": [ -76.9791304, -12.1762564 ] } },
{ "type": "Feature", "properties": { "entity_id": "34190", "entity_type": "salud", "Nombre del establecimiento": "ODONTOLOGIA INTEGRAL OCHOA", "Clasificación": "CONSULTORIOS MEDICOS Y DE OTROS PROFESIONALES DE LA SALUD", "Tipo": "ESTABLECIMIENTO DE SALUD SIN INTERNAMIENTO", "Categoria": "I-1", "Estado": "ACTIVO", "CAMAS": 0.0, "fecha_info": "2026-03-09T00:00:00", "sububigeo": "15013300", "UBIGEO": "150133", "DISTRITO": "SAN JUAN DE MIRAFLORES", "PROVINCIA": "LIMA", "DEPARTAMEN": "LIMA", "Zonas": "Todas Zonas", "tipo_influencia": "Indirecta", "abreviatura": "SJM", "min_distance_m": 420.63918554895253, "susc_inund_niv": "Medio", "susc_mmasa_niv": null, "susc_niv": "Medio", "canalC_niv": "Muy alto", "exposicion_niv": "Muy alto" }, "geometry": { "type": "Point", "coordinates": [ -76.95975221, -12.16147379 ] } },
{ "type": "Feature", "properties": { "entity_id": "33887", "entity_type": "salud", "Nombre del establecimiento": "CONSULTORIO DENTAL TE CUIDARÉ", "Clasificación": "CONSULTORIOS MEDICOS Y DE OTROS PROFESIONALES DE LA SALUD", "Tipo": "ESTABLECIMIENTO DE SALUD SIN INTERNAMIENTO", "Categoria": "I-1", "Estado": "ACTIVO", "CAMAS": 0.0, "fecha_info": "2026-03-09T00:00:00", "sububigeo": "15011900", "UBIGEO": "150119", "DISTRITO": "LURIN", "PROVINCIA": "LIMA", "DEPARTAMEN": "LIMA", "Zonas": "Todas Zonas", "tipo_influencia": "Directa", "abreviatura": "LUR", "min_distance_m": 854.01481371745956, "susc_inund_niv": "Medio", "susc_mmasa_niv": null, "susc_niv": "Medio", "canalC_niv": "Muy alto", "exposicion_niv": "Muy alto" }, "geometry": { "type": "Point", "coordinates": [ -76.9102852, -12.23584 ] } },
{ "type": "Feature", "properties": { "entity_id": "32305", "entity_type": "salud", "Nombre del establecimiento": "POLICLINICO FUERZA & SALUD", "Clasificación": "POLICLINICOS", "Tipo": "ESTABLECIMIENTO DE SALUD SIN INTERNAMIENTO", "Categoria": "I-3", "Estado": "ACTIVO", "CAMAS": 0.0, "fecha_info": "2026-03-09T00:00:00", "sububigeo": "15014200", "UBIGEO": "150142", "DISTRITO": "VILLA EL SALVADOR", "PROVINCIA": "LIMA", "DEPARTAMEN": "LIMA", "Zonas": "Todas Zonas", "tipo_influencia": "Directa", "abreviatura": "VES", "min_distance_m": null, "susc_inund_niv": "Medio", "susc_mmasa_niv": null, "susc_niv": "Medio", "canalC_niv": null, "exposicion_niv": "Medio" }, "geometry": { "type": "Point", "coordinates": [ -76.95890024, -12.19739619 ] } },
{ "type": "Feature", "properties": { "entity_id": "30808", "entity_type": "salud", "Nombre del establecimiento": "SERVICIOS MEDICOS NUESTRA SALUD", "Clasificación": "CENTROS DE SALUD O CENTROS MEDICOS", "Tipo": "ESTABLECIMIENTO DE SALUD SIN INTERNAMIENTO", "Categoria": "I-3", "Estado": "ACTIVO", "CAMAS": 0.0, "fecha_info": "2026-03-09T00:00:00", "sububigeo": "15013300", "UBIGEO": "150133", "DISTRITO": "SAN JUAN DE MIRAFLORES", "PROVINCIA": "LIMA", "DEPARTAMEN": "LIMA", "Zonas": "Todas Zonas", "tipo_influencia": "Indirecta", "abreviatura": "SJM", "min_distance_m": 1388.409970481536, "susc_inund_niv": null, "susc_mmasa_niv": null, "susc_niv": null, "canalC_niv": "Muy alto", "exposicion_niv": "Muy alto" }, "geometry": { "type": "Point", "coordinates": [ -76.958687, -12.187656 ] } },
{ "type": "Feature", "properties": { "entity_id": "30134", "entity_type": "salud", "Nombre del establecimiento": "GAMBOA SMILES", "Clasificación": "CONSULTORIOS MEDICOS Y DE OTROS PROFESIONALES DE LA SALUD", "Tipo": "ESTABLECIMIENTO DE SALUD SIN INTERNAMIENTO", "Categoria": "I-1", "Estado": "ACTIVO", "CAMAS": 0.0, "fecha_info": "2026-03-09T00:00:00", "sububigeo": "15014304", "UBIGEO": "150143", "DISTRITO": "VILLA MARIA DEL TRIUNFO", "PROVINCIA": "LIMA", "DEPARTAMEN": "LIMA", "Zonas": "Nueva Esperanza", "tipo_influencia": "Directa", "abreviatura": "VMT", "min_distance_m": 466.3524777365725, "susc_inund_niv": null, "susc_mmasa_niv": null, "susc_niv": null, "canalC_niv": "Muy alto", "exposicion_niv": "Muy alto" }, "geometry": { "type": "Point", "coordinates": [ -76.9201161, -12.1675125 ] } },
{ "type": "Feature", "properties": { "entity_id": "6081", "entity_type": "salud", "Nombre del establecimiento": "CENTRO DE SALUD NUEVO LURIN", "Clasificación": "CENTROS DE SALUD O CENTROS MEDICOS", "Tipo": "ESTABLECIMIENTO DE SALUD SIN INTERNAMIENTO", "Categoria": "I-3", "Estado": "ACTIVO", "CAMAS": 0.0, "fecha_info": "2026-03-09T00:00:00", "sububigeo": "15011900", "UBIGEO": "150119", "DISTRITO": "LURIN", "PROVINCIA": "LIMA", "DEPARTAMEN": "LIMA", "Zonas": "Todas Zonas", "tipo_influencia": "Directa", "abreviatura": "LUR", "min_distance_m": null, "susc_inund_niv": null, "susc_mmasa_niv": null, "susc_niv": null, "canalC_niv": null, "exposicion_niv": null }, "geometry": { "type": "Point", "coordinates": [ -76.85438963, -12.2955058 ] } },
{ "type": "Feature", "properties": { "entity_id": "6109", "entity_type": "salud", "Nombre del establecimiento": "CENTRO DE SALUD JESUS PODEROSO", "Clasificación": "CENTROS DE SALUD O CENTROS MEDICOS", "Tipo": "ESTABLECIMIENTO DE SALUD SIN INTERNAMIENTO", "Categoria": "I-3", "Estado": "ACTIVO", "CAMAS": 0.0, "fecha_info": "2026-03-09T00:00:00", "sububigeo": "15013300", "UBIGEO": "150133", "DISTRITO": "SAN JUAN DE MIRAFLORES", "PROVINCIA": "LIMA", "DEPARTAMEN": "LIMA", "Zonas": "Todas Zonas", "tipo_influencia": "Indirecta", "abreviatura": "SJM", "min_distance_m": 816.07827445062708, "susc_inund_niv": null, "susc_mmasa_niv": "Alto", "susc_niv": "Alto", "canalC_niv": "Muy alto", "exposicion_niv": "Muy alto" }, "geometry": { "type": "Point", "coordinates": [ -76.951192, -12.1305597 ] } },
{ "type": "Feature", "properties": { "entity_id": "19921", "entity_type": "salud", "Nombre del establecimiento": "PREVENCIÓN ONCOLOGICA VIDA Y SALUD S.A.C.", "Clasificación": "CONSULTORIOS MEDICOS Y DE OTROS PROFESIONALES DE LA SALUD", "Tipo": "ESTABLECIMIENTO DE SALUD SIN INTERNAMIENTO", "Categoria": "I-2", "Estado": "ACTIVO", "CAMAS": 0.0, "fecha_info": "2026-03-09T00:00:00", "sububigeo": "15013300", "UBIGEO": "150133", "DISTRITO": "SAN JUAN DE MIRAFLORES", "PROVINCIA": "LIMA", "DEPARTAMEN": "LIMA", "Zonas": "Todas Zonas", "tipo_influencia": "Indirecta", "abreviatura": "SJM", "min_distance_m": 1001.4388141456518, "susc_inund_niv": "Medio", "susc_mmasa_niv": null, "susc_niv": "Medio", "canalC_niv": "Muy alto", "exposicion_niv": "Muy alto" }, "geometry": { "type": "Point", "coordinates": [ -76.96491246, -12.16322555 ] } },
{ "type": "Feature", "properties": { "entity_id": "6079", "entity_type": "salud", "Nombre del establecimiento": "CENTRO MATERNO INFANTIL LURIN", "Clasificación": "CENTROS DE SALUD CON CAMAS DE INTERNAMIENTO", "Tipo": "ESTABLECIMIENTO DE SALUD CON INTERNAMIENTO", "Categoria": "I-4", "Estado": "BAJA PROVISIONAL", "CAMAS": 0.0, "fecha_info": "2026-03-09T00:00:00", "sububigeo": "15011900", "UBIGEO": "150119", "DISTRITO": "LURIN", "PROVINCIA": "LIMA", "DEPARTAMEN": "LIMA", "Zonas": "Todas Zonas", "tipo_influencia": "Directa", "abreviatura": "LUR", "min_distance_m": null, "susc_inund_niv": null, "susc_mmasa_niv": null, "susc_niv": null, "canalC_niv": null, "exposicion_niv": null }, "geometry": { "type": "Point", "coordinates": [ -76.8695747, -12.2736699 ] } },
{ "type": "Feature", "properties": { "entity_id": "6101", "entity_type": "salud", "Nombre del establecimiento": "PUESTO DE SALUD COLLANAC", "Clasificación": "PUESTOS DE SALUD O POSTAS DE SALUD", "Tipo": "ESTABLECIMIENTO DE SALUD SIN INTERNAMIENTO", "Categoria": "I-2", "Estado": "ACTIVO", "CAMAS": 0.0, "fecha_info": "2026-03-09T00:00:00", "sububigeo": "15012304", "UBIGEO": "150123", "DISTRITO": "PACHACAMAC", "PROVINCIA": "LIMA", "DEPARTAMEN": "LIMA", "Zonas": "Quebrada de Manchay", "tipo_influencia": "Directa", "abreviatura": "PACH", "min_distance_m": null, "susc_inund_niv": "Medio", "susc_mmasa_niv": "Alto", "susc_niv": "Alto", "canalC_niv": null, "exposicion_niv": "Alto" }, "geometry": { "type": "Point", "coordinates": [ -76.8701889, -12.1168591 ] } },
{ "type": "Feature", "properties": { "entity_id": "6119", "entity_type": "salud", "Nombre del establecimiento": "PUESTO DE SALUD RICARDO PALMA", "Clasificación": "PUESTOS DE SALUD O POSTAS DE SALUD", "Tipo": "ESTABLECIMIENTO DE SALUD SIN INTERNAMIENTO", "Categoria": "I-2", "Estado": "ACTIVO", "CAMAS": 0.0, "fecha_info": "2026-03-09T00:00:00", "sububigeo": "15013300", "UBIGEO": "150133", "DISTRITO": "SAN JUAN DE MIRAFLORES", "PROVINCIA": "LIMA", "DEPARTAMEN": "LIMA", "Zonas": "Todas Zonas", "tipo_influencia": "Indirecta", "abreviatura": "SJM", "min_distance_m": 1555.6119031471558, "susc_inund_niv": "Medio", "susc_mmasa_niv": null, "susc_niv": "Medio", "canalC_niv": "Muy alto", "exposicion_niv": "Muy alto" }, "geometry": { "type": "Point", "coordinates": [ -76.961124, -12.1843422 ] } },
{ "type": "Feature", "properties": { "entity_id": "29277", "entity_type": "salud", "Nombre del establecimiento": "POLICLINICO VIDA Y VIAS SEGURAS", "Clasificación": "POLICLINICOS", "Tipo": "ESTABLECIMIENTO DE SALUD SIN INTERNAMIENTO", "Categoria": "I-3", "Estado": "CIERRE TEMPORAL DE OFICIO", "CAMAS": 0.0, "fecha_info": "2026-03-09T00:00:00", "sububigeo": "15014200", "UBIGEO": "150142", "DISTRITO": "VILLA EL SALVADOR", "PROVINCIA": "LIMA", "DEPARTAMEN": "LIMA", "Zonas": "Todas Zonas", "tipo_influencia": "Directa", "abreviatura": "VES", "min_distance_m": null, "susc_inund_niv": "Medio", "susc_mmasa_niv": null, "susc_niv": "Medio", "canalC_niv": null, "exposicion_niv": "Medio" }, "geometry": { "type": "Point", "coordinates": [ -76.9525652, -12.2154485 ] } },
{ "type": "Feature", "properties": { "entity_id": "29879", "entity_type": "salud", "Nombre del establecimiento": "RapidSalud", "Clasificación": "CONSULTORIOS MEDICOS Y DE OTROS PROFESIONALES DE LA SALUD", "Tipo": "ESTABLECIMIENTO DE SALUD SIN INTERNAMIENTO", "Categoria": "I-2", "Estado": "CIERRE TEMPORAL DE OFICIO", "CAMAS": 0.0, "fecha_info": "2026-03-09T00:00:00", "sububigeo": "15014303", "UBIGEO": "150143", "DISTRITO": "VILLA MARIA DEL TRIUNFO", "PROVINCIA": "LIMA", "DEPARTAMEN": "LIMA", "Zonas": "Jose Carlos Mariategui", "tipo_influencia": "Directa", "abreviatura": "VMT", "min_distance_m": 556.51962250384997, "susc_inund_niv": "Medio", "susc_mmasa_niv": "Alto", "susc_niv": "Alto", "canalC_niv": "Muy alto", "exposicion_niv": "Muy alto" }, "geometry": { "type": "Point", "coordinates": [ -76.9488543, -12.1485189 ] } },
{ "type": "Feature", "properties": { "entity_id": "9905", "entity_type": "salud", "Nombre del establecimiento": "POLICLINICO VIRGEN DE GUADALUPE", "Clasificación": "POLICLINICOS", "Tipo": "ESTABLECIMIENTO DE SALUD SIN INTERNAMIENTO", "Categoria": "I-3", "Estado": "ACTIVO", "CAMAS": 0.0, "fecha_info": "2026-03-09T00:00:00", "sububigeo": "15011900", "UBIGEO": "150119", "DISTRITO": "LURIN", "PROVINCIA": "LIMA", "DEPARTAMEN": "LIMA", "Zonas": "Todas Zonas", "tipo_influencia": "Directa", "abreviatura": "LUR", "min_distance_m": 1109.6031152142029, "susc_inund_niv": "Alto", "susc_mmasa_niv": null, "susc_niv": "Alto", "canalC_niv": "Alto", "exposicion_niv": "Alto" }, "geometry": { "type": "Point", "coordinates": [ -76.8838234, -12.2608455 ] } },
{ "type": "Feature", "properties": { "entity_id": "38029", "entity_type": "salud", "Nombre del establecimiento": "SPAZIO DENTALE", "Clasificación": "CONSULTORIOS MEDICOS Y DE OTROS PROFESIONALES DE LA SALUD", "Tipo": "ESTABLECIMIENTO DE SALUD SIN INTERNAMIENTO", "Categoria": "I-1", "Estado": "ACTIVO", "CAMAS": 0.0, "fecha_info": "2026-03-09T00:00:00", "sububigeo": "15013300", "UBIGEO": "150133", "DISTRITO": "SAN JUAN DE MIRAFLORES", "PROVINCIA": "LIMA", "DEPARTAMEN": "LIMA", "Zonas": "Todas Zonas", "tipo_influencia": "Indirecta", "abreviatura": "SJM", "min_distance_m": 1026.4374783489388, "susc_inund_niv": "Medio", "susc_mmasa_niv": null, "susc_niv": "Medio", "canalC_niv": "Muy alto", "exposicion_niv": "Muy alto" }, "geometry": { "type": "Point", "coordinates": [ -76.9652148, -12.1628319 ] } },
{ "type": "Feature", "properties": { "entity_id": "37096", "entity_type": "salud", "Nombre del establecimiento": "DECAFI SALUD", "Clasificación": "CONSULTORIOS MEDICOS Y DE OTROS PROFESIONALES DE LA SALUD", "Tipo": "ESTABLECIMIENTO DE SALUD SIN INTERNAMIENTO", "Categoria": "I-2", "Estado": "ACTIVO", "CAMAS": 0.0, "fecha_info": "2026-03-09T00:00:00", "sububigeo": "15012304", "UBIGEO": "150123", "DISTRITO": "PACHACAMAC", "PROVINCIA": "LIMA", "DEPARTAMEN": "LIMA", "Zonas": "Quebrada de Manchay", "tipo_influencia": "Directa", "abreviatura": "PACH", "min_distance_m": null, "susc_inund_niv": "Medio", "susc_mmasa_niv": "Alto", "susc_niv": "Alto", "canalC_niv": null, "exposicion_niv": "Alto" }, "geometry": { "type": "Point", "coordinates": [ -76.8708814, -12.1121936 ] } },
{ "type": "Feature", "properties": { "entity_id": "37805", "entity_type": "salud", "Nombre del establecimiento": "SALUD DENTAL CAMACHO", "Clasificación": "CONSULTORIOS MEDICOS Y DE OTROS PROFESIONALES DE LA SALUD", "Tipo": "ESTABLECIMIENTO DE SALUD SIN INTERNAMIENTO", "Categoria": "I-1", "Estado": "ACTIVO", "CAMAS": 0.0, "fecha_info": "2026-03-09T00:00:00", "sububigeo": "15014200", "UBIGEO": "150142", "DISTRITO": "VILLA EL SALVADOR", "PROVINCIA": "LIMA", "DEPARTAMEN": "LIMA", "Zonas": "Todas Zonas", "tipo_influencia": "Directa", "abreviatura": "VES", "min_distance_m": 1916.9521814866002, "susc_inund_niv": "Medio", "susc_mmasa_niv": null, "susc_niv": "Medio", "canalC_niv": "Muy alto", "exposicion_niv": "Muy alto" }, "geometry": { "type": "Point", "coordinates": [ -76.9401797, -12.2103191 ] } },
{ "type": "Feature", "properties": { "entity_id": "35606", "entity_type": "salud", "Nombre del establecimiento": "DENTISTICA", "Clasificación": "CONSULTORIOS MEDICOS Y DE OTROS PROFESIONALES DE LA SALUD", "Tipo": "ESTABLECIMIENTO DE SALUD SIN INTERNAMIENTO", "Categoria": "I-1", "Estado": "ACTIVO", "CAMAS": 0.0, "fecha_info": "2026-03-09T00:00:00", "sububigeo": "15013300", "UBIGEO": "150133", "DISTRITO": "SAN JUAN DE MIRAFLORES", "PROVINCIA": "LIMA", "DEPARTAMEN": "LIMA", "Zonas": "Todas Zonas", "tipo_influencia": "Indirecta", "abreviatura": "SJM", "min_distance_m": 1875.5626293268306, "susc_inund_niv": "Medio", "susc_mmasa_niv": null, "susc_niv": "Medio", "canalC_niv": "Muy alto", "exposicion_niv": "Muy alto" }, "geometry": { "type": "Point", "coordinates": [ -76.9696216, -12.1503575 ] } },
{ "type": "Feature", "properties": { "entity_id": "34815", "entity_type": "salud", "Nombre del establecimiento": "CONSULTORIO DENTAL DE LA ROCA", "Clasificación": "CONSULTORIOS MEDICOS Y DE OTROS PROFESIONALES DE LA SALUD", "Tipo": "ESTABLECIMIENTO DE SALUD SIN INTERNAMIENTO", "Categoria": "I-1", "Estado": "ACTIVO", "CAMAS": 0.0, "fecha_info": "2026-03-09T00:00:00", "sububigeo": "15014200", "UBIGEO": "150142", "DISTRITO": "VILLA EL SALVADOR", "PROVINCIA": "LIMA", "DEPARTAMEN": "LIMA", "Zonas": "Todas Zonas", "tipo_influencia": "Directa", "abreviatura": "VES", "min_distance_m": 1808.6568475140521, "susc_inund_niv": "Medio", "susc_mmasa_niv": null, "susc_niv": "Medio", "canalC_niv": "Muy alto", "exposicion_niv": "Muy alto" }, "geometry": { "type": "Point", "coordinates": [ -76.93913037, -12.20974116 ] } },
{ "type": "Feature", "properties": { "entity_id": "35345", "entity_type": "salud", "Nombre del establecimiento": "Dental Orthovilla", "Clasificación": "CONSULTORIOS MEDICOS Y DE OTROS PROFESIONALES DE LA SALUD", "Tipo": "ESTABLECIMIENTO DE SALUD SIN INTERNAMIENTO", "Categoria": "I-1", "Estado": "ACTIVO", "CAMAS": 0.0, "fecha_info": "2026-03-09T00:00:00", "sububigeo": "15014200", "UBIGEO": "150142", "DISTRITO": "VILLA EL SALVADOR", "PROVINCIA": "LIMA", "DEPARTAMEN": "LIMA", "Zonas": "Todas Zonas", "tipo_influencia": "Directa", "abreviatura": "VES", "min_distance_m": null, "susc_inund_niv": "Medio", "susc_mmasa_niv": null, "susc_niv": "Medio", "canalC_niv": null, "exposicion_niv": "Medio" }, "geometry": { "type": "Point", "coordinates": [ -76.9344174, -12.2142436 ] } },
{ "type": "Feature", "properties": { "entity_id": "34499", "entity_type": "salud", "Nombre del establecimiento": "SURE SMILE", "Clasificación": "CONSULTORIOS MEDICOS Y DE OTROS PROFESIONALES DE LA SALUD", "Tipo": "ESTABLECIMIENTO DE SALUD SIN INTERNAMIENTO", "Categoria": "I-1", "Estado": "CIERRE TEMPORAL DE OFICIO", "CAMAS": 0.0, "fecha_info": "2026-03-09T00:00:00", "sububigeo": "15014200", "UBIGEO": "150142", "DISTRITO": "VILLA EL SALVADOR", "PROVINCIA": "LIMA", "DEPARTAMEN": "LIMA", "Zonas": "Todas Zonas", "tipo_influencia": "Directa", "abreviatura": "VES", "min_distance_m": null, "susc_inund_niv": "Medio", "susc_mmasa_niv": null, "susc_niv": "Medio", "canalC_niv": null, "exposicion_niv": "Medio" }, "geometry": { "type": "Point", "coordinates": [ -76.967006500000011, -12.1974257 ] } },
{ "type": "Feature", "properties": { "entity_id": "34328", "entity_type": "salud", "Nombre del establecimiento": "PUESTO DE SALUD JOSE MARIA ARGUEDAS", "Clasificación": "PUESTOS DE SALUD O POSTAS DE SALUD", "Tipo": "ESTABLECIMIENTO DE SALUD SIN INTERNAMIENTO", "Categoria": "I-2", "Estado": "BAJA DEFINITIVA", "CAMAS": 0.0, "fecha_info": "2026-03-09T00:00:00", "sububigeo": "15013300", "UBIGEO": "150133", "DISTRITO": "SAN JUAN DE MIRAFLORES", "PROVINCIA": "LIMA", "DEPARTAMEN": "LIMA", "Zonas": "Todas Zonas", "tipo_influencia": "Indirecta", "abreviatura": "SJM", "min_distance_m": null, "susc_inund_niv": null, "susc_mmasa_niv": null, "susc_niv": null, "canalC_niv": null, "exposicion_niv": null }, "geometry": { "type": "Point", "coordinates": [ -76.9751756, -12.1589058 ] } },
{ "type": "Feature", "properties": { "entity_id": "34381", "entity_type": "salud", "Nombre del establecimiento": "POLICLINICO SALUD SOLIDARIO", "Clasificación": "POLICLINICOS", "Tipo": "ESTABLECIMIENTO DE SALUD SIN INTERNAMIENTO", "Categoria": "I-3", "Estado": "CIERRE TEMPORAL DE OFICIO", "CAMAS": 0.0, "fecha_info": "2026-03-09T00:00:00", "sububigeo": "15011900", "UBIGEO": "150119", "DISTRITO": "LURIN", "PROVINCIA": "LIMA", "DEPARTAMEN": "LIMA", "Zonas": "Todas Zonas", "tipo_influencia": "Directa", "abreviatura": "LUR", "min_distance_m": 1261.8535682403024, "susc_inund_niv": "Medio", "susc_mmasa_niv": null, "susc_niv": "Medio", "canalC_niv": "Muy alto", "exposicion_niv": "Muy alto" }, "geometry": { "type": "Point", "coordinates": [ -76.9123228, -12.2390423 ] } },
{ "type": "Feature", "properties": { "entity_id": "25012", "entity_type": "salud", "Nombre del establecimiento": "CLEBER DIAGNOSTIC", "Clasificación": "CONSULTORIOS MEDICOS Y DE OTROS PROFESIONALES DE LA SALUD", "Tipo": "ESTABLECIMIENTO DE SALUD SIN INTERNAMIENTO", "Categoria": "I-1", "Estado": "ACTIVO", "CAMAS": 0.0, "fecha_info": "2026-03-09T00:00:00", "sububigeo": "15014303", "UBIGEO": "150143", "DISTRITO": "VILLA MARIA DEL TRIUNFO", "PROVINCIA": "LIMA", "DEPARTAMEN": "LIMA", "Zonas": "Jose Carlos Mariategui", "tipo_influencia": "Directa", "abreviatura": "VMT", "min_distance_m": 976.50745483325272, "susc_inund_niv": null, "susc_mmasa_niv": "Alto", "susc_niv": "Alto", "canalC_niv": "Muy alto", "exposicion_niv": "Muy alto" }, "geometry": { "type": "Point", "coordinates": [ -76.94019354, -12.14244778 ] } },
{ "type": "Feature", "properties": { "entity_id": "24470", "entity_type": "salud", "Nombre del establecimiento": "MEDICAL SUR", "Clasificación": "CONSULTORIOS MEDICOS Y DE OTROS PROFESIONALES DE LA SALUD", "Tipo": "ESTABLECIMIENTO DE SALUD SIN INTERNAMIENTO", "Categoria": "I-1", "Estado": "ACTIVO", "CAMAS": 0.0, "fecha_info": "2026-03-09T00:00:00", "sububigeo": "15014200", "UBIGEO": "150142", "DISTRITO": "VILLA EL SALVADOR", "PROVINCIA": "LIMA", "DEPARTAMEN": "LIMA", "Zonas": "Todas Zonas", "tipo_influencia": "Directa", "abreviatura": "VES", "min_distance_m": 1753.1617337433318, "susc_inund_niv": "Medio", "susc_mmasa_niv": null, "susc_niv": "Medio", "canalC_niv": "Muy alto", "exposicion_niv": "Muy alto" }, "geometry": { "type": "Point", "coordinates": [ -76.9393, -12.2091 ] } },
{ "type": "Feature", "properties": { "entity_id": "21413", "entity_type": "salud", "Nombre del establecimiento": "PARROQUIA  \"SANTA CATALINA LABOURE\"", "Clasificación": "CENTROS DE SALUD O CENTROS MEDICOS", "Tipo": "ESTABLECIMIENTO DE SALUD SIN INTERNAMIENTO", "Categoria": "I-3", "Estado": "ACTIVO", "CAMAS": 0.0, "fecha_info": "2026-03-09T00:00:00", "sububigeo": "15014305", "UBIGEO": "150143", "DISTRITO": "VILLA MARIA DEL TRIUNFO", "PROVINCIA": "LIMA", "DEPARTAMEN": "LIMA", "Zonas": "Villa María del Triunfo (Cercado)", "tipo_influencia": "Directa", "abreviatura": "VMT", "min_distance_m": 163.10717720349325, "susc_inund_niv": "Medio", "susc_mmasa_niv": null, "susc_niv": "Medio", "canalC_niv": "Muy alto", "exposicion_niv": "Muy alto" }, "geometry": { "type": "Point", "coordinates": [ -76.9463334, -12.1631924 ] } },
{ "type": "Feature", "properties": { "entity_id": "25100", "entity_type": "salud", "Nombre del establecimiento": "FISIOPROGRESS", "Clasificación": "REHABILITACION", "Tipo": "SERVICIO MÉDICO DE APOYO", "Categoria": "Sin Categoría", "Estado": "BAJA DEFINITIVA", "CAMAS": 0.0, "fecha_info": "2026-03-09T00:00:00", "sububigeo": "15014303", "UBIGEO": "150143", "DISTRITO": "VILLA MARIA DEL TRIUNFO", "PROVINCIA": "LIMA", "DEPARTAMEN": "LIMA", "Zonas": "Jose Carlos Mariategui", "tipo_influencia": "Directa", "abreviatura": "VMT", "min_distance_m": 456.41954948793608, "susc_inund_niv": null, "susc_mmasa_niv": "Alto", "susc_niv": "Alto", "canalC_niv": "Muy alto", "exposicion_niv": "Muy alto" }, "geometry": { "type": "Point", "coordinates": [ -76.95516027, -12.15740439 ] } },
{ "type": "Feature", "properties": { "entity_id": "33071", "entity_type": "salud", "Nombre del establecimiento": "YEZC DENT", "Clasificación": "CONSULTORIOS MEDICOS Y DE OTROS PROFESIONALES DE LA SALUD", "Tipo": "ESTABLECIMIENTO DE SALUD SIN INTERNAMIENTO", "Categoria": "I-1", "Estado": "CIERRE TEMPORAL DE OFICIO", "CAMAS": 0.0, "fecha_info": "2026-03-09T00:00:00", "sububigeo": "15014200", "UBIGEO": "150142", "DISTRITO": "VILLA EL SALVADOR", "PROVINCIA": "LIMA", "DEPARTAMEN": "LIMA", "Zonas": "Todas Zonas", "tipo_influencia": "Directa", "abreviatura": "VES", "min_distance_m": null, "susc_inund_niv": "Medio", "susc_mmasa_niv": null, "susc_niv": "Medio", "canalC_niv": null, "exposicion_niv": "Medio" }, "geometry": { "type": "Point", "coordinates": [ -76.94257659, -12.21472442 ] } },
{ "type": "Feature", "properties": { "entity_id": "29929", "entity_type": "salud", "Nombre del establecimiento": "TORRE DE CONSULTORIOS EXTERNOS CLINICA DIVINO NIÑO JESÚS", "Clasificación": "CONSULTORIOS MEDICOS Y DE OTROS PROFESIONALES DE LA SALUD", "Tipo": "ESTABLECIMIENTO DE SALUD SIN INTERNAMIENTO", "Categoria": "I-2", "Estado": "BAJA DEFINITIVA", "CAMAS": 0.0, "fecha_info": "2026-03-09T00:00:00", "sububigeo": "15013300", "UBIGEO": "150133", "DISTRITO": "SAN JUAN DE MIRAFLORES", "PROVINCIA": "LIMA", "DEPARTAMEN": "LIMA", "Zonas": "Todas Zonas", "tipo_influencia": "Indirecta", "abreviatura": "SJM", "min_distance_m": null, "susc_inund_niv": null, "susc_mmasa_niv": null, "susc_niv": null, "canalC_niv": null, "exposicion_niv": null }, "geometry": { "type": "Point", "coordinates": [ -76.9769495, -12.1484599 ] } },
{ "type": "Feature", "properties": { "entity_id": "33711", "entity_type": "salud", "Nombre del establecimiento": "ODONTOLOGIA INTEGRAL DENT SMILE", "Clasificación": "CONSULTORIOS MEDICOS Y DE OTROS PROFESIONALES DE LA SALUD", "Tipo": "ESTABLECIMIENTO DE SALUD SIN INTERNAMIENTO", "Categoria": "I-1", "Estado": "ACTIVO", "CAMAS": 0.0, "fecha_info": "2026-03-09T00:00:00", "sububigeo": "15014303", "UBIGEO": "150143", "DISTRITO": "VILLA MARIA DEL TRIUNFO", "PROVINCIA": "LIMA", "DEPARTAMEN": "LIMA", "Zonas": "Jose Carlos Mariategui", "tipo_influencia": "Directa", "abreviatura": "VMT", "min_distance_m": 714.48392345035461, "susc_inund_niv": null, "susc_mmasa_niv": "Alto", "susc_niv": "Alto", "canalC_niv": "Muy alto", "exposicion_niv": "Muy alto" }, "geometry": { "type": "Point", "coordinates": [ -76.9408738, -12.134191 ] } },
{ "type": "Feature", "properties": { "entity_id": "34382", "entity_type": "salud", "Nombre del establecimiento": "ODONTOSALUD V.E.S", "Clasificación": "CONSULTORIOS MEDICOS Y DE OTROS PROFESIONALES DE LA SALUD", "Tipo": "ESTABLECIMIENTO DE SALUD SIN INTERNAMIENTO", "Categoria": "I-1", "Estado": "ACTIVO", "CAMAS": 0.0, "fecha_info": "2026-03-09T00:00:00", "sububigeo": "15014200", "UBIGEO": "150142", "DISTRITO": "VILLA EL SALVADOR", "PROVINCIA": "LIMA", "DEPARTAMEN": "LIMA", "Zonas": "Todas Zonas", "tipo_influencia": "Directa", "abreviatura": "VES", "min_distance_m": 1455.0188180691257, "susc_inund_niv": "Medio", "susc_mmasa_niv": null, "susc_niv": "Medio", "canalC_niv": "Muy alto", "exposicion_niv": "Muy alto" }, "geometry": { "type": "Point", "coordinates": [ -76.9403501, -12.2052428 ] } },
{ "type": "Feature", "properties": { "entity_id": "26561", "entity_type": "salud", "Nombre del establecimiento": "CONSULTORIO ODONTOLOGICO M Y R  DENTAL", "Clasificación": "CONSULTORIOS MEDICOS Y DE OTROS PROFESIONALES DE LA SALUD", "Tipo": "ESTABLECIMIENTO DE SALUD SIN INTERNAMIENTO", "Categoria": "I-1", "Estado": "CIERRE TEMPORAL DE OFICIO", "CAMAS": 0.0, "fecha_info": "2026-03-09T00:00:00", "sububigeo": "15014304", "UBIGEO": "150143", "DISTRITO": "VILLA MARIA DEL TRIUNFO", "PROVINCIA": "LIMA", "DEPARTAMEN": "LIMA", "Zonas": "Nueva Esperanza", "tipo_influencia": "Directa", "abreviatura": "VMT", "min_distance_m": 450.24780943418216, "susc_inund_niv": null, "susc_mmasa_niv": null, "susc_niv": null, "canalC_niv": "Muy alto", "exposicion_niv": "Muy alto" }, "geometry": { "type": "Point", "coordinates": [ -76.92528063, -12.16677981 ] } },
{ "type": "Feature", "properties": { "entity_id": "19384", "entity_type": "salud", "Nombre del establecimiento": "VALLE SARON", "Clasificación": "CONSULTORIOS MEDICOS Y DE OTROS PROFESIONALES DE LA SALUD", "Tipo": "ESTABLECIMIENTO DE SALUD SIN INTERNAMIENTO", "Categoria": "I-2", "Estado": "CIERRE TEMPORAL DE OFICIO", "CAMAS": 0.0, "fecha_info": "2026-03-09T00:00:00", "sububigeo": "15013300", "UBIGEO": "150133", "DISTRITO": "SAN JUAN DE MIRAFLORES", "PROVINCIA": "LIMA", "DEPARTAMEN": "LIMA", "Zonas": "Todas Zonas", "tipo_influencia": "Indirecta", "abreviatura": "SJM", "min_distance_m": 1697.0901928089177, "susc_inund_niv": "Medio", "susc_mmasa_niv": null, "susc_niv": "Medio", "canalC_niv": "Muy alto", "exposicion_niv": "Muy alto" }, "geometry": { "type": "Point", "coordinates": [ -76.9676211, -12.1715676 ] } },
{ "type": "Feature", "properties": { "entity_id": "17674", "entity_type": "salud", "Nombre del establecimiento": "UNACEM S.A.A.", "Clasificación": "CONSULTORIOS MEDICOS Y DE OTROS PROFESIONALES DE LA SALUD", "Tipo": "ESTABLECIMIENTO DE SALUD SIN INTERNAMIENTO", "Categoria": "I-2", "Estado": "ACTIVO", "CAMAS": 0.0, "fecha_info": "2026-03-09T00:00:00", "sububigeo": "15014307", "UBIGEO": "150143", "DISTRITO": "VILLA MARIA DEL TRIUNFO", "PROVINCIA": "LIMA", "DEPARTAMEN": "LIMA", "Zonas": "Villa Poeta José Gálvez", "tipo_influencia": "Directa", "abreviatura": "VMT", "min_distance_m": 1162.3605967258422, "susc_inund_niv": "Medio", "susc_mmasa_niv": null, "susc_niv": "Medio", "canalC_niv": "Muy alto", "exposicion_niv": "Muy alto" }, "geometry": { "type": "Point", "coordinates": [ -76.90972499, -12.19672968 ] } },
{ "type": "Feature", "properties": { "entity_id": "27400", "entity_type": "salud", "Nombre del establecimiento": "Happy Dentys", "Clasificación": "CONSULTORIOS MEDICOS Y DE OTROS PROFESIONALES DE LA SALUD", "Tipo": "ESTABLECIMIENTO DE SALUD SIN INTERNAMIENTO", "Categoria": "I-1", "Estado": "ACTIVO", "CAMAS": 0.0, "fecha_info": "2026-03-09T00:00:00", "sububigeo": "15014200", "UBIGEO": "150142", "DISTRITO": "VILLA EL SALVADOR", "PROVINCIA": "LIMA", "DEPARTAMEN": "LIMA", "Zonas": "Todas Zonas", "tipo_influencia": "Directa", "abreviatura": "VES", "min_distance_m": 1581.0796894064854, "susc_inund_niv": "Medio", "susc_mmasa_niv": null, "susc_niv": "Medio", "canalC_niv": "Muy alto", "exposicion_niv": "Muy alto" }, "geometry": { "type": "Point", "coordinates": [ -76.95405654, -12.19526547 ] } },
{ "type": "Feature", "properties": { "entity_id": "28193", "entity_type": "salud", "Nombre del establecimiento": "CENTRO MÉDICO \"NUESTRA SEÑORA DE GUADALUPE\"", "Clasificación": "CENTROS DE SALUD O CENTROS MEDICOS", "Tipo": "ESTABLECIMIENTO DE SALUD SIN INTERNAMIENTO", "Categoria": "I-3", "Estado": "CIERRE TEMPORAL DE OFICIO", "CAMAS": 0.0, "fecha_info": "2026-03-09T00:00:00", "sububigeo": "15012304", "UBIGEO": "150123", "DISTRITO": "PACHACAMAC", "PROVINCIA": "LIMA", "DEPARTAMEN": "LIMA", "Zonas": "Quebrada de Manchay", "tipo_influencia": "Directa", "abreviatura": "PACH", "min_distance_m": null, "susc_inund_niv": "Medio", "susc_mmasa_niv": "Alto", "susc_niv": "Alto", "canalC_niv": null, "exposicion_niv": "Alto" }, "geometry": { "type": "Point", "coordinates": [ -76.88106468, -12.08794659 ] } },
{ "type": "Feature", "properties": { "entity_id": "27407", "entity_type": "salud", "Nombre del establecimiento": "MEDICAL CENTER DEL PERU", "Clasificación": "POLICLINICOS", "Tipo": "ESTABLECIMIENTO DE SALUD SIN INTERNAMIENTO", "Categoria": "I-3", "Estado": "ACTIVO", "CAMAS": 0.0, "fecha_info": "2026-03-09T00:00:00", "sububigeo": "15014200", "UBIGEO": "150142", "DISTRITO": "VILLA EL SALVADOR", "PROVINCIA": "LIMA", "DEPARTAMEN": "LIMA", "Zonas": "Todas Zonas", "tipo_influencia": "Directa", "abreviatura": "VES", "min_distance_m": 1376.4456420769545, "susc_inund_niv": "Medio", "susc_mmasa_niv": null, "susc_niv": "Medio", "canalC_niv": "Muy alto", "exposicion_niv": "Muy alto" }, "geometry": { "type": "Point", "coordinates": [ -76.93968402, -12.20485404 ] } },
{ "type": "Feature", "properties": { "entity_id": "26560", "entity_type": "salud", "Nombre del establecimiento": "Consultorio Psicológico CDyB \"Construyendo Desarrollo y Bienestar\"", "Clasificación": "CONSULTORIOS MEDICOS Y DE OTROS PROFESIONALES DE LA SALUD", "Tipo": "ESTABLECIMIENTO DE SALUD SIN INTERNAMIENTO", "Categoria": "I-1", "Estado": "ACTIVO", "CAMAS": 0.0, "fecha_info": "2026-03-09T00:00:00", "sububigeo": "15014200", "UBIGEO": "150142", "DISTRITO": "VILLA EL SALVADOR", "PROVINCIA": "LIMA", "DEPARTAMEN": "LIMA", "Zonas": "Todas Zonas", "tipo_influencia": "Directa", "abreviatura": "VES", "min_distance_m": null, "susc_inund_niv": "Medio", "susc_mmasa_niv": null, "susc_niv": "Medio", "canalC_niv": null, "exposicion_niv": "Medio" }, "geometry": { "type": "Point", "coordinates": [ -76.9415442, -12.2162218 ] } },
{ "type": "Feature", "properties": { "entity_id": "26280", "entity_type": "salud", "Nombre del establecimiento": "CONSULTORIO DENTAL SOLIDARIDAD DE VILLA MARIA", "Clasificación": "CONSULTORIOS MEDICOS Y DE OTROS PROFESIONALES DE LA SALUD", "Tipo": "ESTABLECIMIENTO DE SALUD SIN INTERNAMIENTO", "Categoria": "I-1", "Estado": "ACTIVO", "CAMAS": 0.0, "fecha_info": "2026-03-09T00:00:00", "sububigeo": "15014200", "UBIGEO": "150142", "DISTRITO": "VILLA EL SALVADOR", "PROVINCIA": "LIMA", "DEPARTAMEN": "LIMA", "Zonas": "Todas Zonas", "tipo_influencia": "Directa", "abreviatura": "VES", "min_distance_m": 530.87256187047126, "susc_inund_niv": "Medio", "susc_mmasa_niv": null, "susc_niv": "Medio", "canalC_niv": "Muy alto", "exposicion_niv": "Muy alto" }, "geometry": { "type": "Point", "coordinates": [ -76.9324456, -12.1997564 ] } },
{ "type": "Feature", "properties": { "entity_id": "27472", "entity_type": "salud", "Nombre del establecimiento": "CONSULTORIO MEDICO SEÑOR DE LOS MILAGROS DE PACHACAMAC", "Clasificación": "CONSULTORIOS MEDICOS Y DE OTROS PROFESIONALES DE LA SALUD", "Tipo": "ESTABLECIMIENTO DE SALUD SIN INTERNAMIENTO", "Categoria": "I-2", "Estado": "ACTIVO", "CAMAS": 0.0, "fecha_info": "2026-03-09T00:00:00", "sububigeo": "15012301", "UBIGEO": "150123", "DISTRITO": "PACHACAMAC", "PROVINCIA": "LIMA", "DEPARTAMEN": "LIMA", "Zonas": "Pachacamac histórico", "tipo_influencia": "Directa", "abreviatura": "PACH", "min_distance_m": 1657.168380902551, "susc_inund_niv": "Medio", "susc_mmasa_niv": null, "susc_niv": "Medio", "canalC_niv": "Muy alto", "exposicion_niv": "Muy alto" }, "geometry": { "type": "Point", "coordinates": [ -76.8625114, -12.2277402 ] } },
{ "type": "Feature", "properties": { "entity_id": "25255", "entity_type": "salud", "Nombre del establecimiento": "CONSULTORIO ODONTOLOGICO OBSTETRICO GARCIA CASTRO", "Clasificación": "CONSULTORIOS MEDICOS Y DE OTROS PROFESIONALES DE LA SALUD", "Tipo": "ESTABLECIMIENTO DE SALUD SIN INTERNAMIENTO", "Categoria": "I-1", "Estado": "ACTIVO", "CAMAS": 0.0, "fecha_info": "2026-03-09T00:00:00", "sububigeo": "15014303", "UBIGEO": "150143", "DISTRITO": "VILLA MARIA DEL TRIUNFO", "PROVINCIA": "LIMA", "DEPARTAMEN": "LIMA", "Zonas": "Jose Carlos Mariategui", "tipo_influencia": "Directa", "abreviatura": "VMT", "min_distance_m": 235.11735697506447, "susc_inund_niv": null, "susc_mmasa_niv": "Alto", "susc_niv": "Alto", "canalC_niv": "Muy alto", "exposicion_niv": "Muy alto" }, "geometry": { "type": "Point", "coordinates": [ -76.9522183, -12.154174389999989 ] } },
{ "type": "Feature", "properties": { "entity_id": "27486", "entity_type": "salud", "Nombre del establecimiento": "POLICLINICO VILLA MEDIC SAC", "Clasificación": "POLICLINICOS", "Tipo": "ESTABLECIMIENTO DE SALUD SIN INTERNAMIENTO", "Categoria": "I-3", "Estado": "CIERRE TEMPORAL DE OFICIO", "CAMAS": 0.0, "fecha_info": "2026-03-09T00:00:00", "sububigeo": "15013300", "UBIGEO": "150133", "DISTRITO": "SAN JUAN DE MIRAFLORES", "PROVINCIA": "LIMA", "DEPARTAMEN": "LIMA", "Zonas": "Todas Zonas", "tipo_influencia": "Indirecta", "abreviatura": "SJM", "min_distance_m": 449.21176149906017, "susc_inund_niv": "Medio", "susc_mmasa_niv": null, "susc_niv": "Medio", "canalC_niv": "Muy alto", "exposicion_niv": "Muy alto" }, "geometry": { "type": "Point", "coordinates": [ -76.95983976, -12.16263663 ] } },
{ "type": "Feature", "properties": { "entity_id": "26986", "entity_type": "salud", "Nombre del establecimiento": "ARTE Y SALUD BUCAL", "Clasificación": "CONSULTORIOS MEDICOS Y DE OTROS PROFESIONALES DE LA SALUD", "Tipo": "ESTABLECIMIENTO DE SALUD SIN INTERNAMIENTO", "Categoria": "I-1", "Estado": "ACTIVO", "CAMAS": 0.0, "fecha_info": "2026-03-09T00:00:00", "sububigeo": "15013300", "UBIGEO": "150133", "DISTRITO": "SAN JUAN DE MIRAFLORES", "PROVINCIA": "LIMA", "DEPARTAMEN": "LIMA", "Zonas": "Todas Zonas", "tipo_influencia": "Indirecta", "abreviatura": "SJM", "min_distance_m": 1755.3843153031662, "susc_inund_niv": "Medio", "susc_mmasa_niv": null, "susc_niv": "Medio", "canalC_niv": "Muy alto", "exposicion_niv": "Muy alto" }, "geometry": { "type": "Point", "coordinates": [ -76.9676934, -12.1468057 ] } },
{ "type": "Feature", "properties": { "entity_id": "25360", "entity_type": "salud", "Nombre del establecimiento": "VACUNAS PERU", "Clasificación": "CENTROS DE VACUNACION", "Tipo": "SERVICIO MÉDICO DE APOYO", "Categoria": "Sin Categoría", "Estado": "ACTIVO", "CAMAS": 0.0, "fecha_info": "2026-03-09T00:00:00", "sububigeo": "15013300", "UBIGEO": "150133", "DISTRITO": "SAN JUAN DE MIRAFLORES", "PROVINCIA": "LIMA", "DEPARTAMEN": "LIMA", "Zonas": "Todas Zonas", "tipo_influencia": "Indirecta", "abreviatura": "SJM", "min_distance_m": 401.68244951944905, "susc_inund_niv": "Medio", "susc_mmasa_niv": null, "susc_niv": "Medio", "canalC_niv": "Muy alto", "exposicion_niv": "Muy alto" }, "geometry": { "type": "Point", "coordinates": [ -76.95904411, -12.15958593 ] } },
{ "type": "Feature", "properties": { "entity_id": "25462", "entity_type": "salud", "Nombre del establecimiento": "POLICLINICO BARIZAL", "Clasificación": "POLICLINICOS", "Tipo": "ESTABLECIMIENTO DE SALUD SIN INTERNAMIENTO", "Categoria": "I-3", "Estado": "ACTIVO", "CAMAS": 0.0, "fecha_info": "2026-03-09T00:00:00", "sububigeo": "15014200", "UBIGEO": "150142", "DISTRITO": "VILLA EL SALVADOR", "PROVINCIA": "LIMA", "DEPARTAMEN": "LIMA", "Zonas": "Todas Zonas", "tipo_influencia": "Directa", "abreviatura": "VES", "min_distance_m": null, "susc_inund_niv": "Medio", "susc_mmasa_niv": null, "susc_niv": "Medio", "canalC_niv": null, "exposicion_niv": "Medio" }, "geometry": { "type": "Point", "coordinates": [ -76.93516306, -12.21570724 ] } },
{ "type": "Feature", "properties": { "entity_id": "28592", "entity_type": "salud", "Nombre del establecimiento": "CONSULTORIO DENTAL", "Clasificación": "CONSULTORIOS MEDICOS Y DE OTROS PROFESIONALES DE LA SALUD", "Tipo": "ESTABLECIMIENTO DE SALUD SIN INTERNAMIENTO", "Categoria": "I-1", "Estado": "ACTIVO", "CAMAS": 0.0, "fecha_info": "2026-03-09T00:00:00", "sububigeo": "15013300", "UBIGEO": "150133", "DISTRITO": "SAN JUAN DE MIRAFLORES", "PROVINCIA": "LIMA", "DEPARTAMEN": "LIMA", "Zonas": "Todas Zonas", "tipo_influencia": "Indirecta", "abreviatura": "SJM", "min_distance_m": 1914.0646068428675, "susc_inund_niv": null, "susc_mmasa_niv": null, "susc_niv": null, "canalC_niv": "Muy alto", "exposicion_niv": "Muy alto" }, "geometry": { "type": "Point", "coordinates": [ -76.97310158, -12.15793744 ] } },
{ "type": "Feature", "properties": { "entity_id": "21920", "entity_type": "salud", "Nombre del establecimiento": "CONSULTORIO MELVI", "Clasificación": "CONSULTORIOS MEDICOS Y DE OTROS PROFESIONALES DE LA SALUD", "Tipo": "ESTABLECIMIENTO DE SALUD SIN INTERNAMIENTO", "Categoria": "I-2", "Estado": "CIERRE TEMPORAL DE OFICIO", "CAMAS": 0.0, "fecha_info": "2026-03-09T00:00:00", "sububigeo": "15011900", "UBIGEO": "150119", "DISTRITO": "LURIN", "PROVINCIA": "LIMA", "DEPARTAMEN": "LIMA", "Zonas": "Todas Zonas", "tipo_influencia": "Directa", "abreviatura": "LUR", "min_distance_m": null, "susc_inund_niv": null, "susc_mmasa_niv": null, "susc_niv": null, "canalC_niv": null, "exposicion_niv": null }, "geometry": { "type": "Point", "coordinates": [ -76.86939211, -12.274412 ] } },
{ "type": "Feature", "properties": { "entity_id": "27625", "entity_type": "salud", "Nombre del establecimiento": "DENSSALUD S.A.C.", "Clasificación": "CENTRO ODONTOLOGICO", "Tipo": "ESTABLECIMIENTO DE SALUD SIN INTERNAMIENTO", "Categoria": "I-1", "Estado": "ACTIVO", "CAMAS": 0.0, "fecha_info": "2026-03-09T00:00:00", "sububigeo": "15014200", "UBIGEO": "150142", "DISTRITO": "VILLA EL SALVADOR", "PROVINCIA": "LIMA", "DEPARTAMEN": "LIMA", "Zonas": "Todas Zonas", "tipo_influencia": "Directa", "abreviatura": "VES", "min_distance_m": null, "susc_inund_niv": "Medio", "susc_mmasa_niv": null, "susc_niv": "Medio", "canalC_niv": null, "exposicion_niv": "Medio" }, "geometry": { "type": "Point", "coordinates": [ -76.9387391, -12.2130506 ] } },
{ "type": "Feature", "properties": { "entity_id": "26571", "entity_type": "salud", "Nombre del establecimiento": "HEMOCENTER", "Clasificación": "PATOLOGIA CLINICA", "Tipo": "SERVICIO MÉDICO DE APOYO", "Categoria": "Sin Categoría", "Estado": "ACTIVO", "CAMAS": 0.0, "fecha_info": "2026-03-09T00:00:00", "sububigeo": "15014305", "UBIGEO": "150143", "DISTRITO": "VILLA MARIA DEL TRIUNFO", "PROVINCIA": "LIMA", "DEPARTAMEN": "LIMA", "Zonas": "Villa María del Triunfo (Cercado)", "tipo_influencia": "Directa", "abreviatura": "VMT", "min_distance_m": 376.83078785623621, "susc_inund_niv": null, "susc_mmasa_niv": "Alto", "susc_niv": "Alto", "canalC_niv": "Muy alto", "exposicion_niv": "Muy alto" }, "geometry": { "type": "Point", "coordinates": [ -76.93676811, -12.15562349 ] } },
{ "type": "Feature", "properties": { "entity_id": "30113", "entity_type": "salud", "Nombre del establecimiento": "FAMILYSMILE", "Clasificación": "CONSULTORIOS MEDICOS Y DE OTROS PROFESIONALES DE LA SALUD", "Tipo": "ESTABLECIMIENTO DE SALUD SIN INTERNAMIENTO", "Categoria": "I-1", "Estado": "BAJA DEFINITIVA", "CAMAS": 0.0, "fecha_info": "2026-03-09T00:00:00", "sububigeo": "15012304", "UBIGEO": "150123", "DISTRITO": "PACHACAMAC", "PROVINCIA": "LIMA", "DEPARTAMEN": "LIMA", "Zonas": "Quebrada de Manchay", "tipo_influencia": "Directa", "abreviatura": "PACH", "min_distance_m": null, "susc_inund_niv": "Medio", "susc_mmasa_niv": "Alto", "susc_niv": "Alto", "canalC_niv": null, "exposicion_niv": "Alto" }, "geometry": { "type": "Point", "coordinates": [ -76.87534041, -12.10661036 ] } },
{ "type": "Feature", "properties": { "entity_id": "27719", "entity_type": "salud", "Nombre del establecimiento": "CONSULTORIOS MEDICOS OASIS DE VILLA", "Clasificación": "CONSULTORIOS MEDICOS Y DE OTROS PROFESIONALES DE LA SALUD", "Tipo": "ESTABLECIMIENTO DE SALUD SIN INTERNAMIENTO", "Categoria": "I-2", "Estado": "ACTIVO", "CAMAS": 0.0, "fecha_info": "2026-03-09T00:00:00", "sububigeo": "15014200", "UBIGEO": "150142", "DISTRITO": "VILLA EL SALVADOR", "PROVINCIA": "LIMA", "DEPARTAMEN": "LIMA", "Zonas": "Todas Zonas", "tipo_influencia": "Directa", "abreviatura": "VES", "min_distance_m": null, "susc_inund_niv": "Medio", "susc_mmasa_niv": null, "susc_niv": "Medio", "canalC_niv": null, "exposicion_niv": "Medio" }, "geometry": { "type": "Point", "coordinates": [ -76.93203309, -12.24049291 ] } },
{ "type": "Feature", "properties": { "entity_id": "27232", "entity_type": "salud", "Nombre del establecimiento": "SERVICIOS MEDICOS ADN", "Clasificación": "POLICLINICOS", "Tipo": "ESTABLECIMIENTO DE SALUD SIN INTERNAMIENTO", "Categoria": "I-3", "Estado": "ACTIVO", "CAMAS": 0.0, "fecha_info": "2026-03-09T00:00:00", "sububigeo": "15014200", "UBIGEO": "150142", "DISTRITO": "VILLA EL SALVADOR", "PROVINCIA": "LIMA", "DEPARTAMEN": "LIMA", "Zonas": "Todas Zonas", "tipo_influencia": "Directa", "abreviatura": "VES", "min_distance_m": null, "susc_inund_niv": "Medio", "susc_mmasa_niv": null, "susc_niv": "Medio", "canalC_niv": null, "exposicion_niv": "Medio" }, "geometry": { "type": "Point", "coordinates": [ -76.95247152, -12.20740302 ] } },
{ "type": "Feature", "properties": { "entity_id": "32095", "entity_type": "salud", "Nombre del establecimiento": "PEDIATRICKS", "Clasificación": "CONSULTORIOS MEDICOS Y DE OTROS PROFESIONALES DE LA SALUD", "Tipo": "ESTABLECIMIENTO DE SALUD SIN INTERNAMIENTO", "Categoria": "I-2", "Estado": "BAJA DEFINITIVA", "CAMAS": 0.0, "fecha_info": "2026-03-09T00:00:00", "sububigeo": "15014307", "UBIGEO": "150143", "DISTRITO": "VILLA MARIA DEL TRIUNFO", "PROVINCIA": "LIMA", "DEPARTAMEN": "LIMA", "Zonas": "Villa Poeta José Gálvez", "tipo_influencia": "Directa", "abreviatura": "VMT", "min_distance_m": 1080.9766817768809, "susc_inund_niv": "Medio", "susc_mmasa_niv": null, "susc_niv": "Medio", "canalC_niv": "Muy alto", "exposicion_niv": "Muy alto" }, "geometry": { "type": "Point", "coordinates": [ -76.9061955, -12.20750827 ] } },
{ "type": "Feature", "properties": { "entity_id": "32900", "entity_type": "salud", "Nombre del establecimiento": "ODONTALYS VILLA EL SALVADOR", "Clasificación": "CONSULTORIOS MEDICOS Y DE OTROS PROFESIONALES DE LA SALUD", "Tipo": "ESTABLECIMIENTO DE SALUD SIN INTERNAMIENTO", "Categoria": "I-1", "Estado": "ACTIVO", "CAMAS": 0.0, "fecha_info": "2026-03-09T00:00:00", "sububigeo": "15014200", "UBIGEO": "150142", "DISTRITO": "VILLA EL SALVADOR", "PROVINCIA": "LIMA", "DEPARTAMEN": "LIMA", "Zonas": "Todas Zonas", "tipo_influencia": "Directa", "abreviatura": "VES", "min_distance_m": 933.43685247970154, "susc_inund_niv": "Medio", "susc_mmasa_niv": null, "susc_niv": "Medio", "canalC_niv": "Muy alto", "exposicion_niv": "Muy alto" }, "geometry": { "type": "Point", "coordinates": [ -76.9158358, -12.2319607 ] } },
{ "type": "Feature", "properties": { "entity_id": "32072", "entity_type": "salud", "Nombre del establecimiento": "DENTKOZ", "Clasificación": "CONSULTORIOS MEDICOS Y DE OTROS PROFESIONALES DE LA SALUD", "Tipo": "ESTABLECIMIENTO DE SALUD SIN INTERNAMIENTO", "Categoria": "I-1", "Estado": "ACTIVO", "CAMAS": 0.0, "fecha_info": "2026-03-09T00:00:00", "sububigeo": "15013300", "UBIGEO": "150133", "DISTRITO": "SAN JUAN DE MIRAFLORES", "PROVINCIA": "LIMA", "DEPARTAMEN": "LIMA", "Zonas": "Todas Zonas", "tipo_influencia": "Indirecta", "abreviatura": "SJM", "min_distance_m": 1268.7491543843657, "susc_inund_niv": "Medio", "susc_mmasa_niv": "Alto", "susc_niv": "Alto", "canalC_niv": "Muy alto", "exposicion_niv": "Muy alto" }, "geometry": { "type": "Point", "coordinates": [ -76.95810801, -12.13333809 ] } },
{ "type": "Feature", "properties": { "entity_id": "33222", "entity_type": "salud", "Nombre del establecimiento": "CONSULTORIO MEDICO DR ROMAN", "Clasificación": "CONSULTORIOS MEDICOS Y DE OTROS PROFESIONALES DE LA SALUD", "Tipo": "ESTABLECIMIENTO DE SALUD SIN INTERNAMIENTO", "Categoria": "I-2", "Estado": "ACTIVO", "CAMAS": 0.0, "fecha_info": "2026-03-09T00:00:00", "sububigeo": "15014200", "UBIGEO": "150142", "DISTRITO": "VILLA EL SALVADOR", "PROVINCIA": "LIMA", "DEPARTAMEN": "LIMA", "Zonas": "Todas Zonas", "tipo_influencia": "Directa", "abreviatura": "VES", "min_distance_m": null, "susc_inund_niv": "Medio", "susc_mmasa_niv": null, "susc_niv": "Medio", "canalC_niv": null, "exposicion_niv": "Medio" }, "geometry": { "type": "Point", "coordinates": [ -76.933337, -12.2159421 ] } },
{ "type": "Feature", "properties": { "entity_id": "33216", "entity_type": "salud", "Nombre del establecimiento": "consultorio dental bluedent", "Clasificación": "CONSULTORIOS MEDICOS Y DE OTROS PROFESIONALES DE LA SALUD", "Tipo": "ESTABLECIMIENTO DE SALUD SIN INTERNAMIENTO", "Categoria": "I-1", "Estado": "ACTIVO", "CAMAS": 0.0, "fecha_info": "2026-03-09T00:00:00", "sububigeo": "15014200", "UBIGEO": "150142", "DISTRITO": "VILLA EL SALVADOR", "PROVINCIA": "LIMA", "DEPARTAMEN": "LIMA", "Zonas": "Todas Zonas", "tipo_influencia": "Directa", "abreviatura": "VES", "min_distance_m": null, "susc_inund_niv": "Medio", "susc_mmasa_niv": null, "susc_niv": "Medio", "canalC_niv": null, "exposicion_niv": "Medio" }, "geometry": { "type": "Point", "coordinates": [ -76.9415442, -12.2162218 ] } },
{ "type": "Feature", "properties": { "entity_id": "32351", "entity_type": "salud", "Nombre del establecimiento": "CONSULTORIOS MEDICOS WCH LA SANTE EIRL", "Clasificación": "CONSULTORIOS MEDICOS Y DE OTROS PROFESIONALES DE LA SALUD", "Tipo": "ESTABLECIMIENTO DE SALUD SIN INTERNAMIENTO", "Categoria": "I-2", "Estado": "ACTIVO", "CAMAS": 0.0, "fecha_info": "2026-03-09T00:00:00", "sububigeo": "15014200", "UBIGEO": "150142", "DISTRITO": "VILLA EL SALVADOR", "PROVINCIA": "LIMA", "DEPARTAMEN": "LIMA", "Zonas": "Todas Zonas", "tipo_influencia": "Directa", "abreviatura": "VES", "min_distance_m": 1894.5565606105301, "susc_inund_niv": "Medio", "susc_mmasa_niv": null, "susc_niv": "Medio", "canalC_niv": "Muy alto", "exposicion_niv": "Muy alto" }, "geometry": { "type": "Point", "coordinates": [ -76.93840183, -12.2108994 ] } },
{ "type": "Feature", "properties": { "entity_id": "31890", "entity_type": "salud", "Nombre del establecimiento": "CREDI DENT", "Clasificación": "CONSULTORIOS MEDICOS Y DE OTROS PROFESIONALES DE LA SALUD", "Tipo": "ESTABLECIMIENTO DE SALUD SIN INTERNAMIENTO", "Categoria": "I-1", "Estado": "ACTIVO", "CAMAS": 0.0, "fecha_info": "2026-03-09T00:00:00", "sububigeo": "15013300", "UBIGEO": "150133", "DISTRITO": "SAN JUAN DE MIRAFLORES", "PROVINCIA": "LIMA", "DEPARTAMEN": "LIMA", "Zonas": "Todas Zonas", "tipo_influencia": "Indirecta", "abreviatura": "SJM", "min_distance_m": 1794.2252919084797, "susc_inund_niv": "Medio", "susc_mmasa_niv": null, "susc_niv": "Medio", "canalC_niv": "Muy alto", "exposicion_niv": "Muy alto" }, "geometry": { "type": "Point", "coordinates": [ -76.9708319, -12.1546257 ] } },
{ "type": "Feature", "properties": { "entity_id": "30132", "entity_type": "salud", "Nombre del establecimiento": "CONSULTORIO ODONTOLOGICO \"MAYAUTE\"", "Clasificación": "CONSULTORIOS MEDICOS Y DE OTROS PROFESIONALES DE LA SALUD", "Tipo": "ESTABLECIMIENTO DE SALUD SIN INTERNAMIENTO", "Categoria": "I-1", "Estado": "ACTIVO", "CAMAS": 0.0, "fecha_info": "2026-03-09T00:00:00", "sububigeo": "15013300", "UBIGEO": "150133", "DISTRITO": "SAN JUAN DE MIRAFLORES", "PROVINCIA": "LIMA", "DEPARTAMEN": "LIMA", "Zonas": "Todas Zonas", "tipo_influencia": "Indirecta", "abreviatura": "SJM", "min_distance_m": 1934.0977326262296, "susc_inund_niv": null, "susc_mmasa_niv": null, "susc_niv": null, "canalC_niv": "Muy alto", "exposicion_niv": "Muy alto" }, "geometry": { "type": "Point", "coordinates": [ -76.9729105, -12.1564584 ] } },
{ "type": "Feature", "properties": { "entity_id": "30665", "entity_type": "salud", "Nombre del establecimiento": "MENTO DENT E.I.R.L.", "Clasificación": "CONSULTORIOS MEDICOS Y DE OTROS PROFESIONALES DE LA SALUD", "Tipo": "ESTABLECIMIENTO DE SALUD SIN INTERNAMIENTO", "Categoria": "I-1", "Estado": "ACTIVO", "CAMAS": 0.0, "fecha_info": "2026-03-09T00:00:00", "sububigeo": "15014200", "UBIGEO": "150142", "DISTRITO": "VILLA EL SALVADOR", "PROVINCIA": "LIMA", "DEPARTAMEN": "LIMA", "Zonas": "Todas Zonas", "tipo_influencia": "Directa", "abreviatura": "VES", "min_distance_m": null, "susc_inund_niv": "Medio", "susc_mmasa_niv": null, "susc_niv": "Medio", "canalC_niv": null, "exposicion_niv": "Medio" }, "geometry": { "type": "Point", "coordinates": [ -76.9416006, -12.217995 ] } },
{ "type": "Feature", "properties": { "entity_id": "28594", "entity_type": "salud", "Nombre del establecimiento": "Luz Teresa Pereda Carbajal", "Clasificación": "CONSULTORIOS MEDICOS Y DE OTROS PROFESIONALES DE LA SALUD", "Tipo": "ESTABLECIMIENTO DE SALUD SIN INTERNAMIENTO", "Categoria": "I-1", "Estado": "ACTIVO", "CAMAS": 0.0, "fecha_info": "2026-03-09T00:00:00", "sububigeo": "15014200", "UBIGEO": "150142", "DISTRITO": "VILLA EL SALVADOR", "PROVINCIA": "LIMA", "DEPARTAMEN": "LIMA", "Zonas": "Todas Zonas", "tipo_influencia": "Directa", "abreviatura": "VES", "min_distance_m": 1557.2576280333731, "susc_inund_niv": "Medio", "susc_mmasa_niv": null, "susc_niv": "Medio", "canalC_niv": "Muy alto", "exposicion_niv": "Muy alto" }, "geometry": { "type": "Point", "coordinates": [ -76.9219017, -12.231935 ] } },
{ "type": "Feature", "properties": { "entity_id": "19759", "entity_type": "salud", "Nombre del establecimiento": "CONSULTORIO DENTAL MEDIFE", "Clasificación": "CONSULTORIOS MEDICOS Y DE OTROS PROFESIONALES DE LA SALUD", "Tipo": "ESTABLECIMIENTO DE SALUD SIN INTERNAMIENTO", "Categoria": "I-1", "Estado": "ACTIVO", "CAMAS": 0.0, "fecha_info": "2026-03-09T00:00:00", "sububigeo": "15012304", "UBIGEO": "150123", "DISTRITO": "PACHACAMAC", "PROVINCIA": "LIMA", "DEPARTAMEN": "LIMA", "Zonas": "Quebrada de Manchay", "tipo_influencia": "Directa", "abreviatura": "PACH", "min_distance_m": null, "susc_inund_niv": "Medio", "susc_mmasa_niv": "Alto", "susc_niv": "Alto", "canalC_niv": null, "exposicion_niv": "Alto" }, "geometry": { "type": "Point", "coordinates": [ -76.8724101, -12.1243411 ] } },
{ "type": "Feature", "properties": { "entity_id": "28621", "entity_type": "salud", "Nombre del establecimiento": "CONSULTORIO MEDICO CONTRERAS", "Clasificación": "CONSULTORIOS MEDICOS Y DE OTROS PROFESIONALES DE LA SALUD", "Tipo": "ESTABLECIMIENTO DE SALUD SIN INTERNAMIENTO", "Categoria": "I-2", "Estado": "ACTIVO", "CAMAS": 0.0, "fecha_info": "2026-03-09T00:00:00", "sububigeo": "15014303", "UBIGEO": "150143", "DISTRITO": "VILLA MARIA DEL TRIUNFO", "PROVINCIA": "LIMA", "DEPARTAMEN": "LIMA", "Zonas": "Jose Carlos Mariategui", "tipo_influencia": "Directa", "abreviatura": "VMT", "min_distance_m": 175.80733269004659, "susc_inund_niv": "Medio", "susc_mmasa_niv": "Alto", "susc_niv": "Alto", "canalC_niv": "Muy alto", "exposicion_niv": "Muy alto" }, "geometry": { "type": "Point", "coordinates": [ -76.9512905, -12.1509902 ] } },
{ "type": "Feature", "properties": { "entity_id": "29911", "entity_type": "salud", "Nombre del establecimiento": "DENTAL STAR", "Clasificación": "CONSULTORIOS MEDICOS Y DE OTROS PROFESIONALES DE LA SALUD", "Tipo": "ESTABLECIMIENTO DE SALUD SIN INTERNAMIENTO", "Categoria": "I-1", "Estado": "CIERRE TEMPORAL DE OFICIO", "CAMAS": 0.0, "fecha_info": "2026-03-09T00:00:00", "sububigeo": "15011900", "UBIGEO": "150119", "DISTRITO": "LURIN", "PROVINCIA": "LIMA", "DEPARTAMEN": "LIMA", "Zonas": "Todas Zonas", "tipo_influencia": "Directa", "abreviatura": "LUR", "min_distance_m": null, "susc_inund_niv": null, "susc_mmasa_niv": null, "susc_niv": null, "canalC_niv": null, "exposicion_niv": null }, "geometry": { "type": "Point", "coordinates": [ -76.870371600000013, -12.2746393 ] } },
{ "type": "Feature", "properties": { "entity_id": "6151", "entity_type": "salud", "Nombre del establecimiento": "CENTRO MATERNO INFANTIL VILLA MARIA DEL TRIUNFO", "Clasificación": "CENTROS DE SALUD CON CAMAS DE INTERNAMIENTO", "Tipo": "ESTABLECIMIENTO DE SALUD CON INTERNAMIENTO", "Categoria": "I-4", "Estado": "ACTIVO", "CAMAS": 3.0, "fecha_info": "2026-03-09T00:00:00", "sububigeo": "15014305", "UBIGEO": "150143", "DISTRITO": "VILLA MARIA DEL TRIUNFO", "PROVINCIA": "LIMA", "DEPARTAMEN": "LIMA", "Zonas": "Villa María del Triunfo (Cercado)", "tipo_influencia": "Directa", "abreviatura": "VMT", "min_distance_m": 388.85784598115077, "susc_inund_niv": null, "susc_mmasa_niv": null, "susc_niv": null, "canalC_niv": "Muy alto", "exposicion_niv": "Muy alto" }, "geometry": { "type": "Point", "coordinates": [ -76.9365017, -12.1569104 ] } },
{ "type": "Feature", "properties": { "entity_id": "27398", "entity_type": "salud", "Nombre del establecimiento": "CONSULTORIO ODONTOLÓGICO ANIDENT", "Clasificación": "CONSULTORIOS MEDICOS Y DE OTROS PROFESIONALES DE LA SALUD", "Tipo": "ESTABLECIMIENTO DE SALUD SIN INTERNAMIENTO", "Categoria": "I-1", "Estado": "ACTIVO", "CAMAS": 0.0, "fecha_info": "2026-03-09T00:00:00", "sububigeo": "15011900", "UBIGEO": "150119", "DISTRITO": "LURIN", "PROVINCIA": "LIMA", "DEPARTAMEN": "LIMA", "Zonas": "Todas Zonas", "tipo_influencia": "Directa", "abreviatura": "LUR", "min_distance_m": null, "susc_inund_niv": null, "susc_mmasa_niv": null, "susc_niv": null, "canalC_niv": null, "exposicion_niv": null }, "geometry": { "type": "Point", "coordinates": [ -76.870644080000019, -12.27492956 ] } },
{ "type": "Feature", "properties": { "entity_id": "33875", "entity_type": "salud", "Nombre del establecimiento": "CONS. DENTAL GRUPO ARECORD", "Clasificación": "CONSULTORIOS MEDICOS Y DE OTROS PROFESIONALES DE LA SALUD", "Tipo": "ESTABLECIMIENTO DE SALUD SIN INTERNAMIENTO", "Categoria": "I-1", "Estado": "ACTIVO", "CAMAS": 0.0, "fecha_info": "2026-03-09T00:00:00", "sububigeo": "15011900", "UBIGEO": "150119", "DISTRITO": "LURIN", "PROVINCIA": "LIMA", "DEPARTAMEN": "LIMA", "Zonas": "Todas Zonas", "tipo_influencia": "Directa", "abreviatura": "LUR", "min_distance_m": 1382.1795989787925, "susc_inund_niv": "Medio", "susc_mmasa_niv": null, "susc_niv": "Medio", "canalC_niv": "Alto", "exposicion_niv": "Alto" }, "geometry": { "type": "Point", "coordinates": [ -76.8028933, -12.2313471 ] } },
{ "type": "Feature", "properties": { "entity_id": "531", "entity_type": "salud", "Nombre del establecimiento": "INCACHACA YANAMACHAY", "Clasificación": "PUESTOS DE SALUD O POSTAS DE SALUD", "Tipo": "ESTABLECIMIENTO DE SALUD SIN INTERNAMIENTO", "Categoria": "I-1", "Estado": "ACTIVO", "CAMAS": 0.0, "fecha_info": "2026-03-09T00:00:00", "sububigeo": "12070700", "UBIGEO": "120707", "DISTRITO": "PALCAMAYO", "PROVINCIA": "TARMA", "DEPARTAMEN": "JUNIN", "Zonas": "Todas Zonas", "tipo_influencia": "Indirecta", "abreviatura": "PLM", "min_distance_m": null, "susc_inund_niv": null, "susc_mmasa_niv": null, "susc_niv": null, "canalC_niv": null, "exposicion_niv": null }, "geometry": { "type": "Point", "coordinates": [ -75.8250618, -11.31685674 ] } },
{ "type": "Feature", "properties": { "entity_id": "19646", "entity_type": "salud", "Nombre del establecimiento": "C. DENTAL SAN ISIDRO", "Clasificación": "CONSULTORIOS MEDICOS Y DE OTROS PROFESIONALES DE LA SALUD", "Tipo": "ESTABLECIMIENTO DE SALUD SIN INTERNAMIENTO", "Categoria": "I-1", "Estado": "ACTIVO", "CAMAS": 0.0, "fecha_info": "2026-03-09T00:00:00", "sububigeo": "15012301", "UBIGEO": "150123", "DISTRITO": "PACHACAMAC", "PROVINCIA": "LIMA", "DEPARTAMEN": "LIMA", "Zonas": "Pachacamac histórico", "tipo_influencia": "Directa", "abreviatura": "PACH", "min_distance_m": 1805.129719397183, "susc_inund_niv": "Medio", "susc_mmasa_niv": null, "susc_niv": "Medio", "canalC_niv": "Muy alto", "exposicion_niv": "Muy alto" }, "geometry": { "type": "Point", "coordinates": [ -76.86082, -12.2276615 ] } },
{ "type": "Feature", "properties": { "entity_id": "18985", "entity_type": "salud", "Nombre del establecimiento": "CLINICA SANTA MARTHA DEL SUR", "Clasificación": "HOSPITALES O CLINICAS DE ATENCION GENERAL", "Tipo": "ESTABLECIMIENTO DE SALUD CON INTERNAMIENTO", "Categoria": "II-2", "Estado": "ACTIVO", "CAMAS": 0.0, "fecha_info": "2026-03-09T00:00:00", "sububigeo": "15013300", "UBIGEO": "150133", "DISTRITO": "SAN JUAN DE MIRAFLORES", "PROVINCIA": "LIMA", "DEPARTAMEN": "LIMA", "Zonas": "Todas Zonas", "tipo_influencia": "Indirecta", "abreviatura": "SJM", "min_distance_m": 1034.8372754677534, "susc_inund_niv": "Medio", "susc_mmasa_niv": null, "susc_niv": "Medio", "canalC_niv": "Muy alto", "exposicion_niv": "Muy alto" }, "geometry": { "type": "Point", "coordinates": [ -76.965251200000012, -12.1630853 ] } },
{ "type": "Feature", "properties": { "entity_id": "29635", "entity_type": "salud", "Nombre del establecimiento": "CONSULTORIO MEDICO MEDICAL BIOLOGY", "Clasificación": "CONSULTORIOS MEDICOS Y DE OTROS PROFESIONALES DE LA SALUD", "Tipo": "ESTABLECIMIENTO DE SALUD SIN INTERNAMIENTO", "Categoria": "I-2", "Estado": "ACTIVO", "CAMAS": 0.0, "fecha_info": "2026-03-09T00:00:00", "sububigeo": "15011900", "UBIGEO": "150119", "DISTRITO": "LURIN", "PROVINCIA": "LIMA", "DEPARTAMEN": "LIMA", "Zonas": "Todas Zonas", "tipo_influencia": "Directa", "abreviatura": "LUR", "min_distance_m": null, "susc_inund_niv": null, "susc_mmasa_niv": null, "susc_niv": null, "canalC_niv": null, "exposicion_niv": null }, "geometry": { "type": "Point", "coordinates": [ -76.86714576, -12.27408701 ] } },
{ "type": "Feature", "properties": { "entity_id": "24711", "entity_type": "salud", "Nombre del establecimiento": "CONSULTORIO DENTAL SAN ANDRÉS CENTRAL", "Clasificación": "CONSULTORIOS MEDICOS Y DE OTROS PROFESIONALES DE LA SALUD", "Tipo": "ESTABLECIMIENTO DE SALUD SIN INTERNAMIENTO", "Categoria": "I-1", "Estado": "ACTIVO", "CAMAS": 0.0, "fecha_info": "2026-03-09T00:00:00", "sububigeo": "15014200", "UBIGEO": "150142", "DISTRITO": "VILLA EL SALVADOR", "PROVINCIA": "LIMA", "DEPARTAMEN": "LIMA", "Zonas": "Todas Zonas", "tipo_influencia": "Directa", "abreviatura": "VES", "min_distance_m": null, "susc_inund_niv": "Medio", "susc_mmasa_niv": null, "susc_niv": "Medio", "canalC_niv": null, "exposicion_niv": "Medio" }, "geometry": { "type": "Point", "coordinates": [ -76.93607635, -12.21383025 ] } },
{ "type": "Feature", "properties": { "entity_id": "14687", "entity_type": "salud", "Nombre del establecimiento": "POLICLINICO BAZAN", "Clasificación": "POLICLINICOS", "Tipo": "ESTABLECIMIENTO DE SALUD SIN INTERNAMIENTO", "Categoria": "I-3", "Estado": "ACTIVO", "CAMAS": 0.0, "fecha_info": "2026-03-09T00:00:00", "sububigeo": "15013300", "UBIGEO": "150133", "DISTRITO": "SAN JUAN DE MIRAFLORES", "PROVINCIA": "LIMA", "DEPARTAMEN": "LIMA", "Zonas": "Todas Zonas", "tipo_influencia": "Indirecta", "abreviatura": "SJM", "min_distance_m": 390.75211179803352, "susc_inund_niv": "Medio", "susc_mmasa_niv": null, "susc_niv": "Medio", "canalC_niv": "Muy alto", "exposicion_niv": "Muy alto" }, "geometry": { "type": "Point", "coordinates": [ -76.9594188, -12.1608301 ] } },
{ "type": "Feature", "properties": { "entity_id": "15389", "entity_type": "salud", "Nombre del establecimiento": "C. M. CLINIMED", "Clasificación": "POLICLINICOS", "Tipo": "ESTABLECIMIENTO DE SALUD SIN INTERNAMIENTO", "Categoria": "I-3", "Estado": "ACTIVO", "CAMAS": 0.0, "fecha_info": "2026-03-09T00:00:00", "sububigeo": "15014200", "UBIGEO": "150142", "DISTRITO": "VILLA EL SALVADOR", "PROVINCIA": "LIMA", "DEPARTAMEN": "LIMA", "Zonas": "Todas Zonas", "tipo_influencia": "Directa", "abreviatura": "VES", "min_distance_m": 1801.0393839649491, "susc_inund_niv": "Medio", "susc_mmasa_niv": null, "susc_niv": "Medio", "canalC_niv": "Muy alto", "exposicion_niv": "Muy alto" }, "geometry": { "type": "Point", "coordinates": [ -76.9350233, -12.2109819 ] } },
{ "type": "Feature", "properties": { "entity_id": "18021", "entity_type": "salud", "Nombre del establecimiento": "SERMED SAC", "Clasificación": "CONSULTORIOS MEDICOS Y DE OTROS PROFESIONALES DE LA SALUD", "Tipo": "ESTABLECIMIENTO DE SALUD SIN INTERNAMIENTO", "Categoria": "I-2", "Estado": "ACTIVO", "CAMAS": 0.0, "fecha_info": "2026-03-09T00:00:00", "sububigeo": "15013300", "UBIGEO": "150133", "DISTRITO": "SAN JUAN DE MIRAFLORES", "PROVINCIA": "LIMA", "DEPARTAMEN": "LIMA", "Zonas": "Todas Zonas", "tipo_influencia": "Indirecta", "abreviatura": "SJM", "min_distance_m": 372.58686210611864, "susc_inund_niv": "Medio", "susc_mmasa_niv": null, "susc_niv": "Medio", "canalC_niv": "Muy alto", "exposicion_niv": "Muy alto" }, "geometry": { "type": "Point", "coordinates": [ -76.95915644, -12.16046719 ] } },
{ "type": "Feature", "properties": { "entity_id": "27961", "entity_type": "salud", "Nombre del establecimiento": "DESIGN ATELIER ORAL", "Clasificación": "CONSULTORIOS MEDICOS Y DE OTROS PROFESIONALES DE LA SALUD", "Tipo": "ESTABLECIMIENTO DE SALUD SIN INTERNAMIENTO", "Categoria": "I-1", "Estado": "BAJA DEFINITIVA", "CAMAS": 0.0, "fecha_info": "2026-03-09T00:00:00", "sububigeo": "15013300", "UBIGEO": "150133", "DISTRITO": "SAN JUAN DE MIRAFLORES", "PROVINCIA": "LIMA", "DEPARTAMEN": "LIMA", "Zonas": "Todas Zonas", "tipo_influencia": "Indirecta", "abreviatura": "SJM", "min_distance_m": 1795.0478529378829, "susc_inund_niv": "Medio", "susc_mmasa_niv": null, "susc_niv": "Medio", "canalC_niv": "Muy alto", "exposicion_niv": "Muy alto" }, "geometry": { "type": "Point", "coordinates": [ -76.97081, -12.1545621 ] } },
{ "type": "Feature", "properties": { "entity_id": "25951", "entity_type": "salud", "Nombre del establecimiento": "MEDIC CENTER VILLA", "Clasificación": "POLICLINICOS", "Tipo": "ESTABLECIMIENTO DE SALUD SIN INTERNAMIENTO", "Categoria": "I-3", "Estado": "ACTIVO", "CAMAS": 0.0, "fecha_info": "2026-03-09T00:00:00", "sububigeo": "15014302", "UBIGEO": "150143", "DISTRITO": "VILLA MARIA DEL TRIUNFO", "PROVINCIA": "LIMA", "DEPARTAMEN": "LIMA", "Zonas": "Nuevo Milenio", "tipo_influencia": "Directa", "abreviatura": "VMT", "min_distance_m": 1393.7379070498362, "susc_inund_niv": null, "susc_mmasa_niv": null, "susc_niv": null, "canalC_niv": "Muy alto", "exposicion_niv": "Muy alto" }, "geometry": { "type": "Point", "coordinates": [ -76.9207671, -12.215341 ] } },
{ "type": "Feature", "properties": { "entity_id": "13012", "entity_type": "salud", "Nombre del establecimiento": "CENTRO DE ATENCIÓN PRIMARIA III SAN JUAN DE MIRAFLORES", "Clasificación": "POLICLINICOS", "Tipo": "ESTABLECIMIENTO DE SALUD SIN INTERNAMIENTO", "Categoria": "I-3", "Estado": "ACTIVO", "CAMAS": 0.0, "fecha_info": "2026-03-09T00:00:00", "sububigeo": "15013300", "UBIGEO": "150133", "DISTRITO": "SAN JUAN DE MIRAFLORES", "PROVINCIA": "LIMA", "DEPARTAMEN": "LIMA", "Zonas": "Todas Zonas", "tipo_influencia": "Indirecta", "abreviatura": "SJM", "min_distance_m": 1488.2276816028707, "susc_inund_niv": "Medio", "susc_mmasa_niv": null, "susc_niv": "Medio", "canalC_niv": "Muy alto", "exposicion_niv": "Muy alto" }, "geometry": { "type": "Point", "coordinates": [ -76.9692522, -12.1643037 ] } },
{ "type": "Feature", "properties": { "entity_id": "26286", "entity_type": "salud", "Nombre del establecimiento": "POLICLINICO VIDA & SALUD J.A.L.", "Clasificación": "POLICLINICOS", "Tipo": "ESTABLECIMIENTO DE SALUD SIN INTERNAMIENTO", "Categoria": "I-3", "Estado": "BAJA PROVISIONAL", "CAMAS": 0.0, "fecha_info": "2026-03-09T00:00:00", "sububigeo": "15014307", "UBIGEO": "150143", "DISTRITO": "VILLA MARIA DEL TRIUNFO", "PROVINCIA": "LIMA", "DEPARTAMEN": "LIMA", "Zonas": "Villa Poeta José Gálvez", "tipo_influencia": "Directa", "abreviatura": "VMT", "min_distance_m": 317.28748962085047, "susc_inund_niv": "Medio", "susc_mmasa_niv": null, "susc_niv": "Medio", "canalC_niv": "Muy alto", "exposicion_niv": "Muy alto" }, "geometry": { "type": "Point", "coordinates": [ -76.9097583, -12.2307601 ] } },
{ "type": "Feature", "properties": { "entity_id": "6125", "entity_type": "salud", "Nombre del establecimiento": "CENTRO DE SALUD SAN MARTIN DE PORRES", "Clasificación": "CENTROS DE SALUD O CENTROS MEDICOS", "Tipo": "ESTABLECIMIENTO DE SALUD SIN INTERNAMIENTO", "Categoria": "I-3", "Estado": "BAJA PROVISIONAL", "CAMAS": 0.0, "fecha_info": "2026-03-09T00:00:00", "sububigeo": "15014200", "UBIGEO": "150142", "DISTRITO": "VILLA EL SALVADOR", "PROVINCIA": "LIMA", "DEPARTAMEN": "LIMA", "Zonas": "Todas Zonas", "tipo_influencia": "Directa", "abreviatura": "VES", "min_distance_m": null, "susc_inund_niv": "Medio", "susc_mmasa_niv": null, "susc_niv": "Medio", "canalC_niv": null, "exposicion_niv": "Medio" }, "geometry": { "type": "Point", "coordinates": [ -76.9391561, -12.2120117 ] } },
{ "type": "Feature", "properties": { "entity_id": "27399", "entity_type": "salud", "Nombre del establecimiento": "HAPPY SMILE", "Clasificación": "CONSULTORIOS MEDICOS Y DE OTROS PROFESIONALES DE LA SALUD", "Tipo": "ESTABLECIMIENTO DE SALUD SIN INTERNAMIENTO", "Categoria": "I-1", "Estado": "ACTIVO", "CAMAS": 0.0, "fecha_info": "2026-03-09T00:00:00", "sububigeo": "15013300", "UBIGEO": "150133", "DISTRITO": "SAN JUAN DE MIRAFLORES", "PROVINCIA": "LIMA", "DEPARTAMEN": "LIMA", "Zonas": "Todas Zonas", "tipo_influencia": "Indirecta", "abreviatura": "SJM", "min_distance_m": 1915.4469957716326, "susc_inund_niv": null, "susc_mmasa_niv": null, "susc_niv": null, "canalC_niv": "Muy alto", "exposicion_niv": "Muy alto" }, "geometry": { "type": "Point", "coordinates": [ -76.972263600000019, -12.1551319 ] } },
{ "type": "Feature", "properties": { "entity_id": "10714", "entity_type": "salud", "Nombre del establecimiento": "NEFROLOGICO VILLASUR", "Clasificación": "HEMODIALISIS", "Tipo": "SERVICIO MÉDICO DE APOYO", "Categoria": "Sin Categoría", "Estado": "ACTIVO", "CAMAS": 0.0, "fecha_info": "2026-03-09T00:00:00", "sububigeo": "15014304", "UBIGEO": "150143", "DISTRITO": "VILLA MARIA DEL TRIUNFO", "PROVINCIA": "LIMA", "DEPARTAMEN": "LIMA", "Zonas": "Nueva Esperanza", "tipo_influencia": "Directa", "abreviatura": "VMT", "min_distance_m": 466.3524777365725, "susc_inund_niv": null, "susc_mmasa_niv": null, "susc_niv": null, "canalC_niv": "Muy alto", "exposicion_niv": "Muy alto" }, "geometry": { "type": "Point", "coordinates": [ -76.9201161, -12.1675125 ] } },
{ "type": "Feature", "properties": { "entity_id": "23730", "entity_type": "salud", "Nombre del establecimiento": "SERVIMEDIC LABORATORIO Y SERVICIOS SAC", "Clasificación": "POLICLINICOS", "Tipo": "ESTABLECIMIENTO DE SALUD SIN INTERNAMIENTO", "Categoria": "I-3", "Estado": "ACTIVO", "CAMAS": 0.0, "fecha_info": "2026-03-09T00:00:00", "sububigeo": "15014200", "UBIGEO": "150142", "DISTRITO": "VILLA EL SALVADOR", "PROVINCIA": "LIMA", "DEPARTAMEN": "LIMA", "Zonas": "Todas Zonas", "tipo_influencia": "Directa", "abreviatura": "VES", "min_distance_m": null, "susc_inund_niv": "Medio", "susc_mmasa_niv": "Muy alto", "susc_niv": "Muy alto", "canalC_niv": null, "exposicion_niv": "Muy alto" }, "geometry": { "type": "Point", "coordinates": [ -76.9558794, -12.2368768 ] } },
{ "type": "Feature", "properties": { "entity_id": "6096", "entity_type": "salud", "Nombre del establecimiento": "PUESTO DE SALUD GUAYABO", "Clasificación": "PUESTOS DE SALUD O POSTAS DE SALUD", "Tipo": "ESTABLECIMIENTO DE SALUD SIN INTERNAMIENTO", "Categoria": "I-2", "Estado": "ACTIVO", "CAMAS": 0.0, "fecha_info": "2026-03-09T00:00:00", "sububigeo": "15012302", "UBIGEO": "150123", "DISTRITO": "PACHACAMAC", "PROVINCIA": "LIMA", "DEPARTAMEN": "LIMA", "Zonas": "Centro Poblados Rurales", "tipo_influencia": "Directa", "abreviatura": "PACH", "min_distance_m": 678.22744205070444, "susc_inund_niv": null, "susc_mmasa_niv": "Alto", "susc_niv": "Alto", "canalC_niv": "Muy alto", "exposicion_niv": "Muy alto" }, "geometry": { "type": "Point", "coordinates": [ -76.8730961, -12.1989006 ] } },
{ "type": "Feature", "properties": { "entity_id": "25026", "entity_type": "salud", "Nombre del establecimiento": "ODONTO ESTHETIC", "Clasificación": "CONSULTORIOS MEDICOS Y DE OTROS PROFESIONALES DE LA SALUD", "Tipo": "ESTABLECIMIENTO DE SALUD SIN INTERNAMIENTO", "Categoria": "I-1", "Estado": "CIERRE TEMPORAL DE OFICIO", "CAMAS": 0.0, "fecha_info": "2026-03-09T00:00:00", "sububigeo": "15014200", "UBIGEO": "150142", "DISTRITO": "VILLA EL SALVADOR", "PROVINCIA": "LIMA", "DEPARTAMEN": "LIMA", "Zonas": "Todas Zonas", "tipo_influencia": "Directa", "abreviatura": "VES", "min_distance_m": 1507.4252436088386, "susc_inund_niv": "Medio", "susc_mmasa_niv": null, "susc_niv": "Medio", "canalC_niv": "Muy alto", "exposicion_niv": "Muy alto" }, "geometry": { "type": "Point", "coordinates": [ -76.9421282, -12.2042637 ] } },
{ "type": "Feature", "properties": { "entity_id": "25014", "entity_type": "salud", "Nombre del establecimiento": "Servicios Oftalmológicos y Ópticos Pareja", "Clasificación": "CONSULTORIOS MEDICOS Y DE OTROS PROFESIONALES DE LA SALUD", "Tipo": "ESTABLECIMIENTO DE SALUD SIN INTERNAMIENTO", "Categoria": "I-2", "Estado": "ACTIVO", "CAMAS": 0.0, "fecha_info": "2026-03-09T00:00:00", "sububigeo": "15013300", "UBIGEO": "150133", "DISTRITO": "SAN JUAN DE MIRAFLORES", "PROVINCIA": "LIMA", "DEPARTAMEN": "LIMA", "Zonas": "Todas Zonas", "tipo_influencia": "Indirecta", "abreviatura": "SJM", "min_distance_m": 468.33546170229636, "susc_inund_niv": null, "susc_mmasa_niv": null, "susc_niv": null, "canalC_niv": "Muy alto", "exposicion_niv": "Muy alto" }, "geometry": { "type": "Point", "coordinates": [ -76.95957557, -12.15928644 ] } },
{ "type": "Feature", "properties": { "entity_id": "20917", "entity_type": "salud", "Nombre del establecimiento": "VS SAN JUDAS TADEO", "Clasificación": "POLICLINICOS", "Tipo": "ESTABLECIMIENTO DE SALUD SIN INTERNAMIENTO", "Categoria": "I-3", "Estado": "BAJA DEFINITIVA", "CAMAS": 0.0, "fecha_info": "2026-03-09T00:00:00", "sububigeo": "15013300", "UBIGEO": "150133", "DISTRITO": "SAN JUAN DE MIRAFLORES", "PROVINCIA": "LIMA", "DEPARTAMEN": "LIMA", "Zonas": "Todas Zonas", "tipo_influencia": "Indirecta", "abreviatura": "SJM", "min_distance_m": null, "susc_inund_niv": null, "susc_mmasa_niv": null, "susc_niv": null, "canalC_niv": null, "exposicion_niv": null }, "geometry": { "type": "Point", "coordinates": [ -76.9780028, -12.1671418 ] } },
{ "type": "Feature", "properties": { "entity_id": "33202", "entity_type": "salud", "Nombre del establecimiento": "IMAGEN", "Clasificación": "CONSULTORIOS MEDICOS Y DE OTROS PROFESIONALES DE LA SALUD", "Tipo": "ESTABLECIMIENTO DE SALUD SIN INTERNAMIENTO", "Categoria": "I-1", "Estado": "ACTIVO", "CAMAS": 0.0, "fecha_info": "2026-03-09T00:00:00", "sububigeo": "15013300", "UBIGEO": "150133", "DISTRITO": "SAN JUAN DE MIRAFLORES", "PROVINCIA": "LIMA", "DEPARTAMEN": "LIMA", "Zonas": "Todas Zonas", "tipo_influencia": "Indirecta", "abreviatura": "SJM", "min_distance_m": null, "susc_inund_niv": null, "susc_mmasa_niv": null, "susc_niv": null, "canalC_niv": null, "exposicion_niv": null }, "geometry": { "type": "Point", "coordinates": [ -76.9823981, -12.1520737 ] } },
{ "type": "Feature", "properties": { "entity_id": "32659", "entity_type": "salud", "Nombre del establecimiento": "POLICLINICO VILLA SALUD LURIN TORRE II", "Clasificación": "POLICLINICOS", "Tipo": "ESTABLECIMIENTO DE SALUD SIN INTERNAMIENTO", "Categoria": "I-3", "Estado": "ACTIVO", "CAMAS": 0.0, "fecha_info": "2026-03-09T00:00:00", "sububigeo": "15011900", "UBIGEO": "150119", "DISTRITO": "LURIN", "PROVINCIA": "LIMA", "DEPARTAMEN": "LIMA", "Zonas": "Todas Zonas", "tipo_influencia": "Directa", "abreviatura": "LUR", "min_distance_m": null, "susc_inund_niv": null, "susc_mmasa_niv": null, "susc_niv": null, "canalC_niv": null, "exposicion_niv": null }, "geometry": { "type": "Point", "coordinates": [ -76.8685664, -12.2781899 ] } },
{ "type": "Feature", "properties": { "entity_id": "32581", "entity_type": "salud", "Nombre del establecimiento": "BELA SMILE", "Clasificación": "CONSULTORIOS MEDICOS Y DE OTROS PROFESIONALES DE LA SALUD", "Tipo": "ESTABLECIMIENTO DE SALUD SIN INTERNAMIENTO", "Categoria": "I-1", "Estado": "ACTIVO", "CAMAS": 0.0, "fecha_info": "2026-03-09T00:00:00", "sububigeo": "15014303", "UBIGEO": "150143", "DISTRITO": "VILLA MARIA DEL TRIUNFO", "PROVINCIA": "LIMA", "DEPARTAMEN": "LIMA", "Zonas": "Jose Carlos Mariategui", "tipo_influencia": "Directa", "abreviatura": "VMT", "min_distance_m": 627.30376798458406, "susc_inund_niv": "Medio", "susc_mmasa_niv": "Alto", "susc_niv": "Alto", "canalC_niv": "Muy alto", "exposicion_niv": "Muy alto" }, "geometry": { "type": "Point", "coordinates": [ -76.9446892, -12.1418554 ] } },
{ "type": "Feature", "properties": { "entity_id": "33205", "entity_type": "salud", "Nombre del establecimiento": "CONSULTORIO DENTAL FRESH", "Clasificación": "CONSULTORIOS MEDICOS Y DE OTROS PROFESIONALES DE LA SALUD", "Tipo": "ESTABLECIMIENTO DE SALUD SIN INTERNAMIENTO", "Categoria": "I-1", "Estado": "CIERRE TEMPORAL DE OFICIO", "CAMAS": 0.0, "fecha_info": "2026-03-09T00:00:00", "sububigeo": "15014200", "UBIGEO": "150142", "DISTRITO": "VILLA EL SALVADOR", "PROVINCIA": "LIMA", "DEPARTAMEN": "LIMA", "Zonas": "Todas Zonas", "tipo_influencia": "Directa", "abreviatura": "VES", "min_distance_m": null, "susc_inund_niv": "Medio", "susc_mmasa_niv": null, "susc_niv": "Medio", "canalC_niv": null, "exposicion_niv": "Medio" }, "geometry": { "type": "Point", "coordinates": [ -76.9415442, -12.2162218 ] } },
{ "type": "Feature", "properties": { "entity_id": "32326", "entity_type": "salud", "Nombre del establecimiento": "Multident San Juan de Miraflores 2", "Clasificación": "CONSULTORIOS MEDICOS Y DE OTROS PROFESIONALES DE LA SALUD", "Tipo": "ESTABLECIMIENTO DE SALUD SIN INTERNAMIENTO", "Categoria": "I-1", "Estado": "CIERRE TEMPORAL DE OFICIO", "CAMAS": 0.0, "fecha_info": "2026-03-09T00:00:00", "sububigeo": "15013300", "UBIGEO": "150133", "DISTRITO": "SAN JUAN DE MIRAFLORES", "PROVINCIA": "LIMA", "DEPARTAMEN": "LIMA", "Zonas": "Todas Zonas", "tipo_influencia": "Indirecta", "abreviatura": "SJM", "min_distance_m": null, "susc_inund_niv": null, "susc_mmasa_niv": null, "susc_niv": null, "canalC_niv": null, "exposicion_niv": null }, "geometry": { "type": "Point", "coordinates": [ -76.976836300000016, -12.1528143 ] } },
{ "type": "Feature", "properties": { "entity_id": "31882", "entity_type": "salud", "Nombre del establecimiento": "CONSULTORIO ODONTOLOGICO  \" A  SONREIR \"", "Clasificación": "CONSULTORIOS MEDICOS Y DE OTROS PROFESIONALES DE LA SALUD", "Tipo": "ESTABLECIMIENTO DE SALUD SIN INTERNAMIENTO", "Categoria": "I-1", "Estado": "ACTIVO", "CAMAS": 0.0, "fecha_info": "2026-03-09T00:00:00", "sububigeo": "15014200", "UBIGEO": "150142", "DISTRITO": "VILLA EL SALVADOR", "PROVINCIA": "LIMA", "DEPARTAMEN": "LIMA", "Zonas": "Todas Zonas", "tipo_influencia": "Directa", "abreviatura": "VES", "min_distance_m": 1489.0880575319711, "susc_inund_niv": "Medio", "susc_mmasa_niv": null, "susc_niv": "Medio", "canalC_niv": "Muy alto", "exposicion_niv": "Muy alto" }, "geometry": { "type": "Point", "coordinates": [ -76.9425827, -12.2034996 ] } },
{ "type": "Feature", "properties": { "entity_id": "30804", "entity_type": "salud", "Nombre del establecimiento": "SMILE DENTAL CARE CONSULTORIO ODONTOLOGICO", "Clasificación": "CONSULTORIOS MEDICOS Y DE OTROS PROFESIONALES DE LA SALUD", "Tipo": "ESTABLECIMIENTO DE SALUD SIN INTERNAMIENTO", "Categoria": "I-1", "Estado": "ACTIVO", "CAMAS": 0.0, "fecha_info": "2026-03-09T00:00:00", "sububigeo": "15013300", "UBIGEO": "150133", "DISTRITO": "SAN JUAN DE MIRAFLORES", "PROVINCIA": "LIMA", "DEPARTAMEN": "LIMA", "Zonas": "Todas Zonas", "tipo_influencia": "Indirecta", "abreviatura": "SJM", "min_distance_m": 1396.3103305882462, "susc_inund_niv": "Medio", "susc_mmasa_niv": null, "susc_niv": "Medio", "canalC_niv": "Muy alto", "exposicion_niv": "Muy alto" }, "geometry": { "type": "Point", "coordinates": [ -76.962597, -12.173991 ] } },
{ "type": "Feature", "properties": { "entity_id": "31635", "entity_type": "salud", "Nombre del establecimiento": "DENTAL VERTIZ", "Clasificación": "CONSULTORIOS MEDICOS Y DE OTROS PROFESIONALES DE LA SALUD", "Tipo": "ESTABLECIMIENTO DE SALUD SIN INTERNAMIENTO", "Categoria": "I-1", "Estado": "CIERRE TEMPORAL DE OFICIO", "CAMAS": 0.0, "fecha_info": "2026-03-09T00:00:00", "sububigeo": "15014200", "UBIGEO": "150142", "DISTRITO": "VILLA EL SALVADOR", "PROVINCIA": "LIMA", "DEPARTAMEN": "LIMA", "Zonas": "Todas Zonas", "tipo_influencia": "Directa", "abreviatura": "VES", "min_distance_m": null, "susc_inund_niv": "Medio", "susc_mmasa_niv": null, "susc_niv": "Medio", "canalC_niv": null, "exposicion_niv": "Medio" }, "geometry": { "type": "Point", "coordinates": [ -76.9370996, -12.2154221 ] } },
{ "type": "Feature", "properties": { "entity_id": "34626", "entity_type": "salud", "Nombre del establecimiento": "SERVISALUD CANEVARO", "Clasificación": "CONSULTORIOS MEDICOS Y DE OTROS PROFESIONALES DE LA SALUD", "Tipo": "ESTABLECIMIENTO DE SALUD SIN INTERNAMIENTO", "Categoria": "I-2", "Estado": "ACTIVO", "CAMAS": 0.0, "fecha_info": "2026-03-09T00:00:00", "sububigeo": "15013300", "UBIGEO": "150133", "DISTRITO": "SAN JUAN DE MIRAFLORES", "PROVINCIA": "LIMA", "DEPARTAMEN": "LIMA", "Zonas": "Todas Zonas", "tipo_influencia": "Indirecta", "abreviatura": "SJM", "min_distance_m": 1468.5805473066098, "susc_inund_niv": "Medio", "susc_mmasa_niv": null, "susc_niv": "Medio", "canalC_niv": "Muy alto", "exposicion_niv": "Muy alto" }, "geometry": { "type": "Point", "coordinates": [ -76.969058, -12.1643461 ] } },
{ "type": "Feature", "properties": { "entity_id": "30832", "entity_type": "salud", "Nombre del establecimiento": "DENTAL KHALIDENT", "Clasificación": "CONSULTORIOS MEDICOS Y DE OTROS PROFESIONALES DE LA SALUD", "Tipo": "ESTABLECIMIENTO DE SALUD SIN INTERNAMIENTO", "Categoria": "I-1", "Estado": "ACTIVO", "CAMAS": 0.0, "fecha_info": "2026-03-09T00:00:00", "sububigeo": "15014200", "UBIGEO": "150142", "DISTRITO": "VILLA EL SALVADOR", "PROVINCIA": "LIMA", "DEPARTAMEN": "LIMA", "Zonas": "Todas Zonas", "tipo_influencia": "Directa", "abreviatura": "VES", "min_distance_m": null, "susc_inund_niv": "Medio", "susc_mmasa_niv": null, "susc_niv": "Medio", "canalC_niv": null, "exposicion_niv": "Medio" }, "geometry": { "type": "Point", "coordinates": [ -76.9437809, -12.232899 ] } },
{ "type": "Feature", "properties": { "entity_id": "15964", "entity_type": "salud", "Nombre del establecimiento": "GYNEPREV - GINECOLOGIA PREVENTIVA", "Clasificación": "POLICLINICOS", "Tipo": "ESTABLECIMIENTO DE SALUD SIN INTERNAMIENTO", "Categoria": "I-3", "Estado": "ACTIVO", "CAMAS": 0.0, "fecha_info": "2026-03-09T00:00:00", "sububigeo": "15013300", "UBIGEO": "150133", "DISTRITO": "SAN JUAN DE MIRAFLORES", "PROVINCIA": "LIMA", "DEPARTAMEN": "LIMA", "Zonas": "Todas Zonas", "tipo_influencia": "Indirecta", "abreviatura": "SJM", "min_distance_m": 414.46684915838779, "susc_inund_niv": "Medio", "susc_mmasa_niv": null, "susc_niv": "Medio", "canalC_niv": "Muy alto", "exposicion_niv": "Muy alto" }, "geometry": { "type": "Point", "coordinates": [ -76.95969461, -12.16138541 ] } },
{ "type": "Feature", "properties": { "entity_id": "26220", "entity_type": "salud", "Nombre del establecimiento": "PROMEDICINE RED DE SERVICIOS MEDICOS ESPECIALIZADOS", "Clasificación": "POLICLINICOS", "Tipo": "ESTABLECIMIENTO DE SALUD SIN INTERNAMIENTO", "Categoria": "I-3", "Estado": "CIERRE TEMPORAL DE OFICIO", "CAMAS": 0.0, "fecha_info": "2026-03-09T00:00:00", "sububigeo": "15013300", "UBIGEO": "150133", "DISTRITO": "SAN JUAN DE MIRAFLORES", "PROVINCIA": "LIMA", "DEPARTAMEN": "LIMA", "Zonas": "Todas Zonas", "tipo_influencia": "Indirecta", "abreviatura": "SJM", "min_distance_m": 1893.7207596992032, "susc_inund_niv": null, "susc_mmasa_niv": null, "susc_niv": null, "canalC_niv": "Muy alto", "exposicion_niv": "Muy alto" }, "geometry": { "type": "Point", "coordinates": [ -76.9732846, -12.1614218 ] } },
{ "type": "Feature", "properties": { "entity_id": "25022", "entity_type": "salud", "Nombre del establecimiento": "CONSULTORIO MEDICO VILLEGAS", "Clasificación": "CONSULTORIOS MEDICOS Y DE OTROS PROFESIONALES DE LA SALUD", "Tipo": "ESTABLECIMIENTO DE SALUD SIN INTERNAMIENTO", "Categoria": "I-2", "Estado": "ACTIVO", "CAMAS": 0.0, "fecha_info": "2026-03-09T00:00:00", "sububigeo": "15013300", "UBIGEO": "150133", "DISTRITO": "SAN JUAN DE MIRAFLORES", "PROVINCIA": "LIMA", "DEPARTAMEN": "LIMA", "Zonas": "Todas Zonas", "tipo_influencia": "Indirecta", "abreviatura": "SJM", "min_distance_m": null, "susc_inund_niv": null, "susc_mmasa_niv": null, "susc_niv": null, "canalC_niv": null, "exposicion_niv": null }, "geometry": { "type": "Point", "coordinates": [ -76.98256806, -12.15344547 ] } },
{ "type": "Feature", "properties": { "entity_id": "6097", "entity_type": "salud", "Nombre del establecimiento": "PUESTO DE SALUD PICAPIEDRA", "Clasificación": "PUESTOS DE SALUD O POSTAS DE SALUD", "Tipo": "ESTABLECIMIENTO DE SALUD SIN INTERNAMIENTO", "Categoria": "I-2", "Estado": "ACTIVO", "CAMAS": 0.0, "fecha_info": "2026-03-09T00:00:00", "sububigeo": "15012302", "UBIGEO": "150123", "DISTRITO": "PACHACAMAC", "PROVINCIA": "LIMA", "DEPARTAMEN": "LIMA", "Zonas": "Centro Poblados Rurales", "tipo_influencia": "Directa", "abreviatura": "PACH", "min_distance_m": 790.60967871551009, "susc_inund_niv": null, "susc_mmasa_niv": "Alto", "susc_niv": "Alto", "canalC_niv": "Muy alto", "exposicion_niv": "Muy alto" }, "geometry": { "type": "Point", "coordinates": [ -76.867652, -12.1874984 ] } },
{ "type": "Feature", "properties": { "entity_id": "35146", "entity_type": "salud", "Nombre del establecimiento": "NUOVA VITA ESPECIALIZADO EN TERAPIA FISICA Y REHABILITACION", "Clasificación": "REHABILITACION", "Tipo": "SERVICIO MÉDICO DE APOYO", "Categoria": "Sin Categoría", "Estado": "ACTIVO", "CAMAS": 0.0, "fecha_info": "2026-03-09T00:00:00", "sububigeo": "15014200", "UBIGEO": "150142", "DISTRITO": "VILLA EL SALVADOR", "PROVINCIA": "LIMA", "DEPARTAMEN": "LIMA", "Zonas": "Todas Zonas", "tipo_influencia": "Directa", "abreviatura": "VES", "min_distance_m": null, "susc_inund_niv": "Alto", "susc_mmasa_niv": null, "susc_niv": "Alto", "canalC_niv": null, "exposicion_niv": "Alto" }, "geometry": { "type": "Point", "coordinates": [ -76.9512843, -12.21826754 ] } },
{ "type": "Feature", "properties": { "entity_id": "35114", "entity_type": "salud", "Nombre del establecimiento": "Pekitas Dent", "Clasificación": "CONSULTORIOS MEDICOS Y DE OTROS PROFESIONALES DE LA SALUD", "Tipo": "ESTABLECIMIENTO DE SALUD SIN INTERNAMIENTO", "Categoria": "I-1", "Estado": "ACTIVO", "CAMAS": 0.0, "fecha_info": "2026-03-09T00:00:00", "sububigeo": "15013300", "UBIGEO": "150133", "DISTRITO": "SAN JUAN DE MIRAFLORES", "PROVINCIA": "LIMA", "DEPARTAMEN": "LIMA", "Zonas": "Todas Zonas", "tipo_influencia": "Indirecta", "abreviatura": "SJM", "min_distance_m": 1892.6699251740415, "susc_inund_niv": "Medio", "susc_mmasa_niv": null, "susc_niv": "Medio", "canalC_niv": "Muy alto", "exposicion_niv": "Muy alto" }, "geometry": { "type": "Point", "coordinates": [ -76.96648455, -12.17656043 ] } },
{ "type": "Feature", "properties": { "entity_id": "35510", "entity_type": "salud", "Nombre del establecimiento": "DENTAL SALDARRIAGA", "Clasificación": "CONSULTORIOS MEDICOS Y DE OTROS PROFESIONALES DE LA SALUD", "Tipo": "ESTABLECIMIENTO DE SALUD SIN INTERNAMIENTO", "Categoria": "I-1", "Estado": "ACTIVO", "CAMAS": 0.0, "fecha_info": "2026-03-09T00:00:00", "sububigeo": "15014304", "UBIGEO": "150143", "DISTRITO": "VILLA MARIA DEL TRIUNFO", "PROVINCIA": "LIMA", "DEPARTAMEN": "LIMA", "Zonas": "Nueva Esperanza", "tipo_influencia": "Directa", "abreviatura": "VMT", "min_distance_m": 446.78808375139715, "susc_inund_niv": null, "susc_mmasa_niv": null, "susc_niv": null, "canalC_niv": "Muy alto", "exposicion_niv": "Muy alto" }, "geometry": { "type": "Point", "coordinates": [ -76.9204126, -12.1674642 ] } },
{ "type": "Feature", "properties": { "entity_id": "9581", "entity_type": "salud", "Nombre del establecimiento": "Consultorio  ODONTOLOGICO GAMBOA DENT EIRL", "Clasificación": "CONSULTORIOS MEDICOS Y DE OTROS PROFESIONALES DE LA SALUD", "Tipo": "ESTABLECIMIENTO DE SALUD SIN INTERNAMIENTO", "Categoria": "I-1", "Estado": "ACTIVO", "CAMAS": 0.0, "fecha_info": "2026-03-09T00:00:00", "sububigeo": "15013300", "UBIGEO": "150133", "DISTRITO": "SAN JUAN DE MIRAFLORES", "PROVINCIA": "LIMA", "DEPARTAMEN": "LIMA", "Zonas": "Todas Zonas", "tipo_influencia": "Indirecta", "abreviatura": "SJM", "min_distance_m": null, "susc_inund_niv": null, "susc_mmasa_niv": null, "susc_niv": null, "canalC_niv": null, "exposicion_niv": null }, "geometry": { "type": "Point", "coordinates": [ -76.9751212, -12.1589055 ] } },
{ "type": "Feature", "properties": { "entity_id": "6126", "entity_type": "salud", "Nombre del establecimiento": "PUESTO DE SALUD PRINCIPE DE ASTURIAS", "Clasificación": "PUESTOS DE SALUD O POSTAS DE SALUD", "Tipo": "ESTABLECIMIENTO DE SALUD SIN INTERNAMIENTO", "Categoria": "I-2", "Estado": "ACTIVO", "CAMAS": 0.0, "fecha_info": "2026-03-09T00:00:00", "sububigeo": "15014200", "UBIGEO": "150142", "DISTRITO": "VILLA EL SALVADOR", "PROVINCIA": "LIMA", "DEPARTAMEN": "LIMA", "Zonas": "Todas Zonas", "tipo_influencia": "Directa", "abreviatura": "VES", "min_distance_m": 403.81854152914701, "susc_inund_niv": null, "susc_mmasa_niv": null, "susc_niv": null, "canalC_niv": "Muy alto", "exposicion_niv": "Muy alto" }, "geometry": { "type": "Point", "coordinates": [ -76.9112117, -12.230336899999989 ] } },
{ "type": "Feature", "properties": { "entity_id": "29882", "entity_type": "salud", "Nombre del establecimiento": "ODONTOTECH CONSULTORIO DENTAL", "Clasificación": "CONSULTORIOS MEDICOS Y DE OTROS PROFESIONALES DE LA SALUD", "Tipo": "ESTABLECIMIENTO DE SALUD SIN INTERNAMIENTO", "Categoria": "I-1", "Estado": "ACTIVO", "CAMAS": 0.0, "fecha_info": "2026-03-09T00:00:00", "sububigeo": "15013300", "UBIGEO": "150133", "DISTRITO": "SAN JUAN DE MIRAFLORES", "PROVINCIA": "LIMA", "DEPARTAMEN": "LIMA", "Zonas": "Todas Zonas", "tipo_influencia": "Indirecta", "abreviatura": "SJM", "min_distance_m": null, "susc_inund_niv": null, "susc_mmasa_niv": null, "susc_niv": null, "canalC_niv": null, "exposicion_niv": null }, "geometry": { "type": "Point", "coordinates": [ -76.9739483, -12.1564101 ] } },
{ "type": "Feature", "properties": { "entity_id": "6117", "entity_type": "salud", "Nombre del establecimiento": "PUESTO DE SALUD PAMPAS DE SAN JUAN", "Clasificación": "PUESTOS DE SALUD O POSTAS DE SALUD", "Tipo": "ESTABLECIMIENTO DE SALUD SIN INTERNAMIENTO", "Categoria": "I-2", "Estado": "ACTIVO", "CAMAS": 0.0, "fecha_info": "2026-03-09T00:00:00", "sububigeo": "15013300", "UBIGEO": "150133", "DISTRITO": "SAN JUAN DE MIRAFLORES", "PROVINCIA": "LIMA", "DEPARTAMEN": "LIMA", "Zonas": "Todas Zonas", "tipo_influencia": "Indirecta", "abreviatura": "SJM", "min_distance_m": 1410.2544965986647, "susc_inund_niv": "Medio", "susc_mmasa_niv": null, "susc_niv": "Medio", "canalC_niv": "Muy alto", "exposicion_niv": "Muy alto" }, "geometry": { "type": "Point", "coordinates": [ -76.967681, -12.166744 ] } },
{ "type": "Feature", "properties": { "entity_id": "29265", "entity_type": "salud", "Nombre del establecimiento": "CONSULTORIO DENTAL ABREGU", "Clasificación": "CONSULTORIOS MEDICOS Y DE OTROS PROFESIONALES DE LA SALUD", "Tipo": "ESTABLECIMIENTO DE SALUD SIN INTERNAMIENTO", "Categoria": "I-1", "Estado": "CIERRE TEMPORAL DE OFICIO", "CAMAS": 0.0, "fecha_info": "2026-03-09T00:00:00", "sububigeo": "15014304", "UBIGEO": "150143", "DISTRITO": "VILLA MARIA DEL TRIUNFO", "PROVINCIA": "LIMA", "DEPARTAMEN": "LIMA", "Zonas": "Nueva Esperanza", "tipo_influencia": "Directa", "abreviatura": "VMT", "min_distance_m": 466.3524777365725, "susc_inund_niv": null, "susc_mmasa_niv": null, "susc_niv": null, "canalC_niv": "Muy alto", "exposicion_niv": "Muy alto" }, "geometry": { "type": "Point", "coordinates": [ -76.9201161, -12.1675125 ] } },
{ "type": "Feature", "properties": { "entity_id": "11539", "entity_type": "salud", "Nombre del establecimiento": "SANTA ELENA", "Clasificación": "HEMODIALISIS", "Tipo": "SERVICIO MÉDICO DE APOYO", "Categoria": "Sin Categoría", "Estado": "ACTIVO", "CAMAS": 0.0, "fecha_info": "2026-03-09T00:00:00", "sububigeo": "15013300", "UBIGEO": "150133", "DISTRITO": "SAN JUAN DE MIRAFLORES", "PROVINCIA": "LIMA", "DEPARTAMEN": "LIMA", "Zonas": "Todas Zonas", "tipo_influencia": "Indirecta", "abreviatura": "SJM", "min_distance_m": 1915.4469957716326, "susc_inund_niv": null, "susc_mmasa_niv": null, "susc_niv": null, "canalC_niv": "Muy alto", "exposicion_niv": "Muy alto" }, "geometry": { "type": "Point", "coordinates": [ -76.972263600000019, -12.1551319 ] } },
{ "type": "Feature", "properties": { "entity_id": "37090", "entity_type": "salud", "Nombre del establecimiento": "UNACEM PERU S.A.", "Clasificación": "CONSULTORIOS MEDICOS Y DE OTROS PROFESIONALES DE LA SALUD", "Tipo": "ESTABLECIMIENTO DE SALUD SIN INTERNAMIENTO", "Categoria": "I-2", "Estado": "ACTIVO", "CAMAS": 0.0, "fecha_info": "2026-03-09T00:00:00", "sububigeo": "15014307", "UBIGEO": "150143", "DISTRITO": "VILLA MARIA DEL TRIUNFO", "PROVINCIA": "LIMA", "DEPARTAMEN": "LIMA", "Zonas": "Villa Poeta José Gálvez", "tipo_influencia": "Directa", "abreviatura": "VMT", "min_distance_m": 1294.9322059083845, "susc_inund_niv": "Medio", "susc_mmasa_niv": null, "susc_niv": "Medio", "canalC_niv": "Muy alto", "exposicion_niv": "Muy alto" }, "geometry": { "type": "Point", "coordinates": [ -76.9087711, -12.183642900000011 ] } },
{ "type": "Feature", "properties": { "entity_id": "37789", "entity_type": "salud", "Nombre del establecimiento": "CONSULTORIOS MEDICOS BARIZAL", "Clasificación": "CONSULTORIOS MEDICOS Y DE OTROS PROFESIONALES DE LA SALUD", "Tipo": "ESTABLECIMIENTO DE SALUD SIN INTERNAMIENTO", "Categoria": "I-2", "Estado": "ACTIVO", "CAMAS": 0.0, "fecha_info": "2026-03-09T00:00:00", "sububigeo": "15014200", "UBIGEO": "150142", "DISTRITO": "VILLA EL SALVADOR", "PROVINCIA": "LIMA", "DEPARTAMEN": "LIMA", "Zonas": "Todas Zonas", "tipo_influencia": "Directa", "abreviatura": "VES", "min_distance_m": null, "susc_inund_niv": "Medio", "susc_mmasa_niv": null, "susc_niv": "Medio", "canalC_niv": null, "exposicion_niv": "Medio" }, "geometry": { "type": "Point", "coordinates": [ -76.93503565, -12.21594317 ] } },
{ "type": "Feature", "properties": { "entity_id": "35893", "entity_type": "salud", "Nombre del establecimiento": "POLICLINICO SOCIAL NDG", "Clasificación": "POLICLINICOS", "Tipo": "ESTABLECIMIENTO DE SALUD SIN INTERNAMIENTO", "Categoria": "I-3", "Estado": "ACTIVO", "CAMAS": 0.0, "fecha_info": "2026-03-09T00:00:00", "sububigeo": "15014200", "UBIGEO": "150142", "DISTRITO": "VILLA EL SALVADOR", "PROVINCIA": "LIMA", "DEPARTAMEN": "LIMA", "Zonas": "Todas Zonas", "tipo_influencia": "Directa", "abreviatura": "VES", "min_distance_m": 912.45640357986326, "susc_inund_niv": "Medio", "susc_mmasa_niv": null, "susc_niv": "Medio", "canalC_niv": "Muy alto", "exposicion_niv": "Muy alto" }, "geometry": { "type": "Point", "coordinates": [ -76.9330661, -12.2031581 ] } },
{ "type": "Feature", "properties": { "entity_id": "35892", "entity_type": "salud", "Nombre del establecimiento": "STUDIO DENTAL 3M", "Clasificación": "CONSULTORIOS MEDICOS Y DE OTROS PROFESIONALES DE LA SALUD", "Tipo": "ESTABLECIMIENTO DE SALUD SIN INTERNAMIENTO", "Categoria": "I-1", "Estado": "ACTIVO", "CAMAS": 0.0, "fecha_info": "2026-03-09T00:00:00", "sububigeo": "15014200", "UBIGEO": "150142", "DISTRITO": "VILLA EL SALVADOR", "PROVINCIA": "LIMA", "DEPARTAMEN": "LIMA", "Zonas": "Todas Zonas", "tipo_influencia": "Directa", "abreviatura": "VES", "min_distance_m": 1649.4811680830589, "susc_inund_niv": "Medio", "susc_mmasa_niv": null, "susc_niv": "Medio", "canalC_niv": "Muy alto", "exposicion_niv": "Muy alto" }, "geometry": { "type": "Point", "coordinates": [ -76.942518, -12.205705 ] } },
{ "type": "Feature", "properties": { "entity_id": "30693", "entity_type": "salud", "Nombre del establecimiento": "CONSULTORIO ODONTOLOGICO - DR. LUIS RECAVARREN", "Clasificación": "CONSULTORIOS MEDICOS Y DE OTROS PROFESIONALES DE LA SALUD", "Tipo": "ESTABLECIMIENTO DE SALUD SIN INTERNAMIENTO", "Categoria": "I-1", "Estado": "ACTIVO", "CAMAS": 0.0, "fecha_info": "2026-03-09T00:00:00", "sububigeo": "15014200", "UBIGEO": "150142", "DISTRITO": "VILLA EL SALVADOR", "PROVINCIA": "LIMA", "DEPARTAMEN": "LIMA", "Zonas": "Todas Zonas", "tipo_influencia": "Directa", "abreviatura": "VES", "min_distance_m": null, "susc_inund_niv": "Medio", "susc_mmasa_niv": null, "susc_niv": "Medio", "canalC_niv": null, "exposicion_niv": "Medio" }, "geometry": { "type": "Point", "coordinates": [ -76.9309076, -12.2232439 ] } },
{ "type": "Feature", "properties": { "entity_id": "10344", "entity_type": "salud", "Nombre del establecimiento": "PURHUARACRA", "Clasificación": "PUESTOS DE SALUD O POSTAS DE SALUD", "Tipo": "ESTABLECIMIENTO DE SALUD SIN INTERNAMIENTO", "Categoria": "I-1", "Estado": "ACTIVO", "CAMAS": 0.0, "fecha_info": "2026-03-09T00:00:00", "sububigeo": "12070800", "UBIGEO": "120708", "DISTRITO": "SAN PEDRO DE CAJAS", "PROVINCIA": "TARMA", "DEPARTAMEN": "JUNIN", "Zonas": "Todas Zonas", "tipo_influencia": "Indirecta", "abreviatura": "SPC", "min_distance_m": null, "susc_inund_niv": null, "susc_mmasa_niv": null, "susc_niv": null, "canalC_niv": null, "exposicion_niv": null }, "geometry": { "type": "Point", "coordinates": [ -75.83422959, -11.27761602 ] } },
{ "type": "Feature", "properties": { "entity_id": "30175", "entity_type": "salud", "Nombre del establecimiento": "CLÍNICA BALDEÓN", "Clasificación": "CENTROS DE SALUD CON CAMAS DE INTERNAMIENTO", "Tipo": "ESTABLECIMIENTO DE SALUD CON INTERNAMIENTO", "Categoria": "I-4", "Estado": "CIERRE TEMPORAL DE OFICIO", "CAMAS": 0.0, "fecha_info": "2026-03-09T00:00:00", "sububigeo": "12070100", "UBIGEO": "120701", "DISTRITO": "TARMA", "PROVINCIA": "TARMA", "DEPARTAMEN": "JUNIN", "Zonas": "Todas Zonas", "tipo_influencia": "Indirecta", "abreviatura": "TAR", "min_distance_m": 363.88653017463872, "susc_inund_niv": "Medio", "susc_mmasa_niv": null, "susc_niv": "Medio", "canalC_niv": "Muy alto", "exposicion_niv": "Muy alto" }, "geometry": { "type": "Point", "coordinates": [ -75.689444, -11.420005 ] } },
{ "type": "Feature", "properties": { "entity_id": "527", "entity_type": "salud", "Nombre del establecimiento": "PALCAMAYO", "Clasificación": "CENTROS DE SALUD O CENTROS MEDICOS", "Tipo": "ESTABLECIMIENTO DE SALUD SIN INTERNAMIENTO", "Categoria": "I-3", "Estado": "ACTIVO", "CAMAS": 0.0, "fecha_info": "2026-03-09T00:00:00", "sububigeo": "12070700", "UBIGEO": "120707", "DISTRITO": "PALCAMAYO", "PROVINCIA": "TARMA", "DEPARTAMEN": "JUNIN", "Zonas": "Todas Zonas", "tipo_influencia": "Indirecta", "abreviatura": "PLM", "min_distance_m": 175.32983813257735, "susc_inund_niv": null, "susc_mmasa_niv": null, "susc_niv": null, "canalC_niv": "Medio", "exposicion_niv": "Medio" }, "geometry": { "type": "Point", "coordinates": [ -75.77033401, -11.29741073 ] } },
{ "type": "Feature", "properties": { "entity_id": "556", "entity_type": "salud", "Nombre del establecimiento": "CHUPAN", "Clasificación": "PUESTOS DE SALUD O POSTAS DE SALUD", "Tipo": "ESTABLECIMIENTO DE SALUD SIN INTERNAMIENTO", "Categoria": "I-1", "Estado": "ACTIVO", "CAMAS": 0.0, "fecha_info": "2026-03-09T00:00:00", "sububigeo": "12070800", "UBIGEO": "120708", "DISTRITO": "SAN PEDRO DE CAJAS", "PROVINCIA": "TARMA", "DEPARTAMEN": "JUNIN", "Zonas": "Todas Zonas", "tipo_influencia": "Indirecta", "abreviatura": "SPC", "min_distance_m": null, "susc_inund_niv": null, "susc_mmasa_niv": null, "susc_niv": null, "canalC_niv": null, "exposicion_niv": null }, "geometry": { "type": "Point", "coordinates": [ -75.78882113, -11.05115024 ] } },
{ "type": "Feature", "properties": { "entity_id": "534", "entity_type": "salud", "Nombre del establecimiento": "SAN PEDRO DE CAJAS", "Clasificación": "CENTROS DE SALUD O CENTROS MEDICOS", "Tipo": "ESTABLECIMIENTO DE SALUD SIN INTERNAMIENTO", "Categoria": "I-3", "Estado": "ACTIVO", "CAMAS": 0.0, "fecha_info": "2026-03-09T00:00:00", "sububigeo": "12070800", "UBIGEO": "120708", "DISTRITO": "SAN PEDRO DE CAJAS", "PROVINCIA": "TARMA", "DEPARTAMEN": "JUNIN", "Zonas": "Todas Zonas", "tipo_influencia": "Indirecta", "abreviatura": "SPC", "min_distance_m": null, "susc_inund_niv": null, "susc_mmasa_niv": null, "susc_niv": null, "canalC_niv": null, "exposicion_niv": null }, "geometry": { "type": "Point", "coordinates": [ -75.86061716, -11.24741971 ] } },
{ "type": "Feature", "properties": { "entity_id": "525", "entity_type": "salud", "Nombre del establecimiento": "HUAYLAHUICHAN", "Clasificación": "PUESTOS DE SALUD O POSTAS DE SALUD", "Tipo": "ESTABLECIMIENTO DE SALUD SIN INTERNAMIENTO", "Categoria": "I-1", "Estado": "ACTIVO", "CAMAS": 0.0, "fecha_info": "2026-03-09T00:00:00", "sububigeo": "12070600", "UBIGEO": "120706", "DISTRITO": "PALCA", "PROVINCIA": "TARMA", "DEPARTAMEN": "JUNIN", "Zonas": "Todas Zonas", "tipo_influencia": "Directa", "abreviatura": "PAL", "min_distance_m": null, "susc_inund_niv": null, "susc_mmasa_niv": null, "susc_niv": null, "canalC_niv": null, "exposicion_niv": null }, "geometry": { "type": "Point", "coordinates": [ -75.60285687, -11.35630131 ] } },
{ "type": "Feature", "properties": { "entity_id": "520", "entity_type": "salud", "Nombre del establecimiento": "HOSPITAL DE APOYO FELIX MAYORCA SOTO", "Clasificación": "HOSPITALES O CLINICAS DE ATENCION ESPECIALIZADA", "Tipo": "ESTABLECIMIENTO DE SALUD CON INTERNAMIENTO", "Categoria": "II-2", "Estado": "ACTIVO", "CAMAS": 72.0, "fecha_info": "2026-03-09T00:00:00", "sububigeo": "12070100", "UBIGEO": "120701", "DISTRITO": "TARMA", "PROVINCIA": "TARMA", "DEPARTAMEN": "JUNIN", "Zonas": "Todas Zonas", "tipo_influencia": "Indirecta", "abreviatura": "TAR", "min_distance_m": 216.58908405872472, "susc_inund_niv": "Alto", "susc_mmasa_niv": "Alto", "susc_niv": "Alto", "canalC_niv": "Muy alto", "exposicion_niv": "Muy alto" }, "geometry": { "type": "Point", "coordinates": [ -75.69261968, -11.42508388 ] } },
{ "type": "Feature", "properties": { "entity_id": "584", "entity_type": "salud", "Nombre del establecimiento": "TARMATAMBO", "Clasificación": "PUESTOS DE SALUD O POSTAS DE SALUD", "Tipo": "ESTABLECIMIENTO DE SALUD SIN INTERNAMIENTO", "Categoria": "I-1", "Estado": "ACTIVO", "CAMAS": 0.0, "fecha_info": "2026-03-09T00:00:00", "sububigeo": "12070100", "UBIGEO": "120701", "DISTRITO": "TARMA", "PROVINCIA": "TARMA", "DEPARTAMEN": "JUNIN", "Zonas": "Todas Zonas", "tipo_influencia": "Indirecta", "abreviatura": "TAR", "min_distance_m": null, "susc_inund_niv": "Alto", "susc_mmasa_niv": null, "susc_niv": "Alto", "canalC_niv": null, "exposicion_niv": "Alto" }, "geometry": { "type": "Point", "coordinates": [ -75.68622427, -11.46847568 ] } },
{ "type": "Feature", "properties": { "entity_id": "535", "entity_type": "salud", "Nombre del establecimiento": "SAN JOSE DE CAYASH", "Clasificación": "PUESTOS DE SALUD O POSTAS DE SALUD", "Tipo": "ESTABLECIMIENTO DE SALUD SIN INTERNAMIENTO", "Categoria": "I-1", "Estado": "ACTIVO", "CAMAS": 0.0, "fecha_info": "2026-03-09T00:00:00", "sububigeo": "12070800", "UBIGEO": "120708", "DISTRITO": "SAN PEDRO DE CAJAS", "PROVINCIA": "TARMA", "DEPARTAMEN": "JUNIN", "Zonas": "Todas Zonas", "tipo_influencia": "Indirecta", "abreviatura": "SPC", "min_distance_m": null, "susc_inund_niv": null, "susc_mmasa_niv": null, "susc_niv": null, "canalC_niv": null, "exposicion_niv": null }, "geometry": { "type": "Point", "coordinates": [ -75.63075721, -11.01426601 ] } },
{ "type": "Feature", "properties": { "entity_id": "597", "entity_type": "salud", "Nombre del establecimiento": "LA UNION LETICIA", "Clasificación": "PUESTOS DE SALUD O POSTAS DE SALUD", "Tipo": "ESTABLECIMIENTO DE SALUD SIN INTERNAMIENTO", "Categoria": "I-2", "Estado": "ACTIVO", "CAMAS": 0.0, "fecha_info": "2026-03-09T00:00:00", "sububigeo": "12070501", "UBIGEO": "120705", "DISTRITO": "LA UNION", "PROVINCIA": "TARMA", "DEPARTAMEN": "JUNIN", "Zonas": "Huancoy Sacsamarca", "tipo_influencia": "Directa", "abreviatura": "LUL", "min_distance_m": null, "susc_inund_niv": "Alto", "susc_mmasa_niv": "Alto", "susc_niv": "Alto", "canalC_niv": null, "exposicion_niv": "Alto" }, "geometry": { "type": "Point", "coordinates": [ -75.75170287, -11.3803263 ] } },
{ "type": "Feature", "properties": { "entity_id": "572", "entity_type": "salud", "Nombre del establecimiento": "LLACSACACA", "Clasificación": "PUESTOS DE SALUD O POSTAS DE SALUD", "Tipo": "ESTABLECIMIENTO DE SALUD SIN INTERNAMIENTO", "Categoria": "I-1", "Estado": "ACTIVO", "CAMAS": 0.0, "fecha_info": "2026-03-09T00:00:00", "sububigeo": "12070600", "UBIGEO": "120706", "DISTRITO": "PALCA", "PROVINCIA": "TARMA", "DEPARTAMEN": "JUNIN", "Zonas": "Todas Zonas", "tipo_influencia": "Directa", "abreviatura": "PAL", "min_distance_m": 1234.1473114577632, "susc_inund_niv": null, "susc_mmasa_niv": null, "susc_niv": null, "canalC_niv": "Medio", "exposicion_niv": "Medio" }, "geometry": { "type": "Point", "coordinates": [ -75.58718157, -11.34790133 ] } },
{ "type": "Feature", "properties": { "entity_id": "20829", "entity_type": "salud", "Nombre del establecimiento": "LUCE MEDIC", "Clasificación": "CONSULTORIOS MEDICOS Y DE OTROS PROFESIONALES DE LA SALUD", "Tipo": "ESTABLECIMIENTO DE SALUD SIN INTERNAMIENTO", "Categoria": "I-2", "Estado": "ACTIVO", "CAMAS": 0.0, "fecha_info": "2026-03-09T00:00:00", "sububigeo": "12070502", "UBIGEO": "120705", "DISTRITO": "LA UNION", "PROVINCIA": "TARMA", "DEPARTAMEN": "JUNIN", "Zonas": "Chancha", "tipo_influencia": "Directa", "abreviatura": "LUL", "min_distance_m": null, "susc_inund_niv": "Medio", "susc_mmasa_niv": "Alto", "susc_niv": "Alto", "canalC_niv": null, "exposicion_niv": "Alto" }, "geometry": { "type": "Point", "coordinates": [ -75.7803925, -11.3757625 ] } },
{ "type": "Feature", "properties": { "entity_id": "544", "entity_type": "salud", "Nombre del establecimiento": "PUNRAY", "Clasificación": "PUESTOS DE SALUD O POSTAS DE SALUD", "Tipo": "ESTABLECIMIENTO DE SALUD SIN INTERNAMIENTO", "Categoria": "I-1", "Estado": "ACTIVO", "CAMAS": 0.0, "fecha_info": "2026-03-09T00:00:00", "sububigeo": "12070400", "UBIGEO": "120704", "DISTRITO": "HUASAHUASI", "PROVINCIA": "TARMA", "DEPARTAMEN": "JUNIN", "Zonas": "Todas Zonas", "tipo_influencia": "Indirecta", "abreviatura": "HUA", "min_distance_m": 1647.5206967038341, "susc_inund_niv": null, "susc_mmasa_niv": null, "susc_niv": null, "canalC_niv": "Medio", "exposicion_niv": "Medio" }, "geometry": { "type": "Point", "coordinates": [ -75.63638497, -11.27686373 ] } },
{ "type": "Feature", "properties": { "entity_id": "30171", "entity_type": "salud", "Nombre del establecimiento": "LABORATORIOS PEREZ ALDAVE", "Clasificación": "PATOLOGIA CLINICA", "Tipo": "SERVICIO MÉDICO DE APOYO", "Categoria": "Sin Categoría", "Estado": "ACTIVO", "CAMAS": 0.0, "fecha_info": "2026-03-09T00:00:00", "sububigeo": "12070100", "UBIGEO": "120701", "DISTRITO": "TARMA", "PROVINCIA": "TARMA", "DEPARTAMEN": "JUNIN", "Zonas": "Todas Zonas", "tipo_influencia": "Indirecta", "abreviatura": "TAR", "min_distance_m": 598.91826668802753, "susc_inund_niv": "Medio", "susc_mmasa_niv": null, "susc_niv": "Medio", "canalC_niv": "Muy alto", "exposicion_niv": "Muy alto" }, "geometry": { "type": "Point", "coordinates": [ -75.68536989, -11.4176585 ] } },
{ "type": "Feature", "properties": { "entity_id": "569", "entity_type": "salud", "Nombre del establecimiento": "PALCA", "Clasificación": "CENTROS DE SALUD O CENTROS MEDICOS", "Tipo": "ESTABLECIMIENTO DE SALUD SIN INTERNAMIENTO", "Categoria": "I-3", "Estado": "ACTIVO", "CAMAS": 0.0, "fecha_info": "2026-03-09T00:00:00", "sububigeo": "12070600", "UBIGEO": "120706", "DISTRITO": "PALCA", "PROVINCIA": "TARMA", "DEPARTAMEN": "JUNIN", "Zonas": "Todas Zonas", "tipo_influencia": "Directa", "abreviatura": "PAL", "min_distance_m": 513.82499227536789, "susc_inund_niv": null, "susc_mmasa_niv": null, "susc_niv": null, "canalC_niv": "Medio", "exposicion_niv": "Medio" }, "geometry": { "type": "Point", "coordinates": [ -75.57127679, -11.34601943 ] } },
{ "type": "Feature", "properties": { "entity_id": "532", "entity_type": "salud", "Nombre del establecimiento": "HUAMANIA", "Clasificación": "PUESTOS DE SALUD O POSTAS DE SALUD", "Tipo": "ESTABLECIMIENTO DE SALUD SIN INTERNAMIENTO", "Categoria": "I-1", "Estado": "ACTIVO", "CAMAS": 0.0, "fecha_info": "2026-03-09T00:00:00", "sububigeo": "12070700", "UBIGEO": "120707", "DISTRITO": "PALCAMAYO", "PROVINCIA": "TARMA", "DEPARTAMEN": "JUNIN", "Zonas": "Todas Zonas", "tipo_influencia": "Indirecta", "abreviatura": "PLM", "min_distance_m": null, "susc_inund_niv": null, "susc_mmasa_niv": null, "susc_niv": null, "canalC_niv": null, "exposicion_niv": null }, "geometry": { "type": "Point", "coordinates": [ -75.79445243, -11.3058275 ] } },
{ "type": "Feature", "properties": { "entity_id": "523", "entity_type": "salud", "Nombre del establecimiento": "HUARACAYO", "Clasificación": "PUESTOS DE SALUD O POSTAS DE SALUD", "Tipo": "ESTABLECIMIENTO DE SALUD SIN INTERNAMIENTO", "Categoria": "I-1", "Estado": "ACTIVO", "CAMAS": 0.0, "fecha_info": "2026-03-09T00:00:00", "sububigeo": "12070200", "UBIGEO": "120702", "DISTRITO": "ACOBAMBA", "PROVINCIA": "TARMA", "DEPARTAMEN": "JUNIN", "Zonas": "Todas Zonas", "tipo_influencia": "Indirecta", "abreviatura": "ACO", "min_distance_m": null, "susc_inund_niv": null, "susc_mmasa_niv": null, "susc_niv": null, "canalC_niv": null, "exposicion_niv": null }, "geometry": { "type": "Point", "coordinates": [ -75.62470078, -11.34951532 ] } },
{ "type": "Feature", "properties": { "entity_id": "546", "entity_type": "salud", "Nombre del establecimiento": "SAN JUAN DE LA LIBERTAD", "Clasificación": "PUESTOS DE SALUD O POSTAS DE SALUD", "Tipo": "ESTABLECIMIENTO DE SALUD SIN INTERNAMIENTO", "Categoria": "I-1", "Estado": "ACTIVO", "CAMAS": 0.0, "fecha_info": "2026-03-09T00:00:00", "sububigeo": "12070400", "UBIGEO": "120704", "DISTRITO": "HUASAHUASI", "PROVINCIA": "TARMA", "DEPARTAMEN": "JUNIN", "Zonas": "Todas Zonas", "tipo_influencia": "Indirecta", "abreviatura": "HUA", "min_distance_m": null, "susc_inund_niv": null, "susc_mmasa_niv": null, "susc_niv": null, "canalC_niv": null, "exposicion_niv": null }, "geometry": { "type": "Point", "coordinates": [ -75.69123187000001, -11.25250671 ] } },
{ "type": "Feature", "properties": { "entity_id": "548", "entity_type": "salud", "Nombre del establecimiento": "TIAMBRA", "Clasificación": "PUESTOS DE SALUD O POSTAS DE SALUD", "Tipo": "ESTABLECIMIENTO DE SALUD SIN INTERNAMIENTO", "Categoria": "I-1", "Estado": "ACTIVO", "CAMAS": 0.0, "fecha_info": "2026-03-09T00:00:00", "sububigeo": "12070400", "UBIGEO": "120704", "DISTRITO": "HUASAHUASI", "PROVINCIA": "TARMA", "DEPARTAMEN": "JUNIN", "Zonas": "Todas Zonas", "tipo_influencia": "Indirecta", "abreviatura": "HUA", "min_distance_m": null, "susc_inund_niv": null, "susc_mmasa_niv": null, "susc_niv": null, "canalC_niv": null, "exposicion_niv": null }, "geometry": { "type": "Point", "coordinates": [ -75.6874835, -11.24017058 ] } },
{ "type": "Feature", "properties": { "entity_id": "585", "entity_type": "salud", "Nombre del establecimiento": "COCHAS", "Clasificación": "PUESTOS DE SALUD O POSTAS DE SALUD", "Tipo": "ESTABLECIMIENTO DE SALUD SIN INTERNAMIENTO", "Categoria": "I-1", "Estado": "ACTIVO", "CAMAS": 0.0, "fecha_info": "2026-03-09T00:00:00", "sububigeo": "12070100", "UBIGEO": "120701", "DISTRITO": "TARMA", "PROVINCIA": "TARMA", "DEPARTAMEN": "JUNIN", "Zonas": "Todas Zonas", "tipo_influencia": "Indirecta", "abreviatura": "TAR", "min_distance_m": null, "susc_inund_niv": "Muy alto", "susc_mmasa_niv": null, "susc_niv": "Muy alto", "canalC_niv": null, "exposicion_niv": "Muy alto" }, "geometry": { "type": "Point", "coordinates": [ -75.78314322, -11.41750062 ] } },
{ "type": "Feature", "properties": { "entity_id": "8678", "entity_type": "salud", "Nombre del establecimiento": "ESSALUD SAN PEDRO DE CAJAS", "Clasificación": "PUESTOS DE SALUD O POSTAS DE SALUD", "Tipo": "ESTABLECIMIENTO DE SALUD SIN INTERNAMIENTO", "Categoria": "I-2", "Estado": "ACTIVO", "CAMAS": 0.0, "fecha_info": "2026-03-09T00:00:00", "sububigeo": "12070800", "UBIGEO": "120708", "DISTRITO": "SAN PEDRO DE CAJAS", "PROVINCIA": "TARMA", "DEPARTAMEN": "JUNIN", "Zonas": "Todas Zonas", "tipo_influencia": "Indirecta", "abreviatura": "SPC", "min_distance_m": null, "susc_inund_niv": null, "susc_mmasa_niv": null, "susc_niv": null, "canalC_niv": null, "exposicion_niv": null }, "geometry": { "type": "Point", "coordinates": [ -75.8577528, -11.2493815 ] } },
{ "type": "Feature", "properties": { "entity_id": "524", "entity_type": "salud", "Nombre del establecimiento": "TUPIN", "Clasificación": "PUESTOS DE SALUD O POSTAS DE SALUD", "Tipo": "ESTABLECIMIENTO DE SALUD SIN INTERNAMIENTO", "Categoria": "I-1", "Estado": "ACTIVO", "CAMAS": 0.0, "fecha_info": "2026-03-09T00:00:00", "sububigeo": "12070200", "UBIGEO": "120702", "DISTRITO": "ACOBAMBA", "PROVINCIA": "TARMA", "DEPARTAMEN": "JUNIN", "Zonas": "Todas Zonas", "tipo_influencia": "Indirecta", "abreviatura": "ACO", "min_distance_m": 1854.1076488649785, "susc_inund_niv": "Muy alto", "susc_mmasa_niv": "Alto", "susc_niv": "Muy alto", "canalC_niv": "Medio", "exposicion_niv": "Muy alto" }, "geometry": { "type": "Point", "coordinates": [ -75.68640769, -11.366027 ] } },
{ "type": "Feature", "properties": { "entity_id": "29374", "entity_type": "salud", "Nombre del establecimiento": "CENTRO DE AISLAMIENTO TEMPORAL TARMA", "Clasificación": null, "Tipo": "SERVICIO MÉDICO DE APOYO", "Categoria": "Sin Categoría", "Estado": "BAJA DEFINITIVA", "CAMAS": 0.0, "fecha_info": "2026-03-09T00:00:00", "sububigeo": "12070100", "UBIGEO": "120701", "DISTRITO": "TARMA", "PROVINCIA": "TARMA", "DEPARTAMEN": "JUNIN", "Zonas": "Todas Zonas", "tipo_influencia": "Indirecta", "abreviatura": "TAR", "min_distance_m": 401.45480047460563, "susc_inund_niv": "Muy alto", "susc_mmasa_niv": null, "susc_niv": "Muy alto", "canalC_niv": "Muy alto", "exposicion_niv": "Muy alto" }, "geometry": { "type": "Point", "coordinates": [ -75.6889493, -11.4193347 ] } },
{ "type": "Feature", "properties": { "entity_id": "590", "entity_type": "salud", "Nombre del establecimiento": "MISARURASHA", "Clasificación": "PUESTOS DE SALUD O POSTAS DE SALUD", "Tipo": "ESTABLECIMIENTO DE SALUD SIN INTERNAMIENTO", "Categoria": "I-1", "Estado": "ACTIVO", "CAMAS": 0.0, "fecha_info": "2026-03-09T00:00:00", "sububigeo": "12070100", "UBIGEO": "120701", "DISTRITO": "TARMA", "PROVINCIA": "TARMA", "DEPARTAMEN": "JUNIN", "Zonas": "Todas Zonas", "tipo_influencia": "Indirecta", "abreviatura": "TAR", "min_distance_m": null, "susc_inund_niv": null, "susc_mmasa_niv": null, "susc_niv": null, "canalC_niv": null, "exposicion_niv": null }, "geometry": { "type": "Point", "coordinates": [ -75.66404206, -11.44940847 ] } },
{ "type": "Feature", "properties": { "entity_id": "37686", "entity_type": "salud", "Nombre del establecimiento": "SERVICIO MEDICO \"SEDIMEDIC\"", "Clasificación": "CONSULTORIOS MEDICOS Y DE OTROS PROFESIONALES DE LA SALUD", "Tipo": "ESTABLECIMIENTO DE SALUD SIN INTERNAMIENTO", "Categoria": "I-2", "Estado": "ACTIVO", "CAMAS": 0.0, "fecha_info": "2026-03-09T00:00:00", "sububigeo": "12070100", "UBIGEO": "120701", "DISTRITO": "TARMA", "PROVINCIA": "TARMA", "DEPARTAMEN": "JUNIN", "Zonas": "Todas Zonas", "tipo_influencia": "Indirecta", "abreviatura": "TAR", "min_distance_m": 651.81826309461792, "susc_inund_niv": "Medio", "susc_mmasa_niv": null, "susc_niv": "Medio", "canalC_niv": "Muy alto", "exposicion_niv": "Muy alto" }, "geometry": { "type": "Point", "coordinates": [ -75.68742759, -11.41676651 ] } },
{ "type": "Feature", "properties": { "entity_id": "28658", "entity_type": "salud", "Nombre del establecimiento": "MEDIC SOLORZANO", "Clasificación": "CENTROS DE SALUD O CENTROS MEDICOS", "Tipo": "ESTABLECIMIENTO DE SALUD SIN INTERNAMIENTO", "Categoria": "I-3", "Estado": "ACTIVO", "CAMAS": 0.0, "fecha_info": "2026-03-09T00:00:00", "sububigeo": "12070100", "UBIGEO": "120701", "DISTRITO": "TARMA", "PROVINCIA": "TARMA", "DEPARTAMEN": "JUNIN", "Zonas": "Todas Zonas", "tipo_influencia": "Indirecta", "abreviatura": "TAR", "min_distance_m": 1074.7267574556447, "susc_inund_niv": null, "susc_mmasa_niv": null, "susc_niv": null, "canalC_niv": "Muy alto", "exposicion_niv": "Muy alto" }, "geometry": { "type": "Point", "coordinates": [ -75.6815674, -11.4079322 ] } },
{ "type": "Feature", "properties": { "entity_id": "593", "entity_type": "salud", "Nombre del establecimiento": "SANYACANCHA", "Clasificación": "PUESTOS DE SALUD O POSTAS DE SALUD", "Tipo": "ESTABLECIMIENTO DE SALUD SIN INTERNAMIENTO", "Categoria": "I-1", "Estado": "ACTIVO", "CAMAS": 0.0, "fecha_info": "2026-03-09T00:00:00", "sububigeo": "12070100", "UBIGEO": "120701", "DISTRITO": "TARMA", "PROVINCIA": "TARMA", "DEPARTAMEN": "JUNIN", "Zonas": "Todas Zonas", "tipo_influencia": "Indirecta", "abreviatura": "TAR", "min_distance_m": null, "susc_inund_niv": "Alto", "susc_mmasa_niv": "Alto", "susc_niv": "Alto", "canalC_niv": null, "exposicion_niv": "Alto" }, "geometry": { "type": "Point", "coordinates": [ -75.75211115, -11.44082697 ] } },
{ "type": "Feature", "properties": { "entity_id": "27079", "entity_type": "salud", "Nombre del establecimiento": "CENTRO DE SALUD MENTAL COMUNITARIO TARMA", "Clasificación": "CENTROS DE SALUD O CENTROS MEDICOS", "Tipo": "ESTABLECIMIENTO DE SALUD SIN INTERNAMIENTO", "Categoria": "I-3", "Estado": "BAJA PROVISIONAL", "CAMAS": 0.0, "fecha_info": "2026-03-09T00:00:00", "sububigeo": "12070100", "UBIGEO": "120701", "DISTRITO": "TARMA", "PROVINCIA": "TARMA", "DEPARTAMEN": "JUNIN", "Zonas": "Todas Zonas", "tipo_influencia": "Indirecta", "abreviatura": "TAR", "min_distance_m": 547.61531044832941, "susc_inund_niv": null, "susc_mmasa_niv": "Muy alto", "susc_niv": "Muy alto", "canalC_niv": "Muy alto", "exposicion_niv": "Muy alto" }, "geometry": { "type": "Point", "coordinates": [ -75.68526394, -11.4182147 ] } },
{ "type": "Feature", "properties": { "entity_id": "19252", "entity_type": "salud", "Nombre del establecimiento": "CONSULTORIO DENTAL\"SEÑOR DE LUREN\"", "Clasificación": "CONSULTORIOS MEDICOS Y DE OTROS PROFESIONALES DE LA SALUD", "Tipo": "ESTABLECIMIENTO DE SALUD SIN INTERNAMIENTO", "Categoria": "I-1", "Estado": "ACTIVO", "CAMAS": 0.0, "fecha_info": "2026-03-09T00:00:00", "sububigeo": "15011900", "UBIGEO": "150119", "DISTRITO": "LURIN", "PROVINCIA": "LIMA", "DEPARTAMEN": "LIMA", "Zonas": "Todas Zonas", "tipo_influencia": "Directa", "abreviatura": "LUR", "min_distance_m": 792.19682037647624, "susc_inund_niv": "Medio", "susc_mmasa_niv": null, "susc_niv": "Medio", "canalC_niv": "Muy alto", "exposicion_niv": "Muy alto" }, "geometry": { "type": "Point", "coordinates": [ -76.910694, -12.235111 ] } },
{ "type": "Feature", "properties": { "entity_id": "600", "entity_type": "salud", "Nombre del establecimiento": "UCHURACRA", "Clasificación": "PUESTOS DE SALUD O POSTAS DE SALUD", "Tipo": "ESTABLECIMIENTO DE SALUD SIN INTERNAMIENTO", "Categoria": "I-1", "Estado": "ACTIVO", "CAMAS": 0.0, "fecha_info": "2026-03-09T00:00:00", "sububigeo": "12070503", "UBIGEO": "120705", "DISTRITO": "LA UNION", "PROVINCIA": "TARMA", "DEPARTAMEN": "JUNIN", "Zonas": "Blanco 1", "tipo_influencia": "Directa", "abreviatura": "LUL", "min_distance_m": null, "susc_inund_niv": "Alto", "susc_mmasa_niv": null, "susc_niv": "Alto", "canalC_niv": null, "exposicion_niv": "Alto" }, "geometry": { "type": "Point", "coordinates": [ -75.71666737, -11.37060473 ] } },
{ "type": "Feature", "properties": { "entity_id": "558", "entity_type": "salud", "Nombre del establecimiento": "ACANCOCHA", "Clasificación": "PUESTOS DE SALUD O POSTAS DE SALUD", "Tipo": "ESTABLECIMIENTO DE SALUD SIN INTERNAMIENTO", "Categoria": "I-1", "Estado": "ACTIVO", "CAMAS": 0.0, "fecha_info": "2026-03-09T00:00:00", "sububigeo": "12070800", "UBIGEO": "120708", "DISTRITO": "SAN PEDRO DE CAJAS", "PROVINCIA": "TARMA", "DEPARTAMEN": "JUNIN", "Zonas": "Todas Zonas", "tipo_influencia": "Indirecta", "abreviatura": "SPC", "min_distance_m": null, "susc_inund_niv": null, "susc_mmasa_niv": null, "susc_niv": null, "canalC_niv": null, "exposicion_niv": null }, "geometry": { "type": "Point", "coordinates": [ -75.76160309, -11.02751514 ] } },
{ "type": "Feature", "properties": { "entity_id": "542", "entity_type": "salud", "Nombre del establecimiento": "HUASAHUASI", "Clasificación": "CENTROS DE SALUD CON CAMAS DE INTERNAMIENTO", "Tipo": "ESTABLECIMIENTO DE SALUD CON INTERNAMIENTO", "Categoria": "I-4", "Estado": "ACTIVO", "CAMAS": 6.0, "fecha_info": "2026-03-09T00:00:00", "sububigeo": "12070400", "UBIGEO": "120704", "DISTRITO": "HUASAHUASI", "PROVINCIA": "TARMA", "DEPARTAMEN": "JUNIN", "Zonas": "Todas Zonas", "tipo_influencia": "Indirecta", "abreviatura": "HUA", "min_distance_m": 130.85891761531215, "susc_inund_niv": null, "susc_mmasa_niv": null, "susc_niv": null, "canalC_niv": "Medio", "exposicion_niv": "Medio" }, "geometry": { "type": "Point", "coordinates": [ -75.64738585, -11.26602291 ] } },
{ "type": "Feature", "properties": { "entity_id": "8654", "entity_type": "salud", "Nombre del establecimiento": "HOSPITAL I TARMA", "Clasificación": "CENTROS DE SALUD CON CAMAS DE INTERNAMIENTO", "Tipo": "ESTABLECIMIENTO DE SALUD CON INTERNAMIENTO", "Categoria": "I-4", "Estado": "ACTIVO", "CAMAS": 5.0, "fecha_info": "2026-03-09T00:00:00", "sububigeo": "12070100", "UBIGEO": "120701", "DISTRITO": "TARMA", "PROVINCIA": "TARMA", "DEPARTAMEN": "JUNIN", "Zonas": "Todas Zonas", "tipo_influencia": "Indirecta", "abreviatura": "TAR", "min_distance_m": 1630.1447181903873, "susc_inund_niv": "Muy alto", "susc_mmasa_niv": null, "susc_niv": "Muy alto", "canalC_niv": "Medio", "exposicion_niv": "Muy alto" }, "geometry": { "type": "Point", "coordinates": [ -75.6874875, -11.39716778 ] } },
{ "type": "Feature", "properties": { "entity_id": "598", "entity_type": "salud", "Nombre del establecimiento": "CUYRUHUASI", "Clasificación": "PUESTOS DE SALUD O POSTAS DE SALUD", "Tipo": "ESTABLECIMIENTO DE SALUD SIN INTERNAMIENTO", "Categoria": "I-1", "Estado": "ACTIVO", "CAMAS": 0.0, "fecha_info": "2026-03-09T00:00:00", "sububigeo": "12070502", "UBIGEO": "120705", "DISTRITO": "LA UNION", "PROVINCIA": "TARMA", "DEPARTAMEN": "JUNIN", "Zonas": "Chancha", "tipo_influencia": "Directa", "abreviatura": "LUL", "min_distance_m": null, "susc_inund_niv": null, "susc_mmasa_niv": "Alto", "susc_niv": "Alto", "canalC_niv": null, "exposicion_niv": "Alto" }, "geometry": { "type": "Point", "coordinates": [ -75.73234932, -11.37460039 ] } },
{ "type": "Feature", "properties": { "entity_id": "581", "entity_type": "salud", "Nombre del establecimiento": "QUETA", "Clasificación": "PUESTOS DE SALUD O POSTAS DE SALUD", "Tipo": "ESTABLECIMIENTO DE SALUD SIN INTERNAMIENTO", "Categoria": "I-1", "Estado": "ACTIVO", "CAMAS": 0.0, "fecha_info": "2026-03-09T00:00:00", "sububigeo": "12070900", "UBIGEO": "120709", "DISTRITO": "TAPO", "PROVINCIA": "TARMA", "DEPARTAMEN": "JUNIN", "Zonas": "Todas Zonas", "tipo_influencia": "Indirecta", "abreviatura": "TAP", "min_distance_m": null, "susc_inund_niv": null, "susc_mmasa_niv": null, "susc_niv": null, "canalC_niv": null, "exposicion_niv": null }, "geometry": { "type": "Point", "coordinates": [ -75.57828703, -11.43180949 ] } },
{ "type": "Feature", "properties": { "entity_id": "580", "entity_type": "salud", "Nombre del establecimiento": "CASACOTO - SAN ANTONIO", "Clasificación": "PUESTOS DE SALUD O POSTAS DE SALUD", "Tipo": "ESTABLECIMIENTO DE SALUD SIN INTERNAMIENTO", "Categoria": "I-1", "Estado": "ACTIVO", "CAMAS": 0.0, "fecha_info": "2026-03-09T00:00:00", "sububigeo": "12070900", "UBIGEO": "120709", "DISTRITO": "TAPO", "PROVINCIA": "TARMA", "DEPARTAMEN": "JUNIN", "Zonas": "Todas Zonas", "tipo_influencia": "Indirecta", "abreviatura": "TAP", "min_distance_m": null, "susc_inund_niv": null, "susc_mmasa_niv": null, "susc_niv": null, "canalC_niv": null, "exposicion_niv": null }, "geometry": { "type": "Point", "coordinates": [ -75.57553126, -11.36888005 ] } },
{ "type": "Feature", "properties": { "entity_id": "575", "entity_type": "salud", "Nombre del establecimiento": "HUARIPAMPA", "Clasificación": "PUESTOS DE SALUD O POSTAS DE SALUD", "Tipo": "ESTABLECIMIENTO DE SALUD SIN INTERNAMIENTO", "Categoria": "I-1", "Estado": "ACTIVO", "CAMAS": 0.0, "fecha_info": "2026-03-09T00:00:00", "sububigeo": "12070900", "UBIGEO": "120709", "DISTRITO": "TAPO", "PROVINCIA": "TARMA", "DEPARTAMEN": "JUNIN", "Zonas": "Todas Zonas", "tipo_influencia": "Indirecta", "abreviatura": "TAP", "min_distance_m": null, "susc_inund_niv": null, "susc_mmasa_niv": null, "susc_niv": null, "canalC_niv": null, "exposicion_niv": null }, "geometry": { "type": "Point", "coordinates": [ -75.53234093, -11.43372922 ] } },
{ "type": "Feature", "properties": { "entity_id": "574", "entity_type": "salud", "Nombre del establecimiento": "YAROCA", "Clasificación": "PUESTOS DE SALUD O POSTAS DE SALUD", "Tipo": "ESTABLECIMIENTO DE SALUD SIN INTERNAMIENTO", "Categoria": "I-1", "Estado": "ACTIVO", "CAMAS": 0.0, "fecha_info": "2026-03-09T00:00:00", "sububigeo": "12070900", "UBIGEO": "120709", "DISTRITO": "TAPO", "PROVINCIA": "TARMA", "DEPARTAMEN": "JUNIN", "Zonas": "Todas Zonas", "tipo_influencia": "Indirecta", "abreviatura": "TAP", "min_distance_m": 327.41936678846849, "susc_inund_niv": null, "susc_mmasa_niv": null, "susc_niv": null, "canalC_niv": "Muy alto", "exposicion_niv": "Muy alto" }, "geometry": { "type": "Point", "coordinates": [ -75.54419452, -11.37263859 ] } },
{ "type": "Feature", "properties": { "entity_id": "547", "entity_type": "salud", "Nombre del establecimiento": "CHIRAS", "Clasificación": "PUESTOS DE SALUD O POSTAS DE SALUD", "Tipo": "ESTABLECIMIENTO DE SALUD SIN INTERNAMIENTO", "Categoria": "I-1", "Estado": "ACTIVO", "CAMAS": 0.0, "fecha_info": "2026-03-09T00:00:00", "sububigeo": "12070400", "UBIGEO": "120704", "DISTRITO": "HUASAHUASI", "PROVINCIA": "TARMA", "DEPARTAMEN": "JUNIN", "Zonas": "Todas Zonas", "tipo_influencia": "Indirecta", "abreviatura": "HUA", "min_distance_m": 1456.0939862178118, "susc_inund_niv": null, "susc_mmasa_niv": null, "susc_niv": null, "canalC_niv": "Medio", "exposicion_niv": "Medio" }, "geometry": { "type": "Point", "coordinates": [ -75.66283572, -11.27516788 ] } },
{ "type": "Feature", "properties": { "entity_id": "586", "entity_type": "salud", "Nombre del establecimiento": "MUYLO", "Clasificación": "PUESTOS DE SALUD O POSTAS DE SALUD", "Tipo": "ESTABLECIMIENTO DE SALUD SIN INTERNAMIENTO", "Categoria": "I-1", "Estado": "ACTIVO", "CAMAS": 0.0, "fecha_info": "2026-03-09T00:00:00", "sububigeo": "12070100", "UBIGEO": "120701", "DISTRITO": "TARMA", "PROVINCIA": "TARMA", "DEPARTAMEN": "JUNIN", "Zonas": "Todas Zonas", "tipo_influencia": "Indirecta", "abreviatura": "TAR", "min_distance_m": null, "susc_inund_niv": "Alto", "susc_mmasa_niv": "Alto", "susc_niv": "Alto", "canalC_niv": null, "exposicion_niv": "Alto" }, "geometry": { "type": "Point", "coordinates": [ -75.77419752, -11.43726392 ] } },
{ "type": "Feature", "properties": { "entity_id": "592", "entity_type": "salud", "Nombre del establecimiento": "PALCAPACCHA", "Clasificación": "PUESTOS DE SALUD O POSTAS DE SALUD", "Tipo": "ESTABLECIMIENTO DE SALUD SIN INTERNAMIENTO", "Categoria": "I-1", "Estado": "ACTIVO", "CAMAS": 0.0, "fecha_info": "2026-03-09T00:00:00", "sububigeo": "12070100", "UBIGEO": "120701", "DISTRITO": "TARMA", "PROVINCIA": "TARMA", "DEPARTAMEN": "JUNIN", "Zonas": "Todas Zonas", "tipo_influencia": "Indirecta", "abreviatura": "TAR", "min_distance_m": 1513.1972437404397, "susc_inund_niv": "Medio", "susc_mmasa_niv": "Alto", "susc_niv": "Alto", "canalC_niv": "Medio", "exposicion_niv": "Alto" }, "geometry": { "type": "Point", "coordinates": [ -75.80746456, -11.46467205 ] } },
{ "type": "Feature", "properties": { "entity_id": "18943", "entity_type": "salud", "Nombre del establecimiento": "PARROQUIAL DE SALUD MENTAL\"SAN JOSE\"", "Clasificación": "CONSULTORIOS MEDICOS Y DE OTROS PROFESIONALES DE LA SALUD", "Tipo": "ESTABLECIMIENTO DE SALUD SIN INTERNAMIENTO", "Categoria": "I-2", "Estado": "ACTIVO", "CAMAS": 0.0, "fecha_info": "2026-03-09T00:00:00", "sububigeo": "15014200", "UBIGEO": "150142", "DISTRITO": "VILLA EL SALVADOR", "PROVINCIA": "LIMA", "DEPARTAMEN": "LIMA", "Zonas": "Todas Zonas", "tipo_influencia": "Directa", "abreviatura": "VES", "min_distance_m": null, "susc_inund_niv": "Medio", "susc_mmasa_niv": null, "susc_niv": "Medio", "canalC_niv": null, "exposicion_niv": "Medio" }, "geometry": { "type": "Point", "coordinates": [ -76.9415442, -12.2162218 ] } },
{ "type": "Feature", "properties": { "entity_id": "576", "entity_type": "salud", "Nombre del establecimiento": "PATAY", "Clasificación": "PUESTOS DE SALUD O POSTAS DE SALUD", "Tipo": "ESTABLECIMIENTO DE SALUD SIN INTERNAMIENTO", "Categoria": "I-1", "Estado": "ACTIVO", "CAMAS": 0.0, "fecha_info": "2026-03-09T00:00:00", "sububigeo": "12070600", "UBIGEO": "120706", "DISTRITO": "PALCA", "PROVINCIA": "TARMA", "DEPARTAMEN": "JUNIN", "Zonas": "Todas Zonas", "tipo_influencia": "Directa", "abreviatura": "PAL", "min_distance_m": null, "susc_inund_niv": null, "susc_mmasa_niv": null, "susc_niv": null, "canalC_niv": null, "exposicion_niv": null }, "geometry": { "type": "Point", "coordinates": [ -75.56843266, -11.30832424 ] } },
{ "type": "Feature", "properties": { "entity_id": "32196", "entity_type": "salud", "Nombre del establecimiento": "CONSULTORIO ODONTOLOGICO ORTHOSTETIC", "Clasificación": "CONSULTORIOS MEDICOS Y DE OTROS PROFESIONALES DE LA SALUD", "Tipo": "ESTABLECIMIENTO DE SALUD SIN INTERNAMIENTO", "Categoria": "I-1", "Estado": "ACTIVO", "CAMAS": 0.0, "fecha_info": "2026-03-09T00:00:00", "sububigeo": "12070100", "UBIGEO": "120701", "DISTRITO": "TARMA", "PROVINCIA": "TARMA", "DEPARTAMEN": "JUNIN", "Zonas": "Todas Zonas", "tipo_influencia": "Indirecta", "abreviatura": "TAR", "min_distance_m": 323.03998510112166, "susc_inund_niv": "Alto", "susc_mmasa_niv": null, "susc_niv": "Alto", "canalC_niv": "Muy alto", "exposicion_niv": "Muy alto" }, "geometry": { "type": "Point", "coordinates": [ -75.6923926, -11.4239682 ] } },
{ "type": "Feature", "properties": { "entity_id": "33674", "entity_type": "salud", "Nombre del establecimiento": "LUCEMEDIC", "Clasificación": "POLICLINICOS", "Tipo": "ESTABLECIMIENTO DE SALUD SIN INTERNAMIENTO", "Categoria": "I-3", "Estado": "ACTIVO", "CAMAS": 0.0, "fecha_info": "2026-03-09T00:00:00", "sububigeo": "12070100", "UBIGEO": "120701", "DISTRITO": "TARMA", "PROVINCIA": "TARMA", "DEPARTAMEN": "JUNIN", "Zonas": "Todas Zonas", "tipo_influencia": "Indirecta", "abreviatura": "TAR", "min_distance_m": 703.82142701845635, "susc_inund_niv": null, "susc_mmasa_niv": null, "susc_niv": null, "canalC_niv": "Muy alto", "exposicion_niv": "Muy alto" }, "geometry": { "type": "Point", "coordinates": [ -75.684232, -11.41404630000001 ] } },
{ "type": "Feature", "properties": { "entity_id": "30959", "entity_type": "salud", "Nombre del establecimiento": "SANTA ANA", "Clasificación": "POLICLINICOS", "Tipo": "ESTABLECIMIENTO DE SALUD SIN INTERNAMIENTO", "Categoria": "I-3", "Estado": "ACTIVO", "CAMAS": 0.0, "fecha_info": "2026-03-09T00:00:00", "sububigeo": "12070100", "UBIGEO": "120701", "DISTRITO": "TARMA", "PROVINCIA": "TARMA", "DEPARTAMEN": "JUNIN", "Zonas": "Todas Zonas", "tipo_influencia": "Indirecta", "abreviatura": "TAR", "min_distance_m": 335.86685827702263, "susc_inund_niv": "Alto", "susc_mmasa_niv": null, "susc_niv": "Alto", "canalC_niv": "Muy alto", "exposicion_niv": "Muy alto" }, "geometry": { "type": "Point", "coordinates": [ -75.69235085, -11.42383827 ] } },
{ "type": "Feature", "properties": { "entity_id": "533", "entity_type": "salud", "Nombre del establecimiento": "CALCA", "Clasificación": "PUESTOS DE SALUD O POSTAS DE SALUD", "Tipo": "ESTABLECIMIENTO DE SALUD SIN INTERNAMIENTO", "Categoria": "I-1", "Estado": "ACTIVO", "CAMAS": 0.0, "fecha_info": "2026-03-09T00:00:00", "sububigeo": "12070700", "UBIGEO": "120707", "DISTRITO": "PALCAMAYO", "PROVINCIA": "TARMA", "DEPARTAMEN": "JUNIN", "Zonas": "Todas Zonas", "tipo_influencia": "Indirecta", "abreviatura": "PLM", "min_distance_m": null, "susc_inund_niv": null, "susc_mmasa_niv": null, "susc_niv": null, "canalC_niv": null, "exposicion_niv": null }, "geometry": { "type": "Point", "coordinates": [ -75.71568131, -11.3103497 ] } },
{ "type": "Feature", "properties": { "entity_id": "577", "entity_type": "salud", "Nombre del establecimiento": "TAPO", "Clasificación": "PUESTOS DE SALUD O POSTAS DE SALUD", "Tipo": "ESTABLECIMIENTO DE SALUD SIN INTERNAMIENTO", "Categoria": "I-2", "Estado": "ACTIVO", "CAMAS": 0.0, "fecha_info": "2026-03-09T00:00:00", "sububigeo": "12070900", "UBIGEO": "120709", "DISTRITO": "TAPO", "PROVINCIA": "TARMA", "DEPARTAMEN": "JUNIN", "Zonas": "Todas Zonas", "tipo_influencia": "Indirecta", "abreviatura": "TAP", "min_distance_m": null, "susc_inund_niv": null, "susc_mmasa_niv": null, "susc_niv": null, "canalC_niv": null, "exposicion_niv": null }, "geometry": { "type": "Point", "coordinates": [ -75.56372362, -11.38226672 ] } },
{ "type": "Feature", "properties": { "entity_id": "522", "entity_type": "salud", "Nombre del establecimiento": "PICOY", "Clasificación": "PUESTOS DE SALUD O POSTAS DE SALUD", "Tipo": "ESTABLECIMIENTO DE SALUD SIN INTERNAMIENTO", "Categoria": "I-1", "Estado": "ACTIVO", "CAMAS": 0.0, "fecha_info": "2026-03-09T00:00:00", "sububigeo": "12070200", "UBIGEO": "120702", "DISTRITO": "ACOBAMBA", "PROVINCIA": "TARMA", "DEPARTAMEN": "JUNIN", "Zonas": "Todas Zonas", "tipo_influencia": "Indirecta", "abreviatura": "ACO", "min_distance_m": null, "susc_inund_niv": "Muy alto", "susc_mmasa_niv": null, "susc_niv": "Muy alto", "canalC_niv": null, "exposicion_niv": "Muy alto" }, "geometry": { "type": "Point", "coordinates": [ -75.69354773, -11.3233906 ] } },
{ "type": "Feature", "properties": { "entity_id": "528", "entity_type": "salud", "Nombre del establecimiento": "YANAPUQUIO", "Clasificación": "PUESTOS DE SALUD O POSTAS DE SALUD", "Tipo": "ESTABLECIMIENTO DE SALUD SIN INTERNAMIENTO", "Categoria": "I-1", "Estado": "ACTIVO", "CAMAS": 0.0, "fecha_info": "2026-03-09T00:00:00", "sububigeo": "12070700", "UBIGEO": "120707", "DISTRITO": "PALCAMAYO", "PROVINCIA": "TARMA", "DEPARTAMEN": "JUNIN", "Zonas": "Todas Zonas", "tipo_influencia": "Indirecta", "abreviatura": "PLM", "min_distance_m": null, "susc_inund_niv": null, "susc_mmasa_niv": null, "susc_niv": null, "canalC_niv": null, "exposicion_niv": null }, "geometry": { "type": "Point", "coordinates": [ -75.81323862, -11.2449789 ] } },
{ "type": "Feature", "properties": { "entity_id": "35494", "entity_type": "salud", "Nombre del establecimiento": "VILLA SOLIDARIA", "Clasificación": "CONSULTORIOS MEDICOS Y DE OTROS PROFESIONALES DE LA SALUD", "Tipo": "ESTABLECIMIENTO DE SALUD SIN INTERNAMIENTO", "Categoria": "I-2", "Estado": "ACTIVO", "CAMAS": 0.0, "fecha_info": "2026-03-09T00:00:00", "sububigeo": "15014200", "UBIGEO": "150142", "DISTRITO": "VILLA EL SALVADOR", "PROVINCIA": "LIMA", "DEPARTAMEN": "LIMA", "Zonas": "Todas Zonas", "tipo_influencia": "Directa", "abreviatura": "VES", "min_distance_m": 1870.9247323394306, "susc_inund_niv": "Medio", "susc_mmasa_niv": null, "susc_niv": "Medio", "canalC_niv": "Muy alto", "exposicion_niv": "Muy alto" }, "geometry": { "type": "Point", "coordinates": [ -76.95890463, -12.19493907 ] } },
{ "type": "Feature", "properties": { "entity_id": "37570", "entity_type": "salud", "Nombre del establecimiento": "CENTRO DE SALUD MENTAL COMUNITARIO TARMA", "Clasificación": "CENTROS MEDICOS ESPECIALIZADOS", "Tipo": "ESTABLECIMIENTO DE SALUD SIN INTERNAMIENTO", "Categoria": "I-3", "Estado": "ACTIVO", "CAMAS": 0.0, "fecha_info": "2026-03-09T00:00:00", "sububigeo": "12070100", "UBIGEO": "120701", "DISTRITO": "TARMA", "PROVINCIA": "TARMA", "DEPARTAMEN": "JUNIN", "Zonas": "Todas Zonas", "tipo_influencia": "Indirecta", "abreviatura": "TAR", "min_distance_m": 626.90934461631775, "susc_inund_niv": "Alto", "susc_mmasa_niv": null, "susc_niv": "Alto", "canalC_niv": "Muy alto", "exposicion_niv": "Muy alto" }, "geometry": { "type": "Point", "coordinates": [ -75.69290559, -11.42080828 ] } },
{ "type": "Feature", "properties": { "entity_id": "37516", "entity_type": "salud", "Nombre del establecimiento": "BIOIMPLANT CONSULTORIO DENTAL", "Clasificación": "CONSULTORIOS MEDICOS Y DE OTROS PROFESIONALES DE LA SALUD", "Tipo": "ESTABLECIMIENTO DE SALUD SIN INTERNAMIENTO", "Categoria": "I-1", "Estado": "ACTIVO", "CAMAS": 0.0, "fecha_info": "2026-03-09T00:00:00", "sububigeo": "15014200", "UBIGEO": "150142", "DISTRITO": "VILLA EL SALVADOR", "PROVINCIA": "LIMA", "DEPARTAMEN": "LIMA", "Zonas": "Todas Zonas", "tipo_influencia": "Directa", "abreviatura": "VES", "min_distance_m": 1817.9990338536095, "susc_inund_niv": "Medio", "susc_mmasa_niv": null, "susc_niv": "Medio", "canalC_niv": "Muy alto", "exposicion_niv": "Muy alto" }, "geometry": { "type": "Point", "coordinates": [ -76.93888, -12.20994855 ] } },
{ "type": "Feature", "properties": { "entity_id": "35182", "entity_type": "salud", "Nombre del establecimiento": "CONSULTORIO MEDICO CAMD", "Clasificación": "CONSULTORIOS MEDICOS Y DE OTROS PROFESIONALES DE LA SALUD", "Tipo": "ESTABLECIMIENTO DE SALUD SIN INTERNAMIENTO", "Categoria": "I-2", "Estado": "ACTIVO", "CAMAS": 0.0, "fecha_info": "2026-03-09T00:00:00", "sububigeo": "15014200", "UBIGEO": "150142", "DISTRITO": "VILLA EL SALVADOR", "PROVINCIA": "LIMA", "DEPARTAMEN": "LIMA", "Zonas": "Todas Zonas", "tipo_influencia": "Directa", "abreviatura": "VES", "min_distance_m": 1967.1341227918692, "susc_inund_niv": "Medio", "susc_mmasa_niv": null, "susc_niv": "Medio", "canalC_niv": "Muy alto", "exposicion_niv": "Muy alto" }, "geometry": { "type": "Point", "coordinates": [ -76.9588018, -12.1962146 ] } },
{ "type": "Feature", "properties": { "entity_id": "35512", "entity_type": "salud", "Nombre del establecimiento": "ODONTOMARK S.A.C", "Clasificación": "CONSULTORIOS MEDICOS Y DE OTROS PROFESIONALES DE LA SALUD", "Tipo": "ESTABLECIMIENTO DE SALUD SIN INTERNAMIENTO", "Categoria": "I-1", "Estado": "ACTIVO", "CAMAS": 0.0, "fecha_info": "2026-03-09T00:00:00", "sububigeo": "15014200", "UBIGEO": "150142", "DISTRITO": "VILLA EL SALVADOR", "PROVINCIA": "LIMA", "DEPARTAMEN": "LIMA", "Zonas": "Todas Zonas", "tipo_influencia": "Directa", "abreviatura": "VES", "min_distance_m": 902.04059976223562, "susc_inund_niv": "Medio", "susc_mmasa_niv": null, "susc_niv": "Medio", "canalC_niv": "Muy alto", "exposicion_niv": "Muy alto" }, "geometry": { "type": "Point", "coordinates": [ -76.9455821, -12.19086757 ] } },
{ "type": "Feature", "properties": { "entity_id": "35331", "entity_type": "salud", "Nombre del establecimiento": "Dental Identical Villa El Salvador I", "Clasificación": "CONSULTORIOS MEDICOS Y DE OTROS PROFESIONALES DE LA SALUD", "Tipo": "ESTABLECIMIENTO DE SALUD SIN INTERNAMIENTO", "Categoria": "I-1", "Estado": "ACTIVO", "CAMAS": 0.0, "fecha_info": "2026-03-09T00:00:00", "sububigeo": "15014200", "UBIGEO": "150142", "DISTRITO": "VILLA EL SALVADOR", "PROVINCIA": "LIMA", "DEPARTAMEN": "LIMA", "Zonas": "Todas Zonas", "tipo_influencia": "Directa", "abreviatura": "VES", "min_distance_m": 1743.2488681784282, "susc_inund_niv": "Medio", "susc_mmasa_niv": null, "susc_niv": "Medio", "canalC_niv": "Muy alto", "exposicion_niv": "Muy alto" }, "geometry": { "type": "Point", "coordinates": [ -76.93994947, -12.20865296 ] } },
{ "type": "Feature", "properties": { "entity_id": "34605", "entity_type": "salud", "Nombre del establecimiento": "MARINO DENT", "Clasificación": "CONSULTORIOS MEDICOS Y DE OTROS PROFESIONALES DE LA SALUD", "Tipo": "ESTABLECIMIENTO DE SALUD SIN INTERNAMIENTO", "Categoria": "I-1", "Estado": "CIERRE TEMPORAL DE OFICIO", "CAMAS": 0.0, "fecha_info": "2026-03-09T00:00:00", "sububigeo": "15013300", "UBIGEO": "150133", "DISTRITO": "SAN JUAN DE MIRAFLORES", "PROVINCIA": "LIMA", "DEPARTAMEN": "LIMA", "Zonas": "Todas Zonas", "tipo_influencia": "Indirecta", "abreviatura": "SJM", "min_distance_m": 1433.7792702501479, "susc_inund_niv": "Medio", "susc_mmasa_niv": null, "susc_niv": "Medio", "canalC_niv": "Muy alto", "exposicion_niv": "Muy alto" }, "geometry": { "type": "Point", "coordinates": [ -76.9689567, -12.159852 ] } },
{ "type": "Feature", "properties": { "entity_id": "32814", "entity_type": "salud", "Nombre del establecimiento": "Servicios Ópticos Pareja - Optopareja", "Clasificación": "CONSULTORIOS MEDICOS Y DE OTROS PROFESIONALES DE LA SALUD", "Tipo": "ESTABLECIMIENTO DE SALUD SIN INTERNAMIENTO", "Categoria": "I-2", "Estado": "ACTIVO", "CAMAS": 0.0, "fecha_info": "2026-03-09T00:00:00", "sububigeo": "15013300", "UBIGEO": "150133", "DISTRITO": "SAN JUAN DE MIRAFLORES", "PROVINCIA": "LIMA", "DEPARTAMEN": "LIMA", "Zonas": "Todas Zonas", "tipo_influencia": "Indirecta", "abreviatura": "SJM", "min_distance_m": 468.20842528247374, "susc_inund_niv": null, "susc_mmasa_niv": null, "susc_niv": null, "canalC_niv": "Muy alto", "exposicion_niv": "Muy alto" }, "geometry": { "type": "Point", "coordinates": [ -76.9595957, -12.159322 ] } },
{ "type": "Feature", "properties": { "entity_id": "32599", "entity_type": "salud", "Nombre del establecimiento": "SALUD & VISION", "Clasificación": "CONSULTORIOS MEDICOS Y DE OTROS PROFESIONALES DE LA SALUD", "Tipo": "ESTABLECIMIENTO DE SALUD SIN INTERNAMIENTO", "Categoria": "I-2", "Estado": "ACTIVO", "CAMAS": 0.0, "fecha_info": "2026-03-09T00:00:00", "sububigeo": "15013300", "UBIGEO": "150133", "DISTRITO": "SAN JUAN DE MIRAFLORES", "PROVINCIA": "LIMA", "DEPARTAMEN": "LIMA", "Zonas": "Todas Zonas", "tipo_influencia": "Indirecta", "abreviatura": "SJM", "min_distance_m": null, "susc_inund_niv": null, "susc_mmasa_niv": null, "susc_niv": null, "canalC_niv": null, "exposicion_niv": null }, "geometry": { "type": "Point", "coordinates": [ -76.9734508, -12.1537082 ] } },
{ "type": "Feature", "properties": { "entity_id": "32584", "entity_type": "salud", "Nombre del establecimiento": "IMAGEN DENT", "Clasificación": "CONSULTORIOS MEDICOS Y DE OTROS PROFESIONALES DE LA SALUD", "Tipo": "ESTABLECIMIENTO DE SALUD SIN INTERNAMIENTO", "Categoria": "I-1", "Estado": "ACTIVO", "CAMAS": 0.0, "fecha_info": "2026-03-09T00:00:00", "sububigeo": "15014200", "UBIGEO": "150142", "DISTRITO": "VILLA EL SALVADOR", "PROVINCIA": "LIMA", "DEPARTAMEN": "LIMA", "Zonas": "Todas Zonas", "tipo_influencia": "Directa", "abreviatura": "VES", "min_distance_m": 1899.3533864947394, "susc_inund_niv": "Medio", "susc_mmasa_niv": null, "susc_niv": "Medio", "canalC_niv": "Muy alto", "exposicion_niv": "Muy alto" }, "geometry": { "type": "Point", "coordinates": [ -76.93484792, -12.2119145 ] } },
{ "type": "Feature", "properties": { "entity_id": "31636", "entity_type": "salud", "Nombre del establecimiento": "Consultorio Dental-CD. Karen Ximena Baca Luperdi", "Clasificación": "CENTRO ODONTOLOGICO", "Tipo": "ESTABLECIMIENTO DE SALUD SIN INTERNAMIENTO", "Categoria": "I-1", "Estado": "ACTIVO", "CAMAS": 0.0, "fecha_info": "2026-03-09T00:00:00", "sububigeo": "15012304", "UBIGEO": "150123", "DISTRITO": "PACHACAMAC", "PROVINCIA": "LIMA", "DEPARTAMEN": "LIMA", "Zonas": "Quebrada de Manchay", "tipo_influencia": "Directa", "abreviatura": "PACH", "min_distance_m": null, "susc_inund_niv": "Medio", "susc_mmasa_niv": "Alto", "susc_niv": "Alto", "canalC_niv": null, "exposicion_niv": "Alto" }, "geometry": { "type": "Point", "coordinates": [ -76.87381409, -12.10010362 ] } },
{ "type": "Feature", "properties": { "entity_id": "35098", "entity_type": "salud", "Nombre del establecimiento": "CONSULTORIO OBSTÉTRICO OBSTMEDIC", "Clasificación": "CONSULTORIOS MEDICOS Y DE OTROS PROFESIONALES DE LA SALUD", "Tipo": "ESTABLECIMIENTO DE SALUD SIN INTERNAMIENTO", "Categoria": "I-1", "Estado": "ACTIVO", "CAMAS": 0.0, "fecha_info": "2026-03-09T00:00:00", "sububigeo": "15014200", "UBIGEO": "150142", "DISTRITO": "VILLA EL SALVADOR", "PROVINCIA": "LIMA", "DEPARTAMEN": "LIMA", "Zonas": "Todas Zonas", "tipo_influencia": "Directa", "abreviatura": "VES", "min_distance_m": 806.97603205087262, "susc_inund_niv": "Medio", "susc_mmasa_niv": null, "susc_niv": "Medio", "canalC_niv": "Muy alto", "exposicion_niv": "Muy alto" }, "geometry": { "type": "Point", "coordinates": [ -76.9142884, -12.2323702 ] } },
{ "type": "Feature", "properties": { "entity_id": "545", "entity_type": "salud", "Nombre del establecimiento": "HUACUAS", "Clasificación": "PUESTOS DE SALUD O POSTAS DE SALUD", "Tipo": "ESTABLECIMIENTO DE SALUD SIN INTERNAMIENTO", "Categoria": "I-1", "Estado": "ACTIVO", "CAMAS": 0.0, "fecha_info": "2026-03-09T00:00:00", "sububigeo": "12070400", "UBIGEO": "120704", "DISTRITO": "HUASAHUASI", "PROVINCIA": "TARMA", "DEPARTAMEN": "JUNIN", "Zonas": "Todas Zonas", "tipo_influencia": "Indirecta", "abreviatura": "HUA", "min_distance_m": null, "susc_inund_niv": null, "susc_mmasa_niv": null, "susc_niv": null, "canalC_niv": null, "exposicion_niv": null }, "geometry": { "type": "Point", "coordinates": [ -75.64652932, -11.21812328 ] } },
{ "type": "Feature", "properties": { "entity_id": "582", "entity_type": "salud", "Nombre del establecimiento": "PACCHAC", "Clasificación": "PUESTOS DE SALUD O POSTAS DE SALUD", "Tipo": "ESTABLECIMIENTO DE SALUD SIN INTERNAMIENTO", "Categoria": "I-1", "Estado": "ACTIVO", "CAMAS": 0.0, "fecha_info": "2026-03-09T00:00:00", "sububigeo": "12070900", "UBIGEO": "120709", "DISTRITO": "TAPO", "PROVINCIA": "TARMA", "DEPARTAMEN": "JUNIN", "Zonas": "Todas Zonas", "tipo_influencia": "Indirecta", "abreviatura": "TAP", "min_distance_m": null, "susc_inund_niv": null, "susc_mmasa_niv": null, "susc_niv": null, "canalC_niv": null, "exposicion_niv": null }, "geometry": { "type": "Point", "coordinates": [ -75.53876448, -11.43594326 ] } },
{ "type": "Feature", "properties": { "entity_id": "587", "entity_type": "salud", "Nombre del establecimiento": "POMACHACA", "Clasificación": "PUESTOS DE SALUD O POSTAS DE SALUD", "Tipo": "ESTABLECIMIENTO DE SALUD SIN INTERNAMIENTO", "Categoria": "I-2", "Estado": "ACTIVO", "CAMAS": 0.0, "fecha_info": "2026-03-09T00:00:00", "sububigeo": "12070100", "UBIGEO": "120701", "DISTRITO": "TARMA", "PROVINCIA": "TARMA", "DEPARTAMEN": "JUNIN", "Zonas": "Todas Zonas", "tipo_influencia": "Indirecta", "abreviatura": "TAR", "min_distance_m": 425.88404053815447, "susc_inund_niv": null, "susc_mmasa_niv": "Alto", "susc_niv": "Alto", "canalC_niv": "Medio", "exposicion_niv": "Alto" }, "geometry": { "type": "Point", "coordinates": [ -75.68859269, -11.38631939 ] } },
{ "type": "Feature", "properties": { "entity_id": "32820", "entity_type": "salud", "Nombre del establecimiento": "JESUS EN TI CONFIO", "Clasificación": "CENTROS DE SALUD O CENTROS MEDICOS", "Tipo": "ESTABLECIMIENTO DE SALUD SIN INTERNAMIENTO", "Categoria": "I-3", "Estado": "ACTIVO", "CAMAS": 0.0, "fecha_info": "2026-03-09T00:00:00", "sububigeo": "12070100", "UBIGEO": "120701", "DISTRITO": "TARMA", "PROVINCIA": "TARMA", "DEPARTAMEN": "JUNIN", "Zonas": "Todas Zonas", "tipo_influencia": "Indirecta", "abreviatura": "TAR", "min_distance_m": 607.99799662963903, "susc_inund_niv": "Alto", "susc_mmasa_niv": null, "susc_niv": "Alto", "canalC_niv": "Muy alto", "exposicion_niv": "Muy alto" }, "geometry": { "type": "Point", "coordinates": [ -75.692037200000016, -11.41950352 ] } },
{ "type": "Feature", "properties": { "entity_id": "529", "entity_type": "salud", "Nombre del establecimiento": "OCHONGA", "Clasificación": "PUESTOS DE SALUD O POSTAS DE SALUD", "Tipo": "ESTABLECIMIENTO DE SALUD SIN INTERNAMIENTO", "Categoria": "I-1", "Estado": "ACTIVO", "CAMAS": 0.0, "fecha_info": "2026-03-09T00:00:00", "sububigeo": "12070700", "UBIGEO": "120707", "DISTRITO": "PALCAMAYO", "PROVINCIA": "TARMA", "DEPARTAMEN": "JUNIN", "Zonas": "Todas Zonas", "tipo_influencia": "Indirecta", "abreviatura": "PLM", "min_distance_m": 1947.8060783500719, "susc_inund_niv": null, "susc_mmasa_niv": "Muy alto", "susc_niv": "Muy alto", "canalC_niv": "Medio", "exposicion_niv": "Muy alto" }, "geometry": { "type": "Point", "coordinates": [ -75.75323761, -11.31810129 ] } },
{ "type": "Feature", "properties": { "entity_id": "578", "entity_type": "salud", "Nombre del establecimiento": "YURACMAYO", "Clasificación": "PUESTOS DE SALUD O POSTAS DE SALUD", "Tipo": "ESTABLECIMIENTO DE SALUD SIN INTERNAMIENTO", "Categoria": "I-1", "Estado": "ACTIVO", "CAMAS": 0.0, "fecha_info": "2026-03-09T00:00:00", "sububigeo": "12070900", "UBIGEO": "120709", "DISTRITO": "TAPO", "PROVINCIA": "TARMA", "DEPARTAMEN": "JUNIN", "Zonas": "Todas Zonas", "tipo_influencia": "Indirecta", "abreviatura": "TAP", "min_distance_m": 268.54083030612833, "susc_inund_niv": null, "susc_mmasa_niv": null, "susc_niv": null, "canalC_niv": "Medio", "exposicion_niv": "Medio" }, "geometry": { "type": "Point", "coordinates": [ -75.52651833, -11.47009209 ] } },
{ "type": "Feature", "properties": { "entity_id": "530", "entity_type": "salud", "Nombre del establecimiento": "RICRICAN CAUQUIRAN", "Clasificación": "PUESTOS DE SALUD O POSTAS DE SALUD", "Tipo": "ESTABLECIMIENTO DE SALUD SIN INTERNAMIENTO", "Categoria": "I-1", "Estado": "ACTIVO", "CAMAS": 0.0, "fecha_info": "2026-03-09T00:00:00", "sububigeo": "12070700", "UBIGEO": "120707", "DISTRITO": "PALCAMAYO", "PROVINCIA": "TARMA", "DEPARTAMEN": "JUNIN", "Zonas": "Todas Zonas", "tipo_influencia": "Indirecta", "abreviatura": "PLM", "min_distance_m": null, "susc_inund_niv": null, "susc_mmasa_niv": null, "susc_niv": null, "canalC_niv": null, "exposicion_niv": null }, "geometry": { "type": "Point", "coordinates": [ -75.77134788, -11.24721587 ] } },
{ "type": "Feature", "properties": { "entity_id": "573", "entity_type": "salud", "Nombre del establecimiento": "CHIPOCAYO", "Clasificación": "PUESTOS DE SALUD O POSTAS DE SALUD", "Tipo": "ESTABLECIMIENTO DE SALUD SIN INTERNAMIENTO", "Categoria": "I-1", "Estado": "ACTIVO", "CAMAS": 0.0, "fecha_info": "2026-03-09T00:00:00", "sububigeo": "12070600", "UBIGEO": "120706", "DISTRITO": "PALCA", "PROVINCIA": "TARMA", "DEPARTAMEN": "JUNIN", "Zonas": "Todas Zonas", "tipo_influencia": "Directa", "abreviatura": "PAL", "min_distance_m": null, "susc_inund_niv": null, "susc_mmasa_niv": null, "susc_niv": null, "canalC_niv": null, "exposicion_niv": null }, "geometry": { "type": "Point", "coordinates": [ -75.59769583, -11.35221141 ] } },
{ "type": "Feature", "properties": { "entity_id": "526", "entity_type": "salud", "Nombre del establecimiento": "COLLPA", "Clasificación": "PUESTOS DE SALUD O POSTAS DE SALUD", "Tipo": "ESTABLECIMIENTO DE SALUD SIN INTERNAMIENTO", "Categoria": "I-1", "Estado": "ACTIVO", "CAMAS": 0.0, "fecha_info": "2026-03-09T00:00:00", "sububigeo": "12070100", "UBIGEO": "120701", "DISTRITO": "TARMA", "PROVINCIA": "TARMA", "DEPARTAMEN": "JUNIN", "Zonas": "Todas Zonas", "tipo_influencia": "Indirecta", "abreviatura": "TAR", "min_distance_m": null, "susc_inund_niv": null, "susc_mmasa_niv": null, "susc_niv": null, "canalC_niv": null, "exposicion_niv": null }, "geometry": { "type": "Point", "coordinates": [ -75.62309146, -11.40342236 ] } },
{ "type": "Feature", "properties": { "entity_id": "589", "entity_type": "salud", "Nombre del establecimiento": "VICORA CONGAS", "Clasificación": "PUESTOS DE SALUD O POSTAS DE SALUD", "Tipo": "ESTABLECIMIENTO DE SALUD SIN INTERNAMIENTO", "Categoria": "I-1", "Estado": "ACTIVO", "CAMAS": 0.0, "fecha_info": "2026-03-09T00:00:00", "sububigeo": "12070100", "UBIGEO": "120701", "DISTRITO": "TARMA", "PROVINCIA": "TARMA", "DEPARTAMEN": "JUNIN", "Zonas": "Todas Zonas", "tipo_influencia": "Indirecta", "abreviatura": "TAR", "min_distance_m": null, "susc_inund_niv": null, "susc_mmasa_niv": null, "susc_niv": null, "canalC_niv": null, "exposicion_niv": null }, "geometry": { "type": "Point", "coordinates": [ -75.67838855, -11.45839288 ] } },
{ "type": "Feature", "properties": { "entity_id": "570", "entity_type": "salud", "Nombre del establecimiento": "ÑAHUIN", "Clasificación": "PUESTOS DE SALUD O POSTAS DE SALUD", "Tipo": "ESTABLECIMIENTO DE SALUD SIN INTERNAMIENTO", "Categoria": "I-1", "Estado": "ACTIVO", "CAMAS": 0.0, "fecha_info": "2026-03-09T00:00:00", "sububigeo": "12070600", "UBIGEO": "120706", "DISTRITO": "PALCA", "PROVINCIA": "TARMA", "DEPARTAMEN": "JUNIN", "Zonas": "Todas Zonas", "tipo_influencia": "Directa", "abreviatura": "PAL", "min_distance_m": null, "susc_inund_niv": null, "susc_mmasa_niv": null, "susc_niv": null, "canalC_niv": null, "exposicion_niv": null }, "geometry": { "type": "Point", "coordinates": [ -75.52460316, -11.28025721 ] } },
{ "type": "Feature", "properties": { "entity_id": "557", "entity_type": "salud", "Nombre del establecimiento": "YANEC", "Clasificación": "PUESTOS DE SALUD O POSTAS DE SALUD", "Tipo": "ESTABLECIMIENTO DE SALUD SIN INTERNAMIENTO", "Categoria": "I-1", "Estado": "ACTIVO", "CAMAS": 0.0, "fecha_info": "2026-03-09T00:00:00", "sububigeo": "12070800", "UBIGEO": "120708", "DISTRITO": "SAN PEDRO DE CAJAS", "PROVINCIA": "TARMA", "DEPARTAMEN": "JUNIN", "Zonas": "Todas Zonas", "tipo_influencia": "Indirecta", "abreviatura": "SPC", "min_distance_m": null, "susc_inund_niv": null, "susc_mmasa_niv": null, "susc_niv": null, "canalC_niv": null, "exposicion_niv": null }, "geometry": { "type": "Point", "coordinates": [ -75.73755263, -11.06211224 ] } },
{ "type": "Feature", "properties": { "entity_id": "599", "entity_type": "salud", "Nombre del establecimiento": "CONDORCOCHA", "Clasificación": "PUESTOS DE SALUD O POSTAS DE SALUD", "Tipo": "ESTABLECIMIENTO DE SALUD SIN INTERNAMIENTO", "Categoria": "I-1", "Estado": "ACTIVO", "CAMAS": 0.0, "fecha_info": "2026-03-09T00:00:00", "sububigeo": "12070501", "UBIGEO": "120705", "DISTRITO": "LA UNION", "PROVINCIA": "TARMA", "DEPARTAMEN": "JUNIN", "Zonas": "Huancoy Sacsamarca", "tipo_influencia": "Directa", "abreviatura": "LUL", "min_distance_m": null, "susc_inund_niv": "Medio", "susc_mmasa_niv": "Alto", "susc_niv": "Alto", "canalC_niv": null, "exposicion_niv": "Alto" }, "geometry": { "type": "Point", "coordinates": [ -75.7917456, -11.375661139999989 ] } },
{ "type": "Feature", "properties": { "entity_id": "521", "entity_type": "salud", "Nombre del establecimiento": "ACOBAMBA", "Clasificación": "CENTROS DE SALUD CON CAMAS DE INTERNAMIENTO", "Tipo": "ESTABLECIMIENTO DE SALUD CON INTERNAMIENTO", "Categoria": "I-4", "Estado": "ACTIVO", "CAMAS": 6.0, "fecha_info": "2026-03-09T00:00:00", "sububigeo": "12070200", "UBIGEO": "120702", "DISTRITO": "ACOBAMBA", "PROVINCIA": "TARMA", "DEPARTAMEN": "JUNIN", "Zonas": "Todas Zonas", "tipo_influencia": "Indirecta", "abreviatura": "ACO", "min_distance_m": null, "susc_inund_niv": null, "susc_mmasa_niv": null, "susc_niv": null, "canalC_niv": null, "exposicion_niv": null }, "geometry": { "type": "Point", "coordinates": [ -75.66359818, -11.35409117 ] } },
{ "type": "Feature", "properties": { "entity_id": "579", "entity_type": "salud", "Nombre del establecimiento": "MACO", "Clasificación": "PUESTOS DE SALUD O POSTAS DE SALUD", "Tipo": "ESTABLECIMIENTO DE SALUD SIN INTERNAMIENTO", "Categoria": "I-1", "Estado": "ACTIVO", "CAMAS": 0.0, "fecha_info": "2026-03-09T00:00:00", "sububigeo": "12070900", "UBIGEO": "120709", "DISTRITO": "TAPO", "PROVINCIA": "TARMA", "DEPARTAMEN": "JUNIN", "Zonas": "Todas Zonas", "tipo_influencia": "Indirecta", "abreviatura": "TAP", "min_distance_m": null, "susc_inund_niv": null, "susc_mmasa_niv": null, "susc_niv": null, "canalC_niv": null, "exposicion_niv": null }, "geometry": { "type": "Point", "coordinates": [ -75.5505156, -11.48790582 ] } },
{ "type": "Feature", "properties": { "entity_id": "571", "entity_type": "salud", "Nombre del establecimiento": "CARPAPATA", "Clasificación": "PUESTOS DE SALUD O POSTAS DE SALUD", "Tipo": "ESTABLECIMIENTO DE SALUD SIN INTERNAMIENTO", "Categoria": "I-1", "Estado": "ACTIVO", "CAMAS": 0.0, "fecha_info": "2026-03-09T00:00:00", "sububigeo": "12070600", "UBIGEO": "120706", "DISTRITO": "PALCA", "PROVINCIA": "TARMA", "DEPARTAMEN": "JUNIN", "Zonas": "Todas Zonas", "tipo_influencia": "Directa", "abreviatura": "PAL", "min_distance_m": null, "susc_inund_niv": null, "susc_mmasa_niv": null, "susc_niv": null, "canalC_niv": null, "exposicion_niv": null }, "geometry": { "type": "Point", "coordinates": [ -75.55316955, -11.26244323 ] } },
{ "type": "Feature", "properties": { "entity_id": "591", "entity_type": "salud", "Nombre del establecimiento": "CARHUACATAC", "Clasificación": "PUESTOS DE SALUD O POSTAS DE SALUD", "Tipo": "ESTABLECIMIENTO DE SALUD SIN INTERNAMIENTO", "Categoria": "I-1", "Estado": "ACTIVO", "CAMAS": 0.0, "fecha_info": "2026-03-09T00:00:00", "sububigeo": "12070100", "UBIGEO": "120701", "DISTRITO": "TARMA", "PROVINCIA": "TARMA", "DEPARTAMEN": "JUNIN", "Zonas": "Todas Zonas", "tipo_influencia": "Indirecta", "abreviatura": "TAR", "min_distance_m": 859.9603424173763, "susc_inund_niv": null, "susc_mmasa_niv": "Muy alto", "susc_niv": "Muy alto", "canalC_niv": "Muy alto", "exposicion_niv": "Muy alto" }, "geometry": { "type": "Point", "coordinates": [ -75.6919159, -11.44746512 ] } },
{ "type": "Feature", "properties": { "entity_id": "588", "entity_type": "salud", "Nombre del establecimiento": "MULLUCRO", "Clasificación": "PUESTOS DE SALUD O POSTAS DE SALUD", "Tipo": "ESTABLECIMIENTO DE SALUD SIN INTERNAMIENTO", "Categoria": "I-1", "Estado": "ACTIVO", "CAMAS": 0.0, "fecha_info": "2026-03-09T00:00:00", "sububigeo": "12070100", "UBIGEO": "120701", "DISTRITO": "TARMA", "PROVINCIA": "TARMA", "DEPARTAMEN": "JUNIN", "Zonas": "Todas Zonas", "tipo_influencia": "Indirecta", "abreviatura": "TAR", "min_distance_m": 1494.0008348106319, "susc_inund_niv": null, "susc_mmasa_niv": "Muy alto", "susc_niv": "Muy alto", "canalC_niv": "Medio", "exposicion_niv": "Muy alto" }, "geometry": { "type": "Point", "coordinates": [ -75.73217064, -11.41738711 ] } },
{ "type": "Feature", "properties": { "entity_id": "28604", "entity_type": "salud", "Nombre del establecimiento": "POLICLINICO BREVE SALUD", "Clasificación": "POLICLINICOS", "Tipo": "ESTABLECIMIENTO DE SALUD SIN INTERNAMIENTO", "Categoria": "I-3", "Estado": "CIERRE TEMPORAL DE OFICIO", "CAMAS": 0.0, "fecha_info": "2026-03-09T00:00:00", "sububigeo": "15014200", "UBIGEO": "150142", "DISTRITO": "VILLA EL SALVADOR", "PROVINCIA": "LIMA", "DEPARTAMEN": "LIMA", "Zonas": "Todas Zonas", "tipo_influencia": "Directa", "abreviatura": "VES", "min_distance_m": null, "susc_inund_niv": "Medio", "susc_mmasa_niv": null, "susc_niv": "Medio", "canalC_niv": null, "exposicion_niv": "Medio" }, "geometry": { "type": "Point", "coordinates": [ -76.95863373, -12.19716094 ] } },
{ "type": "Feature", "properties": { "entity_id": "27390", "entity_type": "salud", "Nombre del establecimiento": "POLICLINICO SAN ROQUE", "Clasificación": "POLICLINICOS", "Tipo": "ESTABLECIMIENTO DE SALUD SIN INTERNAMIENTO", "Categoria": "I-3", "Estado": "CIERRE TEMPORAL DE OFICIO", "CAMAS": 0.0, "fecha_info": "2026-03-09T00:00:00", "sububigeo": "15014200", "UBIGEO": "150142", "DISTRITO": "VILLA EL SALVADOR", "PROVINCIA": "LIMA", "DEPARTAMEN": "LIMA", "Zonas": "Todas Zonas", "tipo_influencia": "Directa", "abreviatura": "VES", "min_distance_m": 1817.8610745431649, "susc_inund_niv": "Medio", "susc_mmasa_niv": null, "susc_niv": "Medio", "canalC_niv": "Muy alto", "exposicion_niv": "Muy alto" }, "geometry": { "type": "Point", "coordinates": [ -76.92118405, -12.23858287 ] } },
{ "type": "Feature", "properties": { "entity_id": "24178", "entity_type": "salud", "Nombre del establecimiento": "CLINIC NOVASALUD", "Clasificación": "HOSPITALES O CLINICAS DE ATENCION ESPECIALIZADA", "Tipo": "ESTABLECIMIENTO DE SALUD CON INTERNAMIENTO", "Categoria": "II-E", "Estado": "ACTIVO", "CAMAS": 0.0, "fecha_info": "2026-03-09T00:00:00", "sububigeo": "15014200", "UBIGEO": "150142", "DISTRITO": "VILLA EL SALVADOR", "PROVINCIA": "LIMA", "DEPARTAMEN": "LIMA", "Zonas": "Todas Zonas", "tipo_influencia": "Directa", "abreviatura": "VES", "min_distance_m": null, "susc_inund_niv": "Medio", "susc_mmasa_niv": null, "susc_niv": "Medio", "canalC_niv": null, "exposicion_niv": "Medio" }, "geometry": { "type": "Point", "coordinates": [ -76.93776078, -12.21442795 ] } },
{ "type": "Feature", "properties": { "entity_id": "30358", "entity_type": "salud", "Nombre del establecimiento": "PSICOGLORIA", "Clasificación": "CONSULTORIOS MEDICOS Y DE OTROS PROFESIONALES DE LA SALUD", "Tipo": "ESTABLECIMIENTO DE SALUD SIN INTERNAMIENTO", "Categoria": "I-1", "Estado": "ACTIVO", "CAMAS": 0.0, "fecha_info": "2026-03-09T00:00:00", "sububigeo": "15014200", "UBIGEO": "150142", "DISTRITO": "VILLA EL SALVADOR", "PROVINCIA": "LIMA", "DEPARTAMEN": "LIMA", "Zonas": "Todas Zonas", "tipo_influencia": "Directa", "abreviatura": "VES", "min_distance_m": 1629.6481976021669, "susc_inund_niv": "Medio", "susc_mmasa_niv": null, "susc_niv": "Medio", "canalC_niv": "Muy alto", "exposicion_niv": "Muy alto" }, "geometry": { "type": "Point", "coordinates": [ -76.94068036, -12.20697495 ] } },
{ "type": "Feature", "properties": { "entity_id": "8741", "entity_type": "salud", "Nombre del establecimiento": "HOSPITAL ULDARICO ROCCA FERNANDEZ", "Clasificación": "HOSPITALES O CLINICAS DE ATENCION GENERAL", "Tipo": "ESTABLECIMIENTO DE SALUD CON INTERNAMIENTO", "Categoria": "II-1", "Estado": "ACTIVO", "CAMAS": 50.0, "fecha_info": "2026-03-09T00:00:00", "sububigeo": "15014200", "UBIGEO": "150142", "DISTRITO": "VILLA EL SALVADOR", "PROVINCIA": "LIMA", "DEPARTAMEN": "LIMA", "Zonas": "Todas Zonas", "tipo_influencia": "Directa", "abreviatura": "VES", "min_distance_m": 1746.8085821583236, "susc_inund_niv": "Medio", "susc_mmasa_niv": null, "susc_niv": "Medio", "canalC_niv": "Muy alto", "exposicion_niv": "Muy alto" }, "geometry": { "type": "Point", "coordinates": [ -76.9319845, -12.2107672 ] } },
{ "type": "Feature", "properties": { "entity_id": "29913", "entity_type": "salud", "Nombre del establecimiento": "CONSULTORIO MEDICO PEDIATRICO", "Clasificación": "CONSULTORIOS MEDICOS Y DE OTROS PROFESIONALES DE LA SALUD", "Tipo": "ESTABLECIMIENTO DE SALUD SIN INTERNAMIENTO", "Categoria": "I-2", "Estado": "ACTIVO", "CAMAS": 0.0, "fecha_info": "2026-03-09T00:00:00", "sububigeo": "15014200", "UBIGEO": "150142", "DISTRITO": "VILLA EL SALVADOR", "PROVINCIA": "LIMA", "DEPARTAMEN": "LIMA", "Zonas": "Todas Zonas", "tipo_influencia": "Directa", "abreviatura": "VES", "min_distance_m": 1199.3482057432323, "susc_inund_niv": "Medio", "susc_mmasa_niv": null, "susc_niv": "Medio", "canalC_niv": "Muy alto", "exposicion_niv": "Muy alto" }, "geometry": { "type": "Point", "coordinates": [ -76.9422963, -12.1988205 ] } },
{ "type": "Feature", "properties": { "entity_id": "37379", "entity_type": "salud", "Nombre del establecimiento": "DENTAL IDENTICAL SAN JUAN", "Clasificación": "CONSULTORIOS MEDICOS Y DE OTROS PROFESIONALES DE LA SALUD", "Tipo": "ESTABLECIMIENTO DE SALUD SIN INTERNAMIENTO", "Categoria": "I-1", "Estado": "ACTIVO", "CAMAS": 0.0, "fecha_info": "2026-03-09T00:00:00", "sububigeo": "15013300", "UBIGEO": "150133", "DISTRITO": "SAN JUAN DE MIRAFLORES", "PROVINCIA": "LIMA", "DEPARTAMEN": "LIMA", "Zonas": "Todas Zonas", "tipo_influencia": "Indirecta", "abreviatura": "SJM", "min_distance_m": 1550.418276382967, "susc_inund_niv": "Medio", "susc_mmasa_niv": null, "susc_niv": "Medio", "canalC_niv": "Muy alto", "exposicion_niv": "Muy alto" }, "geometry": { "type": "Point", "coordinates": [ -76.9693822, -12.1659509 ] } },
{ "type": "Feature", "properties": { "entity_id": "25366", "entity_type": "salud", "Nombre del establecimiento": "CONSULTORIO ODONTOLOGICO ESPECIALISTAS DENT", "Clasificación": "CONSULTORIOS MEDICOS Y DE OTROS PROFESIONALES DE LA SALUD", "Tipo": "ESTABLECIMIENTO DE SALUD SIN INTERNAMIENTO", "Categoria": "I-1", "Estado": "ACTIVO", "CAMAS": 0.0, "fecha_info": "2026-03-09T00:00:00", "sububigeo": "15014200", "UBIGEO": "150142", "DISTRITO": "VILLA EL SALVADOR", "PROVINCIA": "LIMA", "DEPARTAMEN": "LIMA", "Zonas": "Todas Zonas", "tipo_influencia": "Directa", "abreviatura": "VES", "min_distance_m": null, "susc_inund_niv": "Medio", "susc_mmasa_niv": null, "susc_niv": "Medio", "canalC_niv": null, "exposicion_niv": "Medio" }, "geometry": { "type": "Point", "coordinates": [ -76.95965565, -12.19591434 ] } },
{ "type": "Feature", "properties": { "entity_id": "25827", "entity_type": "salud", "Nombre del establecimiento": "POLICLINICO SANTA ROSA DE MANCHAY", "Clasificación": "POLICLINICOS", "Tipo": "ESTABLECIMIENTO DE SALUD SIN INTERNAMIENTO", "Categoria": "I-3", "Estado": "ACTIVO", "CAMAS": 0.0, "fecha_info": "2026-03-09T00:00:00", "sububigeo": "15012301", "UBIGEO": "150123", "DISTRITO": "PACHACAMAC", "PROVINCIA": "LIMA", "DEPARTAMEN": "LIMA", "Zonas": "Pachacamac histórico", "tipo_influencia": "Directa", "abreviatura": "PACH", "min_distance_m": 1594.8338538030309, "susc_inund_niv": "Medio", "susc_mmasa_niv": null, "susc_niv": "Medio", "canalC_niv": "Muy alto", "exposicion_niv": "Muy alto" }, "geometry": { "type": "Point", "coordinates": [ -76.8538748, -12.2095337 ] } },
{ "type": "Feature", "properties": { "entity_id": "16925", "entity_type": "salud", "Nombre del establecimiento": "CENTRO MÉDICO DE PROMOCIÓN HUMANA \"AMOR DE DIOS\"", "Clasificación": "POLICLINICOS", "Tipo": "ESTABLECIMIENTO DE SALUD SIN INTERNAMIENTO", "Categoria": "I-3", "Estado": "ACTIVO", "CAMAS": 0.0, "fecha_info": "2026-03-09T00:00:00", "sububigeo": "15014306", "UBIGEO": "150143", "DISTRITO": "VILLA MARIA DEL TRIUNFO", "PROVINCIA": "LIMA", "DEPARTAMEN": "LIMA", "Zonas": "San Francisco de la Tablada de Lurin", "tipo_influencia": "Directa", "abreviatura": "VMT", "min_distance_m": 387.24057371973754, "susc_inund_niv": "Medio", "susc_mmasa_niv": null, "susc_niv": "Medio", "canalC_niv": "Muy alto", "exposicion_niv": "Muy alto" }, "geometry": { "type": "Point", "coordinates": [ -76.924258, -12.185619 ] } },
{ "type": "Feature", "properties": { "entity_id": "19343", "entity_type": "salud", "Nombre del establecimiento": "CONSULTORIO ODONTOLOGICO KEVIDENT E.I.R.L", "Clasificación": "CONSULTORIOS MEDICOS Y DE OTROS PROFESIONALES DE LA SALUD", "Tipo": "ESTABLECIMIENTO DE SALUD SIN INTERNAMIENTO", "Categoria": "I-1", "Estado": "ACTIVO", "CAMAS": 0.0, "fecha_info": "2026-03-09T00:00:00", "sububigeo": "15014200", "UBIGEO": "150142", "DISTRITO": "VILLA EL SALVADOR", "PROVINCIA": "LIMA", "DEPARTAMEN": "LIMA", "Zonas": "Todas Zonas", "tipo_influencia": "Directa", "abreviatura": "VES", "min_distance_m": 1337.8090382913133, "susc_inund_niv": "Medio", "susc_mmasa_niv": null, "susc_niv": "Medio", "canalC_niv": "Muy alto", "exposicion_niv": "Muy alto" }, "geometry": { "type": "Point", "coordinates": [ -76.9335114, -12.2069778 ] } },
{ "type": "Feature", "properties": { "entity_id": "24386", "entity_type": "salud", "Nombre del establecimiento": "Tu Vida Sana", "Clasificación": "CONSULTORIOS MEDICOS Y DE OTROS PROFESIONALES DE LA SALUD", "Tipo": "ESTABLECIMIENTO DE SALUD SIN INTERNAMIENTO", "Categoria": "I-2", "Estado": "BAJA DEFINITIVA", "CAMAS": 0.0, "fecha_info": "2026-03-09T00:00:00", "sububigeo": "15013300", "UBIGEO": "150133", "DISTRITO": "SAN JUAN DE MIRAFLORES", "PROVINCIA": "LIMA", "DEPARTAMEN": "LIMA", "Zonas": "Todas Zonas", "tipo_influencia": "Indirecta", "abreviatura": "SJM", "min_distance_m": 417.86793644984368, "susc_inund_niv": "Medio", "susc_mmasa_niv": null, "susc_niv": "Medio", "canalC_niv": "Muy alto", "exposicion_niv": "Muy alto" }, "geometry": { "type": "Point", "coordinates": [ -76.959718, -12.161722 ] } },
{ "type": "Feature", "properties": { "entity_id": "30416", "entity_type": "salud", "Nombre del establecimiento": "MULTIDENT SEDE COCHARCA", "Clasificación": "CONSULTORIOS MEDICOS Y DE OTROS PROFESIONALES DE LA SALUD", "Tipo": "ESTABLECIMIENTO DE SALUD SIN INTERNAMIENTO", "Categoria": "I-1", "Estado": "ACTIVO", "CAMAS": 0.0, "fecha_info": "2026-03-09T00:00:00", "sububigeo": "15014200", "UBIGEO": "150142", "DISTRITO": "VILLA EL SALVADOR", "PROVINCIA": "LIMA", "DEPARTAMEN": "LIMA", "Zonas": "Todas Zonas", "tipo_influencia": "Directa", "abreviatura": "VES", "min_distance_m": 1953.7230701666583, "susc_inund_niv": "Medio", "susc_mmasa_niv": null, "susc_niv": "Medio", "canalC_niv": "Muy alto", "exposicion_niv": "Muy alto" }, "geometry": { "type": "Point", "coordinates": [ -76.96066519, -12.1941728 ] } },
{ "type": "Feature", "properties": { "entity_id": "29872", "entity_type": "salud", "Nombre del establecimiento": "THERA TEAM", "Clasificación": "CONSULTORIOS MEDICOS Y DE OTROS PROFESIONALES DE LA SALUD", "Tipo": "ESTABLECIMIENTO DE SALUD SIN INTERNAMIENTO", "Categoria": "I-2", "Estado": "ACTIVO", "CAMAS": 0.0, "fecha_info": "2026-03-09T00:00:00", "sububigeo": "15014200", "UBIGEO": "150142", "DISTRITO": "VILLA EL SALVADOR", "PROVINCIA": "LIMA", "DEPARTAMEN": "LIMA", "Zonas": "Todas Zonas", "tipo_influencia": "Directa", "abreviatura": "VES", "min_distance_m": null, "susc_inund_niv": "Medio", "susc_mmasa_niv": null, "susc_niv": "Medio", "canalC_niv": null, "exposicion_niv": "Medio" }, "geometry": { "type": "Point", "coordinates": [ -76.9415442, -12.2162218 ] } },
{ "type": "Feature", "properties": { "entity_id": "29667", "entity_type": "salud", "Nombre del establecimiento": "CONSULTORIO OBSTETRICO FEMENINO", "Clasificación": "CONSULTORIOS MEDICOS Y DE OTROS PROFESIONALES DE LA SALUD", "Tipo": "ESTABLECIMIENTO DE SALUD SIN INTERNAMIENTO", "Categoria": "I-1", "Estado": "ACTIVO", "CAMAS": 0.0, "fecha_info": "2026-03-09T00:00:00", "sububigeo": "15013300", "UBIGEO": "150133", "DISTRITO": "SAN JUAN DE MIRAFLORES", "PROVINCIA": "LIMA", "DEPARTAMEN": "LIMA", "Zonas": "Todas Zonas", "tipo_influencia": "Indirecta", "abreviatura": "SJM", "min_distance_m": 1530.1022415200739, "susc_inund_niv": "Medio", "susc_mmasa_niv": null, "susc_niv": "Medio", "canalC_niv": "Muy alto", "exposicion_niv": "Muy alto" }, "geometry": { "type": "Point", "coordinates": [ -76.9698017, -12.1595025 ] } },
{ "type": "Feature", "properties": { "entity_id": "16683", "entity_type": "salud", "Nombre del establecimiento": "POLICLINICO PARROQUIAL DE TERAPIA FISICA Y REHABILITACION MADRE DE DIOS", "Clasificación": "POLICLINICOS", "Tipo": "ESTABLECIMIENTO DE SALUD SIN INTERNAMIENTO", "Categoria": "I-3", "Estado": "ACTIVO", "CAMAS": 0.0, "fecha_info": "2026-03-09T00:00:00", "sububigeo": "15014200", "UBIGEO": "150142", "DISTRITO": "VILLA EL SALVADOR", "PROVINCIA": "LIMA", "DEPARTAMEN": "LIMA", "Zonas": "Todas Zonas", "tipo_influencia": "Directa", "abreviatura": "VES", "min_distance_m": null, "susc_inund_niv": "Medio", "susc_mmasa_niv": null, "susc_niv": "Medio", "canalC_niv": null, "exposicion_niv": "Medio" }, "geometry": { "type": "Point", "coordinates": [ -76.94644057, -12.2228183 ] } },
{ "type": "Feature", "properties": { "entity_id": "14673", "entity_type": "salud", "Nombre del establecimiento": "VELASALUD SAC", "Clasificación": "CENTROS DE SALUD O CENTROS MEDICOS", "Tipo": "ESTABLECIMIENTO DE SALUD SIN INTERNAMIENTO", "Categoria": "I-3", "Estado": "ACTIVO", "CAMAS": 0.0, "fecha_info": "2026-03-09T00:00:00", "sububigeo": "15014303", "UBIGEO": "150143", "DISTRITO": "VILLA MARIA DEL TRIUNFO", "PROVINCIA": "LIMA", "DEPARTAMEN": "LIMA", "Zonas": "Jose Carlos Mariategui", "tipo_influencia": "Directa", "abreviatura": "VMT", "min_distance_m": 637.3801260358606, "susc_inund_niv": "Medio", "susc_mmasa_niv": "Alto", "susc_niv": "Alto", "canalC_niv": "Muy alto", "exposicion_niv": "Muy alto" }, "geometry": { "type": "Point", "coordinates": [ -76.9482753, -12.1422496 ] } },
{ "type": "Feature", "properties": { "entity_id": "37788", "entity_type": "salud", "Nombre del establecimiento": "Consultorio Obstétrico Señor de Luren", "Clasificación": "CONSULTORIOS MEDICOS Y DE OTROS PROFESIONALES DE LA SALUD", "Tipo": "ESTABLECIMIENTO DE SALUD SIN INTERNAMIENTO", "Categoria": "I-1", "Estado": "ACTIVO", "CAMAS": 0.0, "fecha_info": "2026-03-09T00:00:00", "sububigeo": "15014303", "UBIGEO": "150143", "DISTRITO": "VILLA MARIA DEL TRIUNFO", "PROVINCIA": "LIMA", "DEPARTAMEN": "LIMA", "Zonas": "Jose Carlos Mariategui", "tipo_influencia": "Directa", "abreviatura": "VMT", "min_distance_m": 506.5947517455308, "susc_inund_niv": "Medio", "susc_mmasa_niv": "Alto", "susc_niv": "Alto", "canalC_niv": "Muy alto", "exposicion_niv": "Muy alto" }, "geometry": { "type": "Point", "coordinates": [ -76.951005, -12.13888 ] } },
{ "type": "Feature", "properties": { "entity_id": "25953", "entity_type": "salud", "Nombre del establecimiento": "CONSULTORIO MEDICO DE SEDAPAL- VILLA EL SALVADOR", "Clasificación": "CONSULTORIOS MEDICOS Y DE OTROS PROFESIONALES DE LA SALUD", "Tipo": "ESTABLECIMIENTO DE SALUD SIN INTERNAMIENTO", "Categoria": "I-2", "Estado": "ACTIVO", "CAMAS": 0.0, "fecha_info": "2026-03-09T00:00:00", "sububigeo": "15014200", "UBIGEO": "150142", "DISTRITO": "VILLA EL SALVADOR", "PROVINCIA": "LIMA", "DEPARTAMEN": "LIMA", "Zonas": "Todas Zonas", "tipo_influencia": "Directa", "abreviatura": "VES", "min_distance_m": 422.99822942974436, "susc_inund_niv": "Medio", "susc_mmasa_niv": null, "susc_niv": "Medio", "canalC_niv": "Muy alto", "exposicion_niv": "Muy alto" }, "geometry": { "type": "Point", "coordinates": [ -76.9446812, -12.1865572 ] } },
{ "type": "Feature", "properties": { "entity_id": "34830", "entity_type": "salud", "Nombre del establecimiento": "CONSULTORIO PSICOLOGICO MARIA MIA", "Clasificación": "PUESTOS DE SALUD O POSTAS DE SALUD", "Tipo": "ESTABLECIMIENTO DE SALUD SIN INTERNAMIENTO", "Categoria": "I-1", "Estado": "ACTIVO", "CAMAS": 0.0, "fecha_info": "2026-03-09T00:00:00", "sububigeo": "15014200", "UBIGEO": "150142", "DISTRITO": "VILLA EL SALVADOR", "PROVINCIA": "LIMA", "DEPARTAMEN": "LIMA", "Zonas": "Todas Zonas", "tipo_influencia": "Directa", "abreviatura": "VES", "min_distance_m": null, "susc_inund_niv": "Medio", "susc_mmasa_niv": null, "susc_niv": "Medio", "canalC_niv": null, "exposicion_niv": "Medio" }, "geometry": { "type": "Point", "coordinates": [ -76.9372986, -12.215082 ] } },
{ "type": "Feature", "properties": { "entity_id": "27619", "entity_type": "salud", "Nombre del establecimiento": "CONSULTORIO ODONTOLOGICO MEGO ZARATE", "Clasificación": "CENTRO ODONTOLOGICO", "Tipo": "ESTABLECIMIENTO DE SALUD SIN INTERNAMIENTO", "Categoria": "I-1", "Estado": "BAJA DEFINITIVA", "CAMAS": 0.0, "fecha_info": "2026-03-09T00:00:00", "sububigeo": "15012301", "UBIGEO": "150123", "DISTRITO": "PACHACAMAC", "PROVINCIA": "LIMA", "DEPARTAMEN": "LIMA", "Zonas": "Pachacamac histórico", "tipo_influencia": "Directa", "abreviatura": "PACH", "min_distance_m": 1594.8338538030309, "susc_inund_niv": "Medio", "susc_mmasa_niv": null, "susc_niv": "Medio", "canalC_niv": "Muy alto", "exposicion_niv": "Muy alto" }, "geometry": { "type": "Point", "coordinates": [ -76.8538748, -12.2095337 ] } },
{ "type": "Feature", "properties": { "entity_id": "18834", "entity_type": "salud", "Nombre del establecimiento": "ODONTOPLUS", "Clasificación": "CONSULTORIOS MEDICOS Y DE OTROS PROFESIONALES DE LA SALUD", "Tipo": "ESTABLECIMIENTO DE SALUD SIN INTERNAMIENTO", "Categoria": "I-1", "Estado": "ACTIVO", "CAMAS": 0.0, "fecha_info": "2026-03-09T00:00:00", "sububigeo": "15014303", "UBIGEO": "150143", "DISTRITO": "VILLA MARIA DEL TRIUNFO", "PROVINCIA": "LIMA", "DEPARTAMEN": "LIMA", "Zonas": "Jose Carlos Mariategui", "tipo_influencia": "Directa", "abreviatura": "VMT", "min_distance_m": 478.89039715834576, "susc_inund_niv": null, "susc_mmasa_niv": "Alto", "susc_niv": "Alto", "canalC_niv": "Muy alto", "exposicion_niv": "Muy alto" }, "geometry": { "type": "Point", "coordinates": [ -76.95372209, -12.15621722 ] } },
{ "type": "Feature", "properties": { "entity_id": "29858", "entity_type": "salud", "Nombre del establecimiento": "SERVICIO MEDICO MEDALLITA MILAGROSA YV S.A.C.", "Clasificación": "POLICLINICOS", "Tipo": "ESTABLECIMIENTO DE SALUD SIN INTERNAMIENTO", "Categoria": "I-3", "Estado": "ACTIVO", "CAMAS": 0.0, "fecha_info": "2026-03-09T00:00:00", "sububigeo": "15013300", "UBIGEO": "150133", "DISTRITO": "SAN JUAN DE MIRAFLORES", "PROVINCIA": "LIMA", "DEPARTAMEN": "LIMA", "Zonas": "Todas Zonas", "tipo_influencia": "Indirecta", "abreviatura": "SJM", "min_distance_m": null, "susc_inund_niv": null, "susc_mmasa_niv": null, "susc_niv": null, "canalC_niv": null, "exposicion_niv": null }, "geometry": { "type": "Point", "coordinates": [ -76.9786914, -12.1671096 ] } },
{ "type": "Feature", "properties": { "entity_id": "27968", "entity_type": "salud", "Nombre del establecimiento": "CONSULTORIO MEDICINA GENERAL \"DR PASTRANA\"", "Clasificación": "CONSULTORIOS MEDICOS Y DE OTROS PROFESIONALES DE LA SALUD", "Tipo": "ESTABLECIMIENTO DE SALUD SIN INTERNAMIENTO", "Categoria": "I-2", "Estado": "ACTIVO", "CAMAS": 0.0, "fecha_info": "2026-03-09T00:00:00", "sububigeo": "15014200", "UBIGEO": "150142", "DISTRITO": "VILLA EL SALVADOR", "PROVINCIA": "LIMA", "DEPARTAMEN": "LIMA", "Zonas": "Todas Zonas", "tipo_influencia": "Directa", "abreviatura": "VES", "min_distance_m": null, "susc_inund_niv": "Medio", "susc_mmasa_niv": null, "susc_niv": "Medio", "canalC_niv": null, "exposicion_niv": "Medio" }, "geometry": { "type": "Point", "coordinates": [ -76.9337933, -12.2182999 ] } },
{ "type": "Feature", "properties": { "entity_id": "28299", "entity_type": "salud", "Nombre del establecimiento": "CONSULTORIO ESPECIALIZADO \"MEDICENTRO SANTA MARIA\"", "Clasificación": "CONSULTORIOS MEDICOS Y DE OTROS PROFESIONALES DE LA SALUD", "Tipo": "ESTABLECIMIENTO DE SALUD SIN INTERNAMIENTO", "Categoria": "I-2", "Estado": "ACTIVO", "CAMAS": 0.0, "fecha_info": "2026-03-09T00:00:00", "sububigeo": "15013300", "UBIGEO": "150133", "DISTRITO": "SAN JUAN DE MIRAFLORES", "PROVINCIA": "LIMA", "DEPARTAMEN": "LIMA", "Zonas": "Todas Zonas", "tipo_influencia": "Indirecta", "abreviatura": "SJM", "min_distance_m": 1085.9648159340818, "susc_inund_niv": "Medio", "susc_mmasa_niv": null, "susc_niv": "Medio", "canalC_niv": "Muy alto", "exposicion_niv": "Muy alto" }, "geometry": { "type": "Point", "coordinates": [ -76.9657954, -12.1626182 ] } },
{ "type": "Feature", "properties": { "entity_id": "27867", "entity_type": "salud", "Nombre del establecimiento": "CONSULTORIO ODONTOLOGICO GAMARRA", "Clasificación": "CONSULTORIOS MEDICOS Y DE OTROS PROFESIONALES DE LA SALUD", "Tipo": "ESTABLECIMIENTO DE SALUD SIN INTERNAMIENTO", "Categoria": "I-1", "Estado": "ACTIVO", "CAMAS": 0.0, "fecha_info": "2026-03-09T00:00:00", "sububigeo": "15013300", "UBIGEO": "150133", "DISTRITO": "SAN JUAN DE MIRAFLORES", "PROVINCIA": "LIMA", "DEPARTAMEN": "LIMA", "Zonas": "Todas Zonas", "tipo_influencia": "Indirecta", "abreviatura": "SJM", "min_distance_m": 792.34009255565832, "susc_inund_niv": null, "susc_mmasa_niv": null, "susc_niv": null, "canalC_niv": "Muy alto", "exposicion_niv": "Muy alto" }, "geometry": { "type": "Point", "coordinates": [ -76.96095974, -12.16660378 ] } },
{ "type": "Feature", "properties": { "entity_id": "26212", "entity_type": "salud", "Nombre del establecimiento": "DENTAL DEL SUR", "Clasificación": "CONSULTORIOS MEDICOS Y DE OTROS PROFESIONALES DE LA SALUD", "Tipo": "ESTABLECIMIENTO DE SALUD SIN INTERNAMIENTO", "Categoria": "I-1", "Estado": "ACTIVO", "CAMAS": 0.0, "fecha_info": "2026-03-09T00:00:00", "sububigeo": "15014200", "UBIGEO": "150142", "DISTRITO": "VILLA EL SALVADOR", "PROVINCIA": "LIMA", "DEPARTAMEN": "LIMA", "Zonas": "Todas Zonas", "tipo_influencia": "Directa", "abreviatura": "VES", "min_distance_m": 844.67218062254278, "susc_inund_niv": "Medio", "susc_mmasa_niv": null, "susc_niv": "Medio", "canalC_niv": "Muy alto", "exposicion_niv": "Muy alto" }, "geometry": { "type": "Point", "coordinates": [ -76.93975635, -12.19628451 ] } },
{ "type": "Feature", "properties": { "entity_id": "26945", "entity_type": "salud", "Nombre del establecimiento": "OdontoFec", "Clasificación": "CENTRO ODONTOLOGICO", "Tipo": "ESTABLECIMIENTO DE SALUD SIN INTERNAMIENTO", "Categoria": "I-1", "Estado": "ACTIVO", "CAMAS": 0.0, "fecha_info": "2026-03-09T00:00:00", "sububigeo": "15014303", "UBIGEO": "150143", "DISTRITO": "VILLA MARIA DEL TRIUNFO", "PROVINCIA": "LIMA", "DEPARTAMEN": "LIMA", "Zonas": "Jose Carlos Mariategui", "tipo_influencia": "Directa", "abreviatura": "VMT", "min_distance_m": 450.61134749323372, "susc_inund_niv": null, "susc_mmasa_niv": "Alto", "susc_niv": "Alto", "canalC_niv": "Muy alto", "exposicion_niv": "Muy alto" }, "geometry": { "type": "Point", "coordinates": [ -76.9501155, -12.160192 ] } },
{ "type": "Feature", "properties": { "entity_id": "26216", "entity_type": "salud", "Nombre del establecimiento": "RENAL CENTER", "Clasificación": "HEMODIALISIS", "Tipo": "SERVICIO MÉDICO DE APOYO", "Categoria": "Sin Categoría", "Estado": "ACTIVO", "CAMAS": 0.0, "fecha_info": "2026-03-09T00:00:00", "sububigeo": "15013300", "UBIGEO": "150133", "DISTRITO": "SAN JUAN DE MIRAFLORES", "PROVINCIA": "LIMA", "DEPARTAMEN": "LIMA", "Zonas": "Todas Zonas", "tipo_influencia": "Indirecta", "abreviatura": "SJM", "min_distance_m": 1660.0432476040787, "susc_inund_niv": "Medio", "susc_mmasa_niv": null, "susc_niv": "Medio", "canalC_niv": "Muy alto", "exposicion_niv": "Muy alto" }, "geometry": { "type": "Point", "coordinates": [ -76.9699878, -12.155751 ] } },
{ "type": "Feature", "properties": { "entity_id": "27621", "entity_type": "salud", "Nombre del establecimiento": "CENTRO DE SALUD MENTAL COMUNITARIO  MONSEÑOR JOSE RAMON GURRUCHAGA", "Clasificación": "CENTROS MEDICOS ESPECIALIZADOS", "Tipo": "ESTABLECIMIENTO DE SALUD SIN INTERNAMIENTO", "Categoria": "I-3", "Estado": "ACTIVO", "CAMAS": 0.0, "fecha_info": "2026-03-09T00:00:00", "sububigeo": "15014305", "UBIGEO": "150143", "DISTRITO": "VILLA MARIA DEL TRIUNFO", "PROVINCIA": "LIMA", "DEPARTAMEN": "LIMA", "Zonas": "Villa María del Triunfo (Cercado)", "tipo_influencia": "Directa", "abreviatura": "VMT", "min_distance_m": 579.72150197836356, "susc_inund_niv": null, "susc_mmasa_niv": null, "susc_niv": null, "canalC_niv": "Muy alto", "exposicion_niv": "Muy alto" }, "geometry": { "type": "Point", "coordinates": [ -76.9382139, -12.161575 ] } },
{ "type": "Feature", "properties": { "entity_id": "15558", "entity_type": "salud", "Nombre del establecimiento": "POLICLINICO MEDICAL A.J.", "Clasificación": "POLICLINICOS", "Tipo": "ESTABLECIMIENTO DE SALUD SIN INTERNAMIENTO", "Categoria": "I-3", "Estado": "ACTIVO", "CAMAS": 0.0, "fecha_info": "2026-03-09T00:00:00", "sububigeo": "15013300", "UBIGEO": "150133", "DISTRITO": "SAN JUAN DE MIRAFLORES", "PROVINCIA": "LIMA", "DEPARTAMEN": "LIMA", "Zonas": "Todas Zonas", "tipo_influencia": "Indirecta", "abreviatura": "SJM", "min_distance_m": null, "susc_inund_niv": null, "susc_mmasa_niv": null, "susc_niv": null, "canalC_niv": null, "exposicion_niv": null }, "geometry": { "type": "Point", "coordinates": [ -76.9779809, -12.1507559 ] } },
{ "type": "Feature", "properties": { "entity_id": "6118", "entity_type": "salud", "Nombre del establecimiento": "PUESTO DE SALUD \"VILLA SOLIDARIDAD\"", "Clasificación": "PUESTOS DE SALUD O POSTAS DE SALUD", "Tipo": "ESTABLECIMIENTO DE SALUD SIN INTERNAMIENTO", "Categoria": "I-2", "Estado": "ACTIVO", "CAMAS": 0.0, "fecha_info": "2026-03-09T00:00:00", "sububigeo": "15013300", "UBIGEO": "150133", "DISTRITO": "SAN JUAN DE MIRAFLORES", "PROVINCIA": "LIMA", "DEPARTAMEN": "LIMA", "Zonas": "Todas Zonas", "tipo_influencia": "Indirecta", "abreviatura": "SJM", "min_distance_m": 1111.6828236440715, "susc_inund_niv": "Medio", "susc_mmasa_niv": null, "susc_niv": "Medio", "canalC_niv": "Muy alto", "exposicion_niv": "Muy alto" }, "geometry": { "type": "Point", "coordinates": [ -76.9606937, -12.1705961 ] } },
{ "type": "Feature", "properties": { "entity_id": "25670", "entity_type": "salud", "Nombre del establecimiento": "dental alvarez", "Clasificación": "CONSULTORIOS MEDICOS Y DE OTROS PROFESIONALES DE LA SALUD", "Tipo": "ESTABLECIMIENTO DE SALUD SIN INTERNAMIENTO", "Categoria": "I-1", "Estado": "ACTIVO", "CAMAS": 0.0, "fecha_info": "2026-03-09T00:00:00", "sububigeo": "15011900", "UBIGEO": "150119", "DISTRITO": "LURIN", "PROVINCIA": "LIMA", "DEPARTAMEN": "LIMA", "Zonas": "Todas Zonas", "tipo_influencia": "Directa", "abreviatura": "LUR", "min_distance_m": null, "susc_inund_niv": "Medio", "susc_mmasa_niv": null, "susc_niv": "Medio", "canalC_niv": null, "exposicion_niv": "Medio" }, "geometry": { "type": "Point", "coordinates": [ -76.92904628, -12.25345907 ] } },
{ "type": "Feature", "properties": { "entity_id": "6163", "entity_type": "salud", "Nombre del establecimiento": "PUESTO DE SALUD LEONCIO PRADO", "Clasificación": "PUESTOS DE SALUD O POSTAS DE SALUD", "Tipo": "ESTABLECIMIENTO DE SALUD SIN INTERNAMIENTO", "Categoria": "I-2", "Estado": "ACTIVO", "CAMAS": 0.0, "fecha_info": "2026-03-09T00:00:00", "sububigeo": "15013300", "UBIGEO": "150133", "DISTRITO": "SAN JUAN DE MIRAFLORES", "PROVINCIA": "LIMA", "DEPARTAMEN": "LIMA", "Zonas": "Todas Zonas", "tipo_influencia": "Indirecta", "abreviatura": "SJM", "min_distance_m": 1574.0778276317885, "susc_inund_niv": "Alto", "susc_mmasa_niv": "Alto", "susc_niv": "Alto", "canalC_niv": "Muy alto", "exposicion_niv": "Muy alto" }, "geometry": { "type": "Point", "coordinates": [ -76.961406, -12.136654 ] } },
{ "type": "Feature", "properties": { "entity_id": "29666", "entity_type": "salud", "Nombre del establecimiento": "IDEAL DENT", "Clasificación": "CONSULTORIOS MEDICOS Y DE OTROS PROFESIONALES DE LA SALUD", "Tipo": "ESTABLECIMIENTO DE SALUD SIN INTERNAMIENTO", "Categoria": "I-1", "Estado": "CIERRE TEMPORAL DE OFICIO", "CAMAS": 0.0, "fecha_info": "2026-03-09T00:00:00", "sububigeo": "15013300", "UBIGEO": "150133", "DISTRITO": "SAN JUAN DE MIRAFLORES", "PROVINCIA": "LIMA", "DEPARTAMEN": "LIMA", "Zonas": "Todas Zonas", "tipo_influencia": "Indirecta", "abreviatura": "SJM", "min_distance_m": null, "susc_inund_niv": null, "susc_mmasa_niv": null, "susc_niv": null, "canalC_niv": null, "exposicion_niv": null }, "geometry": { "type": "Point", "coordinates": [ -76.9746648, -12.1586669 ] } },
{ "type": "Feature", "properties": { "entity_id": "6872", "entity_type": "salud", "Nombre del establecimiento": "PUESTO DE SALUD JOSE MARIA ARGUEDAS", "Clasificación": "PUESTOS DE SALUD O POSTAS DE SALUD", "Tipo": "ESTABLECIMIENTO DE SALUD SIN INTERNAMIENTO", "Categoria": "I-2", "Estado": "ACTIVO", "CAMAS": 0.0, "fecha_info": "2026-03-09T00:00:00", "sububigeo": "15013300", "UBIGEO": "150133", "DISTRITO": "SAN JUAN DE MIRAFLORES", "PROVINCIA": "LIMA", "DEPARTAMEN": "LIMA", "Zonas": "Todas Zonas", "tipo_influencia": "Indirecta", "abreviatura": "SJM", "min_distance_m": 1041.8336313339723, "susc_inund_niv": "Medio", "susc_mmasa_niv": "Alto", "susc_niv": "Alto", "canalC_niv": "Muy alto", "exposicion_niv": "Muy alto" }, "geometry": { "type": "Point", "coordinates": [ -76.9556678, -12.1327613 ] } },
{ "type": "Feature", "properties": { "entity_id": "6080", "entity_type": "salud", "Nombre del establecimiento": "CENTRO DE SALUD JULIO C TELLO", "Clasificación": "CENTROS DE SALUD O CENTROS MEDICOS", "Tipo": "ESTABLECIMIENTO DE SALUD SIN INTERNAMIENTO", "Categoria": "I-3", "Estado": "ACTIVO", "CAMAS": 0.0, "fecha_info": "2026-03-09T00:00:00", "sububigeo": "15011900", "UBIGEO": "150119", "DISTRITO": "LURIN", "PROVINCIA": "LIMA", "DEPARTAMEN": "LIMA", "Zonas": "Todas Zonas", "tipo_influencia": "Directa", "abreviatura": "LUR", "min_distance_m": 517.50284600281395, "susc_inund_niv": "Medio", "susc_mmasa_niv": null, "susc_niv": "Medio", "canalC_niv": "Alto", "exposicion_niv": "Alto" }, "geometry": { "type": "Point", "coordinates": [ -76.8992625, -12.251321 ] } },
{ "type": "Feature", "properties": { "entity_id": "26946", "entity_type": "salud", "Nombre del establecimiento": "CONSULTORIO DENTAL SOLIDARIDAD DE VILLA MARIA", "Clasificación": "CONSULTORIOS MEDICOS Y DE OTROS PROFESIONALES DE LA SALUD", "Tipo": "ESTABLECIMIENTO DE SALUD SIN INTERNAMIENTO", "Categoria": "I-1", "Estado": "ACTIVO", "CAMAS": 0.0, "fecha_info": "2026-03-09T00:00:00", "sububigeo": "15014305", "UBIGEO": "150143", "DISTRITO": "VILLA MARIA DEL TRIUNFO", "PROVINCIA": "LIMA", "DEPARTAMEN": "LIMA", "Zonas": "Villa María del Triunfo (Cercado)", "tipo_influencia": "Directa", "abreviatura": "VMT", "min_distance_m": 232.3403005074845, "susc_inund_niv": "Medio", "susc_mmasa_niv": null, "susc_niv": "Medio", "canalC_niv": "Muy alto", "exposicion_niv": "Muy alto" }, "geometry": { "type": "Point", "coordinates": [ -76.9508039, -12.167916 ] } },
{ "type": "Feature", "properties": { "entity_id": "27397", "entity_type": "salud", "Nombre del establecimiento": "CONSULTORIO DENTAL COC", "Clasificación": "CONSULTORIOS MEDICOS Y DE OTROS PROFESIONALES DE LA SALUD", "Tipo": "ESTABLECIMIENTO DE SALUD SIN INTERNAMIENTO", "Categoria": "I-1", "Estado": "ACTIVO", "CAMAS": 0.0, "fecha_info": "2026-03-09T00:00:00", "sububigeo": "15013300", "UBIGEO": "150133", "DISTRITO": "SAN JUAN DE MIRAFLORES", "PROVINCIA": "LIMA", "DEPARTAMEN": "LIMA", "Zonas": "Todas Zonas", "tipo_influencia": "Indirecta", "abreviatura": "SJM", "min_distance_m": 1915.4469957716326, "susc_inund_niv": null, "susc_mmasa_niv": null, "susc_niv": null, "canalC_niv": "Muy alto", "exposicion_niv": "Muy alto" }, "geometry": { "type": "Point", "coordinates": [ -76.972263600000019, -12.1551319 ] } },
{ "type": "Feature", "properties": { "entity_id": "27469", "entity_type": "salud", "Nombre del establecimiento": "MUNDO LIBRE", "Clasificación": "CENTROS DE ATENCION DE SALUD PARA PERSONAS DEPENDIENTES DE SUSTANCIAS PSICOACTIVAS Y SUS RESPECTIVAS FAMILIAS (TIPO I)", "Tipo": "COMUNIDADES TERAPÉUTICAS", "Categoria": "Sin Categoría", "Estado": "ACTIVO", "CAMAS": 0.0, "fecha_info": "2026-03-09T00:00:00", "sububigeo": "15012301", "UBIGEO": "150123", "DISTRITO": "PACHACAMAC", "PROVINCIA": "LIMA", "DEPARTAMEN": "LIMA", "Zonas": "Pachacamac histórico", "tipo_influencia": "Directa", "abreviatura": "PACH", "min_distance_m": 1594.8338538030309, "susc_inund_niv": "Medio", "susc_mmasa_niv": null, "susc_niv": "Medio", "canalC_niv": "Muy alto", "exposicion_niv": "Muy alto" }, "geometry": { "type": "Point", "coordinates": [ -76.8538748, -12.2095337 ] } },
{ "type": "Feature", "properties": { "entity_id": "34827", "entity_type": "salud", "Nombre del establecimiento": "DENTAL CASA DEL PUEBLO", "Clasificación": "CONSULTORIOS MEDICOS Y DE OTROS PROFESIONALES DE LA SALUD", "Tipo": "ESTABLECIMIENTO DE SALUD SIN INTERNAMIENTO", "Categoria": "I-1", "Estado": "ACTIVO", "CAMAS": 0.0, "fecha_info": "2026-03-09T00:00:00", "sububigeo": "15014303", "UBIGEO": "150143", "DISTRITO": "VILLA MARIA DEL TRIUNFO", "PROVINCIA": "LIMA", "DEPARTAMEN": "LIMA", "Zonas": "Jose Carlos Mariategui", "tipo_influencia": "Directa", "abreviatura": "VMT", "min_distance_m": 838.33604545180447, "susc_inund_niv": "Medio", "susc_mmasa_niv": "Alto", "susc_niv": "Alto", "canalC_niv": "Muy alto", "exposicion_niv": "Muy alto" }, "geometry": { "type": "Point", "coordinates": [ -76.9526066, -12.1417773 ] } },
{ "type": "Feature", "properties": { "entity_id": "35048", "entity_type": "salud", "Nombre del establecimiento": "TERAPIA FISICA Y REHABILITACION INTEGRAL SANTA MARIA DE LA ESPERANZA", "Clasificación": "REHABILITACION", "Tipo": "SERVICIO MÉDICO DE APOYO", "Categoria": "Sin Categoría", "Estado": "ACTIVO", "CAMAS": 0.0, "fecha_info": "2026-03-09T00:00:00", "sububigeo": "15013300", "UBIGEO": "150133", "DISTRITO": "SAN JUAN DE MIRAFLORES", "PROVINCIA": "LIMA", "DEPARTAMEN": "LIMA", "Zonas": "Todas Zonas", "tipo_influencia": "Indirecta", "abreviatura": "SJM", "min_distance_m": null, "susc_inund_niv": "Medio", "susc_mmasa_niv": null, "susc_niv": "Medio", "canalC_niv": null, "exposicion_niv": "Medio" }, "geometry": { "type": "Point", "coordinates": [ -76.96882979, -12.17434077 ] } },
{ "type": "Feature", "properties": { "entity_id": "33416", "entity_type": "salud", "Nombre del establecimiento": "CONSULTORIO MEDICO PEDIATRICO DR. MAX ARIAS RETES", "Clasificación": "CONSULTORIOS MEDICOS Y DE OTROS PROFESIONALES DE LA SALUD", "Tipo": "ESTABLECIMIENTO DE SALUD SIN INTERNAMIENTO", "Categoria": "I-2", "Estado": "ACTIVO", "CAMAS": 0.0, "fecha_info": "2026-03-09T00:00:00", "sububigeo": "15011900", "UBIGEO": "150119", "DISTRITO": "LURIN", "PROVINCIA": "LIMA", "DEPARTAMEN": "LIMA", "Zonas": "Todas Zonas", "tipo_influencia": "Directa", "abreviatura": "LUR", "min_distance_m": null, "susc_inund_niv": null, "susc_mmasa_niv": null, "susc_niv": null, "canalC_niv": null, "exposicion_niv": null }, "geometry": { "type": "Point", "coordinates": [ -76.8697194, -12.2738659 ] } },
{ "type": "Feature", "properties": { "entity_id": "34500", "entity_type": "salud", "Nombre del establecimiento": "ODONTONATURAL", "Clasificación": "CONSULTORIOS MEDICOS Y DE OTROS PROFESIONALES DE LA SALUD", "Tipo": "ESTABLECIMIENTO DE SALUD SIN INTERNAMIENTO", "Categoria": "I-1", "Estado": "ACTIVO", "CAMAS": 0.0, "fecha_info": "2026-03-09T00:00:00", "sububigeo": "15014200", "UBIGEO": "150142", "DISTRITO": "VILLA EL SALVADOR", "PROVINCIA": "LIMA", "DEPARTAMEN": "LIMA", "Zonas": "Todas Zonas", "tipo_influencia": "Directa", "abreviatura": "VES", "min_distance_m": null, "susc_inund_niv": "Medio", "susc_mmasa_niv": null, "susc_niv": "Medio", "canalC_niv": null, "exposicion_niv": "Medio" }, "geometry": { "type": "Point", "coordinates": [ -76.94851453, -12.22579113 ] } },
{ "type": "Feature", "properties": { "entity_id": "31867", "entity_type": "salud", "Nombre del establecimiento": "LECADENT A&D", "Clasificación": "CONSULTORIOS MEDICOS Y DE OTROS PROFESIONALES DE LA SALUD", "Tipo": "ESTABLECIMIENTO DE SALUD SIN INTERNAMIENTO", "Categoria": "I-1", "Estado": "ACTIVO", "CAMAS": 0.0, "fecha_info": "2026-03-09T00:00:00", "sububigeo": "15014305", "UBIGEO": "150143", "DISTRITO": "VILLA MARIA DEL TRIUNFO", "PROVINCIA": "LIMA", "DEPARTAMEN": "LIMA", "Zonas": "Villa María del Triunfo (Cercado)", "tipo_influencia": "Directa", "abreviatura": "VMT", "min_distance_m": 7.0099652669611485, "susc_inund_niv": "Medio", "susc_mmasa_niv": null, "susc_niv": "Medio", "canalC_niv": "Muy alto", "exposicion_niv": "Muy alto" }, "geometry": { "type": "Point", "coordinates": [ -76.95049459, -12.16996549 ] } },
{ "type": "Feature", "properties": { "entity_id": "33214", "entity_type": "salud", "Nombre del establecimiento": "CONSULTORIOS MEDICOS ESPECIALIZADOS CUPE", "Clasificación": "CONSULTORIOS MEDICOS Y DE OTROS PROFESIONALES DE LA SALUD", "Tipo": "ESTABLECIMIENTO DE SALUD SIN INTERNAMIENTO", "Categoria": "I-2", "Estado": "CIERRE TEMPORAL DE OFICIO", "CAMAS": 0.0, "fecha_info": "2026-03-09T00:00:00", "sububigeo": "15014200", "UBIGEO": "150142", "DISTRITO": "VILLA EL SALVADOR", "PROVINCIA": "LIMA", "DEPARTAMEN": "LIMA", "Zonas": "Todas Zonas", "tipo_influencia": "Directa", "abreviatura": "VES", "min_distance_m": 1837.8044652031454, "susc_inund_niv": "Medio", "susc_mmasa_niv": null, "susc_niv": "Medio", "canalC_niv": "Muy alto", "exposicion_niv": "Muy alto" }, "geometry": { "type": "Point", "coordinates": [ -76.96030384, -12.19294273 ] } },
{ "type": "Feature", "properties": { "entity_id": "31351", "entity_type": "salud", "Nombre del establecimiento": "MESTANZA DENTAL CLINIC", "Clasificación": "CONSULTORIOS MEDICOS Y DE OTROS PROFESIONALES DE LA SALUD", "Tipo": "ESTABLECIMIENTO DE SALUD SIN INTERNAMIENTO", "Categoria": "I-1", "Estado": "ACTIVO", "CAMAS": 0.0, "fecha_info": "2026-03-09T00:00:00", "sububigeo": "15014200", "UBIGEO": "150142", "DISTRITO": "VILLA EL SALVADOR", "PROVINCIA": "LIMA", "DEPARTAMEN": "LIMA", "Zonas": "Todas Zonas", "tipo_influencia": "Directa", "abreviatura": "VES", "min_distance_m": 1723.8529235866838, "susc_inund_niv": "Medio", "susc_mmasa_niv": null, "susc_niv": "Medio", "canalC_niv": "Muy alto", "exposicion_niv": "Muy alto" }, "geometry": { "type": "Point", "coordinates": [ -76.93509598, -12.21025759 ] } },
{ "type": "Feature", "properties": { "entity_id": "30810", "entity_type": "salud", "Nombre del establecimiento": "CIEMA SALUD", "Clasificación": "CONSULTORIOS MEDICOS Y DE OTROS PROFESIONALES DE LA SALUD", "Tipo": "ESTABLECIMIENTO DE SALUD SIN INTERNAMIENTO", "Categoria": "I-2", "Estado": "ACTIVO", "CAMAS": 0.0, "fecha_info": "2026-03-09T00:00:00", "sububigeo": "15013300", "UBIGEO": "150133", "DISTRITO": "SAN JUAN DE MIRAFLORES", "PROVINCIA": "LIMA", "DEPARTAMEN": "LIMA", "Zonas": "Todas Zonas", "tipo_influencia": "Indirecta", "abreviatura": "SJM", "min_distance_m": 379.46087078875468, "susc_inund_niv": "Medio", "susc_mmasa_niv": null, "susc_niv": "Medio", "canalC_niv": "Muy alto", "exposicion_niv": "Muy alto" }, "geometry": { "type": "Point", "coordinates": [ -76.95930788, -12.160802549999989 ] } },
{ "type": "Feature", "properties": { "entity_id": "30846", "entity_type": "salud", "Nombre del establecimiento": "POLICLINICO DRA ROJAS", "Clasificación": "POLICLINICOS", "Tipo": "ESTABLECIMIENTO DE SALUD SIN INTERNAMIENTO", "Categoria": "I-3", "Estado": "ACTIVO", "CAMAS": 0.0, "fecha_info": "2026-03-09T00:00:00", "sububigeo": "15014200", "UBIGEO": "150142", "DISTRITO": "VILLA EL SALVADOR", "PROVINCIA": "LIMA", "DEPARTAMEN": "LIMA", "Zonas": "Todas Zonas", "tipo_influencia": "Directa", "abreviatura": "VES", "min_distance_m": 1970.5923603245742, "susc_inund_niv": "Medio", "susc_mmasa_niv": null, "susc_niv": "Medio", "canalC_niv": "Muy alto", "exposicion_niv": "Muy alto" }, "geometry": { "type": "Point", "coordinates": [ -76.94237583, -12.20956962 ] } },
{ "type": "Feature", "properties": { "entity_id": "31662", "entity_type": "salud", "Nombre del establecimiento": "CONSULTORIO MEDICO ALTAGRACIA", "Clasificación": "CONSULTORIOS MEDICOS Y DE OTROS PROFESIONALES DE LA SALUD", "Tipo": "ESTABLECIMIENTO DE SALUD SIN INTERNAMIENTO", "Categoria": "I-2", "Estado": "ACTIVO", "CAMAS": 0.0, "fecha_info": "2026-03-09T00:00:00", "sububigeo": "15014200", "UBIGEO": "150142", "DISTRITO": "VILLA EL SALVADOR", "PROVINCIA": "LIMA", "DEPARTAMEN": "LIMA", "Zonas": "Todas Zonas", "tipo_influencia": "Directa", "abreviatura": "VES", "min_distance_m": null, "susc_inund_niv": "Medio", "susc_mmasa_niv": null, "susc_niv": "Medio", "canalC_niv": null, "exposicion_niv": "Medio" }, "geometry": { "type": "Point", "coordinates": [ -76.95833552, -12.197948249999989 ] } },
{ "type": "Feature", "properties": { "entity_id": "10385", "entity_type": "salud", "Nombre del establecimiento": "CENTRO DE SALUD MILITAR \"SAN JUAN\"", "Clasificación": "CENTROS DE SALUD O CENTROS MEDICOS", "Tipo": "ESTABLECIMIENTO DE SALUD SIN INTERNAMIENTO", "Categoria": "I-3", "Estado": "ACTIVO", "CAMAS": 2.0, "fecha_info": "2026-03-09T00:00:00", "sububigeo": "15013300", "UBIGEO": "150133", "DISTRITO": "SAN JUAN DE MIRAFLORES", "PROVINCIA": "LIMA", "DEPARTAMEN": "LIMA", "Zonas": "Todas Zonas", "tipo_influencia": "Indirecta", "abreviatura": "SJM", "min_distance_m": 1911.3803275193181, "susc_inund_niv": null, "susc_mmasa_niv": null, "susc_niv": null, "canalC_niv": "Muy alto", "exposicion_niv": "Muy alto" }, "geometry": { "type": "Point", "coordinates": [ -76.97283137, -12.16600147 ] } },
{ "type": "Feature", "properties": { "entity_id": "6155", "entity_type": "salud", "Nombre del establecimiento": "CENTRO DE SALUD MENTAL COMUNITARIO SAN GABRIEL ALTO", "Clasificación": "CENTROS MEDICOS ESPECIALIZADOS", "Tipo": "ESTABLECIMIENTO DE SALUD SIN INTERNAMIENTO", "Categoria": "I-3", "Estado": "ACTIVO", "CAMAS": 0.0, "fecha_info": "2026-03-09T00:00:00", "sububigeo": "15014303", "UBIGEO": "150143", "DISTRITO": "VILLA MARIA DEL TRIUNFO", "PROVINCIA": "LIMA", "DEPARTAMEN": "LIMA", "Zonas": "Jose Carlos Mariategui", "tipo_influencia": "Directa", "abreviatura": "VMT", "min_distance_m": 627.56573044809329, "susc_inund_niv": "Medio", "susc_mmasa_niv": "Alto", "susc_niv": "Alto", "canalC_niv": "Muy alto", "exposicion_niv": "Muy alto" }, "geometry": { "type": "Point", "coordinates": [ -76.9492584, -12.1418352 ] } },
{ "type": "Feature", "properties": { "entity_id": "35136", "entity_type": "salud", "Nombre del establecimiento": "PUESTO DE SALUD 6 DE JULIO", "Clasificación": "PUESTOS DE SALUD O POSTAS DE SALUD", "Tipo": "ESTABLECIMIENTO DE SALUD SIN INTERNAMIENTO", "Categoria": "I-2", "Estado": "ACTIVO", "CAMAS": 0.0, "fecha_info": "2026-03-09T00:00:00", "sububigeo": "15013300", "UBIGEO": "150133", "DISTRITO": "SAN JUAN DE MIRAFLORES", "PROVINCIA": "LIMA", "DEPARTAMEN": "LIMA", "Zonas": "Todas Zonas", "tipo_influencia": "Indirecta", "abreviatura": "SJM", "min_distance_m": null, "susc_inund_niv": null, "susc_mmasa_niv": null, "susc_niv": null, "canalC_niv": null, "exposicion_niv": null }, "geometry": { "type": "Point", "coordinates": [ -76.9751756, -12.1589058 ] } },
{ "type": "Feature", "properties": { "entity_id": "26750", "entity_type": "salud", "Nombre del establecimiento": "CONSULTORIO ODONTOLOGICO LUZ DENTAL SPA", "Clasificación": "CONSULTORIOS MEDICOS Y DE OTROS PROFESIONALES DE LA SALUD", "Tipo": "ESTABLECIMIENTO DE SALUD SIN INTERNAMIENTO", "Categoria": "I-1", "Estado": "BAJA DEFINITIVA", "CAMAS": 0.0, "fecha_info": "2026-03-09T00:00:00", "sububigeo": "15013300", "UBIGEO": "150133", "DISTRITO": "SAN JUAN DE MIRAFLORES", "PROVINCIA": "LIMA", "DEPARTAMEN": "LIMA", "Zonas": "Todas Zonas", "tipo_influencia": "Indirecta", "abreviatura": "SJM", "min_distance_m": 1667.5291325195421, "susc_inund_niv": "Medio", "susc_mmasa_niv": null, "susc_niv": "Medio", "canalC_niv": "Muy alto", "exposicion_niv": "Muy alto" }, "geometry": { "type": "Point", "coordinates": [ -76.9709502, -12.1587206 ] } },
{ "type": "Feature", "properties": { "entity_id": "6116", "entity_type": "salud", "Nombre del establecimiento": "PUESTO DE SALUD VALLE SHARON", "Clasificación": "PUESTOS DE SALUD O POSTAS DE SALUD", "Tipo": "ESTABLECIMIENTO DE SALUD SIN INTERNAMIENTO", "Categoria": "I-2", "Estado": "ACTIVO", "CAMAS": 0.0, "fecha_info": "2026-03-09T00:00:00", "sububigeo": "15013300", "UBIGEO": "150133", "DISTRITO": "SAN JUAN DE MIRAFLORES", "PROVINCIA": "LIMA", "DEPARTAMEN": "LIMA", "Zonas": "Todas Zonas", "tipo_influencia": "Indirecta", "abreviatura": "SJM", "min_distance_m": 1537.9653838907891, "susc_inund_niv": "Medio", "susc_mmasa_niv": null, "susc_niv": "Medio", "canalC_niv": "Muy alto", "exposicion_niv": "Muy alto" }, "geometry": { "type": "Point", "coordinates": [ -76.9660961, -12.1710773 ] } },
{ "type": "Feature", "properties": { "entity_id": "14670", "entity_type": "salud", "Nombre del establecimiento": "SISOL SALUD VILLA MARÍA DEL TRIUNFO", "Clasificación": "POLICLINICOS", "Tipo": "ESTABLECIMIENTO DE SALUD SIN INTERNAMIENTO", "Categoria": "I-3", "Estado": "ACTIVO", "CAMAS": 0.0, "fecha_info": "2026-03-09T00:00:00", "sububigeo": "15014305", "UBIGEO": "150143", "DISTRITO": "VILLA MARIA DEL TRIUNFO", "PROVINCIA": "LIMA", "DEPARTAMEN": "LIMA", "Zonas": "Villa María del Triunfo (Cercado)", "tipo_influencia": "Directa", "abreviatura": "VMT", "min_distance_m": 146.03689627793483, "susc_inund_niv": "Medio", "susc_mmasa_niv": null, "susc_niv": "Medio", "canalC_niv": "Muy alto", "exposicion_niv": "Muy alto" }, "geometry": { "type": "Point", "coordinates": [ -76.9456715, -12.171643 ] } },
{ "type": "Feature", "properties": { "entity_id": "20362", "entity_type": "salud", "Nombre del establecimiento": "CONSULTORIO DE ENFERMERÍA GENERAL", "Clasificación": "CONSULTORIOS MEDICOS Y DE OTROS PROFESIONALES DE LA SALUD", "Tipo": "ESTABLECIMIENTO DE SALUD SIN INTERNAMIENTO", "Categoria": "I-1", "Estado": "ACTIVO", "CAMAS": 0.0, "fecha_info": "2026-03-09T00:00:00", "sububigeo": "15013300", "UBIGEO": "150133", "DISTRITO": "SAN JUAN DE MIRAFLORES", "PROVINCIA": "LIMA", "DEPARTAMEN": "LIMA", "Zonas": "Todas Zonas", "tipo_influencia": "Indirecta", "abreviatura": "SJM", "min_distance_m": 1801.1328545922199, "susc_inund_niv": "Medio", "susc_mmasa_niv": "Alto", "susc_niv": "Alto", "canalC_niv": "Muy alto", "exposicion_niv": "Muy alto" }, "geometry": { "type": "Point", "coordinates": [ -76.9634665, -12.1357421 ] } },
{ "type": "Feature", "properties": { "entity_id": "20014", "entity_type": "salud", "Nombre del establecimiento": "DENTAL AYQUIPA", "Clasificación": "CONSULTORIOS MEDICOS Y DE OTROS PROFESIONALES DE LA SALUD", "Tipo": "ESTABLECIMIENTO DE SALUD SIN INTERNAMIENTO", "Categoria": "I-1", "Estado": "ACTIVO", "CAMAS": 0.0, "fecha_info": "2026-03-09T00:00:00", "sububigeo": "15013300", "UBIGEO": "150133", "DISTRITO": "SAN JUAN DE MIRAFLORES", "PROVINCIA": "LIMA", "DEPARTAMEN": "LIMA", "Zonas": "Todas Zonas", "tipo_influencia": "Indirecta", "abreviatura": "SJM", "min_distance_m": 1932.364989144889, "susc_inund_niv": null, "susc_mmasa_niv": null, "susc_niv": null, "canalC_niv": "Muy alto", "exposicion_niv": "Muy alto" }, "geometry": { "type": "Point", "coordinates": [ -76.9726936, -12.155842 ] } },
{ "type": "Feature", "properties": { "entity_id": "18825", "entity_type": "salud", "Nombre del establecimiento": "GUILLERMO KAELIN DE LA FUENTE", "Clasificación": "POLICLINICOS", "Tipo": "ESTABLECIMIENTO DE SALUD SIN INTERNAMIENTO", "Categoria": "I-2", "Estado": "ACTIVO", "CAMAS": 0.0, "fecha_info": "2026-03-09T00:00:00", "sububigeo": "15014304", "UBIGEO": "150143", "DISTRITO": "VILLA MARIA DEL TRIUNFO", "PROVINCIA": "LIMA", "DEPARTAMEN": "LIMA", "Zonas": "Nueva Esperanza", "tipo_influencia": "Directa", "abreviatura": "VMT", "min_distance_m": 129.16135717227399, "susc_inund_niv": "Medio", "susc_mmasa_niv": null, "susc_niv": "Medio", "canalC_niv": "Muy alto", "exposicion_niv": "Muy alto" }, "geometry": { "type": "Point", "coordinates": [ -76.94070112, -12.17763178 ] } },
{ "type": "Feature", "properties": { "entity_id": "27882", "entity_type": "salud", "Nombre del establecimiento": "CENTRO MEDICO BVC MEDIC S.A.C.", "Clasificación": "POLICLINICOS", "Tipo": "ESTABLECIMIENTO DE SALUD SIN INTERNAMIENTO", "Categoria": "I-3", "Estado": "ACTIVO", "CAMAS": 0.0, "fecha_info": "2026-03-09T00:00:00", "sububigeo": "15014200", "UBIGEO": "150142", "DISTRITO": "VILLA EL SALVADOR", "PROVINCIA": "LIMA", "DEPARTAMEN": "LIMA", "Zonas": "Todas Zonas", "tipo_influencia": "Directa", "abreviatura": "VES", "min_distance_m": null, "susc_inund_niv": "Medio", "susc_mmasa_niv": "Muy alto", "susc_niv": "Muy alto", "canalC_niv": null, "exposicion_niv": "Muy alto" }, "geometry": { "type": "Point", "coordinates": [ -76.9558794, -12.2368768 ] } },
{ "type": "Feature", "properties": { "entity_id": "27481", "entity_type": "salud", "Nombre del establecimiento": "DENT FREE", "Clasificación": "CONSULTORIOS MEDICOS Y DE OTROS PROFESIONALES DE LA SALUD", "Tipo": "ESTABLECIMIENTO DE SALUD SIN INTERNAMIENTO", "Categoria": "I-1", "Estado": "ACTIVO", "CAMAS": 0.0, "fecha_info": "2026-03-09T00:00:00", "sububigeo": "15013300", "UBIGEO": "150133", "DISTRITO": "SAN JUAN DE MIRAFLORES", "PROVINCIA": "LIMA", "DEPARTAMEN": "LIMA", "Zonas": "Todas Zonas", "tipo_influencia": "Indirecta", "abreviatura": "SJM", "min_distance_m": 1889.0690837164916, "susc_inund_niv": null, "susc_mmasa_niv": null, "susc_niv": null, "canalC_niv": "Muy alto", "exposicion_niv": "Muy alto" }, "geometry": { "type": "Point", "coordinates": [ -76.9729472, -12.1583342 ] } },
{ "type": "Feature", "properties": { "entity_id": "27139", "entity_type": "salud", "Nombre del establecimiento": "innovando sonrisas", "Clasificación": "CONSULTORIOS MEDICOS Y DE OTROS PROFESIONALES DE LA SALUD", "Tipo": "ESTABLECIMIENTO DE SALUD SIN INTERNAMIENTO", "Categoria": "I-1", "Estado": "ACTIVO", "CAMAS": 0.0, "fecha_info": "2026-03-09T00:00:00", "sububigeo": "15013300", "UBIGEO": "150133", "DISTRITO": "SAN JUAN DE MIRAFLORES", "PROVINCIA": "LIMA", "DEPARTAMEN": "LIMA", "Zonas": "Todas Zonas", "tipo_influencia": "Indirecta", "abreviatura": "SJM", "min_distance_m": null, "susc_inund_niv": null, "susc_mmasa_niv": null, "susc_niv": null, "canalC_niv": null, "exposicion_niv": null }, "geometry": { "type": "Point", "coordinates": [ -76.98106512, -12.16681047 ] } },
{ "type": "Feature", "properties": { "entity_id": "19753", "entity_type": "salud", "Nombre del establecimiento": "AVANCEMOS UNIDOS", "Clasificación": "POLICLINICOS", "Tipo": "ESTABLECIMIENTO DE SALUD SIN INTERNAMIENTO", "Categoria": "I-3", "Estado": "ACTIVO", "CAMAS": 0.0, "fecha_info": "2026-03-09T00:00:00", "sububigeo": "15013300", "UBIGEO": "150133", "DISTRITO": "SAN JUAN DE MIRAFLORES", "PROVINCIA": "LIMA", "DEPARTAMEN": "LIMA", "Zonas": "Todas Zonas", "tipo_influencia": "Indirecta", "abreviatura": "SJM", "min_distance_m": null, "susc_inund_niv": null, "susc_mmasa_niv": null, "susc_niv": null, "canalC_niv": null, "exposicion_niv": null }, "geometry": { "type": "Point", "coordinates": [ -76.9745185, -12.1917553 ] } },
{ "type": "Feature", "properties": { "entity_id": "6083", "entity_type": "salud", "Nombre del establecimiento": "CENTRO DE SALUD BUENA VISTA", "Clasificación": "CENTROS DE SALUD O CENTROS MEDICOS", "Tipo": "ESTABLECIMIENTO DE SALUD SIN INTERNAMIENTO", "Categoria": "I-3", "Estado": "ACTIVO", "CAMAS": 0.0, "fecha_info": "2026-03-09T00:00:00", "sububigeo": "15011900", "UBIGEO": "150119", "DISTRITO": "LURIN", "PROVINCIA": "LIMA", "DEPARTAMEN": "LIMA", "Zonas": "Todas Zonas", "tipo_influencia": "Directa", "abreviatura": "LUR", "min_distance_m": 1997.0789475885144, "susc_inund_niv": "Medio", "susc_mmasa_niv": null, "susc_niv": "Medio", "canalC_niv": "Alto", "exposicion_niv": "Alto" }, "geometry": { "type": "Point", "coordinates": [ -76.8746335, -12.2569375 ] } },
{ "type": "Feature", "properties": { "entity_id": "27216", "entity_type": "salud", "Nombre del establecimiento": "MEPSO", "Clasificación": "POLICLINICOS", "Tipo": "ESTABLECIMIENTO DE SALUD SIN INTERNAMIENTO", "Categoria": "I-3", "Estado": "ACTIVO", "CAMAS": 0.0, "fecha_info": "2026-03-09T00:00:00", "sububigeo": "15011900", "UBIGEO": "150119", "DISTRITO": "LURIN", "PROVINCIA": "LIMA", "DEPARTAMEN": "LIMA", "Zonas": "Todas Zonas", "tipo_influencia": "Directa", "abreviatura": "LUR", "min_distance_m": null, "susc_inund_niv": null, "susc_mmasa_niv": null, "susc_niv": null, "canalC_niv": null, "exposicion_niv": null }, "geometry": { "type": "Point", "coordinates": [ -76.85225464, -12.29370305 ] } },
{ "type": "Feature", "properties": { "entity_id": "28437", "entity_type": "salud", "Nombre del establecimiento": "CONSULTORIA MEDICA MUNDO SALUD", "Clasificación": "CONSULTORIOS MEDICOS Y DE OTROS PROFESIONALES DE LA SALUD", "Tipo": "ESTABLECIMIENTO DE SALUD SIN INTERNAMIENTO", "Categoria": "I-2", "Estado": "ACTIVO", "CAMAS": 0.0, "fecha_info": "2026-03-09T00:00:00", "sububigeo": "15013300", "UBIGEO": "150133", "DISTRITO": "SAN JUAN DE MIRAFLORES", "PROVINCIA": "LIMA", "DEPARTAMEN": "LIMA", "Zonas": "Todas Zonas", "tipo_influencia": "Indirecta", "abreviatura": "SJM", "min_distance_m": 1458.368811377027, "susc_inund_niv": "Medio", "susc_mmasa_niv": null, "susc_niv": "Medio", "canalC_niv": "Muy alto", "exposicion_niv": "Muy alto" }, "geometry": { "type": "Point", "coordinates": [ -76.96507639, -12.1710597 ] } },
{ "type": "Feature", "properties": { "entity_id": "6137", "entity_type": "salud", "Nombre del establecimiento": "PUESTO DE SALUD CRISTO SALVADOR", "Clasificación": "PUESTOS DE SALUD O POSTAS DE SALUD", "Tipo": "ESTABLECIMIENTO DE SALUD SIN INTERNAMIENTO", "Categoria": "I-2", "Estado": "ACTIVO", "CAMAS": 0.0, "fecha_info": "2026-03-09T00:00:00", "sububigeo": "15014200", "UBIGEO": "150142", "DISTRITO": "VILLA EL SALVADOR", "PROVINCIA": "LIMA", "DEPARTAMEN": "LIMA", "Zonas": "Todas Zonas", "tipo_influencia": "Directa", "abreviatura": "VES", "min_distance_m": 1243.2524875303695, "susc_inund_niv": "Medio", "susc_mmasa_niv": null, "susc_niv": "Medio", "canalC_niv": "Muy alto", "exposicion_niv": "Muy alto" }, "geometry": { "type": "Point", "coordinates": [ -76.9194511, -12.2289642 ] } },
{ "type": "Feature", "properties": { "entity_id": "31884", "entity_type": "salud", "Nombre del establecimiento": "CONSULTORIO ODNTOLOGICO  CUIDANDO TU SONRISA", "Clasificación": "CONSULTORIOS MEDICOS Y DE OTROS PROFESIONALES DE LA SALUD", "Tipo": "ESTABLECIMIENTO DE SALUD SIN INTERNAMIENTO", "Categoria": "I-1", "Estado": "CIERRE TEMPORAL DE OFICIO", "CAMAS": 0.0, "fecha_info": "2026-03-09T00:00:00", "sububigeo": "15014200", "UBIGEO": "150142", "DISTRITO": "VILLA EL SALVADOR", "PROVINCIA": "LIMA", "DEPARTAMEN": "LIMA", "Zonas": "Todas Zonas", "tipo_influencia": "Directa", "abreviatura": "VES", "min_distance_m": 1628.1220871020191, "susc_inund_niv": "Medio", "susc_mmasa_niv": null, "susc_niv": "Medio", "canalC_niv": "Muy alto", "exposicion_niv": "Muy alto" }, "geometry": { "type": "Point", "coordinates": [ -76.9394991, -12.2077073 ] } },
{ "type": "Feature", "properties": { "entity_id": "30807", "entity_type": "salud", "Nombre del establecimiento": "CONSULTORIO MEDICO SAN JOSÉ", "Clasificación": "CONSULTORIOS MEDICOS Y DE OTROS PROFESIONALES DE LA SALUD", "Tipo": "ESTABLECIMIENTO DE SALUD SIN INTERNAMIENTO", "Categoria": "I-2", "Estado": "ACTIVO", "CAMAS": 0.0, "fecha_info": "2026-03-09T00:00:00", "sububigeo": "15014200", "UBIGEO": "150142", "DISTRITO": "VILLA EL SALVADOR", "PROVINCIA": "LIMA", "DEPARTAMEN": "LIMA", "Zonas": "Todas Zonas", "tipo_influencia": "Directa", "abreviatura": "VES", "min_distance_m": null, "susc_inund_niv": "Medio", "susc_mmasa_niv": null, "susc_niv": "Medio", "canalC_niv": null, "exposicion_niv": "Medio" }, "geometry": { "type": "Point", "coordinates": [ -76.9619813, -12.1933138 ] } },
{ "type": "Feature", "properties": { "entity_id": "30133", "entity_type": "salud", "Nombre del establecimiento": "DENTAL GAMBOA", "Clasificación": "CONSULTORIOS MEDICOS Y DE OTROS PROFESIONALES DE LA SALUD", "Tipo": "ESTABLECIMIENTO DE SALUD SIN INTERNAMIENTO", "Categoria": "I-1", "Estado": "ACTIVO", "CAMAS": 0.0, "fecha_info": "2026-03-09T00:00:00", "sububigeo": "15014303", "UBIGEO": "150143", "DISTRITO": "VILLA MARIA DEL TRIUNFO", "PROVINCIA": "LIMA", "DEPARTAMEN": "LIMA", "Zonas": "Jose Carlos Mariategui", "tipo_influencia": "Directa", "abreviatura": "VMT", "min_distance_m": 970.9948855460716, "susc_inund_niv": null, "susc_mmasa_niv": "Alto", "susc_niv": "Alto", "canalC_niv": "Muy alto", "exposicion_niv": "Muy alto" }, "geometry": { "type": "Point", "coordinates": [ -76.939558, -12.1415546 ] } },
{ "type": "Feature", "properties": { "entity_id": "31665", "entity_type": "salud", "Nombre del establecimiento": "POLICLÍNICO EL SALVADOR", "Clasificación": null, "Tipo": "ESTABLECIMIENTO DE SALUD SIN INTERNAMIENTO", "Categoria": "I-3", "Estado": "ACTIVO", "CAMAS": 0.0, "fecha_info": "2026-03-09T00:00:00", "sububigeo": "15014200", "UBIGEO": "150142", "DISTRITO": "VILLA EL SALVADOR", "PROVINCIA": "LIMA", "DEPARTAMEN": "LIMA", "Zonas": "Todas Zonas", "tipo_influencia": "Directa", "abreviatura": "VES", "min_distance_m": 1967.1341227918692, "susc_inund_niv": "Medio", "susc_mmasa_niv": null, "susc_niv": "Medio", "canalC_niv": "Muy alto", "exposicion_niv": "Muy alto" }, "geometry": { "type": "Point", "coordinates": [ -76.9588018, -12.1962146 ] } },
{ "type": "Feature", "properties": { "entity_id": "30129", "entity_type": "salud", "Nombre del establecimiento": "Consultorios Oscar Campos", "Clasificación": "CONSULTORIOS MEDICOS Y DE OTROS PROFESIONALES DE LA SALUD", "Tipo": "ESTABLECIMIENTO DE SALUD SIN INTERNAMIENTO", "Categoria": "I-2", "Estado": "ACTIVO", "CAMAS": 0.0, "fecha_info": "2026-03-09T00:00:00", "sububigeo": "15014306", "UBIGEO": "150143", "DISTRITO": "VILLA MARIA DEL TRIUNFO", "PROVINCIA": "LIMA", "DEPARTAMEN": "LIMA", "Zonas": "San Francisco de la Tablada de Lurin", "tipo_influencia": "Directa", "abreviatura": "VMT", "min_distance_m": 675.15399993775134, "susc_inund_niv": "Medio", "susc_mmasa_niv": null, "susc_niv": "Medio", "canalC_niv": "Muy alto", "exposicion_niv": "Muy alto" }, "geometry": { "type": "Point", "coordinates": [ -76.92880913, -12.20021676 ] } },
{ "type": "Feature", "properties": { "entity_id": "26943", "entity_type": "salud", "Nombre del establecimiento": "CONSULTORIO PSICOLÓGICO NUNAWASI", "Clasificación": "CONSULTORIOS MEDICOS Y DE OTROS PROFESIONALES DE LA SALUD", "Tipo": "ESTABLECIMIENTO DE SALUD SIN INTERNAMIENTO", "Categoria": "I-1", "Estado": "ACTIVO", "CAMAS": 0.0, "fecha_info": "2026-03-09T00:00:00", "sububigeo": "15014200", "UBIGEO": "150142", "DISTRITO": "VILLA EL SALVADOR", "PROVINCIA": "LIMA", "DEPARTAMEN": "LIMA", "Zonas": "Todas Zonas", "tipo_influencia": "Directa", "abreviatura": "VES", "min_distance_m": null, "susc_inund_niv": "Medio", "susc_mmasa_niv": null, "susc_niv": "Medio", "canalC_niv": null, "exposicion_niv": "Medio" }, "geometry": { "type": "Point", "coordinates": [ -76.945749, -12.217323 ] } },
{ "type": "Feature", "properties": { "entity_id": "28600", "entity_type": "salud", "Nombre del establecimiento": "DR. ESAUD", "Clasificación": "CONSULTORIOS MEDICOS Y DE OTROS PROFESIONALES DE LA SALUD", "Tipo": "ESTABLECIMIENTO DE SALUD SIN INTERNAMIENTO", "Categoria": "I-2", "Estado": "ACTIVO", "CAMAS": 0.0, "fecha_info": "2026-03-09T00:00:00", "sububigeo": "15013300", "UBIGEO": "150133", "DISTRITO": "SAN JUAN DE MIRAFLORES", "PROVINCIA": "LIMA", "DEPARTAMEN": "LIMA", "Zonas": "Todas Zonas", "tipo_influencia": "Indirecta", "abreviatura": "SJM", "min_distance_m": null, "susc_inund_niv": null, "susc_mmasa_niv": null, "susc_niv": null, "canalC_niv": null, "exposicion_niv": null }, "geometry": { "type": "Point", "coordinates": [ -76.982050750000013, -12.15253651 ] } },
{ "type": "Feature", "properties": { "entity_id": "26991", "entity_type": "salud", "Nombre del establecimiento": "POLICLINICO SEÑOR DE LOS MILAGROS DE LURIN", "Clasificación": "POLICLINICOS", "Tipo": "ESTABLECIMIENTO DE SALUD SIN INTERNAMIENTO", "Categoria": "I-3", "Estado": "ACTIVO", "CAMAS": 0.0, "fecha_info": "2026-03-09T00:00:00", "sububigeo": "15011900", "UBIGEO": "150119", "DISTRITO": "LURIN", "PROVINCIA": "LIMA", "DEPARTAMEN": "LIMA", "Zonas": "Todas Zonas", "tipo_influencia": "Directa", "abreviatura": "LUR", "min_distance_m": null, "susc_inund_niv": null, "susc_mmasa_niv": null, "susc_niv": null, "canalC_niv": null, "exposicion_niv": null }, "geometry": { "type": "Point", "coordinates": [ -76.8699531, -12.27502867 ] } },
{ "type": "Feature", "properties": { "entity_id": "27479", "entity_type": "salud", "Nombre del establecimiento": "CONSULTORIO DE NEURODIAGNOSTICO DR. ROMERO", "Clasificación": "CONSULTORIOS MEDICOS Y DE OTROS PROFESIONALES DE LA SALUD", "Tipo": "ESTABLECIMIENTO DE SALUD SIN INTERNAMIENTO", "Categoria": "I-2", "Estado": "CIERRE TEMPORAL DE OFICIO", "CAMAS": 0.0, "fecha_info": "2026-03-09T00:00:00", "sububigeo": "15014307", "UBIGEO": "150143", "DISTRITO": "VILLA MARIA DEL TRIUNFO", "PROVINCIA": "LIMA", "DEPARTAMEN": "LIMA", "Zonas": "Villa Poeta José Gálvez", "tipo_influencia": "Directa", "abreviatura": "VMT", "min_distance_m": 1167.8147353022787, "susc_inund_niv": "Medio", "susc_mmasa_niv": null, "susc_niv": "Medio", "canalC_niv": "Muy alto", "exposicion_niv": "Muy alto" }, "geometry": { "type": "Point", "coordinates": [ -76.9058215, -12.2067825 ] } },
{ "type": "Feature", "properties": { "entity_id": "6115", "entity_type": "salud", "Nombre del establecimiento": "CENTRO DE SALUD SAN JUAN DE MIRAFLORES", "Clasificación": "CENTROS DE SALUD O CENTROS MEDICOS", "Tipo": "ESTABLECIMIENTO DE SALUD SIN INTERNAMIENTO", "Categoria": "I-3", "Estado": "ACTIVO", "CAMAS": 0.0, "fecha_info": "2026-03-09T00:00:00", "sububigeo": "15013300", "UBIGEO": "150133", "DISTRITO": "SAN JUAN DE MIRAFLORES", "PROVINCIA": "LIMA", "DEPARTAMEN": "LIMA", "Zonas": "Todas Zonas", "tipo_influencia": "Indirecta", "abreviatura": "SJM", "min_distance_m": null, "susc_inund_niv": null, "susc_mmasa_niv": null, "susc_niv": null, "canalC_niv": null, "exposicion_niv": null }, "geometry": { "type": "Point", "coordinates": [ -76.9751522, -12.1574558 ] } },
{ "type": "Feature", "properties": { "entity_id": "27760", "entity_type": "salud", "Nombre del establecimiento": "POLICLINICO EL PUEBLO", "Clasificación": "POLICLINICOS", "Tipo": "ESTABLECIMIENTO DE SALUD SIN INTERNAMIENTO", "Categoria": "I-3", "Estado": "ACTIVO", "CAMAS": 0.0, "fecha_info": "2026-03-09T00:00:00", "sububigeo": "15011900", "UBIGEO": "150119", "DISTRITO": "LURIN", "PROVINCIA": "LIMA", "DEPARTAMEN": "LIMA", "Zonas": "Todas Zonas", "tipo_influencia": "Directa", "abreviatura": "LUR", "min_distance_m": null, "susc_inund_niv": null, "susc_mmasa_niv": null, "susc_niv": null, "canalC_niv": null, "exposicion_niv": null }, "geometry": { "type": "Point", "coordinates": [ -76.8687852, -12.2765574 ] } },
{ "type": "Feature", "properties": { "entity_id": "25098", "entity_type": "salud", "Nombre del establecimiento": "CENTROMED DE LA HUMANIDAD", "Clasificación": "HEMODIALISIS", "Tipo": "SERVICIO MÉDICO DE APOYO", "Categoria": "Sin Categoría", "Estado": "ACTIVO", "CAMAS": 0.0, "fecha_info": "2026-03-09T00:00:00", "sububigeo": "15013300", "UBIGEO": "150133", "DISTRITO": "SAN JUAN DE MIRAFLORES", "PROVINCIA": "LIMA", "DEPARTAMEN": "LIMA", "Zonas": "Todas Zonas", "tipo_influencia": "Indirecta", "abreviatura": "SJM", "min_distance_m": 1436.1958983418258, "susc_inund_niv": "Medio", "susc_mmasa_niv": null, "susc_niv": "Medio", "canalC_niv": "Muy alto", "exposicion_niv": "Muy alto" }, "geometry": { "type": "Point", "coordinates": [ -76.9679594, -12.16670606 ] } },
{ "type": "Feature", "properties": { "entity_id": "28816", "entity_type": "salud", "Nombre del establecimiento": "LABORATORIO CLINICO SAFETY LAB", "Clasificación": "PATOLOGIA CLINICA", "Tipo": "SERVICIO MÉDICO DE APOYO", "Categoria": "Sin Categoría", "Estado": "BAJA DEFINITIVA", "CAMAS": 0.0, "fecha_info": "2026-03-09T00:00:00", "sububigeo": "15013300", "UBIGEO": "150133", "DISTRITO": "SAN JUAN DE MIRAFLORES", "PROVINCIA": "LIMA", "DEPARTAMEN": "LIMA", "Zonas": "Todas Zonas", "tipo_influencia": "Indirecta", "abreviatura": "SJM", "min_distance_m": null, "susc_inund_niv": null, "susc_mmasa_niv": null, "susc_niv": null, "canalC_niv": null, "exposicion_niv": null }, "geometry": { "type": "Point", "coordinates": [ -76.9808495, -12.1719708 ] } },
{ "type": "Feature", "properties": { "entity_id": "31329", "entity_type": "salud", "Nombre del establecimiento": "ODONTHOSMART", "Clasificación": "CONSULTORIOS MEDICOS Y DE OTROS PROFESIONALES DE LA SALUD", "Tipo": "ESTABLECIMIENTO DE SALUD SIN INTERNAMIENTO", "Categoria": "I-1", "Estado": "ACTIVO", "CAMAS": 0.0, "fecha_info": "2026-03-09T00:00:00", "sububigeo": "15013300", "UBIGEO": "150133", "DISTRITO": "SAN JUAN DE MIRAFLORES", "PROVINCIA": "LIMA", "DEPARTAMEN": "LIMA", "Zonas": "Todas Zonas", "tipo_influencia": "Indirecta", "abreviatura": "SJM", "min_distance_m": 408.59463823584423, "susc_inund_niv": "Medio", "susc_mmasa_niv": null, "susc_niv": "Medio", "canalC_niv": "Muy alto", "exposicion_niv": "Muy alto" }, "geometry": { "type": "Point", "coordinates": [ -76.9596415, -12.1614447 ] } },
{ "type": "Feature", "properties": { "entity_id": "33313", "entity_type": "salud", "Nombre del establecimiento": "CONSULTORIO MÉDICO DRES. MOYA - NAVEDA", "Clasificación": "CONSULTORIOS MEDICOS Y DE OTROS PROFESIONALES DE LA SALUD", "Tipo": "ESTABLECIMIENTO DE SALUD SIN INTERNAMIENTO", "Categoria": "I-2", "Estado": "ACTIVO", "CAMAS": 0.0, "fecha_info": "2026-03-09T00:00:00", "sububigeo": "15013300", "UBIGEO": "150133", "DISTRITO": "SAN JUAN DE MIRAFLORES", "PROVINCIA": "LIMA", "DEPARTAMEN": "LIMA", "Zonas": "Todas Zonas", "tipo_influencia": "Indirecta", "abreviatura": "SJM", "min_distance_m": null, "susc_inund_niv": null, "susc_mmasa_niv": null, "susc_niv": null, "canalC_niv": null, "exposicion_niv": null }, "geometry": { "type": "Point", "coordinates": [ -76.97568913, -12.15744358 ] } },
{ "type": "Feature", "properties": { "entity_id": "6092", "entity_type": "salud", "Nombre del establecimiento": "CENTRO DE SALUD PORTADA DE MANCHAY", "Clasificación": "CENTROS DE SALUD O CENTROS MEDICOS", "Tipo": "ESTABLECIMIENTO DE SALUD SIN INTERNAMIENTO", "Categoria": "I-3", "Estado": "ACTIVO", "CAMAS": 6.0, "fecha_info": "2026-03-09T00:00:00", "sububigeo": "15012304", "UBIGEO": "150123", "DISTRITO": "PACHACAMAC", "PROVINCIA": "LIMA", "DEPARTAMEN": "LIMA", "Zonas": "Quebrada de Manchay", "tipo_influencia": "Directa", "abreviatura": "PACH", "min_distance_m": null, "susc_inund_niv": "Medio", "susc_mmasa_niv": "Alto", "susc_niv": "Alto", "canalC_niv": null, "exposicion_niv": "Alto" }, "geometry": { "type": "Point", "coordinates": [ -76.8818267, -12.088974 ] } },
{ "type": "Feature", "properties": { "entity_id": "6129", "entity_type": "salud", "Nombre del establecimiento": "CENTRO DE SALUD BRISAS DE PACHACAMAC", "Clasificación": "CENTROS DE SALUD O CENTROS MEDICOS", "Tipo": "ESTABLECIMIENTO DE SALUD SIN INTERNAMIENTO", "Categoria": "I-3", "Estado": "ACTIVO", "CAMAS": 0.0, "fecha_info": "2026-03-09T00:00:00", "sububigeo": "15014200", "UBIGEO": "150142", "DISTRITO": "VILLA EL SALVADOR", "PROVINCIA": "LIMA", "DEPARTAMEN": "LIMA", "Zonas": "Todas Zonas", "tipo_influencia": "Directa", "abreviatura": "VES", "min_distance_m": 1885.279663322958, "susc_inund_niv": "Medio", "susc_mmasa_niv": null, "susc_niv": "Medio", "canalC_niv": "Muy alto", "exposicion_niv": "Muy alto" }, "geometry": { "type": "Point", "coordinates": [ -76.9480428, -12.2013856 ] } },
{ "type": "Feature", "properties": { "entity_id": "9979", "entity_type": "salud", "Nombre del establecimiento": "CENTRO DE ATENCION PRIMARIA II LURIN", "Clasificación": "CENTROS DE SALUD O CENTROS MEDICOS", "Tipo": "ESTABLECIMIENTO DE SALUD SIN INTERNAMIENTO", "Categoria": "I-3", "Estado": "ACTIVO", "CAMAS": 0.0, "fecha_info": "2026-03-09T00:00:00", "sububigeo": "15011900", "UBIGEO": "150119", "DISTRITO": "LURIN", "PROVINCIA": "LIMA", "DEPARTAMEN": "LIMA", "Zonas": "Todas Zonas", "tipo_influencia": "Directa", "abreviatura": "LUR", "min_distance_m": null, "susc_inund_niv": null, "susc_mmasa_niv": null, "susc_niv": null, "canalC_niv": null, "exposicion_niv": null }, "geometry": { "type": "Point", "coordinates": [ -76.87133336, -12.27568943 ] } },
{ "type": "Feature", "properties": { "entity_id": "30112", "entity_type": "salud", "Nombre del establecimiento": "BIENESTAR EN CASA E.I.R.L", "Clasificación": "CONSULTORIOS MEDICOS Y DE OTROS PROFESIONALES DE LA SALUD", "Tipo": "ESTABLECIMIENTO DE SALUD SIN INTERNAMIENTO", "Categoria": "I-2", "Estado": "BAJA DEFINITIVA", "CAMAS": 0.0, "fecha_info": "2026-03-09T00:00:00", "sububigeo": "15014200", "UBIGEO": "150142", "DISTRITO": "VILLA EL SALVADOR", "PROVINCIA": "LIMA", "DEPARTAMEN": "LIMA", "Zonas": "Todas Zonas", "tipo_influencia": "Directa", "abreviatura": "VES", "min_distance_m": null, "susc_inund_niv": "Medio", "susc_mmasa_niv": null, "susc_niv": "Medio", "canalC_niv": null, "exposicion_niv": "Medio" }, "geometry": { "type": "Point", "coordinates": [ -76.9307733, -12.2229715 ] } },
{ "type": "Feature", "properties": { "entity_id": "6112", "entity_type": "salud", "Nombre del establecimiento": "PUESTO DE SALUD LA RINCONADA", "Clasificación": "PUESTOS DE SALUD O POSTAS DE SALUD", "Tipo": "ESTABLECIMIENTO DE SALUD SIN INTERNAMIENTO", "Categoria": "I-2", "Estado": "ACTIVO", "CAMAS": 0.0, "fecha_info": "2026-03-09T00:00:00", "sububigeo": "15013300", "UBIGEO": "150133", "DISTRITO": "SAN JUAN DE MIRAFLORES", "PROVINCIA": "LIMA", "DEPARTAMEN": "LIMA", "Zonas": "Todas Zonas", "tipo_influencia": "Indirecta", "abreviatura": "SJM", "min_distance_m": 1747.2773995800553, "susc_inund_niv": null, "susc_mmasa_niv": null, "susc_niv": null, "canalC_niv": "Muy alto", "exposicion_niv": "Muy alto" }, "geometry": { "type": "Point", "coordinates": [ -76.9592706, -12.1265218 ] } },
{ "type": "Feature", "properties": { "entity_id": "30361", "entity_type": "salud", "Nombre del establecimiento": "INVOD ZEVALLOS EIRL", "Clasificación": "CONSULTORIOS MEDICOS Y DE OTROS PROFESIONALES DE LA SALUD", "Tipo": "ESTABLECIMIENTO DE SALUD SIN INTERNAMIENTO", "Categoria": "I-1", "Estado": "ACTIVO", "CAMAS": 0.0, "fecha_info": "2026-03-09T00:00:00", "sububigeo": "15014200", "UBIGEO": "150142", "DISTRITO": "VILLA EL SALVADOR", "PROVINCIA": "LIMA", "DEPARTAMEN": "LIMA", "Zonas": "Todas Zonas", "tipo_influencia": "Directa", "abreviatura": "VES", "min_distance_m": 1974.9048392643199, "susc_inund_niv": "Medio", "susc_mmasa_niv": null, "susc_niv": "Medio", "canalC_niv": "Muy alto", "exposicion_niv": "Muy alto" }, "geometry": { "type": "Point", "coordinates": [ -76.9459416, -12.2063944 ] } },
{ "type": "Feature", "properties": { "entity_id": "35116", "entity_type": "salud", "Nombre del establecimiento": "SERVICIOS MEDICOS CORAZÓN DE JESÚS", "Clasificación": "POLICLINICOS", "Tipo": "ESTABLECIMIENTO DE SALUD SIN INTERNAMIENTO", "Categoria": "I-3", "Estado": "ACTIVO", "CAMAS": 0.0, "fecha_info": "2026-03-09T00:00:00", "sububigeo": "15011900", "UBIGEO": "150119", "DISTRITO": "LURIN", "PROVINCIA": "LIMA", "DEPARTAMEN": "LIMA", "Zonas": "Todas Zonas", "tipo_influencia": "Directa", "abreviatura": "LUR", "min_distance_m": null, "susc_inund_niv": null, "susc_mmasa_niv": null, "susc_niv": null, "canalC_niv": null, "exposicion_niv": null }, "geometry": { "type": "Point", "coordinates": [ -76.87029651, -12.2745437 ] } },
{ "type": "Feature", "properties": { "entity_id": "34236", "entity_type": "salud", "Nombre del establecimiento": "DM TERAPIA", "Clasificación": "CONSULTORIOS MEDICOS Y DE OTROS PROFESIONALES DE LA SALUD", "Tipo": "ESTABLECIMIENTO DE SALUD SIN INTERNAMIENTO", "Categoria": "I-1", "Estado": "ACTIVO", "CAMAS": 0.0, "fecha_info": "2026-03-09T00:00:00", "sububigeo": "15014200", "UBIGEO": "150142", "DISTRITO": "VILLA EL SALVADOR", "PROVINCIA": "LIMA", "DEPARTAMEN": "LIMA", "Zonas": "Todas Zonas", "tipo_influencia": "Directa", "abreviatura": "VES", "min_distance_m": null, "susc_inund_niv": "Medio", "susc_mmasa_niv": null, "susc_niv": "Medio", "canalC_niv": null, "exposicion_niv": "Medio" }, "geometry": { "type": "Point", "coordinates": [ -76.9592651, -12.1975806 ] } },
{ "type": "Feature", "properties": { "entity_id": "34240", "entity_type": "salud", "Nombre del establecimiento": "DENTAL LILIDENT", "Clasificación": "CONSULTORIOS MEDICOS Y DE OTROS PROFESIONALES DE LA SALUD", "Tipo": "ESTABLECIMIENTO DE SALUD SIN INTERNAMIENTO", "Categoria": "I-1", "Estado": "ACTIVO", "CAMAS": 0.0, "fecha_info": "2026-03-09T00:00:00", "sububigeo": "15014304", "UBIGEO": "150143", "DISTRITO": "VILLA MARIA DEL TRIUNFO", "PROVINCIA": "LIMA", "DEPARTAMEN": "LIMA", "Zonas": "Nueva Esperanza", "tipo_influencia": "Directa", "abreviatura": "VMT", "min_distance_m": 645.21380748246111, "susc_inund_niv": "Medio", "susc_mmasa_niv": null, "susc_niv": "Medio", "canalC_niv": "Muy alto", "exposicion_niv": "Muy alto" }, "geometry": { "type": "Point", "coordinates": [ -76.92918909, -12.16979533 ] } },
{ "type": "Feature", "properties": { "entity_id": "33072", "entity_type": "salud", "Nombre del establecimiento": "CEODEM CONSULTORIO ODONTOLOGICO", "Clasificación": "CONSULTORIOS MEDICOS Y DE OTROS PROFESIONALES DE LA SALUD", "Tipo": "ESTABLECIMIENTO DE SALUD SIN INTERNAMIENTO", "Categoria": "I-1", "Estado": "ACTIVO", "CAMAS": 0.0, "fecha_info": "2026-03-09T00:00:00", "sububigeo": "15014307", "UBIGEO": "150143", "DISTRITO": "VILLA MARIA DEL TRIUNFO", "PROVINCIA": "LIMA", "DEPARTAMEN": "LIMA", "Zonas": "Villa Poeta José Gálvez", "tipo_influencia": "Directa", "abreviatura": "VMT", "min_distance_m": 478.0282754178503, "susc_inund_niv": "Medio", "susc_mmasa_niv": null, "susc_niv": "Medio", "canalC_niv": "Muy alto", "exposicion_niv": "Muy alto" }, "geometry": { "type": "Point", "coordinates": [ -76.905777, -12.22079782 ] } },
{ "type": "Feature", "properties": { "entity_id": "32073", "entity_type": "salud", "Nombre del establecimiento": "idp Consulting", "Clasificación": "CONSULTORIOS MEDICOS Y DE OTROS PROFESIONALES DE LA SALUD", "Tipo": "ESTABLECIMIENTO DE SALUD SIN INTERNAMIENTO", "Categoria": "I-1", "Estado": "ACTIVO", "CAMAS": 0.0, "fecha_info": "2026-03-09T00:00:00", "sububigeo": "15014200", "UBIGEO": "150142", "DISTRITO": "VILLA EL SALVADOR", "PROVINCIA": "LIMA", "DEPARTAMEN": "LIMA", "Zonas": "Todas Zonas", "tipo_influencia": "Directa", "abreviatura": "VES", "min_distance_m": null, "susc_inund_niv": "Medio", "susc_mmasa_niv": null, "susc_niv": "Medio", "canalC_niv": null, "exposicion_niv": "Medio" }, "geometry": { "type": "Point", "coordinates": [ -76.945259, -12.227903 ] } },
{ "type": "Feature", "properties": { "entity_id": "33203", "entity_type": "salud", "Nombre del establecimiento": "UNIVERSALDENT", "Clasificación": "CENTRO ODONTOLOGICO", "Tipo": "ESTABLECIMIENTO DE SALUD SIN INTERNAMIENTO", "Categoria": "I-1", "Estado": "ACTIVO", "CAMAS": 0.0, "fecha_info": "2026-03-09T00:00:00", "sububigeo": "15014303", "UBIGEO": "150143", "DISTRITO": "VILLA MARIA DEL TRIUNFO", "PROVINCIA": "LIMA", "DEPARTAMEN": "LIMA", "Zonas": "Jose Carlos Mariategui", "tipo_influencia": "Directa", "abreviatura": "VMT", "min_distance_m": 278.90132752205415, "susc_inund_niv": "Medio", "susc_mmasa_niv": "Alto", "susc_niv": "Alto", "canalC_niv": "Muy alto", "exposicion_niv": "Muy alto" }, "geometry": { "type": "Point", "coordinates": [ -76.9511319, -12.1499214 ] } },
{ "type": "Feature", "properties": { "entity_id": "32170", "entity_type": "salud", "Nombre del establecimiento": "BARRET MED", "Clasificación": "CONSULTORIOS MEDICOS Y DE OTROS PROFESIONALES DE LA SALUD", "Tipo": "ESTABLECIMIENTO DE SALUD SIN INTERNAMIENTO", "Categoria": "I-2", "Estado": "ACTIVO", "CAMAS": 0.0, "fecha_info": "2026-03-09T00:00:00", "sububigeo": "15011900", "UBIGEO": "150119", "DISTRITO": "LURIN", "PROVINCIA": "LIMA", "DEPARTAMEN": "LIMA", "Zonas": "Todas Zonas", "tipo_influencia": "Directa", "abreviatura": "LUR", "min_distance_m": null, "susc_inund_niv": null, "susc_mmasa_niv": null, "susc_niv": null, "canalC_niv": null, "exposicion_niv": null }, "geometry": { "type": "Point", "coordinates": [ -76.85440922, -12.2925768 ] } },
{ "type": "Feature", "properties": { "entity_id": "33220", "entity_type": "salud", "Nombre del establecimiento": "CONSULTORIO OBSTETRICO ESPECIALIZADO MUJER 360°", "Clasificación": "CONSULTORIOS MEDICOS Y DE OTROS PROFESIONALES DE LA SALUD", "Tipo": "ESTABLECIMIENTO DE SALUD SIN INTERNAMIENTO", "Categoria": "I-1", "Estado": "CIERRE TEMPORAL DE OFICIO", "CAMAS": 0.0, "fecha_info": "2026-03-09T00:00:00", "sububigeo": "15014304", "UBIGEO": "150143", "DISTRITO": "VILLA MARIA DEL TRIUNFO", "PROVINCIA": "LIMA", "DEPARTAMEN": "LIMA", "Zonas": "Nueva Esperanza", "tipo_influencia": "Directa", "abreviatura": "VMT", "min_distance_m": 478.17569859972548, "susc_inund_niv": "Medio", "susc_mmasa_niv": null, "susc_niv": "Medio", "canalC_niv": "Muy alto", "exposicion_niv": "Muy alto" }, "geometry": { "type": "Point", "coordinates": [ -76.93061829, -12.17085678 ] } },
{ "type": "Feature", "properties": { "entity_id": "6142", "entity_type": "salud", "Nombre del establecimiento": "CENTRO DE SALUD VIRGEN DE LOURDES", "Clasificación": "CENTROS DE SALUD O CENTROS MEDICOS", "Tipo": "ESTABLECIMIENTO DE SALUD SIN INTERNAMIENTO", "Categoria": "I-3", "Estado": "ACTIVO", "CAMAS": 0.0, "fecha_info": "2026-03-09T00:00:00", "sububigeo": "15014304", "UBIGEO": "150143", "DISTRITO": "VILLA MARIA DEL TRIUNFO", "PROVINCIA": "LIMA", "DEPARTAMEN": "LIMA", "Zonas": "Nueva Esperanza", "tipo_influencia": "Directa", "abreviatura": "VMT", "min_distance_m": 584.41129671489819, "susc_inund_niv": null, "susc_mmasa_niv": null, "susc_niv": null, "canalC_niv": "Muy alto", "exposicion_niv": "Muy alto" }, "geometry": { "type": "Point", "coordinates": [ -76.9189534, -12.1672291 ] } },
{ "type": "Feature", "properties": { "entity_id": "37092", "entity_type": "salud", "Nombre del establecimiento": "POLICLINICO CONDUSALUD AMERICA", "Clasificación": "POLICLINICOS", "Tipo": "ESTABLECIMIENTO DE SALUD SIN INTERNAMIENTO", "Categoria": "I-3", "Estado": "ACTIVO", "CAMAS": 0.0, "fecha_info": "2026-03-09T00:00:00", "sububigeo": "15013300", "UBIGEO": "150133", "DISTRITO": "SAN JUAN DE MIRAFLORES", "PROVINCIA": "LIMA", "DEPARTAMEN": "LIMA", "Zonas": "Todas Zonas", "tipo_influencia": "Indirecta", "abreviatura": "SJM", "min_distance_m": null, "susc_inund_niv": null, "susc_mmasa_niv": null, "susc_niv": null, "canalC_niv": null, "exposicion_niv": null }, "geometry": { "type": "Point", "coordinates": [ -76.9762574, -12.1843553 ] } },
{ "type": "Feature", "properties": { "entity_id": "37806", "entity_type": "salud", "Nombre del establecimiento": "DENTAL VERTIZ", "Clasificación": "CONSULTORIOS MEDICOS Y DE OTROS PROFESIONALES DE LA SALUD", "Tipo": "ESTABLECIMIENTO DE SALUD SIN INTERNAMIENTO", "Categoria": "I-1", "Estado": "ACTIVO", "CAMAS": 0.0, "fecha_info": "2026-03-09T00:00:00", "sububigeo": "15014200", "UBIGEO": "150142", "DISTRITO": "VILLA EL SALVADOR", "PROVINCIA": "LIMA", "DEPARTAMEN": "LIMA", "Zonas": "Todas Zonas", "tipo_influencia": "Directa", "abreviatura": "VES", "min_distance_m": null, "susc_inund_niv": "Medio", "susc_mmasa_niv": null, "susc_niv": "Medio", "canalC_niv": null, "exposicion_niv": "Medio" }, "geometry": { "type": "Point", "coordinates": [ -76.936178, -12.2150049 ] } },
{ "type": "Feature", "properties": { "entity_id": "35902", "entity_type": "salud", "Nombre del establecimiento": "CEO", "Clasificación": "CENTRO ODONTOLOGICO", "Tipo": "ESTABLECIMIENTO DE SALUD SIN INTERNAMIENTO", "Categoria": "I-1", "Estado": "ACTIVO", "CAMAS": 0.0, "fecha_info": "2026-03-09T00:00:00", "sububigeo": "15013300", "UBIGEO": "150133", "DISTRITO": "SAN JUAN DE MIRAFLORES", "PROVINCIA": "LIMA", "DEPARTAMEN": "LIMA", "Zonas": "Todas Zonas", "tipo_influencia": "Indirecta", "abreviatura": "SJM", "min_distance_m": null, "susc_inund_niv": null, "susc_mmasa_niv": null, "susc_niv": null, "canalC_niv": null, "exposicion_niv": null }, "geometry": { "type": "Point", "coordinates": [ -76.9748658, -12.1590299 ] } },
{ "type": "Feature", "properties": { "entity_id": "35897", "entity_type": "salud", "Nombre del establecimiento": "GLOBAL SALUD", "Clasificación": "POLICLINICOS", "Tipo": "ESTABLECIMIENTO DE SALUD SIN INTERNAMIENTO", "Categoria": "I-2", "Estado": "ACTIVO", "CAMAS": 0.0, "fecha_info": "2026-03-09T00:00:00", "sububigeo": "15014200", "UBIGEO": "150142", "DISTRITO": "VILLA EL SALVADOR", "PROVINCIA": "LIMA", "DEPARTAMEN": "LIMA", "Zonas": "Todas Zonas", "tipo_influencia": "Directa", "abreviatura": "VES", "min_distance_m": null, "susc_inund_niv": "Medio", "susc_mmasa_niv": null, "susc_niv": "Medio", "canalC_niv": null, "exposicion_niv": "Medio" }, "geometry": { "type": "Point", "coordinates": [ -76.93754352, -12.2310005 ] } },
{ "type": "Feature", "properties": { "entity_id": "35096", "entity_type": "salud", "Nombre del establecimiento": "CONSULTORIO ODONTOLOGICO NUEVA IMAGEN", "Clasificación": "CONSULTORIOS MEDICOS Y DE OTROS PROFESIONALES DE LA SALUD", "Tipo": "ESTABLECIMIENTO DE SALUD SIN INTERNAMIENTO", "Categoria": "I-1", "Estado": "ACTIVO", "CAMAS": 0.0, "fecha_info": "2026-03-09T00:00:00", "sububigeo": "15011900", "UBIGEO": "150119", "DISTRITO": "LURIN", "PROVINCIA": "LIMA", "DEPARTAMEN": "LIMA", "Zonas": "Todas Zonas", "tipo_influencia": "Directa", "abreviatura": "LUR", "min_distance_m": null, "susc_inund_niv": null, "susc_mmasa_niv": null, "susc_niv": null, "canalC_niv": null, "exposicion_niv": null }, "geometry": { "type": "Point", "coordinates": [ -76.8706042, -12.2751647 ] } },
{ "type": "Feature", "properties": { "entity_id": "34817", "entity_type": "salud", "Nombre del establecimiento": "ODM DENTAL STUDIO", "Clasificación": "CONSULTORIOS MEDICOS Y DE OTROS PROFESIONALES DE LA SALUD", "Tipo": "ESTABLECIMIENTO DE SALUD SIN INTERNAMIENTO", "Categoria": "I-1", "Estado": "ACTIVO", "CAMAS": 0.0, "fecha_info": "2026-03-09T00:00:00", "sububigeo": "15014304", "UBIGEO": "150143", "DISTRITO": "VILLA MARIA DEL TRIUNFO", "PROVINCIA": "LIMA", "DEPARTAMEN": "LIMA", "Zonas": "Nueva Esperanza", "tipo_influencia": "Directa", "abreviatura": "VMT", "min_distance_m": 548.12192749211647, "susc_inund_niv": "Medio", "susc_mmasa_niv": null, "susc_niv": "Medio", "canalC_niv": "Muy alto", "exposicion_niv": "Muy alto" }, "geometry": { "type": "Point", "coordinates": [ -76.9299787, -12.1706487 ] } },
{ "type": "Feature", "properties": { "entity_id": "35049", "entity_type": "salud", "Nombre del establecimiento": "FISIOREHAB", "Clasificación": "REHABILITACION", "Tipo": "SERVICIO MÉDICO DE APOYO", "Categoria": "Sin Categoría", "Estado": "ACTIVO", "CAMAS": 0.0, "fecha_info": "2026-03-09T00:00:00", "sububigeo": "15014200", "UBIGEO": "150142", "DISTRITO": "VILLA EL SALVADOR", "PROVINCIA": "LIMA", "DEPARTAMEN": "LIMA", "Zonas": "Todas Zonas", "tipo_influencia": "Directa", "abreviatura": "VES", "min_distance_m": null, "susc_inund_niv": "Medio", "susc_mmasa_niv": null, "susc_niv": "Medio", "canalC_niv": null, "exposicion_niv": "Medio" }, "geometry": { "type": "Point", "coordinates": [ -76.9415442, -12.2162218 ] } },
{ "type": "Feature", "properties": { "entity_id": "35120", "entity_type": "salud", "Nombre del establecimiento": "CONSULTORIO ODONTOLOGICO ODONTOMAGIC", "Clasificación": "CENTRO ODONTOLOGICO", "Tipo": "ESTABLECIMIENTO DE SALUD SIN INTERNAMIENTO", "Categoria": "I-1", "Estado": "CIERRE TEMPORAL DE OFICIO", "CAMAS": 0.0, "fecha_info": "2026-03-09T00:00:00", "sububigeo": "15013300", "UBIGEO": "150133", "DISTRITO": "SAN JUAN DE MIRAFLORES", "PROVINCIA": "LIMA", "DEPARTAMEN": "LIMA", "Zonas": "Todas Zonas", "tipo_influencia": "Indirecta", "abreviatura": "SJM", "min_distance_m": null, "susc_inund_niv": null, "susc_mmasa_niv": null, "susc_niv": null, "canalC_niv": null, "exposicion_niv": null }, "geometry": { "type": "Point", "coordinates": [ -76.980587610000015, -12.18599767 ] } },
{ "type": "Feature", "properties": { "entity_id": "32655", "entity_type": "salud", "Nombre del establecimiento": "ORTHOSONRISAS", "Clasificación": "CONSULTORIOS MEDICOS Y DE OTROS PROFESIONALES DE LA SALUD", "Tipo": "ESTABLECIMIENTO DE SALUD SIN INTERNAMIENTO", "Categoria": "I-1", "Estado": "ACTIVO", "CAMAS": 0.0, "fecha_info": "2026-03-09T00:00:00", "sububigeo": "15011900", "UBIGEO": "150119", "DISTRITO": "LURIN", "PROVINCIA": "LIMA", "DEPARTAMEN": "LIMA", "Zonas": "Todas Zonas", "tipo_influencia": "Directa", "abreviatura": "LUR", "min_distance_m": 883.27467601178103, "susc_inund_niv": "Medio", "susc_mmasa_niv": null, "susc_niv": "Medio", "canalC_niv": "Muy alto", "exposicion_niv": "Muy alto" }, "geometry": { "type": "Point", "coordinates": [ -76.90989698, -12.23621542 ] } },
{ "type": "Feature", "properties": { "entity_id": "32288", "entity_type": "salud", "Nombre del establecimiento": "ODONTOVISION", "Clasificación": "CONSULTORIOS MEDICOS Y DE OTROS PROFESIONALES DE LA SALUD", "Tipo": "ESTABLECIMIENTO DE SALUD SIN INTERNAMIENTO", "Categoria": "I-1", "Estado": "ACTIVO", "CAMAS": 0.0, "fecha_info": "2026-03-09T00:00:00", "sububigeo": "15014200", "UBIGEO": "150142", "DISTRITO": "VILLA EL SALVADOR", "PROVINCIA": "LIMA", "DEPARTAMEN": "LIMA", "Zonas": "Todas Zonas", "tipo_influencia": "Directa", "abreviatura": "VES", "min_distance_m": 1769.6255362407389, "susc_inund_niv": "Medio", "susc_mmasa_niv": null, "susc_niv": "Medio", "canalC_niv": "Muy alto", "exposicion_niv": "Muy alto" }, "geometry": { "type": "Point", "coordinates": [ -76.93928529, -12.20927405 ] } },
{ "type": "Feature", "properties": { "entity_id": "30676", "entity_type": "salud", "Nombre del establecimiento": "VILLA MEDICA", "Clasificación": "CONSULTORIOS MEDICOS Y DE OTROS PROFESIONALES DE LA SALUD", "Tipo": "ESTABLECIMIENTO DE SALUD SIN INTERNAMIENTO", "Categoria": "I-2", "Estado": "ACTIVO", "CAMAS": 0.0, "fecha_info": "2026-03-09T00:00:00", "sububigeo": "15014200", "UBIGEO": "150142", "DISTRITO": "VILLA EL SALVADOR", "PROVINCIA": "LIMA", "DEPARTAMEN": "LIMA", "Zonas": "Todas Zonas", "tipo_influencia": "Directa", "abreviatura": "VES", "min_distance_m": null, "susc_inund_niv": "Medio", "susc_mmasa_niv": null, "susc_niv": "Medio", "canalC_niv": null, "exposicion_niv": "Medio" }, "geometry": { "type": "Point", "coordinates": [ -76.9341959, -12.2174796 ] } },
{ "type": "Feature", "properties": { "entity_id": "28757", "entity_type": "salud", "Nombre del establecimiento": "Consultorio Dental Bluedent", "Clasificación": "CONSULTORIOS MEDICOS Y DE OTROS PROFESIONALES DE LA SALUD", "Tipo": "ESTABLECIMIENTO DE SALUD SIN INTERNAMIENTO", "Categoria": "I-1", "Estado": "ACTIVO", "CAMAS": 0.0, "fecha_info": "2026-03-09T00:00:00", "sububigeo": "15014200", "UBIGEO": "150142", "DISTRITO": "VILLA EL SALVADOR", "PROVINCIA": "LIMA", "DEPARTAMEN": "LIMA", "Zonas": "Todas Zonas", "tipo_influencia": "Directa", "abreviatura": "VES", "min_distance_m": null, "susc_inund_niv": "Medio", "susc_mmasa_niv": null, "susc_niv": "Medio", "canalC_niv": null, "exposicion_niv": "Medio" }, "geometry": { "type": "Point", "coordinates": [ -76.93651188, -12.23713367 ] } },
{ "type": "Feature", "properties": { "entity_id": "33704", "entity_type": "salud", "Nombre del establecimiento": "ODONTOSUR LURÍN", "Clasificación": "CONSULTORIOS MEDICOS Y DE OTROS PROFESIONALES DE LA SALUD", "Tipo": "ESTABLECIMIENTO DE SALUD SIN INTERNAMIENTO", "Categoria": "I-1", "Estado": "ACTIVO", "CAMAS": 0.0, "fecha_info": "2026-03-09T00:00:00", "sububigeo": "15011900", "UBIGEO": "150119", "DISTRITO": "LURIN", "PROVINCIA": "LIMA", "DEPARTAMEN": "LIMA", "Zonas": "Todas Zonas", "tipo_influencia": "Directa", "abreviatura": "LUR", "min_distance_m": 1085.9274890501092, "susc_inund_niv": "Alto", "susc_mmasa_niv": null, "susc_niv": "Alto", "canalC_niv": "Alto", "exposicion_niv": "Alto" }, "geometry": { "type": "Point", "coordinates": [ -76.8840477, -12.2608092 ] } },
{ "type": "Feature", "properties": { "entity_id": "29036", "entity_type": "salud", "Nombre del establecimiento": "POLICLÍNICO SEGURIDAD MÉDICA M&S SAC", "Clasificación": "POLICLINICOS", "Tipo": "ESTABLECIMIENTO DE SALUD SIN INTERNAMIENTO", "Categoria": "I-3", "Estado": "ACTIVO", "CAMAS": 0.0, "fecha_info": "2026-03-09T00:00:00", "sububigeo": "15014200", "UBIGEO": "150142", "DISTRITO": "VILLA EL SALVADOR", "PROVINCIA": "LIMA", "DEPARTAMEN": "LIMA", "Zonas": "Todas Zonas", "tipo_influencia": "Directa", "abreviatura": "VES", "min_distance_m": null, "susc_inund_niv": "Medio", "susc_mmasa_niv": null, "susc_niv": "Medio", "canalC_niv": null, "exposicion_niv": "Medio" }, "geometry": { "type": "Point", "coordinates": [ -76.9596298, -12.1960539 ] } },
{ "type": "Feature", "properties": { "entity_id": "17968", "entity_type": "salud", "Nombre del establecimiento": "SERVICIOS MEDICO DOCTOR SERVAN", "Clasificación": "PATOLOGIA CLINICA,DIAGNOSTICO POR IMAGENES", "Tipo": "SERVICIO MÉDICO DE APOYO", "Categoria": "Sin Categoría", "Estado": "CIERRE TEMPORAL DE OFICIO", "CAMAS": 0.0, "fecha_info": "2026-03-09T00:00:00", "sububigeo": "15013300", "UBIGEO": "150133", "DISTRITO": "SAN JUAN DE MIRAFLORES", "PROVINCIA": "LIMA", "DEPARTAMEN": "LIMA", "Zonas": "Todas Zonas", "tipo_influencia": "Indirecta", "abreviatura": "SJM", "min_distance_m": null, "susc_inund_niv": null, "susc_mmasa_niv": null, "susc_niv": null, "canalC_niv": null, "exposicion_niv": null }, "geometry": { "type": "Point", "coordinates": [ -76.9743739, -12.152659 ] } },
{ "type": "Feature", "properties": { "entity_id": "29893", "entity_type": "salud", "Nombre del establecimiento": "Consultorio Médico Dr. Emerson Andía", "Clasificación": "CONSULTORIOS MEDICOS Y DE OTROS PROFESIONALES DE LA SALUD", "Tipo": "ESTABLECIMIENTO DE SALUD SIN INTERNAMIENTO", "Categoria": "I-2", "Estado": "ACTIVO", "CAMAS": 0.0, "fecha_info": "2026-03-09T00:00:00", "sububigeo": "15014200", "UBIGEO": "150142", "DISTRITO": "VILLA EL SALVADOR", "PROVINCIA": "LIMA", "DEPARTAMEN": "LIMA", "Zonas": "Todas Zonas", "tipo_influencia": "Directa", "abreviatura": "VES", "min_distance_m": 1994.4415350786933, "susc_inund_niv": "Medio", "susc_mmasa_niv": null, "susc_niv": "Medio", "canalC_niv": "Muy alto", "exposicion_niv": "Muy alto" }, "geometry": { "type": "Point", "coordinates": [ -76.9491826, -12.2012988 ] } },
{ "type": "Feature", "properties": { "entity_id": "6158", "entity_type": "salud", "Nombre del establecimiento": "PUESTO DE SALUD VILLA LIMATAMBO", "Clasificación": "PUESTOS DE SALUD O POSTAS DE SALUD", "Tipo": "ESTABLECIMIENTO DE SALUD SIN INTERNAMIENTO", "Categoria": "I-2", "Estado": "ACTIVO", "CAMAS": 0.0, "fecha_info": "2026-03-09T00:00:00", "sububigeo": "15014303", "UBIGEO": "150143", "DISTRITO": "VILLA MARIA DEL TRIUNFO", "PROVINCIA": "LIMA", "DEPARTAMEN": "LIMA", "Zonas": "Jose Carlos Mariategui", "tipo_influencia": "Directa", "abreviatura": "VMT", "min_distance_m": 575.42974537066698, "susc_inund_niv": "Medio", "susc_mmasa_niv": "Alto", "susc_niv": "Alto", "canalC_niv": "Muy alto", "exposicion_niv": "Muy alto" }, "geometry": { "type": "Point", "coordinates": [ -76.9421011, -12.1345619 ] } },
{ "type": "Feature", "properties": { "entity_id": "6146", "entity_type": "salud", "Nombre del establecimiento": "PUESTO DE SALUD MODULO I", "Clasificación": "PUESTOS DE SALUD O POSTAS DE SALUD", "Tipo": "ESTABLECIMIENTO DE SALUD SIN INTERNAMIENTO", "Categoria": "I-2", "Estado": "ACTIVO", "CAMAS": 0.0, "fecha_info": "2026-03-09T00:00:00", "sububigeo": "15014307", "UBIGEO": "150143", "DISTRITO": "VILLA MARIA DEL TRIUNFO", "PROVINCIA": "LIMA", "DEPARTAMEN": "LIMA", "Zonas": "Villa Poeta José Gálvez", "tipo_influencia": "Directa", "abreviatura": "VMT", "min_distance_m": 543.60603810606085, "susc_inund_niv": null, "susc_mmasa_niv": null, "susc_niv": null, "canalC_niv": "Muy alto", "exposicion_niv": "Muy alto" }, "geometry": { "type": "Point", "coordinates": [ -76.9111104, -12.2245692 ] } },
{ "type": "Feature", "properties": { "entity_id": "6099", "entity_type": "salud", "Nombre del establecimiento": "PUESTO DE SALUD CARDAL", "Clasificación": "PUESTOS DE SALUD O POSTAS DE SALUD", "Tipo": "ESTABLECIMIENTO DE SALUD SIN INTERNAMIENTO", "Categoria": "I-2", "Estado": "ACTIVO", "CAMAS": 0.0, "fecha_info": "2026-03-09T00:00:00", "sububigeo": "15012303", "UBIGEO": "150123", "DISTRITO": "PACHACAMAC", "PROVINCIA": "LIMA", "DEPARTAMEN": "LIMA", "Zonas": "Paul Poblet Lind", "tipo_influencia": "Directa", "abreviatura": "PACH", "min_distance_m": 479.42558707037523, "susc_inund_niv": "Medio", "susc_mmasa_niv": null, "susc_niv": "Medio", "canalC_niv": "Muy alto", "exposicion_niv": "Muy alto" }, "geometry": { "type": "Point", "coordinates": [ -76.8510552, -12.1811992 ] } },
{ "type": "Feature", "properties": { "entity_id": "6091", "entity_type": "salud", "Nombre del establecimiento": "PUESTO DE SALUD MANCHAY ALTO", "Clasificación": "PUESTOS DE SALUD O POSTAS DE SALUD", "Tipo": "ESTABLECIMIENTO DE SALUD SIN INTERNAMIENTO", "Categoria": "I-2", "Estado": "ACTIVO", "CAMAS": 0.0, "fecha_info": "2026-03-09T00:00:00", "sububigeo": "15012302", "UBIGEO": "150123", "DISTRITO": "PACHACAMAC", "PROVINCIA": "LIMA", "DEPARTAMEN": "LIMA", "Zonas": "Centro Poblados Rurales", "tipo_influencia": "Directa", "abreviatura": "PACH", "min_distance_m": 1180.5757286440944, "susc_inund_niv": null, "susc_mmasa_niv": "Alto", "susc_niv": "Alto", "canalC_niv": "Muy alto", "exposicion_niv": "Muy alto" }, "geometry": { "type": "Point", "coordinates": [ -76.8540268, -12.1590087 ] } },
{ "type": "Feature", "properties": { "entity_id": "29661", "entity_type": "salud", "Nombre del establecimiento": "POLICLINICO TU SALUD", "Clasificación": "POLICLINICOS", "Tipo": "ESTABLECIMIENTO DE SALUD SIN INTERNAMIENTO", "Categoria": "I-3", "Estado": "BAJA DEFINITIVA", "CAMAS": 0.0, "fecha_info": "2026-03-09T00:00:00", "sububigeo": "15014304", "UBIGEO": "150143", "DISTRITO": "VILLA MARIA DEL TRIUNFO", "PROVINCIA": "LIMA", "DEPARTAMEN": "LIMA", "Zonas": "Nueva Esperanza", "tipo_influencia": "Directa", "abreviatura": "VMT", "min_distance_m": 21.622845263379368, "susc_inund_niv": "Medio", "susc_mmasa_niv": null, "susc_niv": "Medio", "canalC_niv": "Muy alto", "exposicion_niv": "Muy alto" }, "geometry": { "type": "Point", "coordinates": [ -76.9341444, -12.1732655 ] } },
{ "type": "Feature", "properties": { "entity_id": "28599", "entity_type": "salud", "Nombre del establecimiento": "Dr. Luis Quito", "Clasificación": "CONSULTORIOS MEDICOS Y DE OTROS PROFESIONALES DE LA SALUD", "Tipo": "ESTABLECIMIENTO DE SALUD SIN INTERNAMIENTO", "Categoria": "I-2", "Estado": "CIERRE TEMPORAL DE OFICIO", "CAMAS": 0.0, "fecha_info": "2026-03-09T00:00:00", "sububigeo": "15014200", "UBIGEO": "150142", "DISTRITO": "VILLA EL SALVADOR", "PROVINCIA": "LIMA", "DEPARTAMEN": "LIMA", "Zonas": "Todas Zonas", "tipo_influencia": "Directa", "abreviatura": "VES", "min_distance_m": null, "susc_inund_niv": "Medio", "susc_mmasa_niv": null, "susc_niv": "Medio", "canalC_niv": null, "exposicion_niv": "Medio" }, "geometry": { "type": "Point", "coordinates": [ -76.9347776, -12.2314161 ] } },
{ "type": "Feature", "properties": { "entity_id": "25247", "entity_type": "salud", "Nombre del establecimiento": "consultorio odontologico Biodentist", "Clasificación": "CONSULTORIOS MEDICOS Y DE OTROS PROFESIONALES DE LA SALUD", "Tipo": "ESTABLECIMIENTO DE SALUD SIN INTERNAMIENTO", "Categoria": "I-1", "Estado": "CIERRE TEMPORAL DE OFICIO", "CAMAS": 0.0, "fecha_info": "2026-03-09T00:00:00", "sububigeo": "15014302", "UBIGEO": "150143", "DISTRITO": "VILLA MARIA DEL TRIUNFO", "PROVINCIA": "LIMA", "DEPARTAMEN": "LIMA", "Zonas": "Nuevo Milenio", "tipo_influencia": "Directa", "abreviatura": "VMT", "min_distance_m": 1393.7379070498362, "susc_inund_niv": null, "susc_mmasa_niv": null, "susc_niv": null, "canalC_niv": "Muy alto", "exposicion_niv": "Muy alto" }, "geometry": { "type": "Point", "coordinates": [ -76.9207671, -12.215341 ] } },
{ "type": "Feature", "properties": { "entity_id": "24298", "entity_type": "salud", "Nombre del establecimiento": "CONSULTORIO  ODONTOLOGICO VIVA DENT", "Clasificación": "CONSULTORIOS MEDICOS Y DE OTROS PROFESIONALES DE LA SALUD", "Tipo": "ESTABLECIMIENTO DE SALUD SIN INTERNAMIENTO", "Categoria": "I-1", "Estado": "ACTIVO", "CAMAS": 0.0, "fecha_info": "2026-03-09T00:00:00", "sububigeo": "15013300", "UBIGEO": "150133", "DISTRITO": "SAN JUAN DE MIRAFLORES", "PROVINCIA": "LIMA", "DEPARTAMEN": "LIMA", "Zonas": "Todas Zonas", "tipo_influencia": "Indirecta", "abreviatura": "SJM", "min_distance_m": 1075.2682245897061, "susc_inund_niv": "Medio", "susc_mmasa_niv": null, "susc_niv": "Medio", "canalC_niv": "Muy alto", "exposicion_niv": "Muy alto" }, "geometry": { "type": "Point", "coordinates": [ -76.96565, -12.162952 ] } },
{ "type": "Feature", "properties": { "entity_id": "15075", "entity_type": "salud", "Nombre del establecimiento": "CENTRO DE SALUD CLAS JUAN PABLO II", "Clasificación": "CENTROS DE SALUD O CENTROS MEDICOS", "Tipo": "ESTABLECIMIENTO DE SALUD SIN INTERNAMIENTO", "Categoria": "I-3", "Estado": "ACTIVO", "CAMAS": 0.0, "fecha_info": "2026-03-09T00:00:00", "sububigeo": "15012304", "UBIGEO": "150123", "DISTRITO": "PACHACAMAC", "PROVINCIA": "LIMA", "DEPARTAMEN": "LIMA", "Zonas": "Quebrada de Manchay", "tipo_influencia": "Directa", "abreviatura": "PACH", "min_distance_m": null, "susc_inund_niv": null, "susc_mmasa_niv": "Alto", "susc_niv": "Alto", "canalC_niv": null, "exposicion_niv": "Alto" }, "geometry": { "type": "Point", "coordinates": [ -76.8624313, -12.1096968 ] } },
{ "type": "Feature", "properties": { "entity_id": "21680", "entity_type": "salud", "Nombre del establecimiento": "CONSULTORIO DENTAL DIAZ", "Clasificación": "CONSULTORIOS MEDICOS Y DE OTROS PROFESIONALES DE LA SALUD", "Tipo": "ESTABLECIMIENTO DE SALUD SIN INTERNAMIENTO", "Categoria": "I-1", "Estado": "ACTIVO", "CAMAS": 0.0, "fecha_info": "2026-03-09T00:00:00", "sububigeo": "15013300", "UBIGEO": "150133", "DISTRITO": "SAN JUAN DE MIRAFLORES", "PROVINCIA": "LIMA", "DEPARTAMEN": "LIMA", "Zonas": "Todas Zonas", "tipo_influencia": "Indirecta", "abreviatura": "SJM", "min_distance_m": null, "susc_inund_niv": null, "susc_mmasa_niv": null, "susc_niv": null, "canalC_niv": null, "exposicion_niv": null }, "geometry": { "type": "Point", "coordinates": [ -76.9741421, -12.152814799999989 ] } },
{ "type": "Feature", "properties": { "entity_id": "13683", "entity_type": "salud", "Nombre del establecimiento": "INNOVA-DENT", "Clasificación": "CONSULTORIOS MEDICOS Y DE OTROS PROFESIONALES DE LA SALUD", "Tipo": "ESTABLECIMIENTO DE SALUD SIN INTERNAMIENTO", "Categoria": "I-1", "Estado": "ACTIVO", "CAMAS": 0.0, "fecha_info": "2026-03-09T00:00:00", "sububigeo": "15014306", "UBIGEO": "150143", "DISTRITO": "VILLA MARIA DEL TRIUNFO", "PROVINCIA": "LIMA", "DEPARTAMEN": "LIMA", "Zonas": "San Francisco de la Tablada de Lurin", "tipo_influencia": "Directa", "abreviatura": "VMT", "min_distance_m": 313.02360856385519, "susc_inund_niv": null, "susc_mmasa_niv": null, "susc_niv": null, "canalC_niv": "Muy alto", "exposicion_niv": "Muy alto" }, "geometry": { "type": "Point", "coordinates": [ -76.934867, -12.1949043 ] } },
{ "type": "Feature", "properties": { "entity_id": "25008", "entity_type": "salud", "Nombre del establecimiento": "COPSVIDA", "Clasificación": "CONSULTORIOS MEDICOS Y DE OTROS PROFESIONALES DE LA SALUD", "Tipo": "ESTABLECIMIENTO DE SALUD SIN INTERNAMIENTO", "Categoria": "I-1", "Estado": "ACTIVO", "CAMAS": 0.0, "fecha_info": "2026-03-09T00:00:00", "sububigeo": "15014200", "UBIGEO": "150142", "DISTRITO": "VILLA EL SALVADOR", "PROVINCIA": "LIMA", "DEPARTAMEN": "LIMA", "Zonas": "Todas Zonas", "tipo_influencia": "Directa", "abreviatura": "VES", "min_distance_m": null, "susc_inund_niv": "Medio", "susc_mmasa_niv": null, "susc_niv": "Medio", "canalC_niv": null, "exposicion_niv": "Medio" }, "geometry": { "type": "Point", "coordinates": [ -76.9518868, -12.20849358 ] } },
{ "type": "Feature", "properties": { "entity_id": "21140", "entity_type": "salud", "Nombre del establecimiento": "RENAL VILLASOL", "Clasificación": "HEMODIALISIS", "Tipo": "SERVICIO MÉDICO DE APOYO", "Categoria": "Sin Categoría", "Estado": "ACTIVO", "CAMAS": 0.0, "fecha_info": "2026-03-09T00:00:00", "sububigeo": "15014305", "UBIGEO": "150143", "DISTRITO": "VILLA MARIA DEL TRIUNFO", "PROVINCIA": "LIMA", "DEPARTAMEN": "LIMA", "Zonas": "Villa María del Triunfo (Cercado)", "tipo_influencia": "Directa", "abreviatura": "VMT", "min_distance_m": 544.73605217549652, "susc_inund_niv": null, "susc_mmasa_niv": null, "susc_niv": null, "canalC_niv": "Muy alto", "exposicion_niv": "Muy alto" }, "geometry": { "type": "Point", "coordinates": [ -76.9428131, -12.1629986 ] } },
{ "type": "Feature", "properties": { "entity_id": "29634", "entity_type": "salud", "Nombre del establecimiento": "DOCTOR EXPRESS", "Clasificación": "CONSULTORIOS MEDICOS Y DE OTROS PROFESIONALES DE LA SALUD", "Tipo": "ESTABLECIMIENTO DE SALUD SIN INTERNAMIENTO", "Categoria": "I-2", "Estado": "ACTIVO", "CAMAS": 0.0, "fecha_info": "2026-03-09T00:00:00", "sububigeo": "15014304", "UBIGEO": "150143", "DISTRITO": "VILLA MARIA DEL TRIUNFO", "PROVINCIA": "LIMA", "DEPARTAMEN": "LIMA", "Zonas": "Nueva Esperanza", "tipo_influencia": "Directa", "abreviatura": "VMT", "min_distance_m": 466.3524777365725, "susc_inund_niv": null, "susc_mmasa_niv": null, "susc_niv": null, "canalC_niv": "Muy alto", "exposicion_niv": "Muy alto" }, "geometry": { "type": "Point", "coordinates": [ -76.9201161, -12.1675125 ] } },
{ "type": "Feature", "properties": { "entity_id": "25254", "entity_type": "salud", "Nombre del establecimiento": "CONSULTORIOS DENTALES SAN BORJA", "Clasificación": "CONSULTORIOS MEDICOS Y DE OTROS PROFESIONALES DE LA SALUD", "Tipo": "ESTABLECIMIENTO DE SALUD SIN INTERNAMIENTO", "Categoria": "I-1", "Estado": "CIERRE TEMPORAL DE OFICIO", "CAMAS": 0.0, "fecha_info": "2026-03-09T00:00:00", "sububigeo": "15013300", "UBIGEO": "150133", "DISTRITO": "SAN JUAN DE MIRAFLORES", "PROVINCIA": "LIMA", "DEPARTAMEN": "LIMA", "Zonas": "Todas Zonas", "tipo_influencia": "Indirecta", "abreviatura": "SJM", "min_distance_m": 1827.1958016438873, "susc_inund_niv": "Medio", "susc_mmasa_niv": null, "susc_niv": "Medio", "canalC_niv": "Muy alto", "exposicion_niv": "Muy alto" }, "geometry": { "type": "Point", "coordinates": [ -76.9715137, -12.15543522 ] } },
{ "type": "Feature", "properties": { "entity_id": "6107", "entity_type": "salud", "Nombre del establecimiento": "CENTRO MATERNO INFANTIL OLLANTAY", "Clasificación": "CENTROS DE SALUD CON CAMAS DE INTERNAMIENTO", "Tipo": "ESTABLECIMIENTO DE SALUD CON INTERNAMIENTO", "Categoria": "I-4", "Estado": "ACTIVO", "CAMAS": 7.0, "fecha_info": "2026-03-09T00:00:00", "sububigeo": "15013300", "UBIGEO": "150133", "DISTRITO": "SAN JUAN DE MIRAFLORES", "PROVINCIA": "LIMA", "DEPARTAMEN": "LIMA", "Zonas": "Todas Zonas", "tipo_influencia": "Indirecta", "abreviatura": "SJM", "min_distance_m": 1809.5946706317279, "susc_inund_niv": "Medio", "susc_mmasa_niv": "Alto", "susc_niv": "Alto", "canalC_niv": "Muy alto", "exposicion_niv": "Muy alto" }, "geometry": { "type": "Point", "coordinates": [ -76.9635479, -12.1358082 ] } },
{ "type": "Feature", "properties": { "entity_id": "26373", "entity_type": "salud", "Nombre del establecimiento": "PEDIATRAS DEL NIÑO", "Clasificación": "CONSULTORIOS MEDICOS Y DE OTROS PROFESIONALES DE LA SALUD", "Tipo": "ESTABLECIMIENTO DE SALUD SIN INTERNAMIENTO", "Categoria": "I-2", "Estado": "ACTIVO", "CAMAS": 0.0, "fecha_info": "2026-03-09T00:00:00", "sububigeo": "15013300", "UBIGEO": "150133", "DISTRITO": "SAN JUAN DE MIRAFLORES", "PROVINCIA": "LIMA", "DEPARTAMEN": "LIMA", "Zonas": "Todas Zonas", "tipo_influencia": "Indirecta", "abreviatura": "SJM", "min_distance_m": 1591.4966089839152, "susc_inund_niv": "Medio", "susc_mmasa_niv": null, "susc_niv": "Medio", "canalC_niv": "Muy alto", "exposicion_niv": "Muy alto" }, "geometry": { "type": "Point", "coordinates": [ -76.9690035, -12.1678234 ] } },
{ "type": "Feature", "properties": { "entity_id": "24615", "entity_type": "salud", "Nombre del establecimiento": "CONSULTORIO DENTAL SOLIDARIDAD", "Clasificación": "CONSULTORIOS MEDICOS Y DE OTROS PROFESIONALES DE LA SALUD", "Tipo": "ESTABLECIMIENTO DE SALUD SIN INTERNAMIENTO", "Categoria": "I-1", "Estado": "ACTIVO", "CAMAS": 0.0, "fecha_info": "2026-03-09T00:00:00", "sububigeo": "15012304", "UBIGEO": "150123", "DISTRITO": "PACHACAMAC", "PROVINCIA": "LIMA", "DEPARTAMEN": "LIMA", "Zonas": "Quebrada de Manchay", "tipo_influencia": "Directa", "abreviatura": "PACH", "min_distance_m": null, "susc_inund_niv": null, "susc_mmasa_niv": "Alto", "susc_niv": "Alto", "canalC_niv": null, "exposicion_niv": "Alto" }, "geometry": { "type": "Point", "coordinates": [ -76.88242949, -12.08892851 ] } },
{ "type": "Feature", "properties": { "entity_id": "26285", "entity_type": "salud", "Nombre del establecimiento": "MEDICINA VIAL", "Clasificación": "POLICLINICOS", "Tipo": "ESTABLECIMIENTO DE SALUD SIN INTERNAMIENTO", "Categoria": "I-3", "Estado": "ACTIVO", "CAMAS": 0.0, "fecha_info": "2026-03-09T00:00:00", "sububigeo": "15014200", "UBIGEO": "150142", "DISTRITO": "VILLA EL SALVADOR", "PROVINCIA": "LIMA", "DEPARTAMEN": "LIMA", "Zonas": "Todas Zonas", "tipo_influencia": "Directa", "abreviatura": "VES", "min_distance_m": null, "susc_inund_niv": "Medio", "susc_mmasa_niv": "Muy alto", "susc_niv": "Muy alto", "canalC_niv": null, "exposicion_niv": "Muy alto" }, "geometry": { "type": "Point", "coordinates": [ -76.9558794, -12.2368768 ] } },
{ "type": "Feature", "properties": { "entity_id": "25450", "entity_type": "salud", "Nombre del establecimiento": "CONSULTORIO ODONTOSONRISAS", "Clasificación": "CONSULTORIOS MEDICOS Y DE OTROS PROFESIONALES DE LA SALUD", "Tipo": "ESTABLECIMIENTO DE SALUD SIN INTERNAMIENTO", "Categoria": "I-1", "Estado": "CIERRE TEMPORAL DE OFICIO", "CAMAS": 0.0, "fecha_info": "2026-03-09T00:00:00", "sububigeo": "15011900", "UBIGEO": "150119", "DISTRITO": "LURIN", "PROVINCIA": "LIMA", "DEPARTAMEN": "LIMA", "Zonas": "Todas Zonas", "tipo_influencia": "Directa", "abreviatura": "LUR", "min_distance_m": null, "susc_inund_niv": null, "susc_mmasa_niv": null, "susc_niv": null, "canalC_niv": null, "exposicion_niv": null }, "geometry": { "type": "Point", "coordinates": [ -76.87043867, -12.27472033 ] } },
{ "type": "Feature", "properties": { "entity_id": "27879", "entity_type": "salud", "Nombre del establecimiento": "DENTAL EN LINEA", "Clasificación": "CONSULTORIOS MEDICOS Y DE OTROS PROFESIONALES DE LA SALUD", "Tipo": "ESTABLECIMIENTO DE SALUD SIN INTERNAMIENTO", "Categoria": "I-1", "Estado": "ACTIVO", "CAMAS": 0.0, "fecha_info": "2026-03-09T00:00:00", "sububigeo": "15012304", "UBIGEO": "150123", "DISTRITO": "PACHACAMAC", "PROVINCIA": "LIMA", "DEPARTAMEN": "LIMA", "Zonas": "Quebrada de Manchay", "tipo_influencia": "Directa", "abreviatura": "PACH", "min_distance_m": null, "susc_inund_niv": "Medio", "susc_mmasa_niv": "Alto", "susc_niv": "Alto", "canalC_niv": null, "exposicion_niv": "Alto" }, "geometry": { "type": "Point", "coordinates": [ -76.8714772, -12.1128748 ] } },
{ "type": "Feature", "properties": { "entity_id": "25248", "entity_type": "salud", "Nombre del establecimiento": "CONSULTORIO MEDICO DE CIRUGIA GENERAL", "Clasificación": "CONSULTORIOS MEDICOS Y DE OTROS PROFESIONALES DE LA SALUD", "Tipo": "ESTABLECIMIENTO DE SALUD SIN INTERNAMIENTO", "Categoria": "I-2", "Estado": "ACTIVO", "CAMAS": 0.0, "fecha_info": "2026-03-09T00:00:00", "sububigeo": "15013300", "UBIGEO": "150133", "DISTRITO": "SAN JUAN DE MIRAFLORES", "PROVINCIA": "LIMA", "DEPARTAMEN": "LIMA", "Zonas": "Todas Zonas", "tipo_influencia": "Indirecta", "abreviatura": "SJM", "min_distance_m": 1070.7201664245297, "susc_inund_niv": "Medio", "susc_mmasa_niv": null, "susc_niv": "Medio", "canalC_niv": "Muy alto", "exposicion_niv": "Muy alto" }, "geometry": { "type": "Point", "coordinates": [ -76.96560709, -12.16295599 ] } },
{ "type": "Feature", "properties": { "entity_id": "28754", "entity_type": "salud", "Nombre del establecimiento": "UNILABS", "Clasificación": "PATOLOGIA CLINICA", "Tipo": "SERVICIO MÉDICO DE APOYO", "Categoria": "Sin Categoría", "Estado": "BAJA DEFINITIVA", "CAMAS": 0.0, "fecha_info": "2026-03-09T00:00:00", "sububigeo": "15014304", "UBIGEO": "150143", "DISTRITO": "VILLA MARIA DEL TRIUNFO", "PROVINCIA": "LIMA", "DEPARTAMEN": "LIMA", "Zonas": "Nueva Esperanza", "tipo_influencia": "Directa", "abreviatura": "VMT", "min_distance_m": 126.94518149182925, "susc_inund_niv": "Medio", "susc_mmasa_niv": null, "susc_niv": "Medio", "canalC_niv": "Muy alto", "exposicion_niv": "Muy alto" }, "geometry": { "type": "Point", "coordinates": [ -76.940273, -12.1774727 ] } },
{ "type": "Feature", "properties": { "entity_id": "17676", "entity_type": "salud", "Nombre del establecimiento": "OFTALMOSALUD", "Clasificación": "HOSPITALES O CLINICAS DE ATENCION ESPECIALIZADA", "Tipo": "ESTABLECIMIENTO DE SALUD CON INTERNAMIENTO", "Categoria": "II-E", "Estado": "ACTIVO", "CAMAS": 0.0, "fecha_info": "2026-03-09T00:00:00", "sububigeo": "15013300", "UBIGEO": "150133", "DISTRITO": "SAN JUAN DE MIRAFLORES", "PROVINCIA": "LIMA", "DEPARTAMEN": "LIMA", "Zonas": "Todas Zonas", "tipo_influencia": "Indirecta", "abreviatura": "SJM", "min_distance_m": null, "susc_inund_niv": null, "susc_mmasa_niv": null, "susc_niv": null, "canalC_niv": null, "exposicion_niv": null }, "geometry": { "type": "Point", "coordinates": [ -76.9751414, -12.1530319 ] } },
{ "type": "Feature", "properties": { "entity_id": "21583", "entity_type": "salud", "Nombre del establecimiento": "CONSULTORIO DENTAL PINTO", "Clasificación": "CONSULTORIOS MEDICOS Y DE OTROS PROFESIONALES DE LA SALUD", "Tipo": "ESTABLECIMIENTO DE SALUD SIN INTERNAMIENTO", "Categoria": "I-1", "Estado": "ACTIVO", "CAMAS": 0.0, "fecha_info": "2026-03-09T00:00:00", "sububigeo": "15013300", "UBIGEO": "150133", "DISTRITO": "SAN JUAN DE MIRAFLORES", "PROVINCIA": "LIMA", "DEPARTAMEN": "LIMA", "Zonas": "Todas Zonas", "tipo_influencia": "Indirecta", "abreviatura": "SJM", "min_distance_m": 1681.0161115794924, "susc_inund_niv": "Medio", "susc_mmasa_niv": null, "susc_niv": "Medio", "canalC_niv": "Muy alto", "exposicion_niv": "Muy alto" }, "geometry": { "type": "Point", "coordinates": [ -76.96992851, -12.15514155 ] } },
{ "type": "Feature", "properties": { "entity_id": "6145", "entity_type": "salud", "Nombre del establecimiento": "PUESTO DE SALUD NUEVO PROGRESO", "Clasificación": "PUESTOS DE SALUD O POSTAS DE SALUD", "Tipo": "ESTABLECIMIENTO DE SALUD SIN INTERNAMIENTO", "Categoria": "I-2", "Estado": "ACTIVO", "CAMAS": 0.0, "fecha_info": "2026-03-09T00:00:00", "sububigeo": "15014302", "UBIGEO": "150143", "DISTRITO": "VILLA MARIA DEL TRIUNFO", "PROVINCIA": "LIMA", "DEPARTAMEN": "LIMA", "Zonas": "Nuevo Milenio", "tipo_influencia": "Directa", "abreviatura": "VMT", "min_distance_m": 1405.4416161573913, "susc_inund_niv": "Medio", "susc_mmasa_niv": null, "susc_niv": "Medio", "canalC_niv": "Muy alto", "exposicion_niv": "Muy alto" }, "geometry": { "type": "Point", "coordinates": [ -76.92037, -12.2210199 ] } },
{ "type": "Feature", "properties": { "entity_id": "15168", "entity_type": "salud", "Nombre del establecimiento": "RIOS DENT S.A.C.", "Clasificación": "CONSULTORIOS MEDICOS Y DE OTROS PROFESIONALES DE LA SALUD", "Tipo": "ESTABLECIMIENTO DE SALUD SIN INTERNAMIENTO", "Categoria": "I-1", "Estado": "ACTIVO", "CAMAS": 0.0, "fecha_info": "2026-03-09T00:00:00", "sububigeo": "15013300", "UBIGEO": "150133", "DISTRITO": "SAN JUAN DE MIRAFLORES", "PROVINCIA": "LIMA", "DEPARTAMEN": "LIMA", "Zonas": "Todas Zonas", "tipo_influencia": "Indirecta", "abreviatura": "SJM", "min_distance_m": null, "susc_inund_niv": null, "susc_mmasa_niv": null, "susc_niv": null, "canalC_niv": null, "exposicion_niv": null }, "geometry": { "type": "Point", "coordinates": [ -76.976804, -12.1664739 ] } },
{ "type": "Feature", "properties": { "entity_id": "6098", "entity_type": "salud", "Nombre del establecimiento": "PUESTO DE SALUD TAMBO INGA", "Clasificación": "PUESTOS DE SALUD O POSTAS DE SALUD", "Tipo": "ESTABLECIMIENTO DE SALUD SIN INTERNAMIENTO", "Categoria": "I-2", "Estado": "ACTIVO", "CAMAS": 0.0, "fecha_info": "2026-03-09T00:00:00", "sububigeo": "15012302", "UBIGEO": "150123", "DISTRITO": "PACHACAMAC", "PROVINCIA": "LIMA", "DEPARTAMEN": "LIMA", "Zonas": "Centro Poblados Rurales", "tipo_influencia": "Directa", "abreviatura": "PACH", "min_distance_m": 712.69367116644605, "susc_inund_niv": null, "susc_mmasa_niv": "Muy alto", "susc_niv": "Muy alto", "canalC_niv": "Muy alto", "exposicion_niv": "Muy alto" }, "geometry": { "type": "Point", "coordinates": [ -76.84104748, -12.14736265 ] } },
{ "type": "Feature", "properties": { "entity_id": "37995", "entity_type": "salud", "Nombre del establecimiento": "CENTRO DE SALUD MENTAL COMUNITARIO ROBERT FRANCIS PREVOST MARTINEZ", "Clasificación": "CENTROS MEDICOS ESPECIALIZADOS", "Tipo": "ESTABLECIMIENTO DE SALUD SIN INTERNAMIENTO", "Categoria": "I-3", "Estado": "ACTIVO", "CAMAS": 0.0, "fecha_info": "2026-03-09T00:00:00", "sububigeo": "15014304", "UBIGEO": "150143", "DISTRITO": "VILLA MARIA DEL TRIUNFO", "PROVINCIA": "LIMA", "DEPARTAMEN": "LIMA", "Zonas": "Nueva Esperanza", "tipo_influencia": "Directa", "abreviatura": "VMT", "min_distance_m": 162.49992908370567, "susc_inund_niv": null, "susc_mmasa_niv": null, "susc_niv": null, "canalC_niv": "Muy alto", "exposicion_niv": "Muy alto" }, "geometry": { "type": "Point", "coordinates": [ -76.9339236, -12.1720047 ] } },
{ "type": "Feature", "properties": { "entity_id": "38028", "entity_type": "salud", "Nombre del establecimiento": "CONSULTORIO MEDICO FAMILIAR 1° DE MAYO D & S", "Clasificación": "CONSULTORIOS MEDICOS Y DE OTROS PROFESIONALES DE LA SALUD", "Tipo": "ESTABLECIMIENTO DE SALUD SIN INTERNAMIENTO", "Categoria": "I-2", "Estado": "ACTIVO", "CAMAS": 0.0, "fecha_info": "2026-03-09T00:00:00", "sububigeo": "15014200", "UBIGEO": "150142", "DISTRITO": "VILLA EL SALVADOR", "PROVINCIA": "LIMA", "DEPARTAMEN": "LIMA", "Zonas": "Todas Zonas", "tipo_influencia": "Directa", "abreviatura": "VES", "min_distance_m": null, "susc_inund_niv": "Medio", "susc_mmasa_niv": null, "susc_niv": "Medio", "canalC_niv": null, "exposicion_niv": "Medio" }, "geometry": { "type": "Point", "coordinates": [ -76.96658313, -12.1977267 ] } },
{ "type": "Feature", "properties": { "entity_id": "36356", "entity_type": "salud", "Nombre del establecimiento": "POLICLINCO SALUD Y FUTURO", "Clasificación": "POLICLINICOS", "Tipo": "ESTABLECIMIENTO DE SALUD SIN INTERNAMIENTO", "Categoria": "I-3", "Estado": "CIERRE TEMPORAL DE PARTE", "CAMAS": 0.0, "fecha_info": "2026-03-09T00:00:00", "sububigeo": "15014200", "UBIGEO": "150142", "DISTRITO": "VILLA EL SALVADOR", "PROVINCIA": "LIMA", "DEPARTAMEN": "LIMA", "Zonas": "Todas Zonas", "tipo_influencia": "Directa", "abreviatura": "VES", "min_distance_m": null, "susc_inund_niv": "Medio", "susc_mmasa_niv": null, "susc_niv": "Medio", "canalC_niv": null, "exposicion_niv": "Medio" }, "geometry": { "type": "Point", "coordinates": [ -76.945327640000016, -12.210162389999988 ] } },
{ "type": "Feature", "properties": { "entity_id": "35605", "entity_type": "salud", "Nombre del establecimiento": "CONSULTORIO MÉDICO \"LA INMACULADA\"", "Clasificación": "CONSULTORIOS MEDICOS Y DE OTROS PROFESIONALES DE LA SALUD", "Tipo": "ESTABLECIMIENTO DE SALUD SIN INTERNAMIENTO", "Categoria": "I-2", "Estado": "ACTIVO", "CAMAS": 0.0, "fecha_info": "2026-03-09T00:00:00", "sububigeo": "15013300", "UBIGEO": "150133", "DISTRITO": "SAN JUAN DE MIRAFLORES", "PROVINCIA": "LIMA", "DEPARTAMEN": "LIMA", "Zonas": "Todas Zonas", "tipo_influencia": "Indirecta", "abreviatura": "SJM", "min_distance_m": 437.81580707809638, "susc_inund_niv": "Medio", "susc_mmasa_niv": null, "susc_niv": "Medio", "canalC_niv": "Muy alto", "exposicion_niv": "Muy alto" }, "geometry": { "type": "Point", "coordinates": [ -76.9598817, -12.1619357 ] } },
{ "type": "Feature", "properties": { "entity_id": "33719", "entity_type": "salud", "Nombre del establecimiento": "CONSULTORIO ODONTOLOGICO DENTO PLUS", "Clasificación": "CONSULTORIOS MEDICOS Y DE OTROS PROFESIONALES DE LA SALUD", "Tipo": "ESTABLECIMIENTO DE SALUD SIN INTERNAMIENTO", "Categoria": "I-1", "Estado": "ACTIVO", "CAMAS": 0.0, "fecha_info": "2026-03-09T00:00:00", "sububigeo": "15013300", "UBIGEO": "150133", "DISTRITO": "SAN JUAN DE MIRAFLORES", "PROVINCIA": "LIMA", "DEPARTAMEN": "LIMA", "Zonas": "Todas Zonas", "tipo_influencia": "Indirecta", "abreviatura": "SJM", "min_distance_m": 1045.3445986508516, "susc_inund_niv": "Medio", "susc_mmasa_niv": "Alto", "susc_niv": "Alto", "canalC_niv": "Muy alto", "exposicion_niv": "Muy alto" }, "geometry": { "type": "Point", "coordinates": [ -76.95588178, -12.13317813 ] } },
{ "type": "Feature", "properties": { "entity_id": "6114", "entity_type": "salud", "Nombre del establecimiento": "PUESTO DE SALUD 6 DE JULIO", "Clasificación": "PUESTOS DE SALUD O POSTAS DE SALUD", "Tipo": "ESTABLECIMIENTO DE SALUD SIN INTERNAMIENTO", "Categoria": "I-2", "Estado": "BAJA DEFINITIVA", "CAMAS": 0.0, "fecha_info": "2026-03-09T00:00:00", "sububigeo": "15013300", "UBIGEO": "150133", "DISTRITO": "SAN JUAN DE MIRAFLORES", "PROVINCIA": "LIMA", "DEPARTAMEN": "LIMA", "Zonas": "Todas Zonas", "tipo_influencia": "Indirecta", "abreviatura": "SJM", "min_distance_m": null, "susc_inund_niv": null, "susc_mmasa_niv": null, "susc_niv": null, "canalC_niv": null, "exposicion_niv": null }, "geometry": { "type": "Point", "coordinates": [ -76.978016, -12.140567 ] } },
{ "type": "Feature", "properties": { "entity_id": "25692", "entity_type": "salud", "Nombre del establecimiento": "CONSULTORIOS DENTAL MASTER", "Clasificación": "CONSULTORIOS MEDICOS Y DE OTROS PROFESIONALES DE LA SALUD", "Tipo": "ESTABLECIMIENTO DE SALUD SIN INTERNAMIENTO", "Categoria": "I-1", "Estado": "CIERRE TEMPORAL DE OFICIO", "CAMAS": 0.0, "fecha_info": "2026-03-09T00:00:00", "sububigeo": "15014200", "UBIGEO": "150142", "DISTRITO": "VILLA EL SALVADOR", "PROVINCIA": "LIMA", "DEPARTAMEN": "LIMA", "Zonas": "Todas Zonas", "tipo_influencia": "Directa", "abreviatura": "VES", "min_distance_m": null, "susc_inund_niv": "Medio", "susc_mmasa_niv": null, "susc_niv": "Medio", "canalC_niv": null, "exposicion_niv": "Medio" }, "geometry": { "type": "Point", "coordinates": [ -76.94018538, -12.21563257 ] } },
{ "type": "Feature", "properties": { "entity_id": "16794", "entity_type": "salud", "Nombre del establecimiento": "CLINICA DIVINO NIÑO JESUS", "Clasificación": "HOSPITALES O CLINICAS DE ATENCION ESPECIALIZADA", "Tipo": "ESTABLECIMIENTO DE SALUD CON INTERNAMIENTO", "Categoria": "II-E", "Estado": "ACTIVO", "CAMAS": 0.0, "fecha_info": "2026-03-09T00:00:00", "sububigeo": "15013300", "UBIGEO": "150133", "DISTRITO": "SAN JUAN DE MIRAFLORES", "PROVINCIA": "LIMA", "DEPARTAMEN": "LIMA", "Zonas": "Todas Zonas", "tipo_influencia": "Indirecta", "abreviatura": "SJM", "min_distance_m": null, "susc_inund_niv": null, "susc_mmasa_niv": null, "susc_niv": null, "canalC_niv": null, "exposicion_niv": null }, "geometry": { "type": "Point", "coordinates": [ -76.97691804, -12.14840572 ] } },
{ "type": "Feature", "properties": { "entity_id": "18996", "entity_type": "salud", "Nombre del establecimiento": "CONSULTORIO DIAZ", "Clasificación": "CONSULTORIOS MEDICOS Y DE OTROS PROFESIONALES DE LA SALUD", "Tipo": "ESTABLECIMIENTO DE SALUD SIN INTERNAMIENTO", "Categoria": "I-1", "Estado": "CIERRE TEMPORAL DE OFICIO", "CAMAS": 0.0, "fecha_info": "2026-03-09T00:00:00", "sububigeo": "15013300", "UBIGEO": "150133", "DISTRITO": "SAN JUAN DE MIRAFLORES", "PROVINCIA": "LIMA", "DEPARTAMEN": "LIMA", "Zonas": "Todas Zonas", "tipo_influencia": "Indirecta", "abreviatura": "SJM", "min_distance_m": 420.83697689724721, "susc_inund_niv": "Medio", "susc_mmasa_niv": null, "susc_niv": "Medio", "canalC_niv": "Muy alto", "exposicion_niv": "Muy alto" }, "geometry": { "type": "Point", "coordinates": [ -76.9597452, -12.161724 ] } },
{ "type": "Feature", "properties": { "entity_id": "23450", "entity_type": "salud", "Nombre del establecimiento": "VISION DENTAL", "Clasificación": "CONSULTORIOS MEDICOS Y DE OTROS PROFESIONALES DE LA SALUD", "Tipo": "ESTABLECIMIENTO DE SALUD SIN INTERNAMIENTO", "Categoria": "I-1", "Estado": "ACTIVO", "CAMAS": 0.0, "fecha_info": "2026-03-09T00:00:00", "sububigeo": "15014200", "UBIGEO": "150142", "DISTRITO": "VILLA EL SALVADOR", "PROVINCIA": "LIMA", "DEPARTAMEN": "LIMA", "Zonas": "Todas Zonas", "tipo_influencia": "Directa", "abreviatura": "VES", "min_distance_m": 1365.5146470489603, "susc_inund_niv": "Medio", "susc_mmasa_niv": null, "susc_niv": "Medio", "canalC_niv": "Muy alto", "exposicion_niv": "Muy alto" }, "geometry": { "type": "Point", "coordinates": [ -76.9382327, -12.205685799999989 ] } },
{ "type": "Feature", "properties": { "entity_id": "18580", "entity_type": "salud", "Nombre del establecimiento": "GUILLERMO KAELIN DE LA FUENTE", "Clasificación": "HOSPITALES O CLINICAS DE ATENCION GENERAL", "Tipo": "ESTABLECIMIENTO DE SALUD CON INTERNAMIENTO", "Categoria": "II-2", "Estado": "ACTIVO", "CAMAS": 0.0, "fecha_info": "2026-03-09T00:00:00", "sububigeo": "15014304", "UBIGEO": "150143", "DISTRITO": "VILLA MARIA DEL TRIUNFO", "PROVINCIA": "LIMA", "DEPARTAMEN": "LIMA", "Zonas": "Nueva Esperanza", "tipo_influencia": "Directa", "abreviatura": "VMT", "min_distance_m": 65.864774588439687, "susc_inund_niv": "Medio", "susc_mmasa_niv": null, "susc_niv": "Medio", "canalC_niv": "Muy alto", "exposicion_niv": "Muy alto" }, "geometry": { "type": "Point", "coordinates": [ -76.940599400000011, -12.1782885 ] } },
{ "type": "Feature", "properties": { "entity_id": "14884", "entity_type": "salud", "Nombre del establecimiento": "CONSULTORIO  ODONTOLOGICO DENTAL CARE", "Clasificación": "CONSULTORIOS MEDICOS Y DE OTROS PROFESIONALES DE LA SALUD", "Tipo": "ESTABLECIMIENTO DE SALUD SIN INTERNAMIENTO", "Categoria": "I-1", "Estado": "CIERRE TEMPORAL DE OFICIO", "CAMAS": 0.0, "fecha_info": "2026-03-09T00:00:00", "sububigeo": "15014302", "UBIGEO": "150143", "DISTRITO": "VILLA MARIA DEL TRIUNFO", "PROVINCIA": "LIMA", "DEPARTAMEN": "LIMA", "Zonas": "Nuevo Milenio", "tipo_influencia": "Directa", "abreviatura": "VMT", "min_distance_m": 1404.8214451576612, "susc_inund_niv": null, "susc_mmasa_niv": null, "susc_niv": null, "canalC_niv": "Muy alto", "exposicion_niv": "Muy alto" }, "geometry": { "type": "Point", "coordinates": [ -76.9208783, -12.2154008 ] } },
{ "type": "Feature", "properties": { "entity_id": "15428", "entity_type": "salud", "Nombre del establecimiento": "VILLA SALUD", "Clasificación": "POLICLINICOS", "Tipo": "ESTABLECIMIENTO DE SALUD SIN INTERNAMIENTO", "Categoria": "I-3", "Estado": "ACTIVO", "CAMAS": 0.0, "fecha_info": "2026-03-09T00:00:00", "sububigeo": "15014200", "UBIGEO": "150142", "DISTRITO": "VILLA EL SALVADOR", "PROVINCIA": "LIMA", "DEPARTAMEN": "LIMA", "Zonas": "Todas Zonas", "tipo_influencia": "Directa", "abreviatura": "VES", "min_distance_m": 1143.8428510750698, "susc_inund_niv": "Medio", "susc_mmasa_niv": null, "susc_niv": "Medio", "canalC_niv": "Muy alto", "exposicion_niv": "Muy alto" }, "geometry": { "type": "Point", "coordinates": [ -76.93391717, -12.20514247 ] } },
{ "type": "Feature", "properties": { "entity_id": "32583", "entity_type": "salud", "Nombre del establecimiento": "DENTOBELLI", "Clasificación": "CONSULTORIOS MEDICOS Y DE OTROS PROFESIONALES DE LA SALUD", "Tipo": "ESTABLECIMIENTO DE SALUD SIN INTERNAMIENTO", "Categoria": "I-1", "Estado": "BAJA DEFINITIVA", "CAMAS": 0.0, "fecha_info": "2026-03-09T00:00:00", "sububigeo": "15014305", "UBIGEO": "150143", "DISTRITO": "VILLA MARIA DEL TRIUNFO", "PROVINCIA": "LIMA", "DEPARTAMEN": "LIMA", "Zonas": "Villa María del Triunfo (Cercado)", "tipo_influencia": "Directa", "abreviatura": "VMT", "min_distance_m": 83.007474255493065, "susc_inund_niv": "Medio", "susc_mmasa_niv": null, "susc_niv": "Medio", "canalC_niv": "Muy alto", "exposicion_niv": "Muy alto" }, "geometry": { "type": "Point", "coordinates": [ -76.9472981, -12.1641354 ] } },
{ "type": "Feature", "properties": { "entity_id": "6160", "entity_type": "salud", "Nombre del establecimiento": "PUESTO DE SALUD MICAELA BASTIDAS", "Clasificación": "PUESTOS DE SALUD O POSTAS DE SALUD", "Tipo": "ESTABLECIMIENTO DE SALUD SIN INTERNAMIENTO", "Categoria": "I-2", "Estado": "ACTIVO", "CAMAS": 0.0, "fecha_info": "2026-03-09T00:00:00", "sububigeo": "15014301", "UBIGEO": "150143", "DISTRITO": "VILLA MARIA DEL TRIUNFO", "PROVINCIA": "LIMA", "DEPARTAMEN": "LIMA", "Zonas": "Inca Pachacutec", "tipo_influencia": "Directa", "abreviatura": "VMT", "min_distance_m": 121.29647648869263, "susc_inund_niv": "Medio", "susc_mmasa_niv": null, "susc_niv": "Medio", "canalC_niv": "Muy alto", "exposicion_niv": "Muy alto" }, "geometry": { "type": "Point", "coordinates": [ -76.950034, -12.172605699999988 ] } },
{ "type": "Feature", "properties": { "entity_id": "33201", "entity_type": "salud", "Nombre del establecimiento": "DENTAL SMILE VES", "Clasificación": "CONSULTORIOS MEDICOS Y DE OTROS PROFESIONALES DE LA SALUD", "Tipo": "ESTABLECIMIENTO DE SALUD SIN INTERNAMIENTO", "Categoria": "I-1", "Estado": "ACTIVO", "CAMAS": 0.0, "fecha_info": "2026-03-09T00:00:00", "sububigeo": "15014200", "UBIGEO": "150142", "DISTRITO": "VILLA EL SALVADOR", "PROVINCIA": "LIMA", "DEPARTAMEN": "LIMA", "Zonas": "Todas Zonas", "tipo_influencia": "Directa", "abreviatura": "VES", "min_distance_m": null, "susc_inund_niv": "Medio", "susc_mmasa_niv": null, "susc_niv": "Medio", "canalC_niv": null, "exposicion_niv": "Medio" }, "geometry": { "type": "Point", "coordinates": [ -76.9450112, -12.2281342 ] } },
{ "type": "Feature", "properties": { "entity_id": "29896", "entity_type": "salud", "Nombre del establecimiento": "Policlínico SJM", "Clasificación": "POLICLINICOS", "Tipo": "ESTABLECIMIENTO DE SALUD SIN INTERNAMIENTO", "Categoria": "I-3", "Estado": "BAJA DEFINITIVA DE OFICIO", "CAMAS": 0.0, "fecha_info": "2026-03-09T00:00:00", "sububigeo": "15013300", "UBIGEO": "150133", "DISTRITO": "SAN JUAN DE MIRAFLORES", "PROVINCIA": "LIMA", "DEPARTAMEN": "LIMA", "Zonas": "Todas Zonas", "tipo_influencia": "Indirecta", "abreviatura": "SJM", "min_distance_m": 870.13550117034345, "susc_inund_niv": "Medio", "susc_mmasa_niv": null, "susc_niv": "Medio", "canalC_niv": "Muy alto", "exposicion_niv": "Muy alto" }, "geometry": { "type": "Point", "coordinates": [ -76.9638652, -12.1619694 ] } },
{ "type": "Feature", "properties": { "entity_id": "25246", "entity_type": "salud", "Nombre del establecimiento": "CONSULTORIO ODONTOLOGICO RENTERIA", "Clasificación": "CONSULTORIOS MEDICOS Y DE OTROS PROFESIONALES DE LA SALUD", "Tipo": "ESTABLECIMIENTO DE SALUD SIN INTERNAMIENTO", "Categoria": "I-1", "Estado": "ACTIVO", "CAMAS": 0.0, "fecha_info": "2026-03-09T00:00:00", "sububigeo": "15014304", "UBIGEO": "150143", "DISTRITO": "VILLA MARIA DEL TRIUNFO", "PROVINCIA": "LIMA", "DEPARTAMEN": "LIMA", "Zonas": "Nueva Esperanza", "tipo_influencia": "Directa", "abreviatura": "VMT", "min_distance_m": 634.24514439250004, "susc_inund_niv": "Medio", "susc_mmasa_niv": null, "susc_niv": "Medio", "canalC_niv": "Muy alto", "exposicion_niv": "Muy alto" }, "geometry": { "type": "Point", "coordinates": [ -76.917474, -12.1707263 ] } },
{ "type": "Feature", "properties": { "entity_id": "16615", "entity_type": "salud", "Nombre del establecimiento": "CONSULTORIO MÉDICO ESPECIALIZADO \"LURIN\"", "Clasificación": "CONSULTORIOS MEDICOS Y DE OTROS PROFESIONALES DE LA SALUD", "Tipo": "ESTABLECIMIENTO DE SALUD SIN INTERNAMIENTO", "Categoria": "I-2", "Estado": "ACTIVO", "CAMAS": 0.0, "fecha_info": "2026-03-09T00:00:00", "sububigeo": "15011900", "UBIGEO": "150119", "DISTRITO": "LURIN", "PROVINCIA": "LIMA", "DEPARTAMEN": "LIMA", "Zonas": "Todas Zonas", "tipo_influencia": "Directa", "abreviatura": "LUR", "min_distance_m": null, "susc_inund_niv": null, "susc_mmasa_niv": null, "susc_niv": null, "canalC_niv": null, "exposicion_niv": null }, "geometry": { "type": "Point", "coordinates": [ -76.8694247, -12.2744498 ] } },
{ "type": "Feature", "properties": { "entity_id": "30662", "entity_type": "salud", "Nombre del establecimiento": "DENTAL ALE-DENT S.A.C", "Clasificación": "CENTRO ODONTOLOGICO", "Tipo": "ESTABLECIMIENTO DE SALUD SIN INTERNAMIENTO", "Categoria": "I-1", "Estado": "ACTIVO", "CAMAS": 0.0, "fecha_info": "2026-03-09T00:00:00", "sububigeo": "15014200", "UBIGEO": "150142", "DISTRITO": "VILLA EL SALVADOR", "PROVINCIA": "LIMA", "DEPARTAMEN": "LIMA", "Zonas": "Todas Zonas", "tipo_influencia": "Directa", "abreviatura": "VES", "min_distance_m": null, "susc_inund_niv": "Medio", "susc_mmasa_niv": null, "susc_niv": "Medio", "canalC_niv": null, "exposicion_niv": "Medio" }, "geometry": { "type": "Point", "coordinates": [ -76.941608, -12.22682 ] } },
{ "type": "Feature", "properties": { "entity_id": "27388", "entity_type": "salud", "Nombre del establecimiento": "POLICLÍNICO MÉDICOS & ASOCIADOS PERÚ S.A.C.", "Clasificación": "POLICLINICOS", "Tipo": "ESTABLECIMIENTO DE SALUD SIN INTERNAMIENTO", "Categoria": "I-3", "Estado": "CIERRE TEMPORAL DE OFICIO", "CAMAS": 0.0, "fecha_info": "2026-03-09T00:00:00", "sububigeo": "15013300", "UBIGEO": "150133", "DISTRITO": "SAN JUAN DE MIRAFLORES", "PROVINCIA": "LIMA", "DEPARTAMEN": "LIMA", "Zonas": "Todas Zonas", "tipo_influencia": "Indirecta", "abreviatura": "SJM", "min_distance_m": 712.35578676351679, "susc_inund_niv": null, "susc_mmasa_niv": null, "susc_niv": null, "canalC_niv": "Muy alto", "exposicion_niv": "Muy alto" }, "geometry": { "type": "Point", "coordinates": [ -76.960603, -12.165931799999989 ] } },
{ "type": "Feature", "properties": { "entity_id": "27967", "entity_type": "salud", "Nombre del establecimiento": "SEÑOR DE LUREN", "Clasificación": "CONSULTORIOS MEDICOS Y DE OTROS PROFESIONALES DE LA SALUD", "Tipo": "ESTABLECIMIENTO DE SALUD SIN INTERNAMIENTO", "Categoria": "I-1", "Estado": "ACTIVO", "CAMAS": 0.0, "fecha_info": "2026-03-09T00:00:00", "sububigeo": "15013300", "UBIGEO": "150133", "DISTRITO": "SAN JUAN DE MIRAFLORES", "PROVINCIA": "LIMA", "DEPARTAMEN": "LIMA", "Zonas": "Todas Zonas", "tipo_influencia": "Indirecta", "abreviatura": "SJM", "min_distance_m": 1905.0914666203489, "susc_inund_niv": null, "susc_mmasa_niv": null, "susc_niv": null, "canalC_niv": "Muy alto", "exposicion_niv": "Muy alto" }, "geometry": { "type": "Point", "coordinates": [ -76.9722099, -12.155254 ] } },
{ "type": "Feature", "properties": { "entity_id": "27226", "entity_type": "salud", "Nombre del establecimiento": "CONSULTORIO DE ENFERMERÍA VIRGEN DE CHAPI", "Clasificación": "CONSULTORIOS MEDICOS Y DE OTROS PROFESIONALES DE LA SALUD", "Tipo": "ESTABLECIMIENTO DE SALUD SIN INTERNAMIENTO", "Categoria": "I-1", "Estado": "ACTIVO", "CAMAS": 0.0, "fecha_info": "2026-03-09T00:00:00", "sububigeo": "15014200", "UBIGEO": "150142", "DISTRITO": "VILLA EL SALVADOR", "PROVINCIA": "LIMA", "DEPARTAMEN": "LIMA", "Zonas": "Todas Zonas", "tipo_influencia": "Directa", "abreviatura": "VES", "min_distance_m": null, "susc_inund_niv": "Medio", "susc_mmasa_niv": null, "susc_niv": "Medio", "canalC_niv": null, "exposicion_niv": "Medio" }, "geometry": { "type": "Point", "coordinates": [ -76.9477422, -12.2180336 ] } },
{ "type": "Feature", "properties": { "entity_id": "28024", "entity_type": "salud", "Nombre del establecimiento": "Centro de Atención y Aislamiento COVID-19 \"Villa Panamericana\"", "Clasificación": "CENTRO DE ATENCIÓN Y AISLAMIENTO TEMPORAL (CAAT-E.S)", "Tipo": "ESTABLECIMIENTO DE SALUD CON INTERNAMIENTO", "Categoria": "I-4", "Estado": "BAJA PROVISIONAL", "CAMAS": 0.0, "fecha_info": "2026-03-09T00:00:00", "sububigeo": "15014200", "UBIGEO": "150142", "DISTRITO": "VILLA EL SALVADOR", "PROVINCIA": "LIMA", "DEPARTAMEN": "LIMA", "Zonas": "Todas Zonas", "tipo_influencia": "Directa", "abreviatura": "VES", "min_distance_m": null, "susc_inund_niv": "Medio", "susc_mmasa_niv": null, "susc_niv": "Medio", "canalC_niv": null, "exposicion_niv": "Medio" }, "geometry": { "type": "Point", "coordinates": [ -76.95703562, -12.20355121 ] } },
{ "type": "Feature", "properties": { "entity_id": "28244", "entity_type": "salud", "Nombre del establecimiento": "CLINICA SAGRADA FAMILIA DEL SUR", "Clasificación": "HOSPITALES O CLINICAS DE ATENCION ESPECIALIZADA", "Tipo": "ESTABLECIMIENTO DE SALUD CON INTERNAMIENTO", "Categoria": "II-E", "Estado": "ACTIVO", "CAMAS": 0.0, "fecha_info": "2026-03-09T00:00:00", "sububigeo": "15013300", "UBIGEO": "150133", "DISTRITO": "SAN JUAN DE MIRAFLORES", "PROVINCIA": "LIMA", "DEPARTAMEN": "LIMA", "Zonas": "Todas Zonas", "tipo_influencia": "Indirecta", "abreviatura": "SJM", "min_distance_m": 784.33533971473912, "susc_inund_niv": null, "susc_mmasa_niv": null, "susc_niv": null, "canalC_niv": "Muy alto", "exposicion_niv": "Muy alto" }, "geometry": { "type": "Point", "coordinates": [ -76.96101442, -12.16644854 ] } },
{ "type": "Feature", "properties": { "entity_id": "6143", "entity_type": "salud", "Nombre del establecimiento": "PUESTO DE SALUD NUEVA ESPERANZA ALTA", "Clasificación": "PUESTOS DE SALUD O POSTAS DE SALUD", "Tipo": "ESTABLECIMIENTO DE SALUD SIN INTERNAMIENTO", "Categoria": "I-2", "Estado": "ACTIVO", "CAMAS": 0.0, "fecha_info": "2026-03-09T00:00:00", "sububigeo": "15014304", "UBIGEO": "150143", "DISTRITO": "VILLA MARIA DEL TRIUNFO", "PROVINCIA": "LIMA", "DEPARTAMEN": "LIMA", "Zonas": "Nueva Esperanza", "tipo_influencia": "Directa", "abreviatura": "VMT", "min_distance_m": 325.75526858915663, "susc_inund_niv": null, "susc_mmasa_niv": null, "susc_niv": null, "canalC_niv": "Muy alto", "exposicion_niv": "Muy alto" }, "geometry": { "type": "Point", "coordinates": [ -76.9365452, -12.1792745 ] } },
{ "type": "Feature", "properties": { "entity_id": "27956", "entity_type": "salud", "Nombre del establecimiento": "CONSULTORIO DENTAL TE CUIDARÉ ODONTOLOGÍA ESTÉTICA", "Clasificación": "CONSULTORIOS MEDICOS Y DE OTROS PROFESIONALES DE LA SALUD", "Tipo": "ESTABLECIMIENTO DE SALUD SIN INTERNAMIENTO", "Categoria": "I-1", "Estado": "ACTIVO", "CAMAS": 0.0, "fecha_info": "2026-03-09T00:00:00", "sububigeo": "15014200", "UBIGEO": "150142", "DISTRITO": "VILLA EL SALVADOR", "PROVINCIA": "LIMA", "DEPARTAMEN": "LIMA", "Zonas": "Todas Zonas", "tipo_influencia": "Directa", "abreviatura": "VES", "min_distance_m": null, "susc_inund_niv": "Medio", "susc_mmasa_niv": null, "susc_niv": "Medio", "canalC_niv": null, "exposicion_niv": "Medio" }, "geometry": { "type": "Point", "coordinates": [ -76.9276716, -12.2286011 ] } },
{ "type": "Feature", "properties": { "entity_id": "13468", "entity_type": "salud", "Nombre del establecimiento": "MEGADENT", "Clasificación": "CONSULTORIOS MEDICOS Y DE OTROS PROFESIONALES DE LA SALUD", "Tipo": "ESTABLECIMIENTO DE SALUD SIN INTERNAMIENTO", "Categoria": "I-1", "Estado": "ACTIVO", "CAMAS": 0.0, "fecha_info": "2026-03-09T00:00:00", "sububigeo": "15014305", "UBIGEO": "150143", "DISTRITO": "VILLA MARIA DEL TRIUNFO", "PROVINCIA": "LIMA", "DEPARTAMEN": "LIMA", "Zonas": "Villa María del Triunfo (Cercado)", "tipo_influencia": "Directa", "abreviatura": "VMT", "min_distance_m": 11.978462516490712, "susc_inund_niv": "Medio", "susc_mmasa_niv": null, "susc_niv": "Medio", "canalC_niv": "Muy alto", "exposicion_niv": "Muy alto" }, "geometry": { "type": "Point", "coordinates": [ -76.9485398, -12.17184418 ] } },
{ "type": "Feature", "properties": { "entity_id": "31142", "entity_type": "salud", "Nombre del establecimiento": "DM TERAPIA", "Clasificación": "CONSULTORIOS MEDICOS Y DE OTROS PROFESIONALES DE LA SALUD", "Tipo": "ESTABLECIMIENTO DE SALUD SIN INTERNAMIENTO", "Categoria": "I-1", "Estado": "ACTIVO", "CAMAS": 0.0, "fecha_info": "2026-03-09T00:00:00", "sububigeo": "15014200", "UBIGEO": "150142", "DISTRITO": "VILLA EL SALVADOR", "PROVINCIA": "LIMA", "DEPARTAMEN": "LIMA", "Zonas": "Todas Zonas", "tipo_influencia": "Directa", "abreviatura": "VES", "min_distance_m": null, "susc_inund_niv": "Medio", "susc_mmasa_niv": null, "susc_niv": "Medio", "canalC_niv": null, "exposicion_niv": "Medio" }, "geometry": { "type": "Point", "coordinates": [ -76.9329164, -12.217848900000011 ] } },
{ "type": "Feature", "properties": { "entity_id": "24856", "entity_type": "salud", "Nombre del establecimiento": "CONSULTORIO ODONTOLOGICO ESPECIALIZADO VMT", "Clasificación": "CONSULTORIOS MEDICOS Y DE OTROS PROFESIONALES DE LA SALUD", "Tipo": "ESTABLECIMIENTO DE SALUD SIN INTERNAMIENTO", "Categoria": "I-1", "Estado": "ACTIVO", "CAMAS": 0.0, "fecha_info": "2026-03-09T00:00:00", "sububigeo": "15013300", "UBIGEO": "150133", "DISTRITO": "SAN JUAN DE MIRAFLORES", "PROVINCIA": "LIMA", "DEPARTAMEN": "LIMA", "Zonas": "Todas Zonas", "tipo_influencia": "Indirecta", "abreviatura": "SJM", "min_distance_m": null, "susc_inund_niv": null, "susc_mmasa_niv": null, "susc_niv": null, "canalC_niv": null, "exposicion_niv": null }, "geometry": { "type": "Point", "coordinates": [ -76.980863, -12.1866068 ] } },
{ "type": "Feature", "properties": { "entity_id": "7645", "entity_type": "salud", "Nombre del establecimiento": "PUESTO DE SALUD 5 DE MAYO", "Clasificación": "PUESTOS DE SALUD O POSTAS DE SALUD", "Tipo": "ESTABLECIMIENTO DE SALUD SIN INTERNAMIENTO", "Categoria": "I-2", "Estado": "ACTIVO", "CAMAS": 0.0, "fecha_info": "2026-03-09T00:00:00", "sububigeo": "15013300", "UBIGEO": "150133", "DISTRITO": "SAN JUAN DE MIRAFLORES", "PROVINCIA": "LIMA", "DEPARTAMEN": "LIMA", "Zonas": "Todas Zonas", "tipo_influencia": "Indirecta", "abreviatura": "SJM", "min_distance_m": 1764.1886339906098, "susc_inund_niv": "Medio", "susc_mmasa_niv": "Alto", "susc_niv": "Alto", "canalC_niv": "Muy alto", "exposicion_niv": "Muy alto" }, "geometry": { "type": "Point", "coordinates": [ -76.9625893, -12.132473 ] } },
{ "type": "Feature", "properties": { "entity_id": "12142", "entity_type": "salud", "Nombre del establecimiento": "CONSULTORIO OBSTETRICO \"SAINT MARIE\"", "Clasificación": "CONSULTORIOS MEDICOS Y DE OTROS PROFESIONALES DE LA SALUD", "Tipo": "ESTABLECIMIENTO DE SALUD SIN INTERNAMIENTO", "Categoria": "I-1", "Estado": "ACTIVO", "CAMAS": 0.0, "fecha_info": "2026-03-09T00:00:00", "sububigeo": "15011900", "UBIGEO": "150119", "DISTRITO": "LURIN", "PROVINCIA": "LIMA", "DEPARTAMEN": "LIMA", "Zonas": "Todas Zonas", "tipo_influencia": "Directa", "abreviatura": "LUR", "min_distance_m": null, "susc_inund_niv": null, "susc_mmasa_niv": null, "susc_niv": null, "canalC_niv": null, "exposicion_niv": null }, "geometry": { "type": "Point", "coordinates": [ -76.86995712, -12.27509716 ] } },
{ "type": "Feature", "properties": { "entity_id": "25761", "entity_type": "salud", "Nombre del establecimiento": "RAPIDENT", "Clasificación": "CONSULTORIOS MEDICOS Y DE OTROS PROFESIONALES DE LA SALUD", "Tipo": "ESTABLECIMIENTO DE SALUD SIN INTERNAMIENTO", "Categoria": "I-1", "Estado": "ACTIVO", "CAMAS": 0.0, "fecha_info": "2026-03-09T00:00:00", "sububigeo": "15014200", "UBIGEO": "150142", "DISTRITO": "VILLA EL SALVADOR", "PROVINCIA": "LIMA", "DEPARTAMEN": "LIMA", "Zonas": "Todas Zonas", "tipo_influencia": "Directa", "abreviatura": "VES", "min_distance_m": null, "susc_inund_niv": "Medio", "susc_mmasa_niv": null, "susc_niv": "Medio", "canalC_niv": null, "exposicion_niv": "Medio" }, "geometry": { "type": "Point", "coordinates": [ -76.94129829, -12.22600281 ] } },
{ "type": "Feature", "properties": { "entity_id": "6164", "entity_type": "salud", "Nombre del establecimiento": "CENTRO MATERNO INFANTIL TABLADA DE LURIN", "Clasificación": "CENTROS DE SALUD CON CAMAS DE INTERNAMIENTO", "Tipo": "ESTABLECIMIENTO DE SALUD CON INTERNAMIENTO", "Categoria": "I-4", "Estado": "ACTIVO", "CAMAS": 14.0, "fecha_info": "2026-03-09T00:00:00", "sububigeo": "15014306", "UBIGEO": "150143", "DISTRITO": "VILLA MARIA DEL TRIUNFO", "PROVINCIA": "LIMA", "DEPARTAMEN": "LIMA", "Zonas": "San Francisco de la Tablada de Lurin", "tipo_influencia": "Directa", "abreviatura": "VMT", "min_distance_m": 201.39643212038001, "susc_inund_niv": "Medio", "susc_mmasa_niv": null, "susc_niv": "Medio", "canalC_niv": "Muy alto", "exposicion_niv": "Muy alto" }, "geometry": { "type": "Point", "coordinates": [ -76.9274519, -12.1910331 ] } },
{ "type": "Feature", "properties": { "entity_id": "30384", "entity_type": "salud", "Nombre del establecimiento": "CONSULTORIO ODONTOLOGICO DENTRIX", "Clasificación": "CONSULTORIOS MEDICOS Y DE OTROS PROFESIONALES DE LA SALUD", "Tipo": "ESTABLECIMIENTO DE SALUD SIN INTERNAMIENTO", "Categoria": "I-1", "Estado": "ACTIVO", "CAMAS": 0.0, "fecha_info": "2026-03-09T00:00:00", "sububigeo": "15013300", "UBIGEO": "150133", "DISTRITO": "SAN JUAN DE MIRAFLORES", "PROVINCIA": "LIMA", "DEPARTAMEN": "LIMA", "Zonas": "Todas Zonas", "tipo_influencia": "Indirecta", "abreviatura": "SJM", "min_distance_m": 1341.4507780728443, "susc_inund_niv": "Medio", "susc_mmasa_niv": null, "susc_niv": "Medio", "canalC_niv": "Muy alto", "exposicion_niv": "Muy alto" }, "geometry": { "type": "Point", "coordinates": [ -76.9619288, -12.1743531 ] } },
{ "type": "Feature", "properties": { "entity_id": "28815", "entity_type": "salud", "Nombre del establecimiento": "Happy Dents", "Clasificación": "CONSULTORIOS MEDICOS Y DE OTROS PROFESIONALES DE LA SALUD", "Tipo": "ESTABLECIMIENTO DE SALUD SIN INTERNAMIENTO", "Categoria": "I-1", "Estado": "ACTIVO", "CAMAS": 0.0, "fecha_info": "2026-03-09T00:00:00", "sububigeo": "15013300", "UBIGEO": "150133", "DISTRITO": "SAN JUAN DE MIRAFLORES", "PROVINCIA": "LIMA", "DEPARTAMEN": "LIMA", "Zonas": "Todas Zonas", "tipo_influencia": "Indirecta", "abreviatura": "SJM", "min_distance_m": 1818.2384476701886, "susc_inund_niv": "Medio", "susc_mmasa_niv": null, "susc_niv": "Medio", "canalC_niv": "Muy alto", "exposicion_niv": "Muy alto" }, "geometry": { "type": "Point", "coordinates": [ -76.9673386, -12.1734316 ] } },
{ "type": "Feature", "properties": { "entity_id": "6104", "entity_type": "salud", "Nombre del establecimiento": "CENTRO MATERNO INFANTIL MANUEL BARRETO", "Clasificación": "CENTROS DE SALUD CON CAMAS DE INTERNAMIENTO", "Tipo": "ESTABLECIMIENTO DE SALUD CON INTERNAMIENTO", "Categoria": "I-4", "Estado": "ACTIVO", "CAMAS": 13.0, "fecha_info": "2026-03-09T00:00:00", "sububigeo": "15013300", "UBIGEO": "150133", "DISTRITO": "SAN JUAN DE MIRAFLORES", "PROVINCIA": "LIMA", "DEPARTAMEN": "LIMA", "Zonas": "Todas Zonas", "tipo_influencia": "Indirecta", "abreviatura": "SJM", "min_distance_m": 1704.78964738526, "susc_inund_niv": "Medio", "susc_mmasa_niv": null, "susc_niv": "Medio", "canalC_niv": "Muy alto", "exposicion_niv": "Muy alto" }, "geometry": { "type": "Point", "coordinates": [ -76.9684425, -12.1522561 ] } },
{ "type": "Feature", "properties": { "entity_id": "27239", "entity_type": "salud", "Nombre del establecimiento": "consultorio dental divino niño jesus", "Clasificación": "CONSULTORIOS MEDICOS Y DE OTROS PROFESIONALES DE LA SALUD", "Tipo": "ESTABLECIMIENTO DE SALUD SIN INTERNAMIENTO", "Categoria": "I-1", "Estado": "ACTIVO", "CAMAS": 0.0, "fecha_info": "2026-03-09T00:00:00", "sububigeo": "15014200", "UBIGEO": "150142", "DISTRITO": "VILLA EL SALVADOR", "PROVINCIA": "LIMA", "DEPARTAMEN": "LIMA", "Zonas": "Todas Zonas", "tipo_influencia": "Directa", "abreviatura": "VES", "min_distance_m": 1906.6735493219217, "susc_inund_niv": "Medio", "susc_mmasa_niv": null, "susc_niv": "Medio", "canalC_niv": "Muy alto", "exposicion_niv": "Muy alto" }, "geometry": { "type": "Point", "coordinates": [ -76.95901075, -12.1952872 ] } },
{ "type": "Feature", "properties": { "entity_id": "28199", "entity_type": "salud", "Nombre del establecimiento": "DENTAL ORTHOVILLA", "Clasificación": "CONSULTORIOS MEDICOS Y DE OTROS PROFESIONALES DE LA SALUD", "Tipo": "ESTABLECIMIENTO DE SALUD SIN INTERNAMIENTO", "Categoria": "I-1", "Estado": "ACTIVO", "CAMAS": 0.0, "fecha_info": "2026-03-09T00:00:00", "sububigeo": "15014200", "UBIGEO": "150142", "DISTRITO": "VILLA EL SALVADOR", "PROVINCIA": "LIMA", "DEPARTAMEN": "LIMA", "Zonas": "Todas Zonas", "tipo_influencia": "Directa", "abreviatura": "VES", "min_distance_m": null, "susc_inund_niv": "Medio", "susc_mmasa_niv": null, "susc_niv": "Medio", "canalC_niv": null, "exposicion_niv": "Medio" }, "geometry": { "type": "Point", "coordinates": [ -76.9358075, -12.2134548 ] } },
{ "type": "Feature", "properties": { "entity_id": "28430", "entity_type": "salud", "Nombre del establecimiento": "CONSULTORIO MÉDICO OFTALMOLÓGICO ÑAHUI SALUD", "Clasificación": "CONSULTORIOS MEDICOS Y DE OTROS PROFESIONALES DE LA SALUD", "Tipo": "ESTABLECIMIENTO DE SALUD SIN INTERNAMIENTO", "Categoria": "I-2", "Estado": "ACTIVO", "CAMAS": 0.0, "fecha_info": "2026-03-09T00:00:00", "sububigeo": "15014200", "UBIGEO": "150142", "DISTRITO": "VILLA EL SALVADOR", "PROVINCIA": "LIMA", "DEPARTAMEN": "LIMA", "Zonas": "Todas Zonas", "tipo_influencia": "Directa", "abreviatura": "VES", "min_distance_m": null, "susc_inund_niv": "Medio", "susc_mmasa_niv": null, "susc_niv": "Medio", "canalC_niv": null, "exposicion_niv": "Medio" }, "geometry": { "type": "Point", "coordinates": [ -76.9320143, -12.2210834 ] } },
{ "type": "Feature", "properties": { "entity_id": "31896", "entity_type": "salud", "Nombre del establecimiento": "CENTRO DE TERAPIAS PSICOLOGICAS G & G", "Clasificación": "CONSULTORIOS MEDICOS Y DE OTROS PROFESIONALES DE LA SALUD", "Tipo": "ESTABLECIMIENTO DE SALUD SIN INTERNAMIENTO", "Categoria": "I-1", "Estado": "ACTIVO", "CAMAS": 0.0, "fecha_info": "2026-03-09T00:00:00", "sububigeo": "15011900", "UBIGEO": "150119", "DISTRITO": "LURIN", "PROVINCIA": "LIMA", "DEPARTAMEN": "LIMA", "Zonas": "Todas Zonas", "tipo_influencia": "Directa", "abreviatura": "LUR", "min_distance_m": 530.18698688000347, "susc_inund_niv": "Medio", "susc_mmasa_niv": null, "susc_niv": "Medio", "canalC_niv": "Muy alto", "exposicion_niv": "Muy alto" }, "geometry": { "type": "Point", "coordinates": [ -76.9060461, -12.2328168 ] } },
{ "type": "Feature", "properties": { "entity_id": "37364", "entity_type": "salud", "Nombre del establecimiento": "CONSULTORIO SAN FRANCISCO DE ASIS", "Clasificación": "CONSULTORIOS MEDICOS Y DE OTROS PROFESIONALES DE LA SALUD", "Tipo": "ESTABLECIMIENTO DE SALUD SIN INTERNAMIENTO", "Categoria": "I-1", "Estado": "ACTIVO", "CAMAS": 0.0, "fecha_info": "2026-03-09T00:00:00", "sububigeo": "15013300", "UBIGEO": "150133", "DISTRITO": "SAN JUAN DE MIRAFLORES", "PROVINCIA": "LIMA", "DEPARTAMEN": "LIMA", "Zonas": "Todas Zonas", "tipo_influencia": "Indirecta", "abreviatura": "SJM", "min_distance_m": 523.58180108682257, "susc_inund_niv": "Medio", "susc_mmasa_niv": null, "susc_niv": "Medio", "canalC_niv": "Muy alto", "exposicion_niv": "Muy alto" }, "geometry": { "type": "Point", "coordinates": [ -76.9604438, -12.1629848 ] } },
{ "type": "Feature", "properties": { "entity_id": "37930", "entity_type": "salud", "Nombre del establecimiento": "TRD PERU", "Clasificación": "REHABILITACION,ATENCION DOMICILIARIA", "Tipo": "SERVICIO MÉDICO DE APOYO", "Categoria": "Sin Categoría", "Estado": "ACTIVO", "CAMAS": 0.0, "fecha_info": "2026-03-09T00:00:00", "sububigeo": "15013300", "UBIGEO": "150133", "DISTRITO": "SAN JUAN DE MIRAFLORES", "PROVINCIA": "LIMA", "DEPARTAMEN": "LIMA", "Zonas": "Todas Zonas", "tipo_influencia": "Indirecta", "abreviatura": "SJM", "min_distance_m": null, "susc_inund_niv": null, "susc_mmasa_niv": null, "susc_niv": null, "canalC_niv": null, "exposicion_niv": null }, "geometry": { "type": "Point", "coordinates": [ -76.9775493, -12.1509218 ] } },
{ "type": "Feature", "properties": { "entity_id": "37360", "entity_type": "salud", "Nombre del establecimiento": "CONSULTORIO ODONTOLOGICO GCDENTIST GOIZUETA & CEBRIAN", "Clasificación": "CONSULTORIOS MEDICOS Y DE OTROS PROFESIONALES DE LA SALUD", "Tipo": "ESTABLECIMIENTO DE SALUD SIN INTERNAMIENTO", "Categoria": "I-1", "Estado": "ACTIVO", "CAMAS": 0.0, "fecha_info": "2026-03-09T00:00:00", "sububigeo": "15014307", "UBIGEO": "150143", "DISTRITO": "VILLA MARIA DEL TRIUNFO", "PROVINCIA": "LIMA", "DEPARTAMEN": "LIMA", "Zonas": "Villa Poeta José Gálvez", "tipo_influencia": "Directa", "abreviatura": "VMT", "min_distance_m": 426.79898157170737, "susc_inund_niv": "Alto", "susc_mmasa_niv": null, "susc_niv": "Alto", "canalC_niv": "Muy alto", "exposicion_niv": "Muy alto" }, "geometry": { "type": "Point", "coordinates": [ -76.9063121, -12.2136596 ] } },
{ "type": "Feature", "properties": { "entity_id": "37803", "entity_type": "salud", "Nombre del establecimiento": "CONSULTORIO DENTAL VILLA SMILE", "Clasificación": "CONSULTORIOS MEDICOS Y DE OTROS PROFESIONALES DE LA SALUD", "Tipo": "ESTABLECIMIENTO DE SALUD SIN INTERNAMIENTO", "Categoria": "I-1", "Estado": "ACTIVO", "CAMAS": 0.0, "fecha_info": "2026-03-09T00:00:00", "sububigeo": "15014200", "UBIGEO": "150142", "DISTRITO": "VILLA EL SALVADOR", "PROVINCIA": "LIMA", "DEPARTAMEN": "LIMA", "Zonas": "Todas Zonas", "tipo_influencia": "Directa", "abreviatura": "VES", "min_distance_m": null, "susc_inund_niv": "Medio", "susc_mmasa_niv": null, "susc_niv": "Medio", "canalC_niv": null, "exposicion_niv": "Medio" }, "geometry": { "type": "Point", "coordinates": [ -76.94357895, -12.22080436 ] } },
{ "type": "Feature", "properties": { "entity_id": "35898", "entity_type": "salud", "Nombre del establecimiento": "DENTALIVO", "Clasificación": "CONSULTORIOS MEDICOS Y DE OTROS PROFESIONALES DE LA SALUD", "Tipo": "ESTABLECIMIENTO DE SALUD SIN INTERNAMIENTO", "Categoria": "I-1", "Estado": "ACTIVO", "CAMAS": 0.0, "fecha_info": "2026-03-09T00:00:00", "sububigeo": "15013300", "UBIGEO": "150133", "DISTRITO": "SAN JUAN DE MIRAFLORES", "PROVINCIA": "LIMA", "DEPARTAMEN": "LIMA", "Zonas": "Todas Zonas", "tipo_influencia": "Indirecta", "abreviatura": "SJM", "min_distance_m": 496.18503873895753, "susc_inund_niv": null, "susc_mmasa_niv": null, "susc_niv": null, "canalC_niv": "Muy alto", "exposicion_niv": "Muy alto" }, "geometry": { "type": "Point", "coordinates": [ -76.95910177, -12.15828671 ] } },
{ "type": "Feature", "properties": { "entity_id": "37528", "entity_type": "salud", "Nombre del establecimiento": "CONSULTORIO MÉDICO MUJER Y FAMILIA", "Clasificación": "CONSULTORIOS MEDICOS Y DE OTROS PROFESIONALES DE LA SALUD", "Tipo": "ESTABLECIMIENTO DE SALUD SIN INTERNAMIENTO", "Categoria": "I-2", "Estado": "ACTIVO", "CAMAS": 0.0, "fecha_info": "2026-03-09T00:00:00", "sububigeo": "15012304", "UBIGEO": "150123", "DISTRITO": "PACHACAMAC", "PROVINCIA": "LIMA", "DEPARTAMEN": "LIMA", "Zonas": "Quebrada de Manchay", "tipo_influencia": "Directa", "abreviatura": "PACH", "min_distance_m": null, "susc_inund_niv": "Medio", "susc_mmasa_niv": "Alto", "susc_niv": "Alto", "canalC_niv": null, "exposicion_niv": "Alto" }, "geometry": { "type": "Point", "coordinates": [ -76.874139, -12.1126451 ] } },
{ "type": "Feature", "properties": { "entity_id": "34816", "entity_type": "salud", "Nombre del establecimiento": "JG Consultorio Médico", "Clasificación": "CONSULTORIOS MEDICOS Y DE OTROS PROFESIONALES DE LA SALUD", "Tipo": "ESTABLECIMIENTO DE SALUD SIN INTERNAMIENTO", "Categoria": "I-2", "Estado": "ACTIVO", "CAMAS": 0.0, "fecha_info": "2026-03-09T00:00:00", "sububigeo": "15013300", "UBIGEO": "150133", "DISTRITO": "SAN JUAN DE MIRAFLORES", "PROVINCIA": "LIMA", "DEPARTAMEN": "LIMA", "Zonas": "Todas Zonas", "tipo_influencia": "Indirecta", "abreviatura": "SJM", "min_distance_m": null, "susc_inund_niv": "Medio", "susc_mmasa_niv": "Muy alto", "susc_niv": "Muy alto", "canalC_niv": null, "exposicion_niv": "Muy alto" }, "geometry": { "type": "Point", "coordinates": [ -76.96932694, -12.14101809 ] } },
{ "type": "Feature", "properties": { "entity_id": "34820", "entity_type": "salud", "Nombre del establecimiento": "SERVICIOS MEDICOS ESPECIALIZADOS MAGNO", "Clasificación": "POLICLINICOS", "Tipo": "ESTABLECIMIENTO DE SALUD SIN INTERNAMIENTO", "Categoria": "I-3", "Estado": "ACTIVO", "CAMAS": 0.0, "fecha_info": "2026-03-09T00:00:00", "sububigeo": "15014200", "UBIGEO": "150142", "DISTRITO": "VILLA EL SALVADOR", "PROVINCIA": "LIMA", "DEPARTAMEN": "LIMA", "Zonas": "Todas Zonas", "tipo_influencia": "Directa", "abreviatura": "VES", "min_distance_m": null, "susc_inund_niv": "Alto", "susc_mmasa_niv": null, "susc_niv": "Alto", "canalC_niv": null, "exposicion_niv": "Alto" }, "geometry": { "type": "Point", "coordinates": [ -76.95589632, -12.23736007 ] } },
{ "type": "Feature", "properties": { "entity_id": "31131", "entity_type": "salud", "Nombre del establecimiento": "VILLA SMILE", "Clasificación": "CONSULTORIOS MEDICOS Y DE OTROS PROFESIONALES DE LA SALUD", "Tipo": "ESTABLECIMIENTO DE SALUD SIN INTERNAMIENTO", "Categoria": "I-1", "Estado": "ACTIVO", "CAMAS": 0.0, "fecha_info": "2026-03-09T00:00:00", "sububigeo": "15014307", "UBIGEO": "150143", "DISTRITO": "VILLA MARIA DEL TRIUNFO", "PROVINCIA": "LIMA", "DEPARTAMEN": "LIMA", "Zonas": "Villa Poeta José Gálvez", "tipo_influencia": "Directa", "abreviatura": "VMT", "min_distance_m": 110.20232330799546, "susc_inund_niv": "Medio", "susc_mmasa_niv": null, "susc_niv": "Medio", "canalC_niv": "Muy alto", "exposicion_niv": "Muy alto" }, "geometry": { "type": "Point", "coordinates": [ -76.9071476, -12.2167257 ] } },
{ "type": "Feature", "properties": { "entity_id": "34813", "entity_type": "salud", "Nombre del establecimiento": "ODONTHOSUR LURÍN", "Clasificación": "CONSULTORIOS MEDICOS Y DE OTROS PROFESIONALES DE LA SALUD", "Tipo": "ESTABLECIMIENTO DE SALUD SIN INTERNAMIENTO", "Categoria": "I-1", "Estado": "ACTIVO", "CAMAS": 0.0, "fecha_info": "2026-03-09T00:00:00", "sububigeo": "15011900", "UBIGEO": "150119", "DISTRITO": "LURIN", "PROVINCIA": "LIMA", "DEPARTAMEN": "LIMA", "Zonas": "Todas Zonas", "tipo_influencia": "Directa", "abreviatura": "LUR", "min_distance_m": null, "susc_inund_niv": null, "susc_mmasa_niv": null, "susc_niv": null, "canalC_niv": null, "exposicion_niv": null }, "geometry": { "type": "Point", "coordinates": [ -76.8689739, -12.2734082 ] } },
{ "type": "Feature", "properties": { "entity_id": "35244", "entity_type": "salud", "Nombre del establecimiento": "CK odontologia integral", "Clasificación": "CONSULTORIOS MEDICOS Y DE OTROS PROFESIONALES DE LA SALUD", "Tipo": "ESTABLECIMIENTO DE SALUD SIN INTERNAMIENTO", "Categoria": "I-1", "Estado": "ACTIVO", "CAMAS": 0.0, "fecha_info": "2026-03-09T00:00:00", "sububigeo": "15014200", "UBIGEO": "150142", "DISTRITO": "VILLA EL SALVADOR", "PROVINCIA": "LIMA", "DEPARTAMEN": "LIMA", "Zonas": "Todas Zonas", "tipo_influencia": "Directa", "abreviatura": "VES", "min_distance_m": 1953.6698983530421, "susc_inund_niv": "Medio", "susc_mmasa_niv": null, "susc_niv": "Medio", "canalC_niv": "Muy alto", "exposicion_niv": "Muy alto" }, "geometry": { "type": "Point", "coordinates": [ -76.93614712, -12.21215728 ] } },
{ "type": "Feature", "properties": { "entity_id": "34192", "entity_type": "salud", "Nombre del establecimiento": "MULTIDENT VILLA EL SALVADOR", "Clasificación": "CONSULTORIOS MEDICOS Y DE OTROS PROFESIONALES DE LA SALUD", "Tipo": "ESTABLECIMIENTO DE SALUD SIN INTERNAMIENTO", "Categoria": "I-1", "Estado": "ACTIVO", "CAMAS": 0.0, "fecha_info": "2026-03-09T00:00:00", "sububigeo": "15014200", "UBIGEO": "150142", "DISTRITO": "VILLA EL SALVADOR", "PROVINCIA": "LIMA", "DEPARTAMEN": "LIMA", "Zonas": "Todas Zonas", "tipo_influencia": "Directa", "abreviatura": "VES", "min_distance_m": 1348.7697704557515, "susc_inund_niv": "Medio", "susc_mmasa_niv": null, "susc_niv": "Medio", "canalC_niv": "Muy alto", "exposicion_niv": "Muy alto" }, "geometry": { "type": "Point", "coordinates": [ -76.9378943, -12.2056981 ] } },
{ "type": "Feature", "properties": { "entity_id": "33798", "entity_type": "salud", "Nombre del establecimiento": "WORKER´S HEALTH", "Clasificación": "POLICLINICOS", "Tipo": "ESTABLECIMIENTO DE SALUD SIN INTERNAMIENTO", "Categoria": "I-3", "Estado": "ACTIVO", "CAMAS": 0.0, "fecha_info": "2026-03-09T00:00:00", "sububigeo": "15013300", "UBIGEO": "150133", "DISTRITO": "SAN JUAN DE MIRAFLORES", "PROVINCIA": "LIMA", "DEPARTAMEN": "LIMA", "Zonas": "Todas Zonas", "tipo_influencia": "Indirecta", "abreviatura": "SJM", "min_distance_m": null, "susc_inund_niv": null, "susc_mmasa_niv": null, "susc_niv": null, "canalC_niv": null, "exposicion_niv": null }, "geometry": { "type": "Point", "coordinates": [ -76.9784296, -12.1529898 ] } },
{ "type": "Feature", "properties": { "entity_id": "33314", "entity_type": "salud", "Nombre del establecimiento": "R3 FISIO REHABILITA RECUPERA RESPIRA.", "Clasificación": "MEDICINA FISICA,REHABILITACION", "Tipo": "SERVICIO MÉDICO DE APOYO", "Categoria": "Sin Categoría", "Estado": "ACTIVO", "CAMAS": 0.0, "fecha_info": "2026-03-09T00:00:00", "sububigeo": "15014200", "UBIGEO": "150142", "DISTRITO": "VILLA EL SALVADOR", "PROVINCIA": "LIMA", "DEPARTAMEN": "LIMA", "Zonas": "Todas Zonas", "tipo_influencia": "Directa", "abreviatura": "VES", "min_distance_m": 1958.7663918941803, "susc_inund_niv": "Medio", "susc_mmasa_niv": null, "susc_niv": "Medio", "canalC_niv": "Muy alto", "exposicion_niv": "Muy alto" }, "geometry": { "type": "Point", "coordinates": [ -76.9601652, -12.1948018 ] } },
{ "type": "Feature", "properties": { "entity_id": "32071", "entity_type": "salud", "Nombre del establecimiento": "LABORATORIO CLINICO SAFETY LAB EIRL", "Clasificación": "PATOLOGIA CLINICA", "Tipo": "SERVICIO MÉDICO DE APOYO", "Categoria": "Sin Categoría", "Estado": "ACTIVO", "CAMAS": 0.0, "fecha_info": "2026-03-09T00:00:00", "sububigeo": "15013300", "UBIGEO": "150133", "DISTRITO": "SAN JUAN DE MIRAFLORES", "PROVINCIA": "LIMA", "DEPARTAMEN": "LIMA", "Zonas": "Todas Zonas", "tipo_influencia": "Indirecta", "abreviatura": "SJM", "min_distance_m": 1367.5345432533211, "susc_inund_niv": "Medio", "susc_mmasa_niv": null, "susc_niv": "Medio", "canalC_niv": "Muy alto", "exposicion_niv": "Muy alto" }, "geometry": { "type": "Point", "coordinates": [ -76.9683942, -12.1602946 ] } },
{ "type": "Feature", "properties": { "entity_id": "33717", "entity_type": "salud", "Nombre del establecimiento": "CENTRO MEDICO ANDRE ZAMIRIA", "Clasificación": "CENTROS DE SALUD O CENTROS MEDICOS", "Tipo": "ESTABLECIMIENTO DE SALUD SIN INTERNAMIENTO", "Categoria": "I-3", "Estado": "ACTIVO", "CAMAS": 0.0, "fecha_info": "2026-03-09T00:00:00", "sububigeo": "15011900", "UBIGEO": "150119", "DISTRITO": "LURIN", "PROVINCIA": "LIMA", "DEPARTAMEN": "LIMA", "Zonas": "Todas Zonas", "tipo_influencia": "Directa", "abreviatura": "LUR", "min_distance_m": null, "susc_inund_niv": null, "susc_mmasa_niv": null, "susc_niv": null, "canalC_niv": null, "exposicion_niv": null }, "geometry": { "type": "Point", "coordinates": [ -76.8701467, -12.2752129 ] } },
{ "type": "Feature", "properties": { "entity_id": "26992", "entity_type": "salud", "Nombre del establecimiento": "POLICLINICO MEDICINA VIAL V.E.S.", "Clasificación": "POLICLINICOS", "Tipo": "ESTABLECIMIENTO DE SALUD SIN INTERNAMIENTO", "Categoria": "I-3", "Estado": "CIERRE TEMPORAL DE OFICIO", "CAMAS": 0.0, "fecha_info": "2026-03-09T00:00:00", "sububigeo": "15014200", "UBIGEO": "150142", "DISTRITO": "VILLA EL SALVADOR", "PROVINCIA": "LIMA", "DEPARTAMEN": "LIMA", "Zonas": "Todas Zonas", "tipo_influencia": "Directa", "abreviatura": "VES", "min_distance_m": null, "susc_inund_niv": "Medio", "susc_mmasa_niv": "Muy alto", "susc_niv": "Muy alto", "canalC_niv": null, "exposicion_niv": "Muy alto" }, "geometry": { "type": "Point", "coordinates": [ -76.9558794, -12.2368768 ] } },
{ "type": "Feature", "properties": { "entity_id": "25826", "entity_type": "salud", "Nombre del establecimiento": "Consultorio de Psicoterapia ElyD`", "Clasificación": "CONSULTORIOS MEDICOS Y DE OTROS PROFESIONALES DE LA SALUD", "Tipo": "ESTABLECIMIENTO DE SALUD SIN INTERNAMIENTO", "Categoria": "I-1", "Estado": "BAJA PROVISIONAL", "CAMAS": 0.0, "fecha_info": "2026-03-09T00:00:00", "sububigeo": "15014200", "UBIGEO": "150142", "DISTRITO": "VILLA EL SALVADOR", "PROVINCIA": "LIMA", "DEPARTAMEN": "LIMA", "Zonas": "Todas Zonas", "tipo_influencia": "Directa", "abreviatura": "VES", "min_distance_m": null, "susc_inund_niv": "Medio", "susc_mmasa_niv": null, "susc_niv": "Medio", "canalC_niv": null, "exposicion_niv": "Medio" }, "geometry": { "type": "Point", "coordinates": [ -76.9473821, -12.2211673 ] } },
{ "type": "Feature", "properties": { "entity_id": "6093", "entity_type": "salud", "Nombre del establecimiento": "CENTRO DE SALUD CLAS VILLA LIBERTAD", "Clasificación": "CENTROS DE SALUD O CENTROS MEDICOS", "Tipo": "ESTABLECIMIENTO DE SALUD SIN INTERNAMIENTO", "Categoria": "I-3", "Estado": "ACTIVO", "CAMAS": 0.0, "fecha_info": "2026-03-09T00:00:00", "sububigeo": "15011900", "UBIGEO": "150119", "DISTRITO": "LURIN", "PROVINCIA": "LIMA", "DEPARTAMEN": "LIMA", "Zonas": "Todas Zonas", "tipo_influencia": "Directa", "abreviatura": "LUR", "min_distance_m": 1337.4781578888765, "susc_inund_niv": "Alto", "susc_mmasa_niv": null, "susc_niv": "Alto", "canalC_niv": "Muy alto", "exposicion_niv": "Muy alto" }, "geometry": { "type": "Point", "coordinates": [ -76.874717, -12.2436799 ] } },
{ "type": "Feature", "properties": { "entity_id": "29894", "entity_type": "salud", "Nombre del establecimiento": "CONSULTORIO MEDICO SAN JORGE", "Clasificación": "CONSULTORIOS MEDICOS Y DE OTROS PROFESIONALES DE LA SALUD", "Tipo": "ESTABLECIMIENTO DE SALUD SIN INTERNAMIENTO", "Categoria": "I-2", "Estado": "ACTIVO", "CAMAS": 0.0, "fecha_info": "2026-03-09T00:00:00", "sububigeo": "15011900", "UBIGEO": "150119", "DISTRITO": "LURIN", "PROVINCIA": "LIMA", "DEPARTAMEN": "LIMA", "Zonas": "Todas Zonas", "tipo_influencia": "Directa", "abreviatura": "LUR", "min_distance_m": null, "susc_inund_niv": null, "susc_mmasa_niv": null, "susc_niv": null, "canalC_niv": null, "exposicion_niv": null }, "geometry": { "type": "Point", "coordinates": [ -76.87036998, -12.27520739 ] } },
{ "type": "Feature", "properties": { "entity_id": "29050", "entity_type": "salud", "Nombre del establecimiento": "ODAM DENTAL STUDIO", "Clasificación": "CONSULTORIOS MEDICOS Y DE OTROS PROFESIONALES DE LA SALUD", "Tipo": "ESTABLECIMIENTO DE SALUD SIN INTERNAMIENTO", "Categoria": "I-1", "Estado": "ACTIVO", "CAMAS": 0.0, "fecha_info": "2026-03-09T00:00:00", "sububigeo": "15014200", "UBIGEO": "150142", "DISTRITO": "VILLA EL SALVADOR", "PROVINCIA": "LIMA", "DEPARTAMEN": "LIMA", "Zonas": "Todas Zonas", "tipo_influencia": "Directa", "abreviatura": "VES", "min_distance_m": null, "susc_inund_niv": "Medio", "susc_mmasa_niv": null, "susc_niv": "Medio", "canalC_niv": null, "exposicion_niv": "Medio" }, "geometry": { "type": "Point", "coordinates": [ -76.9576155, -12.19836150000001 ] } },
{ "type": "Feature", "properties": { "entity_id": "29905", "entity_type": "salud", "Nombre del establecimiento": "FACEDENT", "Clasificación": "CONSULTORIOS MEDICOS Y DE OTROS PROFESIONALES DE LA SALUD", "Tipo": "ESTABLECIMIENTO DE SALUD SIN INTERNAMIENTO", "Categoria": "I-1", "Estado": "ACTIVO", "CAMAS": 0.0, "fecha_info": "2026-03-09T00:00:00", "sububigeo": "15014305", "UBIGEO": "150143", "DISTRITO": "VILLA MARIA DEL TRIUNFO", "PROVINCIA": "LIMA", "DEPARTAMEN": "LIMA", "Zonas": "Villa María del Triunfo (Cercado)", "tipo_influencia": "Directa", "abreviatura": "VMT", "min_distance_m": 190.07865000316644, "susc_inund_niv": "Medio", "susc_mmasa_niv": null, "susc_niv": "Medio", "canalC_niv": "Muy alto", "exposicion_niv": "Muy alto" }, "geometry": { "type": "Point", "coordinates": [ -76.9511234, -12.168406 ] } },
{ "type": "Feature", "properties": { "entity_id": "26564", "entity_type": "salud", "Nombre del establecimiento": "consultorio obstetrico mujer y familia", "Clasificación": "CONSULTORIOS MEDICOS Y DE OTROS PROFESIONALES DE LA SALUD", "Tipo": "ESTABLECIMIENTO DE SALUD SIN INTERNAMIENTO", "Categoria": "I-1", "Estado": "ACTIVO", "CAMAS": 0.0, "fecha_info": "2026-03-09T00:00:00", "sububigeo": "15012304", "UBIGEO": "150123", "DISTRITO": "PACHACAMAC", "PROVINCIA": "LIMA", "DEPARTAMEN": "LIMA", "Zonas": "Quebrada de Manchay", "tipo_influencia": "Directa", "abreviatura": "PACH", "min_distance_m": 1864.0505814105832, "susc_inund_niv": null, "susc_mmasa_niv": "Alto", "susc_niv": "Alto", "canalC_niv": "Muy alto", "exposicion_niv": "Muy alto" }, "geometry": { "type": "Point", "coordinates": [ -76.866667, -12.166667 ] } },
{ "type": "Feature", "properties": { "entity_id": "6130", "entity_type": "salud", "Nombre del establecimiento": "PUESTO DE SALUD VIRGEN DE LA ASUNCION", "Clasificación": "PUESTOS DE SALUD O POSTAS DE SALUD", "Tipo": "ESTABLECIMIENTO DE SALUD SIN INTERNAMIENTO", "Categoria": "I-2", "Estado": "ACTIVO", "CAMAS": 0.0, "fecha_info": "2026-03-09T00:00:00", "sububigeo": "15014200", "UBIGEO": "150142", "DISTRITO": "VILLA EL SALVADOR", "PROVINCIA": "LIMA", "DEPARTAMEN": "LIMA", "Zonas": "Todas Zonas", "tipo_influencia": "Directa", "abreviatura": "VES", "min_distance_m": null, "susc_inund_niv": "Medio", "susc_mmasa_niv": null, "susc_niv": "Medio", "canalC_niv": null, "exposicion_niv": "Medio" }, "geometry": { "type": "Point", "coordinates": [ -76.9292778, -12.2174846 ] } },
{ "type": "Feature", "properties": { "entity_id": "24525", "entity_type": "salud", "Nombre del establecimiento": "dental villalobos", "Clasificación": "CONSULTORIOS MEDICOS Y DE OTROS PROFESIONALES DE LA SALUD", "Tipo": "ESTABLECIMIENTO DE SALUD SIN INTERNAMIENTO", "Categoria": "I-1", "Estado": "ACTIVO", "CAMAS": 0.0, "fecha_info": "2026-03-09T00:00:00", "sububigeo": "15014305", "UBIGEO": "150143", "DISTRITO": "VILLA MARIA DEL TRIUNFO", "PROVINCIA": "LIMA", "DEPARTAMEN": "LIMA", "Zonas": "Villa María del Triunfo (Cercado)", "tipo_influencia": "Directa", "abreviatura": "VMT", "min_distance_m": 180.4038218518393, "susc_inund_niv": "Medio", "susc_mmasa_niv": null, "susc_niv": "Medio", "canalC_niv": "Muy alto", "exposicion_niv": "Muy alto" }, "geometry": { "type": "Point", "coordinates": [ -76.9478199, -12.1654837 ] } },
{ "type": "Feature", "properties": { "entity_id": "32915", "entity_type": "salud", "Nombre del establecimiento": "PSICORAZÓN", "Clasificación": "CONSULTORIOS MEDICOS Y DE OTROS PROFESIONALES DE LA SALUD", "Tipo": "ESTABLECIMIENTO DE SALUD SIN INTERNAMIENTO", "Categoria": "I-1", "Estado": "ACTIVO", "CAMAS": 0.0, "fecha_info": "2026-03-09T00:00:00", "sububigeo": "15014200", "UBIGEO": "150142", "DISTRITO": "VILLA EL SALVADOR", "PROVINCIA": "LIMA", "DEPARTAMEN": "LIMA", "Zonas": "Todas Zonas", "tipo_influencia": "Directa", "abreviatura": "VES", "min_distance_m": 1658.4841741520841, "susc_inund_niv": "Medio", "susc_mmasa_niv": null, "susc_niv": "Medio", "canalC_niv": "Muy alto", "exposicion_niv": "Muy alto" }, "geometry": { "type": "Point", "coordinates": [ -76.93706673, -12.20911322 ] } },
{ "type": "Feature", "properties": { "entity_id": "30695", "entity_type": "salud", "Nombre del establecimiento": "FISIOAVIAL", "Clasificación": "REHABILITACION", "Tipo": "SERVICIO MÉDICO DE APOYO", "Categoria": "Sin Categoría", "Estado": "CIERRE TEMPORAL DE OFICIO", "CAMAS": 0.0, "fecha_info": "2026-03-09T00:00:00", "sububigeo": "15014200", "UBIGEO": "150142", "DISTRITO": "VILLA EL SALVADOR", "PROVINCIA": "LIMA", "DEPARTAMEN": "LIMA", "Zonas": "Todas Zonas", "tipo_influencia": "Directa", "abreviatura": "VES", "min_distance_m": 1673.1457747315371, "susc_inund_niv": "Medio", "susc_mmasa_niv": null, "susc_niv": "Medio", "canalC_niv": "Muy alto", "exposicion_niv": "Muy alto" }, "geometry": { "type": "Point", "coordinates": [ -76.9336971, -12.2100081 ] } },
{ "type": "Feature", "properties": { "entity_id": "30656", "entity_type": "salud", "Nombre del establecimiento": "MAJAL DENTAL", "Clasificación": "CONSULTORIOS MEDICOS Y DE OTROS PROFESIONALES DE LA SALUD", "Tipo": "ESTABLECIMIENTO DE SALUD SIN INTERNAMIENTO", "Categoria": "I-1", "Estado": "ACTIVO", "CAMAS": 0.0, "fecha_info": "2026-03-09T00:00:00", "sububigeo": "15011900", "UBIGEO": "150119", "DISTRITO": "LURIN", "PROVINCIA": "LIMA", "DEPARTAMEN": "LIMA", "Zonas": "Todas Zonas", "tipo_influencia": "Directa", "abreviatura": "LUR", "min_distance_m": null, "susc_inund_niv": null, "susc_mmasa_niv": null, "susc_niv": null, "canalC_niv": null, "exposicion_niv": null }, "geometry": { "type": "Point", "coordinates": [ -76.86757005, -12.27702698 ] } },
{ "type": "Feature", "properties": { "entity_id": "30401", "entity_type": "salud", "Nombre del establecimiento": "INPROSALUD", "Clasificación": "POLICLINICOS", "Tipo": "ESTABLECIMIENTO DE SALUD SIN INTERNAMIENTO", "Categoria": "I-3", "Estado": "ACTIVO", "CAMAS": 0.0, "fecha_info": "2026-03-09T00:00:00", "sububigeo": "15013300", "UBIGEO": "150133", "DISTRITO": "SAN JUAN DE MIRAFLORES", "PROVINCIA": "LIMA", "DEPARTAMEN": "LIMA", "Zonas": "Todas Zonas", "tipo_influencia": "Indirecta", "abreviatura": "SJM", "min_distance_m": null, "susc_inund_niv": "Medio", "susc_mmasa_niv": null, "susc_niv": "Medio", "canalC_niv": null, "exposicion_niv": "Medio" }, "geometry": { "type": "Point", "coordinates": [ -76.96705104, -12.18032502 ] } },
{ "type": "Feature", "properties": { "entity_id": "28597", "entity_type": "salud", "Nombre del establecimiento": "CONSULTORIO DENTAL CHRYSTAL", "Clasificación": "CONSULTORIOS MEDICOS Y DE OTROS PROFESIONALES DE LA SALUD", "Tipo": "ESTABLECIMIENTO DE SALUD SIN INTERNAMIENTO", "Categoria": "I-1", "Estado": "ACTIVO", "CAMAS": 0.0, "fecha_info": "2026-03-09T00:00:00", "sububigeo": "15014200", "UBIGEO": "150142", "DISTRITO": "VILLA EL SALVADOR", "PROVINCIA": "LIMA", "DEPARTAMEN": "LIMA", "Zonas": "Todas Zonas", "tipo_influencia": "Directa", "abreviatura": "VES", "min_distance_m": 1603.2026278962476, "susc_inund_niv": "Medio", "susc_mmasa_niv": null, "susc_niv": "Medio", "canalC_niv": "Muy alto", "exposicion_niv": "Muy alto" }, "geometry": { "type": "Point", "coordinates": [ -76.95377222, -12.19564562 ] } },
{ "type": "Feature", "properties": { "entity_id": "19754", "entity_type": "salud", "Nombre del establecimiento": "CONSULTORIO DENTAL SAN LUIS", "Clasificación": "CONSULTORIOS MEDICOS Y DE OTROS PROFESIONALES DE LA SALUD", "Tipo": "ESTABLECIMIENTO DE SALUD SIN INTERNAMIENTO", "Categoria": "I-1", "Estado": "ACTIVO", "CAMAS": 0.0, "fecha_info": "2026-03-09T00:00:00", "sububigeo": "15014200", "UBIGEO": "150142", "DISTRITO": "VILLA EL SALVADOR", "PROVINCIA": "LIMA", "DEPARTAMEN": "LIMA", "Zonas": "Todas Zonas", "tipo_influencia": "Directa", "abreviatura": "VES", "min_distance_m": 1417.7798469381785, "susc_inund_niv": "Medio", "susc_mmasa_niv": null, "susc_niv": "Medio", "canalC_niv": "Muy alto", "exposicion_niv": "Muy alto" }, "geometry": { "type": "Point", "coordinates": [ -76.93765172, -12.20652065 ] } },
{ "type": "Feature", "properties": { "entity_id": "28764", "entity_type": "salud", "Nombre del establecimiento": "LABORATORIO CLÍNICO R.L. S.A.C.", "Clasificación": "PATOLOGIA CLINICA", "Tipo": "SERVICIO MÉDICO DE APOYO", "Categoria": "Sin Categoría", "Estado": "ACTIVO", "CAMAS": 0.0, "fecha_info": "2026-03-09T00:00:00", "sububigeo": "15012301", "UBIGEO": "150123", "DISTRITO": "PACHACAMAC", "PROVINCIA": "LIMA", "DEPARTAMEN": "LIMA", "Zonas": "Pachacamac histórico", "tipo_influencia": "Directa", "abreviatura": "PACH", "min_distance_m": 1813.4352009094773, "susc_inund_niv": "Medio", "susc_mmasa_niv": null, "susc_niv": "Medio", "canalC_niv": "Muy alto", "exposicion_niv": "Muy alto" }, "geometry": { "type": "Point", "coordinates": [ -76.8614992, -12.2289996 ] } },
{ "type": "Feature", "properties": { "entity_id": "33209", "entity_type": "salud", "Nombre del establecimiento": "LABORATORIO CLINICO VILLACENTERSALUD E.I.R.L.", "Clasificación": "PATOLOGIA CLINICA", "Tipo": "SERVICIO MÉDICO DE APOYO", "Categoria": "Sin Categoría", "Estado": "ACTIVO", "CAMAS": 0.0, "fecha_info": "2026-03-09T00:00:00", "sububigeo": "15014200", "UBIGEO": "150142", "DISTRITO": "VILLA EL SALVADOR", "PROVINCIA": "LIMA", "DEPARTAMEN": "LIMA", "Zonas": "Todas Zonas", "tipo_influencia": "Directa", "abreviatura": "VES", "min_distance_m": null, "susc_inund_niv": "Medio", "susc_mmasa_niv": null, "susc_niv": "Medio", "canalC_niv": null, "exposicion_niv": "Medio" }, "geometry": { "type": "Point", "coordinates": [ -76.9249857, -12.2426971 ] } },
{ "type": "Feature", "properties": { "entity_id": "27478", "entity_type": "salud", "Nombre del establecimiento": "CLINICA BUENAVENTURA", "Clasificación": "HOSPITALES O CLINICAS DE ATENCION ESPECIALIZADA", "Tipo": "ESTABLECIMIENTO DE SALUD CON INTERNAMIENTO", "Categoria": "II-E", "Estado": "ACTIVO", "CAMAS": 0.0, "fecha_info": "2026-03-09T00:00:00", "sububigeo": "15013300", "UBIGEO": "150133", "DISTRITO": "SAN JUAN DE MIRAFLORES", "PROVINCIA": "LIMA", "DEPARTAMEN": "LIMA", "Zonas": "Todas Zonas", "tipo_influencia": "Indirecta", "abreviatura": "SJM", "min_distance_m": 1934.5665817714105, "susc_inund_niv": null, "susc_mmasa_niv": null, "susc_niv": null, "canalC_niv": "Muy alto", "exposicion_niv": "Muy alto" }, "geometry": { "type": "Point", "coordinates": [ -76.9734474, -12.1587718 ] } },
{ "type": "Feature", "properties": { "entity_id": "30106", "entity_type": "salud", "Nombre del establecimiento": "COAR CONSULTORIO DE ORTODONCIA", "Clasificación": "CONSULTORIOS MEDICOS Y DE OTROS PROFESIONALES DE LA SALUD", "Tipo": "ESTABLECIMIENTO DE SALUD SIN INTERNAMIENTO", "Categoria": "I-1", "Estado": "ACTIVO", "CAMAS": 0.0, "fecha_info": "2026-03-09T00:00:00", "sububigeo": "15013300", "UBIGEO": "150133", "DISTRITO": "SAN JUAN DE MIRAFLORES", "PROVINCIA": "LIMA", "DEPARTAMEN": "LIMA", "Zonas": "Todas Zonas", "tipo_influencia": "Indirecta", "abreviatura": "SJM", "min_distance_m": null, "susc_inund_niv": null, "susc_mmasa_niv": null, "susc_niv": null, "canalC_niv": null, "exposicion_niv": null }, "geometry": { "type": "Point", "coordinates": [ -76.9814377, -12.1510884 ] } },
{ "type": "Feature", "properties": { "entity_id": "30363", "entity_type": "salud", "Nombre del establecimiento": "Consultorio Médico Horizonte", "Clasificación": "CONSULTORIOS MEDICOS Y DE OTROS PROFESIONALES DE LA SALUD", "Tipo": "ESTABLECIMIENTO DE SALUD SIN INTERNAMIENTO", "Categoria": "I-2", "Estado": "ACTIVO", "CAMAS": 0.0, "fecha_info": "2026-03-09T00:00:00", "sububigeo": "15013300", "UBIGEO": "150133", "DISTRITO": "SAN JUAN DE MIRAFLORES", "PROVINCIA": "LIMA", "DEPARTAMEN": "LIMA", "Zonas": "Todas Zonas", "tipo_influencia": "Indirecta", "abreviatura": "SJM", "min_distance_m": 1597.6988066491269, "susc_inund_niv": "Medio", "susc_mmasa_niv": null, "susc_niv": "Medio", "canalC_niv": "Muy alto", "exposicion_niv": "Muy alto" }, "geometry": { "type": "Point", "coordinates": [ -76.966748, -12.148681 ] } },
{ "type": "Feature", "properties": { "entity_id": "28593", "entity_type": "salud", "Nombre del establecimiento": "CONSULTORIO DENTAL \" SUMAQ DENT \"", "Clasificación": "CONSULTORIOS MEDICOS Y DE OTROS PROFESIONALES DE LA SALUD", "Tipo": "ESTABLECIMIENTO DE SALUD SIN INTERNAMIENTO", "Categoria": "I-1", "Estado": "ACTIVO", "CAMAS": 0.0, "fecha_info": "2026-03-09T00:00:00", "sububigeo": "15013300", "UBIGEO": "150133", "DISTRITO": "SAN JUAN DE MIRAFLORES", "PROVINCIA": "LIMA", "DEPARTAMEN": "LIMA", "Zonas": "Todas Zonas", "tipo_influencia": "Indirecta", "abreviatura": "SJM", "min_distance_m": 1926.8242380711224, "susc_inund_niv": null, "susc_mmasa_niv": null, "susc_niv": null, "canalC_niv": "Muy alto", "exposicion_niv": "Muy alto" }, "geometry": { "type": "Point", "coordinates": [ -76.97269812, -12.15601292 ] } },
{ "type": "Feature", "properties": { "entity_id": "26754", "entity_type": "salud", "Nombre del establecimiento": "EFY DENT, ODONTOLOGÍA INTEGRAL", "Clasificación": "CONSULTORIOS MEDICOS Y DE OTROS PROFESIONALES DE LA SALUD", "Tipo": "ESTABLECIMIENTO DE SALUD SIN INTERNAMIENTO", "Categoria": "I-1", "Estado": "ACTIVO", "CAMAS": 0.0, "fecha_info": "2026-03-09T00:00:00", "sububigeo": "15014304", "UBIGEO": "150143", "DISTRITO": "VILLA MARIA DEL TRIUNFO", "PROVINCIA": "LIMA", "DEPARTAMEN": "LIMA", "Zonas": "Nueva Esperanza", "tipo_influencia": "Directa", "abreviatura": "VMT", "min_distance_m": 638.45331418531327, "susc_inund_niv": "Medio", "susc_mmasa_niv": null, "susc_niv": "Medio", "canalC_niv": "Muy alto", "exposicion_niv": "Muy alto" }, "geometry": { "type": "Point", "coordinates": [ -76.92987676, -12.16948116 ] } },
{ "type": "Feature", "properties": { "entity_id": "32070", "entity_type": "salud", "Nombre del establecimiento": "SONRISA TOTAL S A C", "Clasificación": "CONSULTORIOS MEDICOS Y DE OTROS PROFESIONALES DE LA SALUD", "Tipo": "ESTABLECIMIENTO DE SALUD SIN INTERNAMIENTO", "Categoria": "I-1", "Estado": "ACTIVO", "CAMAS": 0.0, "fecha_info": "2026-03-09T00:00:00", "sububigeo": "15014200", "UBIGEO": "150142", "DISTRITO": "VILLA EL SALVADOR", "PROVINCIA": "LIMA", "DEPARTAMEN": "LIMA", "Zonas": "Todas Zonas", "tipo_influencia": "Directa", "abreviatura": "VES", "min_distance_m": null, "susc_inund_niv": "Medio", "susc_mmasa_niv": null, "susc_niv": "Medio", "canalC_niv": null, "exposicion_niv": "Medio" }, "geometry": { "type": "Point", "coordinates": [ -76.9531145, -12.2056614 ] } },
{ "type": "Feature", "properties": { "entity_id": "33218", "entity_type": "salud", "Nombre del establecimiento": "ROSFRAC", "Clasificación": null, "Tipo": "SERVICIO MÉDICO DE APOYO", "Categoria": "Sin Categoría", "Estado": "ACTIVO", "CAMAS": 0.0, "fecha_info": "2026-03-09T00:00:00", "sububigeo": "15013300", "UBIGEO": "150133", "DISTRITO": "SAN JUAN DE MIRAFLORES", "PROVINCIA": "LIMA", "DEPARTAMEN": "LIMA", "Zonas": "Todas Zonas", "tipo_influencia": "Indirecta", "abreviatura": "SJM", "min_distance_m": 391.52793046267448, "susc_inund_niv": "Medio", "susc_mmasa_niv": null, "susc_niv": "Medio", "canalC_niv": "Muy alto", "exposicion_niv": "Muy alto" }, "geometry": { "type": "Point", "coordinates": [ -76.959433, -12.1608687 ] } },
{ "type": "Feature", "properties": { "entity_id": "32658", "entity_type": "salud", "Nombre del establecimiento": "AVANZA - TRAUMATOLOGIA", "Clasificación": "CONSULTORIOS MEDICOS Y DE OTROS PROFESIONALES DE LA SALUD", "Tipo": "ESTABLECIMIENTO DE SALUD SIN INTERNAMIENTO", "Categoria": "I-2", "Estado": "ACTIVO", "CAMAS": 0.0, "fecha_info": "2026-03-09T00:00:00", "sububigeo": "15013300", "UBIGEO": "150133", "DISTRITO": "SAN JUAN DE MIRAFLORES", "PROVINCIA": "LIMA", "DEPARTAMEN": "LIMA", "Zonas": "Todas Zonas", "tipo_influencia": "Indirecta", "abreviatura": "SJM", "min_distance_m": 1430.2004297093649, "susc_inund_niv": "Medio", "susc_mmasa_niv": null, "susc_niv": "Medio", "canalC_niv": "Muy alto", "exposicion_niv": "Muy alto" }, "geometry": { "type": "Point", "coordinates": [ -76.9689175, -12.1631293 ] } },
{ "type": "Feature", "properties": { "entity_id": "23016", "entity_type": "salud", "Nombre del establecimiento": "KIDNEY CARE", "Clasificación": "HEMODIALISIS", "Tipo": "SERVICIO MÉDICO DE APOYO", "Categoria": "Sin Categoría", "Estado": "ACTIVO", "CAMAS": 0.0, "fecha_info": "2026-03-09T00:00:00", "sububigeo": "15014200", "UBIGEO": "150142", "DISTRITO": "VILLA EL SALVADOR", "PROVINCIA": "LIMA", "DEPARTAMEN": "LIMA", "Zonas": "Todas Zonas", "tipo_influencia": "Directa", "abreviatura": "VES", "min_distance_m": 376.52288819150328, "susc_inund_niv": "Medio", "susc_mmasa_niv": null, "susc_niv": "Medio", "canalC_niv": "Muy alto", "exposicion_niv": "Muy alto" }, "geometry": { "type": "Point", "coordinates": [ -76.9342325, -12.19757198 ] } },
{ "type": "Feature", "properties": { "entity_id": "37807", "entity_type": "salud", "Nombre del establecimiento": "Dra. Daniela Aguilar Odontología Integral", "Clasificación": "CONSULTORIOS MEDICOS Y DE OTROS PROFESIONALES DE LA SALUD", "Tipo": "ESTABLECIMIENTO DE SALUD SIN INTERNAMIENTO", "Categoria": "I-1", "Estado": "ACTIVO", "CAMAS": 0.0, "fecha_info": "2026-03-09T00:00:00", "sububigeo": "15014200", "UBIGEO": "150142", "DISTRITO": "VILLA EL SALVADOR", "PROVINCIA": "LIMA", "DEPARTAMEN": "LIMA", "Zonas": "Todas Zonas", "tipo_influencia": "Directa", "abreviatura": "VES", "min_distance_m": null, "susc_inund_niv": "Medio", "susc_mmasa_niv": null, "susc_niv": "Medio", "canalC_niv": null, "exposicion_niv": "Medio" }, "geometry": { "type": "Point", "coordinates": [ -76.93085429, -12.2182053 ] } },
{ "type": "Feature", "properties": { "entity_id": "35332", "entity_type": "salud", "Nombre del establecimiento": "DENTAL IDENTICAL VILLA EL SALVADOR II", "Clasificación": "CONSULTORIOS MEDICOS Y DE OTROS PROFESIONALES DE LA SALUD", "Tipo": "ESTABLECIMIENTO DE SALUD SIN INTERNAMIENTO", "Categoria": "I-1", "Estado": "ACTIVO", "CAMAS": 0.0, "fecha_info": "2026-03-09T00:00:00", "sububigeo": "15014200", "UBIGEO": "150142", "DISTRITO": "VILLA EL SALVADOR", "PROVINCIA": "LIMA", "DEPARTAMEN": "LIMA", "Zonas": "Todas Zonas", "tipo_influencia": "Directa", "abreviatura": "VES", "min_distance_m": 1745.7075814501579, "susc_inund_niv": "Medio", "susc_mmasa_niv": null, "susc_niv": "Medio", "canalC_niv": "Muy alto", "exposicion_niv": "Muy alto" }, "geometry": { "type": "Point", "coordinates": [ -76.9399847, -12.2086587 ] } },
{ "type": "Feature", "properties": { "entity_id": "35142", "entity_type": "salud", "Nombre del establecimiento": "SALUDXPRESS", "Clasificación": "ATENCION DOMICILIARIA", "Tipo": "SERVICIO MÉDICO DE APOYO", "Categoria": "Sin Categoría", "Estado": "ACTIVO", "CAMAS": 0.0, "fecha_info": "2026-03-09T00:00:00", "sububigeo": "15013300", "UBIGEO": "150133", "DISTRITO": "SAN JUAN DE MIRAFLORES", "PROVINCIA": "LIMA", "DEPARTAMEN": "LIMA", "Zonas": "Todas Zonas", "tipo_influencia": "Indirecta", "abreviatura": "SJM", "min_distance_m": null, "susc_inund_niv": null, "susc_mmasa_niv": null, "susc_niv": null, "canalC_niv": null, "exposicion_niv": null }, "geometry": { "type": "Point", "coordinates": [ -76.9804374, -12.15807564 ] } },
{ "type": "Feature", "properties": { "entity_id": "34038", "entity_type": "salud", "Nombre del establecimiento": "CENTRO DE SALUD MENTAL COMUNITARIO RICARDO PALMA", "Clasificación": "CENTROS MEDICOS ESPECIALIZADOS", "Tipo": "ESTABLECIMIENTO DE SALUD SIN INTERNAMIENTO", "Categoria": "I-3", "Estado": "ACTIVO", "CAMAS": 0.0, "fecha_info": "2026-03-09T00:00:00", "sububigeo": "15013300", "UBIGEO": "150133", "DISTRITO": "SAN JUAN DE MIRAFLORES", "PROVINCIA": "LIMA", "DEPARTAMEN": "LIMA", "Zonas": "Todas Zonas", "tipo_influencia": "Indirecta", "abreviatura": "SJM", "min_distance_m": 1610.797566480386, "susc_inund_niv": "Medio", "susc_mmasa_niv": null, "susc_niv": "Medio", "canalC_niv": "Muy alto", "exposicion_niv": "Muy alto" }, "geometry": { "type": "Point", "coordinates": [ -76.9615319, -12.1851036 ] } },
{ "type": "Feature", "properties": { "entity_id": "32330", "entity_type": "salud", "Nombre del establecimiento": "POLICLINICO SOLIDARIO MANCHAY", "Clasificación": "POLICLINICOS", "Tipo": "ESTABLECIMIENTO DE SALUD SIN INTERNAMIENTO", "Categoria": "I-3", "Estado": "ACTIVO", "CAMAS": 0.0, "fecha_info": "2026-03-09T00:00:00", "sububigeo": "15012304", "UBIGEO": "150123", "DISTRITO": "PACHACAMAC", "PROVINCIA": "LIMA", "DEPARTAMEN": "LIMA", "Zonas": "Quebrada de Manchay", "tipo_influencia": "Directa", "abreviatura": "PACH", "min_distance_m": null, "susc_inund_niv": "Medio", "susc_mmasa_niv": "Alto", "susc_niv": "Alto", "canalC_niv": null, "exposicion_niv": "Alto" }, "geometry": { "type": "Point", "coordinates": [ -76.87147995, -12.1286581 ] } },
{ "type": "Feature", "properties": { "entity_id": "33876", "entity_type": "salud", "Nombre del establecimiento": "SMILING INTEGRAL ESPECIALIZADA", "Clasificación": "CONSULTORIOS MEDICOS Y DE OTROS PROFESIONALES DE LA SALUD", "Tipo": "ESTABLECIMIENTO DE SALUD SIN INTERNAMIENTO", "Categoria": "I-1", "Estado": "CIERRE TEMPORAL DE OFICIO", "CAMAS": 0.0, "fecha_info": "2026-03-09T00:00:00", "sububigeo": "15013300", "UBIGEO": "150133", "DISTRITO": "SAN JUAN DE MIRAFLORES", "PROVINCIA": "LIMA", "DEPARTAMEN": "LIMA", "Zonas": "Todas Zonas", "tipo_influencia": "Indirecta", "abreviatura": "SJM", "min_distance_m": null, "susc_inund_niv": null, "susc_mmasa_niv": null, "susc_niv": null, "canalC_niv": null, "exposicion_niv": null }, "geometry": { "type": "Point", "coordinates": [ -76.9749626, -12.1573351 ] } },
{ "type": "Feature", "properties": { "entity_id": "34602", "entity_type": "salud", "Nombre del establecimiento": "POLICLINICO EL SOL DE AMÉRICA", "Clasificación": "POLICLINICOS", "Tipo": "ESTABLECIMIENTO DE SALUD SIN INTERNAMIENTO", "Categoria": "I-3", "Estado": "CIERRE TEMPORAL DE OFICIO", "CAMAS": 0.0, "fecha_info": "2026-03-09T00:00:00", "sububigeo": "15013300", "UBIGEO": "150133", "DISTRITO": "SAN JUAN DE MIRAFLORES", "PROVINCIA": "LIMA", "DEPARTAMEN": "LIMA", "Zonas": "Todas Zonas", "tipo_influencia": "Indirecta", "abreviatura": "SJM", "min_distance_m": null, "susc_inund_niv": null, "susc_mmasa_niv": null, "susc_niv": null, "canalC_niv": null, "exposicion_niv": null }, "geometry": { "type": "Point", "coordinates": [ -76.97624243, -12.18317401 ] } },
{ "type": "Feature", "properties": { "entity_id": "34202", "entity_type": "salud", "Nombre del establecimiento": "PUESTO DE SALUD PARAISO", "Clasificación": "PUESTOS DE SALUD O POSTAS DE SALUD", "Tipo": "ESTABLECIMIENTO DE SALUD SIN INTERNAMIENTO", "Categoria": "I-2", "Estado": "BAJA DEFINITIVA", "CAMAS": 0.0, "fecha_info": "2026-03-09T00:00:00", "sububigeo": "15013300", "UBIGEO": "150133", "DISTRITO": "SAN JUAN DE MIRAFLORES", "PROVINCIA": "LIMA", "DEPARTAMEN": "LIMA", "Zonas": "Todas Zonas", "tipo_influencia": "Indirecta", "abreviatura": "SJM", "min_distance_m": 1134.9046889266735, "susc_inund_niv": null, "susc_mmasa_niv": null, "susc_niv": null, "canalC_niv": "Muy alto", "exposicion_niv": "Muy alto" }, "geometry": { "type": "Point", "coordinates": [ -76.9569, -12.1857784 ] } },
{ "type": "Feature", "properties": { "entity_id": "32088", "entity_type": "salud", "Nombre del establecimiento": "KAREEN DENT", "Clasificación": "CONSULTORIOS MEDICOS Y DE OTROS PROFESIONALES DE LA SALUD", "Tipo": "ESTABLECIMIENTO DE SALUD SIN INTERNAMIENTO", "Categoria": "I-1", "Estado": "ACTIVO", "CAMAS": 0.0, "fecha_info": "2026-03-09T00:00:00", "sububigeo": "15014200", "UBIGEO": "150142", "DISTRITO": "VILLA EL SALVADOR", "PROVINCIA": "LIMA", "DEPARTAMEN": "LIMA", "Zonas": "Todas Zonas", "tipo_influencia": "Directa", "abreviatura": "VES", "min_distance_m": null, "susc_inund_niv": "Alto", "susc_mmasa_niv": null, "susc_niv": "Alto", "canalC_niv": null, "exposicion_niv": "Alto" }, "geometry": { "type": "Point", "coordinates": [ -76.969238, -12.20479 ] } },
{ "type": "Feature", "properties": { "entity_id": "32306", "entity_type": "salud", "Nombre del establecimiento": "CASA DE LA JUVENTUD", "Clasificación": "CENTROS DE ATENCION DE SALUD PARA PERSONAS DEPENDIENTES DE SUSTANCIAS PSICOACTIVAS Y SUS RESPECTIVAS FAMILIAS (TIPO I)", "Tipo": "COMUNIDADES TERAPÉUTICAS", "Categoria": "Sin Categoría", "Estado": "ACTIVO", "CAMAS": 0.0, "fecha_info": "2026-03-09T00:00:00", "sububigeo": "15013300", "UBIGEO": "150133", "DISTRITO": "SAN JUAN DE MIRAFLORES", "PROVINCIA": "LIMA", "DEPARTAMEN": "LIMA", "Zonas": "Todas Zonas", "tipo_influencia": "Indirecta", "abreviatura": "SJM", "min_distance_m": 371.77570812893953, "susc_inund_niv": null, "susc_mmasa_niv": null, "susc_niv": null, "canalC_niv": "Muy alto", "exposicion_niv": "Muy alto" }, "geometry": { "type": "Point", "coordinates": [ -76.9582284, -12.1590198 ] } },
{ "type": "Feature", "properties": { "entity_id": "33197", "entity_type": "salud", "Nombre del establecimiento": "CONSULTORIO MÉDICO - ESPECIALIZADO \" DR. ALFREDO RAMOS\"", "Clasificación": "CONSULTORIOS MEDICOS Y DE OTROS PROFESIONALES DE LA SALUD", "Tipo": "ESTABLECIMIENTO DE SALUD SIN INTERNAMIENTO", "Categoria": "I-2", "Estado": "ACTIVO", "CAMAS": 0.0, "fecha_info": "2026-03-09T00:00:00", "sububigeo": "15014200", "UBIGEO": "150142", "DISTRITO": "VILLA EL SALVADOR", "PROVINCIA": "LIMA", "DEPARTAMEN": "LIMA", "Zonas": "Todas Zonas", "tipo_influencia": "Directa", "abreviatura": "VES", "min_distance_m": 528.5991386109564, "susc_inund_niv": "Medio", "susc_mmasa_niv": null, "susc_niv": "Medio", "canalC_niv": "Muy alto", "exposicion_niv": "Muy alto" }, "geometry": { "type": "Point", "coordinates": [ -76.9472672, -12.1875861 ] } },
{ "type": "Feature", "properties": { "entity_id": "32577", "entity_type": "salud", "Nombre del establecimiento": "STUDIO DENT", "Clasificación": null, "Tipo": "ESTABLECIMIENTO DE SALUD SIN INTERNAMIENTO", "Categoria": "I-1", "Estado": "ACTIVO", "CAMAS": 0.0, "fecha_info": "2026-03-09T00:00:00", "sububigeo": "15014200", "UBIGEO": "150142", "DISTRITO": "VILLA EL SALVADOR", "PROVINCIA": "LIMA", "DEPARTAMEN": "LIMA", "Zonas": "Todas Zonas", "tipo_influencia": "Directa", "abreviatura": "VES", "min_distance_m": null, "susc_inund_niv": "Medio", "susc_mmasa_niv": null, "susc_niv": "Medio", "canalC_niv": null, "exposicion_niv": "Medio" }, "geometry": { "type": "Point", "coordinates": [ -76.93663, -12.21685 ] } },
{ "type": "Feature", "properties": { "entity_id": "32822", "entity_type": "salud", "Nombre del establecimiento": "CONSULTORIOS ODONTOLOGICOS MI SONRISA", "Clasificación": null, "Tipo": "ESTABLECIMIENTO DE SALUD SIN INTERNAMIENTO", "Categoria": "I-1", "Estado": "ACTIVO", "CAMAS": 0.0, "fecha_info": "2026-03-09T00:00:00", "sububigeo": "15014200", "UBIGEO": "150142", "DISTRITO": "VILLA EL SALVADOR", "PROVINCIA": "LIMA", "DEPARTAMEN": "LIMA", "Zonas": "Todas Zonas", "tipo_influencia": "Directa", "abreviatura": "VES", "min_distance_m": null, "susc_inund_niv": "Medio", "susc_mmasa_niv": null, "susc_niv": "Medio", "canalC_niv": null, "exposicion_niv": "Medio" }, "geometry": { "type": "Point", "coordinates": [ -76.9394594, -12.2270893 ] } },
{ "type": "Feature", "properties": { "entity_id": "27750", "entity_type": "salud", "Nombre del establecimiento": "VITALDENT", "Clasificación": "CENTRO ODONTOLOGICO", "Tipo": "ESTABLECIMIENTO DE SALUD SIN INTERNAMIENTO", "Categoria": "I-1", "Estado": "BAJA DEFINITIVA", "CAMAS": 0.0, "fecha_info": "2026-03-09T00:00:00", "sububigeo": "15013300", "UBIGEO": "150133", "DISTRITO": "SAN JUAN DE MIRAFLORES", "PROVINCIA": "LIMA", "DEPARTAMEN": "LIMA", "Zonas": "Todas Zonas", "tipo_influencia": "Indirecta", "abreviatura": "SJM", "min_distance_m": 1463.2522892193483, "susc_inund_niv": "Medio", "susc_mmasa_niv": null, "susc_niv": "Medio", "canalC_niv": "Muy alto", "exposicion_niv": "Muy alto" }, "geometry": { "type": "Point", "coordinates": [ -76.96912252, -12.16378297 ] } },
{ "type": "Feature", "properties": { "entity_id": "28598", "entity_type": "salud", "Nombre del establecimiento": "Consultorio Odontológico Social Dentistry", "Clasificación": "CONSULTORIOS MEDICOS Y DE OTROS PROFESIONALES DE LA SALUD", "Tipo": "ESTABLECIMIENTO DE SALUD SIN INTERNAMIENTO", "Categoria": "I-1", "Estado": "ACTIVO", "CAMAS": 0.0, "fecha_info": "2026-03-09T00:00:00", "sububigeo": "15013300", "UBIGEO": "150133", "DISTRITO": "SAN JUAN DE MIRAFLORES", "PROVINCIA": "LIMA", "DEPARTAMEN": "LIMA", "Zonas": "Todas Zonas", "tipo_influencia": "Indirecta", "abreviatura": "SJM", "min_distance_m": 261.3310369193, "susc_inund_niv": "Medio", "susc_mmasa_niv": null, "susc_niv": "Medio", "canalC_niv": "Muy alto", "exposicion_niv": "Muy alto" }, "geometry": { "type": "Point", "coordinates": [ -76.9581849, -12.16077990000001 ] } },
{ "type": "Feature", "properties": { "entity_id": "23887", "entity_type": "salud", "Nombre del establecimiento": "Medi Vida", "Clasificación": "POLICLINICOS", "Tipo": "ESTABLECIMIENTO DE SALUD SIN INTERNAMIENTO", "Categoria": "I-3", "Estado": "ACTIVO", "CAMAS": 0.0, "fecha_info": "2026-03-09T00:00:00", "sububigeo": "15014200", "UBIGEO": "150142", "DISTRITO": "VILLA EL SALVADOR", "PROVINCIA": "LIMA", "DEPARTAMEN": "LIMA", "Zonas": "Todas Zonas", "tipo_influencia": "Directa", "abreviatura": "VES", "min_distance_m": null, "susc_inund_niv": "Medio", "susc_mmasa_niv": null, "susc_niv": "Medio", "canalC_niv": null, "exposicion_niv": "Medio" }, "geometry": { "type": "Point", "coordinates": [ -76.93190015, -12.22422166 ] } },
{ "type": "Feature", "properties": { "entity_id": "27606", "entity_type": "salud", "Nombre del establecimiento": "CONSULTORIO DENTAL JSG RIVAS", "Clasificación": "CONSULTORIOS MEDICOS Y DE OTROS PROFESIONALES DE LA SALUD", "Tipo": "ESTABLECIMIENTO DE SALUD SIN INTERNAMIENTO", "Categoria": "I-1", "Estado": "ACTIVO", "CAMAS": 0.0, "fecha_info": "2026-03-09T00:00:00", "sububigeo": "15014200", "UBIGEO": "150142", "DISTRITO": "VILLA EL SALVADOR", "PROVINCIA": "LIMA", "DEPARTAMEN": "LIMA", "Zonas": "Todas Zonas", "tipo_influencia": "Directa", "abreviatura": "VES", "min_distance_m": 1964.7831563834161, "susc_inund_niv": "Medio", "susc_mmasa_niv": null, "susc_niv": "Medio", "canalC_niv": "Muy alto", "exposicion_niv": "Muy alto" }, "geometry": { "type": "Point", "coordinates": [ -76.9376964, -12.21182742 ] } },
{ "type": "Feature", "properties": { "entity_id": "25674", "entity_type": "salud", "Nombre del establecimiento": "consultorio de enfermeria", "Clasificación": "CONSULTORIOS MEDICOS Y DE OTROS PROFESIONALES DE LA SALUD", "Tipo": "ESTABLECIMIENTO DE SALUD SIN INTERNAMIENTO", "Categoria": "I-1", "Estado": "ACTIVO", "CAMAS": 0.0, "fecha_info": "2026-03-09T00:00:00", "sububigeo": "15012301", "UBIGEO": "150123", "DISTRITO": "PACHACAMAC", "PROVINCIA": "LIMA", "DEPARTAMEN": "LIMA", "Zonas": "Pachacamac histórico", "tipo_influencia": "Directa", "abreviatura": "PACH", "min_distance_m": 1529.4000916687726, "susc_inund_niv": "Medio", "susc_mmasa_niv": null, "susc_niv": "Medio", "canalC_niv": "Muy alto", "exposicion_niv": "Muy alto" }, "geometry": { "type": "Point", "coordinates": [ -76.86532247, -12.23117624 ] } },
{ "type": "Feature", "properties": { "entity_id": "30399", "entity_type": "salud", "Nombre del establecimiento": "CONSULTORIO  MEDGYN", "Clasificación": "CONSULTORIOS MEDICOS Y DE OTROS PROFESIONALES DE LA SALUD", "Tipo": "ESTABLECIMIENTO DE SALUD SIN INTERNAMIENTO", "Categoria": "I-2", "Estado": "ACTIVO", "CAMAS": 0.0, "fecha_info": "2026-03-09T00:00:00", "sububigeo": "15014305", "UBIGEO": "150143", "DISTRITO": "VILLA MARIA DEL TRIUNFO", "PROVINCIA": "LIMA", "DEPARTAMEN": "LIMA", "Zonas": "Villa María del Triunfo (Cercado)", "tipo_influencia": "Directa", "abreviatura": "VMT", "min_distance_m": 390.80244523635292, "susc_inund_niv": "Medio", "susc_mmasa_niv": null, "susc_niv": "Medio", "canalC_niv": "Muy alto", "exposicion_niv": "Muy alto" }, "geometry": { "type": "Point", "coordinates": [ -76.94553382, -12.16080649 ] } },
{ "type": "Feature", "properties": { "entity_id": "17440", "entity_type": "salud", "Nombre del establecimiento": "PUESTO DE SALUD JUAN CARLOS SOBERON", "Clasificación": "PUESTOS DE SALUD O POSTAS DE SALUD", "Tipo": "ESTABLECIMIENTO DE SALUD SIN INTERNAMIENTO", "Categoria": "I-2", "Estado": "ACTIVO", "CAMAS": 0.0, "fecha_info": "2026-03-09T00:00:00", "sububigeo": "15014304", "UBIGEO": "150143", "DISTRITO": "VILLA MARIA DEL TRIUNFO", "PROVINCIA": "LIMA", "DEPARTAMEN": "LIMA", "Zonas": "Nueva Esperanza", "tipo_influencia": "Directa", "abreviatura": "VMT", "min_distance_m": 1067.3690626691623, "susc_inund_niv": null, "susc_mmasa_niv": "Alto", "susc_niv": "Alto", "canalC_niv": "Muy alto", "exposicion_niv": "Muy alto" }, "geometry": { "type": "Point", "coordinates": [ -76.929749, -12.163089 ] } },
{ "type": "Feature", "properties": { "entity_id": "25245", "entity_type": "salud", "Nombre del establecimiento": "consultorio dental lilident", "Clasificación": "CONSULTORIOS MEDICOS Y DE OTROS PROFESIONALES DE LA SALUD", "Tipo": "ESTABLECIMIENTO DE SALUD SIN INTERNAMIENTO", "Categoria": "I-1", "Estado": "ACTIVO", "CAMAS": 0.0, "fecha_info": "2026-03-09T00:00:00", "sububigeo": "15014304", "UBIGEO": "150143", "DISTRITO": "VILLA MARIA DEL TRIUNFO", "PROVINCIA": "LIMA", "DEPARTAMEN": "LIMA", "Zonas": "Nueva Esperanza", "tipo_influencia": "Directa", "abreviatura": "VMT", "min_distance_m": 50.562653986279088, "susc_inund_niv": "Medio", "susc_mmasa_niv": null, "susc_niv": "Medio", "canalC_niv": "Muy alto", "exposicion_niv": "Muy alto" }, "geometry": { "type": "Point", "coordinates": [ -76.9387852, -12.17812034 ] } },
{ "type": "Feature", "properties": { "entity_id": "6103", "entity_type": "salud", "Nombre del establecimiento": "PUESTO DE SALUD PARQUES DE MANCHAY", "Clasificación": "PUESTOS DE SALUD O POSTAS DE SALUD", "Tipo": "ESTABLECIMIENTO DE SALUD SIN INTERNAMIENTO", "Categoria": "I-2", "Estado": "ACTIVO", "CAMAS": 0.0, "fecha_info": "2026-03-09T00:00:00", "sububigeo": "15012304", "UBIGEO": "150123", "DISTRITO": "PACHACAMAC", "PROVINCIA": "LIMA", "DEPARTAMEN": "LIMA", "Zonas": "Quebrada de Manchay", "tipo_influencia": "Directa", "abreviatura": "PACH", "min_distance_m": null, "susc_inund_niv": null, "susc_mmasa_niv": "Alto", "susc_niv": "Alto", "canalC_niv": null, "exposicion_niv": "Alto" }, "geometry": { "type": "Point", "coordinates": [ -76.8770521, -12.0849835 ] } },
{ "type": "Feature", "properties": { "entity_id": "6102", "entity_type": "salud", "Nombre del establecimiento": "PUESTO DE SALUD HUERTOS DE MANCHAY", "Clasificación": "PUESTOS DE SALUD O POSTAS DE SALUD", "Tipo": "ESTABLECIMIENTO DE SALUD SIN INTERNAMIENTO", "Categoria": "I-2", "Estado": "ACTIVO", "CAMAS": 0.0, "fecha_info": "2026-03-09T00:00:00", "sububigeo": "15012304", "UBIGEO": "150123", "DISTRITO": "PACHACAMAC", "PROVINCIA": "LIMA", "DEPARTAMEN": "LIMA", "Zonas": "Quebrada de Manchay", "tipo_influencia": "Directa", "abreviatura": "PACH", "min_distance_m": null, "susc_inund_niv": "Medio", "susc_mmasa_niv": "Alto", "susc_niv": "Alto", "canalC_niv": null, "exposicion_niv": "Alto" }, "geometry": { "type": "Point", "coordinates": [ -76.8701936, -12.1167928 ] } },
{ "type": "Feature", "properties": { "entity_id": "6136", "entity_type": "salud", "Nombre del establecimiento": "PUESTO DE SALUD FERNANDO LUYO SIERRA", "Clasificación": "PUESTOS DE SALUD O POSTAS DE SALUD", "Tipo": "ESTABLECIMIENTO DE SALUD SIN INTERNAMIENTO", "Categoria": "I-2", "Estado": "ACTIVO", "CAMAS": 0.0, "fecha_info": "2026-03-09T00:00:00", "sububigeo": "15014200", "UBIGEO": "150142", "DISTRITO": "VILLA EL SALVADOR", "PROVINCIA": "LIMA", "DEPARTAMEN": "LIMA", "Zonas": "Todas Zonas", "tipo_influencia": "Directa", "abreviatura": "VES", "min_distance_m": null, "susc_inund_niv": "Medio", "susc_mmasa_niv": null, "susc_niv": "Medio", "canalC_niv": null, "exposicion_niv": "Medio" }, "geometry": { "type": "Point", "coordinates": [ -76.9425767, -12.2289028 ] } },
{ "type": "Feature", "properties": { "entity_id": "6094", "entity_type": "salud", "Nombre del establecimiento": "PUESTO DE SALUD PAMPA GRANDE", "Clasificación": "PUESTOS DE SALUD O POSTAS DE SALUD", "Tipo": "ESTABLECIMIENTO DE SALUD SIN INTERNAMIENTO", "Categoria": "I-2", "Estado": "ACTIVO", "CAMAS": 0.0, "fecha_info": "2026-03-09T00:00:00", "sububigeo": "15011900", "UBIGEO": "150119", "DISTRITO": "LURIN", "PROVINCIA": "LIMA", "DEPARTAMEN": "LIMA", "Zonas": "Todas Zonas", "tipo_influencia": "Directa", "abreviatura": "LUR", "min_distance_m": 1430.1367506378319, "susc_inund_niv": "Alto", "susc_mmasa_niv": null, "susc_niv": "Alto", "canalC_niv": "Muy alto", "exposicion_niv": "Muy alto" }, "geometry": { "type": "Point", "coordinates": [ -76.870792, -12.239797 ] } },
{ "type": "Feature", "properties": { "entity_id": "6131", "entity_type": "salud", "Nombre del establecimiento": "PUESTO DE SALUD SAGRADA FAMILIA", "Clasificación": "PUESTOS DE SALUD O POSTAS DE SALUD", "Tipo": "ESTABLECIMIENTO DE SALUD SIN INTERNAMIENTO", "Categoria": "I-2", "Estado": "ACTIVO", "CAMAS": 0.0, "fecha_info": "2026-03-09T00:00:00", "sububigeo": "15014200", "UBIGEO": "150142", "DISTRITO": "VILLA EL SALVADOR", "PROVINCIA": "LIMA", "DEPARTAMEN": "LIMA", "Zonas": "Todas Zonas", "tipo_influencia": "Directa", "abreviatura": "VES", "min_distance_m": null, "susc_inund_niv": "Medio", "susc_mmasa_niv": null, "susc_niv": "Medio", "canalC_niv": null, "exposicion_niv": "Medio" }, "geometry": { "type": "Point", "coordinates": [ -76.9437139, -12.2091999 ] } },
{ "type": "Feature", "properties": { "entity_id": "6110", "entity_type": "salud", "Nombre del establecimiento": "PUESTO DE SALUD SAN FRANCISCO DE LA CRUZ", "Clasificación": "PUESTOS DE SALUD O POSTAS DE SALUD", "Tipo": "ESTABLECIMIENTO DE SALUD SIN INTERNAMIENTO", "Categoria": "I-2", "Estado": "ACTIVO", "CAMAS": 0.0, "fecha_info": "2026-03-09T00:00:00", "sububigeo": "15013300", "UBIGEO": "150133", "DISTRITO": "SAN JUAN DE MIRAFLORES", "PROVINCIA": "LIMA", "DEPARTAMEN": "LIMA", "Zonas": "Todas Zonas", "tipo_influencia": "Indirecta", "abreviatura": "SJM", "min_distance_m": 1185.866579038805, "susc_inund_niv": null, "susc_mmasa_niv": null, "susc_niv": null, "canalC_niv": "Muy alto", "exposicion_niv": "Muy alto" }, "geometry": { "type": "Point", "coordinates": [ -76.9633651, -12.1516414 ] } },
{ "type": "Feature", "properties": { "entity_id": "6121", "entity_type": "salud", "Nombre del establecimiento": "PUESTO DE SALUD SANTA URSULA", "Clasificación": "PUESTOS DE SALUD O POSTAS DE SALUD", "Tipo": "ESTABLECIMIENTO DE SALUD SIN INTERNAMIENTO", "Categoria": "I-2", "Estado": "ACTIVO", "CAMAS": 0.0, "fecha_info": "2026-03-09T00:00:00", "sububigeo": "15013300", "UBIGEO": "150133", "DISTRITO": "SAN JUAN DE MIRAFLORES", "PROVINCIA": "LIMA", "DEPARTAMEN": "LIMA", "Zonas": "Todas Zonas", "tipo_influencia": "Indirecta", "abreviatura": "SJM", "min_distance_m": 1838.9579479393565, "susc_inund_niv": "Medio", "susc_mmasa_niv": null, "susc_niv": "Medio", "canalC_niv": "Muy alto", "exposicion_niv": "Muy alto" }, "geometry": { "type": "Point", "coordinates": [ -76.9638798, -12.1809882 ] } },
{ "type": "Feature", "properties": { "entity_id": "6113", "entity_type": "salud", "Nombre del establecimiento": "PUESTO DE SALUD EL BRILLANTE", "Clasificación": "PUESTOS DE SALUD O POSTAS DE SALUD", "Tipo": "ESTABLECIMIENTO DE SALUD SIN INTERNAMIENTO", "Categoria": "I-2", "Estado": "ACTIVO", "CAMAS": 0.0, "fecha_info": "2026-03-09T00:00:00", "sububigeo": "15013300", "UBIGEO": "150133", "DISTRITO": "SAN JUAN DE MIRAFLORES", "PROVINCIA": "LIMA", "DEPARTAMEN": "LIMA", "Zonas": "Todas Zonas", "tipo_influencia": "Indirecta", "abreviatura": "SJM", "min_distance_m": 1867.8637171849696, "susc_inund_niv": "Medio", "susc_mmasa_niv": null, "susc_niv": "Medio", "canalC_niv": "Muy alto", "exposicion_niv": "Muy alto" }, "geometry": { "type": "Point", "coordinates": [ -76.9691391, -12.1480219 ] } },
{ "type": "Feature", "properties": { "entity_id": "29051", "entity_type": "salud", "Nombre del establecimiento": "ENDOSALUD", "Clasificación": "POLICLINICOS", "Tipo": "ESTABLECIMIENTO DE SALUD SIN INTERNAMIENTO", "Categoria": "I-3", "Estado": "ACTIVO", "CAMAS": 0.0, "fecha_info": "2026-03-09T00:00:00", "sububigeo": "15014200", "UBIGEO": "150142", "DISTRITO": "VILLA EL SALVADOR", "PROVINCIA": "LIMA", "DEPARTAMEN": "LIMA", "Zonas": "Todas Zonas", "tipo_influencia": "Directa", "abreviatura": "VES", "min_distance_m": null, "susc_inund_niv": "Medio", "susc_mmasa_niv": null, "susc_niv": "Medio", "canalC_niv": null, "exposicion_niv": "Medio" }, "geometry": { "type": "Point", "coordinates": [ -76.93837156, -12.22942016 ] } },
{ "type": "Feature", "properties": { "entity_id": "6124", "entity_type": "salud", "Nombre del establecimiento": "CENTRO MATERNO INFANTIL CESAR LOPEZ SILVA", "Clasificación": "CENTROS DE SALUD CON CAMAS DE INTERNAMIENTO", "Tipo": "ESTABLECIMIENTO DE SALUD CON INTERNAMIENTO", "Categoria": "I-4", "Estado": "ACTIVO", "CAMAS": 9.0, "fecha_info": "2026-03-09T00:00:00", "sububigeo": "15014200", "UBIGEO": "150142", "DISTRITO": "VILLA EL SALVADOR", "PROVINCIA": "LIMA", "DEPARTAMEN": "LIMA", "Zonas": "Todas Zonas", "tipo_influencia": "Directa", "abreviatura": "VES", "min_distance_m": 1719.9289177795208, "susc_inund_niv": "Medio", "susc_mmasa_niv": null, "susc_niv": "Medio", "canalC_niv": "Muy alto", "exposicion_niv": "Muy alto" }, "geometry": { "type": "Point", "coordinates": [ -76.923745, -12.2301776 ] } },
{ "type": "Feature", "properties": { "entity_id": "15544", "entity_type": "salud", "Nombre del establecimiento": "CENTRO DE ATENCION DEL ADULTO MAYOR TAYTA WASI", "Clasificación": "CENTROS DE SALUD O CENTROS MEDICOS", "Tipo": "ESTABLECIMIENTO DE SALUD SIN INTERNAMIENTO", "Categoria": "I-3", "Estado": "ACTIVO", "CAMAS": 0.0, "fecha_info": "2026-03-09T00:00:00", "sububigeo": "15014303", "UBIGEO": "150143", "DISTRITO": "VILLA MARIA DEL TRIUNFO", "PROVINCIA": "LIMA", "DEPARTAMEN": "LIMA", "Zonas": "Jose Carlos Mariategui", "tipo_influencia": "Directa", "abreviatura": "VMT", "min_distance_m": 637.27190582769663, "susc_inund_niv": "Medio", "susc_mmasa_niv": "Alto", "susc_niv": "Alto", "canalC_niv": "Muy alto", "exposicion_niv": "Muy alto" }, "geometry": { "type": "Point", "coordinates": [ -76.9497515, -12.1416948 ] } },
{ "type": "Feature", "properties": { "entity_id": "18470", "entity_type": "salud", "Nombre del establecimiento": "CREDIDENT ARB EIRL", "Clasificación": "CONSULTORIOS MEDICOS Y DE OTROS PROFESIONALES DE LA SALUD", "Tipo": "ESTABLECIMIENTO DE SALUD SIN INTERNAMIENTO", "Categoria": "I-1", "Estado": "ACTIVO", "CAMAS": 0.0, "fecha_info": "2026-03-09T00:00:00", "sububigeo": "15012301", "UBIGEO": "150123", "DISTRITO": "PACHACAMAC", "PROVINCIA": "LIMA", "DEPARTAMEN": "LIMA", "Zonas": "Pachacamac histórico", "tipo_influencia": "Directa", "abreviatura": "PACH", "min_distance_m": 1594.8338538030309, "susc_inund_niv": "Medio", "susc_mmasa_niv": null, "susc_niv": "Medio", "canalC_niv": "Muy alto", "exposicion_niv": "Muy alto" }, "geometry": { "type": "Point", "coordinates": [ -76.8538748, -12.2095337 ] } },
{ "type": "Feature", "properties": { "entity_id": "6157", "entity_type": "salud", "Nombre del establecimiento": "PUESTO DE SALUD BUENOS AIRES", "Clasificación": "PUESTOS DE SALUD O POSTAS DE SALUD", "Tipo": "ESTABLECIMIENTO DE SALUD SIN INTERNAMIENTO", "Categoria": "I-2", "Estado": "ACTIVO", "CAMAS": 0.0, "fecha_info": "2026-03-09T00:00:00", "sububigeo": "15014303", "UBIGEO": "150143", "DISTRITO": "VILLA MARIA DEL TRIUNFO", "PROVINCIA": "LIMA", "DEPARTAMEN": "LIMA", "Zonas": "Jose Carlos Mariategui", "tipo_influencia": "Directa", "abreviatura": "VMT", "min_distance_m": 551.58505683331089, "susc_inund_niv": null, "susc_mmasa_niv": "Alto", "susc_niv": "Alto", "canalC_niv": "Muy alto", "exposicion_niv": "Muy alto" }, "geometry": { "type": "Point", "coordinates": [ -76.9550396, -12.14776250000001 ] } },
{ "type": "Feature", "properties": { "entity_id": "25567", "entity_type": "salud", "Nombre del establecimiento": "CENTRO MEDICO ANDRE ZAMIRIA", "Clasificación": "CENTROS DE SALUD O CENTROS MEDICOS", "Tipo": "ESTABLECIMIENTO DE SALUD SIN INTERNAMIENTO", "Categoria": "I-3", "Estado": "CIERRE TEMPORAL DE OFICIO", "CAMAS": 0.0, "fecha_info": "2026-03-09T00:00:00", "sububigeo": "15011900", "UBIGEO": "150119", "DISTRITO": "LURIN", "PROVINCIA": "LIMA", "DEPARTAMEN": "LIMA", "Zonas": "Todas Zonas", "tipo_influencia": "Directa", "abreviatura": "LUR", "min_distance_m": null, "susc_inund_niv": null, "susc_mmasa_niv": null, "susc_niv": null, "canalC_niv": null, "exposicion_niv": null }, "geometry": { "type": "Point", "coordinates": [ -76.869672, -12.2746998 ] } },
{ "type": "Feature", "properties": { "entity_id": "6122", "entity_type": "salud", "Nombre del establecimiento": "CENTRO DE SALUD TRÉBOL AZUL", "Clasificación": "CENTROS DE SALUD O CENTROS MEDICOS", "Tipo": "ESTABLECIMIENTO DE SALUD SIN INTERNAMIENTO", "Categoria": "I-3", "Estado": "ACTIVO", "CAMAS": 0.0, "fecha_info": "2026-03-09T00:00:00", "sububigeo": "15013300", "UBIGEO": "150133", "DISTRITO": "SAN JUAN DE MIRAFLORES", "PROVINCIA": "LIMA", "DEPARTAMEN": "LIMA", "Zonas": "Todas Zonas", "tipo_influencia": "Indirecta", "abreviatura": "SJM", "min_distance_m": 1881.547577003055, "susc_inund_niv": "Medio", "susc_mmasa_niv": null, "susc_niv": "Medio", "canalC_niv": "Muy alto", "exposicion_niv": "Muy alto" }, "geometry": { "type": "Point", "coordinates": [ -76.9659123, -12.1775527 ] } },
{ "type": "Feature", "properties": { "entity_id": "16636", "entity_type": "salud", "Nombre del establecimiento": "CONSULTORIO MEDICO PEDIATRICO DR. MAX ARIAS RETES", "Clasificación": "CONSULTORIOS MEDICOS Y DE OTROS PROFESIONALES DE LA SALUD", "Tipo": "ESTABLECIMIENTO DE SALUD SIN INTERNAMIENTO", "Categoria": "I-2", "Estado": "ACTIVO", "CAMAS": 0.0, "fecha_info": "2026-03-09T00:00:00", "sububigeo": "15011900", "UBIGEO": "150119", "DISTRITO": "LURIN", "PROVINCIA": "LIMA", "DEPARTAMEN": "LIMA", "Zonas": "Todas Zonas", "tipo_influencia": "Directa", "abreviatura": "LUR", "min_distance_m": null, "susc_inund_niv": null, "susc_mmasa_niv": null, "susc_niv": null, "canalC_niv": null, "exposicion_niv": null }, "geometry": { "type": "Point", "coordinates": [ -76.87022048, -12.27566974 ] } },
{ "type": "Feature", "properties": { "entity_id": "28808", "entity_type": "salud", "Nombre del establecimiento": "SERVICIOS MEDICOS SIN FRONTERA CUBA", "Clasificación": "CONSULTORIOS MEDICOS Y DE OTROS PROFESIONALES DE LA SALUD", "Tipo": "ESTABLECIMIENTO DE SALUD SIN INTERNAMIENTO", "Categoria": "I-2", "Estado": "ACTIVO", "CAMAS": 0.0, "fecha_info": "2026-03-09T00:00:00", "sububigeo": "15014304", "UBIGEO": "150143", "DISTRITO": "VILLA MARIA DEL TRIUNFO", "PROVINCIA": "LIMA", "DEPARTAMEN": "LIMA", "Zonas": "Nueva Esperanza", "tipo_influencia": "Directa", "abreviatura": "VMT", "min_distance_m": 148.48044869744112, "susc_inund_niv": "Medio", "susc_mmasa_niv": null, "susc_niv": "Medio", "canalC_niv": "Muy alto", "exposicion_niv": "Muy alto" }, "geometry": { "type": "Point", "coordinates": [ -76.943573120000011, -12.17909314 ] } },
{ "type": "Feature", "properties": { "entity_id": "30420", "entity_type": "salud", "Nombre del establecimiento": "CONSULTORIO ODONTOLOGICO RO-DENT", "Clasificación": "CONSULTORIOS MEDICOS Y DE OTROS PROFESIONALES DE LA SALUD", "Tipo": "ESTABLECIMIENTO DE SALUD SIN INTERNAMIENTO", "Categoria": "I-1", "Estado": "ACTIVO", "CAMAS": 0.0, "fecha_info": "2026-03-09T00:00:00", "sububigeo": "15014200", "UBIGEO": "150142", "DISTRITO": "VILLA EL SALVADOR", "PROVINCIA": "LIMA", "DEPARTAMEN": "LIMA", "Zonas": "Todas Zonas", "tipo_influencia": "Directa", "abreviatura": "VES", "min_distance_m": null, "susc_inund_niv": "Medio", "susc_mmasa_niv": null, "susc_niv": "Medio", "canalC_niv": null, "exposicion_niv": "Medio" }, "geometry": { "type": "Point", "coordinates": [ -76.946312, -12.222707 ] } },
{ "type": "Feature", "properties": { "entity_id": "30387", "entity_type": "salud", "Nombre del establecimiento": "SODENTO", "Clasificación": "CONSULTORIOS MEDICOS Y DE OTROS PROFESIONALES DE LA SALUD", "Tipo": "ESTABLECIMIENTO DE SALUD SIN INTERNAMIENTO", "Categoria": "I-1", "Estado": "ACTIVO", "CAMAS": 0.0, "fecha_info": "2026-03-09T00:00:00", "sububigeo": "15014304", "UBIGEO": "150143", "DISTRITO": "VILLA MARIA DEL TRIUNFO", "PROVINCIA": "LIMA", "DEPARTAMEN": "LIMA", "Zonas": "Nueva Esperanza", "tipo_influencia": "Directa", "abreviatura": "VMT", "min_distance_m": 466.3524777365725, "susc_inund_niv": null, "susc_mmasa_niv": null, "susc_niv": null, "canalC_niv": "Muy alto", "exposicion_niv": "Muy alto" }, "geometry": { "type": "Point", "coordinates": [ -76.9201161, -12.1675125 ] } },
{ "type": "Feature", "properties": { "entity_id": "26990", "entity_type": "salud", "Nombre del establecimiento": "ODONTHOSMART", "Clasificación": "CENTRO ODONTOLOGICO", "Tipo": "ESTABLECIMIENTO DE SALUD SIN INTERNAMIENTO", "Categoria": "I-1", "Estado": "ACTIVO", "CAMAS": 0.0, "fecha_info": "2026-03-09T00:00:00", "sububigeo": "15013300", "UBIGEO": "150133", "DISTRITO": "SAN JUAN DE MIRAFLORES", "PROVINCIA": "LIMA", "DEPARTAMEN": "LIMA", "Zonas": "Todas Zonas", "tipo_influencia": "Indirecta", "abreviatura": "SJM", "min_distance_m": 499.07652290000192, "susc_inund_niv": "Medio", "susc_mmasa_niv": null, "susc_niv": "Medio", "canalC_niv": "Muy alto", "exposicion_niv": "Muy alto" }, "geometry": { "type": "Point", "coordinates": [ -76.9600362, -12.16338811 ] } },
{ "type": "Feature", "properties": { "entity_id": "26939", "entity_type": "salud", "Nombre del establecimiento": "VIGUDENT", "Clasificación": "CONSULTORIOS MEDICOS Y DE OTROS PROFESIONALES DE LA SALUD", "Tipo": "ESTABLECIMIENTO DE SALUD SIN INTERNAMIENTO", "Categoria": "I-1", "Estado": "ACTIVO", "CAMAS": 0.0, "fecha_info": "2026-03-09T00:00:00", "sububigeo": "15014200", "UBIGEO": "150142", "DISTRITO": "VILLA EL SALVADOR", "PROVINCIA": "LIMA", "DEPARTAMEN": "LIMA", "Zonas": "Todas Zonas", "tipo_influencia": "Directa", "abreviatura": "VES", "min_distance_m": null, "susc_inund_niv": "Medio", "susc_mmasa_niv": null, "susc_niv": "Medio", "canalC_niv": null, "exposicion_niv": "Medio" }, "geometry": { "type": "Point", "coordinates": [ -76.95277744, -12.204605680000011 ] } },
{ "type": "Feature", "properties": { "entity_id": "24704", "entity_type": "salud", "Nombre del establecimiento": "SAN JOSE - DIAGNÓSTICOS POR IMÁGENES EN ECOGRAFIA", "Clasificación": "DIAGNOSTICO POR IMAGENES", "Tipo": "SERVICIO MÉDICO DE APOYO", "Categoria": "Sin Categoría", "Estado": "ACTIVO", "CAMAS": 0.0, "fecha_info": "2026-03-09T00:00:00", "sububigeo": "15013300", "UBIGEO": "150133", "DISTRITO": "SAN JUAN DE MIRAFLORES", "PROVINCIA": "LIMA", "DEPARTAMEN": "LIMA", "Zonas": "Todas Zonas", "tipo_influencia": "Indirecta", "abreviatura": "SJM", "min_distance_m": 389.46455523491443, "susc_inund_niv": "Medio", "susc_mmasa_niv": null, "susc_niv": "Medio", "canalC_niv": "Muy alto", "exposicion_niv": "Muy alto" }, "geometry": { "type": "Point", "coordinates": [ -76.95890195, -12.1595702 ] } },
{ "type": "Feature", "properties": { "entity_id": "19582", "entity_type": "salud", "Nombre del establecimiento": "ISSAADENT", "Clasificación": "CENTRO ODONTOLOGICO", "Tipo": "ESTABLECIMIENTO DE SALUD SIN INTERNAMIENTO", "Categoria": "I-1", "Estado": "BAJA DEFINITIVA", "CAMAS": 0.0, "fecha_info": "2026-03-09T00:00:00", "sububigeo": "15013300", "UBIGEO": "150133", "DISTRITO": "SAN JUAN DE MIRAFLORES", "PROVINCIA": "LIMA", "DEPARTAMEN": "LIMA", "Zonas": "Todas Zonas", "tipo_influencia": "Indirecta", "abreviatura": "SJM", "min_distance_m": 1965.6093747172167, "susc_inund_niv": "Medio", "susc_mmasa_niv": "Alto", "susc_niv": "Alto", "canalC_niv": "Muy alto", "exposicion_niv": "Muy alto" }, "geometry": { "type": "Point", "coordinates": [ -76.96885831, -12.14458617 ] } },
{ "type": "Feature", "properties": { "entity_id": "29880", "entity_type": "salud", "Nombre del establecimiento": "CENTRO MEDICO SAN CARLOS", "Clasificación": "CENTROS DE SALUD O CENTROS MEDICOS", "Tipo": "ESTABLECIMIENTO DE SALUD SIN INTERNAMIENTO", "Categoria": "I-3", "Estado": "ACTIVO", "CAMAS": 0.0, "fecha_info": "2026-03-09T00:00:00", "sububigeo": "15011900", "UBIGEO": "150119", "DISTRITO": "LURIN", "PROVINCIA": "LIMA", "DEPARTAMEN": "LIMA", "Zonas": "Todas Zonas", "tipo_influencia": "Directa", "abreviatura": "LUR", "min_distance_m": null, "susc_inund_niv": null, "susc_mmasa_niv": null, "susc_niv": null, "canalC_niv": null, "exposicion_niv": null }, "geometry": { "type": "Point", "coordinates": [ -76.8697194, -12.2738659 ] } },
{ "type": "Feature", "properties": { "entity_id": "16983", "entity_type": "salud", "Nombre del establecimiento": "CONSULTORIO MEDICO SAN PABLO", "Clasificación": "CONSULTORIOS MEDICOS Y DE OTROS PROFESIONALES DE LA SALUD", "Tipo": "ESTABLECIMIENTO DE SALUD SIN INTERNAMIENTO", "Categoria": "I-2", "Estado": "ACTIVO", "CAMAS": 0.0, "fecha_info": "2026-03-09T00:00:00", "sububigeo": "15011900", "UBIGEO": "150119", "DISTRITO": "LURIN", "PROVINCIA": "LIMA", "DEPARTAMEN": "LIMA", "Zonas": "Todas Zonas", "tipo_influencia": "Directa", "abreviatura": "LUR", "min_distance_m": null, "susc_inund_niv": null, "susc_mmasa_niv": null, "susc_niv": null, "canalC_niv": null, "exposicion_niv": null }, "geometry": { "type": "Point", "coordinates": [ -76.8694247, -12.2744498 ] } },
{ "type": "Feature", "properties": { "entity_id": "20209", "entity_type": "salud", "Nombre del establecimiento": "SERVICIO MEDICO IBT HEMODIALISIS VMT", "Clasificación": "HEMODIALISIS", "Tipo": "SERVICIO MÉDICO DE APOYO", "Categoria": "Sin Categoría", "Estado": "ACTIVO", "CAMAS": 0.0, "fecha_info": "2026-03-09T00:00:00", "sububigeo": "15014304", "UBIGEO": "150143", "DISTRITO": "VILLA MARIA DEL TRIUNFO", "PROVINCIA": "LIMA", "DEPARTAMEN": "LIMA", "Zonas": "Nueva Esperanza", "tipo_influencia": "Directa", "abreviatura": "VMT", "min_distance_m": 126.94518149182925, "susc_inund_niv": "Medio", "susc_mmasa_niv": null, "susc_niv": "Medio", "canalC_niv": "Muy alto", "exposicion_niv": "Muy alto" }, "geometry": { "type": "Point", "coordinates": [ -76.940273, -12.1774727 ] } },
{ "type": "Feature", "properties": { "entity_id": "23635", "entity_type": "salud", "Nombre del establecimiento": "PUESTO DE SALUD DESIDERIO MOSCOSO CASTILLO", "Clasificación": "PUESTOS DE SALUD O POSTAS DE SALUD", "Tipo": "ESTABLECIMIENTO DE SALUD SIN INTERNAMIENTO", "Categoria": "I-2", "Estado": "ACTIVO", "CAMAS": 0.0, "fecha_info": "2026-03-09T00:00:00", "sububigeo": "15013300", "UBIGEO": "150133", "DISTRITO": "SAN JUAN DE MIRAFLORES", "PROVINCIA": "LIMA", "DEPARTAMEN": "LIMA", "Zonas": "Todas Zonas", "tipo_influencia": "Indirecta", "abreviatura": "SJM", "min_distance_m": 1411.9278395004435, "susc_inund_niv": null, "susc_mmasa_niv": "Alto", "susc_niv": "Alto", "canalC_niv": "Muy alto", "exposicion_niv": "Muy alto" }, "geometry": { "type": "Point", "coordinates": [ -76.9511306, -12.1245598 ] } },
{ "type": "Feature", "properties": { "entity_id": "26130", "entity_type": "salud", "Nombre del establecimiento": "IPSAMEN", "Clasificación": "CENTROS DE ATENCION DE SALUD PARA PERSONAS DEPENDIENTES DE SUSTANCIAS PSICOACTIVAS Y SUS RESPECTIVAS FAMILIAS (TIPO I)", "Tipo": "COMUNIDADES TERAPÉUTICAS", "Categoria": "Sin Categoría", "Estado": "CIERRE TEMPORAL DE OFICIO", "CAMAS": 0.0, "fecha_info": "2026-03-09T00:00:00", "sububigeo": "15012303", "UBIGEO": "150123", "DISTRITO": "PACHACAMAC", "PROVINCIA": "LIMA", "DEPARTAMEN": "LIMA", "Zonas": "Paul Poblet Lind", "tipo_influencia": "Directa", "abreviatura": "PACH", "min_distance_m": 805.81274141751419, "susc_inund_niv": "Medio", "susc_mmasa_niv": null, "susc_niv": "Medio", "canalC_niv": "Muy alto", "exposicion_niv": "Muy alto" }, "geometry": { "type": "Point", "coordinates": [ -76.8599399, -12.205536 ] } },
{ "type": "Feature", "properties": { "entity_id": "27238", "entity_type": "salud", "Nombre del establecimiento": "Odontolike Perú", "Clasificación": "CENTRO ODONTOLOGICO", "Tipo": "ESTABLECIMIENTO DE SALUD SIN INTERNAMIENTO", "Categoria": "I-1", "Estado": "ACTIVO", "CAMAS": 0.0, "fecha_info": "2026-03-09T00:00:00", "sububigeo": "15013300", "UBIGEO": "150133", "DISTRITO": "SAN JUAN DE MIRAFLORES", "PROVINCIA": "LIMA", "DEPARTAMEN": "LIMA", "Zonas": "Todas Zonas", "tipo_influencia": "Indirecta", "abreviatura": "SJM", "min_distance_m": 1923.3006300240447, "susc_inund_niv": null, "susc_mmasa_niv": null, "susc_niv": null, "canalC_niv": "Muy alto", "exposicion_niv": "Muy alto" }, "geometry": { "type": "Point", "coordinates": [ -76.9732614, -12.1583043 ] } },
{ "type": "Feature", "properties": { "entity_id": "26215", "entity_type": "salud", "Nombre del establecimiento": "TOMOMEDIC", "Clasificación": "DIAGNOSTICO POR IMAGENES", "Tipo": "SERVICIO MÉDICO DE APOYO", "Categoria": "Sin Categoría", "Estado": "ACTIVO", "CAMAS": 0.0, "fecha_info": "2026-03-09T00:00:00", "sububigeo": "15013300", "UBIGEO": "150133", "DISTRITO": "SAN JUAN DE MIRAFLORES", "PROVINCIA": "LIMA", "DEPARTAMEN": "LIMA", "Zonas": "Todas Zonas", "tipo_influencia": "Indirecta", "abreviatura": "SJM", "min_distance_m": 1045.7326865992045, "susc_inund_niv": "Medio", "susc_mmasa_niv": null, "susc_niv": "Medio", "canalC_niv": "Muy alto", "exposicion_niv": "Muy alto" }, "geometry": { "type": "Point", "coordinates": [ -76.9653446, -12.1631311 ] } },
{ "type": "Feature", "properties": { "entity_id": "25262", "entity_type": "salud", "Nombre del establecimiento": "NOVAODENT", "Clasificación": "CONSULTORIOS MEDICOS Y DE OTROS PROFESIONALES DE LA SALUD", "Tipo": "ESTABLECIMIENTO DE SALUD SIN INTERNAMIENTO", "Categoria": "I-1", "Estado": "ACTIVO", "CAMAS": 0.0, "fecha_info": "2026-03-09T00:00:00", "sububigeo": "15013300", "UBIGEO": "150133", "DISTRITO": "SAN JUAN DE MIRAFLORES", "PROVINCIA": "LIMA", "DEPARTAMEN": "LIMA", "Zonas": "Todas Zonas", "tipo_influencia": "Indirecta", "abreviatura": "SJM", "min_distance_m": null, "susc_inund_niv": null, "susc_mmasa_niv": null, "susc_niv": null, "canalC_niv": null, "exposicion_niv": null }, "geometry": { "type": "Point", "coordinates": [ -76.98483086, -12.15896713 ] } },
{ "type": "Feature", "properties": { "entity_id": "6120", "entity_type": "salud", "Nombre del establecimiento": "PUESTO DE SALUD PARAISO", "Clasificación": "PUESTOS DE SALUD O POSTAS DE SALUD", "Tipo": "ESTABLECIMIENTO DE SALUD SIN INTERNAMIENTO", "Categoria": "I-2", "Estado": "ACTIVO", "CAMAS": 0.0, "fecha_info": "2026-03-09T00:00:00", "sububigeo": "15013300", "UBIGEO": "150133", "DISTRITO": "SAN JUAN DE MIRAFLORES", "PROVINCIA": "LIMA", "DEPARTAMEN": "LIMA", "Zonas": "Todas Zonas", "tipo_influencia": "Indirecta", "abreviatura": "SJM", "min_distance_m": 1155.9949732898483, "susc_inund_niv": "Medio", "susc_mmasa_niv": null, "susc_niv": "Medio", "canalC_niv": "Muy alto", "exposicion_niv": "Muy alto" }, "geometry": { "type": "Point", "coordinates": [ -76.9574804, -12.1838934 ] } },
{ "type": "Feature", "properties": { "entity_id": "26210", "entity_type": "salud", "Nombre del establecimiento": "SERVICIOS MÉDICOS CORAZÓN DE JESÚS", "Clasificación": "CENTROS DE SALUD O CENTROS MEDICOS", "Tipo": "ESTABLECIMIENTO DE SALUD SIN INTERNAMIENTO", "Categoria": "I-3", "Estado": "ACTIVO", "CAMAS": 0.0, "fecha_info": "2026-03-09T00:00:00", "sububigeo": "15011900", "UBIGEO": "150119", "DISTRITO": "LURIN", "PROVINCIA": "LIMA", "DEPARTAMEN": "LIMA", "Zonas": "Todas Zonas", "tipo_influencia": "Directa", "abreviatura": "LUR", "min_distance_m": null, "susc_inund_niv": null, "susc_mmasa_niv": null, "susc_niv": null, "canalC_niv": null, "exposicion_niv": null }, "geometry": { "type": "Point", "coordinates": [ -76.8692991, -12.27423 ] } },
{ "type": "Feature", "properties": { "entity_id": "27716", "entity_type": "salud", "Nombre del establecimiento": "GINECONTROL", "Clasificación": "CONSULTORIOS MEDICOS Y DE OTROS PROFESIONALES DE LA SALUD", "Tipo": "ESTABLECIMIENTO DE SALUD SIN INTERNAMIENTO", "Categoria": "I-2", "Estado": "ACTIVO", "CAMAS": 0.0, "fecha_info": "2026-03-09T00:00:00", "sububigeo": "15013300", "UBIGEO": "150133", "DISTRITO": "SAN JUAN DE MIRAFLORES", "PROVINCIA": "LIMA", "DEPARTAMEN": "LIMA", "Zonas": "Todas Zonas", "tipo_influencia": "Indirecta", "abreviatura": "SJM", "min_distance_m": null, "susc_inund_niv": null, "susc_mmasa_niv": null, "susc_niv": null, "canalC_niv": null, "exposicion_niv": null }, "geometry": { "type": "Point", "coordinates": [ -76.9749439, -12.1643852 ] } },
{ "type": "Feature", "properties": { "entity_id": "6105", "entity_type": "salud", "Nombre del establecimiento": "CENTRO DE SALUD LEONOR SAAVEDRA", "Clasificación": "CENTROS DE SALUD O CENTROS MEDICOS", "Tipo": "ESTABLECIMIENTO DE SALUD SIN INTERNAMIENTO", "Categoria": "I-3", "Estado": "ACTIVO", "CAMAS": 0.0, "fecha_info": "2026-03-09T00:00:00", "sububigeo": "15013300", "UBIGEO": "150133", "DISTRITO": "SAN JUAN DE MIRAFLORES", "PROVINCIA": "LIMA", "DEPARTAMEN": "LIMA", "Zonas": "Todas Zonas", "tipo_influencia": "Indirecta", "abreviatura": "SJM", "min_distance_m": null, "susc_inund_niv": null, "susc_mmasa_niv": null, "susc_niv": null, "canalC_niv": null, "exposicion_niv": null }, "geometry": { "type": "Point", "coordinates": [ -76.9724131, -12.1535138 ] } },
{ "type": "Feature", "properties": { "entity_id": "25362", "entity_type": "salud", "Nombre del establecimiento": "BERNAL ADUVIRI ODONTOLOGOS", "Clasificación": "CONSULTORIOS MEDICOS Y DE OTROS PROFESIONALES DE LA SALUD", "Tipo": "ESTABLECIMIENTO DE SALUD SIN INTERNAMIENTO", "Categoria": "I-1", "Estado": "BAJA DEFINITIVA", "CAMAS": 0.0, "fecha_info": "2026-03-09T00:00:00", "sububigeo": "15014304", "UBIGEO": "150143", "DISTRITO": "VILLA MARIA DEL TRIUNFO", "PROVINCIA": "LIMA", "DEPARTAMEN": "LIMA", "Zonas": "Nueva Esperanza", "tipo_influencia": "Directa", "abreviatura": "VMT", "min_distance_m": 130.38201894344184, "susc_inund_niv": "Medio", "susc_mmasa_niv": null, "susc_niv": "Medio", "canalC_niv": "Muy alto", "exposicion_niv": "Muy alto" }, "geometry": { "type": "Point", "coordinates": [ -76.94204426, -12.18102281 ] } },
{ "type": "Feature", "properties": { "entity_id": "26282", "entity_type": "salud", "Nombre del establecimiento": "CENTRO DE SALUD MENTAL COMUNITARIO VILLA EL SALVADOR", "Clasificación": "CENTROS MEDICOS ESPECIALIZADOS", "Tipo": "ESTABLECIMIENTO DE SALUD SIN INTERNAMIENTO", "Categoria": "I-3", "Estado": "ACTIVO", "CAMAS": 0.0, "fecha_info": "2026-03-09T00:00:00", "sububigeo": "15014200", "UBIGEO": "150142", "DISTRITO": "VILLA EL SALVADOR", "PROVINCIA": "LIMA", "DEPARTAMEN": "LIMA", "Zonas": "Todas Zonas", "tipo_influencia": "Directa", "abreviatura": "VES", "min_distance_m": null, "susc_inund_niv": "Medio", "susc_mmasa_niv": null, "susc_niv": "Medio", "canalC_niv": null, "exposicion_niv": "Medio" }, "geometry": { "type": "Point", "coordinates": [ -76.9492093, -12.217878109999988 ] } },
{ "type": "Feature", "properties": { "entity_id": "24696", "entity_type": "salud", "Nombre del establecimiento": "POLICLINICO A & M SERVICIOS MEDICOS", "Clasificación": "CONSULTORIOS MEDICOS Y DE OTROS PROFESIONALES DE LA SALUD", "Tipo": "ESTABLECIMIENTO DE SALUD SIN INTERNAMIENTO", "Categoria": "I-2", "Estado": "BAJA DEFINITIVA", "CAMAS": 0.0, "fecha_info": "2026-03-09T00:00:00", "sububigeo": "15014200", "UBIGEO": "150142", "DISTRITO": "VILLA EL SALVADOR", "PROVINCIA": "LIMA", "DEPARTAMEN": "LIMA", "Zonas": "Todas Zonas", "tipo_influencia": "Directa", "abreviatura": "VES", "min_distance_m": 1903.1190943525044, "susc_inund_niv": "Medio", "susc_mmasa_niv": null, "susc_niv": "Medio", "canalC_niv": "Muy alto", "exposicion_niv": "Muy alto" }, "geometry": { "type": "Point", "coordinates": [ -76.9588685, -12.1953753 ] } },
{ "type": "Feature", "properties": { "entity_id": "25765", "entity_type": "salud", "Nombre del establecimiento": "DENTAL ODONTOFAMILY", "Clasificación": "CONSULTORIOS MEDICOS Y DE OTROS PROFESIONALES DE LA SALUD", "Tipo": "ESTABLECIMIENTO DE SALUD SIN INTERNAMIENTO", "Categoria": "I-1", "Estado": "ACTIVO", "CAMAS": 0.0, "fecha_info": "2026-03-09T00:00:00", "sububigeo": "15011900", "UBIGEO": "150119", "DISTRITO": "LURIN", "PROVINCIA": "LIMA", "DEPARTAMEN": "LIMA", "Zonas": "Todas Zonas", "tipo_influencia": "Directa", "abreviatura": "LUR", "min_distance_m": null, "susc_inund_niv": null, "susc_mmasa_niv": null, "susc_niv": null, "canalC_niv": null, "exposicion_niv": null }, "geometry": { "type": "Point", "coordinates": [ -76.87033909, -12.27508352 ] } },
{ "type": "Feature", "properties": { "entity_id": "25762", "entity_type": "salud", "Nombre del establecimiento": "Salud y Bienestar", "Clasificación": "CONSULTORIOS MEDICOS Y DE OTROS PROFESIONALES DE LA SALUD", "Tipo": "ESTABLECIMIENTO DE SALUD SIN INTERNAMIENTO", "Categoria": "I-2", "Estado": "ACTIVO", "CAMAS": 0.0, "fecha_info": "2026-03-09T00:00:00", "sububigeo": "15014304", "UBIGEO": "150143", "DISTRITO": "VILLA MARIA DEL TRIUNFO", "PROVINCIA": "LIMA", "DEPARTAMEN": "LIMA", "Zonas": "Nueva Esperanza", "tipo_influencia": "Directa", "abreviatura": "VMT", "min_distance_m": 61.914991017830701, "susc_inund_niv": "Medio", "susc_mmasa_niv": null, "susc_niv": "Medio", "canalC_niv": "Muy alto", "exposicion_niv": "Muy alto" }, "geometry": { "type": "Point", "coordinates": [ -76.93904824, -12.1773483 ] } },
{ "type": "Feature", "properties": { "entity_id": "16630", "entity_type": "salud", "Nombre del establecimiento": "PUESTO DE SALUD 12 DE JUNIO", "Clasificación": "PUESTOS DE SALUD O POSTAS DE SALUD", "Tipo": "ESTABLECIMIENTO DE SALUD SIN INTERNAMIENTO", "Categoria": "I-2", "Estado": "ACTIVO", "CAMAS": 0.0, "fecha_info": "2026-03-09T00:00:00", "sububigeo": "15014303", "UBIGEO": "150143", "DISTRITO": "VILLA MARIA DEL TRIUNFO", "PROVINCIA": "LIMA", "DEPARTAMEN": "LIMA", "Zonas": "Jose Carlos Mariategui", "tipo_influencia": "Directa", "abreviatura": "VMT", "min_distance_m": 591.36059094313441, "susc_inund_niv": null, "susc_mmasa_niv": "Alto", "susc_niv": "Alto", "canalC_niv": "Muy alto", "exposicion_niv": "Muy alto" }, "geometry": { "type": "Point", "coordinates": [ -76.94996, -12.1568 ] } },
{ "type": "Feature", "properties": { "entity_id": "29904", "entity_type": "salud", "Nombre del establecimiento": "POLICLINICO PARROQUIAL EL MILAGRO", "Clasificación": "POLICLINICOS", "Tipo": "ESTABLECIMIENTO DE SALUD SIN INTERNAMIENTO", "Categoria": "I-3", "Estado": "ACTIVO", "CAMAS": 0.0, "fecha_info": "2026-03-09T00:00:00", "sububigeo": "15014200", "UBIGEO": "150142", "DISTRITO": "VILLA EL SALVADOR", "PROVINCIA": "LIMA", "DEPARTAMEN": "LIMA", "Zonas": "Todas Zonas", "tipo_influencia": "Directa", "abreviatura": "VES", "min_distance_m": 1211.9252317152605, "susc_inund_niv": "Medio", "susc_mmasa_niv": null, "susc_niv": "Medio", "canalC_niv": "Muy alto", "exposicion_niv": "Muy alto" }, "geometry": { "type": "Point", "coordinates": [ -76.9168009, -12.2352053 ] } },
{ "type": "Feature", "properties": { "entity_id": "33800", "entity_type": "salud", "Nombre del establecimiento": "HUGO EDECIO CONTRERAS NIETO", "Clasificación": "CONSULTORIOS MEDICOS Y DE OTROS PROFESIONALES DE LA SALUD", "Tipo": "ESTABLECIMIENTO DE SALUD SIN INTERNAMIENTO", "Categoria": "I-2", "Estado": "ACTIVO", "CAMAS": 0.0, "fecha_info": "2026-03-09T00:00:00", "sububigeo": "15013300", "UBIGEO": "150133", "DISTRITO": "SAN JUAN DE MIRAFLORES", "PROVINCIA": "LIMA", "DEPARTAMEN": "LIMA", "Zonas": "Todas Zonas", "tipo_influencia": "Indirecta", "abreviatura": "SJM", "min_distance_m": 1647.8080436191683, "susc_inund_niv": "Medio", "susc_mmasa_niv": null, "susc_niv": "Medio", "canalC_niv": "Muy alto", "exposicion_niv": "Muy alto" }, "geometry": { "type": "Point", "coordinates": [ -76.9681093, -12.1702554 ] } },
{ "type": "Feature", "properties": { "entity_id": "33083", "entity_type": "salud", "Nombre del establecimiento": "OFTALMO MEDICAL CENTER", "Clasificación": "CONSULTORIOS MEDICOS Y DE OTROS PROFESIONALES DE LA SALUD", "Tipo": "ESTABLECIMIENTO DE SALUD SIN INTERNAMIENTO", "Categoria": "I-2", "Estado": "ACTIVO", "CAMAS": 0.0, "fecha_info": "2026-03-09T00:00:00", "sububigeo": "15013300", "UBIGEO": "150133", "DISTRITO": "SAN JUAN DE MIRAFLORES", "PROVINCIA": "LIMA", "DEPARTAMEN": "LIMA", "Zonas": "Todas Zonas", "tipo_influencia": "Indirecta", "abreviatura": "SJM", "min_distance_m": 415.73279876583558, "susc_inund_niv": "Medio", "susc_mmasa_niv": null, "susc_niv": "Medio", "canalC_niv": "Muy alto", "exposicion_niv": "Muy alto" }, "geometry": { "type": "Point", "coordinates": [ -76.95970125, -12.16167569 ] } },
{ "type": "Feature", "properties": { "entity_id": "32165", "entity_type": "salud", "Nombre del establecimiento": "CONSULTORIO MEDICO VIRGEN DE GUADALUPE", "Clasificación": "CONSULTORIOS MEDICOS Y DE OTROS PROFESIONALES DE LA SALUD", "Tipo": "ESTABLECIMIENTO DE SALUD SIN INTERNAMIENTO", "Categoria": "I-2", "Estado": "ACTIVO", "CAMAS": 0.0, "fecha_info": "2026-03-09T00:00:00", "sububigeo": "15014200", "UBIGEO": "150142", "DISTRITO": "VILLA EL SALVADOR", "PROVINCIA": "LIMA", "DEPARTAMEN": "LIMA", "Zonas": "Todas Zonas", "tipo_influencia": "Directa", "abreviatura": "VES", "min_distance_m": null, "susc_inund_niv": "Medio", "susc_mmasa_niv": null, "susc_niv": "Medio", "canalC_niv": null, "exposicion_niv": "Medio" }, "geometry": { "type": "Point", "coordinates": [ -76.93842226, -12.22108709 ] } },
{ "type": "Feature", "properties": { "entity_id": "33200", "entity_type": "salud", "Nombre del establecimiento": "SODENTO", "Clasificación": "CONSULTORIOS MEDICOS Y DE OTROS PROFESIONALES DE LA SALUD", "Tipo": "ESTABLECIMIENTO DE SALUD SIN INTERNAMIENTO", "Categoria": "I-1", "Estado": "ACTIVO", "CAMAS": 0.0, "fecha_info": "2026-03-09T00:00:00", "sububigeo": "15014303", "UBIGEO": "150143", "DISTRITO": "VILLA MARIA DEL TRIUNFO", "PROVINCIA": "LIMA", "DEPARTAMEN": "LIMA", "Zonas": "Jose Carlos Mariategui", "tipo_influencia": "Directa", "abreviatura": "VMT", "min_distance_m": 474.52100210299153, "susc_inund_niv": null, "susc_mmasa_niv": "Alto", "susc_niv": "Alto", "canalC_niv": "Muy alto", "exposicion_niv": "Muy alto" }, "geometry": { "type": "Point", "coordinates": [ -76.9551656, -12.1554432 ] } },
{ "type": "Feature", "properties": { "entity_id": "32653", "entity_type": "salud", "Nombre del establecimiento": "CONSULTORIO DENTAL SAN JOSE", "Clasificación": "CONSULTORIOS MEDICOS Y DE OTROS PROFESIONALES DE LA SALUD", "Tipo": "ESTABLECIMIENTO DE SALUD SIN INTERNAMIENTO", "Categoria": "I-1", "Estado": "ACTIVO", "CAMAS": 0.0, "fecha_info": "2026-03-09T00:00:00", "sububigeo": "15014200", "UBIGEO": "150142", "DISTRITO": "VILLA EL SALVADOR", "PROVINCIA": "LIMA", "DEPARTAMEN": "LIMA", "Zonas": "Todas Zonas", "tipo_influencia": "Directa", "abreviatura": "VES", "min_distance_m": 1514.9472842017424, "susc_inund_niv": "Medio", "susc_mmasa_niv": null, "susc_niv": "Medio", "canalC_niv": "Muy alto", "exposicion_niv": "Muy alto" }, "geometry": { "type": "Point", "coordinates": [ -76.92131618, -12.23256013 ] } },
{ "type": "Feature", "properties": { "entity_id": "35254", "entity_type": "salud", "Nombre del establecimiento": "CIEMA SALUD", "Clasificación": "CONSULTORIOS MEDICOS Y DE OTROS PROFESIONALES DE LA SALUD", "Tipo": "ESTABLECIMIENTO DE SALUD SIN INTERNAMIENTO", "Categoria": "I-2", "Estado": "ACTIVO", "CAMAS": 0.0, "fecha_info": "2026-03-09T00:00:00", "sububigeo": "15013300", "UBIGEO": "150133", "DISTRITO": "SAN JUAN DE MIRAFLORES", "PROVINCIA": "LIMA", "DEPARTAMEN": "LIMA", "Zonas": "Todas Zonas", "tipo_influencia": "Indirecta", "abreviatura": "SJM", "min_distance_m": 380.35277663265958, "susc_inund_niv": "Medio", "susc_mmasa_niv": null, "susc_niv": "Medio", "canalC_niv": "Muy alto", "exposicion_niv": "Muy alto" }, "geometry": { "type": "Point", "coordinates": [ -76.95925868, -12.16056133 ] } },
{ "type": "Feature", "properties": { "entity_id": "32901", "entity_type": "salud", "Nombre del establecimiento": "CONSULTORIO PSICOLOGICO \"CONECTANDO CORAZONES\"", "Clasificación": "CONSULTORIOS MEDICOS Y DE OTROS PROFESIONALES DE LA SALUD", "Tipo": "ESTABLECIMIENTO DE SALUD SIN INTERNAMIENTO", "Categoria": "I-1", "Estado": "ACTIVO", "CAMAS": 0.0, "fecha_info": "2026-03-09T00:00:00", "sububigeo": "15011900", "UBIGEO": "150119", "DISTRITO": "LURIN", "PROVINCIA": "LIMA", "DEPARTAMEN": "LIMA", "Zonas": "Todas Zonas", "tipo_influencia": "Directa", "abreviatura": "LUR", "min_distance_m": null, "susc_inund_niv": null, "susc_mmasa_niv": null, "susc_niv": null, "canalC_niv": null, "exposicion_niv": null }, "geometry": { "type": "Point", "coordinates": [ -76.8686489, -12.2731311 ] } },
{ "type": "Feature", "properties": { "entity_id": "7278", "entity_type": "salud", "Nombre del establecimiento": "CENTRO DE SALUD HEROES DEL CENEPA", "Clasificación": "CENTROS DE SALUD O CENTROS MEDICOS", "Tipo": "ESTABLECIMIENTO DE SALUD SIN INTERNAMIENTO", "Categoria": "I-3", "Estado": "ACTIVO", "CAMAS": 0.0, "fecha_info": "2026-03-09T00:00:00", "sububigeo": "15014200", "UBIGEO": "150142", "DISTRITO": "VILLA EL SALVADOR", "PROVINCIA": "LIMA", "DEPARTAMEN": "LIMA", "Zonas": "Todas Zonas", "tipo_influencia": "Directa", "abreviatura": "VES", "min_distance_m": null, "susc_inund_niv": "Medio", "susc_mmasa_niv": null, "susc_niv": "Medio", "canalC_niv": null, "exposicion_niv": "Medio" }, "geometry": { "type": "Point", "coordinates": [ -76.9306076, -12.2486993 ] } },
{ "type": "Feature", "properties": { "entity_id": "18980", "entity_type": "salud", "Nombre del establecimiento": "POLICLINICO LOS ANGELES & MEDICAL CHARITY S.A.", "Clasificación": "POLICLINICOS", "Tipo": "ESTABLECIMIENTO DE SALUD SIN INTERNAMIENTO", "Categoria": "I-3", "Estado": "CIERRE TEMPORAL DE OFICIO", "CAMAS": 0.0, "fecha_info": "2026-03-09T00:00:00", "sububigeo": "15014200", "UBIGEO": "150142", "DISTRITO": "VILLA EL SALVADOR", "PROVINCIA": "LIMA", "DEPARTAMEN": "LIMA", "Zonas": "Todas Zonas", "tipo_influencia": "Directa", "abreviatura": "VES", "min_distance_m": 1558.3808260005919, "susc_inund_niv": "Medio", "susc_mmasa_niv": null, "susc_niv": "Medio", "canalC_niv": "Muy alto", "exposicion_niv": "Muy alto" }, "geometry": { "type": "Point", "coordinates": [ -76.94643773, -12.19821091 ] } },
{ "type": "Feature", "properties": { "entity_id": "6133", "entity_type": "salud", "Nombre del establecimiento": "CENTRO MATERNO INFANTIL JUAN PABLO II", "Clasificación": "CENTROS DE SALUD CON CAMAS DE INTERNAMIENTO", "Tipo": "ESTABLECIMIENTO DE SALUD CON INTERNAMIENTO", "Categoria": "I-4", "Estado": "ACTIVO", "CAMAS": 9.0, "fecha_info": "2026-03-09T00:00:00", "sububigeo": "15014200", "UBIGEO": "150142", "DISTRITO": "VILLA EL SALVADOR", "PROVINCIA": "LIMA", "DEPARTAMEN": "LIMA", "Zonas": "Todas Zonas", "tipo_influencia": "Directa", "abreviatura": "VES", "min_distance_m": null, "susc_inund_niv": "Medio", "susc_mmasa_niv": null, "susc_niv": "Medio", "canalC_niv": null, "exposicion_niv": "Medio" }, "geometry": { "type": "Point", "coordinates": [ -76.9452898, -12.2191614 ] } },
{ "type": "Feature", "properties": { "entity_id": "28595", "entity_type": "salud", "Nombre del establecimiento": "CONSULTORIO ODONTOLOGICO CESAR VALLEJO DEL DR. ANGELO RIMAY", "Clasificación": "CONSULTORIOS MEDICOS Y DE OTROS PROFESIONALES DE LA SALUD", "Tipo": "ESTABLECIMIENTO DE SALUD SIN INTERNAMIENTO", "Categoria": "I-1", "Estado": "ACTIVO", "CAMAS": 0.0, "fecha_info": "2026-03-09T00:00:00", "sububigeo": "15014200", "UBIGEO": "150142", "DISTRITO": "VILLA EL SALVADOR", "PROVINCIA": "LIMA", "DEPARTAMEN": "LIMA", "Zonas": "Todas Zonas", "tipo_influencia": "Directa", "abreviatura": "VES", "min_distance_m": null, "susc_inund_niv": "Medio", "susc_mmasa_niv": null, "susc_niv": "Medio", "canalC_niv": null, "exposicion_niv": "Medio" }, "geometry": { "type": "Point", "coordinates": [ -76.936352610000014, -12.21342963 ] } },
{ "type": "Feature", "properties": { "entity_id": "30385", "entity_type": "salud", "Nombre del establecimiento": "CONSULTORIO ODONTOLOGICO MGE DENTAL", "Clasificación": "CONSULTORIOS MEDICOS Y DE OTROS PROFESIONALES DE LA SALUD", "Tipo": "ESTABLECIMIENTO DE SALUD SIN INTERNAMIENTO", "Categoria": "I-1", "Estado": "ACTIVO", "CAMAS": 0.0, "fecha_info": "2026-03-09T00:00:00", "sububigeo": "15014304", "UBIGEO": "150143", "DISTRITO": "VILLA MARIA DEL TRIUNFO", "PROVINCIA": "LIMA", "DEPARTAMEN": "LIMA", "Zonas": "Nueva Esperanza", "tipo_influencia": "Directa", "abreviatura": "VMT", "min_distance_m": 544.47419136945712, "susc_inund_niv": null, "susc_mmasa_niv": null, "susc_niv": null, "canalC_niv": "Muy alto", "exposicion_niv": "Muy alto" }, "geometry": { "type": "Point", "coordinates": [ -76.9187761, -12.1682214 ] } },
{ "type": "Feature", "properties": { "entity_id": "30843", "entity_type": "salud", "Nombre del establecimiento": "CENTRO MEDICO MEDICAL HOPE", "Clasificación": "CENTROS DE SALUD O CENTROS MEDICOS", "Tipo": "ESTABLECIMIENTO DE SALUD SIN INTERNAMIENTO", "Categoria": "I-3", "Estado": "ACTIVO", "CAMAS": 0.0, "fecha_info": "2026-03-09T00:00:00", "sububigeo": "15014304", "UBIGEO": "150143", "DISTRITO": "VILLA MARIA DEL TRIUNFO", "PROVINCIA": "LIMA", "DEPARTAMEN": "LIMA", "Zonas": "Nueva Esperanza", "tipo_influencia": "Directa", "abreviatura": "VMT", "min_distance_m": 461.41760598821526, "susc_inund_niv": null, "susc_mmasa_niv": null, "susc_niv": null, "canalC_niv": "Muy alto", "exposicion_niv": "Muy alto" }, "geometry": { "type": "Point", "coordinates": [ -76.9271853, -12.1687055 ] } },
{ "type": "Feature", "properties": { "entity_id": "36738", "entity_type": "salud", "Nombre del establecimiento": "CONSULTORIO ODONTOLOGICO  ABC DENTAL", "Clasificación": "CONSULTORIOS MEDICOS Y DE OTROS PROFESIONALES DE LA SALUD", "Tipo": "ESTABLECIMIENTO DE SALUD SIN INTERNAMIENTO", "Categoria": "I-1", "Estado": "ACTIVO", "CAMAS": 0.0, "fecha_info": "2026-03-09T00:00:00", "sububigeo": "15011900", "UBIGEO": "150119", "DISTRITO": "LURIN", "PROVINCIA": "LIMA", "DEPARTAMEN": "LIMA", "Zonas": "Todas Zonas", "tipo_influencia": "Directa", "abreviatura": "LUR", "min_distance_m": null, "susc_inund_niv": null, "susc_mmasa_niv": null, "susc_niv": null, "canalC_niv": null, "exposicion_niv": null }, "geometry": { "type": "Point", "coordinates": [ -76.8700242, -12.275925900000011 ] } },
{ "type": "Feature", "properties": { "entity_id": "13315", "entity_type": "salud", "Nombre del establecimiento": "CENTER DENT", "Clasificación": "CONSULTORIOS MEDICOS Y DE OTROS PROFESIONALES DE LA SALUD", "Tipo": "ESTABLECIMIENTO DE SALUD SIN INTERNAMIENTO", "Categoria": "I-1", "Estado": "ACTIVO", "CAMAS": 0.0, "fecha_info": "2026-03-09T00:00:00", "sububigeo": "15014305", "UBIGEO": "150143", "DISTRITO": "VILLA MARIA DEL TRIUNFO", "PROVINCIA": "LIMA", "DEPARTAMEN": "LIMA", "Zonas": "Villa María del Triunfo (Cercado)", "tipo_influencia": "Directa", "abreviatura": "VMT", "min_distance_m": 183.51049352263448, "susc_inund_niv": "Medio", "susc_mmasa_niv": null, "susc_niv": "Medio", "canalC_niv": "Muy alto", "exposicion_niv": "Muy alto" }, "geometry": { "type": "Point", "coordinates": [ -76.9472076, -12.1651163 ] } },
{ "type": "Feature", "properties": { "entity_id": "18770", "entity_type": "salud", "Nombre del establecimiento": "CONSULTORIO MEDICO LOS ALAMOS", "Clasificación": "CONSULTORIOS MEDICOS Y DE OTROS PROFESIONALES DE LA SALUD", "Tipo": "ESTABLECIMIENTO DE SALUD SIN INTERNAMIENTO", "Categoria": "I-2", "Estado": "ACTIVO", "CAMAS": 0.0, "fecha_info": "2026-03-09T00:00:00", "sububigeo": "15014305", "UBIGEO": "150143", "DISTRITO": "VILLA MARIA DEL TRIUNFO", "PROVINCIA": "LIMA", "DEPARTAMEN": "LIMA", "Zonas": "Villa María del Triunfo (Cercado)", "tipo_influencia": "Directa", "abreviatura": "VMT", "min_distance_m": 1155.59896267729, "susc_inund_niv": null, "susc_mmasa_niv": "Alto", "susc_niv": "Alto", "canalC_niv": "Muy alto", "exposicion_niv": "Muy alto" }, "geometry": { "type": "Point", "coordinates": [ -76.9297354, -12.1590715 ] } },
{ "type": "Feature", "properties": { "entity_id": "29655", "entity_type": "salud", "Nombre del establecimiento": "CONSULTORIO OBSTETRICO SALUD DE LA MUJER Y FAMILIA", "Clasificación": "CONSULTORIOS MEDICOS Y DE OTROS PROFESIONALES DE LA SALUD", "Tipo": "ESTABLECIMIENTO DE SALUD SIN INTERNAMIENTO", "Categoria": "I-1", "Estado": "ACTIVO", "CAMAS": 0.0, "fecha_info": "2026-03-09T00:00:00", "sububigeo": "15011900", "UBIGEO": "150119", "DISTRITO": "LURIN", "PROVINCIA": "LIMA", "DEPARTAMEN": "LIMA", "Zonas": "Todas Zonas", "tipo_influencia": "Directa", "abreviatura": "LUR", "min_distance_m": 1051.9508683309068, "susc_inund_niv": "Medio", "susc_mmasa_niv": null, "susc_niv": "Medio", "canalC_niv": "Alto", "exposicion_niv": "Alto" }, "geometry": { "type": "Point", "coordinates": [ -76.884032, -12.2526278 ] } },
{ "type": "Feature", "properties": { "entity_id": "6082", "entity_type": "salud", "Nombre del establecimiento": "CENTRO DE SALUD VILLA ALEJANDRO", "Clasificación": "CENTROS DE SALUD O CENTROS MEDICOS", "Tipo": "ESTABLECIMIENTO DE SALUD SIN INTERNAMIENTO", "Categoria": "I-3", "Estado": "ACTIVO", "CAMAS": 0.0, "fecha_info": "2026-03-09T00:00:00", "sububigeo": "15011900", "UBIGEO": "150119", "DISTRITO": "LURIN", "PROVINCIA": "LIMA", "DEPARTAMEN": "LIMA", "Zonas": "Todas Zonas", "tipo_influencia": "Directa", "abreviatura": "LUR", "min_distance_m": 875.6656370843624, "susc_inund_niv": "Medio", "susc_mmasa_niv": null, "susc_niv": "Medio", "canalC_niv": "Muy alto", "exposicion_niv": "Muy alto" }, "geometry": { "type": "Point", "coordinates": [ -76.9098255, -12.2361611 ] } },
{ "type": "Feature", "properties": { "entity_id": "29866", "entity_type": "salud", "Nombre del establecimiento": "CONSULTORIO ODONTOLOGICO MATISDENT", "Clasificación": "CONSULTORIOS MEDICOS Y DE OTROS PROFESIONALES DE LA SALUD", "Tipo": "ESTABLECIMIENTO DE SALUD SIN INTERNAMIENTO", "Categoria": "I-1", "Estado": "ACTIVO", "CAMAS": 0.0, "fecha_info": "2026-03-09T00:00:00", "sububigeo": "15013300", "UBIGEO": "150133", "DISTRITO": "SAN JUAN DE MIRAFLORES", "PROVINCIA": "LIMA", "DEPARTAMEN": "LIMA", "Zonas": "Todas Zonas", "tipo_influencia": "Indirecta", "abreviatura": "SJM", "min_distance_m": 1366.3525920344778, "susc_inund_niv": "Medio", "susc_mmasa_niv": null, "susc_niv": "Medio", "canalC_niv": "Muy alto", "exposicion_niv": "Muy alto" }, "geometry": { "type": "Point", "coordinates": [ -76.9622195, -12.1742321 ] } },
{ "type": "Feature", "properties": { "entity_id": "13046", "entity_type": "salud", "Nombre del establecimiento": "CENTRO DE ESPECIALIDADES MEDICAS DEL SUR CEMSUR", "Clasificación": "CONSULTORIOS MEDICOS Y DE OTROS PROFESIONALES DE LA SALUD", "Tipo": "ESTABLECIMIENTO DE SALUD SIN INTERNAMIENTO", "Categoria": "I-3", "Estado": "BAJA DEFINITIVA", "CAMAS": 0.0, "fecha_info": "2026-03-09T00:00:00", "sububigeo": "15014200", "UBIGEO": "150142", "DISTRITO": "VILLA EL SALVADOR", "PROVINCIA": "LIMA", "DEPARTAMEN": "LIMA", "Zonas": "Todas Zonas", "tipo_influencia": "Directa", "abreviatura": "VES", "min_distance_m": null, "susc_inund_niv": "Medio", "susc_mmasa_niv": null, "susc_niv": "Medio", "canalC_niv": null, "exposicion_niv": "Medio" }, "geometry": { "type": "Point", "coordinates": [ -76.94985754, -12.20264671 ] } },
{ "type": "Feature", "properties": { "entity_id": "29651", "entity_type": "salud", "Nombre del establecimiento": "CONSULTORIO ODONTOLOGICO VIDAL", "Clasificación": "CONSULTORIOS MEDICOS Y DE OTROS PROFESIONALES DE LA SALUD", "Tipo": "ESTABLECIMIENTO DE SALUD SIN INTERNAMIENTO", "Categoria": "I-1", "Estado": "ACTIVO", "CAMAS": 0.0, "fecha_info": "2026-03-09T00:00:00", "sububigeo": "15013300", "UBIGEO": "150133", "DISTRITO": "SAN JUAN DE MIRAFLORES", "PROVINCIA": "LIMA", "DEPARTAMEN": "LIMA", "Zonas": "Todas Zonas", "tipo_influencia": "Indirecta", "abreviatura": "SJM", "min_distance_m": 418.36620362774545, "susc_inund_niv": "Medio", "susc_mmasa_niv": null, "susc_niv": "Medio", "canalC_niv": "Muy alto", "exposicion_niv": "Muy alto" }, "geometry": { "type": "Point", "coordinates": [ -76.95972002, -12.16175697 ] } },
{ "type": "Feature", "properties": { "entity_id": "29883", "entity_type": "salud", "Nombre del establecimiento": "MULTIDENT SAN JUAN DE MIRAFLORES", "Clasificación": "CONSULTORIOS MEDICOS Y DE OTROS PROFESIONALES DE LA SALUD", "Tipo": "ESTABLECIMIENTO DE SALUD SIN INTERNAMIENTO", "Categoria": "I-1", "Estado": "ACTIVO", "CAMAS": 0.0, "fecha_info": "2026-03-09T00:00:00", "sububigeo": "15013300", "UBIGEO": "150133", "DISTRITO": "SAN JUAN DE MIRAFLORES", "PROVINCIA": "LIMA", "DEPARTAMEN": "LIMA", "Zonas": "Todas Zonas", "tipo_influencia": "Indirecta", "abreviatura": "SJM", "min_distance_m": 1070.1864747775521, "susc_inund_niv": "Medio", "susc_mmasa_niv": null, "susc_niv": "Medio", "canalC_niv": "Muy alto", "exposicion_niv": "Muy alto" }, "geometry": { "type": "Point", "coordinates": [ -76.96562027, -12.16283651 ] } },
{ "type": "Feature", "properties": { "entity_id": "27883", "entity_type": "salud", "Nombre del establecimiento": "POLICLINICO IMAGEN MEDICA", "Clasificación": "POLICLINICOS", "Tipo": "ESTABLECIMIENTO DE SALUD SIN INTERNAMIENTO", "Categoria": "I-3", "Estado": "ACTIVO", "CAMAS": 0.0, "fecha_info": "2026-03-09T00:00:00", "sububigeo": "15014303", "UBIGEO": "150143", "DISTRITO": "VILLA MARIA DEL TRIUNFO", "PROVINCIA": "LIMA", "DEPARTAMEN": "LIMA", "Zonas": "Jose Carlos Mariategui", "tipo_influencia": "Directa", "abreviatura": "VMT", "min_distance_m": 1128.9843672455156, "susc_inund_niv": null, "susc_mmasa_niv": "Alto", "susc_niv": "Alto", "canalC_niv": "Muy alto", "exposicion_niv": "Muy alto" }, "geometry": { "type": "Point", "coordinates": [ -76.9379903, -12.1417827 ] } },
{ "type": "Feature", "properties": { "entity_id": "27143", "entity_type": "salud", "Nombre del establecimiento": "SERVICIOS MEDICOS VILLA EL MILAGRO 1 SAC", "Clasificación": "POLICLINICOS", "Tipo": "ESTABLECIMIENTO DE SALUD SIN INTERNAMIENTO", "Categoria": "I-3", "Estado": "CIERRE TEMPORAL DE OFICIO", "CAMAS": 0.0, "fecha_info": "2026-03-09T00:00:00", "sububigeo": "15014200", "UBIGEO": "150142", "DISTRITO": "VILLA EL SALVADOR", "PROVINCIA": "LIMA", "DEPARTAMEN": "LIMA", "Zonas": "Todas Zonas", "tipo_influencia": "Directa", "abreviatura": "VES", "min_distance_m": null, "susc_inund_niv": "Alto", "susc_mmasa_niv": null, "susc_niv": "Alto", "canalC_niv": null, "exposicion_niv": "Alto" }, "geometry": { "type": "Point", "coordinates": [ -76.95960469, -12.23657862 ] } },
{ "type": "Feature", "properties": { "entity_id": "15450", "entity_type": "salud", "Nombre del establecimiento": "CASA  DEL PUEBLO", "Clasificación": "CONSULTORIOS MEDICOS Y DE OTROS PROFESIONALES DE LA SALUD", "Tipo": "ESTABLECIMIENTO DE SALUD SIN INTERNAMIENTO", "Categoria": "I-1", "Estado": "ACTIVO", "CAMAS": 0.0, "fecha_info": "2026-03-09T00:00:00", "sububigeo": "15014305", "UBIGEO": "150143", "DISTRITO": "VILLA MARIA DEL TRIUNFO", "PROVINCIA": "LIMA", "DEPARTAMEN": "LIMA", "Zonas": "Villa María del Triunfo (Cercado)", "tipo_influencia": "Directa", "abreviatura": "VMT", "min_distance_m": 116.71417599117092, "susc_inund_niv": "Medio", "susc_mmasa_niv": null, "susc_niv": "Medio", "canalC_niv": "Muy alto", "exposicion_niv": "Muy alto" }, "geometry": { "type": "Point", "coordinates": [ -76.9459537, -12.1760218 ] } },
{ "type": "Feature", "properties": { "entity_id": "25978", "entity_type": "salud", "Nombre del establecimiento": "CONSULTORIO MEDICO SAN LUCAS", "Clasificación": "CONSULTORIOS MEDICOS Y DE OTROS PROFESIONALES DE LA SALUD", "Tipo": "ESTABLECIMIENTO DE SALUD SIN INTERNAMIENTO", "Categoria": "I-2", "Estado": "CIERRE TEMPORAL DE OFICIO", "CAMAS": 0.0, "fecha_info": "2026-03-09T00:00:00", "sububigeo": "15014200", "UBIGEO": "150142", "DISTRITO": "VILLA EL SALVADOR", "PROVINCIA": "LIMA", "DEPARTAMEN": "LIMA", "Zonas": "Todas Zonas", "tipo_influencia": "Directa", "abreviatura": "VES", "min_distance_m": 1972.9468131595277, "susc_inund_niv": "Medio", "susc_mmasa_niv": null, "susc_niv": "Medio", "canalC_niv": "Muy alto", "exposicion_niv": "Muy alto" }, "geometry": { "type": "Point", "coordinates": [ -76.93742952, -12.21198996 ] } },
{ "type": "Feature", "properties": { "entity_id": "30383", "entity_type": "salud", "Nombre del establecimiento": "RED MÉDICA PADRE PIO", "Clasificación": "POLICLINICOS", "Tipo": "ESTABLECIMIENTO DE SALUD SIN INTERNAMIENTO", "Categoria": "I-3", "Estado": "CIERRE TEMPORAL DE OFICIO", "CAMAS": 0.0, "fecha_info": "2026-03-09T00:00:00", "sububigeo": "15012304", "UBIGEO": "150123", "DISTRITO": "PACHACAMAC", "PROVINCIA": "LIMA", "DEPARTAMEN": "LIMA", "Zonas": "Quebrada de Manchay", "tipo_influencia": "Directa", "abreviatura": "PACH", "min_distance_m": null, "susc_inund_niv": "Medio", "susc_mmasa_niv": "Alto", "susc_niv": "Alto", "canalC_niv": null, "exposicion_niv": "Alto" }, "geometry": { "type": "Point", "coordinates": [ -76.8752689, -12.147757199999987 ] } },
{ "type": "Feature", "properties": { "entity_id": "16852", "entity_type": "salud", "Nombre del establecimiento": "PUESTO DE SALUD MARTHA MILAGROS BAJA", "Clasificación": "PUESTOS DE SALUD O POSTAS DE SALUD", "Tipo": "ESTABLECIMIENTO DE SALUD SIN INTERNAMIENTO", "Categoria": "I-2", "Estado": "ACTIVO", "CAMAS": 0.0, "fecha_info": "2026-03-09T00:00:00", "sububigeo": "15011900", "UBIGEO": "150119", "DISTRITO": "LURIN", "PROVINCIA": "LIMA", "DEPARTAMEN": "LIMA", "Zonas": "Todas Zonas", "tipo_influencia": "Directa", "abreviatura": "LUR", "min_distance_m": 745.12087060241072, "susc_inund_niv": "Medio", "susc_mmasa_niv": null, "susc_niv": "Medio", "canalC_niv": "Muy alto", "exposicion_niv": "Muy alto" }, "geometry": { "type": "Point", "coordinates": [ -76.903259, -12.233266 ] } },
{ "type": "Feature", "properties": { "entity_id": "24703", "entity_type": "salud", "Nombre del establecimiento": "TERAPIA FISICA SAN JUAN", "Clasificación": "REHABILITACION", "Tipo": "SERVICIO MÉDICO DE APOYO", "Categoria": "Sin Categoría", "Estado": "ACTIVO", "CAMAS": 0.0, "fecha_info": "2026-03-09T00:00:00", "sububigeo": "15013300", "UBIGEO": "150133", "DISTRITO": "SAN JUAN DE MIRAFLORES", "PROVINCIA": "LIMA", "DEPARTAMEN": "LIMA", "Zonas": "Todas Zonas", "tipo_influencia": "Indirecta", "abreviatura": "SJM", "min_distance_m": 429.25622847285427, "susc_inund_niv": "Medio", "susc_mmasa_niv": null, "susc_niv": "Medio", "canalC_niv": "Muy alto", "exposicion_niv": "Muy alto" }, "geometry": { "type": "Point", "coordinates": [ -76.95979244, -12.16092317 ] } },
{ "type": "Feature", "properties": { "entity_id": "29648", "entity_type": "salud", "Nombre del establecimiento": "GRUPO ARECORD INVERSIONES S.A.C", "Clasificación": "CONSULTORIOS MEDICOS Y DE OTROS PROFESIONALES DE LA SALUD", "Tipo": "ESTABLECIMIENTO DE SALUD SIN INTERNAMIENTO", "Categoria": "I-1", "Estado": "BAJA DEFINITIVA", "CAMAS": 0.0, "fecha_info": "2026-03-09T00:00:00", "sububigeo": "15011900", "UBIGEO": "150119", "DISTRITO": "LURIN", "PROVINCIA": "LIMA", "DEPARTAMEN": "LIMA", "Zonas": "Todas Zonas", "tipo_influencia": "Directa", "abreviatura": "LUR", "min_distance_m": null, "susc_inund_niv": null, "susc_mmasa_niv": null, "susc_niv": null, "canalC_niv": null, "exposicion_niv": null }, "geometry": { "type": "Point", "coordinates": [ -76.854098, -12.292314 ] } },
{ "type": "Feature", "properties": { "entity_id": "24380", "entity_type": "salud", "Nombre del establecimiento": "CONSULTORIO DENTAL MEDINA", "Clasificación": "CONSULTORIOS MEDICOS Y DE OTROS PROFESIONALES DE LA SALUD", "Tipo": "ESTABLECIMIENTO DE SALUD SIN INTERNAMIENTO", "Categoria": "I-1", "Estado": "ACTIVO", "CAMAS": 0.0, "fecha_info": "2026-03-09T00:00:00", "sububigeo": "15014307", "UBIGEO": "150143", "DISTRITO": "VILLA MARIA DEL TRIUNFO", "PROVINCIA": "LIMA", "DEPARTAMEN": "LIMA", "Zonas": "Villa Poeta José Gálvez", "tipo_influencia": "Directa", "abreviatura": "VMT", "min_distance_m": 242.00351993572986, "susc_inund_niv": "Medio", "susc_mmasa_niv": null, "susc_niv": "Medio", "canalC_niv": "Muy alto", "exposicion_niv": "Muy alto" }, "geometry": { "type": "Point", "coordinates": [ -76.906848, -12.215283 ] } },
{ "type": "Feature", "properties": { "entity_id": "29637", "entity_type": "salud", "Nombre del establecimiento": "POLICLINICO INSTANT MEDIC", "Clasificación": "POLICLINICOS", "Tipo": "ESTABLECIMIENTO DE SALUD SIN INTERNAMIENTO", "Categoria": "I-3", "Estado": "CIERRE TEMPORAL DE OFICIO", "CAMAS": 0.0, "fecha_info": "2026-03-09T00:00:00", "sububigeo": "15013300", "UBIGEO": "150133", "DISTRITO": "SAN JUAN DE MIRAFLORES", "PROVINCIA": "LIMA", "DEPARTAMEN": "LIMA", "Zonas": "Todas Zonas", "tipo_influencia": "Indirecta", "abreviatura": "SJM", "min_distance_m": null, "susc_inund_niv": null, "susc_mmasa_niv": null, "susc_niv": null, "canalC_niv": null, "exposicion_niv": null }, "geometry": { "type": "Point", "coordinates": [ -76.97777397, -12.16770362 ] } },
{ "type": "Feature", "properties": { "entity_id": "24617", "entity_type": "salud", "Nombre del establecimiento": "INVERSIONES MÚLTIPLES ALIAGA", "Clasificación": "POLICLINICOS", "Tipo": "ESTABLECIMIENTO DE SALUD SIN INTERNAMIENTO", "Categoria": "I-3", "Estado": "ACTIVO", "CAMAS": 0.0, "fecha_info": "2026-03-09T00:00:00", "sububigeo": "15014304", "UBIGEO": "150143", "DISTRITO": "VILLA MARIA DEL TRIUNFO", "PROVINCIA": "LIMA", "DEPARTAMEN": "LIMA", "Zonas": "Nueva Esperanza", "tipo_influencia": "Directa", "abreviatura": "VMT", "min_distance_m": 248.90941947909846, "susc_inund_niv": "Medio", "susc_mmasa_niv": null, "susc_niv": "Medio", "canalC_niv": "Muy alto", "exposicion_niv": "Muy alto" }, "geometry": { "type": "Point", "coordinates": [ -76.9416768, -12.18262999 ] } },
{ "type": "Feature", "properties": { "entity_id": "29649", "entity_type": "salud", "Nombre del establecimiento": "CONSULTORIO ODONTOLOGICO DENTINO E.I.R.L", "Clasificación": "CONSULTORIOS MEDICOS Y DE OTROS PROFESIONALES DE LA SALUD", "Tipo": "ESTABLECIMIENTO DE SALUD SIN INTERNAMIENTO", "Categoria": "I-1", "Estado": "ACTIVO", "CAMAS": 0.0, "fecha_info": "2026-03-09T00:00:00", "sububigeo": "15014200", "UBIGEO": "150142", "DISTRITO": "VILLA EL SALVADOR", "PROVINCIA": "LIMA", "DEPARTAMEN": "LIMA", "Zonas": "Todas Zonas", "tipo_influencia": "Directa", "abreviatura": "VES", "min_distance_m": null, "susc_inund_niv": "Medio", "susc_mmasa_niv": null, "susc_niv": "Medio", "canalC_niv": null, "exposicion_niv": "Medio" }, "geometry": { "type": "Point", "coordinates": [ -76.9356714, -12.2218547 ] } },
{ "type": "Feature", "properties": { "entity_id": "10513", "entity_type": "salud", "Nombre del establecimiento": "VIRGEN DEL ROSARIO", "Clasificación": "CONSULTORIOS MEDICOS Y DE OTROS PROFESIONALES DE LA SALUD", "Tipo": "ESTABLECIMIENTO DE SALUD SIN INTERNAMIENTO", "Categoria": "I-2", "Estado": "ACTIVO", "CAMAS": 0.0, "fecha_info": "2026-03-09T00:00:00", "sububigeo": "15011900", "UBIGEO": "150119", "DISTRITO": "LURIN", "PROVINCIA": "LIMA", "DEPARTAMEN": "LIMA", "Zonas": "Todas Zonas", "tipo_influencia": "Directa", "abreviatura": "LUR", "min_distance_m": null, "susc_inund_niv": null, "susc_mmasa_niv": null, "susc_niv": null, "canalC_niv": null, "exposicion_niv": null }, "geometry": { "type": "Point", "coordinates": [ -76.8694247, -12.2744498 ] } },
{ "type": "Feature", "properties": { "entity_id": "34079", "entity_type": "salud", "Nombre del establecimiento": "CENTRO DE SALUD MENTAL COMUNITARIO SAN PEDRO DE LURIN", "Clasificación": "CENTROS MEDICOS ESPECIALIZADOS", "Tipo": "ESTABLECIMIENTO DE SALUD SIN INTERNAMIENTO", "Categoria": "I-3", "Estado": "ACTIVO", "CAMAS": 0.0, "fecha_info": "2026-03-09T00:00:00", "sububigeo": "15011900", "UBIGEO": "150119", "DISTRITO": "LURIN", "PROVINCIA": "LIMA", "DEPARTAMEN": "LIMA", "Zonas": "Todas Zonas", "tipo_influencia": "Directa", "abreviatura": "LUR", "min_distance_m": null, "susc_inund_niv": null, "susc_mmasa_niv": null, "susc_niv": null, "canalC_niv": null, "exposicion_niv": null }, "geometry": { "type": "Point", "coordinates": [ -76.87129156, -12.27200166 ] } },
{ "type": "Feature", "properties": { "entity_id": "33085", "entity_type": "salud", "Nombre del establecimiento": "CONSULTORIO MEDIO DR. CONDORI", "Clasificación": "CONSULTORIOS MEDICOS Y DE OTROS PROFESIONALES DE LA SALUD", "Tipo": "ESTABLECIMIENTO DE SALUD SIN INTERNAMIENTO", "Categoria": "I-2", "Estado": "ACTIVO", "CAMAS": 0.0, "fecha_info": "2026-03-09T00:00:00", "sububigeo": "15014200", "UBIGEO": "150142", "DISTRITO": "VILLA EL SALVADOR", "PROVINCIA": "LIMA", "DEPARTAMEN": "LIMA", "Zonas": "Todas Zonas", "tipo_influencia": "Directa", "abreviatura": "VES", "min_distance_m": 1696.1150043181624, "susc_inund_niv": "Medio", "susc_mmasa_niv": null, "susc_niv": "Medio", "canalC_niv": "Muy alto", "exposicion_niv": "Muy alto" }, "geometry": { "type": "Point", "coordinates": [ -76.9530421, -12.1969166 ] } },
{ "type": "Feature", "properties": { "entity_id": "32091", "entity_type": "salud", "Nombre del establecimiento": "DM TERAPIA", "Clasificación": "CONSULTORIOS MEDICOS Y DE OTROS PROFESIONALES DE LA SALUD", "Tipo": "ESTABLECIMIENTO DE SALUD SIN INTERNAMIENTO", "Categoria": "I-1", "Estado": "ACTIVO", "CAMAS": 0.0, "fecha_info": "2026-03-09T00:00:00", "sububigeo": "15014200", "UBIGEO": "150142", "DISTRITO": "VILLA EL SALVADOR", "PROVINCIA": "LIMA", "DEPARTAMEN": "LIMA", "Zonas": "Todas Zonas", "tipo_influencia": "Directa", "abreviatura": "VES", "min_distance_m": null, "susc_inund_niv": "Medio", "susc_mmasa_niv": null, "susc_niv": "Medio", "canalC_niv": null, "exposicion_niv": "Medio" }, "geometry": { "type": "Point", "coordinates": [ -76.9347776, -12.2314161 ] } },
{ "type": "Feature", "properties": { "entity_id": "32382", "entity_type": "salud", "Nombre del establecimiento": "CONSULTORIO DE ATENCION EN SALUD VERMELL", "Clasificación": "CONSULTORIOS MEDICOS Y DE OTROS PROFESIONALES DE LA SALUD", "Tipo": "ESTABLECIMIENTO DE SALUD SIN INTERNAMIENTO", "Categoria": "I-2", "Estado": "ACTIVO", "CAMAS": 0.0, "fecha_info": "2026-03-09T00:00:00", "sububigeo": "15014200", "UBIGEO": "150142", "DISTRITO": "VILLA EL SALVADOR", "PROVINCIA": "LIMA", "DEPARTAMEN": "LIMA", "Zonas": "Todas Zonas", "tipo_influencia": "Directa", "abreviatura": "VES", "min_distance_m": 1471.7568283032547, "susc_inund_niv": "Medio", "susc_mmasa_niv": null, "susc_niv": "Medio", "canalC_niv": "Muy alto", "exposicion_niv": "Muy alto" }, "geometry": { "type": "Point", "coordinates": [ -76.95473157, -12.19367598 ] } },
{ "type": "Feature", "properties": { "entity_id": "30138", "entity_type": "salud", "Nombre del establecimiento": "ODONTO MEDICAL ABED", "Clasificación": "CONSULTORIOS MEDICOS Y DE OTROS PROFESIONALES DE LA SALUD", "Tipo": "ESTABLECIMIENTO DE SALUD SIN INTERNAMIENTO", "Categoria": "I-2", "Estado": "CIERRE TEMPORAL DE OFICIO", "CAMAS": 0.0, "fecha_info": "2026-03-09T00:00:00", "sububigeo": "15014305", "UBIGEO": "150143", "DISTRITO": "VILLA MARIA DEL TRIUNFO", "PROVINCIA": "LIMA", "DEPARTAMEN": "LIMA", "Zonas": "Villa María del Triunfo (Cercado)", "tipo_influencia": "Directa", "abreviatura": "VMT", "min_distance_m": 295.26500282277323, "susc_inund_niv": "Medio", "susc_mmasa_niv": null, "susc_niv": "Medio", "canalC_niv": "Muy alto", "exposicion_niv": "Muy alto" }, "geometry": { "type": "Point", "coordinates": [ -76.94567185, -12.16825232 ] } },
{ "type": "Feature", "properties": { "entity_id": "31149", "entity_type": "salud", "Nombre del establecimiento": "FISIOPROGRESS", "Clasificación": "MEDICINA FISICA,REHABILITACION,ATENCION DOMICILIARIA", "Tipo": "SERVICIO MÉDICO DE APOYO", "Categoria": "Sin Categoría", "Estado": "ACTIVO", "CAMAS": 0.0, "fecha_info": "2026-03-09T00:00:00", "sububigeo": "15014303", "UBIGEO": "150143", "DISTRITO": "VILLA MARIA DEL TRIUNFO", "PROVINCIA": "LIMA", "DEPARTAMEN": "LIMA", "Zonas": "Jose Carlos Mariategui", "tipo_influencia": "Directa", "abreviatura": "VMT", "min_distance_m": 451.92179779773409, "susc_inund_niv": null, "susc_mmasa_niv": "Alto", "susc_niv": "Alto", "canalC_niv": "Muy alto", "exposicion_niv": "Muy alto" }, "geometry": { "type": "Point", "coordinates": [ -76.9551371, -12.1574498 ] } },
{ "type": "Feature", "properties": { "entity_id": "31883", "entity_type": "salud", "Nombre del establecimiento": "CENTRO MEDICO BUENAVENTURA", "Clasificación": "CENTROS DE SALUD O CENTROS MEDICOS", "Tipo": "ESTABLECIMIENTO DE SALUD SIN INTERNAMIENTO", "Categoria": "I-3", "Estado": "ACTIVO", "CAMAS": 0.0, "fecha_info": "2026-03-09T00:00:00", "sububigeo": "15013300", "UBIGEO": "150133", "DISTRITO": "SAN JUAN DE MIRAFLORES", "PROVINCIA": "LIMA", "DEPARTAMEN": "LIMA", "Zonas": "Todas Zonas", "tipo_influencia": "Indirecta", "abreviatura": "SJM", "min_distance_m": 388.30118226842035, "susc_inund_niv": "Medio", "susc_mmasa_niv": null, "susc_niv": "Medio", "canalC_niv": "Muy alto", "exposicion_niv": "Muy alto" }, "geometry": { "type": "Point", "coordinates": [ -76.95895828, -12.15968033 ] } },
{ "type": "Feature", "properties": { "entity_id": "31661", "entity_type": "salud", "Nombre del establecimiento": "Consultorio Odontológico XUdent", "Clasificación": "CONSULTORIOS MEDICOS Y DE OTROS PROFESIONALES DE LA SALUD", "Tipo": "ESTABLECIMIENTO DE SALUD SIN INTERNAMIENTO", "Categoria": "I-1", "Estado": "BAJA DEFINITIVA", "CAMAS": 0.0, "fecha_info": "2026-03-09T00:00:00", "sububigeo": "15012304", "UBIGEO": "150123", "DISTRITO": "PACHACAMAC", "PROVINCIA": "LIMA", "DEPARTAMEN": "LIMA", "Zonas": "Quebrada de Manchay", "tipo_influencia": "Directa", "abreviatura": "PACH", "min_distance_m": null, "susc_inund_niv": "Medio", "susc_mmasa_niv": "Alto", "susc_niv": "Alto", "canalC_niv": null, "exposicion_niv": "Alto" }, "geometry": { "type": "Point", "coordinates": [ -76.87346868, -12.11261614 ] } },
{ "type": "Feature", "properties": { "entity_id": "30655", "entity_type": "salud", "Nombre del establecimiento": "CONSULTORIO ODONTOLOGICO CEDENTIST", "Clasificación": "CONSULTORIOS MEDICOS Y DE OTROS PROFESIONALES DE LA SALUD", "Tipo": "ESTABLECIMIENTO DE SALUD SIN INTERNAMIENTO", "Categoria": "I-1", "Estado": "ACTIVO", "CAMAS": 0.0, "fecha_info": "2026-03-09T00:00:00", "sububigeo": "15014303", "UBIGEO": "150143", "DISTRITO": "VILLA MARIA DEL TRIUNFO", "PROVINCIA": "LIMA", "DEPARTAMEN": "LIMA", "Zonas": "Jose Carlos Mariategui", "tipo_influencia": "Directa", "abreviatura": "VMT", "min_distance_m": 207.05124146299889, "susc_inund_niv": null, "susc_mmasa_niv": "Alto", "susc_niv": "Alto", "canalC_niv": "Muy alto", "exposicion_niv": "Muy alto" }, "geometry": { "type": "Point", "coordinates": [ -76.9516822, -12.1537638 ] } },
{ "type": "Feature", "properties": { "entity_id": "30675", "entity_type": "salud", "Nombre del establecimiento": "APM SALUD", "Clasificación": "ATENCION DOMICILIARIA", "Tipo": "SERVICIO MÉDICO DE APOYO", "Categoria": "Sin Categoría", "Estado": "CIERRE TEMPORAL DE OFICIO", "CAMAS": 0.0, "fecha_info": "2026-03-09T00:00:00", "sububigeo": "15014200", "UBIGEO": "150142", "DISTRITO": "VILLA EL SALVADOR", "PROVINCIA": "LIMA", "DEPARTAMEN": "LIMA", "Zonas": "Todas Zonas", "tipo_influencia": "Directa", "abreviatura": "VES", "min_distance_m": 1282.9369459740983, "susc_inund_niv": "Medio", "susc_mmasa_niv": null, "susc_niv": "Medio", "canalC_niv": "Muy alto", "exposicion_niv": "Muy alto" }, "geometry": { "type": "Point", "coordinates": [ -76.9389094, -12.20436798 ] } },
{ "type": "Feature", "properties": { "entity_id": "31126", "entity_type": "salud", "Nombre del establecimiento": "THANI DENT", "Clasificación": "CONSULTORIOS MEDICOS Y DE OTROS PROFESIONALES DE LA SALUD", "Tipo": "ESTABLECIMIENTO DE SALUD SIN INTERNAMIENTO", "Categoria": "I-1", "Estado": "ACTIVO", "CAMAS": 0.0, "fecha_info": "2026-03-09T00:00:00", "sububigeo": "15013300", "UBIGEO": "150133", "DISTRITO": "SAN JUAN DE MIRAFLORES", "PROVINCIA": "LIMA", "DEPARTAMEN": "LIMA", "Zonas": "Todas Zonas", "tipo_influencia": "Indirecta", "abreviatura": "SJM", "min_distance_m": 1813.9707807751788, "susc_inund_niv": "Medio", "susc_mmasa_niv": null, "susc_niv": "Medio", "canalC_niv": "Muy alto", "exposicion_niv": "Muy alto" }, "geometry": { "type": "Point", "coordinates": [ -76.9684804, -12.1474865 ] } },
{ "type": "Feature", "properties": { "entity_id": "28611", "entity_type": "salud", "Nombre del establecimiento": "INNATA SALUD FEMENINA", "Clasificación": "CONSULTORIOS MEDICOS Y DE OTROS PROFESIONALES DE LA SALUD", "Tipo": "ESTABLECIMIENTO DE SALUD SIN INTERNAMIENTO", "Categoria": "I-2", "Estado": "ACTIVO", "CAMAS": 0.0, "fecha_info": "2026-03-09T00:00:00", "sububigeo": "15013300", "UBIGEO": "150133", "DISTRITO": "SAN JUAN DE MIRAFLORES", "PROVINCIA": "LIMA", "DEPARTAMEN": "LIMA", "Zonas": "Todas Zonas", "tipo_influencia": "Indirecta", "abreviatura": "SJM", "min_distance_m": 466.75098189639527, "susc_inund_niv": null, "susc_mmasa_niv": null, "susc_niv": null, "canalC_niv": "Muy alto", "exposicion_niv": "Muy alto" }, "geometry": { "type": "Point", "coordinates": [ -76.95957572, -12.15931462 ] } },
{ "type": "Feature", "properties": { "entity_id": "25766", "entity_type": "salud", "Nombre del establecimiento": "Multident Lurin", "Clasificación": "CONSULTORIOS MEDICOS Y DE OTROS PROFESIONALES DE LA SALUD", "Tipo": "ESTABLECIMIENTO DE SALUD SIN INTERNAMIENTO", "Categoria": "I-1", "Estado": "CIERRE TEMPORAL DE OFICIO", "CAMAS": 0.0, "fecha_info": "2026-03-09T00:00:00", "sububigeo": "15011900", "UBIGEO": "150119", "DISTRITO": "LURIN", "PROVINCIA": "LIMA", "DEPARTAMEN": "LIMA", "Zonas": "Todas Zonas", "tipo_influencia": "Directa", "abreviatura": "LUR", "min_distance_m": 1051.9508683309068, "susc_inund_niv": "Medio", "susc_mmasa_niv": null, "susc_niv": "Medio", "canalC_niv": "Alto", "exposicion_niv": "Alto" }, "geometry": { "type": "Point", "coordinates": [ -76.884032, -12.2526278 ] } },
{ "type": "Feature", "properties": { "entity_id": "28438", "entity_type": "salud", "Nombre del establecimiento": "VIAMEDIC", "Clasificación": "POLICLINICOS", "Tipo": "ESTABLECIMIENTO DE SALUD SIN INTERNAMIENTO", "Categoria": "I-3", "Estado": "ACTIVO", "CAMAS": 0.0, "fecha_info": "2026-03-09T00:00:00", "sububigeo": "15013300", "UBIGEO": "150133", "DISTRITO": "SAN JUAN DE MIRAFLORES", "PROVINCIA": "LIMA", "DEPARTAMEN": "LIMA", "Zonas": "Todas Zonas", "tipo_influencia": "Indirecta", "abreviatura": "SJM", "min_distance_m": 516.56201524976962, "susc_inund_niv": null, "susc_mmasa_niv": null, "susc_niv": null, "canalC_niv": "Muy alto", "exposicion_niv": "Muy alto" }, "geometry": { "type": "Point", "coordinates": [ -76.959545680000019, -12.15849254 ] } },
{ "type": "Feature", "properties": { "entity_id": "30672", "entity_type": "salud", "Nombre del establecimiento": "DENTOSALUD", "Clasificación": "CONSULTORIOS MEDICOS Y DE OTROS PROFESIONALES DE LA SALUD", "Tipo": "ESTABLECIMIENTO DE SALUD SIN INTERNAMIENTO", "Categoria": "I-1", "Estado": "ACTIVO", "CAMAS": 0.0, "fecha_info": "2026-03-09T00:00:00", "sububigeo": "15014305", "UBIGEO": "150143", "DISTRITO": "VILLA MARIA DEL TRIUNFO", "PROVINCIA": "LIMA", "DEPARTAMEN": "LIMA", "Zonas": "Villa María del Triunfo (Cercado)", "tipo_influencia": "Directa", "abreviatura": "VMT", "min_distance_m": 92.150831697529568, "susc_inund_niv": "Medio", "susc_mmasa_niv": null, "susc_niv": "Medio", "canalC_niv": "Muy alto", "exposicion_niv": "Muy alto" }, "geometry": { "type": "Point", "coordinates": [ -76.948053, -12.1646419 ] } },
{ "type": "Feature", "properties": { "entity_id": "34616", "entity_type": "salud", "Nombre del establecimiento": "SOMOS VITALSALUD", "Clasificación": "CONSULTORIOS MEDICOS Y DE OTROS PROFESIONALES DE LA SALUD", "Tipo": "ESTABLECIMIENTO DE SALUD SIN INTERNAMIENTO", "Categoria": "I-2", "Estado": "ACTIVO", "CAMAS": 0.0, "fecha_info": "2026-03-09T00:00:00", "sububigeo": "15014200", "UBIGEO": "150142", "DISTRITO": "VILLA EL SALVADOR", "PROVINCIA": "LIMA", "DEPARTAMEN": "LIMA", "Zonas": "Todas Zonas", "tipo_influencia": "Directa", "abreviatura": "VES", "min_distance_m": null, "susc_inund_niv": "Medio", "susc_mmasa_niv": null, "susc_niv": "Medio", "canalC_niv": null, "exposicion_niv": "Medio" }, "geometry": { "type": "Point", "coordinates": [ -76.96715108, -12.19796186 ] } },
{ "type": "Feature", "properties": { "entity_id": "34239", "entity_type": "salud", "Nombre del establecimiento": "PSICOSALUD Y BIENESTAR", "Clasificación": "CONSULTORIOS MEDICOS Y DE OTROS PROFESIONALES DE LA SALUD", "Tipo": "ESTABLECIMIENTO DE SALUD SIN INTERNAMIENTO", "Categoria": "I-1", "Estado": "ACTIVO", "CAMAS": 0.0, "fecha_info": "2026-03-09T00:00:00", "sububigeo": "15014200", "UBIGEO": "150142", "DISTRITO": "VILLA EL SALVADOR", "PROVINCIA": "LIMA", "DEPARTAMEN": "LIMA", "Zonas": "Todas Zonas", "tipo_influencia": "Directa", "abreviatura": "VES", "min_distance_m": null, "susc_inund_niv": "Medio", "susc_mmasa_niv": null, "susc_niv": "Medio", "canalC_niv": null, "exposicion_niv": "Medio" }, "geometry": { "type": "Point", "coordinates": [ -76.9587943, -12.1968333 ] } },
{ "type": "Feature", "properties": { "entity_id": "34498", "entity_type": "salud", "Nombre del establecimiento": "ROE LABORATORIO", "Clasificación": "CENTROS DE VACUNACION", "Tipo": "SERVICIO MÉDICO DE APOYO", "Categoria": "Sin Categoría", "Estado": "ACTIVO", "CAMAS": 0.0, "fecha_info": "2026-03-09T00:00:00", "sububigeo": "15013300", "UBIGEO": "150133", "DISTRITO": "SAN JUAN DE MIRAFLORES", "PROVINCIA": "LIMA", "DEPARTAMEN": "LIMA", "Zonas": "Todas Zonas", "tipo_influencia": "Indirecta", "abreviatura": "SJM", "min_distance_m": 541.52327059005518, "susc_inund_niv": "Medio", "susc_mmasa_niv": null, "susc_niv": "Medio", "canalC_niv": "Muy alto", "exposicion_niv": "Muy alto" }, "geometry": { "type": "Point", "coordinates": [ -76.96033501, -12.16366082 ] } },
{ "type": "Feature", "properties": { "entity_id": "29660", "entity_type": "salud", "Nombre del establecimiento": "CENTRO VISUAL F&N", "Clasificación": "CENTROS OPTICOS", "Tipo": "SERVICIO MÉDICO DE APOYO", "Categoria": "Sin Categoría", "Estado": "ACTIVO", "CAMAS": 0.0, "fecha_info": "2026-03-09T00:00:00", "sububigeo": "15014200", "UBIGEO": "150142", "DISTRITO": "VILLA EL SALVADOR", "PROVINCIA": "LIMA", "DEPARTAMEN": "LIMA", "Zonas": "Todas Zonas", "tipo_influencia": "Directa", "abreviatura": "VES", "min_distance_m": null, "susc_inund_niv": "Medio", "susc_mmasa_niv": null, "susc_niv": "Medio", "canalC_niv": null, "exposicion_niv": "Medio" }, "geometry": { "type": "Point", "coordinates": [ -76.93229942, -12.2214308 ] } },
{ "type": "Feature", "properties": { "entity_id": "6161", "entity_type": "salud", "Nombre del establecimiento": "PUESTO DE SALUD TORRES DE MELGAR", "Clasificación": "PUESTOS DE SALUD O POSTAS DE SALUD", "Tipo": "ESTABLECIMIENTO DE SALUD SIN INTERNAMIENTO", "Categoria": "I-2", "Estado": "ACTIVO", "CAMAS": 0.0, "fecha_info": "2026-03-09T00:00:00", "sububigeo": "15014301", "UBIGEO": "150143", "DISTRITO": "VILLA MARIA DEL TRIUNFO", "PROVINCIA": "LIMA", "DEPARTAMEN": "LIMA", "Zonas": "Inca Pachacutec", "tipo_influencia": "Directa", "abreviatura": "VMT", "min_distance_m": 651.1310520719494, "susc_inund_niv": null, "susc_mmasa_niv": null, "susc_niv": null, "canalC_niv": "Muy alto", "exposicion_niv": "Muy alto" }, "geometry": { "type": "Point", "coordinates": [ -76.951232, -12.178746 ] } },
{ "type": "Feature", "properties": { "entity_id": "7716", "entity_type": "salud", "Nombre del establecimiento": "PUESTO DE SALUD SASBI", "Clasificación": "PUESTOS DE SALUD O POSTAS DE SALUD", "Tipo": "ESTABLECIMIENTO DE SALUD SIN INTERNAMIENTO", "Categoria": "I-2", "Estado": "ACTIVO", "CAMAS": 0.0, "fecha_info": "2026-03-09T00:00:00", "sububigeo": "15014200", "UBIGEO": "150142", "DISTRITO": "VILLA EL SALVADOR", "PROVINCIA": "LIMA", "DEPARTAMEN": "LIMA", "Zonas": "Todas Zonas", "tipo_influencia": "Directa", "abreviatura": "VES", "min_distance_m": null, "susc_inund_niv": "Medio", "susc_mmasa_niv": null, "susc_niv": "Medio", "canalC_niv": null, "exposicion_niv": "Medio" }, "geometry": { "type": "Point", "coordinates": [ -76.9544531, -12.2083922 ] } },
{ "type": "Feature", "properties": { "entity_id": "5987", "entity_type": "salud", "Nombre del establecimiento": "HOSPITAL MARIA AUXILIADORA", "Clasificación": "HOSPITALES O CLINICAS DE ATENCION GENERAL", "Tipo": "ESTABLECIMIENTO DE SALUD CON INTERNAMIENTO", "Categoria": "III-1", "Estado": "ACTIVO", "CAMAS": 411.0, "fecha_info": "2026-03-09T00:00:00", "sububigeo": "15013300", "UBIGEO": "150133", "DISTRITO": "SAN JUAN DE MIRAFLORES", "PROVINCIA": "LIMA", "DEPARTAMEN": "LIMA", "Zonas": "Todas Zonas", "tipo_influencia": "Indirecta", "abreviatura": "SJM", "min_distance_m": 363.5019448903717, "susc_inund_niv": "Medio", "susc_mmasa_niv": null, "susc_niv": "Medio", "canalC_niv": "Muy alto", "exposicion_niv": "Muy alto" }, "geometry": { "type": "Point", "coordinates": [ -76.9591024, -12.1605768 ] } },
{ "type": "Feature", "properties": { "entity_id": "29861", "entity_type": "salud", "Nombre del establecimiento": "HOGAR PROTEGIDO VILLA MARIA DEL TRIUNFO", "Clasificación": "HOGARES PROTEGIDOS", "Tipo": "SERVICIO MÉDICO DE APOYO", "Categoria": "Sin Categoría", "Estado": "BAJA DEFINITIVA", "CAMAS": 0.0, "fecha_info": "2026-03-09T00:00:00", "sububigeo": "15014305", "UBIGEO": "150143", "DISTRITO": "VILLA MARIA DEL TRIUNFO", "PROVINCIA": "LIMA", "DEPARTAMEN": "LIMA", "Zonas": "Villa María del Triunfo (Cercado)", "tipo_influencia": "Directa", "abreviatura": "VMT", "min_distance_m": 385.66861050062084, "susc_inund_niv": "Medio", "susc_mmasa_niv": null, "susc_niv": "Medio", "canalC_niv": "Muy alto", "exposicion_niv": "Muy alto" }, "geometry": { "type": "Point", "coordinates": [ -76.94761, -12.1674173 ] } },
{ "type": "Feature", "properties": { "entity_id": "29033", "entity_type": "salud", "Nombre del establecimiento": "DENTMEDIC", "Clasificación": "CONSULTORIOS MEDICOS Y DE OTROS PROFESIONALES DE LA SALUD", "Tipo": "ESTABLECIMIENTO DE SALUD SIN INTERNAMIENTO", "Categoria": "I-1", "Estado": "ACTIVO", "CAMAS": 0.0, "fecha_info": "2026-03-09T00:00:00", "sububigeo": "15013300", "UBIGEO": "150133", "DISTRITO": "SAN JUAN DE MIRAFLORES", "PROVINCIA": "LIMA", "DEPARTAMEN": "LIMA", "Zonas": "Todas Zonas", "tipo_influencia": "Indirecta", "abreviatura": "SJM", "min_distance_m": null, "susc_inund_niv": null, "susc_mmasa_niv": null, "susc_niv": null, "canalC_niv": null, "exposicion_niv": null }, "geometry": { "type": "Point", "coordinates": [ -76.97410337, -12.14164074 ] } },
{ "type": "Feature", "properties": { "entity_id": "28605", "entity_type": "salud", "Nombre del establecimiento": "POLICLINICO SAN GABRIEL  VMT", "Clasificación": "POLICLINICOS", "Tipo": "ESTABLECIMIENTO DE SALUD SIN INTERNAMIENTO", "Categoria": "I-3", "Estado": "ACTIVO", "CAMAS": 0.0, "fecha_info": "2026-03-09T00:00:00", "sububigeo": "15013300", "UBIGEO": "150133", "DISTRITO": "SAN JUAN DE MIRAFLORES", "PROVINCIA": "LIMA", "DEPARTAMEN": "LIMA", "Zonas": "Todas Zonas", "tipo_influencia": "Indirecta", "abreviatura": "SJM", "min_distance_m": 259.3543484605986, "susc_inund_niv": null, "susc_mmasa_niv": "Alto", "susc_niv": "Alto", "canalC_niv": "Muy alto", "exposicion_niv": "Muy alto" }, "geometry": { "type": "Point", "coordinates": [ -76.95683093, -12.15931429 ] } },
{ "type": "Feature", "properties": { "entity_id": "37377", "entity_type": "salud", "Nombre del establecimiento": "POLICLINICO TOSUR TORRES", "Clasificación": "POLICLINICOS", "Tipo": "ESTABLECIMIENTO DE SALUD SIN INTERNAMIENTO", "Categoria": "I-3", "Estado": "ACTIVO", "CAMAS": 0.0, "fecha_info": "2026-03-09T00:00:00", "sububigeo": "15013300", "UBIGEO": "150133", "DISTRITO": "SAN JUAN DE MIRAFLORES", "PROVINCIA": "LIMA", "DEPARTAMEN": "LIMA", "Zonas": "Todas Zonas", "tipo_influencia": "Indirecta", "abreviatura": "SJM", "min_distance_m": 1210.375171341612, "susc_inund_niv": null, "susc_mmasa_niv": null, "susc_niv": null, "canalC_niv": "Muy alto", "exposicion_niv": "Muy alto" }, "geometry": { "type": "Point", "coordinates": [ -76.9578235, -12.18069241 ] } },
{ "type": "Feature", "properties": { "entity_id": "35604", "entity_type": "salud", "Nombre del establecimiento": "C&S Consultorio Médico", "Clasificación": "CONSULTORIOS MEDICOS Y DE OTROS PROFESIONALES DE LA SALUD", "Tipo": "ESTABLECIMIENTO DE SALUD SIN INTERNAMIENTO", "Categoria": "I-2", "Estado": "ACTIVO", "CAMAS": 0.0, "fecha_info": "2026-03-09T00:00:00", "sububigeo": "15014305", "UBIGEO": "150143", "DISTRITO": "VILLA MARIA DEL TRIUNFO", "PROVINCIA": "LIMA", "DEPARTAMEN": "LIMA", "Zonas": "Villa María del Triunfo (Cercado)", "tipo_influencia": "Directa", "abreviatura": "VMT", "min_distance_m": 132.60967996795648, "susc_inund_niv": "Medio", "susc_mmasa_niv": null, "susc_niv": "Medio", "canalC_niv": "Muy alto", "exposicion_niv": "Muy alto" }, "geometry": { "type": "Point", "coordinates": [ -76.9446634, -12.1698454 ] } },
{ "type": "Feature", "properties": { "entity_id": "36131", "entity_type": "salud", "Nombre del establecimiento": "CENTROMEDIC", "Clasificación": "POLICLINICOS", "Tipo": "ESTABLECIMIENTO DE SALUD SIN INTERNAMIENTO", "Categoria": "I-3", "Estado": "ACTIVO", "CAMAS": 0.0, "fecha_info": "2026-03-09T00:00:00", "sububigeo": "15013300", "UBIGEO": "150133", "DISTRITO": "SAN JUAN DE MIRAFLORES", "PROVINCIA": "LIMA", "DEPARTAMEN": "LIMA", "Zonas": "Todas Zonas", "tipo_influencia": "Indirecta", "abreviatura": "SJM", "min_distance_m": null, "susc_inund_niv": null, "susc_mmasa_niv": null, "susc_niv": null, "canalC_niv": null, "exposicion_niv": null }, "geometry": { "type": "Point", "coordinates": [ -76.97517491, -12.15435231 ] } },
{ "type": "Feature", "properties": { "entity_id": "35483", "entity_type": "salud", "Nombre del establecimiento": "XUDENT", "Clasificación": "CONSULTORIOS MEDICOS Y DE OTROS PROFESIONALES DE LA SALUD", "Tipo": "ESTABLECIMIENTO DE SALUD SIN INTERNAMIENTO", "Categoria": "I-1", "Estado": "ACTIVO", "CAMAS": 0.0, "fecha_info": "2026-03-09T00:00:00", "sububigeo": "15012304", "UBIGEO": "150123", "DISTRITO": "PACHACAMAC", "PROVINCIA": "LIMA", "DEPARTAMEN": "LIMA", "Zonas": "Quebrada de Manchay", "tipo_influencia": "Directa", "abreviatura": "PACH", "min_distance_m": null, "susc_inund_niv": "Medio", "susc_mmasa_niv": "Alto", "susc_niv": "Alto", "canalC_niv": null, "exposicion_niv": "Alto" }, "geometry": { "type": "Point", "coordinates": [ -76.87344893, -12.1125247 ] } },
{ "type": "Feature", "properties": { "entity_id": "25361", "entity_type": "salud", "Nombre del establecimiento": "BUENAVENTURA SALUD - DIAGNOSTIC", "Clasificación": "DIAGNOSTICO POR IMAGENES", "Tipo": "SERVICIO MÉDICO DE APOYO", "Categoria": "Sin Categoría", "Estado": "ACTIVO", "CAMAS": 0.0, "fecha_info": "2026-03-09T00:00:00", "sububigeo": "15013300", "UBIGEO": "150133", "DISTRITO": "SAN JUAN DE MIRAFLORES", "PROVINCIA": "LIMA", "DEPARTAMEN": "LIMA", "Zonas": "Todas Zonas", "tipo_influencia": "Indirecta", "abreviatura": "SJM", "min_distance_m": 401.30751996726156, "susc_inund_niv": "Medio", "susc_mmasa_niv": null, "susc_niv": "Medio", "canalC_niv": "Muy alto", "exposicion_niv": "Muy alto" }, "geometry": { "type": "Point", "coordinates": [ -76.95906556, -12.159627890000012 ] } },
{ "type": "Feature", "properties": { "entity_id": "19414", "entity_type": "salud", "Nombre del establecimiento": "ANTHONYS MEDI-SPA", "Clasificación": "CONSULTORIOS MEDICOS Y DE OTROS PROFESIONALES DE LA SALUD", "Tipo": "ESTABLECIMIENTO DE SALUD SIN INTERNAMIENTO", "Categoria": "Sin Categoría", "Estado": "BAJA DEFINITIVA", "CAMAS": 0.0, "fecha_info": "2026-03-09T00:00:00", "sububigeo": "15013300", "UBIGEO": "150133", "DISTRITO": "SAN JUAN DE MIRAFLORES", "PROVINCIA": "LIMA", "DEPARTAMEN": "LIMA", "Zonas": "Todas Zonas", "tipo_influencia": "Indirecta", "abreviatura": "SJM", "min_distance_m": 1907.3596603196509, "susc_inund_niv": null, "susc_mmasa_niv": null, "susc_niv": null, "canalC_niv": "Muy alto", "exposicion_niv": "Muy alto" }, "geometry": { "type": "Point", "coordinates": [ -76.9732748, -12.1636046 ] } },
{ "type": "Feature", "properties": { "entity_id": "20995", "entity_type": "salud", "Nombre del establecimiento": "CREADENTS", "Clasificación": "CONSULTORIOS MEDICOS Y DE OTROS PROFESIONALES DE LA SALUD", "Tipo": "ESTABLECIMIENTO DE SALUD SIN INTERNAMIENTO", "Categoria": "I-1", "Estado": "ACTIVO", "CAMAS": 0.0, "fecha_info": "2026-03-09T00:00:00", "sububigeo": "15014306", "UBIGEO": "150143", "DISTRITO": "VILLA MARIA DEL TRIUNFO", "PROVINCIA": "LIMA", "DEPARTAMEN": "LIMA", "Zonas": "San Francisco de la Tablada de Lurin", "tipo_influencia": "Directa", "abreviatura": "VMT", "min_distance_m": 347.15982487260214, "susc_inund_niv": "Medio", "susc_mmasa_niv": null, "susc_niv": "Medio", "canalC_niv": "Muy alto", "exposicion_niv": "Muy alto" }, "geometry": { "type": "Point", "coordinates": [ -76.929054, -12.1895004 ] } },
{ "type": "Feature", "properties": { "entity_id": "24472", "entity_type": "salud", "Nombre del establecimiento": "CONSULTORIO DENTAL VARGAS", "Clasificación": "CONSULTORIOS MEDICOS Y DE OTROS PROFESIONALES DE LA SALUD", "Tipo": "ESTABLECIMIENTO DE SALUD SIN INTERNAMIENTO", "Categoria": "I-1", "Estado": "ACTIVO", "CAMAS": 0.0, "fecha_info": "2026-03-09T00:00:00", "sububigeo": "15014200", "UBIGEO": "150142", "DISTRITO": "VILLA EL SALVADOR", "PROVINCIA": "LIMA", "DEPARTAMEN": "LIMA", "Zonas": "Todas Zonas", "tipo_influencia": "Directa", "abreviatura": "VES", "min_distance_m": 1707.7254017203306, "susc_inund_niv": "Medio", "susc_mmasa_niv": null, "susc_niv": "Medio", "canalC_niv": "Muy alto", "exposicion_niv": "Muy alto" }, "geometry": { "type": "Point", "coordinates": [ -76.93953908, -12.20851118 ] } },
{ "type": "Feature", "properties": { "entity_id": "30418", "entity_type": "salud", "Nombre del establecimiento": "LABORATORIO CLINICO VILLACENTERSALUD E.I.R.L.", "Clasificación": "PATOLOGIA CLINICA", "Tipo": "SERVICIO MÉDICO DE APOYO", "Categoria": "Sin Categoría", "Estado": "ACTIVO", "CAMAS": 0.0, "fecha_info": "2026-03-09T00:00:00", "sububigeo": "15014200", "UBIGEO": "150142", "DISTRITO": "VILLA EL SALVADOR", "PROVINCIA": "LIMA", "DEPARTAMEN": "LIMA", "Zonas": "Todas Zonas", "tipo_influencia": "Directa", "abreviatura": "VES", "min_distance_m": 1714.1468742769039, "susc_inund_niv": "Medio", "susc_mmasa_niv": null, "susc_niv": "Medio", "canalC_niv": "Muy alto", "exposicion_niv": "Muy alto" }, "geometry": { "type": "Point", "coordinates": [ -76.9237516, -12.22953124 ] } },
{ "type": "Feature", "properties": { "entity_id": "9565", "entity_type": "salud", "Nombre del establecimiento": "PUESTO DE SALUD PARAISO ALTO", "Clasificación": "PUESTOS DE SALUD O POSTAS DE SALUD", "Tipo": "ESTABLECIMIENTO DE SALUD SIN INTERNAMIENTO", "Categoria": "I-2", "Estado": "ACTIVO", "CAMAS": 0.0, "fecha_info": "2026-03-09T00:00:00", "sububigeo": "15014303", "UBIGEO": "150143", "DISTRITO": "VILLA MARIA DEL TRIUNFO", "PROVINCIA": "LIMA", "DEPARTAMEN": "LIMA", "Zonas": "Jose Carlos Mariategui", "tipo_influencia": "Directa", "abreviatura": "VMT", "min_distance_m": null, "susc_inund_niv": null, "susc_mmasa_niv": "Alto", "susc_niv": "Alto", "canalC_niv": null, "exposicion_niv": "Alto" }, "geometry": { "type": "Point", "coordinates": [ -76.923656, -12.140445 ] } },
{ "type": "Feature", "properties": { "entity_id": "6123", "entity_type": "salud", "Nombre del establecimiento": "PUESTO DE SALUD HÉROES DEL PACIFICO", "Clasificación": "PUESTOS DE SALUD O POSTAS DE SALUD", "Tipo": "ESTABLECIMIENTO DE SALUD SIN INTERNAMIENTO", "Categoria": "I-2", "Estado": "ACTIVO", "CAMAS": 0.0, "fecha_info": "2026-03-09T00:00:00", "sububigeo": "15013300", "UBIGEO": "150133", "DISTRITO": "SAN JUAN DE MIRAFLORES", "PROVINCIA": "LIMA", "DEPARTAMEN": "LIMA", "Zonas": "Todas Zonas", "tipo_influencia": "Indirecta", "abreviatura": "SJM", "min_distance_m": 814.87266350981054, "susc_inund_niv": "Medio", "susc_mmasa_niv": null, "susc_niv": "Medio", "canalC_niv": "Muy alto", "exposicion_niv": "Muy alto" }, "geometry": { "type": "Point", "coordinates": [ -76.9572858, -12.1729488 ] } },
{ "type": "Feature", "properties": { "entity_id": "6156", "entity_type": "salud", "Nombre del establecimiento": "PUESTO DE SALUD VALLE BAJO", "Clasificación": "PUESTOS DE SALUD O POSTAS DE SALUD", "Tipo": "ESTABLECIMIENTO DE SALUD SIN INTERNAMIENTO", "Categoria": "I-2", "Estado": "ACTIVO", "CAMAS": 0.0, "fecha_info": "2026-03-09T00:00:00", "sububigeo": "15014303", "UBIGEO": "150143", "DISTRITO": "VILLA MARIA DEL TRIUNFO", "PROVINCIA": "LIMA", "DEPARTAMEN": "LIMA", "Zonas": "Jose Carlos Mariategui", "tipo_influencia": "Directa", "abreviatura": "VMT", "min_distance_m": 829.8545651813032, "susc_inund_niv": null, "susc_mmasa_niv": "Alto", "susc_niv": "Alto", "canalC_niv": "Muy alto", "exposicion_niv": "Muy alto" }, "geometry": { "type": "Point", "coordinates": [ -76.9428825, -12.1496926 ] } },
{ "type": "Feature", "properties": { "entity_id": "6152", "entity_type": "salud", "Nombre del establecimiento": "CENTRO MATERNO INFANTIL JOSE CARLOS MARIATEGUI", "Clasificación": "CENTROS DE SALUD CON CAMAS DE INTERNAMIENTO", "Tipo": "ESTABLECIMIENTO DE SALUD CON INTERNAMIENTO", "Categoria": "I-4", "Estado": "ACTIVO", "CAMAS": 13.0, "fecha_info": "2026-03-09T00:00:00", "sububigeo": "15014303", "UBIGEO": "150143", "DISTRITO": "VILLA MARIA DEL TRIUNFO", "PROVINCIA": "LIMA", "DEPARTAMEN": "LIMA", "Zonas": "Jose Carlos Mariategui", "tipo_influencia": "Directa", "abreviatura": "VMT", "min_distance_m": 534.9083708060956, "susc_inund_niv": "Medio", "susc_mmasa_niv": "Alto", "susc_niv": "Alto", "canalC_niv": "Muy alto", "exposicion_niv": "Muy alto" }, "geometry": { "type": "Point", "coordinates": [ -76.950802, -12.147521 ] } },
{ "type": "Feature", "properties": { "entity_id": "6150", "entity_type": "salud", "Nombre del establecimiento": "PUESTO DE SALUD SANTA ROSA LAS CONCHITAS", "Clasificación": "PUESTOS DE SALUD O POSTAS DE SALUD", "Tipo": "ESTABLECIMIENTO DE SALUD SIN INTERNAMIENTO", "Categoria": "I-2", "Estado": "BAJA PROVISIONAL", "CAMAS": 0.0, "fecha_info": "2026-03-09T00:00:00", "sububigeo": "15014302", "UBIGEO": "150143", "DISTRITO": "VILLA MARIA DEL TRIUNFO", "PROVINCIA": "LIMA", "DEPARTAMEN": "LIMA", "Zonas": "Nuevo Milenio", "tipo_influencia": "Directa", "abreviatura": "VMT", "min_distance_m": 1422.7924463767372, "susc_inund_niv": null, "susc_mmasa_niv": null, "susc_niv": null, "canalC_niv": "Muy alto", "exposicion_niv": "Muy alto" }, "geometry": { "type": "Point", "coordinates": [ -76.9256064, -12.2062001 ] } },
{ "type": "Feature", "properties": { "entity_id": "6149", "entity_type": "salud", "Nombre del establecimiento": "PUESTO DE SALUD DAVID GUERRERO DUARTE", "Clasificación": "PUESTOS DE SALUD O POSTAS DE SALUD", "Tipo": "ESTABLECIMIENTO DE SALUD SIN INTERNAMIENTO", "Categoria": "I-2", "Estado": "ACTIVO", "CAMAS": 0.0, "fecha_info": "2026-03-09T00:00:00", "sububigeo": "15014306", "UBIGEO": "150143", "DISTRITO": "VILLA MARIA DEL TRIUNFO", "PROVINCIA": "LIMA", "DEPARTAMEN": "LIMA", "Zonas": "San Francisco de la Tablada de Lurin", "tipo_influencia": "Directa", "abreviatura": "VMT", "min_distance_m": 498.68629084886533, "susc_inund_niv": "Medio", "susc_mmasa_niv": null, "susc_niv": "Medio", "canalC_niv": "Muy alto", "exposicion_niv": "Muy alto" }, "geometry": { "type": "Point", "coordinates": [ -76.9246642, -12.1843658 ] } },
{ "type": "Feature", "properties": { "entity_id": "6095", "entity_type": "salud", "Nombre del establecimiento": "PUESTO DE SALUD QUEBRADA VERDE", "Clasificación": "PUESTOS DE SALUD O POSTAS DE SALUD", "Tipo": "ESTABLECIMIENTO DE SALUD SIN INTERNAMIENTO", "Categoria": "I-2", "Estado": "ACTIVO", "CAMAS": 0.0, "fecha_info": "2026-03-09T00:00:00", "sububigeo": "15012301", "UBIGEO": "150123", "DISTRITO": "PACHACAMAC", "PROVINCIA": "LIMA", "DEPARTAMEN": "LIMA", "Zonas": "Pachacamac histórico", "tipo_influencia": "Directa", "abreviatura": "PACH", "min_distance_m": 678.54095124058722, "susc_inund_niv": null, "susc_mmasa_niv": null, "susc_niv": null, "canalC_niv": "Muy alto", "exposicion_niv": "Muy alto" }, "geometry": { "type": "Point", "coordinates": [ -76.8768251, -12.2103028 ] } },
{ "type": "Feature", "properties": { "entity_id": "6111", "entity_type": "salud", "Nombre del establecimiento": "12 DE NOVIEMBRE", "Clasificación": "PUESTOS DE SALUD O POSTAS DE SALUD", "Tipo": "ESTABLECIMIENTO DE SALUD SIN INTERNAMIENTO", "Categoria": "I-2", "Estado": "BAJA DEFINITIVA", "CAMAS": 0.0, "fecha_info": "2026-03-09T00:00:00", "sububigeo": "15013300", "UBIGEO": "150133", "DISTRITO": "SAN JUAN DE MIRAFLORES", "PROVINCIA": "LIMA", "DEPARTAMEN": "LIMA", "Zonas": "Todas Zonas", "tipo_influencia": "Indirecta", "abreviatura": "SJM", "min_distance_m": null, "susc_inund_niv": "Medio", "susc_mmasa_niv": "Alto", "susc_niv": "Alto", "canalC_niv": null, "exposicion_niv": "Alto" }, "geometry": { "type": "Point", "coordinates": [ -76.9681813, -12.1376162 ] } },
{ "type": "Feature", "properties": { "entity_id": "30402", "entity_type": "salud", "Nombre del establecimiento": "CERTIMEDIC SALUD", "Clasificación": "POLICLINICOS", "Tipo": "ESTABLECIMIENTO DE SALUD SIN INTERNAMIENTO", "Categoria": "I-3", "Estado": "ACTIVO", "CAMAS": 0.0, "fecha_info": "2026-03-09T00:00:00", "sububigeo": "15014301", "UBIGEO": "150143", "DISTRITO": "VILLA MARIA DEL TRIUNFO", "PROVINCIA": "LIMA", "DEPARTAMEN": "LIMA", "Zonas": "Inca Pachacutec", "tipo_influencia": "Directa", "abreviatura": "VMT", "min_distance_m": 94.774385055460542, "susc_inund_niv": "Medio", "susc_mmasa_niv": null, "susc_niv": "Medio", "canalC_niv": "Muy alto", "exposicion_niv": "Muy alto" }, "geometry": { "type": "Point", "coordinates": [ -76.94421741, -12.17988136 ] } },
{ "type": "Feature", "properties": { "entity_id": "25559", "entity_type": "salud", "Nombre del establecimiento": "COAR Consultorio Odontológico Arias", "Clasificación": "CONSULTORIOS MEDICOS Y DE OTROS PROFESIONALES DE LA SALUD", "Tipo": "ESTABLECIMIENTO DE SALUD SIN INTERNAMIENTO", "Categoria": "I-1", "Estado": "ACTIVO", "CAMAS": 0.0, "fecha_info": "2026-03-09T00:00:00", "sububigeo": "15013300", "UBIGEO": "150133", "DISTRITO": "SAN JUAN DE MIRAFLORES", "PROVINCIA": "LIMA", "DEPARTAMEN": "LIMA", "Zonas": "Todas Zonas", "tipo_influencia": "Indirecta", "abreviatura": "SJM", "min_distance_m": null, "susc_inund_niv": null, "susc_mmasa_niv": null, "susc_niv": null, "canalC_niv": null, "exposicion_niv": null }, "geometry": { "type": "Point", "coordinates": [ -76.98195688, -12.151727589999989 ] } },
{ "type": "Feature", "properties": { "entity_id": "21342", "entity_type": "salud", "Nombre del establecimiento": "CONSULTORIOS SOLIDARIOS OSTEOLIMA", "Clasificación": "CONSULTORIOS MEDICOS Y DE OTROS PROFESIONALES DE LA SALUD", "Tipo": "ESTABLECIMIENTO DE SALUD SIN INTERNAMIENTO", "Categoria": "I-2", "Estado": "ACTIVO", "CAMAS": 0.0, "fecha_info": "2026-03-09T00:00:00", "sububigeo": "15014200", "UBIGEO": "150142", "DISTRITO": "VILLA EL SALVADOR", "PROVINCIA": "LIMA", "DEPARTAMEN": "LIMA", "Zonas": "Todas Zonas", "tipo_influencia": "Directa", "abreviatura": "VES", "min_distance_m": 1738.8955627506318, "susc_inund_niv": "Medio", "susc_mmasa_niv": null, "susc_niv": "Medio", "canalC_niv": "Muy alto", "exposicion_niv": "Muy alto" }, "geometry": { "type": "Point", "coordinates": [ -76.9574217, -12.19466147 ] } },
{ "type": "Feature", "properties": { "entity_id": "24526", "entity_type": "salud", "Nombre del establecimiento": "DENTAL ESPINOZA", "Clasificación": "CONSULTORIOS MEDICOS Y DE OTROS PROFESIONALES DE LA SALUD", "Tipo": "ESTABLECIMIENTO DE SALUD SIN INTERNAMIENTO", "Categoria": "I-1", "Estado": "CIERRE TEMPORAL DE OFICIO", "CAMAS": 0.0, "fecha_info": "2026-03-09T00:00:00", "sububigeo": "15013300", "UBIGEO": "150133", "DISTRITO": "SAN JUAN DE MIRAFLORES", "PROVINCIA": "LIMA", "DEPARTAMEN": "LIMA", "Zonas": "Todas Zonas", "tipo_influencia": "Indirecta", "abreviatura": "SJM", "min_distance_m": 1918.9908056756346, "susc_inund_niv": "Medio", "susc_mmasa_niv": null, "susc_niv": "Medio", "canalC_niv": "Muy alto", "exposicion_niv": "Muy alto" }, "geometry": { "type": "Point", "coordinates": [ -76.9717368, -12.1538726 ] } },
{ "type": "Feature", "properties": { "entity_id": "13486", "entity_type": "salud", "Nombre del establecimiento": "PUESTO DE SALUD  MARIANNE PREUSS DE STARK", "Clasificación": "PUESTOS DE SALUD O POSTAS DE SALUD", "Tipo": "ESTABLECIMIENTO DE SALUD SIN INTERNAMIENTO", "Categoria": "I-2", "Estado": "ACTIVO", "CAMAS": 0.0, "fecha_info": "2026-03-09T00:00:00", "sububigeo": "15013300", "UBIGEO": "150133", "DISTRITO": "SAN JUAN DE MIRAFLORES", "PROVINCIA": "LIMA", "DEPARTAMEN": "LIMA", "Zonas": "Todas Zonas", "tipo_influencia": "Indirecta", "abreviatura": "SJM", "min_distance_m": 1226.7723549696489, "susc_inund_niv": "Medio", "susc_mmasa_niv": "Alto", "susc_niv": "Alto", "canalC_niv": "Muy alto", "exposicion_niv": "Muy alto" }, "geometry": { "type": "Point", "coordinates": [ -76.9623905, -12.1467868 ] } },
{ "type": "Feature", "properties": { "entity_id": "29943", "entity_type": "salud", "Nombre del establecimiento": "NEREDENT", "Clasificación": "CONSULTORIOS MEDICOS Y DE OTROS PROFESIONALES DE LA SALUD", "Tipo": "ESTABLECIMIENTO DE SALUD SIN INTERNAMIENTO", "Categoria": "I-1", "Estado": "ACTIVO", "CAMAS": 0.0, "fecha_info": "2026-03-09T00:00:00", "sububigeo": "15014200", "UBIGEO": "150142", "DISTRITO": "VILLA EL SALVADOR", "PROVINCIA": "LIMA", "DEPARTAMEN": "LIMA", "Zonas": "Todas Zonas", "tipo_influencia": "Directa", "abreviatura": "VES", "min_distance_m": 1773.005467978199, "susc_inund_niv": "Medio", "susc_mmasa_niv": null, "susc_niv": "Medio", "canalC_niv": "Muy alto", "exposicion_niv": "Muy alto" }, "geometry": { "type": "Point", "coordinates": [ -76.93307058, -12.21096881 ] } },
{ "type": "Feature", "properties": { "entity_id": "20249", "entity_type": "salud", "Nombre del establecimiento": "CONSULTORIO ODONTOLOGICO VAMDENT", "Clasificación": "CONSULTORIOS MEDICOS Y DE OTROS PROFESIONALES DE LA SALUD", "Tipo": "ESTABLECIMIENTO DE SALUD SIN INTERNAMIENTO", "Categoria": "I-1", "Estado": "ACTIVO", "CAMAS": 0.0, "fecha_info": "2026-03-09T00:00:00", "sububigeo": "15014305", "UBIGEO": "150143", "DISTRITO": "VILLA MARIA DEL TRIUNFO", "PROVINCIA": "LIMA", "DEPARTAMEN": "LIMA", "Zonas": "Villa María del Triunfo (Cercado)", "tipo_influencia": "Directa", "abreviatura": "VMT", "min_distance_m": 163.10717720349325, "susc_inund_niv": "Medio", "susc_mmasa_niv": null, "susc_niv": "Medio", "canalC_niv": "Muy alto", "exposicion_niv": "Muy alto" }, "geometry": { "type": "Point", "coordinates": [ -76.9463334, -12.1631924 ] } },
{ "type": "Feature", "properties": { "entity_id": "30142", "entity_type": "salud", "Nombre del establecimiento": "POLICLINICO SOMMEDICS GRAM", "Clasificación": "POLICLINICOS", "Tipo": "ESTABLECIMIENTO DE SALUD SIN INTERNAMIENTO", "Categoria": "I-3", "Estado": "ACTIVO", "CAMAS": 0.0, "fecha_info": "2026-03-09T00:00:00", "sububigeo": "15014200", "UBIGEO": "150142", "DISTRITO": "VILLA EL SALVADOR", "PROVINCIA": "LIMA", "DEPARTAMEN": "LIMA", "Zonas": "Todas Zonas", "tipo_influencia": "Directa", "abreviatura": "VES", "min_distance_m": null, "susc_inund_niv": "Medio", "susc_mmasa_niv": null, "susc_niv": "Medio", "canalC_niv": null, "exposicion_niv": "Medio" }, "geometry": { "type": "Point", "coordinates": [ -76.9461631, -12.2121946 ] } },
{ "type": "Feature", "properties": { "entity_id": "23297", "entity_type": "salud", "Nombre del establecimiento": "Servicios Medicos \"Los Angeles\"", "Clasificación": "CONSULTORIOS MEDICOS Y DE OTROS PROFESIONALES DE LA SALUD", "Tipo": "ESTABLECIMIENTO DE SALUD SIN INTERNAMIENTO", "Categoria": "I-2", "Estado": "ACTIVO", "CAMAS": 0.0, "fecha_info": "2026-03-09T00:00:00", "sububigeo": "15014304", "UBIGEO": "150143", "DISTRITO": "VILLA MARIA DEL TRIUNFO", "PROVINCIA": "LIMA", "DEPARTAMEN": "LIMA", "Zonas": "Nueva Esperanza", "tipo_influencia": "Directa", "abreviatura": "VMT", "min_distance_m": 539.98568106703556, "susc_inund_niv": "Medio", "susc_mmasa_niv": null, "susc_niv": "Medio", "canalC_niv": "Muy alto", "exposicion_niv": "Muy alto" }, "geometry": { "type": "Point", "coordinates": [ -76.930054, -12.1706709 ] } },
{ "type": "Feature", "properties": { "entity_id": "28572", "entity_type": "salud", "Nombre del establecimiento": "MEDICENTRO SAN PEDRO SEDE SAN JUAN DE MIRAFLORES", "Clasificación": "POLICLINICOS", "Tipo": "ESTABLECIMIENTO DE SALUD SIN INTERNAMIENTO", "Categoria": "I-3", "Estado": "BAJA DEFINITIVA", "CAMAS": 0.0, "fecha_info": "2026-03-09T00:00:00", "sububigeo": "15013300", "UBIGEO": "150133", "DISTRITO": "SAN JUAN DE MIRAFLORES", "PROVINCIA": "LIMA", "DEPARTAMEN": "LIMA", "Zonas": "Todas Zonas", "tipo_influencia": "Indirecta", "abreviatura": "SJM", "min_distance_m": 1343.4835821464692, "susc_inund_niv": "Medio", "susc_mmasa_niv": null, "susc_niv": "Medio", "canalC_niv": "Muy alto", "exposicion_niv": "Muy alto" }, "geometry": { "type": "Point", "coordinates": [ -76.9604677, -12.1776226 ] } },
{ "type": "Feature", "properties": { "entity_id": "16446", "entity_type": "salud", "Nombre del establecimiento": "ODONTOLASER", "Clasificación": "CONSULTORIOS MEDICOS Y DE OTROS PROFESIONALES DE LA SALUD", "Tipo": "ESTABLECIMIENTO DE SALUD SIN INTERNAMIENTO", "Categoria": "I-1", "Estado": "ACTIVO", "CAMAS": 0.0, "fecha_info": "2026-03-09T00:00:00", "sububigeo": "15014301", "UBIGEO": "150143", "DISTRITO": "VILLA MARIA DEL TRIUNFO", "PROVINCIA": "LIMA", "DEPARTAMEN": "LIMA", "Zonas": "Inca Pachacutec", "tipo_influencia": "Directa", "abreviatura": "VMT", "min_distance_m": 53.643830549985239, "susc_inund_niv": "Medio", "susc_mmasa_niv": null, "susc_niv": "Medio", "canalC_niv": "Muy alto", "exposicion_niv": "Muy alto" }, "geometry": { "type": "Point", "coordinates": [ -76.9485325, -12.1730534 ] } },
{ "type": "Feature", "properties": { "entity_id": "27622", "entity_type": "salud", "Nombre del establecimiento": "CENTRO DE SALUD MENTAL COMUNITARIO EL SOL DE VILLA", "Clasificación": "CENTROS DE SALUD O CENTROS MEDICOS", "Tipo": "ESTABLECIMIENTO DE SALUD SIN INTERNAMIENTO", "Categoria": "I-3", "Estado": "ACTIVO", "CAMAS": 0.0, "fecha_info": "2026-03-09T00:00:00", "sububigeo": "15014200", "UBIGEO": "150142", "DISTRITO": "VILLA EL SALVADOR", "PROVINCIA": "LIMA", "DEPARTAMEN": "LIMA", "Zonas": "Todas Zonas", "tipo_influencia": "Directa", "abreviatura": "VES", "min_distance_m": 1327.0039510555418, "susc_inund_niv": "Medio", "susc_mmasa_niv": null, "susc_niv": "Medio", "canalC_niv": "Muy alto", "exposicion_niv": "Muy alto" }, "geometry": { "type": "Point", "coordinates": [ -76.9423404, -12.2013211 ] } },
{ "type": "Feature", "properties": { "entity_id": "13482", "entity_type": "salud", "Nombre del establecimiento": "CENTROMEDIC", "Clasificación": "CENTROS DE SALUD O CENTROS MEDICOS", "Tipo": "ESTABLECIMIENTO DE SALUD SIN INTERNAMIENTO", "Categoria": "I-3", "Estado": "BAJA PROVISIONAL", "CAMAS": 0.0, "fecha_info": "2026-03-09T00:00:00", "sububigeo": "15013300", "UBIGEO": "150133", "DISTRITO": "SAN JUAN DE MIRAFLORES", "PROVINCIA": "LIMA", "DEPARTAMEN": "LIMA", "Zonas": "Todas Zonas", "tipo_influencia": "Indirecta", "abreviatura": "SJM", "min_distance_m": null, "susc_inund_niv": null, "susc_mmasa_niv": null, "susc_niv": null, "canalC_niv": null, "exposicion_niv": null }, "geometry": { "type": "Point", "coordinates": [ -76.97329468, -12.15382264 ] } },
{ "type": "Feature", "properties": { "entity_id": "29875", "entity_type": "salud", "Nombre del establecimiento": "SERVICIO DE TERAPIAS AMOR DE DIOS", "Clasificación": "MEDICINA FISICA", "Tipo": "SERVICIO MÉDICO DE APOYO", "Categoria": "Sin Categoría", "Estado": "CIERRE TEMPORAL DE OFICIO", "CAMAS": 0.0, "fecha_info": "2026-03-09T00:00:00", "sububigeo": "15014306", "UBIGEO": "150143", "DISTRITO": "VILLA MARIA DEL TRIUNFO", "PROVINCIA": "LIMA", "DEPARTAMEN": "LIMA", "Zonas": "San Francisco de la Tablada de Lurin", "tipo_influencia": "Directa", "abreviatura": "VMT", "min_distance_m": 196.97201249776251, "susc_inund_niv": "Medio", "susc_mmasa_niv": null, "susc_niv": "Medio", "canalC_niv": "Muy alto", "exposicion_niv": "Muy alto" }, "geometry": { "type": "Point", "coordinates": [ -76.9228118, -12.1881158 ] } },
{ "type": "Feature", "properties": { "entity_id": "28187", "entity_type": "salud", "Nombre del establecimiento": "VIDADERM", "Clasificación": "CONSULTORIOS MEDICOS Y DE OTROS PROFESIONALES DE LA SALUD", "Tipo": "ESTABLECIMIENTO DE SALUD SIN INTERNAMIENTO", "Categoria": "I-2", "Estado": "BAJA DEFINITIVA", "CAMAS": 0.0, "fecha_info": "2026-03-09T00:00:00", "sububigeo": "15014200", "UBIGEO": "150142", "DISTRITO": "VILLA EL SALVADOR", "PROVINCIA": "LIMA", "DEPARTAMEN": "LIMA", "Zonas": "Todas Zonas", "tipo_influencia": "Directa", "abreviatura": "VES", "min_distance_m": null, "susc_inund_niv": "Medio", "susc_mmasa_niv": null, "susc_niv": "Medio", "canalC_niv": null, "exposicion_niv": "Medio" }, "geometry": { "type": "Point", "coordinates": [ -76.9507206, -12.2100815 ] } },
{ "type": "Feature", "properties": { "entity_id": "28197", "entity_type": "salud", "Nombre del establecimiento": "Odontovilla", "Clasificación": "CENTRO ODONTOLOGICO", "Tipo": "ESTABLECIMIENTO DE SALUD SIN INTERNAMIENTO", "Categoria": "I-1", "Estado": "ACTIVO", "CAMAS": 0.0, "fecha_info": "2026-03-09T00:00:00", "sububigeo": "15014200", "UBIGEO": "150142", "DISTRITO": "VILLA EL SALVADOR", "PROVINCIA": "LIMA", "DEPARTAMEN": "LIMA", "Zonas": "Todas Zonas", "tipo_influencia": "Directa", "abreviatura": "VES", "min_distance_m": 1894.1789686178029, "susc_inund_niv": "Medio", "susc_mmasa_niv": null, "susc_niv": "Medio", "canalC_niv": "Muy alto", "exposicion_niv": "Muy alto" }, "geometry": { "type": "Point", "coordinates": [ -76.95869, -12.19542798 ] } },
{ "type": "Feature", "properties": { "entity_id": "13687", "entity_type": "salud", "Nombre del establecimiento": "CENTRO DE REHABILITACIÓN INFANTIL - ARIE", "Clasificación": "MEDICINA FISICA", "Tipo": "SERVICIO MÉDICO DE APOYO", "Categoria": "Sin Categoría", "Estado": "ACTIVO", "CAMAS": 0.0, "fecha_info": "2026-03-09T00:00:00", "sububigeo": "15014200", "UBIGEO": "150142", "DISTRITO": "VILLA EL SALVADOR", "PROVINCIA": "LIMA", "DEPARTAMEN": "LIMA", "Zonas": "Todas Zonas", "tipo_influencia": "Directa", "abreviatura": "VES", "min_distance_m": null, "susc_inund_niv": "Medio", "susc_mmasa_niv": null, "susc_niv": "Medio", "canalC_niv": null, "exposicion_niv": "Medio" }, "geometry": { "type": "Point", "coordinates": [ -76.9386657, -12.2211166 ] } },
{ "type": "Feature", "properties": { "entity_id": "27756", "entity_type": "salud", "Nombre del establecimiento": "CONSULTORIO DENTAL DENTO ESTHETIC", "Clasificación": "CONSULTORIOS MEDICOS Y DE OTROS PROFESIONALES DE LA SALUD", "Tipo": "ESTABLECIMIENTO DE SALUD SIN INTERNAMIENTO", "Categoria": "I-1", "Estado": "CIERRE TEMPORAL DE OFICIO", "CAMAS": 0.0, "fecha_info": "2026-03-09T00:00:00", "sububigeo": "15014200", "UBIGEO": "150142", "DISTRITO": "VILLA EL SALVADOR", "PROVINCIA": "LIMA", "DEPARTAMEN": "LIMA", "Zonas": "Todas Zonas", "tipo_influencia": "Directa", "abreviatura": "VES", "min_distance_m": 1040.6822678631549, "susc_inund_niv": "Medio", "susc_mmasa_niv": null, "susc_niv": "Medio", "canalC_niv": "Muy alto", "exposicion_niv": "Muy alto" }, "geometry": { "type": "Point", "coordinates": [ -76.9430607, -12.1943549 ] } },
{ "type": "Feature", "properties": { "entity_id": "6141", "entity_type": "salud", "Nombre del establecimiento": "CENTRO MATERNO INFANTIL JOSE GALVEZ", "Clasificación": "CENTROS DE SALUD CON CAMAS DE INTERNAMIENTO", "Tipo": "ESTABLECIMIENTO DE SALUD CON INTERNAMIENTO", "Categoria": "I-4", "Estado": "ACTIVO", "CAMAS": 11.0, "fecha_info": "2026-03-09T00:00:00", "sububigeo": "15014307", "UBIGEO": "150143", "DISTRITO": "VILLA MARIA DEL TRIUNFO", "PROVINCIA": "LIMA", "DEPARTAMEN": "LIMA", "Zonas": "Villa Poeta José Gálvez", "tipo_influencia": "Directa", "abreviatura": "VMT", "min_distance_m": 729.48398058013015, "susc_inund_niv": "Medio", "susc_mmasa_niv": null, "susc_niv": "Medio", "canalC_niv": "Muy alto", "exposicion_niv": "Muy alto" }, "geometry": { "type": "Point", "coordinates": [ -76.9072151, -12.2105625 ] } },
{ "type": "Feature", "properties": { "entity_id": "30128", "entity_type": "salud", "Nombre del establecimiento": "CONSULTORIO MEDICO MEDISUR", "Clasificación": "CONSULTORIOS MEDICOS Y DE OTROS PROFESIONALES DE LA SALUD", "Tipo": "ESTABLECIMIENTO DE SALUD SIN INTERNAMIENTO", "Categoria": "I-2", "Estado": "ACTIVO", "CAMAS": 0.0, "fecha_info": "2026-03-09T00:00:00", "sububigeo": "15014307", "UBIGEO": "150143", "DISTRITO": "VILLA MARIA DEL TRIUNFO", "PROVINCIA": "LIMA", "DEPARTAMEN": "LIMA", "Zonas": "Villa Poeta José Gálvez", "tipo_influencia": "Directa", "abreviatura": "VMT", "min_distance_m": 348.65481542197853, "susc_inund_niv": "Medio", "susc_mmasa_niv": null, "susc_niv": "Medio", "canalC_niv": "Muy alto", "exposicion_niv": "Muy alto" }, "geometry": { "type": "Point", "coordinates": [ -76.90667532, -12.21427066 ] } },
{ "type": "Feature", "properties": { "entity_id": "26756", "entity_type": "salud", "Nombre del establecimiento": "CONSORCIO MEDICO DE PERU", "Clasificación": "POLICLINICOS", "Tipo": "ESTABLECIMIENTO DE SALUD SIN INTERNAMIENTO", "Categoria": "I-3", "Estado": "CIERRE TEMPORAL DE OFICIO", "CAMAS": 0.0, "fecha_info": "2026-03-09T00:00:00", "sububigeo": "15014303", "UBIGEO": "150143", "DISTRITO": "VILLA MARIA DEL TRIUNFO", "PROVINCIA": "LIMA", "DEPARTAMEN": "LIMA", "Zonas": "Jose Carlos Mariategui", "tipo_influencia": "Directa", "abreviatura": "VMT", "min_distance_m": 386.36269247828034, "susc_inund_niv": "Medio", "susc_mmasa_niv": "Alto", "susc_niv": "Alto", "canalC_niv": "Muy alto", "exposicion_niv": "Muy alto" }, "geometry": { "type": "Point", "coordinates": [ -76.9482817, -12.1398747 ] } },
{ "type": "Feature", "properties": { "entity_id": "6134", "entity_type": "salud", "Nombre del establecimiento": "PUESTO DE SALUD \"SEÑOR DE LOS MILAGROS\"", "Clasificación": "PUESTOS DE SALUD O POSTAS DE SALUD", "Tipo": "ESTABLECIMIENTO DE SALUD SIN INTERNAMIENTO", "Categoria": "I-2", "Estado": "ACTIVO", "CAMAS": 0.0, "fecha_info": "2026-03-09T00:00:00", "sububigeo": "15014200", "UBIGEO": "150142", "DISTRITO": "VILLA EL SALVADOR", "PROVINCIA": "LIMA", "DEPARTAMEN": "LIMA", "Zonas": "Todas Zonas", "tipo_influencia": "Directa", "abreviatura": "VES", "min_distance_m": null, "susc_inund_niv": "Medio", "susc_mmasa_niv": null, "susc_niv": "Medio", "canalC_niv": null, "exposicion_niv": "Medio" }, "geometry": { "type": "Point", "coordinates": [ -76.951638, -12.202803 ] } },
{ "type": "Feature", "properties": { "entity_id": "27229", "entity_type": "salud", "Nombre del establecimiento": "MEDICINA VIAL", "Clasificación": "POLICLINICOS", "Tipo": "ESTABLECIMIENTO DE SALUD SIN INTERNAMIENTO", "Categoria": "I-3", "Estado": "CIERRE TEMPORAL DE OFICIO", "CAMAS": 0.0, "fecha_info": "2026-03-09T00:00:00", "sububigeo": "15014200", "UBIGEO": "150142", "DISTRITO": "VILLA EL SALVADOR", "PROVINCIA": "LIMA", "DEPARTAMEN": "LIMA", "Zonas": "Todas Zonas", "tipo_influencia": "Directa", "abreviatura": "VES", "min_distance_m": null, "susc_inund_niv": "Medio", "susc_mmasa_niv": null, "susc_niv": "Medio", "canalC_niv": null, "exposicion_niv": "Medio" }, "geometry": { "type": "Point", "coordinates": [ -76.9449702, -12.2104671 ] } },
{ "type": "Feature", "properties": { "entity_id": "29930", "entity_type": "salud", "Nombre del establecimiento": "CERÁMICA SAN LORENZO - CONSULTORIO MÉDICO", "Clasificación": "CONSULTORIOS MEDICOS Y DE OTROS PROFESIONALES DE LA SALUD", "Tipo": "ESTABLECIMIENTO DE SALUD SIN INTERNAMIENTO", "Categoria": "I-2", "Estado": "ACTIVO", "CAMAS": 0.0, "fecha_info": "2026-03-09T00:00:00", "sububigeo": "15011900", "UBIGEO": "150119", "DISTRITO": "LURIN", "PROVINCIA": "LIMA", "DEPARTAMEN": "LIMA", "Zonas": "Todas Zonas", "tipo_influencia": "Directa", "abreviatura": "LUR", "min_distance_m": null, "susc_inund_niv": null, "susc_mmasa_niv": null, "susc_niv": null, "canalC_niv": null, "exposicion_niv": null }, "geometry": { "type": "Point", "coordinates": [ -76.8334742, -12.2947451 ] } },
{ "type": "Feature", "properties": { "entity_id": "34832", "entity_type": "salud", "Nombre del establecimiento": "DENTAL GENESIS", "Clasificación": "CONSULTORIOS MEDICOS Y DE OTROS PROFESIONALES DE LA SALUD", "Tipo": "ESTABLECIMIENTO DE SALUD SIN INTERNAMIENTO", "Categoria": "I-1", "Estado": "ACTIVO", "CAMAS": 0.0, "fecha_info": "2026-03-09T00:00:00", "sububigeo": "15014200", "UBIGEO": "150142", "DISTRITO": "VILLA EL SALVADOR", "PROVINCIA": "LIMA", "DEPARTAMEN": "LIMA", "Zonas": "Todas Zonas", "tipo_influencia": "Directa", "abreviatura": "VES", "min_distance_m": null, "susc_inund_niv": "Medio", "susc_mmasa_niv": null, "susc_niv": "Medio", "canalC_niv": null, "exposicion_niv": "Medio" }, "geometry": { "type": "Point", "coordinates": [ -76.937524810000014, -12.23780537 ] } },
{ "type": "Feature", "properties": { "entity_id": "35500", "entity_type": "salud", "Nombre del establecimiento": "SONRISAS TERAPEÚTICAS", "Clasificación": "CONSULTORIOS MEDICOS Y DE OTROS PROFESIONALES DE LA SALUD", "Tipo": "ESTABLECIMIENTO DE SALUD SIN INTERNAMIENTO", "Categoria": "I-1", "Estado": "CIERRE TEMPORAL DE OFICIO", "CAMAS": 0.0, "fecha_info": "2026-03-09T00:00:00", "sububigeo": "15014305", "UBIGEO": "150143", "DISTRITO": "VILLA MARIA DEL TRIUNFO", "PROVINCIA": "LIMA", "DEPARTAMEN": "LIMA", "Zonas": "Villa María del Triunfo (Cercado)", "tipo_influencia": "Directa", "abreviatura": "VMT", "min_distance_m": 208.85431450708469, "susc_inund_niv": "Medio", "susc_mmasa_niv": null, "susc_niv": "Medio", "canalC_niv": "Muy alto", "exposicion_niv": "Muy alto" }, "geometry": { "type": "Point", "coordinates": [ -76.94730339, -12.16539855 ] } },
{ "type": "Feature", "properties": { "entity_id": "33710", "entity_type": "salud", "Nombre del establecimiento": "CONSULTORIOS MEDICOS KIREI", "Clasificación": "CONSULTORIOS MEDICOS Y DE OTROS PROFESIONALES DE LA SALUD", "Tipo": "ESTABLECIMIENTO DE SALUD SIN INTERNAMIENTO", "Categoria": "I-2", "Estado": "ACTIVO", "CAMAS": 0.0, "fecha_info": "2026-03-09T00:00:00", "sububigeo": "15014305", "UBIGEO": "150143", "DISTRITO": "VILLA MARIA DEL TRIUNFO", "PROVINCIA": "LIMA", "DEPARTAMEN": "LIMA", "Zonas": "Villa María del Triunfo (Cercado)", "tipo_influencia": "Directa", "abreviatura": "VMT", "min_distance_m": 270.08998544589298, "susc_inund_niv": "Medio", "susc_mmasa_niv": null, "susc_niv": "Medio", "canalC_niv": "Muy alto", "exposicion_niv": "Muy alto" }, "geometry": { "type": "Point", "coordinates": [ -76.94547347, -12.16267074 ] } },
{ "type": "Feature", "properties": { "entity_id": "35099", "entity_type": "salud", "Nombre del establecimiento": "CONSULTORIO MEDICO SAFETY LAB", "Clasificación": "CONSULTORIOS MEDICOS Y DE OTROS PROFESIONALES DE LA SALUD", "Tipo": "ESTABLECIMIENTO DE SALUD SIN INTERNAMIENTO", "Categoria": "I-2", "Estado": "ACTIVO", "CAMAS": 0.0, "fecha_info": "2026-03-09T00:00:00", "sububigeo": "15013300", "UBIGEO": "150133", "DISTRITO": "SAN JUAN DE MIRAFLORES", "PROVINCIA": "LIMA", "DEPARTAMEN": "LIMA", "Zonas": "Todas Zonas", "tipo_influencia": "Indirecta", "abreviatura": "SJM", "min_distance_m": 1869.8689514333412, "susc_inund_niv": null, "susc_mmasa_niv": null, "susc_niv": null, "canalC_niv": "Muy alto", "exposicion_niv": "Muy alto" }, "geometry": { "type": "Point", "coordinates": [ -76.97279205, -12.15846373 ] } },
{ "type": "Feature", "properties": { "entity_id": "33513", "entity_type": "salud", "Nombre del establecimiento": "CERMEDIC", "Clasificación": "CONSULTORIOS MEDICOS Y DE OTROS PROFESIONALES DE LA SALUD", "Tipo": "ESTABLECIMIENTO DE SALUD SIN INTERNAMIENTO", "Categoria": "I-2", "Estado": "ACTIVO", "CAMAS": 0.0, "fecha_info": "2026-03-09T00:00:00", "sububigeo": "15013300", "UBIGEO": "150133", "DISTRITO": "SAN JUAN DE MIRAFLORES", "PROVINCIA": "LIMA", "DEPARTAMEN": "LIMA", "Zonas": "Todas Zonas", "tipo_influencia": "Indirecta", "abreviatura": "SJM", "min_distance_m": 934.19373420702868, "susc_inund_niv": "Medio", "susc_mmasa_niv": null, "susc_niv": "Medio", "canalC_niv": "Muy alto", "exposicion_niv": "Muy alto" }, "geometry": { "type": "Point", "coordinates": [ -76.9642154, -12.16350847 ] } },
{ "type": "Feature", "properties": { "entity_id": "33707", "entity_type": "salud", "Nombre del establecimiento": "CONSULTORIO ODONTOLOGICO CLEAN DENT", "Clasificación": "CONSULTORIOS MEDICOS Y DE OTROS PROFESIONALES DE LA SALUD", "Tipo": "ESTABLECIMIENTO DE SALUD SIN INTERNAMIENTO", "Categoria": "I-1", "Estado": "ACTIVO", "CAMAS": 0.0, "fecha_info": "2026-03-09T00:00:00", "sububigeo": "15014200", "UBIGEO": "150142", "DISTRITO": "VILLA EL SALVADOR", "PROVINCIA": "LIMA", "DEPARTAMEN": "LIMA", "Zonas": "Todas Zonas", "tipo_influencia": "Directa", "abreviatura": "VES", "min_distance_m": 1653.3796224970481, "susc_inund_niv": "Medio", "susc_mmasa_niv": null, "susc_niv": "Medio", "canalC_niv": "Muy alto", "exposicion_niv": "Muy alto" }, "geometry": { "type": "Point", "coordinates": [ -76.922532, -12.2329282 ] } },
{ "type": "Feature", "properties": { "entity_id": "32589", "entity_type": "salud", "Nombre del establecimiento": "HOGAR PROTEGIDO DE VILLA MARIA DEL TRIUNFO", "Clasificación": "HOGARES PROTEGIDOS", "Tipo": "SERVICIO MÉDICO DE APOYO", "Categoria": "Sin Categoría", "Estado": "ACTIVO", "CAMAS": 0.0, "fecha_info": "2026-03-09T00:00:00", "sububigeo": "15014302", "UBIGEO": "150143", "DISTRITO": "VILLA MARIA DEL TRIUNFO", "PROVINCIA": "LIMA", "DEPARTAMEN": "LIMA", "Zonas": "Nuevo Milenio", "tipo_influencia": "Directa", "abreviatura": "VMT", "min_distance_m": 1232.9601489852132, "susc_inund_niv": "Medio", "susc_mmasa_niv": "Alto", "susc_niv": "Alto", "canalC_niv": "Muy alto", "exposicion_niv": "Muy alto" }, "geometry": { "type": "Point", "coordinates": [ -76.91866, -12.221101 ] } },
{ "type": "Feature", "properties": { "entity_id": "33308", "entity_type": "salud", "Nombre del establecimiento": "COE DI- DENT", "Clasificación": "CONSULTORIOS MEDICOS Y DE OTROS PROFESIONALES DE LA SALUD", "Tipo": "ESTABLECIMIENTO DE SALUD SIN INTERNAMIENTO", "Categoria": "I-1", "Estado": "ACTIVO", "CAMAS": 0.0, "fecha_info": "2026-03-09T00:00:00", "sububigeo": "15014200", "UBIGEO": "150142", "DISTRITO": "VILLA EL SALVADOR", "PROVINCIA": "LIMA", "DEPARTAMEN": "LIMA", "Zonas": "Todas Zonas", "tipo_influencia": "Directa", "abreviatura": "VES", "min_distance_m": null, "susc_inund_niv": "Medio", "susc_mmasa_niv": null, "susc_niv": "Medio", "canalC_niv": null, "exposicion_niv": "Medio" }, "geometry": { "type": "Point", "coordinates": [ -76.9419803, -12.2177572 ] } },
{ "type": "Feature", "properties": { "entity_id": "32074", "entity_type": "salud", "Nombre del establecimiento": "DENTAL SENSACIONAL", "Clasificación": "CONSULTORIOS MEDICOS Y DE OTROS PROFESIONALES DE LA SALUD", "Tipo": "ESTABLECIMIENTO DE SALUD SIN INTERNAMIENTO", "Categoria": "I-1", "Estado": "CIERRE TEMPORAL DE OFICIO", "CAMAS": 0.0, "fecha_info": "2026-03-09T00:00:00", "sububigeo": "15014307", "UBIGEO": "150143", "DISTRITO": "VILLA MARIA DEL TRIUNFO", "PROVINCIA": "LIMA", "DEPARTAMEN": "LIMA", "Zonas": "Villa Poeta José Gálvez", "tipo_influencia": "Directa", "abreviatura": "VMT", "min_distance_m": 527.24315440928831, "susc_inund_niv": "Medio", "susc_mmasa_niv": null, "susc_niv": "Medio", "canalC_niv": "Muy alto", "exposicion_niv": "Muy alto" }, "geometry": { "type": "Point", "coordinates": [ -76.9077593, -12.2218546 ] } },
{ "type": "Feature", "properties": { "entity_id": "32069", "entity_type": "salud", "Nombre del establecimiento": "CONSULTORIO DENTAL GMA", "Clasificación": "CONSULTORIOS MEDICOS Y DE OTROS PROFESIONALES DE LA SALUD", "Tipo": "ESTABLECIMIENTO DE SALUD SIN INTERNAMIENTO", "Categoria": "I-1", "Estado": "ACTIVO", "CAMAS": 0.0, "fecha_info": "2026-03-09T00:00:00", "sububigeo": "15013300", "UBIGEO": "150133", "DISTRITO": "SAN JUAN DE MIRAFLORES", "PROVINCIA": "LIMA", "DEPARTAMEN": "LIMA", "Zonas": "Todas Zonas", "tipo_influencia": "Indirecta", "abreviatura": "SJM", "min_distance_m": 404.52984177191939, "susc_inund_niv": null, "susc_mmasa_niv": null, "susc_niv": null, "canalC_niv": "Muy alto", "exposicion_niv": "Muy alto" }, "geometry": { "type": "Point", "coordinates": [ -76.95855751, -12.1589234 ] } },
{ "type": "Feature", "properties": { "entity_id": "30699", "entity_type": "salud", "Nombre del establecimiento": "POLICLINICO TOSUR AMERICA", "Clasificación": "POLICLINICOS", "Tipo": "ESTABLECIMIENTO DE SALUD SIN INTERNAMIENTO", "Categoria": "I-3", "Estado": "ACTIVO", "CAMAS": 0.0, "fecha_info": "2026-03-09T00:00:00", "sububigeo": "15013300", "UBIGEO": "150133", "DISTRITO": "SAN JUAN DE MIRAFLORES", "PROVINCIA": "LIMA", "DEPARTAMEN": "LIMA", "Zonas": "Todas Zonas", "tipo_influencia": "Indirecta", "abreviatura": "SJM", "min_distance_m": null, "susc_inund_niv": null, "susc_mmasa_niv": null, "susc_niv": null, "canalC_niv": null, "exposicion_niv": null }, "geometry": { "type": "Point", "coordinates": [ -76.97584797, -12.18340317 ] } },
{ "type": "Feature", "properties": { "entity_id": "32813", "entity_type": "salud", "Nombre del establecimiento": "INSALUD SUR", "Clasificación": "CONSULTORIOS MEDICOS Y DE OTROS PROFESIONALES DE LA SALUD", "Tipo": "ESTABLECIMIENTO DE SALUD SIN INTERNAMIENTO", "Categoria": "I-2", "Estado": "BAJA DEFINITIVA", "CAMAS": 0.0, "fecha_info": "2026-03-09T00:00:00", "sububigeo": "15013300", "UBIGEO": "150133", "DISTRITO": "SAN JUAN DE MIRAFLORES", "PROVINCIA": "LIMA", "DEPARTAMEN": "LIMA", "Zonas": "Todas Zonas", "tipo_influencia": "Indirecta", "abreviatura": "SJM", "min_distance_m": 1819.9521059307374, "susc_inund_niv": "Medio", "susc_mmasa_niv": null, "susc_niv": "Medio", "canalC_niv": "Muy alto", "exposicion_niv": "Muy alto" }, "geometry": { "type": "Point", "coordinates": [ -76.96066785, -12.19217802 ] } },
{ "type": "Feature", "properties": { "entity_id": "30671", "entity_type": "salud", "Nombre del establecimiento": "Consultorio Dental Dualdent", "Clasificación": "CONSULTORIOS MEDICOS Y DE OTROS PROFESIONALES DE LA SALUD", "Tipo": "ESTABLECIMIENTO DE SALUD SIN INTERNAMIENTO", "Categoria": "I-1", "Estado": "ACTIVO", "CAMAS": 0.0, "fecha_info": "2026-03-09T00:00:00", "sububigeo": "15011900", "UBIGEO": "150119", "DISTRITO": "LURIN", "PROVINCIA": "LIMA", "DEPARTAMEN": "LIMA", "Zonas": "Todas Zonas", "tipo_influencia": "Directa", "abreviatura": "LUR", "min_distance_m": 437.69828679152755, "susc_inund_niv": "Medio", "susc_mmasa_niv": null, "susc_niv": "Medio", "canalC_niv": "Alto", "exposicion_niv": "Alto" }, "geometry": { "type": "Point", "coordinates": [ -76.8969268, -12.2462935 ] } },
{ "type": "Feature", "properties": { "entity_id": "24131", "entity_type": "salud", "Nombre del establecimiento": "VIDA SALUD", "Clasificación": "CONSULTORIOS MEDICOS Y DE OTROS PROFESIONALES DE LA SALUD", "Tipo": "ESTABLECIMIENTO DE SALUD SIN INTERNAMIENTO", "Categoria": "I-2", "Estado": "ACTIVO", "CAMAS": 0.0, "fecha_info": "2026-03-09T00:00:00", "sububigeo": "15011900", "UBIGEO": "150119", "DISTRITO": "LURIN", "PROVINCIA": "LIMA", "DEPARTAMEN": "LIMA", "Zonas": "Todas Zonas", "tipo_influencia": "Directa", "abreviatura": "LUR", "min_distance_m": null, "susc_inund_niv": null, "susc_mmasa_niv": null, "susc_niv": null, "canalC_niv": null, "exposicion_niv": null }, "geometry": { "type": "Point", "coordinates": [ -76.8761102, -12.2693949 ] } },
{ "type": "Feature", "properties": { "entity_id": "19758", "entity_type": "salud", "Nombre del establecimiento": "SERVICIOS MEDICOS NACER", "Clasificación": "CONSULTORIOS MEDICOS Y DE OTROS PROFESIONALES DE LA SALUD", "Tipo": "ESTABLECIMIENTO DE SALUD SIN INTERNAMIENTO", "Categoria": "I-2", "Estado": "ACTIVO", "CAMAS": 0.0, "fecha_info": "2026-03-09T00:00:00", "sububigeo": "15013300", "UBIGEO": "150133", "DISTRITO": "SAN JUAN DE MIRAFLORES", "PROVINCIA": "LIMA", "DEPARTAMEN": "LIMA", "Zonas": "Todas Zonas", "tipo_influencia": "Indirecta", "abreviatura": "SJM", "min_distance_m": 401.89231681456488, "susc_inund_niv": "Medio", "susc_mmasa_niv": null, "susc_niv": "Medio", "canalC_niv": "Muy alto", "exposicion_niv": "Muy alto" }, "geometry": { "type": "Point", "coordinates": [ -76.95954889, -12.16193756 ] } },
{ "type": "Feature", "properties": { "entity_id": "17348", "entity_type": "salud", "Nombre del establecimiento": "CONSULTORIO ODONTOLOGICO \"NUEVA SONRISA\"", "Clasificación": "CONSULTORIOS MEDICOS Y DE OTROS PROFESIONALES DE LA SALUD", "Tipo": "ESTABLECIMIENTO DE SALUD SIN INTERNAMIENTO", "Categoria": "I-1", "Estado": "ACTIVO", "CAMAS": 0.0, "fecha_info": "2026-03-09T00:00:00", "sububigeo": "15014200", "UBIGEO": "150142", "DISTRITO": "VILLA EL SALVADOR", "PROVINCIA": "LIMA", "DEPARTAMEN": "LIMA", "Zonas": "Todas Zonas", "tipo_influencia": "Directa", "abreviatura": "VES", "min_distance_m": 1961.5701576769957, "susc_inund_niv": "Medio", "susc_mmasa_niv": null, "susc_niv": "Medio", "canalC_niv": "Muy alto", "exposicion_niv": "Muy alto" }, "geometry": { "type": "Point", "coordinates": [ -76.95995181, -12.19506297 ] } },
{ "type": "Feature", "properties": { "entity_id": "13899", "entity_type": "salud", "Nombre del establecimiento": "ODONTO MARIART   EIRL", "Clasificación": "CONSULTORIOS MEDICOS Y DE OTROS PROFESIONALES DE LA SALUD", "Tipo": "ESTABLECIMIENTO DE SALUD SIN INTERNAMIENTO", "Categoria": "I-1", "Estado": "ACTIVO", "CAMAS": 0.0, "fecha_info": "2026-03-09T00:00:00", "sububigeo": "15013300", "UBIGEO": "150133", "DISTRITO": "SAN JUAN DE MIRAFLORES", "PROVINCIA": "LIMA", "DEPARTAMEN": "LIMA", "Zonas": "Todas Zonas", "tipo_influencia": "Indirecta", "abreviatura": "SJM", "min_distance_m": 1982.3316314668746, "susc_inund_niv": null, "susc_mmasa_niv": null, "susc_niv": null, "canalC_niv": "Muy alto", "exposicion_niv": "Muy alto" }, "geometry": { "type": "Point", "coordinates": [ -76.9724915, -12.1541081 ] } },
{ "type": "Feature", "properties": { "entity_id": "29638", "entity_type": "salud", "Nombre del establecimiento": "POLICLINICO MARCH", "Clasificación": "POLICLINICOS", "Tipo": "ESTABLECIMIENTO DE SALUD SIN INTERNAMIENTO", "Categoria": "I-3", "Estado": "ACTIVO", "CAMAS": 0.0, "fecha_info": "2026-03-09T00:00:00", "sububigeo": "15014200", "UBIGEO": "150142", "DISTRITO": "VILLA EL SALVADOR", "PROVINCIA": "LIMA", "DEPARTAMEN": "LIMA", "Zonas": "Todas Zonas", "tipo_influencia": "Directa", "abreviatura": "VES", "min_distance_m": 1239.177571234379, "susc_inund_niv": "Medio", "susc_mmasa_niv": null, "susc_niv": "Medio", "canalC_niv": "Muy alto", "exposicion_niv": "Muy alto" }, "geometry": { "type": "Point", "coordinates": [ -76.93072995, -12.20611006 ] } },
{ "type": "Feature", "properties": { "entity_id": "9831", "entity_type": "salud", "Nombre del establecimiento": "VILLA DIAL", "Clasificación": "HEMODIALISIS", "Tipo": "SERVICIO MÉDICO DE APOYO", "Categoria": "Sin Categoría", "Estado": "ACTIVO", "CAMAS": 0.0, "fecha_info": "2026-03-09T00:00:00", "sububigeo": "15014305", "UBIGEO": "150143", "DISTRITO": "VILLA MARIA DEL TRIUNFO", "PROVINCIA": "LIMA", "DEPARTAMEN": "LIMA", "Zonas": "Villa María del Triunfo (Cercado)", "tipo_influencia": "Directa", "abreviatura": "VMT", "min_distance_m": 255.17396006683649, "susc_inund_niv": "Medio", "susc_mmasa_niv": null, "susc_niv": "Medio", "canalC_niv": "Muy alto", "exposicion_niv": "Muy alto" }, "geometry": { "type": "Point", "coordinates": [ -76.9488575, -12.1682762 ] } },
{ "type": "Feature", "properties": { "entity_id": "6153", "entity_type": "salud", "Nombre del establecimiento": "CENTRO MATERNO INFANTIL DANIEL ALCIDES CARRION", "Clasificación": "CENTROS DE SALUD CON CAMAS DE INTERNAMIENTO", "Tipo": "ESTABLECIMIENTO DE SALUD CON INTERNAMIENTO", "Categoria": "I-4", "Estado": "ACTIVO", "CAMAS": 8.0, "fecha_info": "2026-03-09T00:00:00", "sububigeo": "15014301", "UBIGEO": "150143", "DISTRITO": "VILLA MARIA DEL TRIUNFO", "PROVINCIA": "LIMA", "DEPARTAMEN": "LIMA", "Zonas": "Inca Pachacutec", "tipo_influencia": "Directa", "abreviatura": "VMT", "min_distance_m": 93.166299461693299, "susc_inund_niv": "Medio", "susc_mmasa_niv": null, "susc_niv": "Medio", "canalC_niv": "Muy alto", "exposicion_niv": "Muy alto" }, "geometry": { "type": "Point", "coordinates": [ -76.94539, -12.1776988 ] } },
{ "type": "Feature", "properties": { "entity_id": "23555", "entity_type": "salud", "Nombre del establecimiento": "VILLA SALUD LURIN", "Clasificación": "POLICLINICOS", "Tipo": "ESTABLECIMIENTO DE SALUD SIN INTERNAMIENTO", "Categoria": "I-3", "Estado": "BAJA DEFINITIVA", "CAMAS": 0.0, "fecha_info": "2026-03-09T00:00:00", "sububigeo": "15011900", "UBIGEO": "150119", "DISTRITO": "LURIN", "PROVINCIA": "LIMA", "DEPARTAMEN": "LIMA", "Zonas": "Todas Zonas", "tipo_influencia": "Directa", "abreviatura": "LUR", "min_distance_m": null, "susc_inund_niv": null, "susc_mmasa_niv": null, "susc_niv": null, "canalC_niv": null, "exposicion_niv": null }, "geometry": { "type": "Point", "coordinates": [ -76.8694408, -12.27789637 ] } },
{ "type": "Feature", "properties": { "entity_id": "28300", "entity_type": "salud", "Nombre del establecimiento": "POLICLINICO LINEA DE VIDA", "Clasificación": "POLICLINICOS", "Tipo": "ESTABLECIMIENTO DE SALUD SIN INTERNAMIENTO", "Categoria": "I-3", "Estado": "CIERRE TEMPORAL DE OFICIO", "CAMAS": 0.0, "fecha_info": "2026-03-09T00:00:00", "sububigeo": "15011900", "UBIGEO": "150119", "DISTRITO": "LURIN", "PROVINCIA": "LIMA", "DEPARTAMEN": "LIMA", "Zonas": "Todas Zonas", "tipo_influencia": "Directa", "abreviatura": "LUR", "min_distance_m": null, "susc_inund_niv": null, "susc_mmasa_niv": null, "susc_niv": null, "canalC_niv": null, "exposicion_niv": null }, "geometry": { "type": "Point", "coordinates": [ -76.85265059000001, -12.28946327 ] } },
{ "type": "Feature", "properties": { "entity_id": "15397", "entity_type": "salud", "Nombre del establecimiento": "CONSULTORIO MEDICO SAN LUCAS", "Clasificación": "CONSULTORIOS MEDICOS Y DE OTROS PROFESIONALES DE LA SALUD", "Tipo": "ESTABLECIMIENTO DE SALUD SIN INTERNAMIENTO", "Categoria": "I-2", "Estado": "CIERRE TEMPORAL DE OFICIO", "CAMAS": 0.0, "fecha_info": "2026-03-09T00:00:00", "sububigeo": "15014200", "UBIGEO": "150142", "DISTRITO": "VILLA EL SALVADOR", "PROVINCIA": "LIMA", "DEPARTAMEN": "LIMA", "Zonas": "Todas Zonas", "tipo_influencia": "Directa", "abreviatura": "VES", "min_distance_m": null, "susc_inund_niv": "Medio", "susc_mmasa_niv": null, "susc_niv": "Medio", "canalC_niv": null, "exposicion_niv": "Medio" }, "geometry": { "type": "Point", "coordinates": [ -76.9344174, -12.2142436 ] } },
{ "type": "Feature", "properties": { "entity_id": "6128", "entity_type": "salud", "Nombre del establecimiento": "CENTRO DE SALUD EDILBERTO RAMOS", "Clasificación": "CENTROS DE SALUD O CENTROS MEDICOS", "Tipo": "ESTABLECIMIENTO DE SALUD SIN INTERNAMIENTO", "Categoria": "I-3", "Estado": "ACTIVO", "CAMAS": 0.0, "fecha_info": "2026-03-09T00:00:00", "sububigeo": "15014200", "UBIGEO": "150142", "DISTRITO": "VILLA EL SALVADOR", "PROVINCIA": "LIMA", "DEPARTAMEN": "LIMA", "Zonas": "Todas Zonas", "tipo_influencia": "Directa", "abreviatura": "VES", "min_distance_m": 1623.3774589711061, "susc_inund_niv": "Medio", "susc_mmasa_niv": null, "susc_niv": "Medio", "canalC_niv": "Muy alto", "exposicion_niv": "Muy alto" }, "geometry": { "type": "Point", "coordinates": [ -76.9351638, -12.209316 ] } },
{ "type": "Feature", "properties": { "entity_id": "26344", "entity_type": "salud", "Nombre del establecimiento": "Diseñando sonrisas", "Clasificación": "CONSULTORIOS MEDICOS Y DE OTROS PROFESIONALES DE LA SALUD", "Tipo": "ESTABLECIMIENTO DE SALUD SIN INTERNAMIENTO", "Categoria": "I-1", "Estado": "ACTIVO", "CAMAS": 0.0, "fecha_info": "2026-03-09T00:00:00", "sububigeo": "15013300", "UBIGEO": "150133", "DISTRITO": "SAN JUAN DE MIRAFLORES", "PROVINCIA": "LIMA", "DEPARTAMEN": "LIMA", "Zonas": "Todas Zonas", "tipo_influencia": "Indirecta", "abreviatura": "SJM", "min_distance_m": 1935.8354297820169, "susc_inund_niv": null, "susc_mmasa_niv": null, "susc_niv": null, "canalC_niv": "Muy alto", "exposicion_niv": "Muy alto" }, "geometry": { "type": "Point", "coordinates": [ -76.9733725, -12.158272399999989 ] } },
{ "type": "Feature", "properties": { "entity_id": "25771", "entity_type": "salud", "Nombre del establecimiento": "CENTRO DE SALUD MENTAL COMUNITARIO LA MEDALLA MILAGROSA", "Clasificación": "CENTROS MEDICOS ESPECIALIZADOS", "Tipo": "ESTABLECIMIENTO DE SALUD SIN INTERNAMIENTO", "Categoria": "I-3", "Estado": "ACTIVO", "CAMAS": 0.0, "fecha_info": "2026-03-09T00:00:00", "sububigeo": "15012304", "UBIGEO": "150123", "DISTRITO": "PACHACAMAC", "PROVINCIA": "LIMA", "DEPARTAMEN": "LIMA", "Zonas": "Quebrada de Manchay", "tipo_influencia": "Directa", "abreviatura": "PACH", "min_distance_m": null, "susc_inund_niv": "Medio", "susc_mmasa_niv": "Alto", "susc_niv": "Alto", "canalC_niv": null, "exposicion_niv": "Alto" }, "geometry": { "type": "Point", "coordinates": [ -76.87121249, -12.1281459 ] } },
{ "type": "Feature", "properties": { "entity_id": "27957", "entity_type": "salud", "Nombre del establecimiento": "HONORIO DENT", "Clasificación": "CENTRO ODONTOLOGICO", "Tipo": "ESTABLECIMIENTO DE SALUD SIN INTERNAMIENTO", "Categoria": "I-1", "Estado": "ACTIVO", "CAMAS": 0.0, "fecha_info": "2026-03-09T00:00:00", "sububigeo": "15014200", "UBIGEO": "150142", "DISTRITO": "VILLA EL SALVADOR", "PROVINCIA": "LIMA", "DEPARTAMEN": "LIMA", "Zonas": "Todas Zonas", "tipo_influencia": "Directa", "abreviatura": "VES", "min_distance_m": 1960.1638922290699, "susc_inund_niv": "Medio", "susc_mmasa_niv": null, "susc_niv": "Medio", "canalC_niv": "Muy alto", "exposicion_niv": "Muy alto" }, "geometry": { "type": "Point", "coordinates": [ -76.9496893, -12.2003261 ] } },
{ "type": "Feature", "properties": { "entity_id": "17162", "entity_type": "salud", "Nombre del establecimiento": "CONSULTORIO MEDICO EL BUEN SAMARITANO", "Clasificación": "CONSULTORIOS MEDICOS Y DE OTROS PROFESIONALES DE LA SALUD", "Tipo": "ESTABLECIMIENTO DE SALUD SIN INTERNAMIENTO", "Categoria": "I-2", "Estado": "BAJA DEFINITIVA", "CAMAS": 0.0, "fecha_info": "2026-03-09T00:00:00", "sububigeo": "15012304", "UBIGEO": "150123", "DISTRITO": "PACHACAMAC", "PROVINCIA": "LIMA", "DEPARTAMEN": "LIMA", "Zonas": "Quebrada de Manchay", "tipo_influencia": "Directa", "abreviatura": "PACH", "min_distance_m": null, "susc_inund_niv": "Medio", "susc_mmasa_niv": "Alto", "susc_niv": "Alto", "canalC_niv": null, "exposicion_niv": "Alto" }, "geometry": { "type": "Point", "coordinates": [ -76.87336899, -12.15068136 ] } },
{ "type": "Feature", "properties": { "entity_id": "30391", "entity_type": "salud", "Nombre del establecimiento": "PACIFIC CONTROL CMA SAC", "Clasificación": "PATOLOGIA CLINICA", "Tipo": "SERVICIO MÉDICO DE APOYO", "Categoria": "Sin Categoría", "Estado": "BAJA DEFINITIVA", "CAMAS": 0.0, "fecha_info": "2026-03-09T00:00:00", "sububigeo": "15014200", "UBIGEO": "150142", "DISTRITO": "VILLA EL SALVADOR", "PROVINCIA": "LIMA", "DEPARTAMEN": "LIMA", "Zonas": "Todas Zonas", "tipo_influencia": "Directa", "abreviatura": "VES", "min_distance_m": null, "susc_inund_niv": "Medio", "susc_mmasa_niv": null, "susc_niv": "Medio", "canalC_niv": null, "exposicion_niv": "Medio" }, "geometry": { "type": "Point", "coordinates": [ -76.94000981, -12.24510548 ] } },
{ "type": "Feature", "properties": { "entity_id": "18888", "entity_type": "salud", "Nombre del establecimiento": "DENTAL ESTHETIC", "Clasificación": "CONSULTORIOS MEDICOS Y DE OTROS PROFESIONALES DE LA SALUD", "Tipo": "ESTABLECIMIENTO DE SALUD SIN INTERNAMIENTO", "Categoria": "Sin Categoría", "Estado": "ACTIVO", "CAMAS": 0.0, "fecha_info": "2026-03-09T00:00:00", "sububigeo": "15013300", "UBIGEO": "150133", "DISTRITO": "SAN JUAN DE MIRAFLORES", "PROVINCIA": "LIMA", "DEPARTAMEN": "LIMA", "Zonas": "Todas Zonas", "tipo_influencia": "Indirecta", "abreviatura": "SJM", "min_distance_m": 1776.1253831680669, "susc_inund_niv": "Medio", "susc_mmasa_niv": "Alto", "susc_niv": "Alto", "canalC_niv": "Muy alto", "exposicion_niv": "Muy alto" }, "geometry": { "type": "Point", "coordinates": [ -76.96323841, -12.13577749 ] } },
{ "type": "Feature", "properties": { "entity_id": "6127", "entity_type": "salud", "Nombre del establecimiento": "PUESTO DE SALUD PACHACAMAC", "Clasificación": "PUESTOS DE SALUD O POSTAS DE SALUD", "Tipo": "ESTABLECIMIENTO DE SALUD SIN INTERNAMIENTO", "Categoria": "I-2", "Estado": "ACTIVO", "CAMAS": 0.0, "fecha_info": "2026-03-09T00:00:00", "sububigeo": "15014200", "UBIGEO": "150142", "DISTRITO": "VILLA EL SALVADOR", "PROVINCIA": "LIMA", "DEPARTAMEN": "LIMA", "Zonas": "Todas Zonas", "tipo_influencia": "Directa", "abreviatura": "VES", "min_distance_m": 1547.112783121237, "susc_inund_niv": "Medio", "susc_mmasa_niv": null, "susc_niv": "Medio", "canalC_niv": "Muy alto", "exposicion_niv": "Muy alto" }, "geometry": { "type": "Point", "coordinates": [ -76.9215566, -12.2241138 ] } },
{ "type": "Feature", "properties": { "entity_id": "29631", "entity_type": "salud", "Nombre del establecimiento": "MUNDO MUJER", "Clasificación": "CONSULTORIOS MEDICOS Y DE OTROS PROFESIONALES DE LA SALUD", "Tipo": "ESTABLECIMIENTO DE SALUD SIN INTERNAMIENTO", "Categoria": "I-2", "Estado": "ACTIVO", "CAMAS": 0.0, "fecha_info": "2026-03-09T00:00:00", "sububigeo": "15014200", "UBIGEO": "150142", "DISTRITO": "VILLA EL SALVADOR", "PROVINCIA": "LIMA", "DEPARTAMEN": "LIMA", "Zonas": "Todas Zonas", "tipo_influencia": "Directa", "abreviatura": "VES", "min_distance_m": null, "susc_inund_niv": "Medio", "susc_mmasa_niv": null, "susc_niv": "Medio", "canalC_niv": null, "exposicion_niv": "Medio" }, "geometry": { "type": "Point", "coordinates": [ -76.9371281, -12.2132173 ] } },
{ "type": "Feature", "properties": { "entity_id": "12620", "entity_type": "salud", "Nombre del establecimiento": "CENTRO DE HEMODIALISIS VIDA RENAL", "Clasificación": "HEMODIALISIS", "Tipo": "SERVICIO MÉDICO DE APOYO", "Categoria": "Sin Categoría", "Estado": "ACTIVO", "CAMAS": 0.0, "fecha_info": "2026-03-09T00:00:00", "sububigeo": "15013300", "UBIGEO": "150133", "DISTRITO": "SAN JUAN DE MIRAFLORES", "PROVINCIA": "LIMA", "DEPARTAMEN": "LIMA", "Zonas": "Todas Zonas", "tipo_influencia": "Indirecta", "abreviatura": "SJM", "min_distance_m": 1771.7710420908525, "susc_inund_niv": "Medio", "susc_mmasa_niv": null, "susc_niv": "Medio", "canalC_niv": "Muy alto", "exposicion_niv": "Muy alto" }, "geometry": { "type": "Point", "coordinates": [ -76.9709463, -12.1675457 ] } },
{ "type": "Feature", "properties": { "entity_id": "31353", "entity_type": "salud", "Nombre del establecimiento": "POLICLINICO MEDAVAC-LAB", "Clasificación": "POLICLINICOS", "Tipo": "ESTABLECIMIENTO DE SALUD SIN INTERNAMIENTO", "Categoria": "I-3", "Estado": "ACTIVO", "CAMAS": 0.0, "fecha_info": "2026-03-09T00:00:00", "sububigeo": "15013300", "UBIGEO": "150133", "DISTRITO": "SAN JUAN DE MIRAFLORES", "PROVINCIA": "LIMA", "DEPARTAMEN": "LIMA", "Zonas": "Todas Zonas", "tipo_influencia": "Indirecta", "abreviatura": "SJM", "min_distance_m": 424.28006860225457, "susc_inund_niv": "Medio", "susc_mmasa_niv": null, "susc_niv": "Medio", "canalC_niv": "Muy alto", "exposicion_niv": "Muy alto" }, "geometry": { "type": "Point", "coordinates": [ -76.95976586, -12.16108096 ] } },
{ "type": "Feature", "properties": { "entity_id": "28601", "entity_type": "salud", "Nombre del establecimiento": "Consultorio Medico Dra. Aguirre", "Clasificación": "CONSULTORIOS MEDICOS Y DE OTROS PROFESIONALES DE LA SALUD", "Tipo": "ESTABLECIMIENTO DE SALUD SIN INTERNAMIENTO", "Categoria": "I-2", "Estado": "ACTIVO", "CAMAS": 0.0, "fecha_info": "2026-03-09T00:00:00", "sububigeo": "15014200", "UBIGEO": "150142", "DISTRITO": "VILLA EL SALVADOR", "PROVINCIA": "LIMA", "DEPARTAMEN": "LIMA", "Zonas": "Todas Zonas", "tipo_influencia": "Directa", "abreviatura": "VES", "min_distance_m": 1190.7945081963371, "susc_inund_niv": "Medio", "susc_mmasa_niv": null, "susc_niv": "Medio", "canalC_niv": "Muy alto", "exposicion_niv": "Muy alto" }, "geometry": { "type": "Point", "coordinates": [ -76.943487, -12.1965919 ] } },
{ "type": "Feature", "properties": { "entity_id": "29903", "entity_type": "salud", "Nombre del establecimiento": "Consultorio Dental Odontocrea", "Clasificación": "CONSULTORIOS MEDICOS Y DE OTROS PROFESIONALES DE LA SALUD", "Tipo": "ESTABLECIMIENTO DE SALUD SIN INTERNAMIENTO", "Categoria": "I-1", "Estado": "ACTIVO", "CAMAS": 0.0, "fecha_info": "2026-03-09T00:00:00", "sububigeo": "15011900", "UBIGEO": "150119", "DISTRITO": "LURIN", "PROVINCIA": "LIMA", "DEPARTAMEN": "LIMA", "Zonas": "Todas Zonas", "tipo_influencia": "Directa", "abreviatura": "LUR", "min_distance_m": null, "susc_inund_niv": null, "susc_mmasa_niv": null, "susc_niv": null, "canalC_niv": null, "exposicion_niv": null }, "geometry": { "type": "Point", "coordinates": [ -76.8353369, -12.2756321 ] } },
{ "type": "Feature", "properties": { "entity_id": "30140", "entity_type": "salud", "Nombre del establecimiento": "CENTRO MEDICO VITALIA", "Clasificación": "CENTROS DE SALUD O CENTROS MEDICOS", "Tipo": "ESTABLECIMIENTO DE SALUD SIN INTERNAMIENTO", "Categoria": "I-3", "Estado": "ACTIVO", "CAMAS": 0.0, "fecha_info": "2026-03-09T00:00:00", "sububigeo": "15011900", "UBIGEO": "150119", "DISTRITO": "LURIN", "PROVINCIA": "LIMA", "DEPARTAMEN": "LIMA", "Zonas": "Todas Zonas", "tipo_influencia": "Directa", "abreviatura": "LUR", "min_distance_m": null, "susc_inund_niv": null, "susc_mmasa_niv": null, "susc_niv": null, "canalC_niv": null, "exposicion_niv": null }, "geometry": { "type": "Point", "coordinates": [ -76.8712866, -12.27573192 ] } },
{ "type": "Feature", "properties": { "entity_id": "6144", "entity_type": "salud", "Nombre del establecimiento": "PUESTO DE SALUD CESAR VALLEJO", "Clasificación": "PUESTOS DE SALUD O POSTAS DE SALUD", "Tipo": "ESTABLECIMIENTO DE SALUD SIN INTERNAMIENTO", "Categoria": "I-2", "Estado": "ACTIVO", "CAMAS": 0.0, "fecha_info": "2026-03-09T00:00:00", "sububigeo": "15014304", "UBIGEO": "150143", "DISTRITO": "VILLA MARIA DEL TRIUNFO", "PROVINCIA": "LIMA", "DEPARTAMEN": "LIMA", "Zonas": "Nueva Esperanza", "tipo_influencia": "Directa", "abreviatura": "VMT", "min_distance_m": 321.64874479169305, "susc_inund_niv": null, "susc_mmasa_niv": null, "susc_niv": null, "canalC_niv": "Muy alto", "exposicion_niv": "Muy alto" }, "geometry": { "type": "Point", "coordinates": [ -76.9371509, -12.1873045 ] } },
{ "type": "Feature", "properties": { "entity_id": "26559", "entity_type": "salud", "Nombre del establecimiento": "CONSULTORIOS MÉDICOS ESPECIALIZADOS ADVA", "Clasificación": "CONSULTORIOS MEDICOS Y DE OTROS PROFESIONALES DE LA SALUD", "Tipo": "ESTABLECIMIENTO DE SALUD SIN INTERNAMIENTO", "Categoria": "I-2", "Estado": "BAJA DEFINITIVA", "CAMAS": 0.0, "fecha_info": "2026-03-09T00:00:00", "sububigeo": "15012304", "UBIGEO": "150123", "DISTRITO": "PACHACAMAC", "PROVINCIA": "LIMA", "DEPARTAMEN": "LIMA", "Zonas": "Quebrada de Manchay", "tipo_influencia": "Directa", "abreviatura": "PACH", "min_distance_m": null, "susc_inund_niv": "Medio", "susc_mmasa_niv": "Alto", "susc_niv": "Alto", "canalC_niv": null, "exposicion_niv": "Alto" }, "geometry": { "type": "Point", "coordinates": [ -76.87379669, -12.11348582 ] } },
{ "type": "Feature", "properties": { "entity_id": "7434", "entity_type": "salud", "Nombre del establecimiento": "PUESTO DE SALUD LADERAS DE VILLA", "Clasificación": "PUESTOS DE SALUD O POSTAS DE SALUD", "Tipo": "ESTABLECIMIENTO DE SALUD SIN INTERNAMIENTO", "Categoria": "I-2", "Estado": "ACTIVO", "CAMAS": 0.0, "fecha_info": "2026-03-09T00:00:00", "sububigeo": "15013300", "UBIGEO": "150133", "DISTRITO": "SAN JUAN DE MIRAFLORES", "PROVINCIA": "LIMA", "DEPARTAMEN": "LIMA", "Zonas": "Todas Zonas", "tipo_influencia": "Indirecta", "abreviatura": "SJM", "min_distance_m": 1377.6176877380603, "susc_inund_niv": null, "susc_mmasa_niv": null, "susc_niv": null, "canalC_niv": "Muy alto", "exposicion_niv": "Muy alto" }, "geometry": { "type": "Point", "coordinates": [ -76.9574698, -12.189694 ] } },
{ "type": "Feature", "properties": { "entity_id": "27483", "entity_type": "salud", "Nombre del establecimiento": "TOPSMILE S.A.C.", "Clasificación": "CONSULTORIOS MEDICOS Y DE OTROS PROFESIONALES DE LA SALUD", "Tipo": "ESTABLECIMIENTO DE SALUD SIN INTERNAMIENTO", "Categoria": "I-1", "Estado": "ACTIVO", "CAMAS": 0.0, "fecha_info": "2026-03-09T00:00:00", "sububigeo": "15014200", "UBIGEO": "150142", "DISTRITO": "VILLA EL SALVADOR", "PROVINCIA": "LIMA", "DEPARTAMEN": "LIMA", "Zonas": "Todas Zonas", "tipo_influencia": "Directa", "abreviatura": "VES", "min_distance_m": null, "susc_inund_niv": "Medio", "susc_mmasa_niv": null, "susc_niv": "Medio", "canalC_niv": null, "exposicion_niv": "Medio" }, "geometry": { "type": "Point", "coordinates": [ -76.94538285, -12.2178257 ] } },
{ "type": "Feature", "properties": { "entity_id": "29878", "entity_type": "salud", "Nombre del establecimiento": "TERAPICENTER", "Clasificación": "MEDICINA FISICA,ATENCION DOMICILIARIA", "Tipo": "SERVICIO MÉDICO DE APOYO", "Categoria": "Sin Categoría", "Estado": "ACTIVO", "CAMAS": 0.0, "fecha_info": "2026-03-09T00:00:00", "sububigeo": "15014200", "UBIGEO": "150142", "DISTRITO": "VILLA EL SALVADOR", "PROVINCIA": "LIMA", "DEPARTAMEN": "LIMA", "Zonas": "Todas Zonas", "tipo_influencia": "Directa", "abreviatura": "VES", "min_distance_m": 1562.5596894265291, "susc_inund_niv": "Medio", "susc_mmasa_niv": null, "susc_niv": "Medio", "canalC_niv": "Muy alto", "exposicion_niv": "Muy alto" }, "geometry": { "type": "Point", "coordinates": [ -76.94237284, -12.20473481 ] } },
{ "type": "Feature", "properties": { "entity_id": "31159", "entity_type": "salud", "Nombre del establecimiento": "CENTRO MEDICO LOS ÁNGELES", "Clasificación": "CENTROS DE SALUD O CENTROS MEDICOS", "Tipo": "ESTABLECIMIENTO DE SALUD SIN INTERNAMIENTO", "Categoria": "I-3", "Estado": "ACTIVO", "CAMAS": 0.0, "fecha_info": "2026-03-09T00:00:00", "sububigeo": "15013300", "UBIGEO": "150133", "DISTRITO": "SAN JUAN DE MIRAFLORES", "PROVINCIA": "LIMA", "DEPARTAMEN": "LIMA", "Zonas": "Todas Zonas", "tipo_influencia": "Indirecta", "abreviatura": "SJM", "min_distance_m": 471.46390644617293, "susc_inund_niv": "Medio", "susc_mmasa_niv": null, "susc_niv": "Medio", "canalC_niv": "Muy alto", "exposicion_niv": "Muy alto" }, "geometry": { "type": "Point", "coordinates": [ -76.9601956, -12.1619105 ] } },
{ "type": "Feature", "properties": { "entity_id": "32808", "entity_type": "salud", "Nombre del establecimiento": "CONSULTORIO DE SALUD REPRODUCTIVA", "Clasificación": "CONSULTORIOS MEDICOS Y DE OTROS PROFESIONALES DE LA SALUD", "Tipo": "ESTABLECIMIENTO DE SALUD SIN INTERNAMIENTO", "Categoria": "I-1", "Estado": "ACTIVO", "CAMAS": 0.0, "fecha_info": "2026-03-09T00:00:00", "sububigeo": "15013300", "UBIGEO": "150133", "DISTRITO": "SAN JUAN DE MIRAFLORES", "PROVINCIA": "LIMA", "DEPARTAMEN": "LIMA", "Zonas": "Todas Zonas", "tipo_influencia": "Indirecta", "abreviatura": "SJM", "min_distance_m": 1300.2308377110867, "susc_inund_niv": "Medio", "susc_mmasa_niv": null, "susc_niv": "Medio", "canalC_niv": "Muy alto", "exposicion_niv": "Muy alto" }, "geometry": { "type": "Point", "coordinates": [ -76.9614255, -12.1745828 ] } },
{ "type": "Feature", "properties": { "entity_id": "32094", "entity_type": "salud", "Nombre del establecimiento": "PSICLICA", "Clasificación": "CONSULTORIOS MEDICOS Y DE OTROS PROFESIONALES DE LA SALUD", "Tipo": "ESTABLECIMIENTO DE SALUD SIN INTERNAMIENTO", "Categoria": "I-1", "Estado": "ACTIVO", "CAMAS": 0.0, "fecha_info": "2026-03-09T00:00:00", "sububigeo": "15014200", "UBIGEO": "150142", "DISTRITO": "VILLA EL SALVADOR", "PROVINCIA": "LIMA", "DEPARTAMEN": "LIMA", "Zonas": "Todas Zonas", "tipo_influencia": "Directa", "abreviatura": "VES", "min_distance_m": null, "susc_inund_niv": "Medio", "susc_mmasa_niv": null, "susc_niv": "Medio", "canalC_niv": null, "exposicion_niv": "Medio" }, "geometry": { "type": "Point", "coordinates": [ -76.93613858, -12.21332329 ] } },
{ "type": "Feature", "properties": { "entity_id": "30111", "entity_type": "salud", "Nombre del establecimiento": "CONSULTORIO ODONTOLOGICO “MI SEÑOR DE LUREN”", "Clasificación": "CONSULTORIOS MEDICOS Y DE OTROS PROFESIONALES DE LA SALUD", "Tipo": "ESTABLECIMIENTO DE SALUD SIN INTERNAMIENTO", "Categoria": "I-1", "Estado": "ACTIVO", "CAMAS": 0.0, "fecha_info": "2026-03-09T00:00:00", "sububigeo": "15011900", "UBIGEO": "150119", "DISTRITO": "LURIN", "PROVINCIA": "LIMA", "DEPARTAMEN": "LIMA", "Zonas": "Todas Zonas", "tipo_influencia": "Directa", "abreviatura": "LUR", "min_distance_m": null, "susc_inund_niv": null, "susc_mmasa_niv": null, "susc_niv": null, "canalC_niv": null, "exposicion_niv": null }, "geometry": { "type": "Point", "coordinates": [ -76.87224782, -12.27186906 ] } },
{ "type": "Feature", "properties": { "entity_id": "37534", "entity_type": "salud", "Nombre del establecimiento": "FEMINAS CARE", "Clasificación": "CONSULTORIOS MEDICOS Y DE OTROS PROFESIONALES DE LA SALUD", "Tipo": "ESTABLECIMIENTO DE SALUD SIN INTERNAMIENTO", "Categoria": "I-2", "Estado": "CIERRE TEMPORAL DE OFICIO", "CAMAS": 0.0, "fecha_info": "2026-03-09T00:00:00", "sububigeo": "15014303", "UBIGEO": "150143", "DISTRITO": "VILLA MARIA DEL TRIUNFO", "PROVINCIA": "LIMA", "DEPARTAMEN": "LIMA", "Zonas": "Jose Carlos Mariategui", "tipo_influencia": "Directa", "abreviatura": "VMT", "min_distance_m": 430.15689942283012, "susc_inund_niv": null, "susc_mmasa_niv": "Alto", "susc_niv": "Alto", "canalC_niv": "Muy alto", "exposicion_niv": "Muy alto" }, "geometry": { "type": "Point", "coordinates": [ -76.9535038, -12.1483099 ] } },
{ "type": "Feature", "properties": { "entity_id": "36451", "entity_type": "salud", "Nombre del establecimiento": "DERMATOLOGIA SUAREZ", "Clasificación": "CONSULTORIOS MEDICOS Y DE OTROS PROFESIONALES DE LA SALUD", "Tipo": "ESTABLECIMIENTO DE SALUD SIN INTERNAMIENTO", "Categoria": "I-2", "Estado": "ACTIVO", "CAMAS": 0.0, "fecha_info": "2026-03-09T00:00:00", "sububigeo": "15013300", "UBIGEO": "150133", "DISTRITO": "SAN JUAN DE MIRAFLORES", "PROVINCIA": "LIMA", "DEPARTAMEN": "LIMA", "Zonas": "Todas Zonas", "tipo_influencia": "Indirecta", "abreviatura": "SJM", "min_distance_m": null, "susc_inund_niv": null, "susc_mmasa_niv": null, "susc_niv": null, "canalC_niv": null, "exposicion_niv": null }, "geometry": { "type": "Point", "coordinates": [ -76.97716313, -12.14061503 ] } },
{ "type": "Feature", "properties": { "entity_id": "37362", "entity_type": "salud", "Nombre del establecimiento": "CENTRO DE SALUD MENTAL COMUNITARIO QHALI KAY", "Clasificación": "CENTROS MEDICOS ESPECIALIZADOS", "Tipo": "ESTABLECIMIENTO DE SALUD SIN INTERNAMIENTO", "Categoria": "I-3", "Estado": "ACTIVO", "CAMAS": 0.0, "fecha_info": "2026-03-09T00:00:00", "sububigeo": "15013300", "UBIGEO": "150133", "DISTRITO": "SAN JUAN DE MIRAFLORES", "PROVINCIA": "LIMA", "DEPARTAMEN": "LIMA", "Zonas": "Todas Zonas", "tipo_influencia": "Indirecta", "abreviatura": "SJM", "min_distance_m": 598.70945294600006, "susc_inund_niv": "Medio", "susc_mmasa_niv": null, "susc_niv": "Medio", "canalC_niv": "Muy alto", "exposicion_niv": "Muy alto" }, "geometry": { "type": "Point", "coordinates": [ -76.9612568, -12.1626422 ] } },
{ "type": "Feature", "properties": { "entity_id": "35113", "entity_type": "salud", "Nombre del establecimiento": "CONSULTORIO MEDICO MONTOYA", "Clasificación": "CONSULTORIOS MEDICOS Y DE OTROS PROFESIONALES DE LA SALUD", "Tipo": "ESTABLECIMIENTO DE SALUD SIN INTERNAMIENTO", "Categoria": "I-2", "Estado": "ACTIVO", "CAMAS": 0.0, "fecha_info": "2026-03-09T00:00:00", "sububigeo": "15013300", "UBIGEO": "150133", "DISTRITO": "SAN JUAN DE MIRAFLORES", "PROVINCIA": "LIMA", "DEPARTAMEN": "LIMA", "Zonas": "Todas Zonas", "tipo_influencia": "Indirecta", "abreviatura": "SJM", "min_distance_m": null, "susc_inund_niv": null, "susc_mmasa_niv": null, "susc_niv": null, "canalC_niv": null, "exposicion_niv": null }, "geometry": { "type": "Point", "coordinates": [ -76.97307536, -12.14308371 ] } },
{ "type": "Feature", "properties": { "entity_id": "35097", "entity_type": "salud", "Nombre del establecimiento": "CONSULTORIO DENTAL PRADO", "Clasificación": "CENTRO ODONTOLOGICO", "Tipo": "ESTABLECIMIENTO DE SALUD SIN INTERNAMIENTO", "Categoria": "I-1", "Estado": "ACTIVO", "CAMAS": 0.0, "fecha_info": "2026-03-09T00:00:00", "sububigeo": "15012304", "UBIGEO": "150123", "DISTRITO": "PACHACAMAC", "PROVINCIA": "LIMA", "DEPARTAMEN": "LIMA", "Zonas": "Quebrada de Manchay", "tipo_influencia": "Directa", "abreviatura": "PACH", "min_distance_m": 1864.0505814105832, "susc_inund_niv": null, "susc_mmasa_niv": "Alto", "susc_niv": "Alto", "canalC_niv": "Muy alto", "exposicion_niv": "Muy alto" }, "geometry": { "type": "Point", "coordinates": [ -76.866667, -12.166667 ] } },
{ "type": "Feature", "properties": { "entity_id": "35112", "entity_type": "salud", "Nombre del establecimiento": "CONSULTORIO ODONTOLOGICO ESPINOZA 26", "Clasificación": "CONSULTORIOS MEDICOS Y DE OTROS PROFESIONALES DE LA SALUD", "Tipo": "ESTABLECIMIENTO DE SALUD SIN INTERNAMIENTO", "Categoria": "I-1", "Estado": "CIERRE TEMPORAL DE OFICIO", "CAMAS": 0.0, "fecha_info": "2026-03-09T00:00:00", "sububigeo": "15011900", "UBIGEO": "150119", "DISTRITO": "LURIN", "PROVINCIA": "LIMA", "DEPARTAMEN": "LIMA", "Zonas": "Todas Zonas", "tipo_influencia": "Directa", "abreviatura": "LUR", "min_distance_m": 1085.9274890501092, "susc_inund_niv": "Alto", "susc_mmasa_niv": null, "susc_niv": "Alto", "canalC_niv": "Alto", "exposicion_niv": "Alto" }, "geometry": { "type": "Point", "coordinates": [ -76.8840477, -12.2608092 ] } },
{ "type": "Feature", "properties": { "entity_id": "35111", "entity_type": "salud", "Nombre del establecimiento": "ZETA RX - RADIOLOGIA DENTAL", "Clasificación": "CONSULTORIOS MEDICOS Y DE OTROS PROFESIONALES DE LA SALUD", "Tipo": "ESTABLECIMIENTO DE SALUD SIN INTERNAMIENTO", "Categoria": "I-1", "Estado": "ACTIVO", "CAMAS": 0.0, "fecha_info": "2026-03-09T00:00:00", "sububigeo": "15014200", "UBIGEO": "150142", "DISTRITO": "VILLA EL SALVADOR", "PROVINCIA": "LIMA", "DEPARTAMEN": "LIMA", "Zonas": "Todas Zonas", "tipo_influencia": "Directa", "abreviatura": "VES", "min_distance_m": 1903.4816024092565, "susc_inund_niv": "Medio", "susc_mmasa_niv": null, "susc_niv": "Medio", "canalC_niv": "Muy alto", "exposicion_niv": "Muy alto" }, "geometry": { "type": "Point", "coordinates": [ -76.9349375, -12.2119375 ] } },
{ "type": "Feature", "properties": { "entity_id": "33516", "entity_type": "salud", "Nombre del establecimiento": "UNIDAD DE VISION MARIA DIVINA LUZ  VES", "Clasificación": "CONSULTORIOS MEDICOS Y DE OTROS PROFESIONALES DE LA SALUD", "Tipo": "ESTABLECIMIENTO DE SALUD SIN INTERNAMIENTO", "Categoria": "I-2", "Estado": "ACTIVO", "CAMAS": 0.0, "fecha_info": "2026-03-09T00:00:00", "sububigeo": "15014200", "UBIGEO": "150142", "DISTRITO": "VILLA EL SALVADOR", "PROVINCIA": "LIMA", "DEPARTAMEN": "LIMA", "Zonas": "Todas Zonas", "tipo_influencia": "Directa", "abreviatura": "VES", "min_distance_m": null, "susc_inund_niv": "Medio", "susc_mmasa_niv": null, "susc_niv": "Medio", "canalC_niv": null, "exposicion_niv": "Medio" }, "geometry": { "type": "Point", "coordinates": [ -76.94890425, -12.22070462 ] } },
{ "type": "Feature", "properties": { "entity_id": "33882", "entity_type": "salud", "Nombre del establecimiento": "CONSULTORIO MEDICO EL BUEN SAMARITANO", "Clasificación": "CONSULTORIOS MEDICOS Y DE OTROS PROFESIONALES DE LA SALUD", "Tipo": "ESTABLECIMIENTO DE SALUD SIN INTERNAMIENTO", "Categoria": "I-2", "Estado": "BAJA DEFINITIVA", "CAMAS": 0.0, "fecha_info": "2026-03-09T00:00:00", "sububigeo": "15012304", "UBIGEO": "150123", "DISTRITO": "PACHACAMAC", "PROVINCIA": "LIMA", "DEPARTAMEN": "LIMA", "Zonas": "Quebrada de Manchay", "tipo_influencia": "Directa", "abreviatura": "PACH", "min_distance_m": null, "susc_inund_niv": "Medio", "susc_mmasa_niv": "Alto", "susc_niv": "Alto", "canalC_niv": null, "exposicion_niv": "Alto" }, "geometry": { "type": "Point", "coordinates": [ -76.8711923, -12.1495676 ] } },
{ "type": "Feature", "properties": { "entity_id": "28810", "entity_type": "salud", "Nombre del establecimiento": "PREVENTION EMERGENCIAS", "Clasificación": "SERVICIO DE TRASLADO DE PACIENTES", "Tipo": "SERVICIO MÉDICO DE APOYO", "Categoria": "Sin Categoría", "Estado": "ACTIVO", "CAMAS": 0.0, "fecha_info": "2026-03-09T00:00:00", "sububigeo": "15011900", "UBIGEO": "150119", "DISTRITO": "LURIN", "PROVINCIA": "LIMA", "DEPARTAMEN": "LIMA", "Zonas": "Todas Zonas", "tipo_influencia": "Directa", "abreviatura": "LUR", "min_distance_m": 690.02931169642318, "susc_inund_niv": "Medio", "susc_mmasa_niv": null, "susc_niv": "Medio", "canalC_niv": "Muy alto", "exposicion_niv": "Muy alto" }, "geometry": { "type": "Point", "coordinates": [ -76.8981655, -12.2278392 ] } },
{ "type": "Feature", "properties": { "entity_id": "34625", "entity_type": "salud", "Nombre del establecimiento": "CONSULTORIO MÉDICO FETALFEM", "Clasificación": "CONSULTORIOS MEDICOS Y DE OTROS PROFESIONALES DE LA SALUD", "Tipo": "ESTABLECIMIENTO DE SALUD SIN INTERNAMIENTO", "Categoria": "I-2", "Estado": "ACTIVO", "CAMAS": 0.0, "fecha_info": "2026-03-09T00:00:00", "sububigeo": "15014200", "UBIGEO": "150142", "DISTRITO": "VILLA EL SALVADOR", "PROVINCIA": "LIMA", "DEPARTAMEN": "LIMA", "Zonas": "Todas Zonas", "tipo_influencia": "Directa", "abreviatura": "VES", "min_distance_m": 1628.7528741597491, "susc_inund_niv": "Medio", "susc_mmasa_niv": null, "susc_niv": "Medio", "canalC_niv": "Muy alto", "exposicion_niv": "Muy alto" }, "geometry": { "type": "Point", "coordinates": [ -76.93947741, -12.20772624 ] } },
{ "type": "Feature", "properties": { "entity_id": "33518", "entity_type": "salud", "Nombre del establecimiento": "BIENESTAR EN CASA S.A.C", "Clasificación": "CONSULTORIOS MEDICOS Y DE OTROS PROFESIONALES DE LA SALUD", "Tipo": "ESTABLECIMIENTO DE SALUD SIN INTERNAMIENTO", "Categoria": "I-2", "Estado": "ACTIVO", "CAMAS": 0.0, "fecha_info": "2026-03-09T00:00:00", "sububigeo": "15014200", "UBIGEO": "150142", "DISTRITO": "VILLA EL SALVADOR", "PROVINCIA": "LIMA", "DEPARTAMEN": "LIMA", "Zonas": "Todas Zonas", "tipo_influencia": "Directa", "abreviatura": "VES", "min_distance_m": null, "susc_inund_niv": "Medio", "susc_mmasa_niv": null, "susc_niv": "Medio", "canalC_niv": null, "exposicion_niv": "Medio" }, "geometry": { "type": "Point", "coordinates": [ -76.930765, -12.223003 ] } },
{ "type": "Feature", "properties": { "entity_id": "32832", "entity_type": "salud", "Nombre del establecimiento": "CENTA SALUD.", "Clasificación": "POLICLINICOS", "Tipo": "ESTABLECIMIENTO DE SALUD SIN INTERNAMIENTO", "Categoria": "I-3", "Estado": "BAJA DEFINITIVA", "CAMAS": 0.0, "fecha_info": "2026-03-09T00:00:00", "sububigeo": "15014304", "UBIGEO": "150143", "DISTRITO": "VILLA MARIA DEL TRIUNFO", "PROVINCIA": "LIMA", "DEPARTAMEN": "LIMA", "Zonas": "Nueva Esperanza", "tipo_influencia": "Directa", "abreviatura": "VMT", "min_distance_m": 135.50774356623819, "susc_inund_niv": "Medio", "susc_mmasa_niv": null, "susc_niv": "Medio", "canalC_niv": "Muy alto", "exposicion_niv": "Muy alto" }, "geometry": { "type": "Point", "coordinates": [ -76.93966943, -12.17676194 ] } },
{ "type": "Feature", "properties": { "entity_id": "32815", "entity_type": "salud", "Nombre del establecimiento": "CONSULTORIO MÉDICO ENDOSUR", "Clasificación": "CONSULTORIOS MEDICOS Y DE OTROS PROFESIONALES DE LA SALUD", "Tipo": "ESTABLECIMIENTO DE SALUD SIN INTERNAMIENTO", "Categoria": "I-2", "Estado": "ACTIVO", "CAMAS": 0.0, "fecha_info": "2026-03-09T00:00:00", "sububigeo": "15011900", "UBIGEO": "150119", "DISTRITO": "LURIN", "PROVINCIA": "LIMA", "DEPARTAMEN": "LIMA", "Zonas": "Todas Zonas", "tipo_influencia": "Directa", "abreviatura": "LUR", "min_distance_m": null, "susc_inund_niv": null, "susc_mmasa_niv": null, "susc_niv": null, "canalC_niv": null, "exposicion_niv": null }, "geometry": { "type": "Point", "coordinates": [ -76.85316, -12.2971036 ] } },
{ "type": "Feature", "properties": { "entity_id": "32166", "entity_type": "salud", "Nombre del establecimiento": "CONSULTORIOS ODONTOLOGICOS MI SONRISA", "Clasificación": "CONSULTORIOS MEDICOS Y DE OTROS PROFESIONALES DE LA SALUD", "Tipo": "ESTABLECIMIENTO DE SALUD SIN INTERNAMIENTO", "Categoria": "I-1", "Estado": "ACTIVO", "CAMAS": 0.0, "fecha_info": "2026-03-09T00:00:00", "sububigeo": "15014200", "UBIGEO": "150142", "DISTRITO": "VILLA EL SALVADOR", "PROVINCIA": "LIMA", "DEPARTAMEN": "LIMA", "Zonas": "Todas Zonas", "tipo_influencia": "Directa", "abreviatura": "VES", "min_distance_m": 1320.8413704551538, "susc_inund_niv": "Medio", "susc_mmasa_niv": null, "susc_niv": "Medio", "canalC_niv": "Muy alto", "exposicion_niv": "Muy alto" }, "geometry": { "type": "Point", "coordinates": [ -76.9549441, -12.1917733 ] } },
{ "type": "Feature", "properties": { "entity_id": "32286", "entity_type": "salud", "Nombre del establecimiento": "DENTAL MENESES", "Clasificación": "CONSULTORIOS MEDICOS Y DE OTROS PROFESIONALES DE LA SALUD", "Tipo": "ESTABLECIMIENTO DE SALUD SIN INTERNAMIENTO", "Categoria": "I-1", "Estado": "ACTIVO", "CAMAS": 0.0, "fecha_info": "2026-03-09T00:00:00", "sububigeo": "15013300", "UBIGEO": "150133", "DISTRITO": "SAN JUAN DE MIRAFLORES", "PROVINCIA": "LIMA", "DEPARTAMEN": "LIMA", "Zonas": "Todas Zonas", "tipo_influencia": "Indirecta", "abreviatura": "SJM", "min_distance_m": 414.46464723527509, "susc_inund_niv": "Medio", "susc_mmasa_niv": null, "susc_niv": "Medio", "canalC_niv": "Muy alto", "exposicion_niv": "Muy alto" }, "geometry": { "type": "Point", "coordinates": [ -76.9596932, -12.16159703 ] } },
{ "type": "Feature", "properties": { "entity_id": "30174", "entity_type": "salud", "Nombre del establecimiento": "INNOVATION CONSULTORIO ODONTOLÓGICOS", "Clasificación": "CONSULTORIOS MEDICOS Y DE OTROS PROFESIONALES DE LA SALUD", "Tipo": "ESTABLECIMIENTO DE SALUD SIN INTERNAMIENTO", "Categoria": "I-1", "Estado": "ACTIVO", "CAMAS": 0.0, "fecha_info": "2026-03-09T00:00:00", "sububigeo": "12070100", "UBIGEO": "120701", "DISTRITO": "TARMA", "PROVINCIA": "TARMA", "DEPARTAMEN": "JUNIN", "Zonas": "Todas Zonas", "tipo_influencia": "Indirecta", "abreviatura": "TAR", "min_distance_m": 416.37042455091773, "susc_inund_niv": "Muy alto", "susc_mmasa_niv": null, "susc_niv": "Muy alto", "canalC_niv": "Muy alto", "exposicion_niv": "Muy alto" }, "geometry": { "type": "Point", "coordinates": [ -75.68711913, -11.41891187 ] } }
]
}
