{
"type": "FeatureCollection",
"name": "subzonas",
"crs": { "type": "name", "properties": { "name": "urn:ogc:def:crs:OGC:1.3:CRS84" } },
"features": [
{ "type": "Feature", "properties": { "index": 1143, "UBIGEO": "120701", "CCDD": "12", "CCPP": "07", "CCDI": "01", "DEPARTAMEN": "JUNIN", "PROVINCIA": "TARMA", "DISTRITO": "TARMA", "OBJECTID": 1144.0, "ESRI_OID": 1144.0, "Zonas": "Todas Zonas", "sububigeo": "12070100", "tipo_influencia": "Indirecta", "abreviatura": "TAR" }, "geometry": { "type": "Polygon", "coordinates": [ [ [ -75.717376984999987, -11.352123103999933 ], [ -75.716337859999953, -11.352474603999957 ], [ -75.715527359999953, -11.353015478999961 ], [ -75.715173734999951, -11.353638728999956 ], [ -75.714529234999986, -11.353951228999962 ], [ -75.713677609999934, -11.354220728999953 ], [ -75.712690734999967, -11.354220728999962 ], [ -75.711392609999962, -11.354304728999979 ], [ -75.710271484999964, -11.354947228999952 ], [ -75.709502609999959, -11.355020853999974 ], [ -75.70887885999997, -11.355093728999977 ], [ -75.708154609999951, -11.355448353999979 ], [ -75.708107234999943, -11.355463353999944 ], [ -75.708033234999959, -11.355507728999953 ], [ -75.707485859999963, -11.35583622899998 ], [ -75.706745859999955, -11.356280103999941 ], [ -75.706713109999953, -11.356305228999931 ], [ -75.705632734999938, -11.356864728999934 ], [ -75.704496359999951, -11.357903728999926 ], [ -75.704347609999957, -11.358115978999932 ], [ -75.702108859999953, -11.361310228999974 ], [ -75.699707234999948, -11.363358353999956 ], [ -75.698408609999944, -11.364608353999932 ], [ -75.697632609999971, -11.365405853999965 ], [ -75.69700335999994, -11.365886103999973 ], [ -75.696485859999939, -11.366280978999947 ], [ -75.695761609999977, -11.36682422899997 ], [ -75.694695359999983, -11.367472978999949 ], [ -75.693930984999952, -11.367915603999952 ], [ -75.692804359999968, -11.368478853999926 ], [ -75.691138234999983, -11.369855478999959 ], [ -75.690275859999986, -11.371377478999936 ], [ -75.689717734999988, -11.372544353999951 ], [ -75.689108984999962, -11.373736478999936 ], [ -75.688018234999959, -11.375055478999974 ], [ -75.686268109999958, -11.375816478999974 ], [ -75.685285328999953, -11.376200517999962 ], [ -75.684061234999945, -11.376678853999982 ], [ -75.68195585999996, -11.377794978999933 ], [ -75.680205609999973, -11.379088478999966 ], [ -75.678810609999971, -11.380382228999965 ], [ -75.677863234999961, -11.381943353999919 ], [ -75.67738711, -11.383476603999949 ], [ -75.676812734999942, -11.384764228999922 ], [ -75.675881734999962, -11.386408353999977 ], [ -75.674118734999979, -11.389201478999942 ], [ -75.671859359999985, -11.391931603999984 ], [ -75.667480484999942, -11.393814478999955 ], [ -75.666298859999984, -11.394124978999979 ], [ -75.665108109999949, -11.394291103999928 ], [ -75.664699484999971, -11.394506103999952 ], [ -75.664032984999949, -11.394656603999982 ], [ -75.663237359999982, -11.394828603999944 ], [ -75.662570734999974, -11.395086728999953 ], [ -75.661625734999973, -11.395692853999941 ], [ -75.661577984999951, -11.395723478999974 ], [ -75.661193609999941, -11.396058478999972 ], [ -75.660361734999981, -11.396783728999926 ], [ -75.659986359999948, -11.39711097899993 ], [ -75.659158984999976, -11.398093478999957 ], [ -75.657868734999965, -11.399612978999922 ], [ -75.656607234999967, -11.400444478999932 ], [ -75.655116359999965, -11.401705978999923 ], [ -75.654068984999981, -11.402212228999929 ], [ -75.653999734999957, -11.402226103999972 ], [ -75.65304873499997, -11.402416228999922 ], [ -75.652299359999972, -11.402202103999976 ], [ -75.652191734999974, -11.402171353999956 ], [ -75.65153885999996, -11.401599978999972 ], [ -75.651090734999968, -11.400518853999932 ], [ -75.65086335999996, -11.399609228999967 ], [ -75.650425234999943, -11.398194103999966 ], [ -75.650218984999981, -11.39725922899993 ], [ -75.650181109999949, -11.396387478999934 ], [ -75.650092609999945, -11.395307353999954 ], [ -75.650345484999946, -11.39389235399995 ], [ -75.650496859999976, -11.392477353999944 ], [ -75.650092734999987, -11.390128228999966 ], [ -75.649775609999949, -11.388899603999963 ], [ -75.649162109999963, -11.388456978999951 ], [ -75.648031734999975, -11.388503228999973 ], [ -75.646350359999985, -11.389604228999923 ], [ -75.64400360999997, -11.390651103999975 ], [ -75.641837609999982, -11.391445353999924 ], [ -75.640321359999973, -11.392131228999975 ], [ -75.639093859999946, -11.392997853999926 ], [ -75.637119109999958, -11.393455103999944 ], [ -75.635953109999946, -11.39321447899993 ], [ -75.634334359999968, -11.393430478999953 ], [ -75.633300484999964, -11.394050728999961 ], [ -75.631887609999978, -11.394739978999953 ], [ -75.628985609999972, -11.396174603999951 ], [ -75.626098109999987, -11.397565853999934 ], [ -75.62502948499997, -11.398220603999967 ], [ -75.624168109999971, -11.398806478999976 ], [ -75.623513359999947, -11.399254478999985 ], [ -75.623004984999966, -11.400108103999965 ], [ -75.622800609999956, -11.400519478999973 ], [ -75.62266548499997, -11.400843853999964 ], [ -75.622503359999939, -11.401235853999943 ], [ -75.62228698499996, -11.401681853999944 ], [ -75.621813859999975, -11.402073853999983 ], [ -75.621219234999955, -11.402317103999962 ], [ -75.620624484999951, -11.402479353999981 ], [ -75.619881109999938, -11.402587478999985 ], [ -75.618289609999977, -11.402530228999975 ], [ -75.616102484999942, -11.402446103999976 ], [ -75.61450423499997, -11.402137603999961 ], [ -75.61328685999996, -11.401902103999927 ], [ -75.612414109999975, -11.401733103999963 ], [ -75.611475859999985, -11.401688978999967 ], [ -75.609890109999981, -11.401555478999962 ], [ -75.608503734999942, -11.401839728999953 ], [ -75.607934984999986, -11.402017603999981 ], [ -75.607223984999962, -11.402195228999965 ], [ -75.606548609999948, -11.402479728999936 ], [ -75.606253109999955, -11.402635103999954 ], [ -75.605873234999933, -11.402835103999962 ], [ -75.604166859999964, -11.40311947899994 ], [ -75.602211734999969, -11.403546103999929 ], [ -75.601218734999975, -11.403732478999933 ], [ -75.595179734999988, -11.407136728999939 ], [ -75.594476484999973, -11.408701228999965 ], [ -75.593958859999987, -11.410161478999953 ], [ -75.59401435999996, -11.411196603999944 ], [ -75.594226609999964, -11.412708978999948 ], [ -75.595049484999947, -11.413876728999982 ], [ -75.595955109999977, -11.414856353999934 ], [ -75.597193609999977, -11.416002353999952 ], [ -75.597951359999968, -11.417517978999971 ], [ -75.598552484999971, -11.418965978999941 ], [ -75.598820234999948, -11.420512353999985 ], [ -75.599485609999988, -11.421972603999954 ], [ -75.600502234999965, -11.423247978999944 ], [ -75.60225810999998, -11.424763728999949 ], [ -75.602336109999953, -11.424826603999977 ], [ -75.603311735, -11.425614103999973 ], [ -75.603654734999964, -11.42578547899995 ], [ -75.604753484999961, -11.426334853999945 ], [ -75.606583359999945, -11.426907728999931 ], [ -75.608061984999949, -11.427554728999958 ], [ -75.608875359999956, -11.428294103999971 ], [ -75.609519484999964, -11.429404353999921 ], [ -75.610206109999979, -11.430013103999949 ], [ -75.61036310999998, -11.430189853999938 ], [ -75.611389109999948, -11.431343853999977 ], [ -75.611943609999969, -11.432083228999943 ], [ -75.612091484999951, -11.433987103999984 ], [ -75.611777234999977, -11.435706103999966 ], [ -75.611089984999978, -11.437092853999955 ], [ -75.609853984999972, -11.438210353999978 ], [ -75.609577734999959, -11.438460103999944 ], [ -75.607747859999961, -11.439975853999959 ], [ -75.605529734999948, -11.441288228999943 ], [ -75.603084109999941, -11.442256103999968 ], [ -75.601050234999946, -11.442717853999961 ], [ -75.601289984999937, -11.443089978999975 ], [ -75.601649984999938, -11.443399978999937 ], [ -75.602239984999983, -11.443649978999927 ], [ -75.602539984999964, -11.443779978999935 ], [ -75.602969984999959, -11.443879978999972 ], [ -75.604039984999986, -11.443879978999972 ], [ -75.604989984999975, -11.44407997899998 ], [ -75.605809984999965, -11.444079978999977 ], [ -75.605989984999951, -11.444119978999941 ], [ -75.60641998499996, -11.444219978999969 ], [ -75.60693998499994, -11.444509978999983 ], [ -75.607579984999973, -11.445189978999954 ], [ -75.608399984999949, -11.44571997899993 ], [ -75.609079984999937, -11.446049978999952 ], [ -75.609889984999953, -11.446279978999938 ], [ -75.610579984999958, -11.446599978999931 ], [ -75.611369984999953, -11.446859978999942 ], [ -75.611879984999973, -11.447189978999969 ], [ -75.612229984999956, -11.447479978999977 ], [ -75.613119984999969, -11.447909978999965 ], [ -75.613539984999989, -11.448079978999941 ], [ -75.613859984999976, -11.44814997899994 ], [ -75.613919984999939, -11.44822997899997 ], [ -75.614689984999984, -11.449189978999982 ], [ -75.61499998499994, -11.44995997899998 ], [ -75.615219984999953, -11.450229978999976 ], [ -75.615459984999973, -11.450329978999946 ], [ -75.617189984999982, -11.451119978999937 ], [ -75.617317234999973, -11.451185478999946 ], [ -75.618199985, -11.45163997899993 ], [ -75.618379234999964, -11.451783978999972 ], [ -75.618809984999984, -11.452129978999947 ], [ -75.62022998499998, -11.453049978999948 ], [ -75.620319984999981, -11.453179978999973 ], [ -75.620439984999962, -11.453889978999946 ], [ -75.620439984999962, -11.45463997899998 ], [ -75.620639984999968, -11.455079978999937 ], [ -75.620839984999975, -11.456379978999962 ], [ -75.620619984999976, -11.458109978999961 ], [ -75.620519984999987, -11.459809978999941 ], [ -75.620417859999975, -11.460379853999941 ], [ -75.620259984999961, -11.461259978999973 ], [ -75.619399984999987, -11.462979978999948 ], [ -75.618929984999966, -11.464219978999953 ], [ -75.618699985, -11.464499978999976 ], [ -75.618549984999959, -11.465069978999971 ], [ -75.618359984999984, -11.465419978999927 ], [ -75.618249984999977, -11.465799978999948 ], [ -75.61778398499996, -11.466814353999947 ], [ -75.617773484999987, -11.46683722899996 ], [ -75.617740109999943, -11.46690985399994 ], [ -75.61773898499996, -11.466911853999926 ], [ -75.617568734999963, -11.46722235399994 ], [ -75.617235234999953, -11.467830228999954 ], [ -75.617507234999948, -11.469256228999939 ], [ -75.61813535999994, -11.470336728999936 ], [ -75.618763609999974, -11.470964978999975 ], [ -75.620849359999966, -11.472321978999954 ], [ -75.622306859999981, -11.473704103999969 ], [ -75.62373923499996, -11.474457978999963 ], [ -75.625196734999975, -11.474935478999949 ], [ -75.626704484999948, -11.475337353999972 ], [ -75.627960984999959, -11.475563728999933 ], [ -75.629317859999958, -11.476242228999979 ], [ -75.631227734999982, -11.476719603999987 ], [ -75.632438984999965, -11.477019728999949 ], [ -75.632439984999962, -11.47701997899998 ], [ -75.633016859999941, -11.476946228999958 ], [ -75.633299984999951, -11.476909978999965 ], [ -75.634165609999968, -11.476671228999967 ], [ -75.634170109999957, -11.476669978999956 ], [ -75.634670484999958, -11.476845228999933 ], [ -75.635549984999955, -11.47729760399994 ], [ -75.636328984999977, -11.478252478999924 ], [ -75.637359359999948, -11.479735228999965 ], [ -75.638389609999933, -11.480664978999927 ], [ -75.640525609999955, -11.48184597899996 ], [ -75.642383734999953, -11.482660978999943 ], [ -75.649295734999953, -11.484057603999924 ], [ -75.651224322999951, -11.48481567499994 ], [ -75.652939484999948, -11.485489853999981 ], [ -75.655176109999957, -11.486143103999954 ], [ -75.658216734999939, -11.486897103999974 ], [ -75.661031359999981, -11.487449853999967 ], [ -75.662790234999989, -11.487801728999958 ], [ -75.664599984999938, -11.48815997899993 ], [ -75.666170000999969, -11.489493711999954 ], [ -75.666810984999984, -11.490038228999939 ], [ -75.671115609999958, -11.492709103999966 ], [ -75.673224359999949, -11.493660478999978 ], [ -75.675362859999964, -11.493982103999938 ], [ -75.678596609999943, -11.494360478999972 ], [ -75.681310609999969, -11.494360478999971 ], [ -75.682183859999952, -11.49433672899994 ], [ -75.684269984999958, -11.494279978999945 ], [ -75.685486859999983, -11.494415978999937 ], [ -75.686535484999979, -11.494488353999934 ], [ -75.688017984999988, -11.494777603999983 ], [ -75.689572609999971, -11.495139228999955 ], [ -75.690982734999977, -11.495645353999979 ], [ -75.691886734999969, -11.496079228999978 ], [ -75.692537484999946, -11.496513103999975 ], [ -75.693260734999967, -11.497127853999922 ], [ -75.693947609999952, -11.497742478999958 ], [ -75.694706984999982, -11.498718728999966 ], [ -75.695176984999989, -11.499514228999935 ], [ -75.695228609999958, -11.499762103999963 ], [ -75.695357734999959, -11.500381978999933 ], [ -75.695213109999941, -11.501502853999972 ], [ -75.695032359999971, -11.502334478999948 ], [ -75.694743109999933, -11.503816853999968 ], [ -75.694200734999981, -11.505950228999955 ], [ -75.693839234999984, -11.507938853999971 ], [ -75.692126484999974, -11.512167603999956 ], [ -75.691296109999939, -11.514225353999965 ], [ -75.689996484999938, -11.515921978999931 ], [ -75.688624609999977, -11.517438353999983 ], [ -75.688268359999938, -11.518668728999961 ], [ -75.688210109999943, -11.519062853999973 ], [ -75.688093109999954, -11.519940478999951 ], [ -75.687800609999954, -11.520613228999936 ], [ -75.687244734999979, -11.522017478999947 ], [ -75.686805985, -11.523129103999963 ], [ -75.686484109999981, -11.524299228999949 ], [ -75.686220859999935, -11.525440103999918 ], [ -75.686133109999957, -11.526405478999941 ], [ -75.68619160999998, -11.52716610399994 ], [ -75.686425609999958, -11.527721978999971 ], [ -75.686688984999989, -11.528541103999936 ], [ -75.686835235, -11.529740478999949 ], [ -75.686981484999933, -11.530939853999945 ], [ -75.687017984999954, -11.531119603999969 ], [ -75.687293609999983, -11.532475728999943 ], [ -75.68772260999998, -11.533957853999935 ], [ -75.688268609999966, -11.535478978999938 ], [ -75.68842460999997, -11.536064103999941 ], [ -75.688619734999975, -11.53741622899997 ], [ -75.688938484999952, -11.539626478999935 ], [ -75.689215859999933, -11.543350603999949 ], [ -75.689202234999982, -11.544622478999939 ], [ -75.689491109999949, -11.546752478999968 ], [ -75.690501859999983, -11.548340978999937 ], [ -75.691440484999987, -11.550362603999929 ], [ -75.691474109999945, -11.551551603999934 ], [ -75.690176984999937, -11.554080978999936 ], [ -75.689364484999942, -11.556357228999961 ], [ -75.691671609999958, -11.556296603999957 ], [ -75.694893484999966, -11.556495103999955 ], [ -75.697812734999957, -11.556842603999938 ], [ -75.701357609999945, -11.557190228999957 ], [ -75.703442859999939, -11.55847597899997 ], [ -75.704867734999937, -11.56007472899995 ], [ -75.706014484999969, -11.562264228999929 ], [ -75.707439484999952, -11.56521822899998 ], [ -75.708620984999982, -11.56664310399997 ], [ -75.70997636, -11.567129603999938 ], [ -75.711609859999953, -11.566052228999979 ], [ -75.712061609999978, -11.563480478999965 ], [ -75.712304859999961, -11.561986103999974 ], [ -75.712630359999935, -11.560901603999971 ], [ -75.713184984999941, -11.558999853999982 ], [ -75.714565109999967, -11.556096728999927 ], [ -75.715324234999969, -11.555138728999955 ], [ -75.716233234999947, -11.55429197899997 ], [ -75.716829109999935, -11.553570603999955 ], [ -75.717413609999937, -11.550934603999965 ], [ -75.717413609999937, -11.548015353999968 ], [ -75.717552609999984, -11.546173353999952 ], [ -75.718421484999979, -11.544296728999942 ], [ -75.720367609999983, -11.543254103999976 ], [ -75.722140109999941, -11.542420103999971 ], [ -75.723495484999944, -11.54137747899995 ], [ -75.725816359999953, -11.538188478999928 ], [ -75.727059234999956, -11.535535728999948 ], [ -75.727074984999945, -11.533801228999943 ], [ -75.726414734999935, -11.529700353999946 ], [ -75.726623234999977, -11.527163353999978 ], [ -75.726587109999969, -11.527172353999953 ], [ -75.726746734999949, -11.526716353999969 ], [ -75.727634359999968, -11.525483853999962 ], [ -75.728768109999976, -11.524892228999935 ], [ -75.728913109999951, -11.524850853999959 ], [ -75.731183859999987, -11.524202103999929 ], [ -75.733550234999939, -11.523265353999937 ], [ -75.734930609999935, -11.522722978999978 ], [ -75.734964859999934, -11.522720103999971 ], [ -75.736064484999986, -11.522624478999951 ], [ -75.737050484999941, -11.522673728999955 ], [ -75.738097359999983, -11.523408478999961 ], [ -75.738760984999942, -11.52413535399995 ], [ -75.739808609999955, -11.525997728999918 ], [ -75.740244359999963, -11.529444478999954 ], [ -75.741710234999971, -11.532495103999965 ], [ -75.743017859999952, -11.534555353999957 ], [ -75.745038234999981, -11.538160603999929 ], [ -75.748654734999946, -11.541897978999945 ], [ -75.74946586, -11.54236160399995 ], [ -75.75132023499998, -11.54236160399995 ], [ -75.75748410999995, -11.541933478999958 ], [ -75.760472984999979, -11.541377478999944 ], [ -75.762836109999967, -11.540647603999956 ], [ -75.765929359999973, -11.539570228999928 ], [ -75.768096234999973, -11.538517103999949 ], [ -75.769720609999979, -11.537209728999935 ], [ -75.770552484999939, -11.536892853999975 ], [ -75.773286234999944, -11.537487103999981 ], [ -75.775821734999965, -11.538635978999938 ], [ -75.779743984999982, -11.540577353999936 ], [ -75.784220859999948, -11.541448853999945 ], [ -75.786101734999988, -11.541707603999956 ], [ -75.78707398499995, -11.541756103999949 ], [ -75.787387359999968, -11.541803103999939 ], [ -75.788484109999956, -11.542420103999966 ], [ -75.789978484999949, -11.544018728999962 ], [ -75.790362734999974, -11.544175853999944 ], [ -75.790967734999981, -11.544423353999942 ], [ -75.792272234999984, -11.544956978999947 ], [ -75.793619109999952, -11.545329728999958 ], [ -75.795680484999934, -11.544976478999954 ], [ -75.796298859999979, -11.544696603999961 ], [ -75.796576609999988, -11.544543478999959 ], [ -75.797145234999959, -11.54422972899993 ], [ -75.797152859999983, -11.544225478999978 ], [ -75.797638734999964, -11.543989978999951 ], [ -75.797741359999975, -11.543916103999956 ], [ -75.798006859999987, -11.543724853999942 ], [ -75.798393484999963, -11.543367353999942 ], [ -75.798882109999965, -11.543018353999976 ], [ -75.799228984999957, -11.542885603999935 ], [ -75.799405609999951, -11.542878728999932 ], [ -75.799773734999974, -11.543047603999984 ], [ -75.799830734999944, -11.543114978999945 ], [ -75.800097734999952, -11.543430353999957 ], [ -75.800278359999936, -11.543786228999974 ], [ -75.800819109999964, -11.544181353999923 ], [ -75.801763609999966, -11.54477310399994 ], [ -75.803389734999939, -11.54589897899996 ], [ -75.805078484999967, -11.546868353999965 ], [ -75.806015109999976, -11.547083478999973 ], [ -75.808204109999963, -11.547586103999945 ], [ -75.811620984999934, -11.546931853999983 ], [ -75.816796859999954, -11.542970728999927 ], [ -75.821012734999954, -11.541367353999934 ], [ -75.826827984999966, -11.537099603999934 ], [ -75.829219484999953, -11.534039603999936 ], [ -75.830878859999984, -11.532205103999951 ], [ -75.833564484999954, -11.529710978999958 ], [ -75.83485273499997, -11.528061478999973 ], [ -75.836408234999965, -11.526131853999976 ], [ -75.837383109999962, -11.524884978999982 ], [ -75.837881984999967, -11.524182103999982 ], [ -75.838562109999941, -11.52313922899998 ], [ -75.839219484999944, -11.522391103999949 ], [ -75.840012984999987, -11.521778978999977 ], [ -75.840027109999937, -11.521764853999962 ], [ -75.840670484999976, -11.521121478999937 ], [ -75.841169234999953, -11.520668103999986 ], [ -75.841511609999941, -11.52028010399993 ], [ -75.841849484999955, -11.519897103999945 ], [ -75.842438859999959, -11.519194478999971 ], [ -75.843164359999946, -11.518510603999964 ], [ -75.844736234999971, -11.516968853999959 ], [ -75.846610359999943, -11.515336603999961 ], [ -75.847847359999946, -11.514084478999965 ], [ -75.849433859999976, -11.512440103999943 ], [ -75.850439734999952, -11.511550103999976 ], [ -75.851987484999938, -11.510447478999943 ], [ -75.852658109999936, -11.509999228999952 ], [ -75.853251359999945, -11.509534978999966 ], [ -75.853638109999963, -11.509070603999929 ], [ -75.854644234999967, -11.50834835399996 ], [ -75.855650234999985, -11.507638978999978 ], [ -75.857216859999937, -11.50651935399997 ], [ -75.858812484999987, -11.505646478999957 ], [ -75.859305359999951, -11.505406603999974 ], [ -75.859683359999963, -11.505441603999948 ], [ -75.860188359999938, -11.505537478999944 ], [ -75.860891484999968, -11.506282103999972 ], [ -75.86142373499996, -11.506864978999943 ], [ -75.862057234999952, -11.507422603999935 ], [ -75.863299109999957, -11.508436353999965 ], [ -75.864373984999986, -11.509167228999962 ], [ -75.864870484999983, -11.509526103999965 ], [ -75.865782859999968, -11.509678228999968 ], [ -75.866821859999959, -11.509855603999938 ], [ -75.867497109999988, -11.50978560399995 ], [ -75.868359484999985, -11.509544978999932 ], [ -75.869282109999972, -11.508762728999956 ], [ -75.870043359999954, -11.50794510399993 ], [ -75.87036510999998, -11.507599478999968 ], [ -75.870919984999944, -11.507081353999988 ], [ -75.871437484999944, -11.505897103999924 ], [ -75.871764484999972, -11.504262103999965 ], [ -75.871811359999981, -11.503301853999981 ], [ -75.872385734999966, -11.501678728999927 ], [ -75.872367234999956, -11.500432228999959 ], [ -75.872362609999982, -11.500122228999935 ], [ -75.872316859999955, -11.49971035399995 ], [ -75.872189609999964, -11.498564478999981 ], [ -75.872185484999989, -11.498527728999942 ], [ -75.872025359999952, -11.497347478999927 ], [ -75.871989609999957, -11.496206478999966 ], [ -75.872271484999942, -11.495451228999974 ], [ -75.873180734999949, -11.493781228999973 ], [ -75.873751109999944, -11.492275103999924 ], [ -75.874389984999937, -11.490928728999965 ], [ -75.875371234999989, -11.489399853999949 ], [ -75.876378484999975, -11.48807560399996 ], [ -75.878066609999962, -11.486130853999951 ], [ -75.879370234999953, -11.484613603999946 ], [ -75.879797609999969, -11.483865728999939 ], [ -75.879989984999952, -11.483402603999936 ], [ -75.880310484999939, -11.482462353999956 ], [ -75.881015734999949, -11.481329728999983 ], [ -75.88155710999996, -11.480563978999955 ], [ -75.882554359999972, -11.479196353999948 ], [ -75.882982109999944, -11.478695978999944 ], [ -75.883868734999965, -11.477658853999976 ], [ -75.884332359999974, -11.476870603999945 ], [ -75.884680234999962, -11.476151728999973 ], [ -75.885143984999957, -11.47550247899995 ], [ -75.885607734999951, -11.474992353999946 ], [ -75.886210609999978, -11.474218478999946 ], [ -75.887500984999974, -11.471351978999968 ], [ -75.888099734999969, -11.470094728999976 ], [ -75.889117359999943, -11.468627853999974 ], [ -75.889566484999989, -11.467550228999919 ], [ -75.890045484999973, -11.466173103999946 ], [ -75.890885234999985, -11.464309978999943 ], [ -75.891248609999948, -11.463369478999935 ], [ -75.89145960999997, -11.462736478999938 ], [ -75.89161198499994, -11.462279228999932 ], [ -75.89213648499998, -11.461091853999966 ], [ -75.89250498499996, -11.460400978999926 ], [ -75.893072984999947, -11.459602728999918 ], [ -75.893748359999961, -11.458650978999968 ], [ -75.894123734999937, -11.45802622899992 ], [ -75.894330109999942, -11.457562103999974 ], [ -75.894392234999941, -11.457202103999972 ], [ -75.894483734999937, -11.456703603999927 ], [ -75.894503984999972, -11.456593853999948 ], [ -75.894677734999959, -11.455836728999943 ], [ -75.894902984999987, -11.455193228999981 ], [ -75.895025234999935, -11.454843728999947 ], [ -75.895347984999944, -11.454098853999936 ], [ -75.895355234999954, -11.454084853999982 ], [ -75.895592609999937, -11.453621978999934 ], [ -75.895596234999971, -11.453614853999978 ], [ -75.896055084999944, -11.452883117999928 ], [ -75.896055484999977, -11.45288247899998 ], [ -75.89650923499994, -11.452139478999973 ], [ -75.89870510999998, -11.448603478999923 ], [ -75.901275359999943, -11.445275353999923 ], [ -75.90206035999995, -11.443851353999939 ], [ -75.902541109999959, -11.442715103999944 ], [ -75.902737859999945, -11.441972103999934 ], [ -75.902825234999966, -11.441185353999971 ], [ -75.902832609999962, -11.439914353999932 ], [ -75.902665734999971, -11.438912978999957 ], [ -75.902909359999981, -11.438342353999923 ], [ -75.904142734999937, -11.438181478999983 ], [ -75.90497398499997, -11.437832978999953 ], [ -75.905713734999949, -11.437307603999946 ], [ -75.90615035999997, -11.436706978999942 ], [ -75.906573109999954, -11.435546228999943 ], [ -75.90741085999997, -11.433540978999932 ], [ -75.907965234999963, -11.432511978999969 ], [ -75.908482984999978, -11.431750353999981 ], [ -75.909017484999936, -11.431714728999955 ], [ -75.909699359999934, -11.432229853999953 ], [ -75.910613484999942, -11.432606228999934 ], [ -75.912388109999938, -11.432767603999929 ], [ -75.91326123499995, -11.432219603999959 ], [ -75.914592859999971, -11.431208103999948 ], [ -75.914969234999944, -11.430509103999949 ], [ -75.915184359999955, -11.427336353999973 ], [ -75.915184359999955, -11.425400478999967 ], [ -75.915668359999984, -11.423410853999941 ], [ -75.916259859999968, -11.422066478999977 ], [ -75.91646561, -11.421615103999949 ], [ -75.916621734999978, -11.421193353999969 ], [ -75.916757234999977, -11.420852228999939 ], [ -75.916923609999969, -11.419959603999922 ], [ -75.916949859999988, -11.419818603999936 ], [ -75.916970109999966, -11.419652228999954 ], [ -75.917015859999935, -11.419277478999955 ], [ -75.917027984999947, -11.419178228999963 ], [ -75.917034109999975, -11.419003978999966 ], [ -75.917057484999987, -11.418338478999942 ], [ -75.917059234999968, -11.418287603999943 ], [ -75.917034859999944, -11.417325103999923 ], [ -75.916868484999952, -11.416701103999969 ], [ -75.916812734999951, -11.416491978999948 ], [ -75.916382859999942, -11.415831978999963 ], [ -75.915009984999983, -11.414969978999972 ], [ -75.915008234999959, -11.414969478999975 ], [ -75.915001609999933, -11.414967353999941 ], [ -75.914980859999957, -11.414960728999972 ], [ -75.914976734999982, -11.414959478999942 ], [ -75.914961734999963, -11.41495472899993 ], [ -75.914935109999988, -11.414946228999959 ], [ -75.914876734999964, -11.414927728999936 ], [ -75.914732359999959, -11.414881978999979 ], [ -75.914599984999938, -11.414839978999966 ], [ -75.913755984999966, -11.414295228999949 ], [ -75.913237484999968, -11.41396060399995 ], [ -75.913189984999974, -11.41392997899993 ], [ -75.912869984999986, -11.413859978999938 ], [ -75.912496609999948, -11.413979478999982 ], [ -75.912369984999941, -11.414019978999933 ], [ -75.91137998499994, -11.414489978999942 ], [ -75.911189984999965, -11.414629978999928 ], [ -75.910729984999989, -11.415099978999924 ], [ -75.91039998499997, -11.415279978999937 ], [ -75.910029984999937, -11.415289978999963 ], [ -75.909699984999975, -11.41517997899995 ], [ -75.908699984999942, -11.414879978999979 ], [ -75.907669985, -11.414519978999977 ], [ -75.90690998499997, -11.414149978999937 ], [ -75.905699984999956, -11.413199978999948 ], [ -75.904959984999948, -11.412519978999972 ], [ -75.903839984999934, -11.41161997899996 ], [ -75.903379984999958, -11.411159978999935 ], [ -75.90260998499997, -11.410739978999974 ], [ -75.902159984999969, -11.410539978999958 ], [ -75.901539984999943, -11.410369978999944 ], [ -75.900219984999978, -11.410189978999945 ], [ -75.89863435999996, -11.409874103999925 ], [ -75.897709984999949, -11.409689978999943 ], [ -75.896569984999985, -11.409189978999963 ], [ -75.895819984999946, -11.408499978999934 ], [ -75.895069984999964, -11.408119978999938 ], [ -75.894939984999951, -11.408019978999953 ], [ -75.894886859999986, -11.40797897899995 ], [ -75.894059984999956, -11.407339978999966 ], [ -75.893779984999981, -11.407199978999923 ], [ -75.893059984999979, -11.407039978999924 ], [ -75.892439984999967, -11.407039978999926 ], [ -75.891879984999946, -11.406959978999963 ], [ -75.891529984999977, -11.406759978999956 ], [ -75.890319984999962, -11.40582997899997 ], [ -75.889629984999942, -11.405469978999978 ], [ -75.88809998499994, -11.404969978999929 ], [ -75.887302734999935, -11.404807978999942 ], [ -75.886869984999976, -11.404719978999934 ], [ -75.886239984999975, -11.404419978999954 ], [ -75.885319984999967, -11.404079978999963 ], [ -75.88475998499996, -11.403989978999958 ], [ -75.883469984999977, -11.404019978999939 ], [ -75.883169984999938, -11.403869978999984 ], [ -75.882889984999963, -11.403639978999927 ], [ -75.882739984999944, -11.40328797899997 ], [ -75.882709984999963, -11.403217603999964 ], [ -75.882693859999961, -11.403179603999943 ], [ -75.882629984999937, -11.403029978999934 ], [ -75.882589984999981, -11.402799978999946 ], [ -75.882589984999981, -11.402199978999933 ], [ -75.883049984999957, -11.400889978999942 ], [ -75.883309984999983, -11.400419978999929 ], [ -75.883329984999989, -11.400399978999928 ], [ -75.883289984999976, -11.399749978999974 ], [ -75.883209984999951, -11.399489978999947 ], [ -75.882726359999936, -11.398379728999945 ], [ -75.882876109999984, -11.397550978999954 ], [ -75.88321910999997, -11.394763478999952 ], [ -75.883047609999963, -11.393005228999924 ], [ -75.883038109999973, -11.392872603999939 ], [ -75.88291210999995, -11.391121103999978 ], [ -75.882347609999954, -11.389732603999954 ], [ -75.881693859999984, -11.388970728999929 ], [ -75.880909359999976, -11.388578478999923 ], [ -75.880753735, -11.388549228999976 ], [ -75.88021210999996, -11.388447728999944 ], [ -75.878948234999939, -11.387968353999943 ], [ -75.877815109999972, -11.38761960399995 ], [ -75.876681859999977, -11.38731460399992 ], [ -75.875461609999945, -11.387053103999955 ], [ -75.874502734999965, -11.387009478999966 ], [ -75.873185484999965, -11.387007728999942 ], [ -75.872410859999945, -11.387053103999955 ], [ -75.87105973499996, -11.387532478999953 ], [ -75.870303234999938, -11.387910728999943 ], [ -75.869839359999958, -11.388142603999945 ], [ -75.869039609999959, -11.388748478999954 ], [ -75.868401234999965, -11.38923222899996 ], [ -75.867355234999934, -11.390016728999976 ], [ -75.865819984999973, -11.391265853999926 ], [ -75.864444859999935, -11.391999228999957 ], [ -75.86229048499996, -11.392274228999948 ], [ -75.860548609999967, -11.392182603999977 ], [ -75.858002484999986, -11.391668103999969 ], [ -75.856557734999967, -11.391247728999932 ], [ -75.854928859999973, -11.390853603999977 ], [ -75.853694234999978, -11.390433353999981 ], [ -75.852935484999989, -11.390182478999975 ], [ -75.851434984999969, -11.389408853999948 ], [ -75.850725734999969, -11.38906735399997 ], [ -75.850095234999969, -11.388515728999948 ], [ -75.84928098499995, -11.388016603999969 ], [ -75.848755859999983, -11.387867228999937 ], [ -75.848098734999951, -11.387596228999939 ], [ -75.847468359999937, -11.387254728999936 ], [ -75.847047984999961, -11.386781978999975 ], [ -75.846049734999951, -11.386125228999958 ], [ -75.84502523499998, -11.385494728999964 ], [ -75.843843109999966, -11.384837978999945 ], [ -75.843425484999955, -11.384555103999951 ], [ -75.843028734999962, -11.38428635399992 ], [ -75.842398234999962, -11.383682103999949 ], [ -75.842132859999936, -11.383382853999938 ], [ -75.841505109999957, -11.383261853999956 ], [ -75.840611984999953, -11.383314353999932 ], [ -75.839771359999986, -11.383471978999973 ], [ -75.838536609999949, -11.383734603999923 ], [ -75.837853609999968, -11.383655853999919 ], [ -75.836907984999982, -11.383445728999952 ], [ -75.835945359999982, -11.382802728999931 ], [ -75.835436859999959, -11.382263603999935 ], [ -75.834648734999973, -11.381265478999969 ], [ -75.834202109999978, -11.380477353999931 ], [ -75.833702984999945, -11.379557728999943 ], [ -75.833414109999978, -11.378979853999974 ], [ -75.833019984999964, -11.378428228999953 ], [ -75.83244211, -11.378007853999966 ], [ -75.831575234999946, -11.377876478999946 ], [ -75.830322984999952, -11.378370478999949 ], [ -75.82884935999995, -11.379142353999947 ], [ -75.827480984999966, -11.379773853999957 ], [ -75.825866984999948, -11.380335228999963 ], [ -75.824182984999936, -11.381036978999923 ], [ -75.822564859999943, -11.38120647899996 ], [ -75.822359984999935, -11.381227978999961 ], [ -75.822276109999962, -11.381223603999949 ], [ -75.820209234999936, -11.381113228999929 ], [ -75.819095484999934, -11.381072103999948 ], [ -75.818788984999969, -11.381103478999933 ], [ -75.816732359999946, -11.381664103999976 ], [ -75.813384109999959, -11.38266485399993 ], [ -75.810543109999969, -11.38364835399995 ], [ -75.809013234999952, -11.384566228999981 ], [ -75.809013359999938, -11.384564103999935 ], [ -75.808043484999985, -11.385212228999936 ], [ -75.80688573499998, -11.386475228999931 ], [ -75.805832484999939, -11.387725853999932 ], [ -75.805762984999944, -11.387808478999945 ], [ -75.804464734999954, -11.38924710399994 ], [ -75.803377109999985, -11.390510103999937 ], [ -75.802464859999986, -11.391317103999937 ], [ -75.801514984999983, -11.392140353999942 ], [ -75.801412359999972, -11.392229353999928 ], [ -75.799203359999979, -11.393639728999965 ], [ -75.798019984999939, -11.394549978999981 ], [ -75.797671234999953, -11.394809603999931 ], [ -75.797499359999961, -11.394869978999962 ], [ -75.796516484999984, -11.394895228999927 ], [ -75.795350734999943, -11.394743353999946 ], [ -75.795314109999936, -11.39473535399998 ], [ -75.794671109999967, -11.394594103999967 ], [ -75.794194609999977, -11.394442853999983 ], [ -75.793237359999978, -11.394369603999959 ], [ -75.791374984999948, -11.394365853999945 ], [ -75.790435359999947, -11.394528353999936 ], [ -75.78970398499996, -11.394690978999954 ], [ -75.788850734999983, -11.394568978999933 ], [ -75.788271734999967, -11.394137353999943 ], [ -75.787418609999975, -11.393649728999947 ], [ -75.786656734999951, -11.393375478999928 ], [ -75.785803484999974, -11.393253603999931 ], [ -75.785011109999985, -11.393253603999932 ], [ -75.783954734999952, -11.393635228999933 ], [ -75.783914234999941, -11.393649728999941 ], [ -75.782664859999954, -11.394076353999937 ], [ -75.781415484999968, -11.394472603999924 ], [ -75.780288109999958, -11.394594478999974 ], [ -75.778947234999976, -11.394533478999969 ], [ -75.776844734999941, -11.39450310399997 ], [ -75.775185484999966, -11.394408228999961 ], [ -75.775038734999953, -11.394462478999962 ], [ -75.773980234999954, -11.394853478999957 ], [ -75.772913734999975, -11.395478103999954 ], [ -75.772030109999946, -11.395909853999967 ], [ -75.77126823499998, -11.396026603999927 ], [ -75.770414984999945, -11.396148478999969 ], [ -75.769500859999937, -11.396178978999954 ], [ -75.768495234999989, -11.396026603999932 ], [ -75.76818260999994, -11.396051353999956 ], [ -75.767337359999942, -11.396118103999985 ], [ -75.765966109999965, -11.396392353999946 ], [ -75.764472984999941, -11.396757978999963 ], [ -75.763101734999978, -11.397184603999959 ], [ -75.762004734999948, -11.397458728999933 ], [ -75.761242859999982, -11.397580728999976 ], [ -75.760176359999946, -11.397733103999949 ], [ -75.758987985, -11.39776360399998 ], [ -75.757708109999953, -11.397763603999969 ], [ -75.757068234999963, -11.397885478999971 ], [ -75.755483609999942, -11.398220603999958 ], [ -75.75468673499995, -11.398250103999942 ], [ -75.754660859999944, -11.398251103999932 ], [ -75.752265609999938, -11.397911228999936 ], [ -75.751799609999978, -11.397845103999941 ], [ -75.74976560999994, -11.397355478999945 ], [ -75.749386734999973, -11.396697228999926 ], [ -75.748828109999977, -11.396160103999934 ], [ -75.748070484999971, -11.395662103999939 ], [ -75.747312484999952, -11.395581978999934 ], [ -75.745915902999968, -11.396056961999927 ], [ -75.745915230999969, -11.396057189999969 ], [ -75.741289484999982, -11.397756978999944 ], [ -75.740203234999981, -11.39793322899993 ], [ -75.739704109999934, -11.397845103999948 ], [ -75.738500484999975, -11.39761022899995 ], [ -75.737722609999935, -11.397476603999968 ], [ -75.736824234999972, -11.397675728999959 ], [ -75.736605359999942, -11.397838103999961 ], [ -75.736239859999955, -11.398109353999935 ], [ -75.735109359999967, -11.398632728999928 ], [ -75.73403323499997, -11.398851603999958 ], [ -75.733405109999978, -11.398789228999927 ], [ -75.732617234999964, -11.398710978999933 ], [ -75.730503859999942, -11.397117228999948 ], [ -75.729546234999987, -11.396905603999929 ], [ -75.728750109999964, -11.396896353999972 ], [ -75.727671859999987, -11.396039103999946 ], [ -75.726935484999956, -11.394425728999968 ], [ -75.72665623499995, -11.394146478999964 ], [ -75.726277359999983, -11.394046853999946 ], [ -75.725878859999966, -11.394146478999975 ], [ -75.724878359999934, -11.393558853999929 ], [ -75.724114984999986, -11.392766228999966 ], [ -75.723564109999984, -11.392429478999937 ], [ -75.722910734999971, -11.392362978999934 ], [ -75.721383484999933, -11.392309853999954 ], [ -75.721270234999977, -11.392305728999935 ], [ -75.720182859999966, -11.392305728999926 ], [ -75.719553359999964, -11.392305728999924 ], [ -75.719137734999947, -11.392213728999927 ], [ -75.717803109999977, -11.391709228999948 ], [ -75.716569984999978, -11.390740478999934 ], [ -75.716048109999974, -11.389803853999982 ], [ -75.715595359999952, -11.38899135399992 ], [ -75.714543984999978, -11.386568853999966 ], [ -75.713223234999987, -11.384839478999938 ], [ -75.710927109999943, -11.382611978999924 ], [ -75.709024984999985, -11.380993603999963 ], [ -75.708114984999952, -11.380230353999938 ], [ -75.707469109999977, -11.379261353999931 ], [ -75.707340234999947, -11.37832247899996 ], [ -75.70743973499998, -11.375738603999942 ], [ -75.708114984999952, -11.373331228999977 ], [ -75.70878560999995, -11.371927478999972 ], [ -75.708809109999947, -11.371850353999942 ], [ -75.709813359999941, -11.369450978999971 ], [ -75.710034109999981, -11.369000353999974 ], [ -75.711069109999983, -11.366465103999937 ], [ -75.712133359999953, -11.364079728999972 ], [ -75.712528359999965, -11.363539228999972 ], [ -75.713527859999942, -11.36217147899993 ], [ -75.714995734999945, -11.359859603999952 ], [ -75.716536984999948, -11.35626322899998 ], [ -75.718973859999949, -11.351270353999947 ], [ -75.717376984999987, -11.352123103999933 ] ] ] } },
{ "type": "Feature", "properties": { "index": 1144, "UBIGEO": "120702", "CCDD": "12", "CCPP": "07", "CCDI": "02", "DEPARTAMEN": "JUNIN", "PROVINCIA": "TARMA", "DISTRITO": "ACOBAMBA", "OBJECTID": 1145.0, "ESRI_OID": 1145.0, "Zonas": "Todas Zonas", "sububigeo": "12070200", "tipo_influencia": "Indirecta", "abreviatura": "ACO" }, "geometry": { "type": "Polygon", "coordinates": [ [ [ -75.691764984999963, -11.290190978999933 ], [ -75.688932609999938, -11.290948603999933 ], [ -75.687318734999963, -11.291969603999966 ], [ -75.686143609999988, -11.293165978999976 ], [ -75.685005359999934, -11.293630853999947 ], [ -75.683781609999983, -11.29378060399995 ], [ -75.682957484999974, -11.293855603999935 ], [ -75.682209859999944, -11.293945228999974 ], [ -75.681708734999972, -11.29400547899996 ], [ -75.680460984999968, -11.294382353999932 ], [ -75.679050359999962, -11.295369728999956 ], [ -75.677604359999975, -11.296604103999927 ], [ -75.676405900999953, -11.297626392999973 ], [ -75.67640536, -11.297626853999921 ], [ -75.674675734999937, -11.299097603999947 ], [ -75.673442859999966, -11.300236603999963 ], [ -75.672525984999936, -11.301153478999931 ], [ -75.671573734999981, -11.302352603999969 ], [ -75.670956609999962, -11.30321222899993 ], [ -75.670673859999965, -11.303551978999954 ], [ -75.669533734999959, -11.303957978999964 ], [ -75.668953109999961, -11.303978478999969 ], [ -75.66753835999998, -11.304234478999943 ], [ -75.666761484999938, -11.304641603999928 ], [ -75.666306109999937, -11.304880103999949 ], [ -75.664593484999955, -11.306559853999937 ], [ -75.662059859999943, -11.309510853999933 ], [ -75.660672859999977, -11.311126353999954 ], [ -75.66018035999997, -11.312203603999935 ], [ -75.659626359999947, -11.313219353999964 ], [ -75.65907223499994, -11.313711853999964 ], [ -75.658179734999976, -11.314512103999954 ], [ -75.656548234999946, -11.315897228999974 ], [ -75.656497984999987, -11.315939978999944 ], [ -75.655793359999976, -11.31655472899997 ], [ -75.655660234999971, -11.316652603999959 ], [ -75.654879359999939, -11.317226353999951 ], [ -75.65435685999995, -11.317618103999965 ], [ -75.65422510999997, -11.317715478999965 ], [ -75.653927734999968, -11.317935228999939 ], [ -75.653263859999981, -11.318251853999973 ], [ -75.652144109999938, -11.317724853999945 ], [ -75.651155984999946, -11.316012228999965 ], [ -75.649706859999981, -11.313410353999929 ], [ -75.649538984999936, -11.313007978999963 ], [ -75.648455359999957, -11.311895353999939 ], [ -75.647205109999959, -11.311091853999917 ], [ -75.647204519999946, -11.311091461999968 ], [ -75.646497984999939, -11.31087947899994 ], [ -75.645939734999956, -11.310706978999981 ], [ -75.645507359999954, -11.310647353999958 ], [ -75.645030234999979, -11.310647353999975 ], [ -75.644483609999952, -11.310844228999935 ], [ -75.644435109999961, -11.310866728999939 ], [ -75.643965234999939, -11.31108572899995 ], [ -75.642975734999936, -11.311321228999928 ], [ -75.642315984999982, -11.311368353999974 ], [ -75.641279359999942, -11.311274103999947 ], [ -75.639865859999986, -11.311132728999956 ], [ -75.638982984999984, -11.311009228999982 ], [ -75.637509734999981, -11.310802978999961 ], [ -75.635295109999959, -11.310708728999948 ], [ -75.633582359999934, -11.310666978999956 ], [ -75.633363234999933, -11.310661603999955 ], [ -75.630724484999973, -11.310567353999945 ], [ -75.628745484999968, -11.310378853999973 ], [ -75.628491234999956, -11.310351228999933 ], [ -75.627738109999939, -11.310269353999953 ], [ -75.626577984999983, -11.310143228999943 ], [ -75.624221984999963, -11.310096103999959 ], [ -75.622214859999985, -11.310109353999955 ], [ -75.621575984999936, -11.311521978999959 ], [ -75.621085859999951, -11.312469478999963 ], [ -75.620301609999956, -11.313416978999957 ], [ -75.619648234999957, -11.313809103999963 ], [ -75.618878859999938, -11.314243353999917 ], [ -75.618193359999964, -11.314712478999976 ], [ -75.61719123499995, -11.315359103999979 ], [ -75.617189984999982, -11.315359978999943 ], [ -75.616810359999988, -11.315559603999931 ], [ -75.616563859999985, -11.31568910399994 ], [ -75.616619109999988, -11.315773478999976 ], [ -75.616593734999981, -11.316597603999975 ], [ -75.61631835999998, -11.317597603999959 ], [ -75.614722609999944, -11.319523728999966 ], [ -75.611439484999948, -11.32250385399994 ], [ -75.610895359999972, -11.32378672899995 ], [ -75.610055109999962, -11.325684728999923 ], [ -75.610099984999977, -11.326769228999977 ], [ -75.610099984999977, -11.326769978999943 ], [ -75.610159984999939, -11.327309978999947 ], [ -75.610289984999952, -11.327669978999944 ], [ -75.610549984999977, -11.328859978999963 ], [ -75.610829984999953, -11.329559978999949 ], [ -75.610839984999984, -11.32987997899995 ], [ -75.610718109999937, -11.330274853999981 ], [ -75.610629984999946, -11.330559978999927 ], [ -75.610619984999971, -11.331039978999963 ], [ -75.610249984999939, -11.332229978999983 ], [ -75.609879984999964, -11.332839978999969 ], [ -75.609489984999982, -11.334369978999979 ], [ -75.609259984999937, -11.33503997899993 ], [ -75.609022984999967, -11.336705603999967 ], [ -75.608889984999962, -11.337639978999956 ], [ -75.608619984999962, -11.338249978999956 ], [ -75.608309984999948, -11.33871997899996 ], [ -75.608179984999936, -11.33951997899994 ], [ -75.607659984999941, -11.340949978999957 ], [ -75.607528578999961, -11.341248306999944 ], [ -75.607289984999966, -11.341789978999946 ], [ -75.606769984999971, -11.342509978999951 ], [ -75.605859984999938, -11.344179978999929 ], [ -75.605639984999982, -11.344959978999952 ], [ -75.605409984999937, -11.345529978999943 ], [ -75.605239984999969, -11.346559978999954 ], [ -75.605019984999956, -11.347299978999951 ], [ -75.604686609999987, -11.347866478999947 ], [ -75.603989984999941, -11.349049978999973 ], [ -75.603719984999941, -11.349819978999959 ], [ -75.603324359999988, -11.350637103999931 ], [ -75.603259984999966, -11.350769978999949 ], [ -75.603099984999972, -11.35146997899994 ], [ -75.603109984999946, -11.351809978999942 ], [ -75.603229984999984, -11.352459478999947 ], [ -75.603229984999984, -11.352460228999966 ], [ -75.603205117999948, -11.35262912799994 ], [ -75.603038484999956, -11.353760853999976 ], [ -75.602970234999987, -11.355943478999968 ], [ -75.603311359999964, -11.358398978999951 ], [ -75.603856984999936, -11.360922603999938 ], [ -75.604099984999948, -11.362969728999937 ], [ -75.604409984999961, -11.363469978999937 ], [ -75.604549984999949, -11.364059978999931 ], [ -75.604909984999949, -11.365069978999946 ], [ -75.605009985, -11.366139978999973 ], [ -75.605159984999943, -11.366709978999948 ], [ -75.604979984999943, -11.367479978999931 ], [ -75.604679984999962, -11.36836997899997 ], [ -75.603929984999979, -11.37003997899995 ], [ -75.60341998499996, -11.370779978999963 ], [ -75.603239734999988, -11.371223103999974 ], [ -75.603069984999934, -11.371639978999955 ], [ -75.602149985, -11.373839978999975 ], [ -75.601669984999944, -11.374569978999949 ], [ -75.601319984999975, -11.375019978999937 ], [ -75.600769984999943, -11.375609978999924 ], [ -75.600389984999936, -11.376119978999943 ], [ -75.600174109999955, -11.376475603999959 ], [ -75.599776109999937, -11.377947103999931 ], [ -75.599602859999948, -11.379506728999948 ], [ -75.599169484999948, -11.381557228999949 ], [ -75.59890973499995, -11.383318978999958 ], [ -75.598902609999982, -11.383368603999937 ], [ -75.598620859999983, -11.385340478999979 ], [ -75.597899234999943, -11.390979353999963 ], [ -75.598368609999966, -11.391462603999964 ], [ -75.598733359999983, -11.39180122899996 ], [ -75.598785609999936, -11.392556478999946 ], [ -75.598681234999958, -11.393311728999942 ], [ -75.598629109999933, -11.394119103999962 ], [ -75.597956609999983, -11.396864103999977 ], [ -75.596887984999967, -11.400069853999986 ], [ -75.596167984999965, -11.403589853999966 ], [ -75.595179734999988, -11.407136728999939 ], [ -75.601218734999975, -11.403732478999933 ], [ -75.602211734999969, -11.403546103999929 ], [ -75.604166859999964, -11.40311947899994 ], [ -75.605873234999933, -11.402835103999962 ], [ -75.606253109999955, -11.402635103999954 ], [ -75.606548609999948, -11.402479728999936 ], [ -75.607223984999962, -11.402195228999965 ], [ -75.607934984999986, -11.402017603999981 ], [ -75.608503734999942, -11.401839728999953 ], [ -75.609890109999981, -11.401555478999962 ], [ -75.611475859999985, -11.401688978999967 ], [ -75.612414109999975, -11.401733103999963 ], [ -75.61328685999996, -11.401902103999927 ], [ -75.61450423499997, -11.402137603999961 ], [ -75.616102484999942, -11.402446103999976 ], [ -75.618289609999977, -11.402530228999975 ], [ -75.619881109999938, -11.402587478999985 ], [ -75.620624484999951, -11.402479353999981 ], [ -75.621219234999955, -11.402317103999962 ], [ -75.621813859999975, -11.402073853999983 ], [ -75.62228698499996, -11.401681853999944 ], [ -75.622503359999939, -11.401235853999943 ], [ -75.62266548499997, -11.400843853999964 ], [ -75.622800609999956, -11.400519478999973 ], [ -75.623004984999966, -11.400108103999965 ], [ -75.623513359999947, -11.399254478999985 ], [ -75.624168109999971, -11.398806478999976 ], [ -75.62502948499997, -11.398220603999967 ], [ -75.626098109999987, -11.397565853999934 ], [ -75.628985609999972, -11.396174603999951 ], [ -75.631887609999978, -11.394739978999953 ], [ -75.633300484999964, -11.394050728999961 ], [ -75.634334359999968, -11.393430478999953 ], [ -75.635953109999946, -11.39321447899993 ], [ -75.637119109999958, -11.393455103999944 ], [ -75.639093859999946, -11.392997853999926 ], [ -75.640321359999973, -11.392131228999975 ], [ -75.641837609999982, -11.391445353999924 ], [ -75.64400360999997, -11.390651103999975 ], [ -75.646350359999985, -11.389604228999923 ], [ -75.648031734999975, -11.388503228999973 ], [ -75.649162109999963, -11.388456978999951 ], [ -75.649775609999949, -11.388899603999963 ], [ -75.650092734999987, -11.390128228999966 ], [ -75.650496859999976, -11.392477353999944 ], [ -75.650345484999946, -11.39389235399995 ], [ -75.650092609999945, -11.395307353999954 ], [ -75.650181109999949, -11.396387478999934 ], [ -75.650218984999981, -11.39725922899993 ], [ -75.650425234999943, -11.398194103999966 ], [ -75.65086335999996, -11.399609228999967 ], [ -75.651090734999968, -11.400518853999932 ], [ -75.65153885999996, -11.401599978999972 ], [ -75.652191734999974, -11.402171353999956 ], [ -75.652299359999972, -11.402202103999976 ], [ -75.65304873499997, -11.402416228999922 ], [ -75.653999734999957, -11.402226103999972 ], [ -75.654068984999981, -11.402212228999929 ], [ -75.655116359999965, -11.401705978999923 ], [ -75.656607234999967, -11.400444478999932 ], [ -75.657868734999965, -11.399612978999922 ], [ -75.659158984999976, -11.398093478999957 ], [ -75.659986359999948, -11.39711097899993 ], [ -75.660361734999981, -11.396783728999926 ], [ -75.661193609999941, -11.396058478999972 ], [ -75.661577984999951, -11.395723478999974 ], [ -75.661625734999973, -11.395692853999941 ], [ -75.662570734999974, -11.395086728999953 ], [ -75.663237359999982, -11.394828603999944 ], [ -75.664032984999949, -11.394656603999982 ], [ -75.664699484999971, -11.394506103999952 ], [ -75.665108109999949, -11.394291103999928 ], [ -75.666298859999984, -11.394124978999979 ], [ -75.667480484999942, -11.393814478999955 ], [ -75.671859359999985, -11.391931603999984 ], [ -75.674118734999979, -11.389201478999942 ], [ -75.675881734999962, -11.386408353999977 ], [ -75.676812734999942, -11.384764228999922 ], [ -75.67738711, -11.383476603999949 ], [ -75.677863234999961, -11.381943353999919 ], [ -75.678810609999971, -11.380382228999965 ], [ -75.680205609999973, -11.379088478999966 ], [ -75.68195585999996, -11.377794978999933 ], [ -75.684061234999945, -11.376678853999982 ], [ -75.685285328999953, -11.376200517999962 ], [ -75.686268109999958, -11.375816478999974 ], [ -75.688018234999959, -11.375055478999974 ], [ -75.689108984999962, -11.373736478999936 ], [ -75.689717734999988, -11.372544353999951 ], [ -75.690275859999986, -11.371377478999936 ], [ -75.691138234999983, -11.369855478999959 ], [ -75.692804359999968, -11.368478853999926 ], [ -75.693930984999952, -11.367915603999952 ], [ -75.694695359999983, -11.367472978999949 ], [ -75.695761609999977, -11.36682422899997 ], [ -75.696485859999939, -11.366280978999947 ], [ -75.69700335999994, -11.365886103999973 ], [ -75.697632609999971, -11.365405853999965 ], [ -75.698408609999944, -11.364608353999932 ], [ -75.699707234999948, -11.363358353999956 ], [ -75.702108859999953, -11.361310228999974 ], [ -75.704347609999957, -11.358115978999932 ], [ -75.704496359999951, -11.357903728999926 ], [ -75.705632734999938, -11.356864728999934 ], [ -75.706713109999953, -11.356305228999931 ], [ -75.706745859999955, -11.356280103999941 ], [ -75.707485859999963, -11.35583622899998 ], [ -75.708033234999959, -11.355507728999953 ], [ -75.708107234999943, -11.355463353999944 ], [ -75.708154609999951, -11.355448353999979 ], [ -75.70887885999997, -11.355093728999977 ], [ -75.709502609999959, -11.355020853999974 ], [ -75.710271484999964, -11.354947228999952 ], [ -75.711392609999962, -11.354304728999979 ], [ -75.712690734999967, -11.354220728999962 ], [ -75.713677609999934, -11.354220728999953 ], [ -75.714529234999986, -11.353951228999962 ], [ -75.715173734999951, -11.353638728999956 ], [ -75.715527359999953, -11.353015478999961 ], [ -75.716337859999953, -11.352474603999957 ], [ -75.717376984999987, -11.352123103999933 ], [ -75.718973859999949, -11.351270353999947 ], [ -75.721302734999938, -11.350085978999976 ], [ -75.723152359999972, -11.34821685399992 ], [ -75.724232359999974, -11.347613228999924 ], [ -75.725394484999981, -11.346576228999931 ], [ -75.725769484999944, -11.345722603999947 ], [ -75.726185359999988, -11.345203103999944 ], [ -75.726808609999978, -11.344974603999963 ], [ -75.727910109999982, -11.344933603999948 ], [ -75.728533234999986, -11.344435478999973 ], [ -75.729363234999937, -11.344331978999952 ], [ -75.730589859999952, -11.344394478999963 ], [ -75.731441359999963, -11.343937478999976 ], [ -75.732019109999953, -11.343888728999959 ], [ -75.732037484999978, -11.343902728999982 ], [ -75.733598359999974, -11.343775853999951 ], [ -75.734812359999978, -11.343592603999982 ], [ -75.734869109999977, -11.343583978999964 ], [ -75.736095734999935, -11.343189478999935 ], [ -75.737544859999957, -11.342919978999927 ], [ -75.736783234999962, -11.342400353999942 ], [ -75.735411985, -11.341556978999968 ], [ -75.734526359999961, -11.341086478999962 ], [ -75.733835984999985, -11.340404353999935 ], [ -75.733511734999979, -11.339451228999971 ], [ -75.732847609999965, -11.338662103999983 ], [ -75.730801109999959, -11.337460853999975 ], [ -75.728272234999963, -11.336465103999954 ], [ -75.723896484999955, -11.33501372899997 ], [ -75.722117234999985, -11.335013728999972 ], [ -75.720253859999957, -11.334349603999954 ], [ -75.715828109999961, -11.330052728999926 ], [ -75.714796484999965, -11.32796397899995 ], [ -75.714055609999946, -11.327133228999971 ], [ -75.713269859999969, -11.326796603999975 ], [ -75.712237234999975, -11.326796603999982 ], [ -75.711316734999969, -11.326886353999951 ], [ -75.710845359999951, -11.327178228999973 ], [ -75.709835109999972, -11.328053728999969 ], [ -75.708308484999975, -11.329445603999941 ], [ -75.707441984999946, -11.330029978999963 ], [ -75.70692573499997, -11.330378353999953 ], [ -75.70619398499997, -11.330629228999948 ], [ -75.705539234999947, -11.330670228999965 ], [ -75.704909984999972, -11.329719978999954 ], [ -75.704884109999966, -11.329672478999953 ], [ -75.704499984999984, -11.328969978999957 ], [ -75.703809984999964, -11.327399978999956 ], [ -75.703429984999957, -11.326749978999935 ], [ -75.702999984999963, -11.325699978999983 ], [ -75.70268998499995, -11.325249978999983 ], [ -75.702279984999961, -11.324809978999955 ], [ -75.70179998499998, -11.324489978999967 ], [ -75.701204234999977, -11.324019853999966 ], [ -75.700329984999939, -11.323329978999938 ], [ -75.69937998499995, -11.322419978999966 ], [ -75.69937860999994, -11.322418103999953 ], [ -75.698169984999936, -11.320799978999963 ], [ -75.698489984999981, -11.320751353999977 ], [ -75.699089984999944, -11.320659978999974 ], [ -75.699327609999955, -11.32058160399993 ], [ -75.700059984999939, -11.320339978999931 ], [ -75.701089984999953, -11.319709978999985 ], [ -75.701504734999958, -11.319352478999985 ], [ -75.701959984999974, -11.31895997899994 ], [ -75.702429984999981, -11.318619978999951 ], [ -75.704189984999971, -11.317669978999962 ], [ -75.705609984999967, -11.316979978999946 ], [ -75.706149984999968, -11.316859978999949 ], [ -75.706150879999939, -11.316859295999961 ], [ -75.706152109999948, -11.316858353999974 ], [ -75.707984359999955, -11.315441478999956 ], [ -75.708380859999977, -11.313939478999945 ], [ -75.708540609999943, -11.312008103999974 ], [ -75.708463234999954, -11.310459478999984 ], [ -75.708343734999971, -11.309011728999961 ], [ -75.708153484999968, -11.308175228999971 ], [ -75.70812535999994, -11.307908978999928 ], [ -75.707998609999947, -11.306704103999943 ], [ -75.707456734999937, -11.305697478999953 ], [ -75.706401484999958, -11.304897728999947 ], [ -75.70509498499996, -11.303800478999968 ], [ -75.70404960999997, -11.302832603999947 ], [ -75.703916109999966, -11.302687228999963 ], [ -75.702733359999968, -11.301400103999988 ], [ -75.702307609999934, -11.300625853999973 ], [ -75.702153609999982, -11.299959228999965 ], [ -75.702061984999943, -11.299588103999946 ], [ -75.701920359999974, -11.299014353999944 ], [ -75.701397609999958, -11.298201228999972 ], [ -75.700846109999986, -11.297184978999956 ], [ -75.700565234999942, -11.296676853999941 ], [ -75.700049984999964, -11.295867103999974 ], [ -75.700023234999946, -11.295825103999963 ], [ -75.699326359999986, -11.294741103999973 ], [ -75.698784359999934, -11.293463478999966 ], [ -75.698823109999978, -11.292302103999935 ], [ -75.698977984999942, -11.291489103999943 ], [ -75.699249984999938, -11.29032222899996 ], [ -75.695432109999956, -11.28989972899995 ], [ -75.691764984999963, -11.290190978999933 ] ] ] } },
{ "type": "Feature", "properties": { "index": 1146, "UBIGEO": "120704", "CCDD": "12", "CCPP": "07", "CCDI": "04", "DEPARTAMEN": "JUNIN", "PROVINCIA": "TARMA", "DISTRITO": "HUASAHUASI", "OBJECTID": 1147.0, "ESRI_OID": 1147.0, "Zonas": "Todas Zonas", "sububigeo": "12070400", "tipo_influencia": "Indirecta", "abreviatura": "HUA" }, "geometry": { "type": "Polygon", "coordinates": [ [ [ -75.453364859999965, -10.900703603999936 ], [ -75.453278109999985, -10.901107853999969 ], [ -75.452240234999977, -10.901752978999983 ], [ -75.451140734999967, -10.902436478999952 ], [ -75.44934010999998, -10.903566728999968 ], [ -75.448610734999988, -10.904000978999932 ], [ -75.447357109999984, -10.904747103999977 ], [ -75.445566234999944, -10.905613603999942 ], [ -75.444763984999952, -10.906191353999926 ], [ -75.444122109999967, -10.906653353999955 ], [ -75.441522609999936, -10.907924353999928 ], [ -75.440656109999964, -10.90850197899994 ], [ -75.438345484999957, -10.909368478999955 ], [ -75.436901234999937, -10.910206103999938 ], [ -75.435524359999988, -10.912132353999928 ], [ -75.435402359999955, -10.912367228999933 ], [ -75.434578109999961, -10.914628853999933 ], [ -75.433752984999956, -10.918293478999937 ], [ -75.433267609999973, -10.919537853999934 ], [ -75.432626609999943, -10.921181853999935 ], [ -75.432555984999965, -10.921259853999963 ], [ -75.431904484999961, -10.922308228999951 ], [ -75.431384484999967, -10.923492478999947 ], [ -75.430893484999956, -10.926207478999972 ], [ -75.431009109999934, -10.930251228999959 ], [ -75.430800734999934, -10.93190822899993 ], [ -75.430152359999965, -10.932849603999953 ], [ -75.428802734999977, -10.934109353999936 ], [ -75.427514109999947, -10.935190228999938 ], [ -75.42606998499997, -10.935883478999935 ], [ -75.424452484999961, -10.936547728999917 ], [ -75.423779484999955, -10.936792478999967 ], [ -75.423499359999937, -10.936894353999945 ], [ -75.423152734999974, -10.937327728999952 ], [ -75.423134359999949, -10.938061353999961 ], [ -75.423147859999972, -10.938276978999973 ], [ -75.423269609999977, -10.940220603999924 ], [ -75.423682609999958, -10.942085478999955 ], [ -75.423782109999934, -10.94313185399994 ], [ -75.423433359999933, -10.94582272899993 ], [ -75.423181609999972, -10.947812353999947 ], [ -75.423383859999944, -10.95035422899997 ], [ -75.423326109999948, -10.952029353999936 ], [ -75.422661734999977, -10.953733478999929 ], [ -75.422401734999937, -10.955350853999954 ], [ -75.422343984999941, -10.957286103999932 ], [ -75.422552609999968, -10.957578228999983 ], [ -75.422777234999955, -10.957892603999937 ], [ -75.425578984999959, -10.959452353999946 ], [ -75.426233859999968, -10.959840728999946 ], [ -75.42806298499994, -10.96092522899994 ], [ -75.430893484999956, -10.962225103999971 ], [ -75.432337734999976, -10.962831728999952 ], [ -75.434243984999966, -10.963611603999937 ], [ -75.436151859999939, -10.96424135399997 ], [ -75.437652234999973, -10.965171228999964 ], [ -75.438587484999971, -10.966380228999972 ], [ -75.438836484999968, -10.966702103999982 ], [ -75.439789609999934, -10.968175103999959 ], [ -75.440540609999971, -10.969214978999954 ], [ -75.440886484999965, -10.970129353999946 ], [ -75.441676734999987, -10.972218228999962 ], [ -75.441840359999958, -10.973345228999964 ], [ -75.441840359999958, -10.975107103999955 ], [ -75.441897984999969, -10.976031478999973 ], [ -75.441958609999972, -10.978000353999951 ], [ -75.441969984999957, -10.97836997899997 ], [ -75.442129109999939, -10.979093103999952 ], [ -75.442677984999989, -10.979901853999936 ], [ -75.443573359999959, -10.982761228999944 ], [ -75.444237609999959, -10.984523103999958 ], [ -75.444901984999944, -10.985476353999958 ], [ -75.445739609999976, -10.986516103999978 ], [ -75.447212609999951, -10.987786978999964 ], [ -75.448722359999977, -10.988570728999953 ], [ -75.449871859999973, -10.989541853999977 ], [ -75.45019560999998, -10.99023372899995 ], [ -75.450507984999945, -10.99248810399996 ], [ -75.451227484999947, -10.994776728999959 ], [ -75.452180609999971, -10.996018603999968 ], [ -75.453422609999961, -10.997433978999929 ], [ -75.454404609999983, -10.998213853999967 ], [ -75.455011109999987, -10.999166978999927 ], [ -75.455126734999965, -11.000726728999942 ], [ -75.454251359999944, -11.002251603999978 ], [ -75.452469484999938, -11.003730603999935 ], [ -75.450162109999951, -11.005165978999967 ], [ -75.448599109999975, -11.005752478999968 ], [ -75.446692734999942, -11.00607022899994 ], [ -75.445203109999966, -11.007031228999947 ], [ -75.445248609999979, -11.007658728999955 ], [ -75.44607773499996, -11.009221478999962 ], [ -75.446750609999981, -11.010489353999949 ], [ -75.448252484999955, -11.011846853999938 ], [ -75.449315859999956, -11.012368228999952 ], [ -75.449956609999958, -11.013204353999987 ], [ -75.451064234999933, -11.015121853999968 ], [ -75.451776234999954, -11.015890478999948 ], [ -75.453104859999939, -11.016439353999941 ], [ -75.45475373499994, -11.016542353999965 ], [ -75.455415484999946, -11.016583728999933 ], [ -75.456715234999933, -11.016583728999937 ], [ -75.458188359999951, -11.016728103999977 ], [ -75.459312359999956, -11.017282853999969 ], [ -75.459962859999962, -11.017897228999967 ], [ -75.461201484999947, -11.020029228999926 ], [ -75.462954109999941, -11.022938103999934 ], [ -75.463222859999973, -11.023233103999925 ], [ -75.463930984999934, -11.024010603999949 ], [ -75.464115234999952, -11.024212853999929 ], [ -75.46504860999994, -11.024207103999963 ], [ -75.465706109999985, -11.024203103999973 ], [ -75.468454609999981, -11.023643103999964 ], [ -75.469243734999964, -11.023368228999965 ], [ -75.470719609999946, -11.022854103999975 ], [ -75.47197185999994, -11.021889103999976 ], [ -75.473319359999948, -11.019034853999935 ], [ -75.473771109999987, -11.018726853999956 ], [ -75.474160859999984, -11.018461103999931 ], [ -75.474931734999984, -11.018218853999931 ], [ -75.475802484999974, -11.018310228999956 ], [ -75.477528734999964, -11.018766728999939 ], [ -75.478204609999977, -11.018807728999946 ], [ -75.478852609999933, -11.018525728999979 ], [ -75.479143109999939, -11.018318228999929 ], [ -75.480947984999943, -11.017029103999958 ], [ -75.481933609999942, -11.01616410399993 ], [ -75.482275859999959, -11.016220853999927 ], [ -75.482528359999947, -11.016262728999955 ], [ -75.483534234999979, -11.01703997899995 ], [ -75.483648109999933, -11.017127978999957 ], [ -75.484920609999961, -11.01804410399995 ], [ -75.485299234999957, -11.018101853999953 ], [ -75.485898984999949, -11.018193228999966 ], [ -75.487567359999957, -11.018222353999924 ], [ -75.488781234999976, -11.01882922899995 ], [ -75.488941609999983, -11.018909478999953 ], [ -75.49006135999997, -11.02005472899998 ], [ -75.491767234999941, -11.021264353999989 ], [ -75.493004484999972, -11.021549853999943 ], [ -75.495859859999939, -11.021811603999931 ], [ -75.498334484999987, -11.022430353999939 ], [ -75.499357609999947, -11.022810978999926 ], [ -75.501615484999945, -11.024253853999943 ], [ -75.504185984999935, -11.026315228999977 ], [ -75.506069234999984, -11.028936603999959 ], [ -75.507138109999971, -11.03176147899995 ], [ -75.507519234999961, -11.033637603999983 ], [ -75.507971359999942, -11.034613103999954 ], [ -75.510326984999949, -11.037016353999938 ], [ -75.511794984999938, -11.038120978999924 ], [ -75.512825359999965, -11.038896228999937 ], [ -75.513800984999989, -11.040252478999953 ], [ -75.514066609999986, -11.040956103999973 ], [ -75.51468135999994, -11.04258435399993 ], [ -75.515371484999946, -11.04341710399996 ], [ -75.517346359999976, -11.044011978999942 ], [ -75.519345109999961, -11.044226103999955 ], [ -75.521391484999981, -11.043750228999949 ], [ -75.522604984999987, -11.043083978999968 ], [ -75.523532984999974, -11.042988853999933 ], [ -75.524442984999951, -11.042946853999975 ], [ -75.524785984999937, -11.043101478999969 ], [ -75.525222484999972, -11.043298228999953 ], [ -75.525555609999969, -11.043607478999952 ], [ -75.52579985999995, -11.04425047899996 ], [ -75.526034359999983, -11.044867603999922 ], [ -75.527062609999973, -11.046511728999976 ], [ -75.527167984999949, -11.047905853999968 ], [ -75.527308984999934, -11.049212728999981 ], [ -75.527770234999934, -11.050058353999937 ], [ -75.52869273499995, -11.050570728999954 ], [ -75.529820234999988, -11.050865603999974 ], [ -75.530407734999983, -11.05080122899995 ], [ -75.531868109999948, -11.050809103999944 ], [ -75.533382234999976, -11.05098097899997 ], [ -75.534766109999964, -11.050865603999968 ], [ -75.535906359999956, -11.05049397899994 ], [ -75.537572109999985, -11.050353103999958 ], [ -75.539327484999944, -11.04885397899994 ], [ -75.53991048499995, -11.047696354 ], [ -75.540467859999978, -11.046970478999988 ], [ -75.540633859999957, -11.046890728999919 ], [ -75.540947359999961, -11.046740103999978 ], [ -75.54180123499998, -11.047013103999967 ], [ -75.543080234999934, -11.04728085399994 ], [ -75.544388984999955, -11.047637728999977 ], [ -75.546487734999971, -11.047922103999955 ], [ -75.54716985999994, -11.048234353999927 ], [ -75.548509984999953, -11.04927910399994 ], [ -75.549061484999982, -11.049532228999967 ], [ -75.550840109999967, -11.050940228999938 ], [ -75.55337985999995, -11.052684853999953 ], [ -75.553495234999957, -11.052754728999957 ], [ -75.554506234999963, -11.053367478999967 ], [ -75.555505609999955, -11.053412853999925 ], [ -75.556186984999954, -11.053344603999964 ], [ -75.557367984999985, -11.052754228999964 ], [ -75.558003984999971, -11.052118228999969 ], [ -75.558458234999989, -11.051005353999932 ], [ -75.558889859999965, -11.050323853999933 ], [ -75.559548484999937, -11.050142228999954 ], [ -75.561751609999988, -11.050369353999946 ], [ -75.563000859999988, -11.050414728999948 ], [ -75.563159859999985, -11.050278478999934 ], [ -75.563296109999953, -11.049687978999946 ], [ -75.563500609999949, -11.047348478999929 ], [ -75.563273609999953, -11.046303728999932 ], [ -75.563364234999938, -11.045894853999926 ], [ -75.563614109999946, -11.04575860399996 ], [ -75.565135859999941, -11.04675797899994 ], [ -75.566930234999973, -11.047393978999931 ], [ -75.568383859999983, -11.047439353999954 ], [ -75.570313859999942, -11.047213853999949 ], [ -75.570882234999942, -11.047212228999971 ], [ -75.571132109999951, -11.047416478999937 ], [ -75.571420984999975, -11.047831978999968 ], [ -75.572494859999949, -11.04880210399995 ], [ -75.574902484999939, -11.050255728999964 ], [ -75.576265234999937, -11.050800853999927 ], [ -75.578945359999977, -11.05102797899997 ], [ -75.579243609999935, -11.051016853999956 ], [ -75.58108335999998, -11.050948103999927 ], [ -75.581945234999978, -11.050714353999986 ], [ -75.582318609999959, -11.050568228999964 ], [ -75.58312460999997, -11.050482853999933 ], [ -75.583669734999944, -11.050687228999942 ], [ -75.584123984999962, -11.051050728999932 ], [ -75.584399859999962, -11.051399353999951 ], [ -75.584723734999955, -11.052970103999932 ], [ -75.585248109999952, -11.055513478999949 ], [ -75.585360984999966, -11.055832103999936 ], [ -75.586145484999975, -11.058046353999943 ], [ -75.586758734999989, -11.058795978999974 ], [ -75.587644484999956, -11.059204728999937 ], [ -75.588416734999953, -11.059772478999946 ], [ -75.590460984999936, -11.061203478999975 ], [ -75.591119609999978, -11.061407853999983 ], [ -75.591596609999954, -11.061407854 ], [ -75.592277984999953, -11.061089853999926 ], [ -75.59409498499997, -11.061135353999925 ], [ -75.594753734999983, -11.061316978999979 ], [ -75.595602859999985, -11.061650353999932 ], [ -75.595980234999956, -11.06204385399996 ], [ -75.596116484999982, -11.062884228999962 ], [ -75.596193984999957, -11.065054228999934 ], [ -75.596207359999937, -11.065428103999983 ], [ -75.596343609999963, -11.066654603999948 ], [ -75.596684359999983, -11.067313228999975 ], [ -75.598228734999964, -11.068539728999946 ], [ -75.599369109999941, -11.069139978999948 ], [ -75.599954984999954, -11.069448228999923 ], [ -75.600636359999953, -11.070720228999951 ], [ -75.601318359999937, -11.072642978999975 ], [ -75.60181748499997, -11.073877353999936 ], [ -75.602294484999959, -11.074399728999939 ], [ -75.603932859999986, -11.074958228999956 ], [ -75.604293234999943, -11.075081103999935 ], [ -75.605587859999957, -11.075081103999933 ], [ -75.606768859999988, -11.074899353999974 ], [ -75.607836359999965, -11.074535978999956 ], [ -75.608472359999951, -11.074036353999938 ], [ -75.608835734999957, -11.073968353999922 ], [ -75.609289984999975, -11.073968353999932 ], [ -75.610289359999967, -11.074036353999928 ], [ -75.610902609999982, -11.074763103999938 ], [ -75.612128109999958, -11.076292228999932 ], [ -75.613060359999963, -11.077715978999942 ], [ -75.613528734999989, -11.078252853999967 ], [ -75.613991609999985, -11.07878335399994 ], [ -75.61424148499998, -11.079010478999976 ], [ -75.614513984999974, -11.079010478999974 ], [ -75.615649734999977, -11.078578978999925 ], [ -75.616285609999977, -11.078510728999952 ], [ -75.617035234999946, -11.078578978999927 ], [ -75.617716609999945, -11.078828728999955 ], [ -75.618602359999954, -11.078874228999959 ], [ -75.619351859999952, -11.078624353999931 ], [ -75.620623859999966, -11.077602228999984 ], [ -75.621282484999938, -11.077193603999939 ], [ -75.62330398499995, -11.07689810399995 ], [ -75.624644109999963, -11.07726160399994 ], [ -75.625688859999968, -11.077897478999944 ], [ -75.627097109999966, -11.079101353999935 ], [ -75.628505235, -11.080191603999927 ], [ -75.630344984999965, -11.081940478999968 ], [ -75.632207484999981, -11.082440103999948 ], [ -75.632648734999975, -11.082509103999932 ], [ -75.633661109999935, -11.082667228999973 ], [ -75.634683234999954, -11.083053353999956 ], [ -75.63509210999996, -11.083416853999939 ], [ -75.635409984999967, -11.084552478999965 ], [ -75.635618609999938, -11.085085603999975 ], [ -75.636227734999977, -11.086642103999969 ], [ -75.636659234999968, -11.086937353999931 ], [ -75.63745423499995, -11.086596603999959 ], [ -75.638612609999939, -11.085619978999945 ], [ -75.639316734999966, -11.085347353999961 ], [ -75.640452359999983, -11.085392853999958 ], [ -75.642064984999934, -11.085460978999953 ], [ -75.642519234999952, -11.085619978999944 ], [ -75.643223234999937, -11.086505728999956 ], [ -75.644018234999976, -11.087141728999931 ], [ -75.644608859999948, -11.087845853999958 ], [ -75.64510848499998, -11.088027603999942 ], [ -75.645971609999947, -11.088132603999957 ], [ -75.646721109999987, -11.088643603999977 ], [ -75.647334359999945, -11.08995535399993 ], [ -75.647794359999978, -11.090210978999941 ], [ -75.64896973499998, -11.090619728999961 ], [ -75.650605109999958, -11.090994478999958 ], [ -75.651899859999958, -11.090892228999968 ], [ -75.652783484999986, -11.090889228999975 ], [ -75.653937609999957, -11.091232603999963 ], [ -75.654775859999972, -11.091616728999949 ], [ -75.655173859999934, -11.091962103999945 ], [ -75.655463734999955, -11.092508603999923 ], [ -75.656073359999951, -11.094026603999966 ], [ -75.658355859999972, -11.096258228999943 ], [ -75.659463109999933, -11.097297353999982 ], [ -75.660825859999989, -11.098029853999941 ], [ -75.662128109999969, -11.098192478999978 ], [ -75.662890984999933, -11.098287728999942 ], [ -75.663318859999961, -11.098321603999976 ], [ -75.663776484999971, -11.098201228999917 ], [ -75.664547359999972, -11.097719353999938 ], [ -75.66524598499997, -11.097671228999952 ], [ -75.66582410999996, -11.097767478999968 ], [ -75.666572213999984, -11.097986425999984 ], [ -75.666992234999952, -11.098109353999975 ], [ -75.667389859999957, -11.098273353999959 ], [ -75.667729109999982, -11.098663728999957 ], [ -75.667871609999963, -11.098827478999956 ], [ -75.668690609999942, -11.099983728999979 ], [ -75.668955609999955, -11.100802728999952 ], [ -75.669148984999936, -11.101244478999956 ], [ -75.669395609999981, -11.101614603999963 ], [ -75.669861734999984, -11.101957353999987 ], [ -75.670466234999935, -11.102453978999961 ], [ -75.670722234999971, -11.102832853999924 ], [ -75.670906609999975, -11.103754603999969 ], [ -75.670906609999975, -11.104186728999938 ], [ -75.670906609999975, -11.10433835399993 ], [ -75.670722234999971, -11.105229228999978 ], [ -75.670189234999953, -11.106897978999935 ], [ -75.670328234999943, -11.108544603999968 ], [ -75.670404859999962, -11.109571228999922 ], [ -75.670701734999966, -11.110513603999943 ], [ -75.670839859999944, -11.111456853999917 ], [ -75.670691484999963, -11.112295478999947 ], [ -75.670189734999951, -11.113166103999953 ], [ -75.669943984999975, -11.113821353999986 ], [ -75.669646984999986, -11.115306353999932 ], [ -75.669206609999947, -11.115644228999939 ], [ -75.66840773499996, -11.115879853999957 ], [ -75.667684609999981, -11.115965603999939 ], [ -75.664627984999981, -11.115836728999961 ], [ -75.663338609999983, -11.116258728999981 ], [ -75.662047234999989, -11.116957853999962 ], [ -75.659718859999941, -11.118635853999931 ], [ -75.659498359999986, -11.118794853999932 ], [ -75.658593984999982, -11.119606478999962 ], [ -75.65761998499994, -11.120325353999926 ], [ -75.656460359999983, -11.120789228999962 ], [ -75.655834235, -11.121345728999922 ], [ -75.655231359999959, -11.122806853999974 ], [ -75.654628359999947, -11.124314228999943 ], [ -75.654605109999977, -11.12487072899995 ], [ -75.65540335999998, -11.126336603999956 ], [ -75.655404609999948, -11.126338978999973 ], [ -75.655406859999971, -11.126347978999936 ], [ -75.655996609999988, -11.128720353999931 ], [ -75.656293859999948, -11.130027603999967 ], [ -75.655625609999959, -11.132013478999959 ], [ -75.655045734999987, -11.132593228999953 ], [ -75.654021359999945, -11.132728353999934 ], [ -75.652655484999968, -11.132355853999961 ], [ -75.65257223499998, -11.132333103999937 ], [ -75.651518234999969, -11.132530728999949 ], [ -75.650661984999942, -11.133584603999967 ], [ -75.648825859999988, -11.135962603999923 ], [ -75.648575109999967, -11.13623772899995 ], [ -75.647508859999959, -11.138924228999944 ], [ -75.646855109999933, -11.139969478999943 ], [ -75.646488484999963, -11.140779478999949 ], [ -75.644935609999948, -11.142445478999951 ], [ -75.643914234999954, -11.143307353999946 ], [ -75.642893984999944, -11.144976978999983 ], [ -75.642522859999985, -11.145904603999963 ], [ -75.642058984999949, -11.147156978999934 ], [ -75.640847359999952, -11.150579228999961 ], [ -75.640254484999957, -11.152160103999956 ], [ -75.640028484999959, -11.152800478999939 ], [ -75.63985923499996, -11.153279853999949 ], [ -75.639496984999937, -11.155387728999928 ], [ -75.63972748499998, -11.156178103999938 ], [ -75.640320359999976, -11.156968728999962 ], [ -75.641209609999976, -11.158878853999962 ], [ -75.641177734999985, -11.160074103999939 ], [ -75.64022698499997, -11.16104810399997 ], [ -75.639754984999968, -11.161631603999977 ], [ -75.638815234999981, -11.162793478999955 ], [ -75.637675984999987, -11.164202103999958 ], [ -75.636986109999967, -11.164460228999937 ], [ -75.636174359999984, -11.164431103999956 ], [ -75.634985859999972, -11.16385135399997 ], [ -75.631797234999965, -11.161039478999962 ], [ -75.629883984999935, -11.160140853999959 ], [ -75.627767859999949, -11.159589978999971 ], [ -75.626347234999969, -11.158836353999959 ], [ -75.624550109999973, -11.157096978999963 ], [ -75.622955734999948, -11.155821603999975 ], [ -75.621622234999961, -11.155241728999956 ], [ -75.620201859999952, -11.155183853999969 ], [ -75.618723484999975, -11.155386728999922 ], [ -75.617008234999957, -11.156105978999955 ], [ -75.615112109999984, -11.157051103999942 ], [ -75.61377648499996, -11.158110728999938 ], [ -75.613587985, -11.158436103999973 ], [ -75.613070734999951, -11.15932910399993 ], [ -75.612130859999979, -11.160483978999936 ], [ -75.61063573499996, -11.162169978999946 ], [ -75.609389234999981, -11.163851353999972 ], [ -75.608664484999963, -11.164286103999933 ], [ -75.60785285999998, -11.165068853999966 ], [ -75.606400359999952, -11.167495978999968 ], [ -75.603330734999986, -11.171185353999936 ], [ -75.602206984999953, -11.172492353999928 ], [ -75.601852234999967, -11.172402853999934 ], [ -75.601358109999978, -11.17159172899995 ], [ -75.601028734999943, -11.17004385399996 ], [ -75.600633484999946, -11.168956978999976 ], [ -75.599711359999958, -11.16836410399997 ], [ -75.598431609999977, -11.168054603999954 ], [ -75.596605359999955, -11.167938603999964 ], [ -75.595296109999936, -11.167052978999948 ], [ -75.594460234999985, -11.166286353999974 ], [ -75.59345135999996, -11.165768353999967 ], [ -75.592959484999938, -11.165472978999947 ], [ -75.591996234999954, -11.164894853999948 ], [ -75.591155734999973, -11.164662978999948 ], [ -75.590517859999977, -11.164807728999959 ], [ -75.58961048499998, -11.165274978999944 ], [ -75.589432359999989, -11.165366478999944 ], [ -75.58854660999998, -11.165822478999917 ], [ -75.587438609999936, -11.16621972899998 ], [ -75.58701023499998, -11.166373228999927 ], [ -75.586174984999957, -11.16665147899994 ], [ -75.584692984999947, -11.167376103999972 ], [ -75.583935484999984, -11.167902978999962 ], [ -75.583836609999935, -11.168825228999934 ], [ -75.584001359999945, -11.170933103999964 ], [ -75.584396484999957, -11.172513978999977 ], [ -75.585647859999952, -11.174431978999968 ], [ -75.586264359999973, -11.175233728999952 ], [ -75.588372609999965, -11.177127978999986 ], [ -75.588782734999938, -11.178033853999976 ], [ -75.58883448499995, -11.179075478999939 ], [ -75.588604609999948, -11.181273228999938 ], [ -75.588543984999944, -11.181500728999934 ], [ -75.588579234999941, -11.181538103999964 ], [ -75.588305109999965, -11.182396478999978 ], [ -75.588123484999983, -11.182965228999938 ], [ -75.587821734999977, -11.18390947899996 ], [ -75.587326234999978, -11.186348853999968 ], [ -75.587459484999954, -11.188355728999962 ], [ -75.587937859999954, -11.189013103999976 ], [ -75.588744109999936, -11.189310853999936 ], [ -75.589764984999988, -11.189837978999941 ], [ -75.59045661, -11.190694103999926 ], [ -75.590559859999985, -11.191449228999941 ], [ -75.59055998499997, -11.191449978999964 ], [ -75.590559859999985, -11.191450853999973 ], [ -75.590559234999944, -11.191455103999942 ], [ -75.590491484999973, -11.191919228999952 ], [ -75.590396359999943, -11.192569103999972 ], [ -75.590249984999957, -11.193569978999953 ], [ -75.589939984999944, -11.194039978999978 ], [ -75.589619984999956, -11.194379978999967 ], [ -75.589449984999987, -11.194639978999925 ], [ -75.589329984999949, -11.195249978999978 ], [ -75.589139984999974, -11.195589978999967 ], [ -75.588179984999954, -11.196779978999929 ], [ -75.587979984999947, -11.197299978999977 ], [ -75.587749984999959, -11.197719978999951 ], [ -75.587459984999953, -11.198499978999957 ], [ -75.587319984999965, -11.199409978999929 ], [ -75.587350234999974, -11.199677103999928 ], [ -75.587379984999984, -11.199939978999963 ], [ -75.58750998499994, -11.200469978999926 ], [ -75.587549984999953, -11.200869978999954 ], [ -75.587539984999978, -11.201459978999944 ], [ -75.58741998499994, -11.202019978999935 ], [ -75.587449984999978, -11.202369978999963 ], [ -75.587669984999934, -11.202869978999953 ], [ -75.587709984999947, -11.203179978999977 ], [ -75.587619984999947, -11.203549978999952 ], [ -75.587619984999947, -11.204429978999931 ], [ -75.587588234999956, -11.20464472899994 ], [ -75.587579984999934, -11.20469997899994 ], [ -75.58741998499994, -11.205219978999935 ], [ -75.586969984999939, -11.205979978999952 ], [ -75.586899984999945, -11.206249978999942 ], [ -75.586879984999939, -11.206779978999974 ], [ -75.586599984999964, -11.207469978999946 ], [ -75.586989984999946, -11.208419978999931 ], [ -75.587059984999939, -11.208689978999919 ], [ -75.587089984999977, -11.20910997899994 ], [ -75.587009984999952, -11.209629978999942 ], [ -75.58643998499997, -11.211299978999934 ], [ -75.58610998499995, -11.212039978999933 ], [ -75.585699984999977, -11.21251997899998 ], [ -75.585329984999987, -11.212749978999963 ], [ -75.584089984999935, -11.213139978999941 ], [ -75.583039882999969, -11.213690134999979 ], [ -75.582889984999952, -11.213919978999961 ], [ -75.582759984999939, -11.214219978999951 ], [ -75.582669984999939, -11.214749978999979 ], [ -75.582749984999964, -11.215299978999948 ], [ -75.582839984999978, -11.215579978999934 ], [ -75.582969984999977, -11.215789978999958 ], [ -75.583539984999959, -11.216189978999971 ], [ -75.584209984999973, -11.216449978999947 ], [ -75.584459984999967, -11.21668997899997 ], [ -75.584569984999973, -11.216919978999945 ], [ -75.584669984999962, -11.217579978999932 ], [ -75.585179984999968, -11.218109978999953 ], [ -75.585509985, -11.218929978999931 ], [ -75.585669984999981, -11.21918997899996 ], [ -75.586009984999976, -11.219609978999927 ], [ -75.586079984999969, -11.219959978999956 ], [ -75.586029984999982, -11.220519978999949 ], [ -75.586129984999957, -11.220669978999988 ], [ -75.586429984999938, -11.220899978999975 ], [ -75.586519984999939, -11.221139978999933 ], [ -75.586479984999983, -11.22161997899997 ], [ -75.586359984999945, -11.222249978999971 ], [ -75.586149984999963, -11.222519978999966 ], [ -75.585809984999969, -11.222779978999935 ], [ -75.584399984999948, -11.224359978999924 ], [ -75.582809984999983, -11.225919978999965 ], [ -75.582249984999976, -11.226649978999941 ], [ -75.581829984999956, -11.227089978999977 ], [ -75.580679984999961, -11.227779978999921 ], [ -75.579829984999947, -11.228179978999949 ], [ -75.579309984999952, -11.228729978999981 ], [ -75.579308734999984, -11.228729853999933 ], [ -75.578019359999985, -11.228647228999932 ], [ -75.560787640999934, -11.227542416999931 ], [ -75.507513234999976, -11.22412672899997 ], [ -75.50617998499996, -11.224399978999951 ], [ -75.50659998499998, -11.224769978999973 ], [ -75.507229984999981, -11.22516997899992 ], [ -75.50817998499997, -11.225479978999941 ], [ -75.509389984999984, -11.226439978999956 ], [ -75.509729984999979, -11.226769978999924 ], [ -75.509814984999934, -11.226813728999952 ], [ -75.510059984999941, -11.226939978999942 ], [ -75.51062998499998, -11.227089978999961 ], [ -75.511459984999988, -11.227229978999963 ], [ -75.512329984999951, -11.227519978999963 ], [ -75.512829984999939, -11.227549978999944 ], [ -75.513289984999972, -11.227629978999964 ], [ -75.513579984999978, -11.227759978999924 ], [ -75.513959984999985, -11.228039978999959 ], [ -75.514319984999986, -11.228559978999959 ], [ -75.514989984999943, -11.22978997899998 ], [ -75.516449984999952, -11.232859978999947 ], [ -75.516919984999959, -11.233739978999949 ], [ -75.51721998499994, -11.234559978999927 ], [ -75.517649984999935, -11.23547997899994 ], [ -75.518089984999961, -11.236089978999926 ], [ -75.518539984999961, -11.236629978999927 ], [ -75.518869984999981, -11.237039978999981 ], [ -75.519769984999982, -11.238249978999928 ], [ -75.523129984999969, -11.241429978999978 ], [ -75.524479984999971, -11.242429978999951 ], [ -75.525269984999966, -11.243119978999969 ], [ -75.527659984999957, -11.244809978999966 ], [ -75.528009984999983, -11.24524997899994 ], [ -75.528189984999983, -11.245389978999979 ], [ -75.528649984999959, -11.245519978999937 ], [ -75.529079984999953, -11.245519978999935 ], [ -75.529519984999979, -11.245599978999953 ], [ -75.530409984999949, -11.245979978999969 ], [ -75.531869984999958, -11.246819978999952 ], [ -75.533049984999934, -11.247139978999943 ], [ -75.534069984999974, -11.247309978999963 ], [ -75.534649984999987, -11.24721997899996 ], [ -75.53479998499995, -11.247139978999931 ], [ -75.534949984999969, -11.247059978999959 ], [ -75.536459984999965, -11.247319978999942 ], [ -75.536939984999947, -11.247449978999947 ], [ -75.537659984999948, -11.247429978999948 ], [ -75.538159984999936, -11.247269978999958 ], [ -75.538689984999962, -11.247199978999962 ], [ -75.539449984999976, -11.24719997899995 ], [ -75.540759984999966, -11.247599978999967 ], [ -75.541819984999961, -11.247809978999946 ], [ -75.54354998499997, -11.248279978999964 ], [ -75.544639984999961, -11.248529978999953 ], [ -75.545439984999973, -11.248599978999954 ], [ -75.546169984999949, -11.248849978999939 ], [ -75.547619984999983, -11.249889978999931 ], [ -75.548749984999972, -11.250539978999935 ], [ -75.549229984999954, -11.250909978999967 ], [ -75.549789984999961, -11.251269978999977 ], [ -75.550129984999955, -11.251599978999932 ], [ -75.550389984999981, -11.251979978999932 ], [ -75.55046998499995, -11.252279978999976 ], [ -75.550329984999962, -11.252889978999976 ], [ -75.550339984999937, -11.253299978999955 ], [ -75.550489984999956, -11.253819978999951 ], [ -75.550779984999977, -11.254309978999967 ], [ -75.55091998499995, -11.254669978999967 ], [ -75.550929984999982, -11.255129978999941 ], [ -75.550809984999944, -11.256819978999943 ], [ -75.550839984999982, -11.257049978999934 ], [ -75.550999984999976, -11.257249978999935 ], [ -75.551239984999938, -11.257389978999976 ], [ -75.551829984999983, -11.257639978999975 ], [ -75.552629984999953, -11.258109978999922 ], [ -75.552859984999941, -11.258109978999931 ], [ -75.553229984999973, -11.258009978999956 ], [ -75.553549984999961, -11.25801997899992 ], [ -75.553729984999961, -11.258119978999957 ], [ -75.554639984999937, -11.259209978999936 ], [ -75.555069984999989, -11.25997997899997 ], [ -75.555399984999951, -11.260349978999949 ], [ -75.555537484999959, -11.260435103999956 ], [ -75.555609985, -11.260479978999971 ], [ -75.556431484999962, -11.261150478999987 ], [ -75.55706835999996, -11.261837853999955 ], [ -75.557471109999938, -11.262557103999942 ], [ -75.557776984999975, -11.263260353999954 ], [ -75.558143859999973, -11.264024728999967 ], [ -75.558327359999964, -11.264605728999975 ], [ -75.558755359999964, -11.265278478999955 ], [ -75.55936698499994, -11.265981728999966 ], [ -75.559917359999986, -11.266562728999935 ], [ -75.560651234999966, -11.26735772899997 ], [ -75.561423859999934, -11.267843728999928 ], [ -75.56190485999997, -11.268213853999953 ], [ -75.56263873499995, -11.268733728999964 ], [ -75.56341335999997, -11.269075103999969 ], [ -75.564514109999948, -11.269197478999958 ], [ -75.564907859999948, -11.269217103999948 ], [ -75.56532948499995, -11.269238228999939 ], [ -75.566552609999974, -11.269605103999931 ], [ -75.567619984999965, -11.270238978999938 ], [ -75.567857234999963, -11.270379728999954 ], [ -75.569895734999989, -11.271195103999956 ], [ -75.570792734999941, -11.271480603999981 ], [ -75.571767359999967, -11.271608853999959 ], [ -75.572341985, -11.271684353999946 ], [ -75.57411910999997, -11.271960978999976 ], [ -75.575318109999955, -11.271928978999943 ], [ -75.575733859999957, -11.271824978999973 ], [ -75.576459609999972, -11.271643603999962 ], [ -75.577234234999935, -11.271684353999939 ], [ -75.577310734999969, -11.271692353999985 ], [ -75.578169859999946, -11.271781228999943 ], [ -75.580006609999941, -11.272214353999971 ], [ -75.581148234999944, -11.272418228999976 ], [ -75.582045109999967, -11.272499728999941 ], [ -75.583268234999935, -11.272622103999929 ], [ -75.584776734999934, -11.272825978999954 ], [ -75.58608135999998, -11.273192853999946 ], [ -75.586890609999955, -11.273509728999947 ], [ -75.587891484999943, -11.274240603999948 ], [ -75.588478609999981, -11.274762478999946 ], [ -75.589261359999966, -11.275545228999935 ], [ -75.590011484999934, -11.276458478999933 ], [ -75.590761734999944, -11.277567478999972 ], [ -75.590811235, -11.277634353999929 ], [ -75.591413984999974, -11.278448103999954 ], [ -75.591524234999952, -11.27861547899993 ], [ -75.592294609999954, -11.279785353999964 ], [ -75.593070484999942, -11.281175728999923 ], [ -75.593794984999988, -11.283014478999963 ], [ -75.59433011, -11.284021478999941 ], [ -75.59560348499997, -11.285611353999968 ], [ -75.596860859999936, -11.286699853999945 ], [ -75.597668359999943, -11.287633478999965 ], [ -75.597904484999958, -11.28790672899993 ], [ -75.599197234999963, -11.289130853999948 ], [ -75.59989410999998, -11.290124603999972 ], [ -75.600774734999959, -11.290907353999961 ], [ -75.602111162999961, -11.291689621999977 ], [ -75.602111984999965, -11.29169010399994 ], [ -75.603253609999967, -11.29234235399997 ], [ -75.604427734999945, -11.292896853999935 ], [ -75.605373609999958, -11.293320853999942 ], [ -75.60597123499997, -11.293769103999971 ], [ -75.606025984999974, -11.293810103999933 ], [ -75.606222234999962, -11.29415172899996 ], [ -75.606776109999942, -11.29511472899998 ], [ -75.607134984999959, -11.295811478999946 ], [ -75.607330484999977, -11.296191103999949 ], [ -75.60766160999998, -11.296903103999959 ], [ -75.607982859999936, -11.297593603999921 ], [ -75.608124609999948, -11.297862353999964 ], [ -75.60861723499994, -11.298796853999939 ], [ -75.60890548499998, -11.299138978999967 ], [ -75.609246734999942, -11.299490853999933 ], [ -75.609570984999948, -11.300190603999962 ], [ -75.609997609999937, -11.300992603999934 ], [ -75.611146609999935, -11.302714228999946 ], [ -75.612646859999984, -11.304345103999943 ], [ -75.612647572999947, -11.304345726999948 ], [ -75.614734359999943, -11.306171478999941 ], [ -75.616397734999964, -11.307313103999951 ], [ -75.618126359999962, -11.308356728999964 ], [ -75.620344234999948, -11.309433103999938 ], [ -75.622214859999985, -11.310109353999955 ], [ -75.624221984999963, -11.310096103999959 ], [ -75.626577984999983, -11.310143228999943 ], [ -75.627738109999939, -11.310269353999953 ], [ -75.628491234999956, -11.310351228999933 ], [ -75.628745484999968, -11.310378853999973 ], [ -75.630724484999973, -11.310567353999945 ], [ -75.633363234999933, -11.310661603999955 ], [ -75.633582359999934, -11.310666978999956 ], [ -75.635295109999959, -11.310708728999948 ], [ -75.637509734999981, -11.310802978999961 ], [ -75.638982984999984, -11.311009228999982 ], [ -75.639865859999986, -11.311132728999956 ], [ -75.641279359999942, -11.311274103999947 ], [ -75.642315984999982, -11.311368353999974 ], [ -75.642975734999936, -11.311321228999928 ], [ -75.643965234999939, -11.31108572899995 ], [ -75.644435109999961, -11.310866728999939 ], [ -75.644483609999952, -11.310844228999935 ], [ -75.645030234999979, -11.310647353999975 ], [ -75.645507359999954, -11.310647353999958 ], [ -75.645939734999956, -11.310706978999981 ], [ -75.646497984999939, -11.31087947899994 ], [ -75.647204519999946, -11.311091461999968 ], [ -75.647205109999959, -11.311091853999917 ], [ -75.648455359999957, -11.311895353999939 ], [ -75.649538984999936, -11.313007978999963 ], [ -75.649706859999981, -11.313410353999929 ], [ -75.651155984999946, -11.316012228999965 ], [ -75.652144109999938, -11.317724853999945 ], [ -75.653263859999981, -11.318251853999973 ], [ -75.653927734999968, -11.317935228999939 ], [ -75.65422510999997, -11.317715478999965 ], [ -75.65435685999995, -11.317618103999965 ], [ -75.654879359999939, -11.317226353999951 ], [ -75.655660234999971, -11.316652603999959 ], [ -75.655793359999976, -11.31655472899997 ], [ -75.656497984999987, -11.315939978999944 ], [ -75.656548234999946, -11.315897228999974 ], [ -75.658179734999976, -11.314512103999954 ], [ -75.65907223499994, -11.313711853999964 ], [ -75.659626359999947, -11.313219353999964 ], [ -75.66018035999997, -11.312203603999935 ], [ -75.660672859999977, -11.311126353999954 ], [ -75.662059859999943, -11.309510853999933 ], [ -75.664593484999955, -11.306559853999937 ], [ -75.666306109999937, -11.304880103999949 ], [ -75.666761484999938, -11.304641603999928 ], [ -75.66753835999998, -11.304234478999943 ], [ -75.668953109999961, -11.303978478999969 ], [ -75.669533734999959, -11.303957978999964 ], [ -75.670673859999965, -11.303551978999954 ], [ -75.670956609999962, -11.30321222899993 ], [ -75.671573734999981, -11.302352603999969 ], [ -75.672525984999936, -11.301153478999931 ], [ -75.673442859999966, -11.300236603999963 ], [ -75.674675734999937, -11.299097603999947 ], [ -75.67640536, -11.297626853999921 ], [ -75.676405900999953, -11.297626392999973 ], [ -75.677604359999975, -11.296604103999927 ], [ -75.679050359999962, -11.295369728999956 ], [ -75.680460984999968, -11.294382353999932 ], [ -75.681708734999972, -11.29400547899996 ], [ -75.682209859999944, -11.293945228999974 ], [ -75.682957484999974, -11.293855603999935 ], [ -75.683781609999983, -11.29378060399995 ], [ -75.685005359999934, -11.293630853999947 ], [ -75.686143609999988, -11.293165978999976 ], [ -75.687318734999963, -11.291969603999966 ], [ -75.688932609999938, -11.290948603999933 ], [ -75.691764984999963, -11.290190978999933 ], [ -75.695432109999956, -11.28989972899995 ], [ -75.699249984999938, -11.29032222899996 ], [ -75.700964234999958, -11.289635353999927 ], [ -75.702936109999953, -11.288908978999928 ], [ -75.704561859999956, -11.288286228999942 ], [ -75.707675234999954, -11.286971728999964 ], [ -75.709750734999943, -11.285588103999933 ], [ -75.711860859999945, -11.284169853999963 ], [ -75.714127984999948, -11.282550103999931 ], [ -75.715320109999936, -11.28129860399997 ], [ -75.715458484999942, -11.280606728999947 ], [ -75.715466234999951, -11.280514103999957 ], [ -75.715527734999981, -11.279776603999945 ], [ -75.715485734999959, -11.278933603999976 ], [ -75.715354734999949, -11.27763185399993 ], [ -75.715325609999979, -11.276481478999919 ], [ -75.715531484999985, -11.274817978999977 ], [ -75.715977234999968, -11.273566103999938 ], [ -75.716320234999955, -11.273017353999933 ], [ -75.717280609999989, -11.272571603999939 ], [ -75.718140734999963, -11.272290978999926 ], [ -75.719784109999978, -11.272331478999948 ], [ -75.720276234999972, -11.272423353999956 ], [ -75.721215234999988, -11.272598978999959 ], [ -75.723010984999974, -11.272820853999979 ], [ -75.725424609999948, -11.273492978999959 ], [ -75.72805948499996, -11.274382228999974 ], [ -75.729410109999947, -11.27437885399997 ], [ -75.729804984999987, -11.274151728999984 ], [ -75.729969734999941, -11.273492978999974 ], [ -75.729541609999956, -11.27240610399997 ], [ -75.729146359999959, -11.270462853999961 ], [ -75.727878359999977, -11.267118228999939 ], [ -75.727111359999981, -11.265984353999952 ], [ -75.72463423499994, -11.263645353999946 ], [ -75.724304859999961, -11.26285485399996 ], [ -75.724636984999961, -11.261873728999952 ], [ -75.725455859999954, -11.260552853999974 ], [ -75.725574734999952, -11.260183103999958 ], [ -75.725786109999945, -11.259628353999975 ], [ -75.726155859999949, -11.258875478999931 ], [ -75.726433234999945, -11.258148978999944 ], [ -75.726763484999935, -11.257356478999954 ], [ -75.727730109999982, -11.253995353999919 ], [ -75.728586109999981, -11.251914728999958 ], [ -75.72902210999996, -11.250864603999968 ], [ -75.72924498499998, -11.24958210399995 ], [ -75.729772109999942, -11.247869478999966 ], [ -75.730266609999944, -11.246300478999956 ], [ -75.730367984999987, -11.245788978999947 ], [ -75.730603109999947, -11.245233353999941 ], [ -75.730764984999951, -11.244847228999957 ], [ -75.730880859999957, -11.24457072899998 ], [ -75.731301234999989, -11.24391172899994 ], [ -75.731899734999956, -11.243056853999981 ], [ -75.731956734999983, -11.242458353999949 ], [ -75.732099234999964, -11.241660478999957 ], [ -75.732184734999976, -11.240776978999966 ], [ -75.732203734999985, -11.239793853999977 ], [ -75.732271984999954, -11.238780228999936 ], [ -75.732469609999953, -11.238273978999937 ], [ -75.733267609999984, -11.237551978999928 ], [ -75.734335109999961, -11.236641978999964 ], [ -75.734832109999957, -11.236243353999951 ], [ -75.735704359999943, -11.235680603999983 ], [ -75.736717234999958, -11.235174228999938 ], [ -75.737364359999958, -11.23469597899998 ], [ -75.737652859999969, -11.234421853999949 ], [ -75.737926859999959, -11.234161353999987 ], [ -75.738602109999988, -11.233429853999947 ], [ -75.738712109999938, -11.233340353999942 ], [ -75.739361859999974, -11.23281085399997 ], [ -75.74008998499994, -11.232411353999964 ], [ -75.740699484999936, -11.232252353999973 ], [ -75.741335609999965, -11.232199353999924 ], [ -75.742289859999971, -11.232146353999948 ], [ -75.743190609999942, -11.232225853999967 ], [ -75.744065359999979, -11.232278853999947 ], [ -75.744833984999957, -11.232358353999922 ], [ -75.745416984999963, -11.232384853999971 ], [ -75.746159109999951, -11.232305353999944 ], [ -75.746662609999987, -11.232093478999955 ], [ -75.747139609999977, -11.231616353999975 ], [ -75.747457734999955, -11.231139228999943 ], [ -75.747751734999952, -11.230517728999923 ], [ -75.748042109999972, -11.230115603999934 ], [ -75.748304734999977, -11.229623103999927 ], [ -75.748779359999958, -11.229043228999952 ], [ -75.749382484999956, -11.228372978999971 ], [ -75.74989635999998, -11.227903978999956 ], [ -75.750186734999943, -11.227747603999953 ], [ -75.750566609999964, -11.227658228999932 ], [ -75.750709984999958, -11.227617228999971 ], [ -75.750879359999942, -11.227568853999962 ], [ -75.751705859999959, -11.22768060399995 ], [ -75.752365234999957, -11.227904353999975 ], [ -75.752979109999956, -11.228283728999942 ], [ -75.753358984999977, -11.228462478999974 ], [ -75.753917484999988, -11.229087978999932 ], [ -75.754230234999966, -11.229311353999954 ], [ -75.754699484999946, -11.229356103999979 ], [ -75.755123859999969, -11.229356103999978 ], [ -75.755950484999971, -11.22924435399994 ], [ -75.756499984999948, -11.228996103999966 ], [ -75.757156859999967, -11.228708228999954 ], [ -75.75775998499995, -11.228283728999944 ], [ -75.75827398499996, -11.227881728999932 ], [ -75.758675859999983, -11.227613478999951 ], [ -75.758988734999946, -11.227054978999952 ], [ -75.759256859999937, -11.226563603999978 ], [ -75.759658859999945, -11.225982728999949 ], [ -75.759944484999949, -11.225649228999936 ], [ -75.760329109999986, -11.225312478999966 ], [ -75.76066561, -11.225168353999949 ], [ -75.760954609999942, -11.22504447899996 ], [ -75.761583984999959, -11.224769478999969 ], [ -75.762929234999945, -11.224089353999945 ], [ -75.763551033999988, -11.223680259999981 ], [ -75.764210734999949, -11.22324622899993 ], [ -75.764716359999966, -11.222560978999987 ], [ -75.764868484999965, -11.220885478999939 ], [ -75.765070734999952, -11.219974853999922 ], [ -75.765526109999939, -11.219216228999926 ], [ -75.766605234999986, -11.217900728999954 ], [ -75.767741609999973, -11.215962228999951 ], [ -75.768234359999951, -11.21473247899997 ], [ -75.768638734999968, -11.213310603999959 ], [ -75.768669109999962, -11.212448103999966 ], [ -75.768726859999958, -11.21192910399998 ], [ -75.768765234999989, -11.211487103999948 ], [ -75.768745984999953, -11.211198728999936 ], [ -75.768765234999989, -11.210756728999963 ], [ -75.768688359999942, -11.210256978999947 ], [ -75.768669109999962, -11.209987853999955 ], [ -75.768780609999965, -11.209587478999939 ], [ -75.769438234999939, -11.208474478999966 ], [ -75.770702984999957, -11.207057978999957 ], [ -75.771989984999948, -11.206024853999971 ], [ -75.772013484999945, -11.206005978999944 ], [ -75.773036984999976, -11.205449978999983 ], [ -75.773367234999967, -11.205270603999971 ], [ -75.775053359999959, -11.204865853999937 ], [ -75.776402609999934, -11.204798353999935 ], [ -75.777992234999942, -11.205230353999983 ], [ -75.780624984999974, -11.207619103999953 ], [ -75.783171859999982, -11.211935603999956 ], [ -75.783828234999987, -11.212431603999962 ], [ -75.784305609999933, -11.212591228999937 ], [ -75.784731984999951, -11.212456603999952 ], [ -75.784911484999952, -11.212183603999963 ], [ -75.784911484999952, -11.211794603999973 ], [ -75.784911484999952, -11.211558728999927 ], [ -75.784911484999952, -11.211196353999984 ], [ -75.78512085999995, -11.210328728999972 ], [ -75.785360234999985, -11.209341478999923 ], [ -75.785517109999944, -11.208399603999966 ], [ -75.785569609999982, -11.208084978999972 ], [ -75.786018359999957, -11.207277103999962 ], [ -75.786766359999945, -11.206110353999971 ], [ -75.78745435999997, -11.205212853999967 ], [ -75.788082609999947, -11.204584603999928 ], [ -75.788501484999983, -11.204135853999949 ], [ -75.788770734999957, -11.203806728999941 ], [ -75.78912973499996, -11.203328103999983 ], [ -75.789578484999936, -11.202819478999965 ], [ -75.79020673499997, -11.20213147899995 ], [ -75.790725359999954, -11.201667728999942 ], [ -75.791483235, -11.201029478999947 ], [ -75.792100859999948, -11.200461728999921 ], [ -75.79255360999997, -11.199952353999954 ], [ -75.792723484999954, -11.199499603999985 ], [ -75.792751734999968, -11.198848603999968 ], [ -75.792549484999938, -11.198077228999978 ], [ -75.79236711, -11.197408853999946 ], [ -75.792241109999964, -11.196521978999961 ], [ -75.792355609999959, -11.196046853999981 ], [ -75.793065984999956, -11.195373103999941 ], [ -75.79382185999998, -11.194528978999918 ], [ -75.794277109999939, -11.193803978999943 ], [ -75.794344609999939, -11.193095603999948 ], [ -75.794199234999951, -11.191308603999978 ], [ -75.794091609999953, -11.188424603999968 ], [ -75.794142234999981, -11.186772103999937 ], [ -75.794517734999943, -11.185851603999931 ], [ -75.79493473499997, -11.185709728999939 ], [ -75.795676734999972, -11.18584447899997 ], [ -75.796688484999947, -11.186131353999933 ], [ -75.798273609999967, -11.186333603999973 ], [ -75.799779734999959, -11.186373478999931 ], [ -75.800717234999979, -11.18608710399997 ], [ -75.802085234999936, -11.185623353999979 ], [ -75.803238234999981, -11.185033228999941 ], [ -75.804597609999973, -11.184498478999965 ], [ -75.806133984999974, -11.18379535399993 ], [ -75.808217609999986, -11.182727603999975 ], [ -75.809285109999962, -11.182128603999956 ], [ -75.810326859999975, -11.181399478999932 ], [ -75.811109734999945, -11.180748978999924 ], [ -75.812524984999982, -11.179572728999963 ], [ -75.813592484999958, -11.178914103999936 ], [ -75.812384734999966, -11.177802728999957 ], [ -75.810859359999938, -11.175940228999931 ], [ -75.810273109999969, -11.175267103999943 ], [ -75.809860609999987, -11.174594103999938 ], [ -75.809469859999979, -11.174116353999981 ], [ -75.809057234999955, -11.173530228999928 ], [ -75.808774984999957, -11.172922228999932 ], [ -75.80863448499997, -11.17250072899998 ], [ -75.808605734999958, -11.172414353999955 ], [ -75.808536234999963, -11.172205853999966 ], [ -75.808417984999949, -11.171400353999964 ], [ -75.808514484999989, -11.16960047899993 ], [ -75.808536234999963, -11.169252978999969 ], [ -75.808471109999971, -11.168883978999931 ], [ -75.808196109999983, -11.168598103999955 ], [ -75.807617109999967, -11.168163853999937 ], [ -75.806777609999983, -11.167671728999945 ], [ -75.805851234999977, -11.167092728999936 ], [ -75.804895734999945, -11.166513728999973 ], [ -75.804172234999953, -11.165934853999943 ], [ -75.803622109999949, -11.165413728999953 ], [ -75.803139734999945, -11.164839603999942 ], [ -75.802458984999987, -11.163830103999935 ], [ -75.802061359999982, -11.162853478999978 ], [ -75.801786859999936, -11.162145603999937 ], [ -75.80165685999998, -11.161768728999956 ], [ -75.801414859999966, -11.16147785399993 ], [ -75.801272609999955, -11.161329728999927 ], [ -75.801219734999961, -11.161274728999961 ], [ -75.801214109999989, -11.161272728999958 ], [ -75.800585234999971, -11.161178853999958 ], [ -75.800091859999966, -11.161162478999918 ], [ -75.799691984999981, -11.161163228999959 ], [ -75.79931636, -11.161105478999948 ], [ -75.79908848499997, -11.161261103999946 ], [ -75.798430609999969, -11.161968353999953 ], [ -75.797805609999955, -11.16252760399993 ], [ -75.797147734999953, -11.163103353999933 ], [ -75.79675285999997, -11.163415853999936 ], [ -75.796407484999975, -11.163646103999959 ], [ -75.795650859999967, -11.163761353999968 ], [ -75.795206734999965, -11.163777728999948 ], [ -75.794762609999964, -11.163659228999965 ], [ -75.793820234999941, -11.163163353999947 ], [ -75.792854734999935, -11.162823728999971 ], [ -75.79204873499998, -11.162396228999972 ], [ -75.791555359999961, -11.162067103999963 ], [ -75.791094734999945, -11.161688728999929 ], [ -75.790601359999982, -11.161277603999952 ], [ -75.790074985, -11.16093222899997 ], [ -75.789663859999962, -11.160619603999969 ], [ -75.788709859999983, -11.160257853999957 ], [ -75.787657109999941, -11.159978228999934 ], [ -75.78652223499995, -11.159698603999967 ], [ -75.78569985999998, -11.159632728999956 ], [ -75.784795234999933, -11.159649228999964 ], [ -75.783972859999949, -11.159879478999921 ], [ -75.782887234999976, -11.160192103999982 ], [ -75.782097734999979, -11.160471603999955 ], [ -75.781127359999971, -11.160833478999965 ], [ -75.780485859999942, -11.160997978999948 ], [ -75.780255609999983, -11.161080103999945 ], [ -75.779959484999949, -11.160816978999943 ], [ -75.779770359999986, -11.160490103999964 ], [ -75.779667609999933, -11.160037853999931 ], [ -75.77952348499997, -11.159030353999977 ], [ -75.779400234999969, -11.158105228999935 ], [ -75.779276859999982, -11.157508978999953 ], [ -75.778906859999964, -11.156933228999948 ], [ -75.778598484999975, -11.156645353999984 ], [ -75.777961109999978, -11.156028603999967 ], [ -75.777385359999982, -11.155514603999965 ], [ -75.776604234999979, -11.154671728999963 ], [ -75.776102734999938, -11.15421522899994 ], [ -75.775687484999935, -11.153574228999958 ], [ -75.774980484999958, -11.15262872899995 ], [ -75.774942234999969, -11.152570478999959 ], [ -75.774574109999946, -11.152009478999961 ], [ -75.774202234999962, -11.15133647899996 ], [ -75.77416786, -11.15127422899997 ], [ -75.774012984999956, -11.150538978999979 ], [ -75.773916234999945, -11.149919853999958 ], [ -75.773925734999978, -11.149470728999967 ], [ -75.774177609999981, -11.149085103999939 ], [ -75.774479984999971, -11.148989978999957 ], [ -75.774602541999968, -11.148821462999933 ], [ -75.774719984999933, -11.148659978999941 ], [ -75.774819984999965, -11.148169978999922 ], [ -75.775439984999934, -11.147179978999928 ], [ -75.775669984999979, -11.146869978999968 ], [ -75.775969984999961, -11.146619978999983 ], [ -75.776070109999978, -11.146562353999961 ], [ -75.776559984999949, -11.146279978999937 ], [ -75.776839984999981, -11.14595997899994 ], [ -75.777109984999981, -11.145539978999976 ], [ -75.777809984999976, -11.144919978999949 ], [ -75.778139984999939, -11.144289978999954 ], [ -75.778349984999977, -11.144059978999962 ], [ -75.778579984999965, -11.143669978999986 ], [ -75.779109984999934, -11.14213997899998 ], [ -75.779559984999935, -11.14153997899996 ], [ -75.779799984999968, -11.140529978999957 ], [ -75.779859984999973, -11.140029978999955 ], [ -75.78023998499998, -11.139209978999929 ], [ -75.780319984999949, -11.138259978999939 ], [ -75.780539984999962, -11.137429978999942 ], [ -75.780829984999968, -11.136279978999944 ], [ -75.781019984999958, -11.13575997899995 ], [ -75.781019984999958, -11.134769978999945 ], [ -75.781139984999982, -11.134499978999937 ], [ -75.781329984999957, -11.133679978999965 ], [ -75.78163998499997, -11.133099978999944 ], [ -75.781829984999945, -11.132479978999971 ], [ -75.782179984999971, -11.131629978999969 ], [ -75.782759984999984, -11.130749978999967 ], [ -75.783069984999941, -11.130159978999922 ], [ -75.78330998499996, -11.129769978999951 ], [ -75.783699984999942, -11.129139978999936 ], [ -75.783730609999964, -11.129045978999947 ], [ -75.783834109999987, -11.12886785399996 ], [ -75.78436336, -11.127956978999979 ], [ -75.787025359999973, -11.125626978999943 ], [ -75.788890609999953, -11.124688728999962 ], [ -75.792595734999963, -11.123542978999987 ], [ -75.794497859999979, -11.122434603999972 ], [ -75.796512609999979, -11.121401478999935 ], [ -75.797984984999971, -11.120264978999952 ], [ -75.798191609999947, -11.119257603999923 ], [ -75.797442609999962, -11.118224353999942 ], [ -75.795995984999934, -11.116752103999941 ], [ -75.795169484999974, -11.115770478999929 ], [ -75.794058734999965, -11.115073103999972 ], [ -75.792922859999976, -11.115169728999945 ], [ -75.790553984999974, -11.115380353999965 ], [ -75.78994823499994, -11.115434228999959 ], [ -75.785387109999988, -11.114839228999921 ], [ -75.783457734999956, -11.114746228999925 ], [ -75.782639734999975, -11.115155478999943 ], [ -75.781598609999946, -11.115787353999965 ], [ -75.780334234999941, -11.115750228999962 ], [ -75.778884109999979, -11.114857853999984 ], [ -75.777433984999959, -11.114002603999946 ], [ -75.775835109999946, -11.113296103999971 ], [ -75.774013109999942, -11.112515228999939 ], [ -75.771633359999953, -11.111585728999954 ], [ -75.769848609999954, -11.110581728999939 ], [ -75.768844609999974, -11.109912478999949 ], [ -75.768063734999942, -11.109503478999944 ], [ -75.767329359999962, -11.109495353999938 ], [ -75.766304609999963, -11.109641728999982 ], [ -75.765279734999979, -11.10974622899994 ], [ -75.764568609999969, -11.109689353999959 ], [ -75.763669234999952, -11.109788103999962 ], [ -75.762969859999941, -11.109838103999953 ], [ -75.761320359999957, -11.10961322899994 ], [ -75.760636484999964, -11.109537103999971 ], [ -75.759611734999964, -11.109244353999932 ], [ -75.759004984999933, -11.109076978999951 ], [ -75.75850298499995, -11.108721478999939 ], [ -75.758021984999971, -11.107968478999965 ], [ -75.757645484999955, -11.107361853999974 ], [ -75.757080734999988, -11.106818103999949 ], [ -75.756536984999968, -11.106357978999931 ], [ -75.756142484999941, -11.106164603999947 ], [ -75.755493984999987, -11.105930728999967 ], [ -75.754802734999942, -11.105749853999951 ], [ -75.754132734999985, -11.105632853999955 ], [ -75.75361160999995, -11.105547853999958 ], [ -75.752899234999973, -11.105409603999924 ], [ -75.752473734999967, -11.105292603999951 ], [ -75.752186609999967, -11.105250103999932 ], [ -75.751952609999989, -11.105228853999957 ], [ -75.751729359999956, -11.105271353999973 ], [ -75.751357109999958, -11.105473353999965 ], [ -75.750899859999947, -11.105803103999959 ], [ -75.750485109999943, -11.106249728999952 ], [ -75.750251234999951, -11.106494353999949 ], [ -75.749889609999968, -11.10694097899994 ], [ -75.748902734999945, -11.107801103999973 ], [ -75.747585109999989, -11.108554103999943 ], [ -75.74643473499998, -11.109097853999971 ], [ -75.745221609999987, -11.10951622899996 ], [ -75.744529234999959, -11.109689478999933 ], [ -75.744060484999977, -11.109788978999976 ], [ -75.743744734999964, -11.109854228999952 ], [ -75.743333484999937, -11.109872978999929 ], [ -75.74295285999996, -11.109852353999939 ], [ -75.742497609999987, -11.109784353999936 ], [ -75.742165859999943, -11.109799603999932 ], [ -75.741671984999982, -11.109838228999939 ], [ -75.741062484999986, -11.109892228999977 ], [ -75.740321734999966, -11.109861353999971 ], [ -75.739627359999986, -11.109791978999967 ], [ -75.738755484999956, -11.109629853999929 ], [ -75.738138234999951, -11.109506478999956 ], [ -75.737374359999933, -11.109390728999925 ], [ -75.73650248499996, -11.109144228999982 ], [ -75.736022359999936, -11.10895222899995 ], [ -75.735295359999952, -11.108705353999937 ], [ -75.734473609999952, -11.108619853999933 ], [ -75.733911734999936, -11.108596353999936 ], [ -75.733581984999944, -11.108226603999974 ], [ -75.733308859999966, -11.107697978999965 ], [ -75.732651359999977, -11.106725853999933 ], [ -75.731802609999988, -11.10549122899994 ], [ -75.73126235999996, -11.104359478999982 ], [ -75.730927984999937, -11.103690728999933 ], [ -75.730773734999957, -11.102816228999929 ], [ -75.730645109999955, -11.101967353999944 ], [ -75.730490734999989, -11.101015728999924 ], [ -75.730349234999949, -11.100317978999948 ], [ -75.730137109999987, -11.099507728999981 ], [ -75.730059859999983, -11.098658978999927 ], [ -75.730001984999944, -11.097810103999956 ], [ -75.729963484999985, -11.097038478999936 ], [ -75.730098484999985, -11.096343978999933 ], [ -75.730310734999989, -11.095533728999959 ], [ -75.730445734999989, -11.094742853999941 ], [ -75.730696484999953, -11.094221978999935 ], [ -75.730698734999976, -11.094213978999962 ], [ -75.730792984999937, -11.093874853999974 ], [ -75.730812109999988, -11.093643228999948 ], [ -75.730329984999969, -11.093180228999932 ], [ -75.729596859999972, -11.092524353999982 ], [ -75.728786734999971, -11.091926228999959 ], [ -75.728092234999963, -11.091308978999965 ], [ -75.727378484999974, -11.090595228999977 ], [ -75.726703234999945, -11.089727103999962 ], [ -75.726143734999937, -11.089051853999937 ], [ -75.725757984999973, -11.088627478999959 ], [ -75.725372109999967, -11.088318853999969 ], [ -75.724986359999946, -11.088183728999969 ], [ -75.724369109999941, -11.088048728999977 ], [ -75.723423734999983, -11.087971603999959 ], [ -75.722632734999934, -11.088010103999983 ], [ -75.722111859999984, -11.087913728999981 ], [ -75.721494609999979, -11.087682228999938 ], [ -75.720703609999987, -11.087373603999932 ], [ -75.720173984999974, -11.087073353999928 ], [ -75.718827734999934, -11.086299353999948 ], [ -75.717537109999967, -11.085540353999939 ], [ -75.716773859999989, -11.084969478999932 ], [ -75.715861484999948, -11.084286978999966 ], [ -75.71345010999994, -11.082666603999931 ], [ -75.712678609999955, -11.082275978999972 ], [ -75.711868859999981, -11.082124228999929 ], [ -75.71109660999997, -11.082242103999924 ], [ -75.710097484999949, -11.082604978999942 ], [ -75.707910235, -11.08307835399995 ], [ -75.705309734999972, -11.08351960399995 ], [ -75.703308109999966, -11.083677228999925 ], [ -75.701589984999941, -11.083719978999973 ], [ -75.700739109999972, -11.083945103999946 ], [ -75.699257609999975, -11.083992478999955 ], [ -75.69717723499997, -11.08397672899997 ], [ -75.695900609999967, -11.083551228999973 ], [ -75.694466609999949, -11.082211603999951 ], [ -75.693930609999938, -11.081565478999954 ], [ -75.693474484999967, -11.081173853999928 ], [ -75.692525859999989, -11.080999228999927 ], [ -75.691830609999954, -11.080875728999947 ], [ -75.691305359999944, -11.080782978999935 ], [ -75.690579234999973, -11.080597603999927 ], [ -75.690100359999974, -11.080257728999985 ], [ -75.689722235, -11.079748728999963 ], [ -75.689698734999979, -11.079717103999936 ], [ -75.689389734999963, -11.079176353999978 ], [ -75.689142609999976, -11.078604728999943 ], [ -75.68878723499995, -11.078203103999957 ], [ -75.688478234999934, -11.078017728999949 ], [ -75.688153859999943, -11.077924978999931 ], [ -75.687705859999937, -11.077863353999934 ], [ -75.687000359999956, -11.077767978999928 ], [ -75.685682109999959, -11.077582603999923 ], [ -75.684796234999965, -11.077561978999938 ], [ -75.68411661, -11.077561978999935 ], [ -75.683272109999962, -11.07743835399998 ], [ -75.682540109999934, -11.077239853999972 ], [ -75.681953859999965, -11.077067603999986 ], [ -75.681178109999962, -11.076972478999945 ], [ -75.680770734999953, -11.076921603999944 ], [ -75.680185234999954, -11.076896103999958 ], [ -75.679803359999937, -11.076896103999964 ], [ -75.679485109999973, -11.07688335399996 ], [ -75.679128609999964, -11.076806978999969 ], [ -75.678695859999948, -11.076514228999935 ], [ -75.67839035999998, -11.076221478999971 ], [ -75.677919359999976, -11.075801353999964 ], [ -75.677702984999939, -11.075419478999951 ], [ -75.677804859999981, -11.075012228999979 ], [ -75.678146484999957, -11.074761728999921 ], [ -75.677330109999957, -11.071714853999941 ], [ -75.677025359999973, -11.071236353999952 ], [ -75.676445359999946, -11.071455103999945 ], [ -75.675665984999966, -11.072568353999944 ], [ -75.674919984999974, -11.073167978999946 ], [ -75.672806609999952, -11.073716853999931 ], [ -75.671859359999985, -11.074214853999926 ], [ -75.668076234999944, -11.077740228999964 ], [ -75.667461109999977, -11.078156853999925 ], [ -75.666902109999967, -11.078471103999963 ], [ -75.666343109999957, -11.078663478999946 ], [ -75.665888984999981, -11.078680853999963 ], [ -75.665609609999933, -11.078576103999977 ], [ -75.665382484999952, -11.078104478999936 ], [ -75.66497073499994, -11.077765603999982 ], [ -75.664228484999967, -11.076193353999935 ], [ -75.663775484999974, -11.075739853999952 ], [ -75.663290859999961, -11.075333728999963 ], [ -75.662826109999969, -11.075101603999933 ], [ -75.662413109999989, -11.074927728999956 ], [ -75.662263234999955, -11.074893853999987 ], [ -75.662006984999948, -11.074835978999937 ], [ -75.661378109999987, -11.074757353999919 ], [ -75.660710109999968, -11.074691853999983 ], [ -75.659989484999983, -11.074652728999977 ], [ -75.659452484999989, -11.074586978999951 ], [ -75.658941484999957, -11.074390603999978 ], [ -75.658461859999989, -11.07401185399994 ], [ -75.658443734999935, -11.073997603999938 ], [ -75.658142359999943, -11.073604603999957 ], [ -75.657919734999965, -11.073159103999952 ], [ -75.657762484999978, -11.072687478999963 ], [ -75.657474234999938, -11.072058728999938 ], [ -75.657133734999945, -11.071469353999923 ], [ -75.656779984999957, -11.070879728999957 ], [ -75.656347609999955, -11.070408228999947 ], [ -75.655640234999964, -11.069831728999924 ], [ -75.65498523499997, -11.069281603999976 ], [ -75.65439573499998, -11.068665728999971 ], [ -75.654134234999958, -11.068260228999968 ], [ -75.654023484999982, -11.068076228999924 ], [ -75.653858609999986, -11.06765697899994 ], [ -75.653793109999981, -11.067329478999955 ], [ -75.653785984999956, -11.067074353999947 ], [ -75.653779859999986, -11.066857978999961 ], [ -75.653832359999967, -11.066124353999946 ], [ -75.653937234999944, -11.06563960399995 ], [ -75.653937234999944, -11.065364478999985 ], [ -75.653924109999934, -11.06447372899993 ], [ -75.653819359999943, -11.063700728999951 ], [ -75.653606109999942, -11.063296728999942 ], [ -75.65332060999998, -11.063090603999964 ], [ -75.652781484999934, -11.062916103999944 ], [ -75.652274109999951, -11.062805103999951 ], [ -75.651655609999978, -11.062725853999943 ], [ -75.650742109999953, -11.06260360399995 ], [ -75.650367359999962, -11.062451228999981 ], [ -75.650014609999971, -11.062334478999963 ], [ -75.649688484999956, -11.061969853999916 ], [ -75.64926623499997, -11.06127897899994 ], [ -75.648882484999945, -11.060492103999927 ], [ -75.64836435999996, -11.059801353999951 ], [ -75.647750235, -11.059206478999961 ], [ -75.646660734999955, -11.058682353999927 ], [ -75.645582484999977, -11.058301728999933 ], [ -75.644967734999966, -11.058112728999962 ], [ -75.644180984999934, -11.057997603999974 ], [ -75.643528484999933, -11.057920853999969 ], [ -75.641988234999985, -11.058051853999933 ], [ -75.640745359999983, -11.057963103999951 ], [ -75.639790984999934, -11.057496978999948 ], [ -75.639546859999939, -11.05723072899997 ], [ -75.63910285999998, -11.056231853999972 ], [ -75.638187734999974, -11.055251353999951 ], [ -75.638170859999946, -11.055233103999965 ], [ -75.636816734999968, -11.054656103999948 ], [ -75.635129984999935, -11.054101228999963 ], [ -75.634166109999967, -11.053032228999943 ], [ -75.63370948499994, -11.052414353999952 ], [ -75.632710734999989, -11.051748353999917 ], [ -75.631489984999973, -11.051459978999961 ], [ -75.629359234999981, -11.05145997899996 ], [ -75.626835484999958, -11.051323603999947 ], [ -75.62608610999996, -11.051303978999949 ], [ -75.625021234999963, -11.051205353999928 ], [ -75.624837984999942, -11.051159853999925 ], [ -75.62469598499996, -11.050976603999967 ], [ -75.624365359999956, -11.050549978999983 ], [ -75.623743859999934, -11.04963997899994 ], [ -75.623211235, -11.04901847899993 ], [ -75.622569609999985, -11.048674103999932 ], [ -75.622219609999945, -11.048486228999931 ], [ -75.621679734999987, -11.047997478999946 ], [ -75.621418859999949, -11.047823603999975 ], [ -75.620665109999948, -11.04732085399997 ], [ -75.61847873499994, -11.046291978999934 ], [ -75.617449859999965, -11.046184853999925 ], [ -75.616676609999956, -11.046025603999963 ], [ -75.61658323499995, -11.045997978999942 ], [ -75.616290359999937, -11.045911103999964 ], [ -75.616090859999986, -11.045852103999941 ], [ -75.615606484999944, -11.045520353999958 ], [ -75.615331609999942, -11.044767353999928 ], [ -75.615223109999988, -11.043964728999988 ], [ -75.615253734999953, -11.042818353999966 ], [ -75.615201484999943, -11.041990728999961 ], [ -75.615049609999971, -11.041296478999973 ], [ -75.615027984999983, -11.040667353999947 ], [ -75.615049609999971, -11.040255228999964 ], [ -75.61517973499997, -11.039799728999984 ], [ -75.615380484999946, -11.039390228999935 ], [ -75.615640734999943, -11.03891835399998 ], [ -75.615803609999944, -11.038511603999957 ], [ -75.615884859999937, -11.038023603999926 ], [ -75.615901109999982, -11.037454103999941 ], [ -75.615901109999982, -11.036982228999923 ], [ -75.615852234999977, -11.036624353999958 ], [ -75.615803609999944, -11.035859603999931 ], [ -75.615738359999966, -11.034997353999929 ], [ -75.615624484999955, -11.034102478999957 ], [ -75.61547810999997, -11.033175103999948 ], [ -75.615238234999936, -11.032065728999944 ], [ -75.615217734999987, -11.031971103999973 ], [ -75.614941109999961, -11.030881103999938 ], [ -75.614680859999964, -11.030035103999975 ], [ -75.613844359999973, -11.027910978999948 ], [ -75.61280985999997, -11.026358103999934 ], [ -75.612503734999962, -11.025619353999957 ], [ -75.611466609999979, -11.023115853999959 ], [ -75.610713609999962, -11.021550478999927 ], [ -75.609960734999959, -11.02046072899997 ], [ -75.609286984999983, -11.018518728999943 ], [ -75.608177359999956, -11.016022228999931 ], [ -75.607804609999974, -11.015112603999965 ], [ -75.607769984999948, -11.015049978999974 ], [ -75.607489984999972, -11.014179978999952 ], [ -75.60753998499996, -11.013279978999947 ], [ -75.607289984999966, -11.011459978999934 ], [ -75.607429984999953, -11.010229978999977 ], [ -75.607289984999966, -11.009579978999971 ], [ -75.60735998499996, -11.009289978999965 ], [ -75.607819984999935, -11.008559978999932 ], [ -75.607939984999973, -11.007409978999931 ], [ -75.608019984999942, -11.007109978999942 ], [ -75.608539984999936, -11.006399978999973 ], [ -75.608629984999936, -11.006019978999975 ], [ -75.608429984999987, -11.004989978999962 ], [ -75.608169984999961, -11.004549978999929 ], [ -75.607999984999935, -11.004229978999941 ], [ -75.607509984999979, -11.003539978999987 ], [ -75.607259985, -11.003269978999974 ], [ -75.606879984999978, -11.003059978999941 ], [ -75.606639984999958, -11.002959978999975 ], [ -75.606449984999983, -11.002789978999935 ], [ -75.606389984999964, -11.00251997899994 ], [ -75.606339984999977, -11.001909978999951 ], [ -75.606429984999977, -11.001729978999945 ], [ -75.606559984999933, -11.001269978999968 ], [ -75.606689984999946, -11.000889978999954 ], [ -75.606769984999971, -11.000579978999953 ], [ -75.606709984999952, -11.000239978999954 ], [ -75.60650985999996, -10.999999978999938 ], [ -75.606310484999938, -10.99980072899996 ], [ -75.606128859999956, -10.999540978999962 ], [ -75.606099609999944, -10.999390603999927 ], [ -75.606140609999954, -10.999009728999969 ], [ -75.606288984999935, -10.998790978999983 ], [ -75.606538984999986, -10.998521478999978 ], [ -75.606990234999955, -10.998220603999933 ], [ -75.60718935999995, -10.998070228999952 ], [ -75.607410109999989, -10.997730478999923 ], [ -75.607480359999954, -10.997540978999952 ], [ -75.607509734999951, -10.99729097899996 ], [ -75.607468734999941, -10.997111228999916 ], [ -75.607310484999971, -10.996749978999954 ], [ -75.607320234999989, -10.996550728999983 ], [ -75.607378859999983, -10.996410103999949 ], [ -75.607509734999951, -10.996300728999929 ], [ -75.607749984999941, -10.996191353999958 ], [ -75.608230359999936, -10.996140603999949 ], [ -75.608378859999974, -10.996101478999952 ], [ -75.608509734999984, -10.996009728999988 ], [ -75.608609359999946, -10.995880853999937 ], [ -75.608769484999982, -10.995441353999988 ], [ -75.608968734999962, -10.994970603999951 ], [ -75.609089734999941, -10.994560478999972 ], [ -75.609119109999938, -10.994339853999971 ], [ -75.609089734999941, -10.994111228999937 ], [ -75.608990234999965, -10.993669853999963 ], [ -75.608829984999943, -10.993201103999979 ], [ -75.608589734999953, -10.992759728999948 ], [ -75.608390609999958, -10.992419853999936 ], [ -75.608060484999953, -10.991880853999927 ], [ -75.607900359999974, -10.991230478999965 ], [ -75.607628859999977, -10.990540978999938 ], [ -75.606999984999959, -10.989640603999927 ], [ -75.606689359999962, -10.988839853999931 ], [ -75.606538984999986, -10.988191353999984 ], [ -75.606579984999939, -10.987669853999941 ], [ -75.606509734999975, -10.987079978999923 ], [ -75.606560484999989, -10.986390603999943 ], [ -75.606810484999983, -10.985919853999976 ], [ -75.607019484999967, -10.985701103999927 ], [ -75.607359359999975, -10.985249978999947 ], [ -75.607708984999988, -10.984880853999917 ], [ -75.607900359999974, -10.984550728999972 ], [ -75.607968734999986, -10.984351478999942 ], [ -75.608019484999943, -10.983900353999951 ], [ -75.60789060999997, -10.983351478999969 ], [ -75.607859359999964, -10.983070228999953 ], [ -75.607869109999967, -10.982630853999984 ], [ -75.607919859999981, -10.982121103999932 ], [ -75.607900359999974, -10.981720603999966 ], [ -75.60784960999996, -10.981540978999936 ], [ -75.607699109999942, -10.981271478999929 ], [ -75.606669859999954, -10.980480478999944 ], [ -75.606060484999944, -10.979990228999947 ], [ -75.605560484999955, -10.979509728999979 ], [ -75.605119109999976, -10.979191353999962 ], [ -75.604740234999952, -10.978749978999927 ], [ -75.604320234999989, -10.978160103999933 ], [ -75.603589734999957, -10.977371103999927 ], [ -75.603150359999972, -10.97707022899994 ], [ -75.602820234999982, -10.976740228999967 ], [ -75.602769484999953, -10.976640603999959 ], [ -75.60264060999998, -10.975980478999926 ], [ -75.602538984999967, -10.974710853999969 ], [ -75.602669859999935, -10.973441353999929 ], [ -75.602810484999964, -10.972900353999927 ], [ -75.602859359999968, -10.972570228999933 ], [ -75.602869109999972, -10.971740228999973 ], [ -75.602749984999946, -10.971160103999976 ], [ -75.602730359999953, -10.970910103999925 ], [ -75.602769484999953, -10.970660103999936 ], [ -75.603089734999969, -10.96988085399995 ], [ -75.603230359999941, -10.969009728999938 ], [ -75.603240235, -10.968070228999984 ], [ -75.603548734999961, -10.966781228999928 ], [ -75.603579984999953, -10.966441353999933 ], [ -75.603509734999989, -10.966111228999981 ], [ -75.603240235, -10.965400353999939 ], [ -75.602570234999973, -10.964121103999966 ], [ -75.602279234999969, -10.963701103999938 ], [ -75.601769484999977, -10.962669853999961 ], [ -75.601628859999948, -10.962339853999932 ], [ -75.601589734999948, -10.962060478999948 ], [ -75.601628859999948, -10.961451103999931 ], [ -75.601589734999948, -10.961160103999934 ], [ -75.601400359999957, -10.960871103999967 ], [ -75.600910109999973, -10.960460853999953 ], [ -75.600468734999936, -10.959980478999961 ], [ -75.600310484999966, -10.959611228999954 ], [ -75.600189359999945, -10.958790978999959 ], [ -75.599980359999961, -10.958300728999976 ], [ -75.599779234999971, -10.957540978999925 ], [ -75.599798734999979, -10.956861228999964 ], [ -75.599949109999955, -10.95582022899992 ], [ -75.599949109999955, -10.955191353999965 ], [ -75.600160109999933, -10.954499978999934 ], [ -75.600164984999935, -10.954479853999944 ], [ -75.600085984999964, -10.954461353999932 ], [ -75.599926859999982, -10.954423853999977 ], [ -75.599910109999954, -10.954419853999974 ], [ -75.599548734999985, -10.954390603999977 ], [ -75.599179609999965, -10.954400353999974 ], [ -75.598919859999967, -10.954441353999931 ], [ -75.598519484999954, -10.954570228999955 ], [ -75.597390609999934, -10.954851478999947 ], [ -75.597199109999963, -10.954980478999966 ], [ -75.596718734999968, -10.95520110399997 ], [ -75.595689359999938, -10.955400353999947 ], [ -75.595400359999985, -10.955521478999966 ], [ -75.59421873499997, -10.956410103999918 ], [ -75.593949109999983, -10.956579978999965 ], [ -75.593499984999937, -10.956701103999935 ], [ -75.592859359999977, -10.956720603999932 ], [ -75.591788984999937, -10.956441353999926 ], [ -75.591109359999962, -10.956320228999969 ], [ -75.590650359999984, -10.956310478999972 ], [ -75.590199109999958, -10.956259728999948 ], [ -75.58936910999995, -10.956040978999958 ], [ -75.588958984999977, -10.955880853999924 ], [ -75.58769910999996, -10.955509728999967 ], [ -75.587189359999968, -10.95527147899997 ], [ -75.586968734999971, -10.955111228999947 ], [ -75.585919859999933, -10.95432997899996 ], [ -75.585740234999946, -10.954271478999939 ], [ -75.585378859999935, -10.954230478999939 ], [ -75.584968734999961, -10.954070228999962 ], [ -75.584589734999952, -10.953759728999959 ], [ -75.584468734999987, -10.953630853999918 ], [ -75.584378859999958, -10.95354097899996 ], [ -75.584329984999954, -10.953521478999958 ], [ -75.584199109999986, -10.953470603999961 ], [ -75.582199109999976, -10.953521478999955 ], [ -75.581140609999977, -10.953361228999944 ], [ -75.58049998499996, -10.953351478999938 ], [ -75.579589734999956, -10.953460853999962 ], [ -75.578128859999936, -10.953880853999978 ], [ -75.576259734999951, -10.953941353999939 ], [ -75.575718734999953, -10.953919853999935 ], [ -75.575288984999986, -10.954060478999962 ], [ -75.57440035999997, -10.95442960399993 ], [ -75.574099609999962, -10.954490228999928 ], [ -75.572990234999963, -10.954441353999933 ], [ -75.572458984999969, -10.954351478999971 ], [ -75.571650359999978, -10.95438085399997 ], [ -75.571009734999961, -10.954480478999919 ], [ -75.570589734999942, -10.954460853999924 ], [ -75.570288984999934, -10.954419853999974 ], [ -75.570199109999976, -10.954410103999976 ], [ -75.570189359999972, -10.954412103999967 ], [ -75.568429609999953, -10.954009728999944 ], [ -75.567849609999939, -10.953910103999929 ], [ -75.567329984999958, -10.95391985399994 ], [ -75.56678898499996, -10.953999978999946 ], [ -75.566468734999944, -10.95407997899998 ], [ -75.566179609999949, -10.954210853999935 ], [ -75.565579984999943, -10.954691353999976 ], [ -75.565390609999952, -10.954941353999969 ], [ -75.565089734999958, -10.955480478999958 ], [ -75.56482998499996, -10.956121103999978 ], [ -75.564708984999982, -10.956329978999971 ], [ -75.564579984999966, -10.956499978999942 ], [ -75.564400359999979, -10.956601478999971 ], [ -75.563509734999968, -10.956800728999951 ], [ -75.562810484999943, -10.956790978999953 ], [ -75.562410109999973, -10.956829978999972 ], [ -75.562038984999958, -10.956919853999974 ], [ -75.560839734999945, -10.957300728999943 ], [ -75.56011910999996, -10.957470603999983 ], [ -75.559749984999939, -10.957470603999976 ], [ -75.559288984999966, -10.957400353999963 ], [ -75.558640609999941, -10.95735147899995 ], [ -75.55852923499998, -10.957339853999937 ], [ -75.558298734999937, -10.957329978999955 ], [ -75.557316359999959, -10.957197228999966 ], [ -75.556548734999978, -10.956810478999964 ], [ -75.555468734999977, -10.956550728999964 ], [ -75.555349609999951, -10.956499978999942 ], [ -75.555079984999963, -10.95641010399993 ], [ -75.554468734999944, -10.956130853999985 ], [ -75.553179609999972, -10.955871103999922 ], [ -75.552490234999937, -10.95531047899993 ], [ -75.552429609999933, -10.955210853999969 ], [ -75.552359359999969, -10.954919853999964 ], [ -75.55225973499995, -10.953880853999971 ], [ -75.552249984999946, -10.953419853999947 ], [ -75.552150359999985, -10.952490228999977 ], [ -75.552070234999974, -10.952201103999926 ], [ -75.55206048499997, -10.951460853999951 ], [ -75.55201948499996, -10.951179603999941 ], [ -75.551968734999946, -10.951070228999981 ], [ -75.551839734999987, -10.95092960399996 ], [ -75.551298734999989, -10.950589853999931 ], [ -75.550859359999947, -10.950470603999966 ], [ -75.550199109999937, -10.950361228999954 ], [ -75.549089734999939, -10.94999997899993 ], [ -75.548650359999954, -10.949771478999946 ], [ -75.548119109999959, -10.949550728999949 ], [ -75.547929609999983, -10.949509728999931 ], [ -75.547679609999989, -10.949509728999931 ], [ -75.547218734999944, -10.949579978999962 ], [ -75.547048734999976, -10.949640603999969 ], [ -75.54616010999996, -10.95013085399995 ], [ -75.544439359999956, -10.951121103999986 ], [ -75.543990234999967, -10.951281228999953 ], [ -75.543070234999959, -10.951290978999969 ], [ -75.541499984999987, -10.951150353999934 ], [ -75.541038984999943, -10.950960853999963 ], [ -75.540199109999946, -10.950781228999965 ], [ -75.539929609999945, -10.950630853999934 ], [ -75.539378859999943, -10.950470603999971 ], [ -75.538759734999985, -10.950150353999952 ], [ -75.538329984999962, -10.949771478999946 ], [ -75.537439359999965, -10.94869135399995 ], [ -75.536980359999973, -10.948351478999946 ], [ -75.536788984999987, -10.948290978999978 ], [ -75.536640609999949, -10.94828122899998 ], [ -75.536199109999984, -10.948410103999938 ], [ -75.535529234999956, -10.948800728999963 ], [ -75.535269484999958, -10.948871103999979 ], [ -75.534958984999946, -10.949031228999958 ], [ -75.534560484999986, -10.949310478999958 ], [ -75.533718734999979, -10.949790978999946 ], [ -75.533400359999973, -10.95004097899994 ], [ -75.532599609999977, -10.950871103999937 ], [ -75.532429609999951, -10.950980478999959 ], [ -75.532342734999986, -10.950968978999972 ], [ -75.532320234999986, -10.950951103999948 ], [ -75.531981234999989, -10.950888603999935 ], [ -75.531939359999967, -10.950880853999927 ], [ -75.531490234999978, -10.950621103999929 ], [ -75.530890609999972, -10.950441353999956 ], [ -75.530419859999938, -10.950410103999955 ], [ -75.529890609999939, -10.950540978999983 ], [ -75.529499984999973, -10.950550728999925 ], [ -75.529477734999944, -10.950546728999944 ], [ -75.529218734999972, -10.950499978999966 ], [ -75.528699109999934, -10.950259728999979 ], [ -75.528259734999949, -10.950179603999974 ], [ -75.527708984999947, -10.950140603999953 ], [ -75.527339734999941, -10.950150353999961 ], [ -75.526699109999981, -10.950281228999932 ], [ -75.525660109999933, -10.950220603999981 ], [ -75.525099609999984, -10.950060478999944 ], [ -75.523538984999959, -10.949970603999924 ], [ -75.523113859999967, -10.950007103999946 ], [ -75.522490234999964, -10.950060478999948 ], [ -75.522208984999963, -10.950121103999949 ], [ -75.521869109999955, -10.950329978999942 ], [ -75.521218734999934, -10.950839853999975 ], [ -75.520829984999978, -10.951259728999954 ], [ -75.520349609999982, -10.951601478999972 ], [ -75.520038984999985, -10.952089853999956 ], [ -75.519650359999957, -10.952720603999982 ], [ -75.519419859999971, -10.952990228999973 ], [ -75.519070234999958, -10.953220603999963 ], [ -75.518589734999978, -10.953329978999934 ], [ -75.518259734999958, -10.953339853999974 ], [ -75.518089735, -10.953300728999984 ], [ -75.517769484999974, -10.953169853999951 ], [ -75.516939359999981, -10.953040978999981 ], [ -75.51652923499995, -10.95303122899997 ], [ -75.516230359999952, -10.953070228999938 ], [ -75.51567960999995, -10.953249978999969 ], [ -75.515339734999941, -10.953429603999954 ], [ -75.515160109999954, -10.953550728999971 ], [ -75.51414060999997, -10.954650353999964 ], [ -75.51390035999998, -10.955009728999922 ], [ -75.513298734999978, -10.955441353999948 ], [ -75.513019484999973, -10.955771478999962 ], [ -75.512810484999989, -10.95612110399998 ], [ -75.512599609999938, -10.956691353999936 ], [ -75.512119109999958, -10.957509728999973 ], [ -75.511788984999953, -10.957829978999944 ], [ -75.510999984999955, -10.958390603999927 ], [ -75.51079873499998, -10.958550728999963 ], [ -75.510490234999963, -10.959079978999965 ], [ -75.509650359999966, -10.960300728999929 ], [ -75.509400359999972, -10.96078122899997 ], [ -75.508958984999936, -10.961400353999979 ], [ -75.508458984999947, -10.961880853999947 ], [ -75.507759734999979, -10.962230478999968 ], [ -75.506999984999936, -10.962329978999954 ], [ -75.506560484999966, -10.962339853999946 ], [ -75.505480359999979, -10.962040978999939 ], [ -75.504958984999973, -10.962009728999922 ], [ -75.50375973499996, -10.962050728999946 ], [ -75.50333973499994, -10.962040978999939 ], [ -75.502810484999941, -10.962070228999957 ], [ -75.502474234999966, -10.961893854 ], [ -75.501663484999938, -10.961504603999963 ], [ -75.500606859999948, -10.959055228999953 ], [ -75.498589734999939, -10.955693353999948 ], [ -75.497169859999985, -10.95313285399993 ], [ -75.496416109999984, -10.95176422899994 ], [ -75.496353859999942, -10.951466603999956 ], [ -75.49614835999995, -10.950484353999958 ], [ -75.496072984999955, -10.949430103999932 ], [ -75.496025234999934, -10.948531228999963 ], [ -75.496278859999961, -10.947576728999925 ], [ -75.496278859999961, -10.947511853999975 ], [ -75.496278859999961, -10.946443978999973 ], [ -75.496163984999953, -10.945619103999951 ], [ -75.495626734999973, -10.944521853999953 ], [ -75.495317859999943, -10.943286103999977 ], [ -75.494837234999977, -10.941707228999965 ], [ -75.494392484999935, -10.940285103999944 ], [ -75.494603609999956, -10.938259478999948 ], [ -75.495948359999943, -10.936242478999919 ], [ -75.496426984999971, -10.93523960399995 ], [ -75.496956859999955, -10.93412935399993 ], [ -75.497244984999952, -10.931487853999959 ], [ -75.497581234999984, -10.927789853999968 ], [ -75.496572609999987, -10.925580603999947 ], [ -75.494603609999956, -10.923035103999958 ], [ -75.48923960999997, -10.919450478999972 ], [ -75.487434234999967, -10.918660603999962 ], [ -75.486475109999958, -10.91818110399992 ], [ -75.483029109999961, -10.917800228999974 ], [ -75.483007484999973, -10.917798728999973 ], [ -75.480291609999938, -10.91760810399996 ], [ -75.478012484999965, -10.917052728999982 ], [ -75.477199609999957, -10.916619853999979 ], [ -75.475530109999966, -10.915642228999952 ], [ -75.473963234999985, -10.914640603999937 ], [ -75.472314359999984, -10.913385603999918 ], [ -75.46791998499998, -10.910456603999942 ], [ -75.465972484999952, -10.909374603999941 ], [ -75.465323359999957, -10.908804103999962 ], [ -75.465195234999953, -10.908414103999972 ], [ -75.465736484999979, -10.907289353999944 ], [ -75.465913485, -10.905695978999967 ], [ -75.465736484999979, -10.902764853999937 ], [ -75.465480734999971, -10.901663228999951 ], [ -75.465222359999984, -10.901126853999919 ], [ -75.465193484999986, -10.901122603999962 ], [ -75.464700734999951, -10.901048853999949 ], [ -75.46421085999998, -10.901093478999941 ], [ -75.463753984999983, -10.901055853999928 ], [ -75.463305484999978, -10.901148103999965 ], [ -75.463030109999977, -10.901204853999946 ], [ -75.462317359999986, -10.901360728999977 ], [ -75.461008484999979, -10.901478228999961 ], [ -75.459978609999951, -10.901472103999932 ], [ -75.458864859999949, -10.901449853999976 ], [ -75.457639734999987, -10.901249353999956 ], [ -75.456904734999966, -10.90091522899997 ], [ -75.456236484999977, -10.90062560399997 ], [ -75.455345484999953, -10.900491978999982 ], [ -75.454454484999985, -10.900469728999958 ], [ -75.453350109999974, -10.900295353999976 ], [ -75.453364859999965, -10.900703603999936 ] ] ] } },
{ "type": "Feature", "properties": { "index": 1148, "UBIGEO": "120706", "CCDD": "12", "CCPP": "07", "CCDI": "06", "DEPARTAMEN": "JUNIN", "PROVINCIA": "TARMA", "DISTRITO": "PALCA", "OBJECTID": 1149.0, "ESRI_OID": 1149.0, "Zonas": "Todas Zonas", "sububigeo": "12070600", "tipo_influencia": "Directa", "abreviatura": "PAL" }, "geometry": { "type": "Polygon", "coordinates": [ [ [ -75.505559984999934, -11.224279978999954 ], [ -75.490272011999934, -11.231736476999963 ], [ -75.479222234999952, -11.237125853999936 ], [ -75.434789609999939, -11.258207853999973 ], [ -75.434381234999989, -11.258967353999937 ], [ -75.433917109999982, -11.259834353999961 ], [ -75.433606859999941, -11.26145460399994 ], [ -75.43351798499998, -11.262862853999939 ], [ -75.43323023499994, -11.264168728999952 ], [ -75.433223359999943, -11.264338478999942 ], [ -75.433185984999966, -11.265253228999931 ], [ -75.433590609999953, -11.26592797899996 ], [ -75.434425484999963, -11.266382103999943 ], [ -75.436417484999936, -11.266868978999986 ], [ -75.437280734999945, -11.266802603999965 ], [ -75.438143859999968, -11.266293478999952 ], [ -75.438763609999967, -11.26591722899996 ], [ -75.439612734999969, -11.265722853999941 ], [ -75.440534359999958, -11.265806603999986 ], [ -75.441017984999974, -11.265974853999982 ], [ -75.441043359999981, -11.265983603999933 ], [ -75.441818109999986, -11.266625478999957 ], [ -75.443610734999936, -11.267953603999949 ], [ -75.445354234999968, -11.269378478999959 ], [ -75.446343234999972, -11.270445103999977 ], [ -75.446753859999944, -11.270830853999941 ], [ -75.446997359999955, -11.27173835399998 ], [ -75.446842359999948, -11.272778603999933 ], [ -75.44646610999996, -11.273885353999963 ], [ -75.445315109999967, -11.275036228999973 ], [ -75.444341234999968, -11.276696353999958 ], [ -75.443256734999977, -11.27837847899997 ], [ -75.44299110999998, -11.279440853999967 ], [ -75.443240984999989, -11.280277353999965 ], [ -75.443522359999974, -11.281122978999967 ], [ -75.443513609999968, -11.282025353999925 ], [ -75.443142609999938, -11.282883853999966 ], [ -75.441928359999963, -11.283722228999972 ], [ -75.440382484999986, -11.284546853999935 ], [ -75.439285484999971, -11.285396228999961 ], [ -75.438436359999969, -11.286422353999969 ], [ -75.43801161, -11.287943978999975 ], [ -75.437916234999989, -11.289397728999964 ], [ -75.437949109999977, -11.290593478999945 ], [ -75.43809648499996, -11.291805728999982 ], [ -75.438143859999968, -11.292303478999937 ], [ -75.438577859999953, -11.29445485399998 ], [ -75.439383359999965, -11.29608522899996 ], [ -75.440180234999957, -11.297280478999937 ], [ -75.44079985999997, -11.297745228999938 ], [ -75.441585609999947, -11.297922603999952 ], [ -75.442636984999979, -11.298276478999975 ], [ -75.443284109999979, -11.298878103999932 ], [ -75.443637984999953, -11.299762728999958 ], [ -75.443814859999975, -11.301071978999977 ], [ -75.443655109999952, -11.302017103999965 ], [ -75.443654523999953, -11.302017877999953 ], [ -75.443101859999956, -11.302747478999951 ], [ -75.442125109999949, -11.303070853999944 ], [ -75.440489609999986, -11.30340460399997 ], [ -75.439354609999953, -11.303705103999965 ], [ -75.438286484999935, -11.304038853999943 ], [ -75.437585609999985, -11.304372603999985 ], [ -75.43708485999997, -11.304673103999953 ], [ -75.436525734999975, -11.305077603999973 ], [ -75.436150109999971, -11.305353228999936 ], [ -75.43529910999996, -11.306104103999923 ], [ -75.434573109999974, -11.306980353999963 ], [ -75.434532859999933, -11.307054603999967 ], [ -75.434097359999953, -11.307856603999939 ], [ -75.433621734999974, -11.308607603999967 ], [ -75.433396484999946, -11.309258603999982 ], [ -75.43327123499995, -11.310109728999974 ], [ -75.433257109999943, -11.311316478999977 ], [ -75.433296359999986, -11.312187603999972 ], [ -75.433207359999983, -11.313369978999964 ], [ -75.433132609999973, -11.314440228999958 ], [ -75.433193359999976, -11.315537103999937 ], [ -75.433492109999975, -11.316389353999966 ], [ -75.433854484999983, -11.317340103999973 ], [ -75.433982734999972, -11.318063853999941 ], [ -75.433982734999972, -11.319236978999973 ], [ -75.433827859999965, -11.322025728999957 ], [ -75.43351798499998, -11.323774353999973 ], [ -75.43304548499998, -11.324745228999967 ], [ -75.432885609999971, -11.325085103999978 ], [ -75.432846359999985, -11.325168353999972 ], [ -75.432834484999944, -11.32521597899995 ], [ -75.432741359999966, -11.325588603999968 ], [ -75.432690109999953, -11.325944978999924 ], [ -75.432314609999935, -11.328566478999962 ], [ -75.431677734999937, -11.330866478999948 ], [ -75.430960609999943, -11.332308603999929 ], [ -75.430959984999959, -11.332309978999938 ], [ -75.429869984999982, -11.331709978999983 ], [ -75.429342984999948, -11.331499228999968 ], [ -75.427619984999978, -11.330809978999977 ], [ -75.427019984999959, -11.330649978999924 ], [ -75.426453484999968, -11.330577603999929 ], [ -75.42615998499997, -11.330539978999989 ], [ -75.425289984999949, -11.330319978999968 ], [ -75.42439998499998, -11.330179979 ], [ -75.424031234999973, -11.330010603999932 ], [ -75.424030234999975, -11.330010103999941 ], [ -75.424029109999935, -11.330010103999934 ], [ -75.423693359999959, -11.33007622899993 ], [ -75.423077484999965, -11.330210353999981 ], [ -75.421965234999959, -11.330454478999965 ], [ -75.420907109999973, -11.330861478999958 ], [ -75.419980984999938, -11.331052478999929 ], [ -75.41926648499998, -11.331230853999962 ], [ -75.41879023499996, -11.331439228999951 ], [ -75.418105609999941, -11.331647478999978 ], [ -75.41742085999995, -11.332004853999932 ], [ -75.416527859999974, -11.332451353999938 ], [ -75.415753859999938, -11.332570478999962 ], [ -75.41471198499994, -11.332719353999947 ], [ -75.413818984999978, -11.332927728999941 ], [ -75.412866359999953, -11.333255103999937 ], [ -75.41194360999998, -11.333612353999964 ], [ -75.411199359999955, -11.333969603999952 ], [ -75.410663609999972, -11.33453510399994 ], [ -75.410128859999986, -11.335130853999946 ], [ -75.409383609999963, -11.336053353999946 ], [ -75.40855023499995, -11.33688685399995 ], [ -75.40783560999995, -11.337571478999964 ], [ -75.406972359999941, -11.338226353999966 ], [ -75.405989984999977, -11.338821728999962 ], [ -75.40524585999998, -11.339476603999964 ], [ -75.404792984999972, -11.340013728999962 ], [ -75.404189484999961, -11.340456978999946 ], [ -75.404021484999987, -11.340876103999966 ], [ -75.403908984999987, -11.341777228999948 ], [ -75.403852609999944, -11.342424978999928 ], [ -75.403683609999973, -11.342988228999946 ], [ -75.403458359999945, -11.343579603999967 ], [ -75.40306398499996, -11.344199228999967 ], [ -75.40269085999995, -11.344751853999973 ], [ -75.402374109999982, -11.345279978999939 ], [ -75.40211523499994, -11.345697228999944 ], [ -75.401998234999951, -11.346051728999958 ], [ -75.401949359999946, -11.346200103999937 ], [ -75.402012234999972, -11.34636197899993 ], [ -75.402055859999962, -11.346473978999937 ], [ -75.40212361, -11.346648103999934 ], [ -75.402709984999959, -11.347293228999943 ], [ -75.402902109999957, -11.347518978999966 ], [ -75.403303359999938, -11.347983478999941 ], [ -75.403435609999974, -11.348290978999959 ], [ -75.403493484999956, -11.348764978999952 ], [ -75.403387859999953, -11.349229603999955 ], [ -75.403049984999939, -11.349757728999974 ], [ -75.402838609999947, -11.350201228999939 ], [ -75.40283310999996, -11.350884978999948 ], [ -75.402976859999967, -11.351661228999937 ], [ -75.403427859999965, -11.352701228999928 ], [ -75.404011734999983, -11.354047228999953 ], [ -75.404241734999971, -11.354679603999955 ], [ -75.404471609999987, -11.355340853999957 ], [ -75.404356734999965, -11.355800728999963 ], [ -75.404011734999983, -11.356174478999954 ], [ -75.403666734999945, -11.356691978999939 ], [ -75.403407984999944, -11.357410603999933 ], [ -75.40329298499995, -11.358215478999968 ], [ -75.403419984999971, -11.35974822899993 ], [ -75.403580484999964, -11.361435228999927 ], [ -75.403787859999966, -11.363378728999983 ], [ -75.403810484999951, -11.36359122899996 ], [ -75.403882984999939, -11.363921228999967 ], [ -75.403986859999975, -11.364192478999939 ], [ -75.404058359999965, -11.364379353999928 ], [ -75.404340984999976, -11.364827603999974 ], [ -75.404584609999972, -11.365158978999945 ], [ -75.404867234999983, -11.365461103999959 ], [ -75.404993984999976, -11.365763228999974 ], [ -75.40502835999996, -11.365913103999956 ], [ -75.405100984999947, -11.36623097899996 ], [ -75.405130359999987, -11.366620728999969 ], [ -75.405179234999935, -11.367112353999971 ], [ -75.405218109999964, -11.36751735399997 ], [ -75.405305734999956, -11.367868228999955 ], [ -75.405451984999956, -11.36819960399993 ], [ -75.405622734999952, -11.368398728999981 ], [ -75.405675734999988, -11.368451603999974 ], [ -75.406421235, -11.369197103999966 ], [ -75.407064359999936, -11.36970722899998 ], [ -75.407176234999952, -11.369782978999984 ], [ -75.407751859999962, -11.37017297899996 ], [ -75.40836623499996, -11.370511978999959 ], [ -75.408395109999958, -11.370527853999937 ], [ -75.408621234999941, -11.370787478999947 ], [ -75.408993859999953, -11.371215353999956 ], [ -75.409459609999942, -11.371791978999971 ], [ -75.409570484999961, -11.372168978999978 ], [ -75.409637109999949, -11.372612728999973 ], [ -75.409652109999968, -11.37363422899994 ], [ -75.40965923499995, -11.374120728999975 ], [ -75.40965923499995, -11.374919103999957 ], [ -75.409570484999961, -11.375806228999979 ], [ -75.408904984999936, -11.377181353999957 ], [ -75.408661109999969, -11.377802353999931 ], [ -75.408331984999975, -11.378695478999926 ], [ -75.408306359999983, -11.379665353999934 ], [ -75.408492234999983, -11.380550728999932 ], [ -75.40882548499998, -11.381009853999968 ], [ -75.409119984999961, -11.381372228999957 ], [ -75.409391734999986, -11.381689228999956 ], [ -75.409618234999982, -11.382051603999969 ], [ -75.409821984999951, -11.382527228999946 ], [ -75.409821984999951, -11.383297228999941 ], [ -75.409815484999967, -11.383625478999935 ], [ -75.409799359999965, -11.384429603999942 ], [ -75.409759734999966, -11.385007853999983 ], [ -75.409367609999947, -11.386353103999964 ], [ -75.409342734999939, -11.387299103999959 ], [ -75.40966635999996, -11.387772103999961 ], [ -75.409774109999944, -11.387841853999927 ], [ -75.410013109999966, -11.387951978999986 ], [ -75.41069236, -11.388164228999923 ], [ -75.410713609999959, -11.38817710399996 ], [ -75.411180859999945, -11.388461478999949 ], [ -75.411775484999978, -11.38865260399996 ], [ -75.412624609999966, -11.388907353999977 ], [ -75.413388984999983, -11.389310728999929 ], [ -75.413898484999947, -11.38986272899996 ], [ -75.414320859999975, -11.390780353999952 ], [ -75.414853984999979, -11.391773603999985 ], [ -75.415108734999933, -11.392304478999964 ], [ -75.415214859999935, -11.392877728999968 ], [ -75.415554609999958, -11.393217353999946 ], [ -75.41614898499995, -11.393578478999935 ], [ -75.417401734999942, -11.39353585399993 ], [ -75.418693734999977, -11.393002978999951 ], [ -75.419804984999985, -11.392616478999976 ], [ -75.421568609999952, -11.391867603999964 ], [ -75.422384109999939, -11.391566103999946 ], [ -75.422679984999945, -11.391456728999977 ], [ -75.423712859999966, -11.391074228999962 ], [ -75.424346734999972, -11.391142728999958 ], [ -75.425095859999942, -11.391239353999932 ], [ -75.426062234999975, -11.391553478999983 ], [ -75.42736685999995, -11.391384353999966 ], [ -75.427544859999969, -11.391352603999955 ], [ -75.428453984999976, -11.391190978999932 ], [ -75.428912984999954, -11.39111860399993 ], [ -75.42934785999995, -11.391142728999958 ], [ -75.429794984999944, -11.391490228999936 ], [ -75.430337734999966, -11.392359228999961 ], [ -75.430362484999989, -11.392398853999955 ], [ -75.430797359999985, -11.393800228999963 ], [ -75.431007859999966, -11.394527353999935 ], [ -75.431171859999949, -11.395132853999945 ], [ -75.431658734999985, -11.395708228999981 ], [ -75.43249985999995, -11.39610672899993 ], [ -75.433407234999947, -11.396438728999959 ], [ -75.434335484999963, -11.397162103999957 ], [ -75.43495898499998, -11.397560603999976 ], [ -75.435773109999957, -11.398020978999963 ], [ -75.437770984999986, -11.399290603999926 ], [ -75.438368484999955, -11.399888103999965 ], [ -75.438417734999973, -11.400648978999987 ], [ -75.438210234999985, -11.401462978999975 ], [ -75.437621609999951, -11.402819478999955 ], [ -75.437590609999972, -11.40314510399997 ], [ -75.437811859999968, -11.40376485399997 ], [ -75.438254609999944, -11.404716603999928 ], [ -75.438896484999987, -11.40639872899993 ], [ -75.439502484999934, -11.407259228999978 ], [ -75.439875359999974, -11.407496603999951 ], [ -75.440244109999981, -11.407631603999958 ], [ -75.440523234999944, -11.407733728999977 ], [ -75.441061859999934, -11.407954228999925 ], [ -75.441383859999974, -11.407988228999958 ], [ -75.441435484999943, -11.407989853999929 ], [ -75.441766109999946, -11.408001728999981 ], [ -75.441858484999955, -11.408004978999941 ], [ -75.442841484999974, -11.407903353999929 ], [ -75.443278984999949, -11.40784197899996 ], [ -75.44380173499998, -11.407711353999954 ], [ -75.444287234999933, -11.407636603999952 ], [ -75.444621234999943, -11.407581353999937 ], [ -75.445011109999939, -11.407615228999925 ], [ -75.445351484999946, -11.407729978999955 ], [ -75.445841609999945, -11.407920353999939 ], [ -75.446316109999941, -11.408259228999954 ], [ -75.44637210999997, -11.408301978999933 ], [ -75.446845234999955, -11.408663603999965 ], [ -75.447162484999978, -11.408962228999943 ], [ -75.447943359999954, -11.409428853999941 ], [ -75.448638234999976, -11.409801728999986 ], [ -75.449095859999943, -11.410005103999939 ], [ -75.449571109999965, -11.410362603999944 ], [ -75.449919859999966, -11.410632853999969 ], [ -75.450180609999961, -11.410852603999949 ], [ -75.45041998499994, -11.411198103999938 ], [ -75.451187109999978, -11.412365603999939 ], [ -75.451620734999949, -11.413266103999938 ], [ -75.451780984999971, -11.413915103999946 ], [ -75.452053484999965, -11.414806978999925 ], [ -75.452127734999976, -11.415426353999971 ], [ -75.452301234999936, -11.416590603999968 ], [ -75.452350734999982, -11.417977853999957 ], [ -75.452350734999982, -11.419092478999977 ], [ -75.452375484999948, -11.419885353999966 ], [ -75.452474609999967, -11.420801978999979 ], [ -75.452548859999979, -11.421446103999918 ], [ -75.452722359999939, -11.422114853999968 ], [ -75.452723484999979, -11.422120853999964 ], [ -75.45289648499994, -11.422990228999939 ], [ -75.453341609999939, -11.423997603999965 ], [ -75.453798609999978, -11.424653228999935 ], [ -75.453911359999964, -11.424815103999951 ], [ -75.454257109999958, -11.425278728999961 ], [ -75.455341609999948, -11.425544228999964 ], [ -75.456448359999968, -11.425544228999968 ], [ -75.457289359999947, -11.425610728999963 ], [ -75.457953359999976, -11.425942728999924 ], [ -75.458595234999962, -11.42658460399997 ], [ -75.459087609999983, -11.426943603999975 ], [ -75.45995798499996, -11.427564478999944 ], [ -75.460821109999983, -11.428304353999971 ], [ -75.461257859999989, -11.428937603999939 ], [ -75.461969609999983, -11.428192728999933 ], [ -75.462008234999985, -11.428138603999972 ], [ -75.462723984999968, -11.427132603999945 ], [ -75.462972859999979, -11.426782728999964 ], [ -75.463704984999936, -11.425671103999939 ], [ -75.464572734999933, -11.424342478999957 ], [ -75.465196359999936, -11.423095103999975 ], [ -75.466091109999979, -11.421441103999944 ], [ -75.467202234999945, -11.419546228999936 ], [ -75.467382609999959, -11.41921310399994 ], [ -75.467527359999963, -11.418903978999937 ], [ -75.467743484999986, -11.418713228999938 ], [ -75.468007359999945, -11.418477228999963 ], [ -75.468312859999969, -11.418296728999959 ], [ -75.46869685999998, -11.418064353999974 ], [ -75.469104109999989, -11.417574853999941 ], [ -75.469356484999935, -11.417104853999952 ], [ -75.469298484999968, -11.416408728999958 ], [ -75.469201359999943, -11.415770103999938 ], [ -75.469048484999973, -11.415228728999981 ], [ -75.468987359999971, -11.415119228999975 ], [ -75.468854235, -11.414881603999953 ], [ -75.468534984999962, -11.414465103999932 ], [ -75.468222734999983, -11.414071478999976 ], [ -75.468074109999975, -11.413813353999947 ], [ -75.467798234999975, -11.413374103999951 ], [ -75.467632734999938, -11.413016853999981 ], [ -75.467604234999953, -11.412955353999957 ], [ -75.467593609999938, -11.41287047899994 ], [ -75.46755085999996, -11.412528103999927 ], [ -75.467604234999953, -11.411872728999978 ], [ -75.467659734999984, -11.41167460399992 ], [ -75.467569109999943, -11.411493103999922 ], [ -75.467205859999979, -11.411347853999922 ], [ -75.466777734999937, -11.411137603999977 ], [ -75.465934859999962, -11.410566978999958 ], [ -75.465244859999984, -11.40989510399992 ], [ -75.464881609999964, -11.409513853999956 ], [ -75.464645609999934, -11.409059853999969 ], [ -75.464348859999973, -11.408558728999934 ], [ -75.464336984999989, -11.408260978999973 ], [ -75.464373234999982, -11.407716228999954 ], [ -75.464468734999969, -11.407149478999944 ], [ -75.465008484999942, -11.40663972899995 ], [ -75.466117984999983, -11.406069978999934 ], [ -75.46698761, -11.405530228999968 ], [ -75.467490359999942, -11.405001603999953 ], [ -75.46785723499994, -11.404420853999968 ], [ -75.46860685999998, -11.403760978999964 ], [ -75.469446484999935, -11.403281228999962 ], [ -75.469766109999966, -11.403064853999979 ], [ -75.469972609999957, -11.402755103999931 ], [ -75.47005973499995, -11.402624228999963 ], [ -75.470250359999966, -11.402338353999934 ], [ -75.470422234999944, -11.401868853999934 ], [ -75.470499984999947, -11.401257853999931 ], [ -75.470492484999966, -11.400958353999952 ], [ -75.469986234999965, -11.399892853999969 ], [ -75.469947359999935, -11.399841853999929 ], [ -75.469506359999968, -11.399263103999935 ], [ -75.468756734999943, -11.398153603999953 ], [ -75.468246984999951, -11.397343978999968 ], [ -75.467887234999978, -11.396294478999945 ], [ -75.467767109999954, -11.395454978999972 ], [ -75.467977109999936, -11.394735228999927 ], [ -75.468666859999985, -11.394045603999935 ], [ -75.46971635999995, -11.393265853999928 ], [ -75.47072798499994, -11.392460478999967 ], [ -75.471090234999963, -11.391283353999933 ], [ -75.471059984999954, -11.389864603999971 ], [ -75.471049984999979, -11.38888360399994 ], [ -75.471210734999943, -11.387434728999947 ], [ -75.471814609999967, -11.386629853999972 ], [ -75.472740234999947, -11.385704228999945 ], [ -75.473062234999986, -11.384577228999941 ], [ -75.47374635999995, -11.383450353999924 ], [ -75.474309859999948, -11.382927228999968 ], [ -75.47458660999996, -11.382608978999945 ], [ -75.475114735, -11.382001603999976 ], [ -75.475557484999968, -11.381236853999946 ], [ -75.475557484999968, -11.380472228999968 ], [ -75.474993984999969, -11.379908728999968 ], [ -75.474186484999962, -11.37887510399997 ], [ -75.473987859999966, -11.378620853999955 ], [ -75.47354523499996, -11.377735478999966 ], [ -75.473424484999953, -11.37660860399996 ], [ -75.473437859999933, -11.375381103999933 ], [ -75.473515734999978, -11.374329978999979 ], [ -75.473384984999939, -11.372586103999938 ], [ -75.472992609999949, -11.371278103999938 ], [ -75.47251298499998, -11.369665103999976 ], [ -75.471902609999972, -11.368139103999964 ], [ -75.471815484999979, -11.367346978999928 ], [ -75.471815484999979, -11.36548697899997 ], [ -75.472047984999961, -11.363626853999953 ], [ -75.472338609999952, -11.361592354 ], [ -75.472697234999941, -11.360190603999961 ], [ -75.473296109999978, -11.358736228999923 ], [ -75.473791859999949, -11.357697603999959 ], [ -75.474386859999981, -11.357367353999965 ], [ -75.47489623499996, -11.357174603999962 ], [ -75.476097984999967, -11.357324478999937 ], [ -75.476974859999984, -11.357303103999982 ], [ -75.477001984999958, -11.357301978999931 ], [ -75.478471984999942, -11.357238978999931 ], [ -75.479199359999939, -11.357431478999946 ], [ -75.47950260999994, -11.357621103999982 ], [ -75.479883734999987, -11.357859228999926 ], [ -75.480846109999959, -11.358629228999977 ], [ -75.48302235999995, -11.360043478999959 ], [ -75.483299109999962, -11.36038235399997 ], [ -75.483635984999978, -11.360574853999935 ], [ -75.48363733399998, -11.360575404999967 ], [ -75.483984859999964, -11.360717228999929 ], [ -75.484546234999982, -11.360746603999921 ], [ -75.485294734999968, -11.360767978999945 ], [ -75.486257359999968, -11.360853603999937 ], [ -75.487523734999968, -11.360994978999946 ], [ -75.48899586, -11.361426478999928 ], [ -75.490975609999964, -11.362162478999956 ], [ -75.492853609999941, -11.362746228999981 ], [ -75.494198984999969, -11.363050853999937 ], [ -75.495544234999954, -11.363329978999964 ], [ -75.496711734999963, -11.363177728999968 ], [ -75.49838673499994, -11.362898478999966 ], [ -75.500036609999938, -11.362441603999974 ], [ -75.501026484999954, -11.362035603999972 ], [ -75.502092484999935, -11.361502603999956 ], [ -75.503107734999958, -11.360842603999972 ], [ -75.504122984999981, -11.360208103999978 ], [ -75.505265109999982, -11.359167603999939 ], [ -75.506299234999972, -11.35864847899995 ], [ -75.506610359999968, -11.358634478999932 ], [ -75.506903234999982, -11.358809478999946 ], [ -75.507324859999983, -11.359142353999971 ], [ -75.507668235, -11.359413478999945 ], [ -75.508816735, -11.359518103999958 ], [ -75.510409984999967, -11.359393603999935 ], [ -75.512749984999971, -11.359667353999948 ], [ -75.514979234999942, -11.360375978999965 ], [ -75.516206609999983, -11.360664728999943 ], [ -75.517614484999967, -11.36088135399995 ], [ -75.518805609999959, -11.36113397899992 ], [ -75.51981635999995, -11.361278353999978 ], [ -75.521237484999972, -11.361346103999949 ], [ -75.521562109999934, -11.361290228999957 ], [ -75.523572859999945, -11.360943603999946 ], [ -75.525586109999949, -11.36074222899998 ], [ -75.52755910999997, -11.360581103999941 ], [ -75.529137109999965, -11.360288353999973 ], [ -75.534307859999956, -11.358101478999977 ], [ -75.534308789999955, -11.358100974999958 ], [ -75.536877484999934, -11.356712603999934 ], [ -75.538173859999972, -11.355925478999955 ], [ -75.540973109999982, -11.353286478999953 ], [ -75.542199234999941, -11.35210035399996 ], [ -75.543545234999954, -11.351087478999942 ], [ -75.544291734999945, -11.35022122899994 ], [ -75.544851359999939, -11.349368353999978 ], [ -75.545357734999982, -11.34860860399993 ], [ -75.54637060999994, -11.347222603999962 ], [ -75.547010359999945, -11.346289728999972 ], [ -75.547943234999934, -11.345263478999987 ], [ -75.548422234999975, -11.34498035399997 ], [ -75.549542359999975, -11.34517947899997 ], [ -75.550737234999986, -11.345677353999973 ], [ -75.552504734999971, -11.346349478999961 ], [ -75.553948484999978, -11.346847353999985 ], [ -75.554545984999947, -11.347220728999961 ], [ -75.556726984999955, -11.34917810399998 ], [ -75.557859859999951, -11.349723603999962 ], [ -75.558849984999938, -11.350189978999936 ], [ -75.560278984999968, -11.350665353999942 ], [ -75.561208484999966, -11.350965103999954 ], [ -75.562257734999946, -11.351324853999929 ], [ -75.563608484999975, -11.351947478999936 ], [ -75.564296484999943, -11.352374228999961 ], [ -75.565897359999951, -11.35404147899993 ], [ -75.567988359999958, -11.356804603999938 ], [ -75.568536109999968, -11.357850228999956 ], [ -75.568784984999979, -11.358547228999944 ], [ -75.569181484999945, -11.358951228999965 ], [ -75.569758859999979, -11.359180478999967 ], [ -75.569934734999947, -11.359214728999977 ], [ -75.57075360999994, -11.359374603999969 ], [ -75.57150573499996, -11.359738603999977 ], [ -75.572330859999965, -11.36019960399994 ], [ -75.574183984999934, -11.360614978999932 ], [ -75.575375484999938, -11.360975978999933 ], [ -75.576458234999961, -11.361878478999925 ], [ -75.578810484999963, -11.363651103999931 ], [ -75.578949359999967, -11.363755728999941 ], [ -75.579067359999954, -11.363794103999966 ], [ -75.580539109999961, -11.36427347899996 ], [ -75.58123173499996, -11.364770603999936 ], [ -75.581704609999974, -11.365293353999967 ], [ -75.58227710999995, -11.366637603999946 ], [ -75.582812859999933, -11.367927978999942 ], [ -75.583347609999976, -11.368628978999931 ], [ -75.584577734999982, -11.369771228999978 ], [ -75.585090234999939, -11.370247103999931 ], [ -75.586654984999939, -11.371635603999954 ], [ -75.589102234999984, -11.373984853999948 ], [ -75.589852734999965, -11.376628103999968 ], [ -75.589994234999949, -11.378113478999978 ], [ -75.590018359999988, -11.378681478999969 ], [ -75.590043984999966, -11.379283228999958 ], [ -75.590417359999947, -11.380602728999971 ], [ -75.591164109999966, -11.382818228999959 ], [ -75.591935859999978, -11.384809728999921 ], [ -75.592960984999934, -11.386765603999953 ], [ -75.594201109999972, -11.388369478999948 ], [ -75.59592460999994, -11.389791478999935 ], [ -75.597049484999957, -11.390444103999934 ], [ -75.597899234999943, -11.390979353999963 ], [ -75.598620859999983, -11.385340478999979 ], [ -75.598902609999982, -11.383368603999937 ], [ -75.59890973499995, -11.383318978999958 ], [ -75.599169484999948, -11.381557228999949 ], [ -75.599602859999948, -11.379506728999948 ], [ -75.599776109999937, -11.377947103999931 ], [ -75.600174109999955, -11.376475603999959 ], [ -75.600389984999936, -11.376119978999943 ], [ -75.600769984999943, -11.375609978999924 ], [ -75.601319984999975, -11.375019978999937 ], [ -75.601669984999944, -11.374569978999949 ], [ -75.602149985, -11.373839978999975 ], [ -75.603069984999934, -11.371639978999955 ], [ -75.603239734999988, -11.371223103999974 ], [ -75.60341998499996, -11.370779978999963 ], [ -75.603929984999979, -11.37003997899995 ], [ -75.604679984999962, -11.36836997899997 ], [ -75.604979984999943, -11.367479978999931 ], [ -75.605159984999943, -11.366709978999948 ], [ -75.605009985, -11.366139978999973 ], [ -75.604909984999949, -11.365069978999946 ], [ -75.604549984999949, -11.364059978999931 ], [ -75.604409984999961, -11.363469978999937 ], [ -75.604099984999948, -11.362969728999937 ], [ -75.603856984999936, -11.360922603999938 ], [ -75.603311359999964, -11.358398978999951 ], [ -75.602970234999987, -11.355943478999968 ], [ -75.603038484999956, -11.353760853999976 ], [ -75.603205117999948, -11.35262912799994 ], [ -75.603229984999984, -11.352460228999966 ], [ -75.603229984999984, -11.352459478999947 ], [ -75.603109984999946, -11.351809978999942 ], [ -75.603099984999972, -11.35146997899994 ], [ -75.603259984999966, -11.350769978999949 ], [ -75.603324359999988, -11.350637103999931 ], [ -75.603719984999941, -11.349819978999959 ], [ -75.603989984999941, -11.349049978999973 ], [ -75.604686609999987, -11.347866478999947 ], [ -75.605019984999956, -11.347299978999951 ], [ -75.605239984999969, -11.346559978999954 ], [ -75.605409984999937, -11.345529978999943 ], [ -75.605639984999982, -11.344959978999952 ], [ -75.605859984999938, -11.344179978999929 ], [ -75.606769984999971, -11.342509978999951 ], [ -75.607289984999966, -11.341789978999946 ], [ -75.607528578999961, -11.341248306999944 ], [ -75.607659984999941, -11.340949978999957 ], [ -75.608179984999936, -11.33951997899994 ], [ -75.608309984999948, -11.33871997899996 ], [ -75.608619984999962, -11.338249978999956 ], [ -75.608889984999962, -11.337639978999956 ], [ -75.609022984999967, -11.336705603999967 ], [ -75.609259984999937, -11.33503997899993 ], [ -75.609489984999982, -11.334369978999979 ], [ -75.609879984999964, -11.332839978999969 ], [ -75.610249984999939, -11.332229978999983 ], [ -75.610619984999971, -11.331039978999963 ], [ -75.610629984999946, -11.330559978999927 ], [ -75.610718109999937, -11.330274853999981 ], [ -75.610839984999984, -11.32987997899995 ], [ -75.610829984999953, -11.329559978999949 ], [ -75.610549984999977, -11.328859978999963 ], [ -75.610289984999952, -11.327669978999944 ], [ -75.610159984999939, -11.327309978999947 ], [ -75.610099984999977, -11.326769978999943 ], [ -75.610099984999977, -11.326769228999977 ], [ -75.610055109999962, -11.325684728999923 ], [ -75.610895359999972, -11.32378672899995 ], [ -75.611439484999948, -11.32250385399994 ], [ -75.614722609999944, -11.319523728999966 ], [ -75.61631835999998, -11.317597603999959 ], [ -75.616593734999981, -11.316597603999975 ], [ -75.616619109999988, -11.315773478999976 ], [ -75.616563859999985, -11.31568910399994 ], [ -75.616810359999988, -11.315559603999931 ], [ -75.617189984999982, -11.315359978999943 ], [ -75.61719123499995, -11.315359103999979 ], [ -75.618193359999964, -11.314712478999976 ], [ -75.618878859999938, -11.314243353999917 ], [ -75.619648234999957, -11.313809103999963 ], [ -75.620301609999956, -11.313416978999957 ], [ -75.621085859999951, -11.312469478999963 ], [ -75.621575984999936, -11.311521978999959 ], [ -75.622214859999985, -11.310109353999955 ], [ -75.620344234999948, -11.309433103999938 ], [ -75.618126359999962, -11.308356728999964 ], [ -75.616397734999964, -11.307313103999951 ], [ -75.614734359999943, -11.306171478999941 ], [ -75.612647572999947, -11.304345726999948 ], [ -75.612646859999984, -11.304345103999943 ], [ -75.611146609999935, -11.302714228999946 ], [ -75.609997609999937, -11.300992603999934 ], [ -75.609570984999948, -11.300190603999962 ], [ -75.609246734999942, -11.299490853999933 ], [ -75.60890548499998, -11.299138978999967 ], [ -75.60861723499994, -11.298796853999939 ], [ -75.608124609999948, -11.297862353999964 ], [ -75.607982859999936, -11.297593603999921 ], [ -75.60766160999998, -11.296903103999959 ], [ -75.607330484999977, -11.296191103999949 ], [ -75.607134984999959, -11.295811478999946 ], [ -75.606776109999942, -11.29511472899998 ], [ -75.606222234999962, -11.29415172899996 ], [ -75.606025984999974, -11.293810103999933 ], [ -75.60597123499997, -11.293769103999971 ], [ -75.605373609999958, -11.293320853999942 ], [ -75.604427734999945, -11.292896853999935 ], [ -75.603253609999967, -11.29234235399997 ], [ -75.602111984999965, -11.29169010399994 ], [ -75.602111162999961, -11.291689621999977 ], [ -75.600774734999959, -11.290907353999961 ], [ -75.59989410999998, -11.290124603999972 ], [ -75.599197234999963, -11.289130853999948 ], [ -75.597904484999958, -11.28790672899993 ], [ -75.597668359999943, -11.287633478999965 ], [ -75.596860859999936, -11.286699853999945 ], [ -75.59560348499997, -11.285611353999968 ], [ -75.59433011, -11.284021478999941 ], [ -75.593794984999988, -11.283014478999963 ], [ -75.593070484999942, -11.281175728999923 ], [ -75.592294609999954, -11.279785353999964 ], [ -75.591524234999952, -11.27861547899993 ], [ -75.591413984999974, -11.278448103999954 ], [ -75.590811235, -11.277634353999929 ], [ -75.590761734999944, -11.277567478999972 ], [ -75.590011484999934, -11.276458478999933 ], [ -75.589261359999966, -11.275545228999935 ], [ -75.588478609999981, -11.274762478999946 ], [ -75.587891484999943, -11.274240603999948 ], [ -75.586890609999955, -11.273509728999947 ], [ -75.58608135999998, -11.273192853999946 ], [ -75.584776734999934, -11.272825978999954 ], [ -75.583268234999935, -11.272622103999929 ], [ -75.582045109999967, -11.272499728999941 ], [ -75.581148234999944, -11.272418228999976 ], [ -75.580006609999941, -11.272214353999971 ], [ -75.578169859999946, -11.271781228999943 ], [ -75.577310734999969, -11.271692353999985 ], [ -75.577234234999935, -11.271684353999939 ], [ -75.576459609999972, -11.271643603999962 ], [ -75.575733859999957, -11.271824978999973 ], [ -75.575318109999955, -11.271928978999943 ], [ -75.57411910999997, -11.271960978999976 ], [ -75.572341985, -11.271684353999946 ], [ -75.571767359999967, -11.271608853999959 ], [ -75.570792734999941, -11.271480603999981 ], [ -75.569895734999989, -11.271195103999956 ], [ -75.567857234999963, -11.270379728999954 ], [ -75.567619984999965, -11.270238978999938 ], [ -75.566552609999974, -11.269605103999931 ], [ -75.56532948499995, -11.269238228999939 ], [ -75.564907859999948, -11.269217103999948 ], [ -75.564514109999948, -11.269197478999958 ], [ -75.56341335999997, -11.269075103999969 ], [ -75.56263873499995, -11.268733728999964 ], [ -75.56190485999997, -11.268213853999953 ], [ -75.561423859999934, -11.267843728999928 ], [ -75.560651234999966, -11.26735772899997 ], [ -75.559917359999986, -11.266562728999935 ], [ -75.55936698499994, -11.265981728999966 ], [ -75.558755359999964, -11.265278478999955 ], [ -75.558327359999964, -11.264605728999975 ], [ -75.558143859999973, -11.264024728999967 ], [ -75.557776984999975, -11.263260353999954 ], [ -75.557471109999938, -11.262557103999942 ], [ -75.55706835999996, -11.261837853999955 ], [ -75.556431484999962, -11.261150478999987 ], [ -75.555609985, -11.260479978999971 ], [ -75.555537484999959, -11.260435103999956 ], [ -75.555399984999951, -11.260349978999949 ], [ -75.555069984999989, -11.25997997899997 ], [ -75.554639984999937, -11.259209978999936 ], [ -75.553729984999961, -11.258119978999957 ], [ -75.553549984999961, -11.25801997899992 ], [ -75.553229984999973, -11.258009978999956 ], [ -75.552859984999941, -11.258109978999931 ], [ -75.552629984999953, -11.258109978999922 ], [ -75.551829984999983, -11.257639978999975 ], [ -75.551239984999938, -11.257389978999976 ], [ -75.550999984999976, -11.257249978999935 ], [ -75.550839984999982, -11.257049978999934 ], [ -75.550809984999944, -11.256819978999943 ], [ -75.550929984999982, -11.255129978999941 ], [ -75.55091998499995, -11.254669978999967 ], [ -75.550779984999977, -11.254309978999967 ], [ -75.550489984999956, -11.253819978999951 ], [ -75.550339984999937, -11.253299978999955 ], [ -75.550329984999962, -11.252889978999976 ], [ -75.55046998499995, -11.252279978999976 ], [ -75.550389984999981, -11.251979978999932 ], [ -75.550129984999955, -11.251599978999932 ], [ -75.549789984999961, -11.251269978999977 ], [ -75.549229984999954, -11.250909978999967 ], [ -75.548749984999972, -11.250539978999935 ], [ -75.547619984999983, -11.249889978999931 ], [ -75.546169984999949, -11.248849978999939 ], [ -75.545439984999973, -11.248599978999954 ], [ -75.544639984999961, -11.248529978999953 ], [ -75.54354998499997, -11.248279978999964 ], [ -75.541819984999961, -11.247809978999946 ], [ -75.540759984999966, -11.247599978999967 ], [ -75.539449984999976, -11.24719997899995 ], [ -75.538689984999962, -11.247199978999962 ], [ -75.538159984999936, -11.247269978999958 ], [ -75.537659984999948, -11.247429978999948 ], [ -75.536939984999947, -11.247449978999947 ], [ -75.536459984999965, -11.247319978999942 ], [ -75.534949984999969, -11.247059978999959 ], [ -75.53479998499995, -11.247139978999931 ], [ -75.534649984999987, -11.24721997899996 ], [ -75.534069984999974, -11.247309978999963 ], [ -75.533049984999934, -11.247139978999943 ], [ -75.531869984999958, -11.246819978999952 ], [ -75.530409984999949, -11.245979978999969 ], [ -75.529519984999979, -11.245599978999953 ], [ -75.529079984999953, -11.245519978999935 ], [ -75.528649984999959, -11.245519978999937 ], [ -75.528189984999983, -11.245389978999979 ], [ -75.528009984999983, -11.24524997899994 ], [ -75.527659984999957, -11.244809978999966 ], [ -75.525269984999966, -11.243119978999969 ], [ -75.524479984999971, -11.242429978999951 ], [ -75.523129984999969, -11.241429978999978 ], [ -75.519769984999982, -11.238249978999928 ], [ -75.518869984999981, -11.237039978999981 ], [ -75.518539984999961, -11.236629978999927 ], [ -75.518089984999961, -11.236089978999926 ], [ -75.517649984999935, -11.23547997899994 ], [ -75.51721998499994, -11.234559978999927 ], [ -75.516919984999959, -11.233739978999949 ], [ -75.516449984999952, -11.232859978999947 ], [ -75.514989984999943, -11.22978997899998 ], [ -75.514319984999986, -11.228559978999959 ], [ -75.513959984999985, -11.228039978999959 ], [ -75.513579984999978, -11.227759978999924 ], [ -75.513289984999972, -11.227629978999964 ], [ -75.512829984999939, -11.227549978999944 ], [ -75.512329984999951, -11.227519978999963 ], [ -75.511459984999988, -11.227229978999963 ], [ -75.51062998499998, -11.227089978999961 ], [ -75.510059984999941, -11.226939978999942 ], [ -75.509814984999934, -11.226813728999952 ], [ -75.509729984999979, -11.226769978999924 ], [ -75.509389984999984, -11.226439978999956 ], [ -75.50817998499997, -11.225479978999941 ], [ -75.507229984999981, -11.22516997899992 ], [ -75.50659998499998, -11.224769978999973 ], [ -75.50617998499996, -11.224399978999951 ], [ -75.505989984999985, -11.22428997899994 ], [ -75.505839984999966, -11.224259978999951 ], [ -75.505559984999934, -11.224279978999954 ] ] ] } },
{ "type": "Feature", "properties": { "index": 1149, "UBIGEO": "120707", "CCDD": "12", "CCPP": "07", "CCDI": "07", "DEPARTAMEN": "JUNIN", "PROVINCIA": "TARMA", "DISTRITO": "PALCAMAYO", "OBJECTID": 1150.0, "ESRI_OID": 1150.0, "Zonas": "Todas Zonas", "sububigeo": "12070700", "tipo_influencia": "Indirecta", "abreviatura": "PLM" }, "geometry": { "type": "Polygon", "coordinates": [ [ [ -75.812524984999982, -11.179572728999963 ], [ -75.811109734999945, -11.180748978999924 ], [ -75.810326859999975, -11.181399478999932 ], [ -75.809285109999962, -11.182128603999956 ], [ -75.808217609999986, -11.182727603999975 ], [ -75.806133984999974, -11.18379535399993 ], [ -75.804597609999973, -11.184498478999965 ], [ -75.803238234999981, -11.185033228999941 ], [ -75.802085234999936, -11.185623353999979 ], [ -75.800717234999979, -11.18608710399997 ], [ -75.799779734999959, -11.186373478999931 ], [ -75.798273609999967, -11.186333603999973 ], [ -75.796688484999947, -11.186131353999933 ], [ -75.795676734999972, -11.18584447899997 ], [ -75.79493473499997, -11.185709728999939 ], [ -75.794517734999943, -11.185851603999931 ], [ -75.794142234999981, -11.186772103999937 ], [ -75.794091609999953, -11.188424603999968 ], [ -75.794199234999951, -11.191308603999978 ], [ -75.794344609999939, -11.193095603999948 ], [ -75.794277109999939, -11.193803978999943 ], [ -75.79382185999998, -11.194528978999918 ], [ -75.793065984999956, -11.195373103999941 ], [ -75.792355609999959, -11.196046853999981 ], [ -75.792241109999964, -11.196521978999961 ], [ -75.79236711, -11.197408853999946 ], [ -75.792549484999938, -11.198077228999978 ], [ -75.792751734999968, -11.198848603999968 ], [ -75.792723484999954, -11.199499603999985 ], [ -75.79255360999997, -11.199952353999954 ], [ -75.792100859999948, -11.200461728999921 ], [ -75.791483235, -11.201029478999947 ], [ -75.790725359999954, -11.201667728999942 ], [ -75.79020673499997, -11.20213147899995 ], [ -75.789578484999936, -11.202819478999965 ], [ -75.78912973499996, -11.203328103999983 ], [ -75.788770734999957, -11.203806728999941 ], [ -75.788501484999983, -11.204135853999949 ], [ -75.788082609999947, -11.204584603999928 ], [ -75.78745435999997, -11.205212853999967 ], [ -75.786766359999945, -11.206110353999971 ], [ -75.786018359999957, -11.207277103999962 ], [ -75.785569609999982, -11.208084978999972 ], [ -75.785517109999944, -11.208399603999966 ], [ -75.785360234999985, -11.209341478999923 ], [ -75.78512085999995, -11.210328728999972 ], [ -75.784911484999952, -11.211196353999984 ], [ -75.784911484999952, -11.211558728999927 ], [ -75.784911484999952, -11.211794603999973 ], [ -75.784911484999952, -11.212183603999963 ], [ -75.784731984999951, -11.212456603999952 ], [ -75.784305609999933, -11.212591228999937 ], [ -75.783828234999987, -11.212431603999962 ], [ -75.783171859999982, -11.211935603999956 ], [ -75.780624984999974, -11.207619103999953 ], [ -75.777992234999942, -11.205230353999983 ], [ -75.776402609999934, -11.204798353999935 ], [ -75.775053359999959, -11.204865853999937 ], [ -75.773367234999967, -11.205270603999971 ], [ -75.773036984999976, -11.205449978999983 ], [ -75.772013484999945, -11.206005978999944 ], [ -75.771989984999948, -11.206024853999971 ], [ -75.770702984999957, -11.207057978999957 ], [ -75.769438234999939, -11.208474478999966 ], [ -75.768780609999965, -11.209587478999939 ], [ -75.768669109999962, -11.209987853999955 ], [ -75.768688359999942, -11.210256978999947 ], [ -75.768765234999989, -11.210756728999963 ], [ -75.768745984999953, -11.211198728999936 ], [ -75.768765234999989, -11.211487103999948 ], [ -75.768726859999958, -11.21192910399998 ], [ -75.768669109999962, -11.212448103999966 ], [ -75.768638734999968, -11.213310603999959 ], [ -75.768234359999951, -11.21473247899997 ], [ -75.767741609999973, -11.215962228999951 ], [ -75.766605234999986, -11.217900728999954 ], [ -75.765526109999939, -11.219216228999926 ], [ -75.765070734999952, -11.219974853999922 ], [ -75.764868484999965, -11.220885478999939 ], [ -75.764716359999966, -11.222560978999987 ], [ -75.764210734999949, -11.22324622899993 ], [ -75.763551033999988, -11.223680259999981 ], [ -75.762929234999945, -11.224089353999945 ], [ -75.761583984999959, -11.224769478999969 ], [ -75.760954609999942, -11.22504447899996 ], [ -75.76066561, -11.225168353999949 ], [ -75.760329109999986, -11.225312478999966 ], [ -75.759944484999949, -11.225649228999936 ], [ -75.759658859999945, -11.225982728999949 ], [ -75.759256859999937, -11.226563603999978 ], [ -75.758988734999946, -11.227054978999952 ], [ -75.758675859999983, -11.227613478999951 ], [ -75.75827398499996, -11.227881728999932 ], [ -75.75775998499995, -11.228283728999944 ], [ -75.757156859999967, -11.228708228999954 ], [ -75.756499984999948, -11.228996103999966 ], [ -75.755950484999971, -11.22924435399994 ], [ -75.755123859999969, -11.229356103999978 ], [ -75.754699484999946, -11.229356103999979 ], [ -75.754230234999966, -11.229311353999954 ], [ -75.753917484999988, -11.229087978999932 ], [ -75.753358984999977, -11.228462478999974 ], [ -75.752979109999956, -11.228283728999942 ], [ -75.752365234999957, -11.227904353999975 ], [ -75.751705859999959, -11.22768060399995 ], [ -75.750879359999942, -11.227568853999962 ], [ -75.750709984999958, -11.227617228999971 ], [ -75.750566609999964, -11.227658228999932 ], [ -75.750186734999943, -11.227747603999953 ], [ -75.74989635999998, -11.227903978999956 ], [ -75.749382484999956, -11.228372978999971 ], [ -75.748779359999958, -11.229043228999952 ], [ -75.748304734999977, -11.229623103999927 ], [ -75.748042109999972, -11.230115603999934 ], [ -75.747751734999952, -11.230517728999923 ], [ -75.747457734999955, -11.231139228999943 ], [ -75.747139609999977, -11.231616353999975 ], [ -75.746662609999987, -11.232093478999955 ], [ -75.746159109999951, -11.232305353999944 ], [ -75.745416984999963, -11.232384853999971 ], [ -75.744833984999957, -11.232358353999922 ], [ -75.744065359999979, -11.232278853999947 ], [ -75.743190609999942, -11.232225853999967 ], [ -75.742289859999971, -11.232146353999948 ], [ -75.741335609999965, -11.232199353999924 ], [ -75.740699484999936, -11.232252353999973 ], [ -75.74008998499994, -11.232411353999964 ], [ -75.739361859999974, -11.23281085399997 ], [ -75.738712109999938, -11.233340353999942 ], [ -75.738602109999988, -11.233429853999947 ], [ -75.737926859999959, -11.234161353999987 ], [ -75.737652859999969, -11.234421853999949 ], [ -75.737364359999958, -11.23469597899998 ], [ -75.736717234999958, -11.235174228999938 ], [ -75.735704359999943, -11.235680603999983 ], [ -75.734832109999957, -11.236243353999951 ], [ -75.734335109999961, -11.236641978999964 ], [ -75.733267609999984, -11.237551978999928 ], [ -75.732469609999953, -11.238273978999937 ], [ -75.732271984999954, -11.238780228999936 ], [ -75.732203734999985, -11.239793853999977 ], [ -75.732184734999976, -11.240776978999966 ], [ -75.732099234999964, -11.241660478999957 ], [ -75.731956734999983, -11.242458353999949 ], [ -75.731899734999956, -11.243056853999981 ], [ -75.731301234999989, -11.24391172899994 ], [ -75.730880859999957, -11.24457072899998 ], [ -75.730764984999951, -11.244847228999957 ], [ -75.730603109999947, -11.245233353999941 ], [ -75.730367984999987, -11.245788978999947 ], [ -75.730266609999944, -11.246300478999956 ], [ -75.729772109999942, -11.247869478999966 ], [ -75.72924498499998, -11.24958210399995 ], [ -75.72902210999996, -11.250864603999968 ], [ -75.728586109999981, -11.251914728999958 ], [ -75.727730109999982, -11.253995353999919 ], [ -75.726763484999935, -11.257356478999954 ], [ -75.726433234999945, -11.258148978999944 ], [ -75.726155859999949, -11.258875478999931 ], [ -75.725786109999945, -11.259628353999975 ], [ -75.725574734999952, -11.260183103999958 ], [ -75.725455859999954, -11.260552853999974 ], [ -75.724636984999961, -11.261873728999952 ], [ -75.724304859999961, -11.26285485399996 ], [ -75.72463423499994, -11.263645353999946 ], [ -75.727111359999981, -11.265984353999952 ], [ -75.727878359999977, -11.267118228999939 ], [ -75.729146359999959, -11.270462853999961 ], [ -75.729541609999956, -11.27240610399997 ], [ -75.729969734999941, -11.273492978999974 ], [ -75.729804984999987, -11.274151728999984 ], [ -75.729410109999947, -11.27437885399997 ], [ -75.72805948499996, -11.274382228999974 ], [ -75.725424609999948, -11.273492978999959 ], [ -75.723010984999974, -11.272820853999979 ], [ -75.721215234999988, -11.272598978999959 ], [ -75.720276234999972, -11.272423353999956 ], [ -75.719784109999978, -11.272331478999948 ], [ -75.718140734999963, -11.272290978999926 ], [ -75.717280609999989, -11.272571603999939 ], [ -75.716320234999955, -11.273017353999933 ], [ -75.715977234999968, -11.273566103999938 ], [ -75.715531484999985, -11.274817978999977 ], [ -75.715325609999979, -11.276481478999919 ], [ -75.715354734999949, -11.27763185399993 ], [ -75.715485734999959, -11.278933603999976 ], [ -75.715527734999981, -11.279776603999945 ], [ -75.715466234999951, -11.280514103999957 ], [ -75.715458484999942, -11.280606728999947 ], [ -75.715320109999936, -11.28129860399997 ], [ -75.714127984999948, -11.282550103999931 ], [ -75.711860859999945, -11.284169853999963 ], [ -75.709750734999943, -11.285588103999933 ], [ -75.707675234999954, -11.286971728999964 ], [ -75.704561859999956, -11.288286228999942 ], [ -75.702936109999953, -11.288908978999928 ], [ -75.700964234999958, -11.289635353999927 ], [ -75.699249984999938, -11.29032222899996 ], [ -75.698977984999942, -11.291489103999943 ], [ -75.698823109999978, -11.292302103999935 ], [ -75.698784359999934, -11.293463478999966 ], [ -75.699326359999986, -11.294741103999973 ], [ -75.700023234999946, -11.295825103999963 ], [ -75.700049984999964, -11.295867103999974 ], [ -75.700565234999942, -11.296676853999941 ], [ -75.700846109999986, -11.297184978999956 ], [ -75.701397609999958, -11.298201228999972 ], [ -75.701920359999974, -11.299014353999944 ], [ -75.702061984999943, -11.299588103999946 ], [ -75.702153609999982, -11.299959228999965 ], [ -75.702307609999934, -11.300625853999973 ], [ -75.702733359999968, -11.301400103999988 ], [ -75.703916109999966, -11.302687228999963 ], [ -75.70404960999997, -11.302832603999947 ], [ -75.70509498499996, -11.303800478999968 ], [ -75.706401484999958, -11.304897728999947 ], [ -75.707456734999937, -11.305697478999953 ], [ -75.707998609999947, -11.306704103999943 ], [ -75.70812535999994, -11.307908978999928 ], [ -75.708153484999968, -11.308175228999971 ], [ -75.708343734999971, -11.309011728999961 ], [ -75.708463234999954, -11.310459478999984 ], [ -75.708540609999943, -11.312008103999974 ], [ -75.708380859999977, -11.313939478999945 ], [ -75.707984359999955, -11.315441478999956 ], [ -75.706152109999948, -11.316858353999974 ], [ -75.706150879999939, -11.316859295999961 ], [ -75.706149984999968, -11.316859978999949 ], [ -75.705609984999967, -11.316979978999946 ], [ -75.704189984999971, -11.317669978999962 ], [ -75.702429984999981, -11.318619978999951 ], [ -75.701959984999974, -11.31895997899994 ], [ -75.701504734999958, -11.319352478999985 ], [ -75.701089984999953, -11.319709978999985 ], [ -75.700059984999939, -11.320339978999931 ], [ -75.699327609999955, -11.32058160399993 ], [ -75.699089984999944, -11.320659978999974 ], [ -75.698489984999981, -11.320751353999977 ], [ -75.698169984999936, -11.320799978999963 ], [ -75.69937860999994, -11.322418103999953 ], [ -75.69937998499995, -11.322419978999966 ], [ -75.700329984999939, -11.323329978999938 ], [ -75.701204234999977, -11.324019853999966 ], [ -75.70179998499998, -11.324489978999967 ], [ -75.702279984999961, -11.324809978999955 ], [ -75.70268998499995, -11.325249978999983 ], [ -75.702999984999963, -11.325699978999983 ], [ -75.703429984999957, -11.326749978999935 ], [ -75.703809984999964, -11.327399978999956 ], [ -75.704499984999984, -11.328969978999957 ], [ -75.704884109999966, -11.329672478999953 ], [ -75.704909984999972, -11.329719978999954 ], [ -75.705539234999947, -11.330670228999965 ], [ -75.70619398499997, -11.330629228999948 ], [ -75.70692573499997, -11.330378353999953 ], [ -75.707441984999946, -11.330029978999963 ], [ -75.708308484999975, -11.329445603999941 ], [ -75.709835109999972, -11.328053728999969 ], [ -75.710845359999951, -11.327178228999973 ], [ -75.711316734999969, -11.326886353999951 ], [ -75.712237234999975, -11.326796603999982 ], [ -75.713269859999969, -11.326796603999975 ], [ -75.714055609999946, -11.327133228999971 ], [ -75.714796484999965, -11.32796397899995 ], [ -75.715828109999961, -11.330052728999926 ], [ -75.720253859999957, -11.334349603999954 ], [ -75.722117234999985, -11.335013728999972 ], [ -75.723896484999955, -11.33501372899997 ], [ -75.728272234999963, -11.336465103999954 ], [ -75.730801109999959, -11.337460853999975 ], [ -75.732847609999965, -11.338662103999983 ], [ -75.733511734999979, -11.339451228999971 ], [ -75.733835984999985, -11.340404353999935 ], [ -75.734526359999961, -11.341086478999962 ], [ -75.735411985, -11.341556978999968 ], [ -75.736783234999962, -11.342400353999942 ], [ -75.737544859999957, -11.342919978999927 ], [ -75.73813073499997, -11.343009728999958 ], [ -75.738976609999952, -11.342759728999953 ], [ -75.740254734999951, -11.342636228999943 ], [ -75.741941359999942, -11.342632853999927 ], [ -75.742677734999972, -11.342328103999927 ], [ -75.743452109999964, -11.341855853999954 ], [ -75.743503859999976, -11.341824228999934 ], [ -75.743717484999934, -11.341766728999973 ], [ -75.744439484999987, -11.341572228999949 ], [ -75.744941359999984, -11.34101572899994 ], [ -75.745373109999946, -11.340296853999964 ], [ -75.745552735, -11.34013460399996 ], [ -75.74585935999994, -11.34013460399996 ], [ -75.746056609999982, -11.340296853999968 ], [ -75.746290859999988, -11.341205478999946 ], [ -75.746380859999988, -11.341554728999938 ], [ -75.746523484999955, -11.341931603999967 ], [ -75.746757859999946, -11.341896478999958 ], [ -75.746972609999958, -11.341751978999982 ], [ -75.748609359999989, -11.339703103999973 ], [ -75.750167984999962, -11.338615228999963 ], [ -75.751160109999944, -11.337572228999939 ], [ -75.752688109999951, -11.336824603999956 ], [ -75.753542984999967, -11.336406228999982 ], [ -75.754435484999988, -11.336109353999968 ], [ -75.755316109999967, -11.335947603999946 ], [ -75.758172502999969, -11.335585215999963 ], [ -75.758174359999941, -11.335584978999977 ], [ -75.760290984999983, -11.335613228999931 ], [ -75.761293109999954, -11.335399894999963 ], [ -75.761804734999942, -11.335290978999979 ], [ -75.763294859999988, -11.334718728999968 ], [ -75.764212984999972, -11.334621103999945 ], [ -75.765427734999946, -11.334843728999935 ], [ -75.767594734999989, -11.335524228999937 ], [ -75.76795898499995, -11.335638728999985 ], [ -75.769572234999941, -11.335712853999949 ], [ -75.772847609999985, -11.334869228999928 ], [ -75.77661910999997, -11.333378853999935 ], [ -75.777537109999969, -11.33258597899993 ], [ -75.778041859999973, -11.331974728999976 ], [ -75.778480484999989, -11.331443353999932 ], [ -75.780068359999973, -11.330601603999986 ], [ -75.782945484999971, -11.329955103999961 ], [ -75.783535609999944, -11.329676603999935 ], [ -75.785028734999969, -11.329463353999929 ], [ -75.788121484999976, -11.32901535399998 ], [ -75.793880484999988, -11.327799603999951 ], [ -75.796096234999936, -11.327130728999981 ], [ -75.796532984999942, -11.326960853999937 ], [ -75.79748998499997, -11.326669478999982 ], [ -75.79923735999995, -11.326419978999988 ], [ -75.800402359999964, -11.326544728999972 ], [ -75.801151234999963, -11.326794478999947 ], [ -75.802817859999948, -11.327522228999952 ], [ -75.804089859999976, -11.327822228999931 ], [ -75.805974609999964, -11.328780728999964 ], [ -75.808150359999956, -11.329164728999958 ], [ -75.810304609999946, -11.329719228999977 ], [ -75.810633484999983, -11.329734728999938 ], [ -75.813558234999959, -11.329871853999974 ], [ -75.81592948499997, -11.330210603999946 ], [ -75.816354109999963, -11.330271353999937 ], [ -75.818260734999967, -11.330124478999943 ], [ -75.820329734999973, -11.329633978999928 ], [ -75.821953109999981, -11.329078103999956 ], [ -75.823966734999942, -11.328156228999953 ], [ -75.825406234999946, -11.326669103999961 ], [ -75.826685984999983, -11.324919978999953 ], [ -75.82790185999994, -11.323064353999934 ], [ -75.829288234999979, -11.321997853999958 ], [ -75.830887984999947, -11.321485853999945 ], [ -75.831886734999955, -11.321566353999961 ], [ -75.832736484999941, -11.322230728999957 ], [ -75.833265859999983, -11.322671853999958 ], [ -75.834215484999959, -11.323640228999983 ], [ -75.835153984999977, -11.324706728999962 ], [ -75.836236359999987, -11.32535347899994 ], [ -75.836561734999975, -11.325389354 ], [ -75.837543109999956, -11.325346603999952 ], [ -75.83871610999995, -11.325069353999936 ], [ -75.839043484999934, -11.32495272899995 ], [ -75.840273109999941, -11.324514728999931 ], [ -75.841982609999945, -11.324038353999983 ], [ -75.842700609999952, -11.324140853999944 ], [ -75.843418484999972, -11.32451697899995 ], [ -75.844136359999936, -11.325132353999953 ], [ -75.84526410999996, -11.326024353999969 ], [ -75.846597859999974, -11.326841603999972 ], [ -75.846716109999988, -11.326884853999966 ], [ -75.84782260999998, -11.327288853999969 ], [ -75.848998859999938, -11.327083103999938 ], [ -75.850212859999942, -11.327148478999954 ], [ -75.851645609999935, -11.327524103999963 ], [ -75.853161734999958, -11.327593728999943 ], [ -75.854871109999976, -11.327525353999928 ], [ -75.856101859999967, -11.327324478999973 ], [ -75.857543734999979, -11.326873978999966 ], [ -75.857248109999944, -11.326450353999972 ], [ -75.857176984999967, -11.325793103999956 ], [ -75.857123609999988, -11.325419978999944 ], [ -75.857034984999984, -11.324744978999941 ], [ -75.856946109999967, -11.323981103999923 ], [ -75.856910609999943, -11.323409853999978 ], [ -75.856831609999972, -11.322753103999956 ], [ -75.856621109999935, -11.321742478999965 ], [ -75.856326359999969, -11.320984478999954 ], [ -75.855947359999959, -11.320310853999956 ], [ -75.85535785999997, -11.319721228999974 ], [ -75.854936734999967, -11.319047603999927 ], [ -75.854494109999962, -11.318083978999931 ], [ -75.85348560999995, -11.315874728999965 ], [ -75.852339734999987, -11.314100478999929 ], [ -75.85126785999995, -11.312954728999953 ], [ -75.848871484999961, -11.310753478999978 ], [ -75.847571609999989, -11.309886853999952 ], [ -75.844836359999988, -11.308186603999955 ], [ -75.843278109999972, -11.307026228999975 ], [ -75.841830609999988, -11.306157728999946 ], [ -75.841484359999981, -11.305931603999973 ], [ -75.839980609999941, -11.305400228999934 ], [ -75.839979859999971, -11.305399978999965 ], [ -75.839978984999959, -11.305399603999943 ], [ -75.838909984999987, -11.305029978999917 ], [ -75.837879984999972, -11.304719978999962 ], [ -75.837139984999965, -11.304379978999977 ], [ -75.836209984999982, -11.30349997899998 ], [ -75.835999984999944, -11.303389978999968 ], [ -75.834489984999948, -11.30302997899998 ], [ -75.833904859999961, -11.302944728999929 ], [ -75.832979984999952, -11.302809978999967 ], [ -75.832209984999963, -11.302569978999941 ], [ -75.832049984999969, -11.302439978999933 ], [ -75.831779984999969, -11.302349978999919 ], [ -75.831439984999975, -11.302129978999963 ], [ -75.83082998499998, -11.301969978999972 ], [ -75.829969984999934, -11.301869978999955 ], [ -75.827579984999943, -11.301169978999953 ], [ -75.826269984999954, -11.301029978999964 ], [ -75.824699984999938, -11.300359978999946 ], [ -75.823869984999988, -11.300169978999973 ], [ -75.823489984999981, -11.300039978999965 ], [ -75.822589984999979, -11.299489978999924 ], [ -75.821019984999964, -11.298959978999955 ], [ -75.82016998499995, -11.298549978999976 ], [ -75.819449984999949, -11.297909978999945 ], [ -75.818869984999935, -11.297319978999944 ], [ -75.818379984999979, -11.296619978999951 ], [ -75.817999984999972, -11.295969978999953 ], [ -75.817709984999965, -11.29563997899993 ], [ -75.817119984999977, -11.295299978999941 ], [ -75.816039984999975, -11.294959978999948 ], [ -75.815259984999955, -11.294869978999943 ], [ -75.814989984999954, -11.294789978999976 ], [ -75.813499984999964, -11.294129978999933 ], [ -75.812679984999988, -11.293829978999943 ], [ -75.809879984999952, -11.292789978999954 ], [ -75.808399984999937, -11.291789978999928 ], [ -75.808229984999969, -11.291729978999971 ], [ -75.807139984999935, -11.291049978999988 ], [ -75.806729984999947, -11.290959978999977 ], [ -75.80545998499997, -11.290949978999947 ], [ -75.804749984999944, -11.290869978999986 ], [ -75.803409984999973, -11.290449978999948 ], [ -75.802619984999978, -11.290109978999967 ], [ -75.801919984999984, -11.289709978999959 ], [ -75.800319984999987, -11.288549978999976 ], [ -75.799909984999957, -11.288359978999946 ], [ -75.799529984999936, -11.288309978999957 ], [ -75.796765734999951, -11.286098728999946 ], [ -75.795332234999989, -11.282314353999935 ], [ -75.794127984999989, -11.278529978999927 ], [ -75.79383785999994, -11.277388728999941 ], [ -75.793761734999975, -11.275208978999961 ], [ -75.794300109999938, -11.273828103999966 ], [ -75.795324234999953, -11.273132853999922 ], [ -75.79685085999995, -11.272170728999974 ], [ -75.798336734999964, -11.27148085399994 ], [ -75.799716359999934, -11.270897103999966 ], [ -75.801255234999985, -11.270366603999944 ], [ -75.803377984999955, -11.269782728999935 ], [ -75.805871984999953, -11.269145978999974 ], [ -75.80804760999996, -11.268562228999931 ], [ -75.80934773499996, -11.268250478999958 ], [ -75.811178484999971, -11.267812728999951 ], [ -75.812332609999942, -11.267613728999955 ], [ -75.814285859999984, -11.26753435399996 ], [ -75.814360234999981, -11.267531228999927 ], [ -75.816312484999969, -11.267454478999987 ], [ -75.818050109999945, -11.267401853999962 ], [ -75.823618234999969, -11.266858353999961 ], [ -75.824324484999977, -11.265950353999933 ], [ -75.824273984999934, -11.264689103999963 ], [ -75.823814484999957, -11.263322603999937 ], [ -75.823192234999965, -11.261596603999985 ], [ -75.822569859999987, -11.260611353999934 ], [ -75.822268234999967, -11.260341978999977 ], [ -75.821480859999951, -11.259638978999932 ], [ -75.821325234999961, -11.259500103999919 ], [ -75.819102859999987, -11.258433353999976 ], [ -75.817680484999983, -11.257810978999949 ], [ -75.814849609999953, -11.256531228999959 ], [ -75.814269484999954, -11.255945353999948 ], [ -75.814060984999969, -11.255767978999916 ], [ -75.814060984999969, -11.255200228999971 ], [ -75.814324234999958, -11.254615228999972 ], [ -75.814987359999975, -11.253825603999921 ], [ -75.815435609999952, -11.253491853999952 ], [ -75.816033234999963, -11.252734853999977 ], [ -75.816380609999953, -11.252290853999964 ], [ -75.816750359999958, -11.251818478999946 ], [ -75.81756573499996, -11.251123978999942 ], [ -75.817826234999984, -11.250902103999968 ], [ -75.817941234999978, -11.250754228999947 ], [ -75.818662859999961, -11.249826228999943 ], [ -75.819140984999933, -11.248830228999971 ], [ -75.819300359999943, -11.247873978999957 ], [ -75.819619109999962, -11.246758353999949 ], [ -75.81989810999994, -11.245722228999965 ], [ -75.82021685999996, -11.244805978999981 ], [ -75.820734734999974, -11.243331728999975 ], [ -75.821173109999961, -11.241897353999949 ], [ -75.821651234999933, -11.240582603999931 ], [ -75.821969984999953, -11.239586478999975 ], [ -75.822487859999967, -11.238550478999972 ], [ -75.823165234999976, -11.237673978999966 ], [ -75.824121484999978, -11.236797353999977 ], [ -75.824606734999975, -11.236296103999958 ], [ -75.825316734999944, -11.235562228999974 ], [ -75.826631609999936, -11.234327103999929 ], [ -75.827866734999986, -11.232773228999966 ], [ -75.828049609999937, -11.232527353999956 ], [ -75.829022234999968, -11.231219353999954 ], [ -75.829484984999979, -11.230631478999959 ], [ -75.830342984999959, -11.229541478999977 ], [ -75.830496484999969, -11.229346603999943 ], [ -75.831890984999973, -11.228031853999934 ], [ -75.832887109999945, -11.227155228999942 ], [ -75.833803484999976, -11.226198978999955 ], [ -75.834540985, -11.225142603999934 ], [ -75.834792734999951, -11.224463103999931 ], [ -75.836187484999982, -11.221492603999936 ], [ -75.837323984999955, -11.220020353999919 ], [ -75.838024734999976, -11.219290353999945 ], [ -75.839653484999985, -11.217593728999928 ], [ -75.840535734999946, -11.216329728999929 ], [ -75.841350109999951, -11.214904603999969 ], [ -75.842213484999945, -11.214341478999925 ], [ -75.842520734999937, -11.214141103999964 ], [ -75.842761609999968, -11.213319478999942 ], [ -75.842876984999975, -11.212925978999985 ], [ -75.843029734999959, -11.212047978999967 ], [ -75.843106109999951, -11.211322603999966 ], [ -75.843296984999938, -11.210711853999959 ], [ -75.843869484999971, -11.209871978999958 ], [ -75.844830609999974, -11.208750478999949 ], [ -75.84501473499995, -11.208535978999977 ], [ -75.84589273499995, -11.207314353999951 ], [ -75.846427234999965, -11.206283728999958 ], [ -75.846923484999934, -11.205214853999955 ], [ -75.847362234999935, -11.203279603999933 ], [ -75.84762948499997, -11.201976603999981 ], [ -75.847796484999947, -11.200840728999927 ], [ -75.847896734999964, -11.199771603999979 ], [ -75.848030359999939, -11.198869603999986 ], [ -75.848063859999968, -11.19770035399995 ], [ -75.847896734999964, -11.196397353999934 ], [ -75.846961359999966, -11.195027603999964 ], [ -75.846259735, -11.194259228999961 ], [ -75.845290859999977, -11.193457353999982 ], [ -75.844321984999965, -11.192722353999958 ], [ -75.843789109999989, -11.191857478999962 ], [ -75.843823734999944, -11.190603478999941 ], [ -75.843876359999967, -11.189867353999947 ], [ -75.843878734999976, -11.18983272899993 ], [ -75.843851234999988, -11.188566353999926 ], [ -75.843851234999988, -11.187740603999938 ], [ -75.843823734999944, -11.186666978999943 ], [ -75.843713609999952, -11.185951228999949 ], [ -75.843383359999962, -11.185180478999937 ], [ -75.842416984999943, -11.183941103999919 ], [ -75.841180984999937, -11.183005728999948 ], [ -75.839694484999939, -11.182097228999957 ], [ -75.837932734999981, -11.181766978999971 ], [ -75.836321234999957, -11.181611103999954 ], [ -75.836225984999942, -11.181601728999974 ], [ -75.836089609999988, -11.181611103999961 ], [ -75.834188859999983, -11.181739478999924 ], [ -75.831848984999965, -11.182152353999976 ], [ -75.829963734999978, -11.182543103999922 ], [ -75.828953859999956, -11.18267247899996 ], [ -75.827554609999936, -11.182950478999945 ], [ -75.825907234999988, -11.183548353999971 ], [ -75.825261484999942, -11.183522603999961 ], [ -75.822740359999955, -11.182158978999954 ], [ -75.821739234999939, -11.181710228999973 ], [ -75.820738109999979, -11.181054353999976 ], [ -75.819737109999949, -11.180536603999935 ], [ -75.819287734999989, -11.180304228999951 ], [ -75.818735984999989, -11.180018728999915 ], [ -75.816815609999935, -11.179333728999946 ], [ -75.814627859999973, -11.179052228999986 ], [ -75.813592484999958, -11.178914103999936 ], [ -75.812524984999982, -11.179572728999963 ] ] ] } },
{ "type": "Feature", "properties": { "index": 1150, "UBIGEO": "120708", "CCDD": "12", "CCPP": "07", "CCDI": "08", "DEPARTAMEN": "JUNIN", "PROVINCIA": "TARMA", "DISTRITO": "SAN PEDRO DE CAJAS", "OBJECTID": 1151.0, "ESRI_OID": 1151.0, "Zonas": "Todas Zonas", "sububigeo": "12070800", "tipo_influencia": "Indirecta", "abreviatura": "SPC" }, "geometry": { "type": "Polygon", "coordinates": [ [ [ -75.666189359999976, -10.949419853999935 ], [ -75.665929609999978, -10.949509728999949 ], [ -75.665458984999987, -10.949579978999967 ], [ -75.665189359999943, -10.949730479 ], [ -75.664419859999953, -10.950150353999955 ], [ -75.663900359999971, -10.950300728999935 ], [ -75.662878859999978, -10.950660103999953 ], [ -75.661410109999963, -10.951419853999939 ], [ -75.660708984999985, -10.951951103999926 ], [ -75.660119109999982, -10.95215035399996 ], [ -75.659119109999949, -10.952300728999949 ], [ -75.658150359999979, -10.952660103999959 ], [ -75.657599609999977, -10.952960853999963 ], [ -75.657439984999939, -10.953030103999941 ], [ -75.656910109999956, -10.953259728999969 ], [ -75.656519484999933, -10.953499978999965 ], [ -75.656009734999941, -10.953990228999936 ], [ -75.655279234999966, -10.954490228999928 ], [ -75.654890609999939, -10.954910103999957 ], [ -75.654400359999954, -10.955271478999968 ], [ -75.653980359999935, -10.955790978999961 ], [ -75.653499984999939, -10.95625972899996 ], [ -75.653240234999942, -10.95654097899995 ], [ -75.653099632999954, -10.956820185999961 ], [ -75.652988400999959, -10.957033452999948 ], [ -75.652958984999941, -10.957089853999952 ], [ -75.652589734999935, -10.957521478999983 ], [ -75.652449109999964, -10.957890603999942 ], [ -75.652240234999965, -10.958140603999935 ], [ -75.651980359999982, -10.958310478999969 ], [ -75.65166985999997, -10.958460853999952 ], [ -75.651230359999943, -10.958740228999932 ], [ -75.650839734999977, -10.958790978999952 ], [ -75.650410109999939, -10.958880853999966 ], [ -75.650119109999935, -10.959031228999949 ], [ -75.649699109999972, -10.959169853999981 ], [ -75.648548734999963, -10.959339853999952 ], [ -75.647718734999955, -10.959550728999938 ], [ -75.646990234999976, -10.959630853999945 ], [ -75.646548734999953, -10.959611228999956 ], [ -75.645560484999976, -10.959441353999974 ], [ -75.645169859999953, -10.959290978999949 ], [ -75.644968734999964, -10.959169853999978 ], [ -75.644869109999945, -10.959070228999972 ], [ -75.644722609999974, -10.95892372899994 ], [ -75.64453898499994, -10.958400353999934 ], [ -75.644199109999988, -10.957820228999934 ], [ -75.64352923499996, -10.957140603999962 ], [ -75.642849609999985, -10.956781228999949 ], [ -75.64229873499994, -10.956660103999985 ], [ -75.641958984999974, -10.956650353999978 ], [ -75.641199109999945, -10.956910103999974 ], [ -75.640849609999989, -10.957130853999947 ], [ -75.64027923499998, -10.957601478999941 ], [ -75.639419859999975, -10.957951103999953 ], [ -75.639199109999936, -10.95810147899993 ], [ -75.638699109999948, -10.958531228999959 ], [ -75.638019484999973, -10.958880853999974 ], [ -75.637749984999971, -10.958970603999946 ], [ -75.637249984999983, -10.958999978999939 ], [ -75.63714060999996, -10.959009728999948 ], [ -75.637019484999939, -10.959009728999938 ], [ -75.635949109999956, -10.959271478999934 ], [ -75.635519484999975, -10.959290978999951 ], [ -75.634310484999958, -10.959220603999929 ], [ -75.634208984999987, -10.959230478999924 ], [ -75.632679609999968, -10.959371103999954 ], [ -75.632320234999952, -10.959361228999956 ], [ -75.631538984999963, -10.959259728999946 ], [ -75.630900359999941, -10.959281228999947 ], [ -75.629890609999961, -10.959460853999921 ], [ -75.628900359999989, -10.95952147899993 ], [ -75.627628859999959, -10.959329978999964 ], [ -75.626968734999934, -10.959281228999936 ], [ -75.626009734999968, -10.95900972899994 ], [ -75.625240234999978, -10.958890603999972 ], [ -75.624339734999978, -10.958929603999936 ], [ -75.623849609999979, -10.958990228999941 ], [ -75.623519484999974, -10.95915035399997 ], [ -75.622999984999979, -10.959281228999938 ], [ -75.622490234999987, -10.95933985399995 ], [ -75.62187886, -10.959351478999961 ], [ -75.621369109999989, -10.959419853999972 ], [ -75.621060484999987, -10.959499978999933 ], [ -75.620570234999946, -10.959790978999928 ], [ -75.620339734999959, -10.960040978999926 ], [ -75.61923035999996, -10.960710853999952 ], [ -75.618779234999977, -10.960880853999974 ], [ -75.618259734999981, -10.960890603999923 ], [ -75.617179609999937, -10.960730478999944 ], [ -75.616490234999958, -10.960839853999977 ], [ -75.61593935999997, -10.960980478999947 ], [ -75.615480359999935, -10.961021478999953 ], [ -75.614929609999933, -10.960990228999947 ], [ -75.614199109999959, -10.960880853999983 ], [ -75.613400359999957, -10.960390603999937 ], [ -75.61304873499995, -10.960210853999959 ], [ -75.612359359999971, -10.959960853999968 ], [ -75.611538984999981, -10.95962110399995 ], [ -75.610968734999972, -10.959169853999978 ], [ -75.610708984999974, -10.958890603999967 ], [ -75.609779234999962, -10.958160103999946 ], [ -75.609599609999975, -10.95806047899992 ], [ -75.609208984999952, -10.958031228999978 ], [ -75.608929609999961, -10.958040978999975 ], [ -75.608599609999942, -10.958060478999927 ], [ -75.607699109999942, -10.958220603999965 ], [ -75.607570234999969, -10.958220603999965 ], [ -75.607119109999985, -10.958121103999924 ], [ -75.606679609999958, -10.957871103999935 ], [ -75.606298734999939, -10.957730478999965 ], [ -75.605279234999955, -10.957490228999969 ], [ -75.604849609999974, -10.957259728999929 ], [ -75.603990234999969, -10.956579978999974 ], [ -75.603349609999952, -10.956259728999951 ], [ -75.603070234999961, -10.956021478999961 ], [ -75.60275973499995, -10.955650353999948 ], [ -75.601929609999956, -10.954851478999947 ], [ -75.601788984999985, -10.954730478999977 ], [ -75.601548734999938, -10.954630853999955 ], [ -75.601199109999982, -10.95454097899994 ], [ -75.600279234999959, -10.954499978999925 ], [ -75.600208984999938, -10.954490228999937 ], [ -75.600164984999935, -10.954479853999944 ], [ -75.600160109999933, -10.954499978999934 ], [ -75.599949109999955, -10.955191353999965 ], [ -75.599949109999955, -10.95582022899992 ], [ -75.599798734999979, -10.956861228999964 ], [ -75.599779234999971, -10.957540978999925 ], [ -75.599980359999961, -10.958300728999976 ], [ -75.600189359999945, -10.958790978999959 ], [ -75.600310484999966, -10.959611228999954 ], [ -75.600468734999936, -10.959980478999961 ], [ -75.600910109999973, -10.960460853999953 ], [ -75.601400359999957, -10.960871103999967 ], [ -75.601589734999948, -10.961160103999934 ], [ -75.601628859999948, -10.961451103999931 ], [ -75.601589734999948, -10.962060478999948 ], [ -75.601628859999948, -10.962339853999932 ], [ -75.601769484999977, -10.962669853999961 ], [ -75.602279234999969, -10.963701103999938 ], [ -75.602570234999973, -10.964121103999966 ], [ -75.603240235, -10.965400353999939 ], [ -75.603509734999989, -10.966111228999981 ], [ -75.603579984999953, -10.966441353999933 ], [ -75.603548734999961, -10.966781228999928 ], [ -75.603240235, -10.968070228999984 ], [ -75.603230359999941, -10.969009728999938 ], [ -75.603089734999969, -10.96988085399995 ], [ -75.602769484999953, -10.970660103999936 ], [ -75.602730359999953, -10.970910103999925 ], [ -75.602749984999946, -10.971160103999976 ], [ -75.602869109999972, -10.971740228999973 ], [ -75.602859359999968, -10.972570228999933 ], [ -75.602810484999964, -10.972900353999927 ], [ -75.602669859999935, -10.973441353999929 ], [ -75.602538984999967, -10.974710853999969 ], [ -75.60264060999998, -10.975980478999926 ], [ -75.602769484999953, -10.976640603999959 ], [ -75.602820234999982, -10.976740228999967 ], [ -75.603150359999972, -10.97707022899994 ], [ -75.603589734999957, -10.977371103999927 ], [ -75.604320234999989, -10.978160103999933 ], [ -75.604740234999952, -10.978749978999927 ], [ -75.605119109999976, -10.979191353999962 ], [ -75.605560484999955, -10.979509728999979 ], [ -75.606060484999944, -10.979990228999947 ], [ -75.606669859999954, -10.980480478999944 ], [ -75.607699109999942, -10.981271478999929 ], [ -75.60784960999996, -10.981540978999936 ], [ -75.607900359999974, -10.981720603999966 ], [ -75.607919859999981, -10.982121103999932 ], [ -75.607869109999967, -10.982630853999984 ], [ -75.607859359999964, -10.983070228999953 ], [ -75.60789060999997, -10.983351478999969 ], [ -75.608019484999943, -10.983900353999951 ], [ -75.607968734999986, -10.984351478999942 ], [ -75.607900359999974, -10.984550728999972 ], [ -75.607708984999988, -10.984880853999917 ], [ -75.607359359999975, -10.985249978999947 ], [ -75.607019484999967, -10.985701103999927 ], [ -75.606810484999983, -10.985919853999976 ], [ -75.606560484999989, -10.986390603999943 ], [ -75.606509734999975, -10.987079978999923 ], [ -75.606579984999939, -10.987669853999941 ], [ -75.606538984999986, -10.988191353999984 ], [ -75.606689359999962, -10.988839853999931 ], [ -75.606999984999959, -10.989640603999927 ], [ -75.607628859999977, -10.990540978999938 ], [ -75.607900359999974, -10.991230478999965 ], [ -75.608060484999953, -10.991880853999927 ], [ -75.608390609999958, -10.992419853999936 ], [ -75.608589734999953, -10.992759728999948 ], [ -75.608829984999943, -10.993201103999979 ], [ -75.608990234999965, -10.993669853999963 ], [ -75.609089734999941, -10.994111228999937 ], [ -75.609119109999938, -10.994339853999971 ], [ -75.609089734999941, -10.994560478999972 ], [ -75.608968734999962, -10.994970603999951 ], [ -75.608769484999982, -10.995441353999988 ], [ -75.608609359999946, -10.995880853999937 ], [ -75.608509734999984, -10.996009728999988 ], [ -75.608378859999974, -10.996101478999952 ], [ -75.608230359999936, -10.996140603999949 ], [ -75.607749984999941, -10.996191353999958 ], [ -75.607509734999951, -10.996300728999929 ], [ -75.607378859999983, -10.996410103999949 ], [ -75.607320234999989, -10.996550728999983 ], [ -75.607310484999971, -10.996749978999954 ], [ -75.607468734999941, -10.997111228999916 ], [ -75.607509734999951, -10.99729097899996 ], [ -75.607480359999954, -10.997540978999952 ], [ -75.607410109999989, -10.997730478999923 ], [ -75.60718935999995, -10.998070228999952 ], [ -75.606990234999955, -10.998220603999933 ], [ -75.606538984999986, -10.998521478999978 ], [ -75.606288984999935, -10.998790978999983 ], [ -75.606140609999954, -10.999009728999969 ], [ -75.606099609999944, -10.999390603999927 ], [ -75.606128859999956, -10.999540978999962 ], [ -75.606310484999938, -10.99980072899996 ], [ -75.60650985999996, -10.999999978999938 ], [ -75.606709984999952, -11.000239978999954 ], [ -75.606769984999971, -11.000579978999953 ], [ -75.606689984999946, -11.000889978999954 ], [ -75.606559984999933, -11.001269978999968 ], [ -75.606429984999977, -11.001729978999945 ], [ -75.606339984999977, -11.001909978999951 ], [ -75.606389984999964, -11.00251997899994 ], [ -75.606449984999983, -11.002789978999935 ], [ -75.606639984999958, -11.002959978999975 ], [ -75.606879984999978, -11.003059978999941 ], [ -75.607259985, -11.003269978999974 ], [ -75.607509984999979, -11.003539978999987 ], [ -75.607999984999935, -11.004229978999941 ], [ -75.608169984999961, -11.004549978999929 ], [ -75.608429984999987, -11.004989978999962 ], [ -75.608629984999936, -11.006019978999975 ], [ -75.608539984999936, -11.006399978999973 ], [ -75.608019984999942, -11.007109978999942 ], [ -75.607939984999973, -11.007409978999931 ], [ -75.607819984999935, -11.008559978999932 ], [ -75.60735998499996, -11.009289978999965 ], [ -75.607289984999966, -11.009579978999971 ], [ -75.607429984999953, -11.010229978999977 ], [ -75.607289984999966, -11.011459978999934 ], [ -75.60753998499996, -11.013279978999947 ], [ -75.607489984999972, -11.014179978999952 ], [ -75.607769984999948, -11.015049978999974 ], [ -75.607804609999974, -11.015112603999965 ], [ -75.608177359999956, -11.016022228999931 ], [ -75.609286984999983, -11.018518728999943 ], [ -75.609960734999959, -11.02046072899997 ], [ -75.610713609999962, -11.021550478999927 ], [ -75.611466609999979, -11.023115853999959 ], [ -75.612503734999962, -11.025619353999957 ], [ -75.61280985999997, -11.026358103999934 ], [ -75.613844359999973, -11.027910978999948 ], [ -75.614680859999964, -11.030035103999975 ], [ -75.614941109999961, -11.030881103999938 ], [ -75.615217734999987, -11.031971103999973 ], [ -75.615238234999936, -11.032065728999944 ], [ -75.61547810999997, -11.033175103999948 ], [ -75.615624484999955, -11.034102478999957 ], [ -75.615738359999966, -11.034997353999929 ], [ -75.615803609999944, -11.035859603999931 ], [ -75.615852234999977, -11.036624353999958 ], [ -75.615901109999982, -11.036982228999923 ], [ -75.615901109999982, -11.037454103999941 ], [ -75.615884859999937, -11.038023603999926 ], [ -75.615803609999944, -11.038511603999957 ], [ -75.615640734999943, -11.03891835399998 ], [ -75.615380484999946, -11.039390228999935 ], [ -75.61517973499997, -11.039799728999984 ], [ -75.615049609999971, -11.040255228999964 ], [ -75.615027984999983, -11.040667353999947 ], [ -75.615049609999971, -11.041296478999973 ], [ -75.615201484999943, -11.041990728999961 ], [ -75.615253734999953, -11.042818353999966 ], [ -75.615223109999988, -11.043964728999988 ], [ -75.615331609999942, -11.044767353999928 ], [ -75.615606484999944, -11.045520353999958 ], [ -75.616090859999986, -11.045852103999941 ], [ -75.616290359999937, -11.045911103999964 ], [ -75.61658323499995, -11.045997978999942 ], [ -75.616676609999956, -11.046025603999963 ], [ -75.617449859999965, -11.046184853999925 ], [ -75.61847873499994, -11.046291978999934 ], [ -75.620665109999948, -11.04732085399997 ], [ -75.621418859999949, -11.047823603999975 ], [ -75.621679734999987, -11.047997478999946 ], [ -75.622219609999945, -11.048486228999931 ], [ -75.622569609999985, -11.048674103999932 ], [ -75.623211235, -11.04901847899993 ], [ -75.623743859999934, -11.04963997899994 ], [ -75.624365359999956, -11.050549978999983 ], [ -75.62469598499996, -11.050976603999967 ], [ -75.624837984999942, -11.051159853999925 ], [ -75.625021234999963, -11.051205353999928 ], [ -75.62608610999996, -11.051303978999949 ], [ -75.626835484999958, -11.051323603999947 ], [ -75.629359234999981, -11.05145997899996 ], [ -75.631489984999973, -11.051459978999961 ], [ -75.632710734999989, -11.051748353999917 ], [ -75.63370948499994, -11.052414353999952 ], [ -75.634166109999967, -11.053032228999943 ], [ -75.635129984999935, -11.054101228999963 ], [ -75.636816734999968, -11.054656103999948 ], [ -75.638170859999946, -11.055233103999965 ], [ -75.638187734999974, -11.055251353999951 ], [ -75.63910285999998, -11.056231853999972 ], [ -75.639546859999939, -11.05723072899997 ], [ -75.639790984999934, -11.057496978999948 ], [ -75.640745359999983, -11.057963103999951 ], [ -75.641988234999985, -11.058051853999933 ], [ -75.643528484999933, -11.057920853999969 ], [ -75.644180984999934, -11.057997603999974 ], [ -75.644967734999966, -11.058112728999962 ], [ -75.645582484999977, -11.058301728999933 ], [ -75.646660734999955, -11.058682353999927 ], [ -75.647750235, -11.059206478999961 ], [ -75.64836435999996, -11.059801353999951 ], [ -75.648882484999945, -11.060492103999927 ], [ -75.64926623499997, -11.06127897899994 ], [ -75.649688484999956, -11.061969853999916 ], [ -75.650014609999971, -11.062334478999963 ], [ -75.650367359999962, -11.062451228999981 ], [ -75.650742109999953, -11.06260360399995 ], [ -75.651655609999978, -11.062725853999943 ], [ -75.652274109999951, -11.062805103999951 ], [ -75.652781484999934, -11.062916103999944 ], [ -75.65332060999998, -11.063090603999964 ], [ -75.653606109999942, -11.063296728999942 ], [ -75.653819359999943, -11.063700728999951 ], [ -75.653924109999934, -11.06447372899993 ], [ -75.653937234999944, -11.065364478999985 ], [ -75.653937234999944, -11.06563960399995 ], [ -75.653832359999967, -11.066124353999946 ], [ -75.653779859999986, -11.066857978999961 ], [ -75.653785984999956, -11.067074353999947 ], [ -75.653793109999981, -11.067329478999955 ], [ -75.653858609999986, -11.06765697899994 ], [ -75.654023484999982, -11.068076228999924 ], [ -75.654134234999958, -11.068260228999968 ], [ -75.65439573499998, -11.068665728999971 ], [ -75.65498523499997, -11.069281603999976 ], [ -75.655640234999964, -11.069831728999924 ], [ -75.656347609999955, -11.070408228999947 ], [ -75.656779984999957, -11.070879728999957 ], [ -75.657133734999945, -11.071469353999923 ], [ -75.657474234999938, -11.072058728999938 ], [ -75.657762484999978, -11.072687478999963 ], [ -75.657919734999965, -11.073159103999952 ], [ -75.658142359999943, -11.073604603999957 ], [ -75.658443734999935, -11.073997603999938 ], [ -75.658461859999989, -11.07401185399994 ], [ -75.658941484999957, -11.074390603999978 ], [ -75.659452484999989, -11.074586978999951 ], [ -75.659989484999983, -11.074652728999977 ], [ -75.660710109999968, -11.074691853999983 ], [ -75.661378109999987, -11.074757353999919 ], [ -75.662006984999948, -11.074835978999937 ], [ -75.662263234999955, -11.074893853999987 ], [ -75.662413109999989, -11.074927728999956 ], [ -75.662826109999969, -11.075101603999933 ], [ -75.663290859999961, -11.075333728999963 ], [ -75.663775484999974, -11.075739853999952 ], [ -75.664228484999967, -11.076193353999935 ], [ -75.66497073499994, -11.077765603999982 ], [ -75.665382484999952, -11.078104478999936 ], [ -75.665609609999933, -11.078576103999977 ], [ -75.665888984999981, -11.078680853999963 ], [ -75.666343109999957, -11.078663478999946 ], [ -75.666902109999967, -11.078471103999963 ], [ -75.667461109999977, -11.078156853999925 ], [ -75.668076234999944, -11.077740228999964 ], [ -75.671859359999985, -11.074214853999926 ], [ -75.672806609999952, -11.073716853999931 ], [ -75.674919984999974, -11.073167978999946 ], [ -75.675665984999966, -11.072568353999944 ], [ -75.676445359999946, -11.071455103999945 ], [ -75.677025359999973, -11.071236353999952 ], [ -75.677330109999957, -11.071714853999941 ], [ -75.678146484999957, -11.074761728999921 ], [ -75.677804859999981, -11.075012228999979 ], [ -75.677702984999939, -11.075419478999951 ], [ -75.677919359999976, -11.075801353999964 ], [ -75.67839035999998, -11.076221478999971 ], [ -75.678695859999948, -11.076514228999935 ], [ -75.679128609999964, -11.076806978999969 ], [ -75.679485109999973, -11.07688335399996 ], [ -75.679803359999937, -11.076896103999964 ], [ -75.680185234999954, -11.076896103999958 ], [ -75.680770734999953, -11.076921603999944 ], [ -75.681178109999962, -11.076972478999945 ], [ -75.681953859999965, -11.077067603999986 ], [ -75.682540109999934, -11.077239853999972 ], [ -75.683272109999962, -11.07743835399998 ], [ -75.68411661, -11.077561978999935 ], [ -75.684796234999965, -11.077561978999938 ], [ -75.685682109999959, -11.077582603999923 ], [ -75.687000359999956, -11.077767978999928 ], [ -75.687705859999937, -11.077863353999934 ], [ -75.688153859999943, -11.077924978999931 ], [ -75.688478234999934, -11.078017728999949 ], [ -75.68878723499995, -11.078203103999957 ], [ -75.689142609999976, -11.078604728999943 ], [ -75.689389734999963, -11.079176353999978 ], [ -75.689698734999979, -11.079717103999936 ], [ -75.689722235, -11.079748728999963 ], [ -75.690100359999974, -11.080257728999985 ], [ -75.690579234999973, -11.080597603999927 ], [ -75.691305359999944, -11.080782978999935 ], [ -75.691830609999954, -11.080875728999947 ], [ -75.692525859999989, -11.080999228999927 ], [ -75.693474484999967, -11.081173853999928 ], [ -75.693930609999938, -11.081565478999954 ], [ -75.694466609999949, -11.082211603999951 ], [ -75.695900609999967, -11.083551228999973 ], [ -75.69717723499997, -11.08397672899997 ], [ -75.699257609999975, -11.083992478999955 ], [ -75.700739109999972, -11.083945103999946 ], [ -75.701589984999941, -11.083719978999973 ], [ -75.703308109999966, -11.083677228999925 ], [ -75.705309734999972, -11.08351960399995 ], [ -75.707910235, -11.08307835399995 ], [ -75.710097484999949, -11.082604978999942 ], [ -75.71109660999997, -11.082242103999924 ], [ -75.711868859999981, -11.082124228999929 ], [ -75.712678609999955, -11.082275978999972 ], [ -75.71345010999994, -11.082666603999931 ], [ -75.715861484999948, -11.084286978999966 ], [ -75.716773859999989, -11.084969478999932 ], [ -75.717537109999967, -11.085540353999939 ], [ -75.718827734999934, -11.086299353999948 ], [ -75.720173984999974, -11.087073353999928 ], [ -75.720703609999987, -11.087373603999932 ], [ -75.721494609999979, -11.087682228999938 ], [ -75.722111859999984, -11.087913728999981 ], [ -75.722632734999934, -11.088010103999983 ], [ -75.723423734999983, -11.087971603999959 ], [ -75.724369109999941, -11.088048728999977 ], [ -75.724986359999946, -11.088183728999969 ], [ -75.725372109999967, -11.088318853999969 ], [ -75.725757984999973, -11.088627478999959 ], [ -75.726143734999937, -11.089051853999937 ], [ -75.726703234999945, -11.089727103999962 ], [ -75.727378484999974, -11.090595228999977 ], [ -75.728092234999963, -11.091308978999965 ], [ -75.728786734999971, -11.091926228999959 ], [ -75.729596859999972, -11.092524353999982 ], [ -75.730329984999969, -11.093180228999932 ], [ -75.730812109999988, -11.093643228999948 ], [ -75.730792984999937, -11.093874853999974 ], [ -75.730698734999976, -11.094213978999962 ], [ -75.730696484999953, -11.094221978999935 ], [ -75.730445734999989, -11.094742853999941 ], [ -75.730310734999989, -11.095533728999959 ], [ -75.730098484999985, -11.096343978999933 ], [ -75.729963484999985, -11.097038478999936 ], [ -75.730001984999944, -11.097810103999956 ], [ -75.730059859999983, -11.098658978999927 ], [ -75.730137109999987, -11.099507728999981 ], [ -75.730349234999949, -11.100317978999948 ], [ -75.730490734999989, -11.101015728999924 ], [ -75.730645109999955, -11.101967353999944 ], [ -75.730773734999957, -11.102816228999929 ], [ -75.730927984999937, -11.103690728999933 ], [ -75.73126235999996, -11.104359478999982 ], [ -75.731802609999988, -11.10549122899994 ], [ -75.732651359999977, -11.106725853999933 ], [ -75.733308859999966, -11.107697978999965 ], [ -75.733581984999944, -11.108226603999974 ], [ -75.733911734999936, -11.108596353999936 ], [ -75.734473609999952, -11.108619853999933 ], [ -75.735295359999952, -11.108705353999937 ], [ -75.736022359999936, -11.10895222899995 ], [ -75.73650248499996, -11.109144228999982 ], [ -75.737374359999933, -11.109390728999925 ], [ -75.738138234999951, -11.109506478999956 ], [ -75.738755484999956, -11.109629853999929 ], [ -75.739627359999986, -11.109791978999967 ], [ -75.740321734999966, -11.109861353999971 ], [ -75.741062484999986, -11.109892228999977 ], [ -75.741671984999982, -11.109838228999939 ], [ -75.742165859999943, -11.109799603999932 ], [ -75.742497609999987, -11.109784353999936 ], [ -75.74295285999996, -11.109852353999939 ], [ -75.743333484999937, -11.109872978999929 ], [ -75.743744734999964, -11.109854228999952 ], [ -75.744060484999977, -11.109788978999976 ], [ -75.744529234999959, -11.109689478999933 ], [ -75.745221609999987, -11.10951622899996 ], [ -75.74643473499998, -11.109097853999971 ], [ -75.747585109999989, -11.108554103999943 ], [ -75.748902734999945, -11.107801103999973 ], [ -75.749889609999968, -11.10694097899994 ], [ -75.750251234999951, -11.106494353999949 ], [ -75.750485109999943, -11.106249728999952 ], [ -75.750899859999947, -11.105803103999959 ], [ -75.751357109999958, -11.105473353999965 ], [ -75.751729359999956, -11.105271353999973 ], [ -75.751952609999989, -11.105228853999957 ], [ -75.752186609999967, -11.105250103999932 ], [ -75.752473734999967, -11.105292603999951 ], [ -75.752899234999973, -11.105409603999924 ], [ -75.75361160999995, -11.105547853999958 ], [ -75.754132734999985, -11.105632853999955 ], [ -75.754802734999942, -11.105749853999951 ], [ -75.755493984999987, -11.105930728999967 ], [ -75.756142484999941, -11.106164603999947 ], [ -75.756536984999968, -11.106357978999931 ], [ -75.757080734999988, -11.106818103999949 ], [ -75.757645484999955, -11.107361853999974 ], [ -75.758021984999971, -11.107968478999965 ], [ -75.75850298499995, -11.108721478999939 ], [ -75.759004984999933, -11.109076978999951 ], [ -75.759611734999964, -11.109244353999932 ], [ -75.760636484999964, -11.109537103999971 ], [ -75.761320359999957, -11.10961322899994 ], [ -75.762969859999941, -11.109838103999953 ], [ -75.763669234999952, -11.109788103999962 ], [ -75.764568609999969, -11.109689353999959 ], [ -75.765279734999979, -11.10974622899994 ], [ -75.766304609999963, -11.109641728999982 ], [ -75.767329359999962, -11.109495353999938 ], [ -75.768063734999942, -11.109503478999944 ], [ -75.768844609999974, -11.109912478999949 ], [ -75.769848609999954, -11.110581728999939 ], [ -75.771633359999953, -11.111585728999954 ], [ -75.774013109999942, -11.112515228999939 ], [ -75.775835109999946, -11.113296103999971 ], [ -75.777433984999959, -11.114002603999946 ], [ -75.778884109999979, -11.114857853999984 ], [ -75.780334234999941, -11.115750228999962 ], [ -75.781598609999946, -11.115787353999965 ], [ -75.782639734999975, -11.115155478999943 ], [ -75.783457734999956, -11.114746228999925 ], [ -75.785387109999988, -11.114839228999921 ], [ -75.78994823499994, -11.115434228999959 ], [ -75.790553984999974, -11.115380353999965 ], [ -75.792922859999976, -11.115169728999945 ], [ -75.794058734999965, -11.115073103999972 ], [ -75.795169484999974, -11.115770478999929 ], [ -75.795995984999934, -11.116752103999941 ], [ -75.797442609999962, -11.118224353999942 ], [ -75.798191609999947, -11.119257603999923 ], [ -75.797984984999971, -11.120264978999952 ], [ -75.796512609999979, -11.121401478999935 ], [ -75.794497859999979, -11.122434603999972 ], [ -75.792595734999963, -11.123542978999987 ], [ -75.788890609999953, -11.124688728999962 ], [ -75.787025359999973, -11.125626978999943 ], [ -75.78436336, -11.127956978999979 ], [ -75.783834109999987, -11.12886785399996 ], [ -75.783730609999964, -11.129045978999947 ], [ -75.783699984999942, -11.129139978999936 ], [ -75.78330998499996, -11.129769978999951 ], [ -75.783069984999941, -11.130159978999922 ], [ -75.782759984999984, -11.130749978999967 ], [ -75.782179984999971, -11.131629978999969 ], [ -75.781829984999945, -11.132479978999971 ], [ -75.78163998499997, -11.133099978999944 ], [ -75.781329984999957, -11.133679978999965 ], [ -75.781139984999982, -11.134499978999937 ], [ -75.781019984999958, -11.134769978999945 ], [ -75.781019984999958, -11.13575997899995 ], [ -75.780829984999968, -11.136279978999944 ], [ -75.780539984999962, -11.137429978999942 ], [ -75.780319984999949, -11.138259978999939 ], [ -75.78023998499998, -11.139209978999929 ], [ -75.779859984999973, -11.140029978999955 ], [ -75.779799984999968, -11.140529978999957 ], [ -75.779559984999935, -11.14153997899996 ], [ -75.779109984999934, -11.14213997899998 ], [ -75.778579984999965, -11.143669978999986 ], [ -75.778349984999977, -11.144059978999962 ], [ -75.778139984999939, -11.144289978999954 ], [ -75.777809984999976, -11.144919978999949 ], [ -75.777109984999981, -11.145539978999976 ], [ -75.776839984999981, -11.14595997899994 ], [ -75.776559984999949, -11.146279978999937 ], [ -75.776070109999978, -11.146562353999961 ], [ -75.775969984999961, -11.146619978999983 ], [ -75.775669984999979, -11.146869978999968 ], [ -75.775439984999934, -11.147179978999928 ], [ -75.774819984999965, -11.148169978999922 ], [ -75.774719984999933, -11.148659978999941 ], [ -75.774602541999968, -11.148821462999933 ], [ -75.774479984999971, -11.148989978999957 ], [ -75.774177609999981, -11.149085103999939 ], [ -75.773925734999978, -11.149470728999967 ], [ -75.773916234999945, -11.149919853999958 ], [ -75.774012984999956, -11.150538978999979 ], [ -75.77416786, -11.15127422899997 ], [ -75.774202234999962, -11.15133647899996 ], [ -75.774574109999946, -11.152009478999961 ], [ -75.774942234999969, -11.152570478999959 ], [ -75.774980484999958, -11.15262872899995 ], [ -75.775687484999935, -11.153574228999958 ], [ -75.776102734999938, -11.15421522899994 ], [ -75.776604234999979, -11.154671728999963 ], [ -75.777385359999982, -11.155514603999965 ], [ -75.777961109999978, -11.156028603999967 ], [ -75.778598484999975, -11.156645353999984 ], [ -75.778906859999964, -11.156933228999948 ], [ -75.779276859999982, -11.157508978999953 ], [ -75.779400234999969, -11.158105228999935 ], [ -75.77952348499997, -11.159030353999977 ], [ -75.779667609999933, -11.160037853999931 ], [ -75.779770359999986, -11.160490103999964 ], [ -75.779959484999949, -11.160816978999943 ], [ -75.780255609999983, -11.161080103999945 ], [ -75.780485859999942, -11.160997978999948 ], [ -75.781127359999971, -11.160833478999965 ], [ -75.782097734999979, -11.160471603999955 ], [ -75.782887234999976, -11.160192103999982 ], [ -75.783972859999949, -11.159879478999921 ], [ -75.784795234999933, -11.159649228999964 ], [ -75.78569985999998, -11.159632728999956 ], [ -75.78652223499995, -11.159698603999967 ], [ -75.787657109999941, -11.159978228999934 ], [ -75.788709859999983, -11.160257853999957 ], [ -75.789663859999962, -11.160619603999969 ], [ -75.790074985, -11.16093222899997 ], [ -75.790601359999982, -11.161277603999952 ], [ -75.791094734999945, -11.161688728999929 ], [ -75.791555359999961, -11.162067103999963 ], [ -75.79204873499998, -11.162396228999972 ], [ -75.792854734999935, -11.162823728999971 ], [ -75.793820234999941, -11.163163353999947 ], [ -75.794762609999964, -11.163659228999965 ], [ -75.795206734999965, -11.163777728999948 ], [ -75.795650859999967, -11.163761353999968 ], [ -75.796407484999975, -11.163646103999959 ], [ -75.79675285999997, -11.163415853999936 ], [ -75.797147734999953, -11.163103353999933 ], [ -75.797805609999955, -11.16252760399993 ], [ -75.798430609999969, -11.161968353999953 ], [ -75.79908848499997, -11.161261103999946 ], [ -75.79931636, -11.161105478999948 ], [ -75.799691984999981, -11.161163228999959 ], [ -75.800091859999966, -11.161162478999918 ], [ -75.800585234999971, -11.161178853999958 ], [ -75.801214109999989, -11.161272728999958 ], [ -75.801219734999961, -11.161274728999961 ], [ -75.801272609999955, -11.161329728999927 ], [ -75.801414859999966, -11.16147785399993 ], [ -75.80165685999998, -11.161768728999956 ], [ -75.801786859999936, -11.162145603999937 ], [ -75.802061359999982, -11.162853478999978 ], [ -75.802458984999987, -11.163830103999935 ], [ -75.803139734999945, -11.164839603999942 ], [ -75.803622109999949, -11.165413728999953 ], [ -75.804172234999953, -11.165934853999943 ], [ -75.804895734999945, -11.166513728999973 ], [ -75.805851234999977, -11.167092728999936 ], [ -75.806777609999983, -11.167671728999945 ], [ -75.807617109999967, -11.168163853999937 ], [ -75.808196109999983, -11.168598103999955 ], [ -75.808471109999971, -11.168883978999931 ], [ -75.808536234999963, -11.169252978999969 ], [ -75.808514484999989, -11.16960047899993 ], [ -75.808417984999949, -11.171400353999964 ], [ -75.808536234999963, -11.172205853999966 ], [ -75.808605734999958, -11.172414353999955 ], [ -75.80863448499997, -11.17250072899998 ], [ -75.808774984999957, -11.172922228999932 ], [ -75.809057234999955, -11.173530228999928 ], [ -75.809469859999979, -11.174116353999981 ], [ -75.809860609999987, -11.174594103999938 ], [ -75.810273109999969, -11.175267103999943 ], [ -75.810859359999938, -11.175940228999931 ], [ -75.812384734999966, -11.177802728999957 ], [ -75.813592484999958, -11.178914103999936 ], [ -75.814627859999973, -11.179052228999986 ], [ -75.816815609999935, -11.179333728999946 ], [ -75.818735984999989, -11.180018728999915 ], [ -75.819287734999989, -11.180304228999951 ], [ -75.819737109999949, -11.180536603999935 ], [ -75.820738109999979, -11.181054353999976 ], [ -75.821739234999939, -11.181710228999973 ], [ -75.822740359999955, -11.182158978999954 ], [ -75.825261484999942, -11.183522603999961 ], [ -75.825907234999988, -11.183548353999971 ], [ -75.827554609999936, -11.182950478999945 ], [ -75.828953859999956, -11.18267247899996 ], [ -75.829963734999978, -11.182543103999922 ], [ -75.831848984999965, -11.182152353999976 ], [ -75.834188859999983, -11.181739478999924 ], [ -75.836089609999988, -11.181611103999961 ], [ -75.836225984999942, -11.181601728999974 ], [ -75.836321234999957, -11.181611103999954 ], [ -75.837932734999981, -11.181766978999971 ], [ -75.839694484999939, -11.182097228999957 ], [ -75.841180984999937, -11.183005728999948 ], [ -75.842416984999943, -11.183941103999919 ], [ -75.843383359999962, -11.185180478999937 ], [ -75.843713609999952, -11.185951228999949 ], [ -75.843823734999944, -11.186666978999943 ], [ -75.843851234999988, -11.187740603999938 ], [ -75.843851234999988, -11.188566353999926 ], [ -75.843878734999976, -11.18983272899993 ], [ -75.843876359999967, -11.189867353999947 ], [ -75.843823734999944, -11.190603478999941 ], [ -75.843789109999989, -11.191857478999962 ], [ -75.844321984999965, -11.192722353999958 ], [ -75.845290859999977, -11.193457353999982 ], [ -75.846259735, -11.194259228999961 ], [ -75.846961359999966, -11.195027603999964 ], [ -75.847896734999964, -11.196397353999934 ], [ -75.848063859999968, -11.19770035399995 ], [ -75.848030359999939, -11.198869603999986 ], [ -75.847896734999964, -11.199771603999979 ], [ -75.847796484999947, -11.200840728999927 ], [ -75.84762948499997, -11.201976603999981 ], [ -75.847362234999935, -11.203279603999933 ], [ -75.846923484999934, -11.205214853999955 ], [ -75.846427234999965, -11.206283728999958 ], [ -75.84589273499995, -11.207314353999951 ], [ -75.84501473499995, -11.208535978999977 ], [ -75.844830609999974, -11.208750478999949 ], [ -75.843869484999971, -11.209871978999958 ], [ -75.843296984999938, -11.210711853999959 ], [ -75.843106109999951, -11.211322603999966 ], [ -75.843029734999959, -11.212047978999967 ], [ -75.842876984999975, -11.212925978999985 ], [ -75.842761609999968, -11.213319478999942 ], [ -75.842520734999937, -11.214141103999964 ], [ -75.842213484999945, -11.214341478999925 ], [ -75.841350109999951, -11.214904603999969 ], [ -75.840535734999946, -11.216329728999929 ], [ -75.839653484999985, -11.217593728999928 ], [ -75.838024734999976, -11.219290353999945 ], [ -75.837323984999955, -11.220020353999919 ], [ -75.836187484999982, -11.221492603999936 ], [ -75.834792734999951, -11.224463103999931 ], [ -75.834540985, -11.225142603999934 ], [ -75.833803484999976, -11.226198978999955 ], [ -75.832887109999945, -11.227155228999942 ], [ -75.831890984999973, -11.228031853999934 ], [ -75.830496484999969, -11.229346603999943 ], [ -75.830342984999959, -11.229541478999977 ], [ -75.829484984999979, -11.230631478999959 ], [ -75.829022234999968, -11.231219353999954 ], [ -75.828049609999937, -11.232527353999956 ], [ -75.827866734999986, -11.232773228999966 ], [ -75.826631609999936, -11.234327103999929 ], [ -75.825316734999944, -11.235562228999974 ], [ -75.824606734999975, -11.236296103999958 ], [ -75.824121484999978, -11.236797353999977 ], [ -75.823165234999976, -11.237673978999966 ], [ -75.822487859999967, -11.238550478999972 ], [ -75.821969984999953, -11.239586478999975 ], [ -75.821651234999933, -11.240582603999931 ], [ -75.821173109999961, -11.241897353999949 ], [ -75.820734734999974, -11.243331728999975 ], [ -75.82021685999996, -11.244805978999981 ], [ -75.81989810999994, -11.245722228999965 ], [ -75.819619109999962, -11.246758353999949 ], [ -75.819300359999943, -11.247873978999957 ], [ -75.819140984999933, -11.248830228999971 ], [ -75.818662859999961, -11.249826228999943 ], [ -75.817941234999978, -11.250754228999947 ], [ -75.817826234999984, -11.250902103999968 ], [ -75.81756573499996, -11.251123978999942 ], [ -75.816750359999958, -11.251818478999946 ], [ -75.816380609999953, -11.252290853999964 ], [ -75.816033234999963, -11.252734853999977 ], [ -75.815435609999952, -11.253491853999952 ], [ -75.814987359999975, -11.253825603999921 ], [ -75.814324234999958, -11.254615228999972 ], [ -75.814060984999969, -11.255200228999971 ], [ -75.814060984999969, -11.255767978999916 ], [ -75.814269484999954, -11.255945353999948 ], [ -75.814849609999953, -11.256531228999959 ], [ -75.817680484999983, -11.257810978999949 ], [ -75.819102859999987, -11.258433353999976 ], [ -75.821325234999961, -11.259500103999919 ], [ -75.821480859999951, -11.259638978999932 ], [ -75.822268234999967, -11.260341978999977 ], [ -75.822569859999987, -11.260611353999934 ], [ -75.823192234999965, -11.261596603999985 ], [ -75.823814484999957, -11.263322603999937 ], [ -75.824273984999934, -11.264689103999963 ], [ -75.824324484999977, -11.265950353999933 ], [ -75.823618234999969, -11.266858353999961 ], [ -75.818050109999945, -11.267401853999962 ], [ -75.816312484999969, -11.267454478999987 ], [ -75.814360234999981, -11.267531228999927 ], [ -75.814285859999984, -11.26753435399996 ], [ -75.812332609999942, -11.267613728999955 ], [ -75.811178484999971, -11.267812728999951 ], [ -75.80934773499996, -11.268250478999958 ], [ -75.80804760999996, -11.268562228999931 ], [ -75.805871984999953, -11.269145978999974 ], [ -75.803377984999955, -11.269782728999935 ], [ -75.801255234999985, -11.270366603999944 ], [ -75.799716359999934, -11.270897103999966 ], [ -75.798336734999964, -11.27148085399994 ], [ -75.79685085999995, -11.272170728999974 ], [ -75.795324234999953, -11.273132853999922 ], [ -75.794300109999938, -11.273828103999966 ], [ -75.793761734999975, -11.275208978999961 ], [ -75.79383785999994, -11.277388728999941 ], [ -75.794127984999989, -11.278529978999927 ], [ -75.795332234999989, -11.282314353999935 ], [ -75.796765734999951, -11.286098728999946 ], [ -75.799529984999936, -11.288309978999957 ], [ -75.799909984999957, -11.288359978999946 ], [ -75.800319984999987, -11.288549978999976 ], [ -75.801919984999984, -11.289709978999959 ], [ -75.802619984999978, -11.290109978999967 ], [ -75.803409984999973, -11.290449978999948 ], [ -75.804749984999944, -11.290869978999986 ], [ -75.80545998499997, -11.290949978999947 ], [ -75.806729984999947, -11.290959978999977 ], [ -75.807139984999935, -11.291049978999988 ], [ -75.808229984999969, -11.291729978999971 ], [ -75.808399984999937, -11.291789978999928 ], [ -75.809879984999952, -11.292789978999954 ], [ -75.812679984999988, -11.293829978999943 ], [ -75.813499984999964, -11.294129978999933 ], [ -75.814989984999954, -11.294789978999976 ], [ -75.815259984999955, -11.294869978999943 ], [ -75.816039984999975, -11.294959978999948 ], [ -75.817119984999977, -11.295299978999941 ], [ -75.817709984999965, -11.29563997899993 ], [ -75.817999984999972, -11.295969978999953 ], [ -75.818379984999979, -11.296619978999951 ], [ -75.818869984999935, -11.297319978999944 ], [ -75.819449984999949, -11.297909978999945 ], [ -75.82016998499995, -11.298549978999976 ], [ -75.821019984999964, -11.298959978999955 ], [ -75.822589984999979, -11.299489978999924 ], [ -75.823489984999981, -11.300039978999965 ], [ -75.823869984999988, -11.300169978999973 ], [ -75.824699984999938, -11.300359978999946 ], [ -75.826269984999954, -11.301029978999964 ], [ -75.827579984999943, -11.301169978999953 ], [ -75.829969984999934, -11.301869978999955 ], [ -75.83082998499998, -11.301969978999972 ], [ -75.831439984999975, -11.302129978999963 ], [ -75.831779984999969, -11.302349978999919 ], [ -75.832049984999969, -11.302439978999933 ], [ -75.832209984999963, -11.302569978999941 ], [ -75.832979984999952, -11.302809978999967 ], [ -75.833904859999961, -11.302944728999929 ], [ -75.834489984999948, -11.30302997899998 ], [ -75.835999984999944, -11.303389978999968 ], [ -75.836209984999982, -11.30349997899998 ], [ -75.837139984999965, -11.304379978999977 ], [ -75.837879984999972, -11.304719978999962 ], [ -75.838909984999987, -11.305029978999917 ], [ -75.839978984999959, -11.305399603999943 ], [ -75.839979859999971, -11.305399978999965 ], [ -75.839980609999941, -11.305400228999934 ], [ -75.841484359999981, -11.305931603999973 ], [ -75.841830609999988, -11.306157728999946 ], [ -75.843278109999972, -11.307026228999975 ], [ -75.844836359999988, -11.308186603999955 ], [ -75.847571609999989, -11.309886853999952 ], [ -75.848871484999961, -11.310753478999978 ], [ -75.85126785999995, -11.312954728999953 ], [ -75.852339734999987, -11.314100478999929 ], [ -75.85348560999995, -11.315874728999965 ], [ -75.854494109999962, -11.318083978999931 ], [ -75.854936734999967, -11.319047603999927 ], [ -75.85535785999997, -11.319721228999974 ], [ -75.855947359999959, -11.320310853999956 ], [ -75.856326359999969, -11.320984478999954 ], [ -75.856621109999935, -11.321742478999965 ], [ -75.856831609999972, -11.322753103999956 ], [ -75.856910609999943, -11.323409853999978 ], [ -75.856946109999967, -11.323981103999923 ], [ -75.857034984999984, -11.324744978999941 ], [ -75.857123609999988, -11.325419978999944 ], [ -75.857176984999967, -11.325793103999956 ], [ -75.857248109999944, -11.326450353999972 ], [ -75.857543734999979, -11.326873978999966 ], [ -75.857719109999948, -11.327029478999977 ], [ -75.858088234999968, -11.327311728999971 ], [ -75.858381234999968, -11.327485478999963 ], [ -75.85883210999998, -11.327732978999956 ], [ -75.859586234999938, -11.327887103999961 ], [ -75.860519734999968, -11.327995603999973 ], [ -75.860961609999947, -11.328020728999951 ], [ -75.861912735, -11.327862228999948 ], [ -75.862106859999983, -11.327829853999964 ], [ -75.86310898499994, -11.327686728999934 ], [ -75.864492734999942, -11.327543603999969 ], [ -75.865685734999943, -11.327495978999934 ], [ -75.866735734999963, -11.327591228999944 ], [ -75.867073859999962, -11.327692728999986 ], [ -75.86768998499997, -11.327877603999985 ], [ -75.869121484999951, -11.328163978999955 ], [ -75.870791734999955, -11.328354728999958 ], [ -75.872080109999956, -11.32859335399997 ], [ -75.873396984999943, -11.328857228999945 ], [ -75.875959609999938, -11.329248353999954 ], [ -75.87765361, -11.329335228999977 ], [ -75.879043484999954, -11.329335228999978 ], [ -75.879266734999987, -11.329371478999981 ], [ -75.880911234999985, -11.329639228999955 ], [ -75.882518359999963, -11.330160603999955 ], [ -75.88360423499995, -11.33050797899994 ], [ -75.885384984999973, -11.331115978999941 ], [ -75.887643609999941, -11.331984728999933 ], [ -75.888858484999957, -11.332524603999948 ], [ -75.889207234999958, -11.332679728999953 ], [ -75.890135484999973, -11.333155478999966 ], [ -75.890356984999983, -11.332694478999938 ], [ -75.89041423499998, -11.332575228999929 ], [ -75.89045998499995, -11.332479978999967 ], [ -75.890589984999963, -11.331869978999974 ], [ -75.890589984999963, -11.331849978999973 ], [ -75.891009984999982, -11.330949978999961 ], [ -75.891224984999951, -11.330339978999977 ], [ -75.891824859999986, -11.329331978999955 ], [ -75.892639609999947, -11.327714103999936 ], [ -75.894318609999971, -11.323260978999942 ], [ -75.895705609999936, -11.319829853999972 ], [ -75.896796859999938, -11.31746097899997 ], [ -75.898735234999947, -11.315668728999983 ], [ -75.900361359999977, -11.314123103999972 ], [ -75.903150609999955, -11.312352103999961 ], [ -75.903558359999977, -11.312059853999926 ], [ -75.906054484999984, -11.310270853999953 ], [ -75.907705735, -11.308967103999979 ], [ -75.910649484999965, -11.305862478999932 ], [ -75.912813609999944, -11.303217728999922 ], [ -75.913875859999962, -11.301712728999965 ], [ -75.914274234999937, -11.300384853999953 ], [ -75.913831609999988, -11.298702853999933 ], [ -75.912622984999985, -11.297035103999981 ], [ -75.911982359999968, -11.29625210399996 ], [ -75.912052734999975, -11.29514647899998 ], [ -75.913437484999974, -11.293117228999964 ], [ -75.924671859999989, -11.280818353999969 ], [ -75.944755234999946, -11.24540735399996 ], [ -75.971925734999957, -11.214165978999965 ], [ -75.972080109999979, -11.21389447899997 ], [ -75.971872609999934, -11.213653978999949 ], [ -75.97187198499995, -11.213653103999949 ], [ -75.971842484999968, -11.213657103999934 ], [ -75.971834859999944, -11.213658103999933 ], [ -75.970807859999979, -11.213798353999952 ], [ -75.970429984999953, -11.213849978999969 ], [ -75.968619984999975, -11.214369978999974 ], [ -75.967789984999968, -11.214969978999935 ], [ -75.966519984999934, -11.215539978999967 ], [ -75.963809984999955, -11.216249978999944 ], [ -75.963160734999974, -11.216498478999943 ], [ -75.961509984999964, -11.217129978999944 ], [ -75.960489984999981, -11.217389978999961 ], [ -75.960119984999949, -11.217439978999957 ], [ -75.958249984999952, -11.217409978999958 ], [ -75.955474734999939, -11.21784522899997 ], [ -75.95435998499994, -11.218019978999966 ], [ -75.953589984999951, -11.218189978999936 ], [ -75.952049984999974, -11.218269978999956 ], [ -75.951629984999954, -11.218239978999968 ], [ -75.950179984999977, -11.21790997899995 ], [ -75.948049984999955, -11.218179978999949 ], [ -75.946169984999983, -11.218089978999947 ], [ -75.942059984999958, -11.217689978999944 ], [ -75.94006998499998, -11.217349978999952 ], [ -75.939449984999953, -11.217359978999983 ], [ -75.938519984999971, -11.217279978999951 ], [ -75.937939984999957, -11.21752997899994 ], [ -75.936869985, -11.217539978999982 ], [ -75.936179984999967, -11.217619978999947 ], [ -75.935159984999984, -11.217589978999962 ], [ -75.933699984999976, -11.217269978999978 ], [ -75.93263998499998, -11.217319978999967 ], [ -75.932299984999986, -11.217389978999961 ], [ -75.930819984999971, -11.217869978999936 ], [ -75.930419984999958, -11.218219978999974 ], [ -75.93009998499997, -11.218429978999943 ], [ -75.930019984999944, -11.218529978999982 ], [ -75.929549984999937, -11.218779978999983 ], [ -75.927659984999934, -11.219069978999926 ], [ -75.926279984999951, -11.219629978999924 ], [ -75.925269984999943, -11.219809978999933 ], [ -75.924369984999942, -11.219879978999927 ], [ -75.922789984999952, -11.219869978999947 ], [ -75.922039984999969, -11.219749978999968 ], [ -75.92143998499995, -11.219359978999936 ], [ -75.920389984999986, -11.218209978999932 ], [ -75.919489984999984, -11.217599978999946 ], [ -75.919219984999984, -11.217359978999971 ], [ -75.918659984999977, -11.216699978999943 ], [ -75.91645998499996, -11.21449997899998 ], [ -75.916019984999934, -11.213829978999966 ], [ -75.915389984999933, -11.213129978999964 ], [ -75.915109984999958, -11.212479978999969 ], [ -75.915029985, -11.211899978999954 ], [ -75.915159984999946, -11.210979978999937 ], [ -75.915099984999983, -11.210689978999934 ], [ -75.914329984999938, -11.209299978999974 ], [ -75.91382998499995, -11.208689978999919 ], [ -75.913389985, -11.208259978999934 ], [ -75.913369984999974, -11.20772997899997 ], [ -75.91324998499995, -11.207329978999955 ], [ -75.912109984999972, -11.205959978999948 ], [ -75.911449984999933, -11.204779978999966 ], [ -75.910289984999963, -11.203559978999973 ], [ -75.909789984999975, -11.203199978999978 ], [ -75.908499984999935, -11.202499978999976 ], [ -75.90699998499997, -11.201619978999938 ], [ -75.90654998499997, -11.201479978999942 ], [ -75.905779984999981, -11.201539978999953 ], [ -75.905159984999955, -11.201449978999953 ], [ -75.904629984999985, -11.201189978999931 ], [ -75.904529984999954, -11.201089978999956 ], [ -75.903809984999953, -11.200659978999973 ], [ -75.902950609999948, -11.200465353999968 ], [ -75.901849359999972, -11.200303603999936 ], [ -75.901259484999969, -11.199871228999944 ], [ -75.900959359999945, -11.199351728999932 ], [ -75.900520734999986, -11.197989728999968 ], [ -75.900324484999942, -11.196754603999972 ], [ -75.900324484999942, -11.195092353999934 ], [ -75.900266734999946, -11.194018853999969 ], [ -75.900058984999987, -11.192841478999972 ], [ -75.899943359999952, -11.192021853999954 ], [ -75.900255234999975, -11.191006103999937 ], [ -75.901028609999969, -11.188708978999964 ], [ -75.901698109999984, -11.186873603999965 ], [ -75.902159859999983, -11.185453728999965 ], [ -75.902388234999989, -11.184712728999953 ], [ -75.903278609999973, -11.182321478999937 ], [ -75.903882234999969, -11.180480853999939 ], [ -75.90415360999998, -11.17842885399995 ], [ -75.904591234999955, -11.176965353999947 ], [ -75.904636484999969, -11.176014853999963 ], [ -75.904470609999976, -11.175634353999948 ], [ -75.903429109999934, -11.174901478999979 ], [ -75.901577484999962, -11.174361353999922 ], [ -75.899340234999968, -11.174284228999973 ], [ -75.897527234999984, -11.173551353999931 ], [ -75.897243484999933, -11.173042603999933 ], [ -75.897032234999983, -11.172620103999968 ], [ -75.896941359999971, -11.172097603999919 ], [ -75.897025734999943, -11.170966853999975 ], [ -75.897660109999947, -11.168396478999966 ], [ -75.897411609999949, -11.166800978999952 ], [ -75.896948734999967, -11.166029478999967 ], [ -75.895752859999959, -11.165219353999928 ], [ -75.891972609999982, -11.163599353999935 ], [ -75.888578109999969, -11.161477728999957 ], [ -75.885067984999978, -11.158391853999944 ], [ -75.884569859999942, -11.157849353999946 ], [ -75.884449109999935, -11.157381603999969 ], [ -75.884480484999983, -11.157150353999954 ], [ -75.886455984999941, -11.154555228999989 ], [ -75.887899484999934, -11.153074853999962 ], [ -75.888292484999965, -11.152671853999941 ], [ -75.888779234999959, -11.151859478999944 ], [ -75.888919859999987, -11.150732728999964 ], [ -75.888557984999977, -11.149615478999969 ], [ -75.888357359999986, -11.148996103999927 ], [ -75.887377359999959, -11.148319353999973 ], [ -75.886665984999979, -11.147732478999949 ], [ -75.885958984999945, -11.147052603999946 ], [ -75.88556248499998, -11.146181603999935 ], [ -75.884605359999966, -11.14451372899998 ], [ -75.884314484999948, -11.143544978999946 ], [ -75.882693359999962, -11.142277353999933 ], [ -75.881093734999979, -11.141447228999944 ], [ -75.880449234999958, -11.141482478999935 ], [ -75.878738109999972, -11.140756728999973 ], [ -75.877662609999959, -11.140326478999945 ], [ -75.876748484999951, -11.140380103999966 ], [ -75.875404234999962, -11.140434103999956 ], [ -75.874113609999938, -11.140756728999976 ], [ -75.873632984999972, -11.140876853999947 ], [ -75.872823109999956, -11.141079353999947 ], [ -75.87061835999998, -11.141885978999941 ], [ -75.869489109999961, -11.142369853999972 ], [ -75.867822359999934, -11.143015103999971 ], [ -75.866692984999986, -11.143552853999946 ], [ -75.865724984999986, -11.143983103999973 ], [ -75.864488234999953, -11.144359478999949 ], [ -75.862435359999949, -11.144853478999956 ], [ -75.861564359999988, -11.144848478999963 ], [ -75.861201359999939, -11.14478797899995 ], [ -75.861176984999986, -11.144774478999974 ], [ -75.860656984999935, -11.144485478999972 ], [ -75.860293984999942, -11.144183103999982 ], [ -75.859570271999985, -11.143179779999961 ], [ -75.858872359999964, -11.142277478999969 ], [ -75.858085984999946, -11.141430603999945 ], [ -75.857148234999954, -11.140069353999936 ], [ -75.856422359999954, -11.138889728999965 ], [ -75.855305484999974, -11.135068978999982 ], [ -75.855112193999958, -11.133084138999941 ], [ -75.855061234999937, -11.132560853999959 ], [ -75.854675734999944, -11.131331979 ], [ -75.853951484999982, -11.130407978999921 ], [ -75.853019484999948, -11.129275978999937 ], [ -75.852365109999937, -11.128052728999933 ], [ -75.85206173499995, -11.126835728999939 ], [ -75.851864984999963, -11.125130978999938 ], [ -75.851897734999966, -11.124245853999975 ], [ -75.852028859999976, -11.123196728999979 ], [ -75.852039484999978, -11.123018103999984 ], [ -75.852042734999941, -11.123016978999953 ], [ -75.852442234999955, -11.120708728999945 ], [ -75.852442234999955, -11.119998478999944 ], [ -75.852192859999946, -11.11970935399995 ], [ -75.851656734999949, -11.11972847899994 ], [ -75.851504359999979, -11.11973397899993 ], [ -75.850324109999974, -11.119905978999958 ], [ -75.848996359999944, -11.120028978999931 ], [ -75.847644109999976, -11.120176478999946 ], [ -75.846439234999934, -11.120225728999966 ], [ -75.845185234999974, -11.120274853999941 ], [ -75.84388211, -11.120299478999987 ], [ -75.842898609999963, -11.120250228999959 ], [ -75.842283859999952, -11.119905978999949 ], [ -75.841570984999976, -11.119758353999936 ], [ -75.840734859999941, -11.119832228999934 ], [ -75.840549984999953, -11.119888478999931 ], [ -75.840169359999948, -11.120004353999946 ], [ -75.839456234999943, -11.119881478999963 ], [ -75.838939859999982, -11.119414228999977 ], [ -75.838644859999988, -11.118897978999945 ], [ -75.838279109999974, -11.118216728999924 ], [ -75.837956359999964, -11.117275103999933 ], [ -75.837661234999985, -11.116488353999951 ], [ -75.837390859999971, -11.115676853999952 ], [ -75.837144984999952, -11.114717978999971 ], [ -75.837058484999943, -11.113419978999946 ], [ -75.836948234999966, -11.112652603999948 ], [ -75.836997484999983, -11.111619853999969 ], [ -75.837061484999936, -11.110862353999954 ], [ -75.836956859999987, -11.10989197899994 ], [ -75.836852359999966, -11.109055478999943 ], [ -75.836773984999979, -11.108323603999956 ], [ -75.83661060999998, -11.107137478999963 ], [ -75.836602109999944, -11.106228228999955 ], [ -75.836924609999983, -11.105401603999944 ], [ -75.837394859999961, -11.104294728999946 ], [ -75.837361109999961, -11.104058603999924 ], [ -75.837335984999982, -11.103883228999965 ], [ -75.83696348499997, -11.103059728999936 ], [ -75.836365109999974, -11.101701103999979 ], [ -75.835542859999975, -11.100630103999944 ], [ -75.834821359999978, -11.099627978999933 ], [ -75.834219984999962, -11.09854560399998 ], [ -75.834147734999988, -11.098395978999969 ], [ -75.833658859999957, -11.097383103999954 ], [ -75.833206109999935, -11.096510853999979 ], [ -75.833177734999936, -11.096456103999975 ], [ -75.832816984999965, -11.095704478999954 ], [ -75.832546359999981, -11.095193353999944 ], [ -75.832456234999938, -11.09462210399993 ], [ -75.832847234999974, -11.093900603999941 ], [ -75.833604234999939, -11.092485353999953 ], [ -75.834363984999982, -11.090822728999958 ], [ -75.834951609999976, -11.089932103999963 ], [ -75.835432609999941, -11.089240603999928 ], [ -75.836184234999962, -11.088458853999956 ], [ -75.837538984999981, -11.086831978999955 ], [ -75.838294609999934, -11.085527353999963 ], [ -75.838563984999951, -11.084407978999938 ], [ -75.838602234999939, -11.083294978999966 ], [ -75.838573609999969, -11.08258022899998 ], [ -75.838458609999975, -11.081716728999931 ], [ -75.838234234999959, -11.081355228999945 ], [ -75.83799748499996, -11.081135353999963 ], [ -75.837743859999989, -11.080915478999943 ], [ -75.83739348499995, -11.080277478999959 ], [ -75.837202734999948, -11.079444228999929 ], [ -75.837016609999978, -11.078818478999953 ], [ -75.836948984999935, -11.078328104 ], [ -75.836948984999935, -11.077905228999944 ], [ -75.836982859999978, -11.077025853999935 ], [ -75.837219609999977, -11.076078853999938 ], [ -75.837576984999941, -11.074991728999981 ], [ -75.837625485, -11.07484435399993 ], [ -75.83784535999996, -11.074100228999948 ], [ -75.83796373499996, -11.073620353999949 ], [ -75.838014359999988, -11.073151103999983 ], [ -75.838075734999961, -11.07227610399997 ], [ -75.838257859999942, -11.071061728999945 ], [ -75.838318609999988, -11.070515353999953 ], [ -75.838336359999971, -11.070396353999959 ], [ -75.838379359999976, -11.07011047899994 ], [ -75.838197109999953, -11.069685478999922 ], [ -75.838099234999959, -11.069657103999925 ], [ -75.837428109999962, -11.06946285399993 ], [ -75.836919734999981, -11.069089353999974 ], [ -75.836658859999943, -11.068753978999958 ], [ -75.836509484999965, -11.068561853999931 ], [ -75.836309109999945, -11.067827603999943 ], [ -75.83617535999997, -11.067024978999937 ], [ -75.835807484999975, -11.066067478999964 ], [ -75.835532609999973, -11.065455478999978 ], [ -75.83533723499994, -11.064654478999957 ], [ -75.835238859999947, -11.063814478999978 ], [ -75.835164609999936, -11.062833478999947 ], [ -75.834730484999966, -11.061159228999934 ], [ -75.834629484999937, -11.059994603999934 ], [ -75.834436234999941, -11.059266228999945 ], [ -75.83400523499995, -11.058196103999924 ], [ -75.83390935999995, -11.056764728999941 ], [ -75.833864984999934, -11.056187478999957 ], [ -75.833154859999979, -11.05461172899993 ], [ -75.832953609999947, -11.053709228999935 ], [ -75.832845859999964, -11.053380353999955 ], [ -75.832786484999986, -11.05271147899998 ], [ -75.832769359999986, -11.052309103999962 ], [ -75.832311234999978, -11.05132685399996 ], [ -75.831800734999945, -11.050927228999956 ], [ -75.831503859999941, -11.050765478999955 ], [ -75.830668859999946, -11.050527728999956 ], [ -75.82775885999996, -11.050387228999972 ], [ -75.827201484999989, -11.050342603999983 ], [ -75.826655109999933, -11.050364853999948 ], [ -75.826153609999949, -11.050387228999968 ], [ -75.825663109999937, -11.050387228999972 ], [ -75.825150359999952, -11.050275728999967 ], [ -75.824291984999945, -11.05009735399995 ], [ -75.823667609999973, -11.049952478999961 ], [ -75.823076734999972, -11.049863228999975 ], [ -75.822111984999935, -11.049797853999955 ], [ -75.821579234999959, -11.049859353999977 ], [ -75.821046359999968, -11.050146228999942 ], [ -75.820615984999961, -11.050556103999952 ], [ -75.82004223499996, -11.051006978999974 ], [ -75.819550359999937, -11.051211853999972 ], [ -75.818853609999962, -11.051293853999935 ], [ -75.818013234999981, -11.051457853999977 ], [ -75.817152609999937, -11.051601228999981 ], [ -75.81604598499996, -11.05176522899996 ], [ -75.815000734999956, -11.051601228999971 ], [ -75.814221984999961, -11.051355228999965 ], [ -75.813463734999971, -11.05071997899995 ], [ -75.813115359999983, -11.050187228999965 ], [ -75.813051234999989, -11.048844603999955 ], [ -75.813102359999959, -11.047719978999968 ], [ -75.813051234999989, -11.046441978999949 ], [ -75.812948984999935, -11.045368353999953 ], [ -75.812853109999949, -11.044732603999931 ], [ -75.812795609999966, -11.04404247899992 ], [ -75.812788609999984, -11.043970228999965 ], [ -75.812738109999941, -11.043448103999939 ], [ -75.812776359999987, -11.043007228999954 ], [ -75.812814734999961, -11.042527978999948 ], [ -75.813044734999949, -11.041952853999925 ], [ -75.813127734999966, -11.041770228999948 ], [ -75.813293984999973, -11.041404103999975 ], [ -75.813754109999934, -11.040843353999952 ], [ -75.814214234999952, -11.040210728999966 ], [ -75.814573609999968, -11.03960685399994 ], [ -75.815731484999972, -11.037321728999924 ], [ -75.816841109999984, -11.035834603999939 ], [ -75.817279234999944, -11.034843728999938 ], [ -75.817165984999974, -11.034436103999944 ], [ -75.816946109999947, -11.034256228999929 ], [ -75.816416734999962, -11.034076103999945 ], [ -75.815767109999967, -11.033676728999982 ], [ -75.815179984999986, -11.033355228999941 ], [ -75.814927859999955, -11.033217228999943 ], [ -75.813601609999978, -11.032499728999941 ], [ -75.812994234999962, -11.032123728999984 ], [ -75.811432359999969, -11.031198228999928 ], [ -75.810188609999955, -11.030301603999922 ], [ -75.809436609999977, -11.029607478999933 ], [ -75.808279734999985, -11.028710853999943 ], [ -75.807383109999989, -11.027843103999933 ], [ -75.806370734999973, -11.027004353999924 ], [ -75.805907984999976, -11.026281228999952 ], [ -75.805734484999959, -11.025182103999951 ], [ -75.804953484999942, -11.023620353999949 ], [ -75.804924609999944, -11.02356247899997 ], [ -75.804857109999944, -11.023443603999954 ], [ -75.804659984999944, -11.023096228999982 ], [ -75.804472984999961, -11.022766728999954 ], [ -75.804317234999985, -11.022492353999942 ], [ -75.803796609999949, -11.021653603999935 ], [ -75.803333859999952, -11.020814853999987 ], [ -75.803102484999954, -11.020120603999946 ], [ -75.802856609999935, -11.019003478999934 ], [ -75.802661359999945, -11.018157478999965 ], [ -75.802596234999953, -11.017181353999943 ], [ -75.802639734999957, -11.016291978999956 ], [ -75.802639734999957, -11.015532728999965 ], [ -75.802552859999935, -11.014925353999956 ], [ -75.802314234999983, -11.014426353999964 ], [ -75.80203223499997, -11.013905728999934 ], [ -75.801815359999978, -11.013580353999947 ], [ -75.801424984999983, -11.013059728999963 ], [ -75.800557234999985, -11.012430728999963 ], [ -75.799472609999967, -11.011844978999934 ], [ -75.79830123499994, -11.011476228999985 ], [ -75.797541984999953, -11.011172478999983 ], [ -75.796847734999972, -11.010543478999978 ], [ -75.796446484999933, -11.009884478999938 ], [ -75.796121234999987, -11.009412728999969 ], [ -75.795795734999956, -11.009054728999951 ], [ -75.79543773499995, -11.008778228999965 ], [ -75.795128609999949, -11.008582978999931 ], [ -75.794656859999975, -11.008420228999965 ], [ -75.793957234999937, -11.008078603999934 ], [ -75.793257734999941, -11.007818353999932 ], [ -75.792672109999955, -11.00754185399995 ], [ -75.79211885999996, -11.007281603999958 ], [ -75.791646984999943, -11.006988603999954 ], [ -75.79128910999998, -11.006760853999928 ], [ -75.790914859999987, -11.006484228999971 ], [ -75.790257484999984, -11.006270728999935 ], [ -75.789434359999973, -11.006077478999943 ], [ -75.788755609999953, -11.005964603999921 ], [ -75.788127734999989, -11.005823353999981 ], [ -75.787672484999973, -11.005634978999982 ], [ -75.787279984999941, -11.005446478999936 ], [ -75.786793234999948, -11.005148228999921 ], [ -75.786447859999953, -11.004881353999954 ], [ -75.786055484999963, -11.004347603999969 ], [ -75.785694359999979, -11.003562603999972 ], [ -75.785301859999947, -11.002636478999934 ], [ -75.784972234999955, -11.001867228999975 ], [ -75.784595484999954, -11.000830978999945 ], [ -75.784516984999982, -11.000532728999922 ], [ -75.784476859999984, -11.000140978999985 ], [ -75.784439359999965, -10.999177103999953 ], [ -75.784420484999956, -10.998666228999973 ], [ -75.784420484999956, -10.998136478999983 ], [ -75.784306984999944, -10.997739228999938 ], [ -75.78406098499994, -10.997493228999927 ], [ -75.78358798499994, -10.997322978999936 ], [ -75.783133859999964, -10.997322978999938 ], [ -75.78265373499994, -10.997339228999978 ], [ -75.78219785999994, -10.997231978999944 ], [ -75.781951984999978, -10.997078353999946 ], [ -75.781353345999946, -10.996883548999966 ], [ -75.780267484999968, -10.997178353999962 ], [ -75.779442484999947, -10.997503728999959 ], [ -75.776393859999985, -10.998538603999988 ], [ -75.775267234999944, -10.998921103999976 ], [ -75.774637234999943, -10.999256228999968 ], [ -75.774026109999966, -10.999747353999968 ], [ -75.773327609999967, -11.000332228999989 ], [ -75.772651359999941, -11.00080747899994 ], [ -75.772125484999947, -11.001176978999974 ], [ -75.771361859999956, -11.00179422899993 ], [ -75.770452109999951, -11.002703853999956 ], [ -75.770160609999948, -11.002959103999947 ], [ -75.770062234999969, -11.003045228999952 ], [ -75.76850273499997, -11.004572228999955 ], [ -75.768083859999933, -11.004825478999972 ], [ -75.767804109999986, -11.004994603999929 ], [ -75.767690859999959, -11.005064978999938 ], [ -75.766741109999941, -11.005655103999974 ], [ -75.766731984999979, -11.005660728999946 ], [ -75.766723734999971, -11.005666978999955 ], [ -75.765703109999947, -11.006464853999949 ], [ -75.764360109999984, -11.00763447899994 ], [ -75.763790484999959, -11.008199103999974 ], [ -75.763680859999965, -11.008307728999956 ], [ -75.762330109999937, -11.010021728999966 ], [ -75.761597609999967, -11.010332478999949 ], [ -75.760782359999951, -11.010368728999943 ], [ -75.760322484999961, -11.010286103999924 ], [ -75.759703109999975, -11.010233853999971 ], [ -75.759692984999958, -11.010235853999976 ], [ -75.75898723499995, -11.010382853999937 ], [ -75.758493734999945, -11.010485603999943 ], [ -75.758303984999941, -11.010500103999957 ], [ -75.757255359999988, -11.010580353999961 ], [ -75.756581734999941, -11.010518853999939 ], [ -75.756479484999943, -11.010479103999955 ], [ -75.75592923499994, -11.010265478999942 ], [ -75.755480109999951, -11.009743103999938 ], [ -75.755417984999951, -11.009670978999967 ], [ -75.75489435999998, -11.008717478999934 ], [ -75.754504359999942, -11.008089353999939 ], [ -75.753962984999987, -11.007504603999966 ], [ -75.753666359999968, -11.007238853999974 ], [ -75.75284610999995, -11.006503478999941 ], [ -75.752407984999934, -11.006290353999931 ], [ -75.751799609999978, -11.005994353999942 ], [ -75.750809734999962, -11.005626603999934 ], [ -75.750130859999956, -11.005258978999956 ], [ -75.749522609999985, -11.004926978999944 ], [ -75.749002734999976, -11.004666978999973 ], [ -75.747754859999986, -11.004551853999942 ], [ -75.746906235, -11.004184103999934 ], [ -75.746056859999953, -11.004038853999933 ], [ -75.744973859999959, -11.003713978999933 ], [ -75.744218984999975, -11.003392103999946 ], [ -75.743708484999956, -11.003108603999976 ], [ -75.743589984999971, -11.003059978999943 ], [ -75.743441109999935, -11.002922228999976 ], [ -75.74327035999994, -11.00276410399993 ], [ -75.742649984999957, -11.002189978999983 ], [ -75.742211984999983, -11.001857853999979 ], [ -75.741739985, -11.001499978999957 ], [ -75.741489984999987, -11.001379978999974 ], [ -75.740889984999967, -11.001149978999937 ], [ -75.740219984999953, -11.000899978999939 ], [ -75.73981998499994, -11.000669978999948 ], [ -75.739649984999971, -11.000699978999927 ], [ -75.739599984999984, -11.000739978999951 ], [ -75.739499984999952, -11.000929978999979 ], [ -75.739430109999944, -11.001029853999965 ], [ -75.739289984999971, -11.001229978999948 ], [ -75.738729984999964, -11.001569978999953 ], [ -75.738199984999937, -11.001849978999928 ], [ -75.737739984999962, -11.001889978999936 ], [ -75.737289984999961, -11.001829978999977 ], [ -75.736999984999954, -11.001679978999967 ], [ -75.736709984999948, -11.001379978999985 ], [ -75.736409984999966, -11.001269978999979 ], [ -75.736069984999972, -11.001299978999956 ], [ -75.735589984999933, -11.001419978999939 ], [ -75.735049984999989, -11.001539978999972 ], [ -75.734759984999982, -11.001609978999975 ], [ -75.734199984999975, -11.001629978999977 ], [ -75.73349998499998, -11.001619978999937 ], [ -75.733389984999974, -11.001619978999937 ], [ -75.733259984999961, -11.001619978999946 ], [ -75.732859984999948, -11.001619978999937 ], [ -75.732189984999934, -11.001489978999928 ], [ -75.731249984999977, -11.00105997899993 ], [ -75.730729984999982, -11.000699978999936 ], [ -75.729399984999986, -11.000109978999935 ], [ -75.729048734999935, -10.999999978999943 ], [ -75.728240234999987, -10.99966985399994 ], [ -75.727708984999936, -10.999380853999984 ], [ -75.727675734999934, -10.999349603999979 ], [ -75.727396859999942, -10.999166728999967 ], [ -75.727060484999981, -10.998404228999959 ], [ -75.726615234999954, -10.997095603999988 ], [ -75.726163984999971, -10.996107353999939 ], [ -75.725990234999983, -10.99554872899995 ], [ -75.725663984999983, -10.994923728999934 ], [ -75.725128859999984, -10.994298728999974 ], [ -75.724859359999982, -10.993585853999951 ], [ -75.724890609999989, -10.992931603999978 ], [ -75.725038984999969, -10.992425728999935 ], [ -75.725454984999942, -10.992038978999972 ], [ -75.725603484999965, -10.991622978999946 ], [ -75.725544859999957, -10.991117103999947 ], [ -75.725306609999961, -10.990730478999984 ], [ -75.724710859999959, -10.990285103999957 ], [ -75.723908109999968, -10.990076103999968 ], [ -75.72340223499998, -10.990105478999963 ], [ -75.722628859999986, -10.990134728999983 ], [ -75.722035109999979, -10.990285103999945 ], [ -75.721410109999965, -10.990224603999931 ], [ -75.720665984999982, -10.989660103999931 ], [ -75.720191359999944, -10.988945228999965 ], [ -75.719714734999968, -10.988380853999955 ], [ -75.719417859999965, -10.987904228999977 ], [ -75.719089734999969, -10.987310478999973 ], [ -75.718999984999982, -10.986863228999932 ], [ -75.718970609999985, -10.986238228999984 ], [ -75.718763609999939, -10.985554603999958 ], [ -75.718695234999984, -10.98538472899998 ], [ -75.718640609999966, -10.985300728999961 ], [ -75.718359359999965, -10.984990228999949 ], [ -75.718349627999942, -10.984980492999957 ], [ -75.718169859999989, -10.984781228999973 ], [ -75.71782998499998, -10.984521478999962 ], [ -75.717160109999952, -10.98431047899993 ], [ -75.716298734999953, -10.983910103999962 ], [ -75.715910109999982, -10.983611228999967 ], [ -75.715669859999934, -10.983329978999969 ], [ -75.715458984999941, -10.983060478999954 ], [ -75.715089734999935, -10.982079978999939 ], [ -75.714910109999948, -10.981781228999969 ], [ -75.71436910999995, -10.981290978999938 ], [ -75.713900359999968, -10.981070228999961 ], [ -75.71335935999997, -10.980980478999975 ], [ -75.712019484999985, -10.981021478999933 ], [ -75.711579984999958, -10.980951103999931 ], [ -75.711538984999947, -10.980941353999977 ], [ -75.710538984999971, -10.980880853999956 ], [ -75.709070234999956, -10.980531228999947 ], [ -75.70846873499994, -10.980310478999968 ], [ -75.707251859999985, -10.980064353999971 ], [ -75.706400359999975, -10.979710853999956 ], [ -75.706060484999966, -10.979540978999973 ], [ -75.705579984999986, -10.979070228999944 ], [ -75.704820234999943, -10.97774022899995 ], [ -75.704538984999942, -10.977089853999935 ], [ -75.704519484999935, -10.977060478999924 ], [ -75.704070234999961, -10.976460853999981 ], [ -75.70365036, -10.976140603999964 ], [ -75.703070234999984, -10.975820228999973 ], [ -75.702589734999947, -10.975361228999923 ], [ -75.701820234999957, -10.974329978999949 ], [ -75.701628859999971, -10.974070228999954 ], [ -75.701529234999953, -10.973871103999953 ], [ -75.701230359999954, -10.972839853999972 ], [ -75.700859359999981, -10.971951103999965 ], [ -75.700749984999959, -10.971771478999917 ], [ -75.700359359999936, -10.971281228999947 ], [ -75.699269484999945, -10.97020110399996 ], [ -75.697329984999953, -10.968781228999944 ], [ -75.696798734999959, -10.968521478999939 ], [ -75.696490234999942, -10.968419853999942 ], [ -75.695820234999985, -10.96844135399993 ], [ -75.694538984999951, -10.968640603999978 ], [ -75.693619109999986, -10.968460853999947 ], [ -75.69344910999996, -10.96838085399998 ], [ -75.693029234999983, -10.968121103999982 ], [ -75.692619109999953, -10.967730478999945 ], [ -75.691890609999973, -10.967169853999955 ], [ -75.691109359999984, -10.966790978999931 ], [ -75.690449109999975, -10.966560478999954 ], [ -75.689968734999979, -10.96654097899995 ], [ -75.689458984999987, -10.96655072899995 ], [ -75.688660109999944, -10.966480478999925 ], [ -75.687919859999965, -10.966490228999925 ], [ -75.687079984999968, -10.966460853999941 ], [ -75.686798734999968, -10.966419853999975 ], [ -75.68657998499998, -10.966281228999945 ], [ -75.686249984999961, -10.965890603999982 ], [ -75.686009734999971, -10.965300728999985 ], [ -75.685958984999957, -10.96506047899992 ], [ -75.68592960999996, -10.964611228999953 ], [ -75.685779234999984, -10.964220603999932 ], [ -75.685628859999952, -10.964050728999945 ], [ -75.685369109999954, -10.96394135399993 ], [ -75.684999984999934, -10.963890603999968 ], [ -75.684708984999986, -10.963960853999943 ], [ -75.684320234999973, -10.964101478999968 ], [ -75.683369109999944, -10.964660103999959 ], [ -75.682869109999956, -10.964839853999935 ], [ -75.682359359999964, -10.964800728999938 ], [ -75.68210935999997, -10.96471085399998 ], [ -75.681890609999982, -10.964560478999951 ], [ -75.68168935999995, -10.964339853999938 ], [ -75.681499984999959, -10.96400972899994 ], [ -75.68144910999996, -10.963910103999979 ], [ -75.681349609999984, -10.962900353999938 ], [ -75.681189359999962, -10.962441353999971 ], [ -75.681089734999944, -10.962290978999921 ], [ -75.680458984999973, -10.961570228999967 ], [ -75.678669859999957, -10.959929603999965 ], [ -75.678400359999955, -10.959601478999957 ], [ -75.67831048499994, -10.95952147899993 ], [ -75.677900359999967, -10.95912110399996 ], [ -75.677640609999969, -10.958740228999934 ], [ -75.677570234999962, -10.958480478999951 ], [ -75.677548734999959, -10.958169853999948 ], [ -75.67758973499997, -10.956951103999929 ], [ -75.677650359999973, -10.956111228999934 ], [ -75.677769484999942, -10.955540978999982 ], [ -75.67778898499995, -10.954810478999942 ], [ -75.677769484999942, -10.954499978999932 ], [ -75.677708984999981, -10.954290978999957 ], [ -75.677429609999933, -10.953919853999928 ], [ -75.676968734999946, -10.953589853999974 ], [ -75.676900359999934, -10.953560478999968 ], [ -75.67677923499997, -10.953509728999954 ], [ -75.676160109999955, -10.953351478999936 ], [ -75.675718734999975, -10.953169853999951 ], [ -75.675619109999957, -10.953089853999929 ], [ -75.675449109999988, -10.952871103999934 ], [ -75.675208984999983, -10.952390603999968 ], [ -75.675038984999958, -10.951919854 ], [ -75.674759734999952, -10.951031228999964 ], [ -75.674609359999977, -10.950820228999936 ], [ -75.674400359999936, -10.950669853999964 ], [ -75.674199109999961, -10.950601478999937 ], [ -75.673990234999962, -10.950601478999939 ], [ -75.673429609999985, -10.950660103999953 ], [ -75.672798734999958, -10.950990228999947 ], [ -75.672310484999969, -10.951121103999984 ], [ -75.671079984999949, -10.951220603999957 ], [ -75.670519484999957, -10.951201103999953 ], [ -75.670169859999987, -10.951040978999966 ], [ -75.669320234999986, -10.950470603999976 ], [ -75.66867960999997, -10.949790978999935 ], [ -75.668140609999966, -10.949410103999988 ], [ -75.66768935999994, -10.94924997899995 ], [ -75.667038984999976, -10.949240228999948 ], [ -75.666189359999976, -10.949419853999935 ] ] ] } },
{ "type": "Feature", "properties": { "index": 1151, "UBIGEO": "120709", "CCDD": "12", "CCPP": "07", "CCDI": "09", "DEPARTAMEN": "JUNIN", "PROVINCIA": "TARMA", "DISTRITO": "TAPO", "OBJECTID": 1152.0, "ESRI_OID": 1152.0, "Zonas": "Todas Zonas", "sububigeo": "12070900", "tipo_influencia": "Indirecta", "abreviatura": "TAP" }, "geometry": { "type": "Polygon", "coordinates": [ [ [ -75.547943234999934, -11.345263478999987 ], [ -75.547010359999945, -11.346289728999972 ], [ -75.54637060999994, -11.347222603999962 ], [ -75.545357734999982, -11.34860860399993 ], [ -75.544851359999939, -11.349368353999978 ], [ -75.544291734999945, -11.35022122899994 ], [ -75.543545234999954, -11.351087478999942 ], [ -75.542199234999941, -11.35210035399996 ], [ -75.540973109999982, -11.353286478999953 ], [ -75.538173859999972, -11.355925478999955 ], [ -75.536877484999934, -11.356712603999934 ], [ -75.534308789999955, -11.358100974999958 ], [ -75.534307859999956, -11.358101478999977 ], [ -75.529137109999965, -11.360288353999973 ], [ -75.52755910999997, -11.360581103999941 ], [ -75.525586109999949, -11.36074222899998 ], [ -75.523572859999945, -11.360943603999946 ], [ -75.521562109999934, -11.361290228999957 ], [ -75.521237484999972, -11.361346103999949 ], [ -75.51981635999995, -11.361278353999978 ], [ -75.518805609999959, -11.36113397899992 ], [ -75.517614484999967, -11.36088135399995 ], [ -75.516206609999983, -11.360664728999943 ], [ -75.514979234999942, -11.360375978999965 ], [ -75.512749984999971, -11.359667353999948 ], [ -75.510409984999967, -11.359393603999935 ], [ -75.508816735, -11.359518103999958 ], [ -75.507668235, -11.359413478999945 ], [ -75.507324859999983, -11.359142353999971 ], [ -75.506903234999982, -11.358809478999946 ], [ -75.506610359999968, -11.358634478999932 ], [ -75.506299234999972, -11.35864847899995 ], [ -75.505265109999982, -11.359167603999939 ], [ -75.504122984999981, -11.360208103999978 ], [ -75.503107734999958, -11.360842603999972 ], [ -75.502092484999935, -11.361502603999956 ], [ -75.501026484999954, -11.362035603999972 ], [ -75.500036609999938, -11.362441603999974 ], [ -75.49838673499994, -11.362898478999966 ], [ -75.496711734999963, -11.363177728999968 ], [ -75.495544234999954, -11.363329978999964 ], [ -75.494198984999969, -11.363050853999937 ], [ -75.492853609999941, -11.362746228999981 ], [ -75.490975609999964, -11.362162478999956 ], [ -75.48899586, -11.361426478999928 ], [ -75.487523734999968, -11.360994978999946 ], [ -75.486257359999968, -11.360853603999937 ], [ -75.485294734999968, -11.360767978999945 ], [ -75.484546234999982, -11.360746603999921 ], [ -75.483984859999964, -11.360717228999929 ], [ -75.48363733399998, -11.360575404999967 ], [ -75.483635984999978, -11.360574853999935 ], [ -75.483299109999962, -11.36038235399997 ], [ -75.48302235999995, -11.360043478999959 ], [ -75.480846109999959, -11.358629228999977 ], [ -75.479883734999987, -11.357859228999926 ], [ -75.47950260999994, -11.357621103999982 ], [ -75.479199359999939, -11.357431478999946 ], [ -75.478471984999942, -11.357238978999931 ], [ -75.477001984999958, -11.357301978999931 ], [ -75.476974859999984, -11.357303103999982 ], [ -75.476097984999967, -11.357324478999937 ], [ -75.47489623499996, -11.357174603999962 ], [ -75.474386859999981, -11.357367353999965 ], [ -75.473791859999949, -11.357697603999959 ], [ -75.473296109999978, -11.358736228999923 ], [ -75.472697234999941, -11.360190603999961 ], [ -75.472338609999952, -11.361592354 ], [ -75.472047984999961, -11.363626853999953 ], [ -75.471815484999979, -11.36548697899997 ], [ -75.471815484999979, -11.367346978999928 ], [ -75.471902609999972, -11.368139103999964 ], [ -75.47251298499998, -11.369665103999976 ], [ -75.472992609999949, -11.371278103999938 ], [ -75.473384984999939, -11.372586103999938 ], [ -75.473515734999978, -11.374329978999979 ], [ -75.473437859999933, -11.375381103999933 ], [ -75.473424484999953, -11.37660860399996 ], [ -75.47354523499996, -11.377735478999966 ], [ -75.473987859999966, -11.378620853999955 ], [ -75.474186484999962, -11.37887510399997 ], [ -75.474993984999969, -11.379908728999968 ], [ -75.475557484999968, -11.380472228999968 ], [ -75.475557484999968, -11.381236853999946 ], [ -75.475114735, -11.382001603999976 ], [ -75.47458660999996, -11.382608978999945 ], [ -75.474309859999948, -11.382927228999968 ], [ -75.47374635999995, -11.383450353999924 ], [ -75.473062234999986, -11.384577228999941 ], [ -75.472740234999947, -11.385704228999945 ], [ -75.471814609999967, -11.386629853999972 ], [ -75.471210734999943, -11.387434728999947 ], [ -75.471049984999979, -11.38888360399994 ], [ -75.471059984999954, -11.389864603999971 ], [ -75.471090234999963, -11.391283353999933 ], [ -75.47072798499994, -11.392460478999967 ], [ -75.46971635999995, -11.393265853999928 ], [ -75.468666859999985, -11.394045603999935 ], [ -75.467977109999936, -11.394735228999927 ], [ -75.467767109999954, -11.395454978999972 ], [ -75.467887234999978, -11.396294478999945 ], [ -75.468246984999951, -11.397343978999968 ], [ -75.468756734999943, -11.398153603999953 ], [ -75.469506359999968, -11.399263103999935 ], [ -75.469947359999935, -11.399841853999929 ], [ -75.469986234999965, -11.399892853999969 ], [ -75.470492484999966, -11.400958353999952 ], [ -75.470499984999947, -11.401257853999931 ], [ -75.470422234999944, -11.401868853999934 ], [ -75.470250359999966, -11.402338353999934 ], [ -75.47005973499995, -11.402624228999963 ], [ -75.469972609999957, -11.402755103999931 ], [ -75.469766109999966, -11.403064853999979 ], [ -75.469446484999935, -11.403281228999962 ], [ -75.46860685999998, -11.403760978999964 ], [ -75.46785723499994, -11.404420853999968 ], [ -75.467490359999942, -11.405001603999953 ], [ -75.46698761, -11.405530228999968 ], [ -75.466117984999983, -11.406069978999934 ], [ -75.465008484999942, -11.40663972899995 ], [ -75.464468734999969, -11.407149478999944 ], [ -75.464373234999982, -11.407716228999954 ], [ -75.464336984999989, -11.408260978999973 ], [ -75.464348859999973, -11.408558728999934 ], [ -75.464645609999934, -11.409059853999969 ], [ -75.464881609999964, -11.409513853999956 ], [ -75.465244859999984, -11.40989510399992 ], [ -75.465934859999962, -11.410566978999958 ], [ -75.466777734999937, -11.411137603999977 ], [ -75.467205859999979, -11.411347853999922 ], [ -75.467569109999943, -11.411493103999922 ], [ -75.467659734999984, -11.41167460399992 ], [ -75.467604234999953, -11.411872728999978 ], [ -75.46755085999996, -11.412528103999927 ], [ -75.467593609999938, -11.41287047899994 ], [ -75.467604234999953, -11.412955353999957 ], [ -75.467632734999938, -11.413016853999981 ], [ -75.467798234999975, -11.413374103999951 ], [ -75.468074109999975, -11.413813353999947 ], [ -75.468222734999983, -11.414071478999976 ], [ -75.468534984999962, -11.414465103999932 ], [ -75.468854235, -11.414881603999953 ], [ -75.468987359999971, -11.415119228999975 ], [ -75.469048484999973, -11.415228728999981 ], [ -75.469201359999943, -11.415770103999938 ], [ -75.469298484999968, -11.416408728999958 ], [ -75.469356484999935, -11.417104853999952 ], [ -75.469104109999989, -11.417574853999941 ], [ -75.46869685999998, -11.418064353999974 ], [ -75.468312859999969, -11.418296728999959 ], [ -75.468007359999945, -11.418477228999963 ], [ -75.467743484999986, -11.418713228999938 ], [ -75.467527359999963, -11.418903978999937 ], [ -75.467382609999959, -11.41921310399994 ], [ -75.467202234999945, -11.419546228999936 ], [ -75.466091109999979, -11.421441103999944 ], [ -75.465196359999936, -11.423095103999975 ], [ -75.464572734999933, -11.424342478999957 ], [ -75.463704984999936, -11.425671103999939 ], [ -75.462972859999979, -11.426782728999964 ], [ -75.462723984999968, -11.427132603999945 ], [ -75.462008234999985, -11.428138603999972 ], [ -75.461969609999983, -11.428192728999933 ], [ -75.461257859999989, -11.428937603999939 ], [ -75.461489109999945, -11.429482353999949 ], [ -75.461793859999943, -11.430743853999962 ], [ -75.462215359999959, -11.432210353999947 ], [ -75.462144484999953, -11.433307353999963 ], [ -75.461566359999949, -11.434837728999968 ], [ -75.461015859999975, -11.435444603999947 ], [ -75.460741234999944, -11.435806103999939 ], [ -75.460404109999956, -11.436249728999941 ], [ -75.460017734999951, -11.437022353999971 ], [ -75.45974023499997, -11.438326228999923 ], [ -75.459790484999985, -11.440904978999987 ], [ -75.460144734999972, -11.442255103999971 ], [ -75.46063160999995, -11.442896978999958 ], [ -75.461140609999973, -11.443627353999942 ], [ -75.461289609999938, -11.444601728999945 ], [ -75.461212859999989, -11.445134728999964 ], [ -75.461120609999966, -11.445760978999939 ], [ -75.460613359999968, -11.446702853999961 ], [ -75.459994859999938, -11.447430603999974 ], [ -75.459613609999963, -11.447780603999945 ], [ -75.45915073499998, -11.44834397899996 ], [ -75.45890935999995, -11.448686103999931 ], [ -75.458446359999982, -11.449551478999986 ], [ -75.457842734999986, -11.45146322899995 ], [ -75.457542984999975, -11.452564478999937 ], [ -75.457466484999941, -11.453432603999939 ], [ -75.458014985, -11.454359103999943 ], [ -75.458832609999945, -11.455365228999945 ], [ -75.459555859999966, -11.456245728999926 ], [ -75.460341859999971, -11.457786353999948 ], [ -75.461127984999962, -11.45923272899995 ], [ -75.462039859999948, -11.46118222899997 ], [ -75.462457359999974, -11.462021478999922 ], [ -75.463376859999983, -11.463411603999932 ], [ -75.463975609999977, -11.464266978999955 ], [ -75.464638359999981, -11.465186478999954 ], [ -75.465012734999959, -11.465675603999966 ], [ -75.465493984999966, -11.46623697899998 ], [ -75.466167234999944, -11.466926603999987 ], [ -75.466720234999968, -11.467218853999947 ], [ -75.467195984999989, -11.467535978999932 ], [ -75.467302609999933, -11.467650853999947 ], [ -75.46765398499997, -11.468029353999956 ], [ -75.468059234999942, -11.468540353999963 ], [ -75.468587859999957, -11.469033603999941 ], [ -75.469186984999965, -11.469685603999954 ], [ -75.469592234999936, -11.470302228999959 ], [ -75.470050359999959, -11.471077478999966 ], [ -75.470596484999987, -11.471633103999984 ], [ -75.47120773499995, -11.472376478999927 ], [ -75.471302984999966, -11.472511728999963 ], [ -75.471521609999968, -11.472822478999943 ], [ -75.471670234999976, -11.473284978999978 ], [ -75.471901484999989, -11.473945728999977 ], [ -75.47221535999995, -11.474474353999941 ], [ -75.472556859999941, -11.475009353999958 ], [ -75.47271085999995, -11.475250603999934 ], [ -75.473206484999935, -11.47581235399997 ], [ -75.473767984999952, -11.476522603999964 ], [ -75.473868359999983, -11.476714478999945 ], [ -75.474147984999945, -11.477249353999982 ], [ -75.474329734999969, -11.477695353999932 ], [ -75.474527984999952, -11.478190978999974 ], [ -75.474726109999949, -11.478653478999952 ], [ -75.474924359999989, -11.479066478999927 ], [ -75.475254734999965, -11.479495978999973 ], [ -75.475700734999975, -11.479776728999976 ], [ -75.475998109999978, -11.479958478999952 ], [ -75.47629548499998, -11.480371353999947 ], [ -75.476460609999947, -11.480701728999973 ], [ -75.47669185999996, -11.481164353999924 ], [ -75.476807484999938, -11.481643353999967 ], [ -75.476923109999973, -11.482056353999948 ], [ -75.477038734999965, -11.482485728999958 ], [ -75.477171859999942, -11.482992228999926 ], [ -75.477956234999965, -11.483746228999959 ], [ -75.477972735, -11.483760978999952 ], [ -75.478510859999972, -11.484234478999955 ], [ -75.478731859999982, -11.484481728999972 ], [ -75.478976734999947, -11.484755853999955 ], [ -75.479265234999957, -11.485133103999942 ], [ -75.479312359999938, -11.485231353999943 ], [ -75.479386484999964, -11.485385728999979 ], [ -75.479398359999948, -11.485410353999962 ], [ -75.47946485999995, -11.485754353999935 ], [ -75.47939711, -11.486025478999975 ], [ -75.479354109999974, -11.486198103999977 ], [ -75.479209734999984, -11.486575353999969 ], [ -75.479076609999936, -11.486830478999927 ], [ -75.478881109999989, -11.487123728999958 ], [ -75.478765984999939, -11.487296353999973 ], [ -75.478548984999989, -11.487560853999989 ], [ -75.478171734999989, -11.488294853999941 ], [ -75.477986984999973, -11.488721478999942 ], [ -75.477779234999957, -11.489202353999934 ], [ -75.477681109999935, -11.489913728999976 ], [ -75.47763198499996, -11.490625103999955 ], [ -75.477512984999976, -11.491003728999942 ], [ -75.477362234999987, -11.49148347899996 ], [ -75.477092359999972, -11.491974228999931 ], [ -75.476626234999969, -11.492587478999949 ], [ -75.476258359999974, -11.493004603999958 ], [ -75.475939359999984, -11.493323478999976 ], [ -75.475350609999964, -11.493740603999981 ], [ -75.474663859999964, -11.494157478999963 ], [ -75.473927859999947, -11.494574478999942 ], [ -75.473707109999964, -11.494672603999964 ], [ -75.472221109999964, -11.495551228999943 ], [ -75.471644109999943, -11.495999853999942 ], [ -75.471622859999968, -11.496465103999975 ], [ -75.471940359999962, -11.497020603999948 ], [ -75.471962484999963, -11.497074228999962 ], [ -75.472204859999977, -11.497655603999926 ], [ -75.472231359999967, -11.498131603999978 ], [ -75.471966734999967, -11.498819353999979 ], [ -75.471728734999942, -11.499189603999982 ], [ -75.471728734999942, -11.499745103999931 ], [ -75.471808109999984, -11.500327103999958 ], [ -75.472204859999977, -11.50114710399993 ], [ -75.472654484999964, -11.501887728999973 ], [ -75.473077734999947, -11.502654853999955 ], [ -75.473289484999952, -11.503289728999953 ], [ -75.473448109999936, -11.503739353999942 ], [ -75.473633234999966, -11.504347728999955 ], [ -75.47373910999994, -11.504876853999965 ], [ -75.473395234999941, -11.505829103999922 ], [ -75.473077734999947, -11.506754978999927 ], [ -75.473018859999968, -11.507599228999931 ], [ -75.472998359999963, -11.507892353999976 ], [ -75.472866109999984, -11.508791728999936 ], [ -75.472707484999944, -11.509294353999962 ], [ -75.472495734999939, -11.50990272899997 ], [ -75.472363609999945, -11.51024660399997 ], [ -75.471651734999966, -11.51112172899996 ], [ -75.471126484999957, -11.511587228999931 ], [ -75.470840109999983, -11.512076603999951 ], [ -75.470802859999935, -11.512283353999971 ], [ -75.470899734999989, -11.512625728999982 ], [ -75.471210109999959, -11.512924103999973 ], [ -75.471781609999937, -11.513367978999945 ], [ -75.472341234999988, -11.513720353999922 ], [ -75.472495734999939, -11.513817603999943 ], [ -75.472883984999953, -11.514274228999973 ], [ -75.472945484999983, -11.514346728999953 ], [ -75.473289484999952, -11.515007978999957 ], [ -75.473421609999946, -11.515536978999931 ], [ -75.473454109999977, -11.516469103999944 ], [ -75.47341823499994, -11.517244978999942 ], [ -75.473537609999937, -11.517734353999968 ], [ -75.473692859999971, -11.518259603999976 ], [ -75.47395073499996, -11.518711228999964 ], [ -75.474050859999977, -11.51929797899993 ], [ -75.474015109999982, -11.519811228999975 ], [ -75.473927859999947, -11.520177603999969 ], [ -75.473895734999985, -11.520312603999976 ], [ -75.473895734999985, -11.520766228999943 ], [ -75.47395073499996, -11.521409353999964 ], [ -75.474098609999942, -11.521661353999944 ], [ -75.474251734999939, -11.521730603999963 ], [ -75.475130984999964, -11.522337103999979 ], [ -75.476511109999933, -11.52244322899997 ], [ -75.477678734999984, -11.522797103999944 ], [ -75.478539109999986, -11.522992228999945 ], [ -75.47969573499995, -11.522726353999936 ], [ -75.48065110999994, -11.521806228999939 ], [ -75.481025734999946, -11.520456353999975 ], [ -75.481214984999951, -11.519852853999955 ], [ -75.481377484999939, -11.519175728999929 ], [ -75.481648234999966, -11.518715353999939 ], [ -75.482271109999942, -11.51855285399995 ], [ -75.48280598499997, -11.518508853999954 ], [ -75.483125984999958, -11.518521603999938 ], [ -75.483461109999951, -11.518506353999946 ], [ -75.484161859999972, -11.518460603999925 ], [ -75.484569359999966, -11.518405353999983 ], [ -75.484786484999972, -11.518371103999979 ], [ -75.485072109999976, -11.518256853999965 ], [ -75.485575234999942, -11.517984103999932 ], [ -75.485906109999974, -11.517617103999951 ], [ -75.485908109999968, -11.51761210399996 ], [ -75.486066109999967, -11.517217103999936 ], [ -75.486168859999964, -11.51690872899996 ], [ -75.486248859999989, -11.516565978999951 ], [ -75.486564484999974, -11.515821478999957 ], [ -75.486957234999977, -11.515446603999976 ], [ -75.487332109999954, -11.51528597899995 ], [ -75.487814109999988, -11.515303728999976 ], [ -75.488646359999962, -11.515537603999981 ], [ -75.489401859999987, -11.515773728999925 ], [ -75.490133734999972, -11.516033478999933 ], [ -75.491101859999958, -11.516434853999961 ], [ -75.491589234999935, -11.516605353999967 ], [ -75.492136359999961, -11.516748103999925 ], [ -75.492801734999944, -11.516977853999952 ], [ -75.493053359999976, -11.516994353999953 ], [ -75.493256234999933, -11.516755603999965 ], [ -75.493303984999955, -11.516361728999973 ], [ -75.493256234999933, -11.51529935399998 ], [ -75.493268109999974, -11.514559353999967 ], [ -75.493399484999941, -11.51387897899996 ], [ -75.493638234999935, -11.512959853999977 ], [ -75.494586984999955, -11.51198972899993 ], [ -75.495372109999948, -11.511442603999962 ], [ -75.497027984999988, -11.510060103999942 ], [ -75.497636859999943, -11.509450603999943 ], [ -75.497724984999934, -11.509410603999978 ], [ -75.498030734999986, -11.509271603999935 ], [ -75.498305234999975, -11.509367103999972 ], [ -75.498376859999951, -11.509713228999942 ], [ -75.498629484999981, -11.510390978999956 ], [ -75.498940359999949, -11.510697603999978 ], [ -75.499064109999949, -11.510799978999961 ], [ -75.499343359999955, -11.511031103999926 ], [ -75.499625109999954, -11.511264228999945 ], [ -75.500506234999989, -11.512015103999939 ], [ -75.50111985999996, -11.51215947899993 ], [ -75.502058234999936, -11.512231728999957 ], [ -75.502996734999954, -11.512339978999938 ], [ -75.503962984999987, -11.512535978999942 ], [ -75.505275984999969, -11.512948103999978 ], [ -75.506135359999973, -11.512983728999926 ], [ -75.506875359999981, -11.513043478999982 ], [ -75.507150359999969, -11.513171978999937 ], [ -75.507507984999961, -11.513855103999958 ], [ -75.508152609999982, -11.514774228999945 ], [ -75.508976109999935, -11.515609728999939 ], [ -75.508972234999987, -11.515612853999924 ], [ -75.509771484999987, -11.516050978999937 ], [ -75.510885984999959, -11.516552728999947 ], [ -75.511387359999958, -11.516660103999985 ], [ -75.51153048499998, -11.516492978999953 ], [ -75.511566359999975, -11.515824603999938 ], [ -75.511770359999957, -11.514404228999979 ], [ -75.512257734999935, -11.512739228999985 ], [ -75.512541984999984, -11.511886353999952 ], [ -75.514837109999974, -11.509616228999963 ], [ -75.51625923499995, -11.50810085399997 ], [ -75.517122859999972, -11.506546853999966 ], [ -75.518100985, -11.505629728999963 ], [ -75.519872734999979, -11.504160978999954 ], [ -75.520448359999989, -11.503356353999948 ], [ -75.520842484999946, -11.502688478999966 ], [ -75.521539484999948, -11.501555853999944 ], [ -75.52233748499998, -11.500258853999977 ], [ -75.522935734999976, -11.499586103999945 ], [ -75.524131859999954, -11.497941353999972 ], [ -75.526150109999946, -11.496262103999983 ], [ -75.526950109999973, -11.495650353999956 ], [ -75.527938359999951, -11.494920978999962 ], [ -75.528785359999972, -11.494403353999934 ], [ -75.530032484999936, -11.493862103999964 ], [ -75.530950109999935, -11.493697478999941 ], [ -75.531797109999957, -11.49369747899993 ], [ -75.532338234999941, -11.493885603999946 ], [ -75.532691234999959, -11.494167978999938 ], [ -75.533074234999972, -11.494777353999956 ], [ -75.53311473499997, -11.495179728999977 ], [ -75.533326484999975, -11.495862103999972 ], [ -75.533585234999975, -11.496332603999967 ], [ -75.533671234999986, -11.496366103999955 ], [ -75.534008859999972, -11.496497353999931 ], [ -75.534549984999956, -11.496497353999933 ], [ -75.535138234999977, -11.496473853999941 ], [ -75.536079234999988, -11.496614978999967 ], [ -75.53659698499996, -11.496850353999942 ], [ -75.536926359999939, -11.497179728999987 ], [ -75.537208734999979, -11.497767978999942 ], [ -75.537373359999947, -11.498285603999928 ], [ -75.53786523499997, -11.49880272899998 ], [ -75.539283234999971, -11.499867228999967 ], [ -75.539727984999956, -11.500248728999958 ], [ -75.540036359999988, -11.500591478999972 ], [ -75.540227734999974, -11.500846603999948 ], [ -75.540254359999949, -11.50101385399995 ], [ -75.540293359999964, -11.501259603999936 ], [ -75.540293359999964, -11.501482353999959 ], [ -75.540310484999964, -11.501910728999977 ], [ -75.540310484999964, -11.50251035399998 ], [ -75.540293359999964, -11.503041478999929 ], [ -75.540597859999934, -11.504487353999936 ], [ -75.541297234999945, -11.505303353999972 ], [ -75.54215985999997, -11.505746228999948 ], [ -75.543045734999964, -11.505559728999971 ], [ -75.543791734999957, -11.505210103999959 ], [ -75.545097234999957, -11.504533978999975 ], [ -75.546192984999948, -11.503787979 ], [ -75.547209984999938, -11.50358997899998 ], [ -75.54712998499997, -11.503539978999978 ], [ -75.546939984999938, -11.503139978999968 ], [ -75.546929984999963, -11.501829978999973 ], [ -75.547349984999983, -11.499999978999936 ], [ -75.547679984999945, -11.499079978999932 ], [ -75.547689984999977, -11.498259978999949 ], [ -75.547779984999977, -11.497779978999967 ], [ -75.548219984999946, -11.496779978999944 ], [ -75.548829984999941, -11.495869978999954 ], [ -75.54888998499996, -11.495229978999928 ], [ -75.548809984999934, -11.494549978999945 ], [ -75.548669984999947, -11.494059978999928 ], [ -75.548579984999947, -11.493869978999959 ], [ -75.548369984999965, -11.493599978999946 ], [ -75.54879998499996, -11.493839978999977 ], [ -75.548969984999985, -11.493859978999987 ], [ -75.549119984999948, -11.493789978999924 ], [ -75.549219984999979, -11.493669978999941 ], [ -75.54915998499996, -11.493399978999951 ], [ -75.54924998499996, -11.492979978999928 ], [ -75.549429984999961, -11.492709978999921 ], [ -75.549709984999936, -11.492439978999931 ], [ -75.550889984999969, -11.491809978999989 ], [ -75.551829984999983, -11.491209978999956 ], [ -75.552129984999965, -11.491119978999963 ], [ -75.552339984999946, -11.490989978999954 ], [ -75.553529984999955, -11.49085997899993 ], [ -75.553945984999984, -11.490751603999968 ], [ -75.555639984999971, -11.490309978999964 ], [ -75.555929984999977, -11.490349978999967 ], [ -75.556459984999947, -11.490569978999931 ], [ -75.556639984999947, -11.490549978999981 ], [ -75.556869984999935, -11.490389978999923 ], [ -75.557339984999942, -11.489939978999924 ], [ -75.557789984999943, -11.489439978999933 ], [ -75.559059984999976, -11.488379978999951 ], [ -75.559759984999971, -11.487959979 ], [ -75.560389984999986, -11.487569978999939 ], [ -75.560829984999941, -11.487449978999953 ], [ -75.561214484999937, -11.487415103999979 ], [ -75.561599984999987, -11.487379978999968 ], [ -75.562339984999937, -11.487129978999967 ], [ -75.562789984999938, -11.486689978999939 ], [ -75.56306998499997, -11.486339978999977 ], [ -75.563225984999974, -11.485846103999961 ], [ -75.563309984999989, -11.485579978999974 ], [ -75.563729984999952, -11.484999978999943 ], [ -75.563889984999946, -11.484909978999955 ], [ -75.563999984999953, -11.484919978999923 ], [ -75.564149984999972, -11.485029978999934 ], [ -75.564564734999976, -11.485512353999972 ], [ -75.564639984999985, -11.485599978999977 ], [ -75.565049734999945, -11.485759853999975 ], [ -75.56505173499994, -11.485759228999937 ], [ -75.566735734999952, -11.485072978999943 ], [ -75.567929484999979, -11.484834853999928 ], [ -75.567986234999978, -11.484832603999955 ], [ -75.570826609999983, -11.484369728999972 ], [ -75.574060234999934, -11.483455853999937 ], [ -75.574737109999958, -11.483225103999922 ], [ -75.574774609999963, -11.483212353999939 ], [ -75.575708859999978, -11.482963228999948 ], [ -75.576352484999973, -11.482734853999949 ], [ -75.57747360999997, -11.482257228999973 ], [ -75.578615484999943, -11.481696728999962 ], [ -75.579126734999988, -11.481398728999977 ], [ -75.579360359999953, -11.481221728999966 ], [ -75.579655984999988, -11.480991853999976 ], [ -75.580301859999963, -11.480367728999958 ], [ -75.580586609999955, -11.479951728999934 ], [ -75.581090234999976, -11.478977353999936 ], [ -75.581429609999986, -11.478243728999932 ], [ -75.581692359999977, -11.477619728999969 ], [ -75.581834734999973, -11.477083228999957 ], [ -75.58183761, -11.477071728999936 ], [ -75.582042734999959, -11.476251228999949 ], [ -75.582206984999971, -11.475451853999971 ], [ -75.582239859999959, -11.47433510399998 ], [ -75.582239859999959, -11.473360728999975 ], [ -75.582349234999981, -11.472583353999942 ], [ -75.582535359999952, -11.471762228999976 ], [ -75.582688734999977, -11.471313353999962 ], [ -75.583290859999977, -11.470251353999965 ], [ -75.583392984999989, -11.470101478999933 ], [ -75.583969734999982, -11.469254978999979 ], [ -75.584680234999951, -11.468415228999964 ], [ -75.585404234999942, -11.467466853999948 ], [ -75.587150359999953, -11.462814478999972 ], [ -75.587573859999964, -11.461828853999975 ], [ -75.588542984999947, -11.460477978999961 ], [ -75.589482734999933, -11.459215228999934 ], [ -75.589616109999952, -11.459009978999982 ], [ -75.590246234999938, -11.458040603999951 ], [ -75.591127234999988, -11.456542853999963 ], [ -75.592973359999974, -11.453690353999944 ], [ -75.594483609999941, -11.45086572899992 ], [ -75.59547598499995, -11.448928103999947 ], [ -75.596090359999948, -11.447746603999976 ], [ -75.596794984999974, -11.446796853999954 ], [ -75.597649985, -11.445478103999964 ], [ -75.598595109999962, -11.444391228999962 ], [ -75.599445859999946, -11.443540478999985 ], [ -75.600343734999967, -11.442973353999943 ], [ -75.601050234999946, -11.442717853999961 ], [ -75.603084109999941, -11.442256103999968 ], [ -75.605529734999948, -11.441288228999943 ], [ -75.607747859999961, -11.439975853999959 ], [ -75.609577734999959, -11.438460103999944 ], [ -75.609853984999972, -11.438210353999978 ], [ -75.611089984999978, -11.437092853999955 ], [ -75.611777234999977, -11.435706103999966 ], [ -75.612091484999951, -11.433987103999984 ], [ -75.611943609999969, -11.432083228999943 ], [ -75.611389109999948, -11.431343853999977 ], [ -75.61036310999998, -11.430189853999938 ], [ -75.610206109999979, -11.430013103999949 ], [ -75.609519484999964, -11.429404353999921 ], [ -75.608875359999956, -11.428294103999971 ], [ -75.608061984999949, -11.427554728999958 ], [ -75.606583359999945, -11.426907728999931 ], [ -75.604753484999961, -11.426334853999945 ], [ -75.603654734999964, -11.42578547899995 ], [ -75.603311735, -11.425614103999973 ], [ -75.602336109999953, -11.424826603999977 ], [ -75.60225810999998, -11.424763728999949 ], [ -75.600502234999965, -11.423247978999944 ], [ -75.599485609999988, -11.421972603999954 ], [ -75.598820234999948, -11.420512353999985 ], [ -75.598552484999971, -11.418965978999941 ], [ -75.597951359999968, -11.417517978999971 ], [ -75.597193609999977, -11.416002353999952 ], [ -75.595955109999977, -11.414856353999934 ], [ -75.595049484999947, -11.413876728999982 ], [ -75.594226609999964, -11.412708978999948 ], [ -75.59401435999996, -11.411196603999944 ], [ -75.593958859999987, -11.410161478999953 ], [ -75.594476484999973, -11.408701228999965 ], [ -75.595179734999988, -11.407136728999939 ], [ -75.596167984999965, -11.403589853999966 ], [ -75.596887984999967, -11.400069853999986 ], [ -75.597956609999983, -11.396864103999977 ], [ -75.598629109999933, -11.394119103999962 ], [ -75.598681234999958, -11.393311728999942 ], [ -75.598785609999936, -11.392556478999946 ], [ -75.598733359999983, -11.39180122899996 ], [ -75.598368609999966, -11.391462603999964 ], [ -75.597899234999943, -11.390979353999963 ], [ -75.597049484999957, -11.390444103999934 ], [ -75.59592460999994, -11.389791478999935 ], [ -75.594201109999972, -11.388369478999948 ], [ -75.592960984999934, -11.386765603999953 ], [ -75.591935859999978, -11.384809728999921 ], [ -75.591164109999966, -11.382818228999959 ], [ -75.590417359999947, -11.380602728999971 ], [ -75.590043984999966, -11.379283228999958 ], [ -75.590018359999988, -11.378681478999969 ], [ -75.589994234999949, -11.378113478999978 ], [ -75.589852734999965, -11.376628103999968 ], [ -75.589102234999984, -11.373984853999948 ], [ -75.586654984999939, -11.371635603999954 ], [ -75.585090234999939, -11.370247103999931 ], [ -75.584577734999982, -11.369771228999978 ], [ -75.583347609999976, -11.368628978999931 ], [ -75.582812859999933, -11.367927978999942 ], [ -75.58227710999995, -11.366637603999946 ], [ -75.581704609999974, -11.365293353999967 ], [ -75.58123173499996, -11.364770603999936 ], [ -75.580539109999961, -11.36427347899996 ], [ -75.579067359999954, -11.363794103999966 ], [ -75.578949359999967, -11.363755728999941 ], [ -75.578810484999963, -11.363651103999931 ], [ -75.576458234999961, -11.361878478999925 ], [ -75.575375484999938, -11.360975978999933 ], [ -75.574183984999934, -11.360614978999932 ], [ -75.572330859999965, -11.36019960399994 ], [ -75.57150573499996, -11.359738603999977 ], [ -75.57075360999994, -11.359374603999969 ], [ -75.569934734999947, -11.359214728999977 ], [ -75.569758859999979, -11.359180478999967 ], [ -75.569181484999945, -11.358951228999965 ], [ -75.568784984999979, -11.358547228999944 ], [ -75.568536109999968, -11.357850228999956 ], [ -75.567988359999958, -11.356804603999938 ], [ -75.565897359999951, -11.35404147899993 ], [ -75.564296484999943, -11.352374228999961 ], [ -75.563608484999975, -11.351947478999936 ], [ -75.562257734999946, -11.351324853999929 ], [ -75.561208484999966, -11.350965103999954 ], [ -75.560278984999968, -11.350665353999942 ], [ -75.558849984999938, -11.350189978999936 ], [ -75.557859859999951, -11.349723603999962 ], [ -75.556726984999955, -11.34917810399998 ], [ -75.554545984999947, -11.347220728999961 ], [ -75.553948484999978, -11.346847353999985 ], [ -75.552504734999971, -11.346349478999961 ], [ -75.550737234999986, -11.345677353999973 ], [ -75.549542359999975, -11.34517947899997 ], [ -75.548422234999975, -11.34498035399997 ], [ -75.547943234999934, -11.345263478999987 ] ] ] } },
{ "type": "Feature", "properties": { "index": 1311, "UBIGEO": "150119", "CCDD": "15", "CCPP": "01", "CCDI": "19", "DEPARTAMEN": "LIMA", "PROVINCIA": "LIMA", "DISTRITO": "LURIN", "OBJECTID": 1312.0, "ESRI_OID": 1312.0, "Zonas": "Todas Zonas", "sububigeo": "15011900", "tipo_influencia": "Directa", "abreviatura": "LUR" }, "geometry": { "type": "Polygon", "coordinates": [ [ [ -76.732507735999945, -12.16450210499994 ], [ -76.730996860999937, -12.164902104999948 ], [ -76.728774985999962, -12.165257604999958 ], [ -76.728441610999937, -12.165323979999922 ], [ -76.727499360999957, -12.165511854999984 ], [ -76.726898485999982, -12.165631729999971 ], [ -76.725086610999938, -12.166279604999936 ], [ -76.722997985999939, -12.166946229999946 ], [ -76.722799860999942, -12.167013354999936 ], [ -76.722279360999963, -12.167189604999979 ], [ -76.720242735999989, -12.167879479999954 ], [ -76.718687485999965, -12.168235104999948 ], [ -76.71628773599997, -12.168501604999959 ], [ -76.713576985999964, -12.168901479999935 ], [ -76.711132985999939, -12.169745854999965 ], [ -76.709399860999952, -12.17076785499995 ], [ -76.707800110999983, -12.173078729999936 ], [ -76.706466860999967, -12.175300604999967 ], [ -76.705489235999963, -12.176722604999943 ], [ -76.704289485999936, -12.177833604999936 ], [ -76.703127610999957, -12.178103729999968 ], [ -76.702900110999963, -12.178156729999964 ], [ -76.702378610999972, -12.178277979999962 ], [ -76.70073636099994, -12.178310854999957 ], [ -76.700156610999954, -12.178322479999959 ], [ -76.698779110999965, -12.178811229999944 ], [ -76.697739485999989, -12.179135104999942 ], [ -76.696068360999959, -12.179655604999937 ], [ -76.69397973599996, -12.180010979999961 ], [ -76.691535610999949, -12.181122104999936 ], [ -76.690246735999949, -12.181788604999959 ], [ -76.688735985999983, -12.181210979999952 ], [ -76.686780735999946, -12.179477729999983 ], [ -76.684425485999952, -12.177344729999952 ], [ -76.681892485999981, -12.176322729999983 ], [ -76.679714985999965, -12.175967229999969 ], [ -76.678052735999984, -12.175709229999942 ], [ -76.677137610999978, -12.175567229999952 ], [ -76.675182360999941, -12.175922729999959 ], [ -76.673804735999965, -12.176767104999957 ], [ -76.671750860999964, -12.177814854999951 ], [ -76.669583110999952, -12.179300104999978 ], [ -76.667260985999974, -12.179947604999942 ], [ -76.665913985999964, -12.18013472999996 ], [ -76.66444336099994, -12.179014479999983 ], [ -76.663220235999972, -12.178114229999947 ], [ -76.662031235999962, -12.177962854999981 ], [ -76.66273373599995, -12.179611979999949 ], [ -76.663781360999977, -12.18286710499995 ], [ -76.664379985999972, -12.184269979999959 ], [ -76.664519985999959, -12.184589979999936 ], [ -76.664719985999966, -12.184899979999956 ], [ -76.665099985999973, -12.185259979999948 ], [ -76.665939985999955, -12.185799979999949 ], [ -76.667429985999945, -12.186379979999966 ], [ -76.668139985999971, -12.186779979999924 ], [ -76.669019985999967, -12.187019979999953 ], [ -76.669809985999962, -12.187449979999943 ], [ -76.670699986, -12.187799979999973 ], [ -76.671539985999971, -12.188429979999968 ], [ -76.672509985999966, -12.18861997999994 ], [ -76.672929985999986, -12.188789979999962 ], [ -76.673639985999955, -12.189339979999939 ], [ -76.673879985999974, -12.189709979999968 ], [ -76.674099985999987, -12.190179979999984 ], [ -76.674349985999982, -12.190409979999973 ], [ -76.675159985999983, -12.190769979999965 ], [ -76.676239985999985, -12.190929979999961 ], [ -76.676629985999966, -12.191109979999965 ], [ -76.67696998599996, -12.191439979999926 ], [ -76.677589985999987, -12.19223997999995 ], [ -76.678839985999957, -12.193139979999959 ], [ -76.679049985999939, -12.19332997999993 ], [ -76.679429985999946, -12.193799979999934 ], [ -76.679599985999971, -12.193939979999987 ], [ -76.679849985999965, -12.193999979999953 ], [ -76.680359985999985, -12.19397997999994 ], [ -76.681439985999987, -12.193779979999933 ], [ -76.681829985999968, -12.193749979999943 ], [ -76.682149985999956, -12.193809979999962 ], [ -76.682439985999963, -12.194009979999985 ], [ -76.682579985999951, -12.194209979999922 ], [ -76.682859985999983, -12.194789979999943 ], [ -76.683229985999958, -12.195339979999963 ], [ -76.683609985999965, -12.196139979999938 ], [ -76.683679985999959, -12.196629979999951 ], [ -76.683579985999984, -12.197669979999946 ], [ -76.683639985999946, -12.197849979999948 ], [ -76.683819985999946, -12.198099979999935 ], [ -76.684159985999941, -12.198399979999973 ], [ -76.684609985999941, -12.198939979999972 ], [ -76.684869985999967, -12.199149979999961 ], [ -76.685179986, -12.199319979999927 ], [ -76.685769985999968, -12.199539979999935 ], [ -76.686239985999975, -12.199869979999965 ], [ -76.686749985999938, -12.20028997999998 ], [ -76.68782998599994, -12.201099979999988 ], [ -76.688089985999966, -12.201249979999949 ], [ -76.689179985999942, -12.201689979999967 ], [ -76.690119985999956, -12.202349979999951 ], [ -76.690289986, -12.202529979999959 ], [ -76.690539985999976, -12.202919979999939 ], [ -76.690739985999983, -12.203749979999944 ], [ -76.690959985999939, -12.20406997999992 ], [ -76.691089985999966, -12.20418997999997 ], [ -76.691429985999946, -12.204379979999938 ], [ -76.691999985999985, -12.204549979999964 ], [ -76.69227998599996, -12.204709979999963 ], [ -76.692539986, -12.20504997999995 ], [ -76.692769985999973, -12.205779979999937 ], [ -76.692999985999961, -12.206209979999922 ], [ -76.693599985999981, -12.20686997999996 ], [ -76.694609985999989, -12.207609979999974 ], [ -76.694969986, -12.207999979999959 ], [ -76.695229985999958, -12.208579979999961 ], [ -76.695269985999971, -12.208819979999925 ], [ -76.695239985999933, -12.20902997999997 ], [ -76.695049985999958, -12.209279979999963 ], [ -76.694399985999951, -12.20969997999998 ], [ -76.694179985999938, -12.209939979999946 ], [ -76.694069985999988, -12.210149979999922 ], [ -76.694089985999938, -12.210439979999931 ], [ -76.694259985999963, -12.210679979999947 ], [ -76.695239985999933, -12.211679979999925 ], [ -76.695419985999933, -12.211949979999924 ], [ -76.696289985999954, -12.213269979999943 ], [ -76.696499985999935, -12.213739979999946 ], [ -76.696569985999986, -12.214179979999924 ], [ -76.696589985999935, -12.214719979999924 ], [ -76.696799985999974, -12.215489979999967 ], [ -76.697069985999974, -12.216059979999956 ], [ -76.697499985999968, -12.216659979999973 ], [ -76.69770998599995, -12.217139979999954 ], [ -76.697879985999975, -12.217329979999931 ], [ -76.69806998599995, -12.217439979999938 ], [ -76.69821998599997, -12.217469979999986 ], [ -76.698729985999989, -12.217319979999948 ], [ -76.698909986, -12.217339979999963 ], [ -76.699019985999939, -12.217439979999929 ], [ -76.699279985999965, -12.217859979999952 ], [ -76.699459985999965, -12.218029979999921 ], [ -76.699929985999972, -12.218299979999923 ], [ -76.700379985999973, -12.218389979999936 ], [ -76.700569985999948, -12.218479979999923 ], [ -76.70164998599995, -12.21930997999994 ], [ -76.702469985999983, -12.219659979999959 ], [ -76.703929985999935, -12.219799979999944 ], [ -76.704329985999948, -12.21990997999996 ], [ -76.705319985999949, -12.220469979999969 ], [ -76.705689985999982, -12.220819979999922 ], [ -76.706179985999938, -12.221639979999965 ], [ -76.706779985999958, -12.222379979999968 ], [ -76.707139985999959, -12.222659979999939 ], [ -76.707709985999941, -12.22295997999993 ], [ -76.708849985999962, -12.22325997999997 ], [ -76.709729985999957, -12.223389979999983 ], [ -76.711369985999966, -12.22340997999992 ], [ -76.712239985999986, -12.223529979999967 ], [ -76.712899985999968, -12.223669979999952 ], [ -76.713449985999958, -12.223859979999922 ], [ -76.714519985999971, -12.224789979999969 ], [ -76.715069985999946, -12.225499979999926 ], [ -76.715349985999978, -12.226189979999958 ], [ -76.715729985999985, -12.226759979999946 ], [ -76.716179985999986, -12.227199979999961 ], [ -76.716659985999968, -12.227589979999946 ], [ -76.717309985999975, -12.228019979999946 ], [ -76.718269985999939, -12.229039979999976 ], [ -76.718529985999965, -12.229499979999948 ], [ -76.718849985999952, -12.230309979999964 ], [ -76.720179985999948, -12.232569979999932 ], [ -76.720469985999955, -12.233319979999976 ], [ -76.721229985999983, -12.234979979999943 ], [ -76.721389985999963, -12.235429979999928 ], [ -76.721419985999944, -12.235859979999933 ], [ -76.721049985999969, -12.237869979999974 ], [ -76.720699985999943, -12.239189979999933 ], [ -76.720659985999987, -12.239609979999964 ], [ -76.720629985999949, -12.240609979999931 ], [ -76.720699985999943, -12.240949979999984 ], [ -76.720819985999981, -12.241239979999927 ], [ -76.721089985999981, -12.241669979999926 ], [ -76.721589985999969, -12.242289979999953 ], [ -76.72203998599997, -12.24261997999997 ], [ -76.72316011099997, -12.243929604999938 ], [ -76.72499348599996, -12.244341229999975 ], [ -76.727569985999935, -12.244709979999975 ], [ -76.728839985999969, -12.245249979999921 ], [ -76.72991998599997, -12.245619979999955 ], [ -76.730879985999934, -12.246149979999926 ], [ -76.731199985999979, -12.24644997999996 ], [ -76.732089985999949, -12.247449979999946 ], [ -76.732709985999975, -12.248039979999936 ], [ -76.733089985999982, -12.248699979999973 ], [ -76.733249985999976, -12.249119979999936 ], [ -76.733479985999963, -12.249539979999945 ], [ -76.733529985999951, -12.249879979999942 ], [ -76.73385998599997, -12.250049979999973 ], [ -76.734239985999977, -12.250459979999949 ], [ -76.734519985999952, -12.250919979999937 ], [ -76.734809985999959, -12.25151997999996 ], [ -76.73498998599996, -12.251769979999953 ], [ -76.735669985999948, -12.252209979999972 ], [ -76.736449985999968, -12.252539979999931 ], [ -76.737469985999951, -12.252689979999962 ], [ -76.738199985999984, -12.252889979999962 ], [ -76.74006998599998, -12.253639979999946 ], [ -76.740739985999937, -12.253699979999967 ], [ -76.741549985999939, -12.253619979999939 ], [ -76.742669985999953, -12.25340997999996 ], [ -76.744979985999976, -12.253359979999971 ], [ -76.747459985999967, -12.253409979999953 ], [ -76.748129985999981, -12.253339979999968 ], [ -76.748809985999969, -12.253119979999955 ], [ -76.749979985999971, -12.252569979999977 ], [ -76.75152998599998, -12.251929979999936 ], [ -76.752089985999987, -12.25178997999995 ], [ -76.752559985999937, -12.251809979999967 ], [ -76.752999985999963, -12.251939979999973 ], [ -76.753679985999952, -12.252339979999935 ], [ -76.754339985999934, -12.252499979999987 ], [ -76.754999985999973, -12.252849979999954 ], [ -76.755319985999961, -12.252959979999954 ], [ -76.755989985999975, -12.253019979999978 ], [ -76.75686998599997, -12.252969979999929 ], [ -76.757279985999958, -12.252769979999927 ], [ -76.757519985999977, -12.252479979999979 ], [ -76.75775998599994, -12.252009979999976 ], [ -76.75811998599994, -12.250919979999935 ], [ -76.758419985999979, -12.250389979999962 ], [ -76.758579985999972, -12.250289979999927 ], [ -76.758909985999935, -12.250169979999948 ], [ -76.759149985999954, -12.250139979999972 ], [ -76.759339985999986, -12.250159979999987 ], [ -76.759689985999955, -12.250369979999951 ], [ -76.760359985999969, -12.250959979999948 ], [ -76.760759985999982, -12.251179979999964 ], [ -76.762189985999953, -12.251769979999954 ], [ -76.763379985999961, -12.252149979999945 ], [ -76.763719985999955, -12.252449979999936 ], [ -76.763959985999975, -12.252849979999958 ], [ -76.764409985999976, -12.25380997999997 ], [ -76.765149985999983, -12.254799979999966 ], [ -76.765599985999984, -12.255679979999966 ], [ -76.765769985999952, -12.256189979999935 ], [ -76.766229985999985, -12.256959979999978 ], [ -76.766369985999972, -12.257379979999948 ], [ -76.766369985999972, -12.257909979999964 ], [ -76.766399985999954, -12.258319979999959 ], [ -76.766539985999941, -12.258879979999953 ], [ -76.766659985999979, -12.259149979999957 ], [ -76.767059985999936, -12.25974997999997 ], [ -76.767739985999981, -12.260459979999943 ], [ -76.768059985999969, -12.260649979999918 ], [ -76.769159985999977, -12.26086997999994 ], [ -76.770489985999973, -12.260849979999927 ], [ -76.771079985999961, -12.260919979999921 ], [ -76.771419985999955, -12.261079979999984 ], [ -76.771899985999937, -12.261319979999932 ], [ -76.773079985999971, -12.262199979999933 ], [ -76.773759985999959, -12.262419979999944 ], [ -76.774269985999979, -12.262489979999941 ], [ -76.775459986, -12.262479979999968 ], [ -76.776829985999939, -12.262389979999968 ], [ -76.77727998599994, -12.262429979999974 ], [ -76.779079985999942, -12.263369979999942 ], [ -76.779919985999982, -12.26394997999995 ], [ -76.780339985999944, -12.264089979999937 ], [ -76.781169985999952, -12.26415997999994 ], [ -76.781689985999947, -12.264089979999932 ], [ -76.783319985999981, -12.264009979999965 ], [ -76.784609985999964, -12.263699979999965 ], [ -76.785789985999941, -12.263569979999936 ], [ -76.786619985999948, -12.263289979999971 ], [ -76.787369985999987, -12.263289979999977 ], [ -76.787789985999964, -12.263449979999967 ], [ -76.788439985999958, -12.263969979999956 ], [ -76.789069985999959, -12.264379979999948 ], [ -76.78936998599994, -12.264409979999979 ], [ -76.790029985999979, -12.264359979999943 ], [ -76.790369985999973, -12.264419979999962 ], [ -76.790669985999955, -12.264529979999962 ], [ -76.791989985999976, -12.265189979999953 ], [ -76.792429985999945, -12.265509979999935 ], [ -76.79372998599996, -12.26673997999996 ], [ -76.794559985999967, -12.267349979999951 ], [ -76.795639985999969, -12.268029979999939 ], [ -76.795969985999989, -12.268389979999931 ], [ -76.796249985999964, -12.268919979999957 ], [ -76.797189985999978, -12.269709979999961 ], [ -76.797369985999978, -12.269959979999962 ], [ -76.797589985999934, -12.270429979999951 ], [ -76.798039985999935, -12.27111997999998 ], [ -76.798871360999954, -12.272173604999972 ], [ -76.798899985999981, -12.272209979999952 ], [ -76.799309985999969, -12.272829979999919 ], [ -76.800804735999975, -12.274308604999929 ], [ -76.805221985999935, -12.277414729999977 ], [ -76.808261235999964, -12.279120729999928 ], [ -76.814539735999972, -12.281474604999971 ], [ -76.815947610999956, -12.281787354999953 ], [ -76.818575110999973, -12.282493354999929 ], [ -76.819241735999981, -12.282846354999938 ], [ -76.819298985999978, -12.282965479999969 ], [ -76.819692735999979, -12.283787479999939 ], [ -76.820320235999986, -12.284944354999929 ], [ -76.821849610999948, -12.286375729999968 ], [ -76.823915286999977, -12.288661253999972 ], [ -76.827943360999939, -12.291978479999949 ], [ -76.829382860999942, -12.293933604999946 ], [ -76.838945360999958, -12.30704497999994 ], [ -76.839187485999958, -12.307736354999976 ], [ -76.842072235999979, -12.310587854999941 ], [ -76.843097610999962, -12.311703104999943 ], [ -76.84317512299998, -12.311448936999968 ], [ -76.84327039599998, -12.311065159999941 ], [ -76.843435589999956, -12.310742165999949 ], [ -76.843469487999982, -12.310675889999972 ], [ -76.843749112999944, -12.310286594999978 ], [ -76.843753346999961, -12.310286594999987 ], [ -76.843988843999966, -12.310093104999968 ], [ -76.844012063999983, -12.310058417999924 ], [ -76.844029235999983, -12.310037104999939 ], [ -76.844036876999951, -12.310031081999968 ], [ -76.844232360999968, -12.309876979999958 ], [ -76.844386735999933, -12.309763854999968 ], [ -76.844564485999967, -12.309386729999973 ], [ -76.844915986, -12.309099604999965 ], [ -76.844996110999944, -12.308927729999931 ], [ -76.845351610999955, -12.308589854999976 ], [ -76.845697235999978, -12.30827735499998 ], [ -76.846056610999938, -12.307876979999946 ], [ -76.846497985999974, -12.307431604999978 ], [ -76.847066360999975, -12.306953104999936 ], [ -76.847244110999952, -12.306890604999978 ], [ -76.847908235999967, -12.306353479999931 ], [ -76.848071153999967, -12.306291321999936 ], [ -76.848195286999953, -12.306217786999971 ], [ -76.848246014999972, -12.306183965999939 ], [ -76.848365483999942, -12.306088266999959 ], [ -76.848376673999951, -12.306079305999964 ], [ -76.848473645999945, -12.306018 ], [ -76.848566055999981, -12.305975643999941 ], [ -76.848669874999985, -12.305945547999951 ], [ -76.848754147999969, -12.305935963999957 ], [ -76.848843477999935, -12.305935963999953 ], [ -76.848953389999963, -12.305933143999946 ], [ -76.849057663999986, -12.305896506999947 ], [ -76.849116846999948, -12.305842960999946 ], [ -76.849176028999977, -12.305741504999961 ], [ -76.849271850999969, -12.305597776999939 ], [ -76.84939021699995, -12.305487866999949 ], [ -76.849466305999968, -12.30539486299995 ], [ -76.849477579999984, -12.305315952999928 ], [ -76.849498403999974, -12.305168934999925 ], [ -76.849573555999953, -12.304958506999977 ], [ -76.849658729999987, -12.30483826299996 ], [ -76.84982406599994, -12.304652885999937 ], [ -76.850274872999989, -12.304256342999967 ], [ -76.850279837999949, -12.304251684999935 ], [ -76.850349610999956, -12.304181604999942 ], [ -76.850885891999951, -12.303776659999935 ], [ -76.851195360999952, -12.303542979999969 ], [ -76.851654235999945, -12.303222604999981 ], [ -76.852126985999973, -12.302904229999969 ], [ -76.85268161099998, -12.302599604999957 ], [ -76.853277360999982, -12.302183604999977 ], [ -76.853820360999975, -12.301613229999925 ], [ -76.854206985999966, -12.301072229999924 ], [ -76.854763610999953, -12.300572104999954 ], [ -76.855290985999943, -12.300185604999967 ], [ -76.855790985999988, -12.300074229999954 ], [ -76.856165985999951, -12.299755854999939 ], [ -76.856802735999963, -12.29949022999995 ], [ -76.857511735999935, -12.299087854999982 ], [ -76.857927735999965, -12.298685604999935 ], [ -76.858468735999963, -12.298310604999928 ], [ -76.859302735999961, -12.297699229999973 ], [ -76.859857360999968, -12.297392604999972 ], [ -76.860800735999987, -12.296908229999922 ], [ -76.86150786099995, -12.29616010499995 ], [ -76.861939485999983, -12.295896479999959 ], [ -76.862716860999967, -12.295812479999933 ], [ -76.864294860999962, -12.295206979999925 ], [ -76.865351610999937, -12.294718854999921 ], [ -76.865917985999943, -12.294466854999941 ], [ -76.866337860999977, -12.294253854999972 ], [ -76.866537110999957, -12.294154354999927 ], [ -76.866970735999985, -12.293960979999948 ], [ -76.867519485999935, -12.293710979999958 ], [ -76.867929735999951, -12.293535104999927 ], [ -76.868292860999986, -12.293371104999942 ], [ -76.868441360999952, -12.29324023 ], [ -76.868681610999943, -12.293177729999975 ], [ -76.868761735999954, -12.293091854999952 ], [ -76.868984360999946, -12.293050729999946 ], [ -76.869222610999941, -12.292923854999964 ], [ -76.869318360999955, -12.292875104999949 ], [ -76.869509735999941, -12.292697229999922 ], [ -76.869794860999946, -12.292507854999936 ], [ -76.870056735999981, -12.292373104999973 ], [ -76.870455110999956, -12.292287229999948 ], [ -76.871019360999981, -12.292162104999928 ], [ -76.871212860999947, -12.292123104999977 ], [ -76.871706985999936, -12.291956979999954 ], [ -76.872023485999989, -12.291792979999968 ], [ -76.872394485999962, -12.291671979999935 ], [ -76.872702985999979, -12.291576229999977 ], [ -76.87298236099997, -12.291480479999958 ], [ -76.873074235999979, -12.291373104999943 ], [ -76.873185485999954, -12.291290979999937 ], [ -76.873384735999934, -12.291277354999972 ], [ -76.87350786099995, -12.291150354999964 ], [ -76.873665985999935, -12.291164229999936 ], [ -76.87383786099997, -12.291046854999935 ], [ -76.873955110999987, -12.290984354999974 ], [ -76.874091735999968, -12.290970729999959 ], [ -76.874195360999977, -12.290929729999963 ], [ -76.87427736099994, -12.290820354999942 ], [ -76.874443360999976, -12.290785104999946 ], [ -76.874638610999966, -12.290652354999967 ], [ -76.874796860999936, -12.290630729999982 ], [ -76.874951110999973, -12.290558604999937 ], [ -76.875031236, -12.290462854999934 ], [ -76.875162110999952, -12.290423854999963 ], [ -76.875285110999982, -12.290404354999957 ], [ -76.875371110999936, -12.290337854999967 ], [ -76.875578110999982, -12.290277354999942 ], [ -76.875828110999976, -12.290111354999972 ], [ -76.875921860999938, -12.290087854999973 ], [ -76.876054735999958, -12.289980479999935 ], [ -76.876128860999984, -12.289982354999955 ], [ -76.876302735999957, -12.289947229999935 ], [ -76.876417985999979, -12.289878854999923 ], [ -76.876542985999947, -12.289874979999984 ], [ -76.876648485999965, -12.289794979999961 ], [ -76.876734361, -12.289708979999938 ], [ -76.876929735999965, -12.289669979999923 ], [ -76.877017610999985, -12.289607479999965 ], [ -76.877054735999934, -12.289562479999965 ], [ -76.877122985999961, -12.289533229999963 ], [ -76.877212860999975, -12.289539104999969 ], [ -76.877388735999943, -12.289414104999944 ], [ -76.877521485999978, -12.289380854999939 ], [ -76.877626985999939, -12.28937110499993 ], [ -76.877724610999962, -12.289331979999933 ], [ -76.87775211099995, -12.289248104999956 ], [ -76.877867235999986, -12.289197229999955 ], [ -76.878093735999983, -12.289183604999941 ], [ -76.878273485999955, -12.289021479999972 ], [ -76.878404235999938, -12.288990229999959 ], [ -76.878540985999962, -12.288990229999959 ], [ -76.878648485999975, -12.288964854999957 ], [ -76.878771485999948, -12.288824229999939 ], [ -76.878990235999936, -12.288794979999976 ], [ -76.879142485999978, -12.288665979999955 ], [ -76.879249860999948, -12.288576229999926 ], [ -76.87936911099996, -12.288564479999934 ], [ -76.879468735999978, -12.288496104999981 ], [ -76.879622985999958, -12.288355479999952 ], [ -76.87969536099996, -12.288333979999946 ], [ -76.879919860999962, -12.288333979999949 ], [ -76.880040985999983, -12.288238229999939 ], [ -76.88014261099994, -12.288183604999976 ], [ -76.880341860999977, -12.288121104999965 ], [ -76.880488235999962, -12.287956979999928 ], [ -76.880597610999985, -12.287949229999988 ], [ -76.880745985999965, -12.287820354999949 ], [ -76.88099223599994, -12.287787104999952 ], [ -76.881095735999963, -12.287751979999946 ], [ -76.881164111, -12.287675729999936 ], [ -76.881326110999964, -12.287675729999938 ], [ -76.881470735999983, -12.287552729999954 ], [ -76.881642610999961, -12.287535104999954 ], [ -76.881753860999936, -12.287484354999945 ], [ -76.881816235999963, -12.287394479999934 ], [ -76.881912110999963, -12.287328104999968 ], [ -76.882138610999959, -12.287275354999968 ], [ -76.882251985999972, -12.287222604999958 ], [ -76.882300735999934, -12.287150354999945 ], [ -76.882398485999943, -12.287128854999931 ], [ -76.882462860999965, -12.287146479999935 ], [ -76.882556610999984, -12.287115229999927 ], [ -76.882718735999958, -12.287005854999956 ], [ -76.882859360999987, -12.286949229999946 ], [ -76.882962860999953, -12.286941354999962 ], [ -76.883128860999989, -12.286902354999933 ], [ -76.883214860999942, -12.286841854999981 ], [ -76.883283235999954, -12.286718729999956 ], [ -76.883427735999987, -12.28668560499994 ], [ -76.883517610999945, -12.286675854999936 ], [ -76.883662110999978, -12.28659185499993 ], [ -76.883986361, -12.286552729999929 ], [ -76.88408986099995, -12.286441354999962 ], [ -76.884193485999958, -12.286339854999939 ], [ -76.884316360999946, -12.286330104999928 ], [ -76.884351610999943, -12.286269479999937 ], [ -76.884619110999949, -12.286156229999966 ], [ -76.884785110999985, -12.286179729999963 ], [ -76.884927735999952, -12.286060604999932 ], [ -76.885003860999973, -12.286060604999925 ], [ -76.885148485999935, -12.28600197999998 ], [ -76.885267610999961, -12.286005854999926 ], [ -76.885537110999962, -12.285894479999966 ], [ -76.885763610999959, -12.285855479999947 ], [ -76.885960985999986, -12.285740104999949 ], [ -76.886140610999973, -12.285728479999934 ], [ -76.886257860999933, -12.285697229999935 ], [ -76.886404360999961, -12.285578104999949 ], [ -76.886497985999938, -12.28557810499996 ], [ -76.886652235999975, -12.285507854999942 ], [ -76.886824235999939, -12.285488229999936 ], [ -76.886947110999984, -12.285423854999967 ], [ -76.887037110999984, -12.285404354999965 ], [ -76.887232360999974, -12.285304729999941 ], [ -76.88742186099995, -12.285220729999928 ], [ -76.887574235999978, -12.28517785499997 ], [ -76.887669860999949, -12.285218729999931 ], [ -76.887771485999963, -12.285206979999934 ], [ -76.88783598599997, -12.285130854999984 ], [ -76.887929736, -12.285091854999957 ], [ -76.888099610999973, -12.285078104999974 ], [ -76.888167985999985, -12.285005854999943 ], [ -76.888199235999934, -12.284933604999928 ], [ -76.888326110999969, -12.28489060499993 ], [ -76.88841211099998, -12.284874979999934 ], [ -76.88847848599994, -12.284886729999929 ], [ -76.88860548599996, -12.284894479999933 ], [ -76.888767610999935, -12.284740229999954 ], [ -76.888945360999969, -12.28470310499994 ], [ -76.889035110999941, -12.284601604999972 ], [ -76.889150360999963, -12.284558604999969 ], [ -76.889249985999982, -12.284498104999958 ], [ -76.889318360999937, -12.284429604999946 ], [ -76.889390610999953, -12.284386729999927 ], [ -76.889480485999968, -12.284412104999944 ], [ -76.889607485999989, -12.284353479999931 ], [ -76.890056610999977, -12.28412697999994 ], [ -76.890402360999985, -12.283955104999952 ], [ -76.89112886099997, -12.283519479999944 ], [ -76.891281235999941, -12.28342385499997 ], [ -76.891427735999969, -12.283298854999938 ], [ -76.891665985999964, -12.283187479999983 ], [ -76.891845735999937, -12.283054729999936 ], [ -76.892122985999947, -12.282865229999963 ], [ -76.892289110999968, -12.282755854999957 ], [ -76.892597610999985, -12.282460979999938 ], [ -76.892697235999947, -12.282425854999921 ], [ -76.892867235999972, -12.282298854999958 ], [ -76.893062485999963, -12.282177729999942 ], [ -76.893216735999943, -12.282105354999942 ], [ -76.893294860999973, -12.282021479999967 ], [ -76.893464860999984, -12.281918104999926 ], [ -76.893587860999958, -12.28180660499992 ], [ -76.893679860999953, -12.281738229999965 ], [ -76.893820360999939, -12.281665979999957 ], [ -76.894015610999986, -12.281523479999976 ], [ -76.894195360999959, -12.281412104999953 ], [ -76.894289111, -12.281367229999949 ], [ -76.894490235999967, -12.281234354999977 ], [ -76.894570360999978, -12.281195479999951 ], [ -76.894589735999944, -12.281123104999956 ], [ -76.894738235999966, -12.281033229999933 ], [ -76.895007860999954, -12.280876979999958 ], [ -76.895124985999985, -12.280824229999954 ], [ -76.89527936099995, -12.280701229999973 ], [ -76.895382860999973, -12.280640604999965 ], [ -76.895439485999987, -12.280556479999969 ], [ -76.895505860999947, -12.280492229999934 ], [ -76.895591735999972, -12.280406229999929 ], [ -76.895689485999981, -12.280294979999953 ], [ -76.895746110999951, -12.280189479999937 ], [ -76.895857485999954, -12.280072229999977 ], [ -76.895898360999979, -12.280009729999959 ], [ -76.896103485999959, -12.279876979999919 ], [ -76.896242235999978, -12.279757854999955 ], [ -76.896458985999971, -12.279539229999951 ], [ -76.896621110999945, -12.279406354999942 ], [ -76.896779485999957, -12.279232479999967 ], [ -76.896921860999953, -12.279089854999933 ], [ -76.896984630999953, -12.279027085999921 ], [ -76.897504321999975, -12.278841692999944 ], [ -76.897892837999962, -12.278381229999981 ], [ -76.89806551199996, -12.278237333999973 ], [ -76.898281352999959, -12.277992711999952 ], [ -76.898540364999974, -12.277676143999935 ], [ -76.898828153999943, -12.277460301999959 ], [ -76.89911594299997, -12.277057395999975 ], [ -76.899231057999941, -12.276841553999933 ], [ -76.899533237999947, -12.276539376999951 ], [ -76.899734690999935, -12.276395479999957 ], [ -76.90000809199995, -12.276150858999921 ], [ -76.900310268999988, -12.275963795999935 ], [ -76.900454165999989, -12.27580551099993 ], [ -76.900626839999973, -12.275733563999939 ], [ -76.90102974399997, -12.275373827999946 ], [ -76.901403870999957, -12.275129206999962 ], [ -76.901893112999971, -12.27474069099998 ], [ -76.902267239999958, -12.274582405999984 ], [ -76.902382354999986, -12.274380954999963 ], [ -76.902396743999986, -12.274093163999959 ], [ -76.902569417999985, -12.273906100999961 ], [ -76.902698923999935, -12.27361831199994 ], [ -76.902957934999961, -12.27357514199997 ], [ -76.903130608999959, -12.273546364999966 ], [ -76.903360839999948, -12.273359299999989 ], [ -76.903663018999964, -12.273229794999962 ], [ -76.903864471999952, -12.273186626999966 ], [ -76.90397958799997, -12.273114678999953 ], [ -76.904195429999959, -12.27288444899995 ], [ -76.904468829999985, -12.272596657999944 ], [ -76.904799788999981, -12.272452762999936 ], [ -76.90503001899998, -12.272179362999958 ], [ -76.905461704999937, -12.27196352099998 ], [ -76.905807053, -12.271891573999936 ], [ -76.906066061999979, -12.271646952999959 ], [ -76.906425798999976, -12.271215268999983 ], [ -76.906612862999964, -12.271042594999923 ], [ -76.90695821099996, -12.270812362999944 ], [ -76.907174052999949, -12.270625299999951 ], [ -76.907418673999985, -12.270567741999971 ], [ -76.907663294999963, -12.270452626999944 ], [ -76.907951084, -12.27027995299995 ], [ -76.908152536999978, -12.270006551999936 ], [ -76.908353989999966, -12.269877045999971 ], [ -76.908785673999944, -12.269517309999969 ], [ -76.909131020999951, -12.26938780399996 ], [ -76.909404421999966, -12.269128794999983 ], [ -76.909634653999944, -12.268984897999934 ], [ -76.909778548999952, -12.268927340999943 ], [ -76.909994389999952, -12.268855393999958 ], [ -76.91021023199994, -12.268725887999945 ], [ -76.910339737999948, -12.268553213999949 ], [ -76.910454853, -12.268510045999957 ], [ -76.910584358999984, -12.268394928999953 ], [ -76.910742641999946, -12.268322981999967 ], [ -76.910857759999942, -12.268279813999976 ], [ -76.911044821999951, -12.268135919999965 ], [ -76.911174327999959, -12.268107139999918 ], [ -76.911361389999968, -12.267934465999934 ], [ -76.911692348999964, -12.267704235999929 ], [ -76.911893802999941, -12.267488391999956 ], [ -76.912138423999977, -12.267243770999917 ], [ -76.912368653999977, -12.267071096999924 ], [ -76.912526938999974, -12.266999149999938 ], [ -76.912728391999963, -12.266898422999933 ], [ -76.912915454999961, -12.266754528999973 ], [ -76.91314568699994, -12.266567465999969 ], [ -76.913347137999949, -12.26635162499997 ], [ -76.913519811999947, -12.26625089799996 ], [ -76.913735655999972, -12.266178950999965 ], [ -76.914009054999951, -12.266020665999973 ], [ -76.914167339999949, -12.265919938999955 ], [ -76.914426348999939, -12.26576165599994 ], [ -76.914627802999973, -12.265646538999928 ], [ -76.914929982, -12.26541630799994 ], [ -76.915117044999988, -12.265258022999948 ], [ -76.915347276999967, -12.265114127999935 ], [ -76.915649456999986, -12.265056569999951 ], [ -76.915850907999982, -12.264840727999971 ], [ -76.91605236099997, -12.264610497999964 ], [ -76.916440876999957, -12.264437823999966 ], [ -76.916685497999936, -12.264250758999944 ], [ -76.916843782999933, -12.264034917999929 ], [ -76.917117182999959, -12.263804684999968 ], [ -76.917304245999958, -12.263603233999962 ], [ -76.917520087999947, -12.263387389999931 ], [ -76.917779098999972, -12.263229106999967 ], [ -76.918038108999951, -12.26309960099997 ], [ -76.918455403999985, -12.262955706999954 ], [ -76.918671245999974, -12.262768643999955 ], [ -76.918771971999945, -12.262524022999973 ], [ -76.918987815999969, -12.262336958999981 ], [ -76.919361940999977, -12.262077948999943 ], [ -76.919520225999975, -12.261905274999949 ], [ -76.919707288999973, -12.261675042999963 ], [ -76.919894352999961, -12.261487979999979 ], [ -76.919995077999943, -12.26143042099994 ], [ -76.920210921999967, -12.261315305999981 ], [ -76.920383595999965, -12.261228967999951 ], [ -76.920585046999989, -12.261056294999946 ], [ -76.921088679999968, -12.260869231999946 ], [ -76.921448415999976, -12.260610221999974 ], [ -76.921693036999955, -12.26043754799997 ], [ -76.921894489999943, -12.26025048399992 ], [ -76.92225422599995, -12.260049030999935 ], [ -76.922570796999935, -12.259818799999941 ], [ -76.922844194999982, -12.259631735999964 ], [ -76.923131985999987, -12.259387114999987 ], [ -76.923419774999957, -12.259185663999977 ], [ -76.923621227999945, -12.25912810499994 ], [ -76.923909016999971, -12.258926651999957 ], [ -76.924196805999941, -12.258595694999936 ], [ -76.924484596999946, -12.25852374799995 ], [ -76.924829944999942, -12.258351073999959 ], [ -76.925117733999969, -12.258221567999948 ], [ -76.925376743999948, -12.257890608999963 ], [ -76.925880376999942, -12.257588430999929 ], [ -76.926427175999962, -12.25717113599995 ], [ -76.926628628999936, -12.256940903999967 ], [ -76.926858860999971, -12.256782620999953 ], [ -76.92710348199995, -12.256609946999953 ], [ -76.927333712999939, -12.256408493999965 ], [ -76.927679059999946, -12.256091924999971 ], [ -76.927995630999987, -12.255976807999966 ], [ -76.928211471999987, -12.25573218699998 ], [ -76.928585596999937, -12.255516344999929 ], [ -76.928959723999981, -12.255300502999951 ], [ -76.929247514999986, -12.255041491999975 ], [ -76.929463356999975, -12.254911987999938 ], [ -76.929736757999933, -12.254883208999965 ], [ -76.929938208999943, -12.254696145999947 ], [ -76.930398673999946, -12.254408354999951 ], [ -76.930528177999975, -12.254264460999934 ], [ -76.930830356999934, -12.254134954999918 ], [ -76.931060589999959, -12.253976670999974 ], [ -76.931420325999966, -12.253746438999935 ], [ -76.931780061999973, -12.253516208999935 ], [ -76.932024682999952, -12.253271586999976 ], [ -76.932370030999948, -12.253055743999941 ], [ -76.932686598999965, -12.252897460999971 ], [ -76.932844884999952, -12.252811122999958 ], [ -76.933103893999942, -12.252681618999929 ], [ -76.933420464999983, -12.252523333999939 ], [ -76.933506800999965, -12.25232187999995 ], [ -76.933708253999953, -12.252249932999977 ], [ -76.933895315999962, -12.252062870999962 ], [ -76.934485284999937, -12.251832637999934 ], [ -76.935017694999942, -12.251329006999976 ], [ -76.935492548999946, -12.251098774999949 ], [ -76.935708389999945, -12.250926100999949 ], [ -76.93593862299997, -12.250767817999932 ], [ -76.936010569999951, -12.250724647999967 ], [ -76.936111296999968, -12.250681479999962 ], [ -76.936312749999956, -12.250551973999963 ], [ -76.936571759999936, -12.250408079999943 ], [ -76.936888327999952, -12.250221016999939 ], [ -76.937233675999948, -12.250033952999953 ], [ -76.937507075999974, -12.249861280999943 ], [ -76.937866811999982, -12.249573489999932 ], [ -76.93812582399994, -12.249501542999951 ], [ -76.938312886999938, -12.249285700999971 ], [ -76.938715792999972, -12.249055467999939 ], [ -76.938960413999951, -12.248969131999958 ], [ -76.939075528999979, -12.248839626999935 ], [ -76.939435264999986, -12.248566225999982 ], [ -76.939953287, -12.248422331999965 ], [ -76.940241077999985, -12.248278436999961 ], [ -76.938214479999942, -12.245378377999934 ], [ -76.935587555999973, -12.246770362999928 ], [ -76.935120048999977, -12.247037508999936 ], [ -76.934838024999976, -12.247198665999971 ], [ -76.934700712999984, -12.24730375499996 ], [ -76.934637641999984, -12.24734379999995 ], [ -76.934339198999965, -12.247533286999952 ], [ -76.933761163999975, -12.247949514999963 ], [ -76.93342593899996, -12.248205938999945 ], [ -76.933327481999982, -12.248281835999935 ], [ -76.933233893999969, -12.248353979999932 ], [ -76.933073091999972, -12.248476981999934 ], [ -76.932918567999934, -12.248595178999949 ], [ -76.932874331999983, -12.248629016999923 ], [ -76.931526682999959, -12.249660835999983 ], [ -76.92984420099998, -12.250941131999982 ], [ -76.928680521, -12.251835823999956 ], [ -76.928118645999973, -12.252270626999971 ], [ -76.927608108999962, -12.252635749999968 ], [ -76.927524013999971, -12.252690760999934 ], [ -76.92746144299997, -12.252519413999957 ], [ -76.92744597799998, -12.25247706999995 ], [ -76.927435872999979, -12.252446055999933 ], [ -76.927399409999964, -12.252334124999948 ], [ -76.927303042999938, -12.252181838999945 ], [ -76.927235016999987, -12.252062131999926 ], [ -76.927119823999988, -12.251859420999955 ], [ -76.927045395999983, -12.251764692999926 ], [ -76.926943452999978, -12.251675403999968 ], [ -76.926847376999945, -12.251592920999938 ], [ -76.926777257999959, -12.251506682999942 ], [ -76.926743868999949, -12.251465620999967 ], [ -76.926696638999942, -12.251406581999953 ], [ -76.926675958999965, -12.251370538999939 ], [ -76.926671533, -12.251362827999975 ], [ -76.92678419899994, -12.251267159999941 ], [ -76.926902014999939, -12.251167116999964 ], [ -76.926917290999938, -12.251149335999965 ], [ -76.926945415999967, -12.251116592999947 ], [ -76.92708679499998, -12.250997221999972 ], [ -76.92740755799997, -12.250467655999953 ], [ -76.927471030999982, -12.250362026999928 ], [ -76.927485307999973, -12.250333473999948 ], [ -76.927442692999989, -12.250071040999948 ], [ -76.927391973999988, -12.249664245999947 ], [ -76.927376889999948, -12.249596196999962 ], [ -76.927282276999961, -12.249123350999986 ], [ -76.927213973999983, -12.248757938999981 ], [ -76.927197120999949, -12.24844597399993 ], [ -76.927208636999978, -12.248022604999957 ], [ -76.927199233999943, -12.247732110999939 ], [ -76.927220245999933, -12.247177958999943 ], [ -76.926812395999946, -12.247178424999957 ], [ -76.926492358999951, -12.247168909999962 ], [ -76.92624727499998, -12.247153442999954 ], [ -76.926017655999956, -12.247124887999963 ], [ -76.925955194999972, -12.24711505999994 ], [ -76.925783280999951, -12.247088006999942 ], [ -76.925774220999983, -12.247129739999938 ], [ -76.92562266799996, -12.247159389999968 ], [ -76.925119411999958, -12.247254569999946 ], [ -76.924913587999981, -12.247292639999948 ], [ -76.924637569999959, -12.247325954999958 ], [ -76.92422830299995, -12.247378299999989 ], [ -76.923966561999976, -12.247411612999944 ], [ -76.923302690999947, -12.247487756999934 ], [ -76.92269473999994, -12.247565088999975 ], [ -76.922143893999987, -12.247635284999951 ], [ -76.921478835999949, -12.247719752999949 ], [ -76.920790374999967, -12.247811190999929 ], [ -76.920767971999965, -12.24781395699995 ], [ -76.919926061999945, -12.247927661999933 ], [ -76.918976671999985, -12.248045127999937 ], [ -76.918881653999975, -12.248055258999951 ], [ -76.918215024999938, -12.248137557999936 ], [ -76.91823007399995, -12.248309114999927 ], [ -76.918344610999952, -12.249614932999974 ], [ -76.918256304999943, -12.249629190999947 ], [ -76.917318559999956, -12.249780606999941 ], [ -76.917320261999976, -12.250108694999943 ], [ -76.917140611, -12.250134729999949 ], [ -76.916076485999952, -12.249723104999939 ], [ -76.915538110999989, -12.24951460499995 ], [ -76.914884985999947, -12.248951729999922 ], [ -76.914682360999961, -12.248253604999936 ], [ -76.914862485999947, -12.247307729999934 ], [ -76.915110235999975, -12.24647447999997 ], [ -76.914952611, -12.24537097999996 ], [ -76.913939110999934, -12.24392960499995 ], [ -76.912790610999934, -12.242938729999937 ], [ -76.911732110999935, -12.24208285499998 ], [ -76.911305235999976, -12.241604729999944 ], [ -76.911187649999988, -12.241472985999959 ], [ -76.911291745999975, -12.241314667999982 ], [ -76.911458157999959, -12.241061569999948 ], [ -76.911670749999985, -12.240683936999973 ], [ -76.911718845999985, -12.240598504999976 ], [ -76.912038286999973, -12.240135807999939 ], [ -76.912302745999966, -12.23982295299993 ], [ -76.912309241999935, -12.239815266999919 ], [ -76.912426179999954, -12.239349784999948 ], [ -76.912535132999949, -12.238851038999936 ], [ -76.91257184899996, -12.238650766999957 ], [ -76.912591137999982, -12.238494094999966 ], [ -76.912605968999969, -12.238366993999941 ], [ -76.912608915999954, -12.238244442999937 ], [ -76.912599858999954, -12.23798772999994 ], [ -76.912597507999976, -12.23792111299996 ], [ -76.91256898599994, -12.237650739999937 ], [ -76.912523352999983, -12.237419387999971 ], [ -76.912452048999967, -12.237157377999941 ], [ -76.912389300999962, -12.236981774999942 ], [ -76.912306253999986, -12.236775045999932 ], [ -76.912238136999974, -12.236605481999966 ], [ -76.912038907999943, -12.236084563999944 ], [ -76.911165720999975, -12.233865264999963 ], [ -76.911101471999984, -12.233701969999965 ], [ -76.911065421999979, -12.233608768999952 ], [ -76.91100189399998, -12.233444534999936 ], [ -76.908308229999989, -12.234456700999942 ], [ -76.908013735999987, -12.234482354999944 ], [ -76.907892610999966, -12.234451229999934 ], [ -76.907621110999969, -12.23432035499996 ], [ -76.907078235999961, -12.233996104999955 ], [ -76.905183235999971, -12.231468479999931 ], [ -76.905176485999959, -12.231459354999973 ], [ -76.902074360999961, -12.227223604999956 ], [ -76.901547235999942, -12.225881979999935 ], [ -76.900729860999945, -12.224227854999979 ], [ -76.899756860999958, -12.222670979999968 ], [ -76.898297235999962, -12.220841604999979 ], [ -76.896604110999988, -12.218817604999964 ], [ -76.895494860999975, -12.218019729999986 ], [ -76.889357110999981, -12.214502604999959 ], [ -76.889277360999984, -12.214152479999944 ], [ -76.889478735999944, -12.213061979999972 ], [ -76.889965235999966, -12.211484979999959 ], [ -76.890451735999989, -12.209874479999945 ], [ -76.890953110999988, -12.207761729999952 ], [ -76.890485360999946, -12.208253979999929 ], [ -76.889789360999941, -12.208950229999973 ], [ -76.889128860999961, -12.209432104999967 ], [ -76.888396985999975, -12.20962847999993 ], [ -76.887415235999981, -12.210110479999967 ], [ -76.886362110999983, -12.210324729999975 ], [ -76.885326735999968, -12.210324729999961 ], [ -76.884487735999983, -12.210396104999967 ], [ -76.884077235999953, -12.210538854999985 ], [ -76.883595235999962, -12.210895854999928 ], [ -76.883202485999959, -12.211609854999953 ], [ -76.882541985999978, -12.212323979999949 ], [ -76.882024360999935, -12.212912979999938 ], [ -76.881595985999979, -12.213609229999971 ], [ -76.880297236, -12.214463604999931 ], [ -76.879722985999933, -12.214934479999947 ], [ -76.879293235999967, -12.215287104999955 ], [ -76.878918361, -12.215786979999963 ], [ -76.877936610999939, -12.21664372999993 ], [ -76.877401110999983, -12.217446979999982 ], [ -76.87691911099995, -12.217696979999966 ], [ -76.875776110999936, -12.218477979999923 ], [ -76.875281235999978, -12.218727354999936 ], [ -76.875159735999944, -12.218805604999947 ], [ -76.874783985999969, -12.219046354999932 ], [ -76.874108987999989, -12.219549676999971 ], [ -76.873817919999965, -12.219605889999968 ], [ -76.872948723999968, -12.219664090999965 ], [ -76.872675948999984, -12.219721088999963 ], [ -76.872252538999987, -12.21998164799993 ], [ -76.871483072000018, -12.220425415999951 ], [ -76.870974165999939, -12.220580122999937 ], [ -76.870807243999948, -12.220641192999951 ], [ -76.870990450999955, -12.220804042999934 ], [ -76.871153300999936, -12.220938393999967 ], [ -76.871222511999974, -12.221072745999948 ], [ -76.871163110999987, -12.221241979999949 ], [ -76.871197735999942, -12.221830229999966 ], [ -76.871439985999984, -12.222332229999944 ], [ -76.872218610999937, -12.223664354999926 ], [ -76.872227110999972, -12.223663229999937 ], [ -76.872512860999962, -12.22430460499992 ], [ -76.872651235999967, -12.225065854999972 ], [ -76.872357110999985, -12.225550479999978 ], [ -76.871734110999967, -12.22636385499993 ], [ -76.871041985999966, -12.227090604999935 ], [ -76.870834360999936, -12.227453979999959 ], [ -76.870522860999984, -12.227851854999924 ], [ -76.868365860999972, -12.229511479999932 ], [ -76.868067985999971, -12.22975972999995 ], [ -76.867518985999936, -12.230843229999955 ], [ -76.866677860999971, -12.23241597999993 ], [ -76.866677860999971, -12.232639479999936 ], [ -76.866876360999981, -12.233123604999941 ], [ -76.866839235999976, -12.233557854999962 ], [ -76.866481360999956, -12.23409922999997 ], [ -76.865415237999969, -12.234821497999969 ], [ -76.865835346999972, -12.235916213999927 ], [ -76.866558858999952, -12.237665520999936 ], [ -76.866569934999973, -12.237692042999988 ], [ -76.866672932999961, -12.237938657999965 ], [ -76.867004165999958, -12.238720543999925 ], [ -76.866812428999935, -12.238783151999939 ], [ -76.865940259999945, -12.239123200999915 ], [ -76.865802145999965, -12.239177047999924 ], [ -76.865747950999946, -12.239198178999969 ], [ -76.865673630999936, -12.239227155999977 ], [ -76.865658477999943, -12.239188766999973 ], [ -76.865658104999966, -12.239187821999966 ], [ -76.865315512999985, -12.238319805999941 ], [ -76.865282227999955, -12.238175467999955 ], [ -76.865167503999942, -12.238045784999935 ], [ -76.865062645999956, -12.237920028999948 ], [ -76.864596278999954, -12.237360704999963 ], [ -76.864450630999954, -12.237200551999937 ], [ -76.863790497999958, -12.236417157999941 ], [ -76.86318205799995, -12.235695098999932 ], [ -76.863146483999969, -12.235738979999949 ], [ -76.863127997999982, -12.23576178699995 ], [ -76.86306886899996, -12.235810512999938 ], [ -76.86293526299994, -12.235920622999981 ], [ -76.862663, -12.236145001999938 ], [ -76.862556401999939, -12.236232850999958 ], [ -76.862473761, -12.236302389999924 ], [ -76.862418399999967, -12.236340458999962 ], [ -76.862336825999989, -12.236396553999951 ], [ -76.862261073999946, -12.236439172999942 ], [ -76.862139411999976, -12.236472815999937 ], [ -76.862127038999972, -12.236474610999952 ], [ -76.861985409999988, -12.236495145999974 ], [ -76.861921093999968, -12.236504471999984 ], [ -76.861913247999951, -12.236505317999953 ], [ -76.861766581999973, -12.236521106999939 ], [ -76.861697968999977, -12.236563036999932 ], [ -76.861520399999961, -12.236681241999971 ], [ -76.861503934999973, -12.236696438999953 ], [ -76.861496796999973, -12.236729276999936 ], [ -76.861496796999973, -12.236793520999983 ], [ -76.861511071999985, -12.237076202999964 ], [ -76.861536770999976, -12.23715757999998 ], [ -76.861550112999964, -12.237202936999942 ], [ -76.861551048999956, -12.237206120999925 ], [ -76.861552259999939, -12.237219442999958 ], [ -76.861556760999974, -12.237268938999923 ], [ -76.861549620999938, -12.237340321999957 ], [ -76.861540721999972, -12.23737479799996 ], [ -76.861538198999938, -12.237384579999965 ], [ -76.861518212999954, -12.237435975999965 ], [ -76.861507686999971, -12.237447922999925 ], [ -76.861306916, -12.237675825999922 ], [ -76.861225538999975, -12.237761487999936 ], [ -76.861196983999946, -12.237777190999962 ], [ -76.86116272199996, -12.237785756999918 ], [ -76.861122745999978, -12.237788612999966 ], [ -76.861069921999956, -12.237788612999962 ], [ -76.861024235999935, -12.237794323999934 ], [ -76.860972839999988, -12.237810028999942 ], [ -76.860927151999988, -12.237837153999973 ], [ -76.860882895999964, -12.237871417999946 ], [ -76.860860565999985, -12.237878479999955 ], [ -76.860821774999977, -12.237890751999943 ], [ -76.860784405999937, -12.237936442999962 ], [ -76.860761493999973, -12.237988825999929 ], [ -76.860748909999984, -12.238017594999967 ], [ -76.860739425999952, -12.238052336999941 ], [ -76.860719194999945, -12.238114655999933 ], [ -76.860712009999986, -12.238130247999942 ], [ -76.860704897999938, -12.238156602999936 ], [ -76.860695384999985, -12.238186561999958 ], [ -76.860665962999974, -12.238256758999963 ], [ -76.860594202999948, -12.238321172999971 ], [ -76.860454131, -12.238472751999941 ], [ -76.860439192999934, -12.23848891399996 ], [ -76.860417038999969, -12.238519674999955 ], [ -76.860387149999951, -12.238557186999977 ], [ -76.860334044999945, -12.238607180999962 ], [ -76.860291221999944, -12.238608536999942 ], [ -76.860115085999951, -12.238643766999928 ], [ -76.860113018999982, -12.238644180999925 ], [ -76.860049895999964, -12.23865776299994 ], [ -76.860003716999984, -12.238660465999939 ], [ -76.859951458999944, -12.238663211999954 ], [ -76.859926598999948, -12.238668376999959 ], [ -76.859918610999955, -12.238670036999967 ], [ -76.859916485999975, -12.238670176999957 ], [ -76.859914966999952, -12.238670793999978 ], [ -76.859891971999957, -12.238675573999961 ], [ -76.859855221999965, -12.238695047999951 ], [ -76.859780223999962, -12.238734790999956 ], [ -76.859728089999976, -12.238762418999961 ], [ -76.859726081999952, -12.23876587699994 ], [ -76.85970671299998, -12.238799208999977 ], [ -76.859702141999946, -12.238807075999945 ], [ -76.859670928999947, -12.238839065999967 ], [ -76.859658110999987, -12.238846604999932 ], [ -76.859650735999935, -12.238850479999934 ], [ -76.859274235999976, -12.237978354999932 ], [ -76.858990985999981, -12.237238104999966 ], [ -76.858899485999984, -12.236799354999963 ], [ -76.858515735999958, -12.236388104999952 ], [ -76.858248235999952, -12.23610647999994 ], [ -76.857821110999978, -12.235656979999924 ], [ -76.857281860999933, -12.235236479999973 ], [ -76.85697111099995, -12.23499885499996 ], [ -76.856623360999947, -12.234569979999952 ], [ -76.856206110999949, -12.233690854999969 ], [ -76.855737235999982, -12.233308104999937 ], [ -76.855152360999966, -12.23308872999996 ], [ -76.854900735999934, -12.23315522999996 ], [ -76.854622235999955, -12.233536604999921 ], [ -76.854308985999978, -12.233880604999966 ], [ -76.853940985999941, -12.234237604999969 ], [ -76.853617360999976, -12.234538979999964 ], [ -76.853559110999981, -12.234556854999937 ], [ -76.853369235999935, -12.234615354999965 ], [ -76.853182110999981, -12.234672854999918 ], [ -76.852794360999951, -12.234660729999968 ], [ -76.852546110999981, -12.234829104999964 ], [ -76.852311860999976, -12.235141479999982 ], [ -76.851787360999936, -12.236223854999935 ], [ -76.851486235999971, -12.23688222999994 ], [ -76.851352111, -12.237417854999928 ], [ -76.851251735999938, -12.237919979999955 ], [ -76.85114011099995, -12.23826585499995 ], [ -76.850604610999937, -12.23877910499994 ], [ -76.850124610999956, -12.239191979999923 ], [ -76.849756486, -12.239515604999946 ], [ -76.84924323599995, -12.239504479999932 ], [ -76.847647610999957, -12.238578479999937 ], [ -76.846230110999954, -12.237766104999938 ], [ -76.843276235999951, -12.23632285499996 ], [ -76.842969985999957, -12.23590885499994 ], [ -76.843239985999972, -12.234588854999961 ], [ -76.843769985999984, -12.233188854999979 ], [ -76.843748735999952, -12.23310472999998 ], [ -76.843569985999977, -12.232398854999921 ], [ -76.843598360999977, -12.232261729999946 ], [ -76.843699985999933, -12.231768854999919 ], [ -76.844399985999985, -12.231098854999976 ], [ -76.844392985999946, -12.230852979999954 ], [ -76.84439286099996, -12.230849479999959 ], [ -76.844379985999979, -12.230398854999976 ], [ -76.843689985999958, -12.229888854999954 ], [ -76.843290111, -12.229446479999979 ], [ -76.843172860999971, -12.228807729999966 ], [ -76.843132985999944, -12.228469104999926 ], [ -76.843111110999985, -12.228282604999947 ], [ -76.84315223599998, -12.227942854999968 ], [ -76.843327235999936, -12.227798604999977 ], [ -76.843610986, -12.227647229999951 ], [ -76.843780360999972, -12.227458854999947 ], [ -76.843810985999937, -12.227210104999934 ], [ -76.843872985999951, -12.226707229999928 ], [ -76.843869985999959, -12.225838854999957 ], [ -76.844583235999949, -12.22473435499996 ], [ -76.844879485999968, -12.22412685499995 ], [ -76.844917634999945, -12.223910434999938 ], [ -76.844687759999943, -12.223766020999966 ], [ -76.844565645999978, -12.223689305999923 ], [ -76.844075005999969, -12.223354282999932 ], [ -76.844252393999966, -12.222893252999947 ], [ -76.844800331999977, -12.221803182999965 ], [ -76.844908300999975, -12.221597223999941 ], [ -76.845119030999967, -12.221130719999957 ], [ -76.845208489999948, -12.220945731999958 ], [ -76.845290309999939, -12.220787733999947 ], [ -76.84531286899994, -12.22076615799995 ], [ -76.845436436999989, -12.220726624999939 ], [ -76.845525557999963, -12.220735760999954 ], [ -76.845580063999989, -12.220724590999968 ], [ -76.845510110999953, -12.220600354999929 ], [ -76.845213985999976, -12.220162729999963 ], [ -76.844995235999988, -12.21982810499998 ], [ -76.844660610999938, -12.219570729999933 ], [ -76.844276985999954, -12.219527604999941 ], [ -76.843988, -12.219192 ], [ -76.843813, -12.219039 ], [ -76.843729, -12.218949 ], [ -76.843655, -12.218868 ], [ -76.843609, -12.21876 ], [ -76.843562, -12.21867 ], [ -76.843525, -12.21858 ], [ -76.843469, -12.218481 ], [ -76.843404, -12.2184 ], [ -76.843312, -12.218319 ], [ -76.843219, -12.218248 ], [ -76.843136, -12.218194 ], [ -76.843053, -12.21814 ], [ -76.842961, -12.218078 ], [ -76.842868, -12.218015 ], [ -76.842776, -12.21797 ], [ -76.842675, -12.217917 ], [ -76.842573, -12.217863 ], [ -76.842472, -12.21781 ], [ -76.842379, -12.217747 ], [ -76.842287, -12.217684 ], [ -76.842204, -12.217622 ], [ -76.842112, -12.217568 ], [ -76.84202, -12.217523 ], [ -76.841927, -12.21747 ], [ -76.841826, -12.217407 ], [ -76.841733, -12.217345 ], [ -76.84165, -12.217264 ], [ -76.841558, -12.21721 ], [ -76.841475, -12.217157 ], [ -76.841373, -12.217076 ], [ -76.841235, -12.217023 ], [ -76.841115, -12.216969 ], [ -76.841023, -12.216934 ], [ -76.840931, -12.216889 ], [ -76.840829, -12.216854 ], [ -76.840737, -12.216809 ], [ -76.840645, -12.216782 ], [ -76.840553, -12.216774 ], [ -76.840452, -12.216757 ], [ -76.840342, -12.216739 ], [ -76.840231, -12.216722 ], [ -76.840121, -12.216696 ], [ -76.84001, -12.216669 ], [ -76.8399, -12.216643 ], [ -76.83978, -12.216616 ], [ -76.839679, -12.216608 ], [ -76.839578, -12.216582 ], [ -76.83944, -12.216546 ], [ -76.839329, -12.216511 ], [ -76.839228, -12.216458 ], [ -76.839136, -12.216413 ], [ -76.839034, -12.216359 ], [ -76.838905, -12.216297 ], [ -76.838822, -12.216243 ], [ -76.83873, -12.21619 ], [ -76.838647, -12.216136 ], [ -76.838554, -12.216082 ], [ -76.838453, -12.21602 ], [ -76.838351, -12.215939 ], [ -76.83825, -12.215867 ], [ -76.838148, -12.215805 ], [ -76.838056, -12.215769 ], [ -76.837927, -12.215725 ], [ -76.837798, -12.21569 ], [ -76.837679, -12.215672 ], [ -76.837568, -12.215664 ], [ -76.837458, -12.215656 ], [ -76.837357, -12.215656 ], [ -76.837247, -12.215648 ], [ -76.837136, -12.215649 ], [ -76.837026, -12.21565 ], [ -76.836925, -12.21565 ], [ -76.836824, -12.215669 ], [ -76.836723, -12.21567 ], [ -76.836622, -12.21567 ], [ -76.83653, -12.215698 ], [ -76.836429, -12.215708 ], [ -76.836328, -12.215718 ], [ -76.836227, -12.215727 ], [ -76.836108, -12.215737 ], [ -76.836007, -12.215747 ], [ -76.835896, -12.215748 ], [ -76.835795, -12.215757 ], [ -76.835694, -12.215767 ], [ -76.835593, -12.215768 ], [ -76.835501, -12.215768 ], [ -76.8354, -12.215778 ], [ -76.835235, -12.215788 ], [ -76.835116, -12.21578 ], [ -76.835005, -12.215772 ], [ -76.834904, -12.215745 ], [ -76.834785, -12.215755 ], [ -76.834693, -12.215774 ], [ -76.834583, -12.215783 ], [ -76.834472, -12.215793 ], [ -76.834353, -12.215812 ], [ -76.834243, -12.215831 ], [ -76.834133, -12.21585 ], [ -76.834013, -12.215869 ], [ -76.833903, -12.21586 ], [ -76.833802, -12.215843 ], [ -76.833692, -12.215835 ], [ -76.833581, -12.215844 ], [ -76.833462, -12.215827 ], [ -76.833333, -12.21581 ], [ -76.833204, -12.215802 ], [ -76.833076, -12.215793 ], [ -76.832947, -12.215785 ], [ -76.832809, -12.215777 ], [ -76.832671, -12.21576 ], [ -76.832542, -12.215743 ], [ -76.832414, -12.215744 ], [ -76.832285, -12.215735 ], [ -76.832165, -12.215727 ], [ -76.832037, -12.215719 ], [ -76.831917, -12.215711 ], [ -76.831798, -12.215703 ], [ -76.831697, -12.215685 ], [ -76.831605, -12.215668 ], [ -76.831503, -12.215641 ], [ -76.831384, -12.215615 ], [ -76.831255, -12.215589 ], [ -76.831126, -12.215553 ], [ -76.831006, -12.215518 ], [ -76.830896, -12.215465 ], [ -76.830767, -12.21542 ], [ -76.830647, -12.215376 ], [ -76.830527, -12.215331 ], [ -76.830407, -12.215287 ], [ -76.830278, -12.215252 ], [ -76.830168, -12.215216 ], [ -76.830067, -12.215181 ], [ -76.829956, -12.215145 ], [ -76.829855, -12.215101 ], [ -76.829753, -12.215056 ], [ -76.829643, -12.215012 ], [ -76.829532, -12.214976 ], [ -76.829431, -12.21495 ], [ -76.829339, -12.214923 ], [ -76.829256, -12.214906 ], [ -76.829155, -12.21487 ], [ -76.829053, -12.214835 ], [ -76.828943, -12.214827 ], [ -76.828833, -12.214827 ], [ -76.828732, -12.21481 ], [ -76.828639, -12.214774 ], [ -76.828547, -12.21473 ], [ -76.828455, -12.214685 ], [ -76.828363, -12.214641 ], [ -76.828261, -12.214596 ], [ -76.82816, -12.214543 ], [ -76.828068, -12.214471 ], [ -76.827975, -12.214399 ], [ -76.827883, -12.214319 ], [ -76.82779, -12.214229 ], [ -76.827707, -12.214139 ], [ -76.827615, -12.214067 ], [ -76.827504, -12.214014 ], [ -76.827402, -12.21396 ], [ -76.827301, -12.213898 ], [ -76.827199, -12.213835 ], [ -76.827098, -12.213781 ], [ -76.827006, -12.21371 ], [ -76.826913, -12.213629 ], [ -76.826821, -12.213539 ], [ -76.826719, -12.213449 ], [ -76.826626, -12.21336 ], [ -76.826516, -12.213279 ], [ -76.826405, -12.213198 ], [ -76.826294, -12.213109 ], [ -76.826192, -12.213019 ], [ -76.826081, -12.21292 ], [ -76.82597, -12.212822 ], [ -76.825869, -12.212732 ], [ -76.825749, -12.212633 ], [ -76.825647, -12.212553 ], [ -76.825545, -12.212463 ], [ -76.825444, -12.212382 ], [ -76.825351, -12.21232 ], [ -76.82525, -12.212248 ], [ -76.825139, -12.212167 ], [ -76.825028, -12.212078 ], [ -76.824936, -12.211997 ], [ -76.824735, -12.211844 ], [ -76.82438, -12.211545 ], [ -76.824182, -12.211364 ], [ -76.82399, -12.21113 ], [ -76.823854, -12.210946 ], [ -76.823733, -12.210758 ], [ -76.823598, -12.21058 ], [ -76.823229, -12.210201 ], [ -76.821514, -12.208291 ], [ -76.821067, -12.207741 ], [ -76.820712, -12.207357 ], [ -76.820413, -12.207073 ], [ -76.819968, -12.206673 ], [ -76.819222, -12.206026 ], [ -76.818837, -12.20563 ], [ -76.818505, -12.205254 ], [ -76.818311, -12.204938 ], [ -76.81816, -12.204616 ], [ -76.81807, -12.204251 ], [ -76.817994, -12.203884 ], [ -76.81792, -12.203404 ], [ -76.817859, -12.203004 ], [ -76.817832, -12.202861 ], [ -76.817792, -12.202732 ], [ -76.817732, -12.202602 ], [ -76.817506, -12.202233 ], [ -76.816931, -12.201226 ], [ -76.816553, -12.200511 ], [ -76.816453, -12.200308 ], [ -76.816344, -12.200157 ], [ -76.816203, -12.200007 ], [ -76.815928, -12.199783 ], [ -76.815668, -12.199583 ], [ -76.815428, -12.199361 ], [ -76.815229, -12.199145 ], [ -76.815109, -12.199054 ], [ -76.814947, -12.198965 ], [ -76.814764, -12.198895 ], [ -76.814588, -12.198842 ], [ -76.814405, -12.198742 ], [ -76.814218, -12.198674 ], [ -76.814099, -12.198644 ], [ -76.813979, -12.198631 ], [ -76.813793, -12.198643 ], [ -76.813492, -12.198664 ], [ -76.813232, -12.198668 ], [ -76.812929, -12.198693 ], [ -76.812374, -12.198713 ], [ -76.811759, -12.198754 ], [ -76.811342, -12.198762 ], [ -76.810956, -12.198774 ], [ -76.810565, -12.198765 ], [ -76.810289, -12.198736 ], [ -76.810065, -12.198682 ], [ -76.809854, -12.198629 ], [ -76.80977, -12.198576 ], [ -76.809715, -12.198511 ], [ -76.809615, -12.198421 ], [ -76.809469, -12.198306 ], [ -76.809254, -12.198184 ], [ -76.809124, -12.198103 ], [ -76.808994, -12.198027 ], [ -76.808872, -12.19795 ], [ -76.808785, -12.197927 ], [ -76.808727, -12.197927 ], [ -76.808652, -12.197923 ], [ -76.808532, -12.197924 ], [ -76.808358, -12.197929 ], [ -76.808268, -12.197942 ], [ -76.808111, -12.197992 ], [ -76.808005, -12.198008 ], [ -76.807849, -12.198001 ], [ -76.807501, -12.197996 ], [ -76.807222, -12.197998 ], [ -76.807031, -12.198007 ], [ -76.806889, -12.198029 ], [ -76.806759, -12.198046 ], [ -76.806546, -12.198043 ], [ -76.806379, -12.198043 ], [ -76.806232, -12.198083 ], [ -76.806143, -12.198131 ], [ -76.806069, -12.198206 ], [ -76.80595, -12.198274 ], [ -76.805868, -12.198298 ], [ -76.805763, -12.19829 ], [ -76.805643, -12.198267 ], [ -76.80553, -12.198259 ], [ -76.805393, -12.198276 ], [ -76.805217, -12.198304 ], [ -76.805168510999977, -12.198323045999922 ], [ -76.805150483999967, -12.19830835099998 ], [ -76.805030030999944, -12.198211989999949 ], [ -76.803209110999944, -12.198141979999944 ], [ -76.799609610999937, -12.198675229999933 ], [ -76.796721110999954, -12.198897354999927 ], [ -76.795121360999985, -12.199652854999954 ], [ -76.793877110999972, -12.201074854999947 ], [ -76.793008235999935, -12.202003729999939 ], [ -76.792588360999972, -12.202452479999968 ], [ -76.791033110999933, -12.203074604999923 ], [ -76.789199235999945, -12.202912979999958 ], [ -76.789136735999989, -12.202867854999976 ], [ -76.787624985999969, -12.201678604999922 ], [ -76.786746110999957, -12.200635604999938 ], [ -76.783745110999973, -12.198719604999944 ], [ -76.781434360999981, -12.197253104999957 ], [ -76.779878985999972, -12.19565335499993 ], [ -76.777968235999936, -12.193920229999948 ], [ -76.776057485999956, -12.191609479999959 ], [ -76.774013235999973, -12.190676229999941 ], [ -76.773469360999968, -12.190437729999934 ], [ -76.772496110999953, -12.190010604999941 ], [ -76.771035860999973, -12.189165354999943 ], [ -76.770146985999986, -12.187876729999964 ], [ -76.769302735999986, -12.186143604999929 ], [ -76.767969610999955, -12.185388104999955 ], [ -76.765303235999966, -12.18467710499994 ], [ -76.765260985999987, -12.184671854999976 ], [ -76.761703735999959, -12.184232729999961 ], [ -76.75961511099996, -12.184677104999937 ], [ -76.758597485999985, -12.184931479999939 ], [ -76.758370860999946, -12.18498822999992 ], [ -76.756948860999955, -12.184588229999973 ], [ -76.754193735999934, -12.182232979999984 ], [ -76.751394110999968, -12.178944604999977 ], [ -76.75072748599996, -12.17778922999997 ], [ -76.749394360999986, -12.177300354999936 ], [ -76.748150110999973, -12.17743360499998 ], [ -76.746048860999963, -12.177461729999957 ], [ -76.744662110999968, -12.176223354999939 ], [ -76.743084110999973, -12.174367479999953 ], [ -76.741928735999977, -12.171745604999945 ], [ -76.741128860999936, -12.169079229999964 ], [ -76.739751235999961, -12.16810160499994 ], [ -76.737751610999965, -12.167257229999962 ], [ -76.735885110999959, -12.165924104999927 ], [ -76.73397836099997, -12.164412979999945 ], [ -76.732507735999945, -12.16450210499994 ] ] ] } },
{ "type": "Feature", "properties": { "index": 1325, "UBIGEO": "150133", "CCDD": "15", "CCPP": "01", "CCDI": "33", "DEPARTAMEN": "LIMA", "PROVINCIA": "LIMA", "DISTRITO": "SAN JUAN DE MIRAFLORES", "OBJECTID": 1326.0, "ESRI_OID": 1326.0, "Zonas": "Todas Zonas", "sububigeo": "15013300", "tipo_influencia": "Indirecta", "abreviatura": "SJM" }, "geometry": { "type": "Polygon", "coordinates": [ [ [ -76.954641634999973, -12.115618641999962 ], [ -76.954232624999975, -12.115661801999982 ], [ -76.953823540999963, -12.115694893999937 ], [ -76.953353208999943, -12.115748555999971 ], [ -76.952872759999934, -12.115936317999964 ], [ -76.952583016999938, -12.115973024999954 ], [ -76.951682266999967, -12.116087274999927 ], [ -76.950903177999976, -12.116088135999977 ], [ -76.950295985999958, -12.115846920999962 ], [ -76.949730382999974, -12.116063182999934 ], [ -76.949239638999984, -12.116437477999972 ], [ -76.948740575999977, -12.11700308099995 ], [ -76.948441139999943, -12.117186072 ], [ -76.947746110999958, -12.117535104999945 ], [ -76.947599610999987, -12.117974229999952 ], [ -76.947590331999947, -12.117984133999922 ], [ -76.947318251999945, -12.118184194999969 ], [ -76.946540743999947, -12.118690784999947 ], [ -76.946525468999937, -12.118699620999964 ], [ -76.946060468999974, -12.118748620999943 ], [ -76.945510468999942, -12.118743620999956 ], [ -76.944938468999965, -12.119054620999975 ], [ -76.944320468999933, -12.119483620999976 ], [ -76.943824468999935, -12.120156620999982 ], [ -76.943481468999948, -12.120456620999958 ], [ -76.943023468999968, -12.120632620999965 ], [ -76.942314468999939, -12.120917620999931 ], [ -76.941574468999988, -12.120867620999936 ], [ -76.941526622999973, -12.120906752999927 ], [ -76.941261468999983, -12.121123620999978 ], [ -76.941082929999936, -12.121432553999973 ], [ -76.940828292999981, -12.121844293999965 ], [ -76.940791110999953, -12.122160854999946 ], [ -76.941969110999935, -12.123268854999933 ], [ -76.942490110999984, -12.123827729999958 ], [ -76.943030360999956, -12.124539979999943 ], [ -76.943341360999966, -12.125346979999961 ], [ -76.943507665999974, -12.125861872999961 ], [ -76.943885938999983, -12.126393702999968 ], [ -76.944166835999965, -12.126738268999919 ], [ -76.944665360999977, -12.127137229999962 ], [ -76.945106235999972, -12.127572229999938 ], [ -76.945384052999941, -12.128037881999941 ], [ -76.945571317999963, -12.128580948999971 ], [ -76.945590235999987, -12.129066604999938 ], [ -76.945444485999985, -12.129694854999965 ], [ -76.945187860999965, -12.130056354999958 ], [ -76.945211235999977, -12.130522855 ], [ -76.945714110999972, -12.131077854999946 ], [ -76.945802083999979, -12.13129722799993 ], [ -76.94640798599994, -12.131601459999953 ], [ -76.946383677999961, -12.131646409999979 ], [ -76.946311579999985, -12.13183885899997 ], [ -76.946249823999949, -12.132099346999944 ], [ -76.946208823999939, -12.132160336999952 ], [ -76.946185507999985, -12.132203506999938 ], [ -76.946303436999983, -12.132354657999949 ], [ -76.946454997999979, -12.132540524999962 ], [ -76.94662765399994, -12.132644836999921 ], [ -76.946940591999976, -12.132630450999958 ], [ -76.947174862999987, -12.132582151999939 ], [ -76.947236177999969, -12.132631202999969 ], [ -76.947377200999938, -12.133005221999957 ], [ -76.947534093999934, -12.13306208699993 ], [ -76.947800270999949, -12.133109455999945 ], [ -76.94819234199997, -12.133159205999959 ], [ -76.948342669999988, -12.133234500999942 ], [ -76.948591229999977, -12.13334245299996 ], [ -76.948800479999989, -12.133348104999978 ], [ -76.948998360999951, -12.133310422999951 ], [ -76.949228427999984, -12.133344932999934 ], [ -76.949435487999949, -12.133436959999917 ], [ -76.949479395999958, -12.133488700999974 ], [ -76.949494100999971, -12.133547495999945 ], [ -76.949549780999973, -12.133627446999975 ], [ -76.949710210999967, -12.13363816399994 ], [ -76.949923544999933, -12.133696928999932 ], [ -76.949954298999955, -12.133689649999956 ], [ -76.949999151999975, -12.133726844999945 ], [ -76.950050352999938, -12.133796692999962 ], [ -76.950116487999935, -12.133899395999947 ], [ -76.950185069999975, -12.133975721999938 ], [ -76.950325352999982, -12.134090825999973 ], [ -76.950390098999947, -12.134148375999922 ], [ -76.950515991999964, -12.13431743499995 ], [ -76.950641040999983, -12.13437793499998 ], [ -76.950767516999974, -12.134469985999941 ], [ -76.951151788999937, -12.134716133999975 ], [ -76.95121851, -12.13493929799994 ], [ -76.951378579999982, -12.135325803999933 ], [ -76.951607157999945, -12.135473383999958 ], [ -76.951592417999962, -12.135511538999928 ], [ -76.951789893999944, -12.13567830199997 ], [ -76.951879688999952, -12.13556621599998 ], [ -76.952359718999958, -12.135679745999939 ], [ -76.952390952999963, -12.135791754999959 ], [ -76.952440538999952, -12.135780614999936 ], [ -76.952538003999962, -12.135827448999976 ], [ -76.952630470999964, -12.136001629999948 ], [ -76.952859638999939, -12.135947918999936 ], [ -76.953234167999938, -12.136120202999956 ], [ -76.953491210999971, -12.136258125999969 ], [ -76.953628540999944, -12.136537551999934 ], [ -76.953653639, -12.136835551999985 ], [ -76.953788757999973, -12.137286186999969 ], [ -76.95387816799996, -12.137511979999942 ], [ -76.953965352999944, -12.137751739999944 ], [ -76.954103249999946, -12.138041272999933 ], [ -76.954174251999973, -12.138069036999989 ], [ -76.95423668899997, -12.138138223999935 ], [ -76.954272126999967, -12.138198973999978 ], [ -76.954346860999976, -12.138347729999971 ], [ -76.954395315999989, -12.138452102999963 ], [ -76.95460510099997, -12.138726233999925 ], [ -76.954747598999973, -12.138856084999919 ], [ -76.955074542999967, -12.139432475999966 ], [ -76.955299770999943, -12.139645594999932 ], [ -76.955457188999958, -12.139979805999927 ], [ -76.955408753999961, -12.140159018999954 ], [ -76.955367581999951, -12.140539243999978 ], [ -76.955769602999979, -12.141091416999927 ], [ -76.956636612999944, -12.141648434999986 ], [ -76.956886057999952, -12.141711401999947 ], [ -76.957336514999952, -12.142069829999963 ], [ -76.957513307999989, -12.142471848999941 ], [ -76.957680413999981, -12.142704342999924 ], [ -76.957786972999941, -12.143304952999921 ], [ -76.957755489999954, -12.143549555999916 ], [ -76.957772440999975, -12.14374814399997 ], [ -76.957852360999937, -12.144336645999939 ], [ -76.957937124999944, -12.144716868999973 ], [ -76.957997669999941, -12.144929989999985 ], [ -76.958021888999951, -12.145206075999956 ], [ -76.958251960999988, -12.145334431 ], [ -76.958268913999973, -12.145646844999929 ], [ -76.958387581999943, -12.146012538999971 ], [ -76.958600700999966, -12.146109411999936 ], [ -76.958659915999988, -12.146441436999966 ], [ -76.958651559999964, -12.146569555999985 ], [ -76.958766218999983, -12.146877979999946 ], [ -76.958137954999984, -12.147161950999923 ], [ -76.958217425999976, -12.147383502999958 ], [ -76.958495540999934, -12.14727034099996 ], [ -76.958603122999989, -12.147620622999963 ], [ -76.958356097999967, -12.147744133999934 ], [ -76.958455391999962, -12.148039594999938 ], [ -76.958717235999984, -12.14814747999997 ], [ -76.958784759999958, -12.148448881999963 ], [ -76.958911735999948, -12.148581229999937 ], [ -76.95876296299997, -12.148984100999948 ], [ -76.959232979999967, -12.149208891999931 ], [ -76.959188368999946, -12.149343375999925 ], [ -76.959143186999938, -12.149754237999948 ], [ -76.959058423999977, -12.150243444999951 ], [ -76.959005143999946, -12.150606715999974 ], [ -76.958988190999946, -12.150783506999961 ], [ -76.958930067999972, -12.15090944299993 ], [ -76.958813819999989, -12.15109349899995 ], [ -76.958777110999961, -12.151250729999955 ], [ -76.958784610999942, -12.151542354999938 ], [ -76.958758118999981, -12.151875745999979 ], [ -76.958591013999978, -12.152071911999933 ], [ -76.958588591999955, -12.152207532999974 ], [ -76.958833325999933, -12.152205895999941 ], [ -76.959140764999972, -12.152614397999967 ], [ -76.959220684999934, -12.152641036999963 ], [ -76.959576690999938, -12.153173834999963 ], [ -76.959596628999975, -12.153391772999953 ], [ -76.959584923999955, -12.153407006999938 ], [ -76.959586944999955, -12.153429684999937 ], [ -76.95962717, -12.153707926999978 ], [ -76.959661343999983, -12.153737539999961 ], [ -76.959774302999961, -12.153751286999979 ], [ -76.959939725999959, -12.153762440999964 ], [ -76.960078530999965, -12.153769873999966 ], [ -76.960204026999975, -12.153762440999961 ], [ -76.960335225999984, -12.153736414999971 ], [ -76.960493731999975, -12.153682454999961 ], [ -76.960752382999942, -12.153594444999953 ], [ -76.96076580099998, -12.15361218299995 ], [ -76.961052876999986, -12.153928411999976 ], [ -76.961288126999989, -12.154189868999939 ], [ -76.961316214999954, -12.154221086999934 ], [ -76.961457229999951, -12.154374375999963 ], [ -76.961526960999947, -12.154450125999963 ], [ -76.961757470999942, -12.154700534999963 ], [ -76.961846657999956, -12.154797420999961 ], [ -76.961868393999964, -12.154821725999971 ], [ -76.961879690999979, -12.15483467099995 ], [ -76.961871522999957, -12.154840924999979 ], [ -76.960860173999947, -12.155614895999976 ], [ -76.960726548999958, -12.155717157999966 ], [ -76.960722614999952, -12.155720577999944 ], [ -76.960650352999949, -12.155783397999926 ], [ -76.960284866999984, -12.156101141999958 ], [ -76.960252620999938, -12.156129176999972 ], [ -76.960063911999953, -12.156293637999973 ], [ -76.960032007999985, -12.156321444999953 ], [ -76.959962950999966, -12.156381625999931 ], [ -76.959466014999975, -12.156814713999951 ], [ -76.958177316, -12.157900633999931 ], [ -76.958176552999987, -12.157901215999972 ], [ -76.957938759999934, -12.15808239999995 ], [ -76.957816014999935, -12.158180543999944 ], [ -76.957135663999964, -12.158780420999957 ], [ -76.956122128999937, -12.159586155999937 ], [ -76.956148134999978, -12.159607317999928 ], [ -76.95637908599997, -12.159821272999984 ], [ -76.956936591999977, -12.160337754999944 ], [ -76.956908202999955, -12.160361325999936 ], [ -76.956728509999948, -12.160536391999917 ], [ -76.956713413999978, -12.16055109699994 ], [ -76.956799452999974, -12.160623581999975 ], [ -76.957011306999959, -12.160802055999968 ], [ -76.957098048999967, -12.160865657999981 ], [ -76.957401698999945, -12.161116483999939 ], [ -76.957448093999972, -12.161169272999928 ], [ -76.957471725999937, -12.161225057999959 ], [ -76.957768536999936, -12.161925711999965 ], [ -76.957836389999954, -12.162102897999945 ], [ -76.958019899999954, -12.162585104999952 ], [ -76.958127325999953, -12.162859534999939 ], [ -76.958183788999975, -12.162985633999943 ], [ -76.958259114999976, -12.163182452999937 ], [ -76.958377005999978, -12.163455690999966 ], [ -76.958546487999968, -12.16381383699996 ], [ -76.958379380999986, -12.163911719999936 ], [ -76.958291817999964, -12.164001188999981 ], [ -76.958227300999965, -12.164102168999927 ], [ -76.958169487999953, -12.164191350999941 ], [ -76.958108431999975, -12.164259182999956 ], [ -76.957975823999959, -12.164387612999965 ], [ -76.957871413999953, -12.164450491999963 ], [ -76.957784706999973, -12.16448394899993 ], [ -76.957601231999959, -12.164540194999976 ], [ -76.957497210999975, -12.164568707999932 ], [ -76.957423811999945, -12.164598602999948 ], [ -76.957359167999982, -12.164635622999974 ], [ -76.957313860999989, -12.164682729999978 ], [ -76.957296075999977, -12.164698670999943 ], [ -76.957273581999971, -12.164751254999942 ], [ -76.957269835999966, -12.164760008999961 ], [ -76.957239032999951, -12.164812424999981 ], [ -76.957197200999985, -12.164888262999964 ], [ -76.957166776999941, -12.164953319999933 ], [ -76.957142059999981, -12.165022090999976 ], [ -76.957127798999977, -12.165089934999965 ], [ -76.957119985999952, -12.165172362999954 ], [ -76.957117315999938, -12.165200530999922 ], [ -76.957117315999938, -12.165233956999943 ], [ -76.957117315999938, -12.16527086899992 ], [ -76.957117600999936, -12.165299543999934 ], [ -76.957122567999988, -12.165418596999922 ], [ -76.957154190999972, -12.16552360299994 ], [ -76.95720487899996, -12.165640161999931 ], [ -76.95727213899994, -12.165754684999964 ], [ -76.95723425999995, -12.165799122999941 ], [ -76.956759464999948, -12.166452817999975 ], [ -76.956804016999968, -12.16648075699992 ], [ -76.956822318, -12.166498301999978 ], [ -76.956771946999936, -12.166585143999942 ], [ -76.956731837999939, -12.166633868999945 ], [ -76.956826587999956, -12.166748620999943 ], [ -76.956853161999959, -12.166970108999973 ], [ -76.956767382999942, -12.167207094999975 ], [ -76.956693210999958, -12.167412010999962 ], [ -76.956683602999988, -12.167427952999951 ], [ -76.95663694699995, -12.167505377999936 ], [ -76.956573839999976, -12.167610104999941 ], [ -76.956568261999962, -12.167624040999955 ], [ -76.95648702699998, -12.167826995999979 ], [ -76.956456970999966, -12.167902092999947 ], [ -76.956411772999957, -12.167987024999947 ], [ -76.956368661999988, -12.168061157999944 ], [ -76.956354511999962, -12.168085493999964 ], [ -76.956350341999951, -12.168092663999982 ], [ -76.956105792999949, -12.168513190999926 ], [ -76.956069321999962, -12.16901915399996 ], [ -76.956117235999955, -12.169064229999941 ], [ -76.955974110999989, -12.169287604999971 ], [ -76.95582486099994, -12.169531604999976 ], [ -76.955694936999976, -12.169703247999967 ], [ -76.955764751999936, -12.169772149999972 ], [ -76.955693255999961, -12.16995522599996 ], [ -76.955539036999937, -12.170020651999948 ], [ -76.955445571999974, -12.170090748999931 ], [ -76.955267987999946, -12.170305719999925 ], [ -76.955118442999947, -12.170558077999949 ], [ -76.955085610999959, -12.170772104999962 ], [ -76.955155487999946, -12.171104364999957 ], [ -76.955222245999948, -12.171275186999926 ], [ -76.955277333999959, -12.171964731999934 ], [ -76.955141807999951, -12.172394672999935 ], [ -76.954893589999983, -12.172641241999941 ], [ -76.954869040999952, -12.172999307999921 ], [ -76.954811358999962, -12.173510579999959 ], [ -76.954685507999955, -12.173859293999955 ], [ -76.954714348999971, -12.174139836999935 ], [ -76.954693372999941, -12.174234225999957 ], [ -76.954714348999971, -12.174339102999964 ], [ -76.954722214999947, -12.174441356999981 ], [ -76.954735323999955, -12.174533124999934 ], [ -76.954748735999942, -12.174801479999934 ], [ -76.954799360999971, -12.174855104999958 ], [ -76.954834360999939, -12.174973354999956 ], [ -76.954807860999949, -12.17512860499995 ], [ -76.954844610999942, -12.175229729999947 ], [ -76.954886110999951, -12.17552297999992 ], [ -76.95485748599998, -12.17571185499998 ], [ -76.954763235999977, -12.175991229999967 ], [ -76.954468235999968, -12.176398979999927 ], [ -76.954377075999957, -12.176834415999965 ], [ -76.953859432999934, -12.177033508999948 ], [ -76.953863856999988, -12.177675032999957 ], [ -76.953715913999986, -12.177847782999949 ], [ -76.953654366999956, -12.178417129999961 ], [ -76.953862872999935, -12.178413040999942 ], [ -76.95404214399997, -12.178344383999955 ], [ -76.954075835999959, -12.178413752999969 ], [ -76.954138030999957, -12.178534112999946 ], [ -76.954234921999969, -12.178742663999977 ], [ -76.954184124999983, -12.178825782999978 ], [ -76.954233360999979, -12.178998354999974 ], [ -76.954147485999954, -12.179193104999968 ], [ -76.95401211099994, -12.179351604999972 ], [ -76.953773145999946, -12.179698538999951 ], [ -76.953574581999987, -12.180063340999929 ], [ -76.953505315999962, -12.18008643099995 ], [ -76.953385253999954, -12.180428143999956 ], [ -76.953228249999938, -12.180617471999931 ], [ -76.953126659999953, -12.180792946999931 ], [ -76.953020450999986, -12.18127781199996 ], [ -76.952950409999971, -12.181479428999976 ], [ -76.952898655999945, -12.181753791999933 ], [ -76.952975968999965, -12.182162043999933 ], [ -76.953163600999972, -12.182349129999981 ], [ -76.95333448599996, -12.182611479999935 ], [ -76.953481360999945, -12.182876104999936 ], [ -76.953534235999939, -12.183289104999965 ], [ -76.953540380999982, -12.183481582999937 ], [ -76.953314005999971, -12.184193260999953 ], [ -76.95311178299994, -12.184818682999937 ], [ -76.95287525599997, -12.184779163999968 ], [ -76.952703413999984, -12.184821573999962 ], [ -76.952569065999967, -12.185052282999951 ], [ -76.952552497999989, -12.185126352999925 ], [ -76.952413673999956, -12.185327159999927 ], [ -76.952315118999934, -12.185402407999964 ], [ -76.952375249999989, -12.185561577999975 ], [ -76.952661620999947, -12.186096809999977 ], [ -76.952763936999986, -12.186099188999941 ], [ -76.952966190999973, -12.186191987999969 ], [ -76.953016159999962, -12.186294303999951 ], [ -76.953208896, -12.186327616999961 ], [ -76.953542020999976, -12.186327616999957 ], [ -76.953885139999954, -12.186292875999985 ], [ -76.954036473999963, -12.18625813599993 ], [ -76.954283136999948, -12.18618285299994 ], [ -76.95433008599997, -12.186255727999935 ], [ -76.954571546999944, -12.186450217999944 ], [ -76.954472962999944, -12.186696147999958 ], [ -76.954387776999965, -12.187289108999945 ], [ -76.954518807999989, -12.189298928999962 ], [ -76.954205852999962, -12.189850874999939 ], [ -76.954568997999957, -12.190156696999965 ], [ -76.956525864999946, -12.191295030999981 ], [ -76.958521655999959, -12.192451625999974 ], [ -76.958832198999971, -12.191923208999983 ], [ -76.959181977999947, -12.191682881999958 ], [ -76.959653167999988, -12.191679124999943 ], [ -76.960861116999979, -12.19235409299994 ], [ -76.961013733999948, -12.192649299999973 ], [ -76.96123225599996, -12.192647922999981 ], [ -76.961342919999936, -12.192643461999969 ], [ -76.961417073999939, -12.192645694999953 ], [ -76.961460192999937, -12.19265123999997 ], [ -76.961633839999934, -12.192673571999942 ], [ -76.961952138999948, -12.192709254999961 ], [ -76.962406200999965, -12.192760552 ], [ -76.963337145999958, -12.192868344999965 ], [ -76.963378116999934, -12.192873764999947 ], [ -76.963719134999963, -12.192918875999975 ], [ -76.964037104999989, -12.192960938999926 ], [ -76.96471758399997, -12.193039383999979 ], [ -76.964765630999977, -12.193044922999945 ], [ -76.965676909999956, -12.193146565999935 ], [ -76.965763675999938, -12.193156243999965 ], [ -76.965873048999981, -12.193169916999977 ], [ -76.966062497999985, -12.193189448999926 ], [ -76.966337886999952, -12.193222655999937 ], [ -76.966566411999963, -12.193244141999969 ], [ -76.966770317999988, -12.193263202999953 ], [ -76.966929151999977, -12.193263471999952 ], [ -76.967030880999985, -12.193260684999924 ], [ -76.96711725199998, -12.193258713999978 ], [ -76.968330673999958, -12.193045891999928 ], [ -76.969380985999976, -12.192861676999932 ], [ -76.970658278999963, -12.192630508999963 ], [ -76.970947348999971, -12.192571305999927 ], [ -76.970949380999969, -12.192570889999956 ], [ -76.971238235999976, -12.192511729999985 ], [ -76.971617020999986, -12.192412198999925 ], [ -76.972033815999964, -12.192282842999935 ], [ -76.97236238499994, -12.192174303999932 ], [ -76.972596919999944, -12.192098073999945 ], [ -76.972599231999951, -12.192096422999954 ], [ -76.972633339999959, -12.192072083999957 ], [ -76.972627255999967, -12.19222151099995 ], [ -76.972609001999956, -12.192518877999925 ], [ -76.972601005999934, -12.192722055999981 ], [ -76.972599518999971, -12.192839959999953 ], [ -76.972602298999959, -12.19296022599997 ], [ -76.972602827999935, -12.192983159999928 ], [ -76.97260678899994, -12.193154674999963 ], [ -76.972609001999956, -12.193250401999933 ], [ -76.972612698999967, -12.193320440999965 ], [ -76.972623681999949, -12.193528438999984 ], [ -76.972630454999944, -12.193656680999943 ], [ -76.972633339999959, -12.193711319999974 ], [ -76.972641917999965, -12.193799211999929 ], [ -76.972657163999941, -12.193955436999936 ], [ -76.97267745299996, -12.194163317999932 ], [ -76.972701446999963, -12.194308354999979 ], [ -76.972735255999964, -12.194512719999976 ], [ -76.972743944999934, -12.194557532999967 ], [ -76.972879309999939, -12.195272864999932 ], [ -76.973395026999981, -12.195181549999974 ], [ -76.974616022999953, -12.194965348999979 ], [ -76.975088280999955, -12.194881725999956 ], [ -76.975565300999961, -12.194797258999923 ], [ -76.975590831999966, -12.194792737999935 ], [ -76.975653233999935, -12.194781686999937 ], [ -76.976055903999963, -12.194706475999968 ], [ -76.976469962999943, -12.19462936299994 ], [ -76.976808864999953, -12.194566245999971 ], [ -76.97697653299997, -12.194535088999942 ], [ -76.977045841999939, -12.194522208999961 ], [ -76.977365001999942, -12.19428405599996 ], [ -76.97744970499997, -12.194175329999943 ], [ -76.977498042999969, -12.194113280999945 ], [ -76.978075817999979, -12.193307633999947 ], [ -76.978076917999942, -12.193306100999958 ], [ -76.978094813999974, -12.193281141999931 ], [ -76.978180067999972, -12.193163284999963 ], [ -76.978309718999981, -12.192978208999932 ], [ -76.978459341999951, -12.19268168099995 ], [ -76.978658200999973, -12.192287579999968 ], [ -76.978724522999983, -12.192107561999933 ], [ -76.978874727999937, -12.191699870999974 ], [ -76.979144454999982, -12.191201616999926 ], [ -76.979156991999957, -12.191172860999922 ], [ -76.979198407999945, -12.191077875999952 ], [ -76.979342909999971, -12.190706327999981 ], [ -76.979361968999967, -12.190657323999968 ], [ -76.979376231999936, -12.190610506999978 ], [ -76.979413532999956, -12.189900135999954 ], [ -76.979459421999934, -12.189026254999934 ], [ -76.979478231999963, -12.18884719899996 ], [ -76.979498386999978, -12.188334336999953 ], [ -76.979630343999986, -12.188097778999975 ], [ -76.979826671999945, -12.187858567999971 ], [ -76.979942198999936, -12.187785659999976 ], [ -76.979988085999935, -12.187756700999948 ], [ -76.980187179999973, -12.187665606999929 ], [ -76.980306850999966, -12.18762491399997 ], [ -76.980465192999986, -12.187590206999973 ], [ -76.980574610999952, -12.187618602999974 ], [ -76.981660095999985, -12.187900299999974 ], [ -76.981822843999964, -12.187942223999919 ], [ -76.983566626999959, -12.188321249999941 ], [ -76.983635665999941, -12.187863073999953 ], [ -76.983981528999948, -12.185515223999968 ], [ -76.982070161999957, -12.185036401999984 ], [ -76.982095954999977, -12.184808284999963 ], [ -76.982108309999944, -12.184754950999942 ], [ -76.982291954999937, -12.183338803999959 ], [ -76.982303837999964, -12.183247180999954 ], [ -76.982304087999978, -12.183245258999928 ], [ -76.982585909999955, -12.181922309999951 ], [ -76.982731604999984, -12.181497575999959 ], [ -76.982803669999953, -12.181287489999937 ], [ -76.983066829999984, -12.180462258999963 ], [ -76.983111700999984, -12.180315797999972 ], [ -76.983179643999961, -12.180026743999978 ], [ -76.983209364999936, -12.179900299999934 ], [ -76.983212347999938, -12.179886272999964 ], [ -76.983276675999946, -12.179583588999948 ], [ -76.983293790999937, -12.179451997999928 ], [ -76.983294929999943, -12.179283604999963 ], [ -76.983284528999945, -12.179151456999927 ], [ -76.983281929999976, -12.179118411999976 ], [ -76.983280097999966, -12.179095137999981 ], [ -76.983248153999966, -12.178920053999946 ], [ -76.983211645999972, -12.178760954999966 ], [ -76.983045364999953, -12.178194713999963 ], [ -76.983021847999964, -12.178114631999962 ], [ -76.983014114999946, -12.178083465999977 ], [ -76.982991464999941, -12.177992166999962 ], [ -76.982957352999961, -12.177880411999981 ], [ -76.982938266999952, -12.17781787599994 ], [ -76.982744440999966, -12.177184262999949 ], [ -76.9826326, -12.176818663999939 ], [ -76.982499749999988, -12.176406163999955 ], [ -76.982482110999968, -12.176351397999955 ], [ -76.982468147999953, -12.176319094999947 ], [ -76.982328614999972, -12.175996344999934 ], [ -76.982293489999961, -12.175911264999968 ], [ -76.982224091999967, -12.175788682999949 ], [ -76.981803011999943, -12.17513243099995 ], [ -76.981522128999984, -12.174718745999941 ], [ -76.981188474999954, -12.174227338999959 ], [ -76.981182177999983, -12.174200969999964 ], [ -76.981146768999963, -12.174052698999953 ], [ -76.981146052999975, -12.174049700999941 ], [ -76.981145641999944, -12.174046262999978 ], [ -76.981109272999959, -12.173741637999967 ], [ -76.981091626999955, -12.173520047999938 ], [ -76.981074679999949, -12.173307274999949 ], [ -76.98106145099996, -12.172798584999947 ], [ -76.98104202899998, -12.172051725999948 ], [ -76.981055567999988, -12.171831612999933 ], [ -76.981051200999957, -12.171822266999987 ], [ -76.98115848599997, -12.171832856999963 ], [ -76.982490236, -12.17154435499997 ], [ -76.983255985999961, -12.171022854999935 ], [ -76.98348933799997, -12.170804041999927 ], [ -76.983966235999958, -12.170356854999975 ], [ -76.984344001999943, -12.170063641999949 ], [ -76.98442698599996, -12.169999231999949 ], [ -76.984779083999982, -12.169545416999934 ], [ -76.985472505999951, -12.168651668999928 ], [ -76.985778309999944, -12.168257522999962 ], [ -76.985995032999938, -12.167978190999966 ], [ -76.986237360999951, -12.167665854999933 ], [ -76.984931532999951, -12.16644387299994 ], [ -76.984741751999934, -12.166415278999985 ], [ -76.984410202999982, -12.166479239999946 ], [ -76.984242733999963, -12.165774041999946 ], [ -76.984142511999949, -12.165414622999945 ], [ -76.984096083999987, -12.165245258999958 ], [ -76.984017610999956, -12.164953780999944 ], [ -76.983795833999977, -12.164234004999964 ], [ -76.98378482399994, -12.164136125999965 ], [ -76.983788968999988, -12.163999983999936 ], [ -76.98379762899998, -12.163715604999929 ], [ -76.983795651999969, -12.163619104999958 ], [ -76.983795526999984, -12.163613233999973 ], [ -76.983794989999978, -12.163589172999927 ], [ -76.983789903999934, -12.163351627999925 ], [ -76.983787786999983, -12.163249413999944 ], [ -76.983789932999969, -12.163101206999951 ], [ -76.983793372999969, -12.162863645999947 ], [ -76.983793643999945, -12.162844776999975 ], [ -76.983802798999989, -12.162827252999934 ], [ -76.983821024999941, -12.162792358999976 ], [ -76.98391473199996, -12.162717284999928 ], [ -76.983995540999956, -12.162652541999929 ], [ -76.983997157999966, -12.162650942999958 ], [ -76.98408713699996, -12.16255612299995 ], [ -76.984122501999934, -12.162494782999943 ], [ -76.98418296899996, -12.162386602999954 ], [ -76.984183770999948, -12.162385030999932 ], [ -76.984184845999948, -12.162382930999966 ], [ -76.984249157999955, -12.162257192999949 ], [ -76.98425943899997, -12.162231422999975 ], [ -76.984309802999974, -12.162108297999968 ], [ -76.984335843999986, -12.162040872999974 ], [ -76.984352224999967, -12.161966813999983 ], [ -76.98428222299998, -12.161413354999986 ], [ -76.984283743999981, -12.161358334999925 ], [ -76.984298956999965, -12.161307776999934 ], [ -76.984321823999949, -12.161270368999956 ], [ -76.984466173999976, -12.161135655999939 ], [ -76.984686116999967, -12.160978188999927 ], [ -76.984725395999988, -12.16095006599995 ], [ -76.98472908399998, -12.160208897999956 ], [ -76.984929665999971, -12.160177256999923 ], [ -76.984895974999972, -12.158828176999979 ], [ -76.984871491999968, -12.158022014999972 ], [ -76.984862009999972, -12.157710125999921 ], [ -76.984379575999981, -12.157721139999971 ], [ -76.984376993999945, -12.157872758999934 ], [ -76.983123766999938, -12.15753856799995 ], [ -76.983145893999961, -12.157464067999973 ], [ -76.983245579999959, -12.157128444999962 ], [ -76.983540655999946, -12.156134729999959 ], [ -76.983670393999944, -12.155409430999944 ], [ -76.983762972999955, -12.154891938999988 ], [ -76.983805983999957, -12.154466762999965 ], [ -76.983824335999941, -12.154194758999944 ], [ -76.983829054999944, -12.154124799999975 ], [ -76.983840593999957, -12.153701315999964 ], [ -76.983847438999987, -12.153547381999935 ], [ -76.983855231999939, -12.153372170999949 ], [ -76.983829792999984, -12.153049102999949 ], [ -76.983828895999977, -12.152933631999925 ], [ -76.98381558799997, -12.152688266999968 ], [ -76.983800374999987, -12.152448479999963 ], [ -76.983766149999951, -12.152147346999978 ], [ -76.983735725999964, -12.151928004999954 ], [ -76.983661569999981, -12.151493038999943 ], [ -76.98362581799995, -12.151331061999944 ], [ -76.983517934999952, -12.150838622999968 ], [ -76.983449745999962, -12.15057061299996 ], [ -76.98337606399997, -12.150317344999952 ], [ -76.98329287699994, -12.150078018999974 ], [ -76.983212065999965, -12.14983869099995 ], [ -76.983138452999981, -12.149627582999917 ], [ -76.982895921999955, -12.148856711999942 ], [ -76.982767157999959, -12.148516538999951 ], [ -76.982747415999938, -12.148459245999963 ], [ -76.982662722999976, -12.148213454999967 ], [ -76.982570358999965, -12.147945405999964 ], [ -76.982431554999948, -12.147491842999953 ], [ -76.98229513299998, -12.147014856999922 ], [ -76.98216813099998, -12.146502252999943 ], [ -76.982110813999952, -12.146303959999948 ], [ -76.982042749999948, -12.146026977999943 ], [ -76.981759089999969, -12.144518414999931 ], [ -76.981474140999978, -12.142827448999975 ], [ -76.981112977999942, -12.140708106999966 ], [ -76.980757776999951, -12.138735198999935 ], [ -76.980363173999933, -12.138791317999962 ], [ -76.98001542999998, -12.138966467999984 ], [ -76.979538255999955, -12.139033149999932 ], [ -76.979175452999982, -12.139338582999924 ], [ -76.978474282999969, -12.139248637999977 ], [ -76.978096339999979, -12.139180883999931 ], [ -76.977652663999947, -12.139461243999964 ], [ -76.977214431999982, -12.139737520999963 ], [ -76.977393192999955, -12.139929247999927 ], [ -76.977296110999987, -12.140092002999944 ], [ -76.977258899999981, -12.140173414999936 ], [ -76.977179802999956, -12.140388028999954 ], [ -76.977121848999957, -12.140548059999965 ], [ -76.976959458999943, -12.141057678999974 ], [ -76.977407630999949, -12.141224715999957 ], [ -76.977731653999967, -12.141109698999967 ], [ -76.977914294999948, -12.141044866999948 ], [ -76.977931427999977, -12.141056286999966 ], [ -76.978014378999958, -12.141332737999955 ], [ -76.977875227999959, -12.141353032999968 ], [ -76.977796272999967, -12.141368469999973 ], [ -76.977389307999943, -12.141845948999956 ], [ -76.977347104999978, -12.141896479999961 ], [ -76.976930147999951, -12.142198807999922 ], [ -76.976705526999979, -12.142505284999968 ], [ -76.976388616999941, -12.142979202999985 ], [ -76.976565343999937, -12.143176713999935 ], [ -76.976226464999968, -12.143528090999949 ], [ -76.975267247999966, -12.142675409999987 ], [ -76.974824870999953, -12.142273770999964 ], [ -76.974461598999937, -12.142134813999972 ], [ -76.974879831999942, -12.141196498999935 ], [ -76.974957763999953, -12.140842940999962 ], [ -76.974974968999959, -12.14075687799993 ], [ -76.974992155999985, -12.140513926999974 ], [ -76.974957288999974, -12.140284706999969 ], [ -76.97487203299994, -12.139724262999955 ], [ -76.974872351, -12.139373239999946 ], [ -76.974872421999976, -12.139296032999939 ], [ -76.974880388999978, -12.139154081999948 ], [ -76.974899550999965, -12.139009565999967 ], [ -76.974977098999943, -12.138475092999956 ], [ -76.975086347999934, -12.138178588999951 ], [ -76.975111031, -12.138111594999939 ], [ -76.975155153999935, -12.138025317999954 ], [ -76.975384839999947, -12.137528633999967 ], [ -76.975443530999939, -12.137393854999967 ], [ -76.975551888999973, -12.137145026999967 ], [ -76.975448292999943, -12.137106319999923 ], [ -76.974761624999985, -12.136849758999967 ], [ -76.974430242, -12.136769817999953 ], [ -76.974565706999954, -12.13488851899996 ], [ -76.973791622999954, -12.13518578299994 ], [ -76.973135684999988, -12.135114188999975 ], [ -76.972156735999988, -12.135028207999943 ], [ -76.972124354999949, -12.13392073399995 ], [ -76.970919024999944, -12.133649123999938 ], [ -76.970795915999986, -12.132247438999961 ], [ -76.970112112999971, -12.131826071999967 ], [ -76.969691927999975, -12.131689120999965 ], [ -76.969246143999968, -12.131496649999976 ], [ -76.968448144, -12.130844524999935 ], [ -76.968308354999976, -12.130709557999975 ], [ -76.967529708999962, -12.130208911999947 ], [ -76.966932720999978, -12.129739881999964 ], [ -76.966201966999961, -12.129171104999955 ], [ -76.965860807999945, -12.128700256999942 ], [ -76.965580827999986, -12.128198764999976 ], [ -76.965229141999941, -12.127687711999954 ], [ -76.964877386999945, -12.127166588999959 ], [ -76.964526516999967, -12.126766293999935 ], [ -76.964041956999949, -12.126276321999972 ], [ -76.96356777699998, -12.125806411999974 ], [ -76.963186655999948, -12.125466747999953 ], [ -76.962897776999966, -12.125146567999931 ], [ -76.962495086, -12.124656008999985 ], [ -76.962174331999961, -12.12417494099998 ], [ -76.961987561999933, -12.12382382799996 ], [ -76.961902755999972, -12.123421645999935 ], [ -76.961751237999977, -12.122943463999952 ], [ -76.961651573999973, -12.122658133999945 ], [ -76.96151655999995, -12.122387209999934 ], [ -76.961319854999942, -12.12207644499995 ], [ -76.961194780999961, -12.12176517299997 ], [ -76.961008825999969, -12.121524819999939 ], [ -76.960842819999982, -12.121213834999939 ], [ -76.960739169999954, -12.121033315999963 ], [ -76.960604450999938, -12.120802668999938 ], [ -76.960469733999957, -12.120572020999928 ], [ -76.960273694999955, -12.120351875999969 ], [ -76.959954641999957, -12.120102391999975 ], [ -76.959615345999964, -12.119883258999939 ], [ -76.959288249999986, -12.119776709999934 ], [ -76.958949042999961, -12.119726854999957 ], [ -76.95857971099997, -12.119598559999936 ], [ -76.95846568199994, -12.119397973999972 ], [ -76.958278995999933, -12.119056924999935 ], [ -76.958132284999976, -12.118584688999931 ], [ -76.957996983999976, -12.118273487999945 ], [ -76.95791818899994, -12.117867184999964 ], [ -76.957734702999986, -12.117601795999967 ], [ -76.957652403999987, -12.11732937599993 ], [ -76.957465722999984, -12.116988327999934 ], [ -76.957167800999969, -12.116829317999935 ], [ -76.956911104999961, -12.116710293999969 ], [ -76.956499380999958, -12.116380901999944 ], [ -76.956232011999987, -12.116201534999959 ], [ -76.955830960999947, -12.115932483999931 ], [ -76.955521929999975, -12.115652713999973 ], [ -76.955050497999935, -12.115555340999949 ], [ -76.954641634999973, -12.115618641999962 ] ] ] } },
{ "type": "Feature", "properties": { "index": 1334, "UBIGEO": "150142", "CCDD": "15", "CCPP": "01", "CCDI": "42", "DEPARTAMEN": "LIMA", "PROVINCIA": "LIMA", "DISTRITO": "VILLA EL SALVADOR", "OBJECTID": 1335.0, "ESRI_OID": 1335.0, "Zonas": "Todas Zonas", "sububigeo": "15014200", "tipo_influencia": "Directa", "abreviatura": "VES" }, "geometry": { "type": "Polygon", "coordinates": [ [ [ -76.941634686999976, -12.183510725999946 ], [ -76.941604065999968, -12.183551403999955 ], [ -76.941490377, -12.183702422999946 ], [ -76.941338061999943, -12.183904750999949 ], [ -76.940932395999937, -12.184586989999962 ], [ -76.940076516999966, -12.186026377999944 ], [ -76.93999261099998, -12.18616748799997 ], [ -76.939804362999951, -12.186478694999954 ], [ -76.939445973999966, -12.18711500099994 ], [ -76.938759253999933, -12.188221540999965 ], [ -76.938180989999978, -12.189170848999929 ], [ -76.938102747999949, -12.189312905999948 ], [ -76.938045704999979, -12.189489467999968 ], [ -76.937943501999939, -12.189800780999978 ], [ -76.93790243899997, -12.189924274999955 ], [ -76.937858152, -12.190057473999948 ], [ -76.937837255999966, -12.190105514999962 ], [ -76.937757952999959, -12.19025736899993 ], [ -76.937289348999968, -12.191030680999969 ], [ -76.936377954999955, -12.19253471799993 ], [ -76.936093864999975, -12.193024989999977 ], [ -76.93577651399994, -12.193545936999959 ], [ -76.935553970999933, -12.193911250999971 ], [ -76.935209481999962, -12.194511649999979 ], [ -76.934849776999954, -12.195085543999943 ], [ -76.934502042999952, -12.195688885999969 ], [ -76.934369319999973, -12.195897311999945 ], [ -76.934356229999935, -12.195917870999946 ], [ -76.934120487999962, -12.196288079999928 ], [ -76.933117356999958, -12.197961608999954 ], [ -76.932387786999982, -12.199158549999931 ], [ -76.931685472999959, -12.200331446999948 ], [ -76.931327075999945, -12.200929625999947 ], [ -76.93121518099997, -12.201116362999924 ], [ -76.931012048999946, -12.201455364999966 ], [ -76.93021822999998, -12.202794737999964 ], [ -76.929447811999978, -12.204028073999947 ], [ -76.929062120999959, -12.204675014999966 ], [ -76.928342696999948, -12.205870551999976 ], [ -76.928022093999971, -12.20643700699998 ], [ -76.927678714999956, -12.206990081999948 ], [ -76.927318391999961, -12.207528100999983 ], [ -76.926162751999982, -12.209058073999923 ], [ -76.925728081999978, -12.209653047999943 ], [ -76.924928069999964, -12.210675135999956 ], [ -76.924927589999982, -12.210674495999962 ], [ -76.924841263999951, -12.210785020999937 ], [ -76.924468335999961, -12.211262487999933 ], [ -76.924432811999964, -12.211311069999971 ], [ -76.924050073999979, -12.211834520999966 ], [ -76.923906552999938, -12.212030807999957 ], [ -76.923723134999989, -12.212281661999956 ], [ -76.923437704999969, -12.212654116999939 ], [ -76.923186714999986, -12.212996989999956 ], [ -76.923004177999985, -12.213253450999959 ], [ -76.922810229999982, -12.213585174999938 ], [ -76.922674774999962, -12.213856463999942 ], [ -76.922636249999982, -12.213933624999987 ], [ -76.922490514999936, -12.21421244699996 ], [ -76.92240555799998, -12.214395672999956 ], [ -76.922403675999988, -12.214394643999984 ], [ -76.922396489999983, -12.214409528999964 ], [ -76.922370202999971, -12.214471922999962 ], [ -76.922213477999946, -12.214843928999935 ], [ -76.922123157999977, -12.215073903999951 ], [ -76.922100126999965, -12.215140067999931 ], [ -76.922051089999968, -12.21528094899997 ], [ -76.922044723999988, -12.215299235999973 ], [ -76.921997186999988, -12.215496686999924 ], [ -76.921984929999951, -12.215576811999931 ], [ -76.921770440999978, -12.216535989999949 ], [ -76.921736546999966, -12.216658620999965 ], [ -76.921549708999976, -12.217334598999972 ], [ -76.921100559999957, -12.218959625999961 ], [ -76.921012585999961, -12.219252260999951 ], [ -76.920880397999952, -12.219691993999952 ], [ -76.920766993999962, -12.220103649999942 ], [ -76.920575669999948, -12.220795491999972 ], [ -76.920491805999973, -12.221099178999964 ], [ -76.920407641999986, -12.221404686999968 ], [ -76.920209911999962, -12.222119995999941 ], [ -76.920055821999938, -12.222673325999942 ], [ -76.920011747999979, -12.222831592999965 ], [ -76.919850235999945, -12.223411581999919 ], [ -76.919677632999935, -12.22403139999995 ], [ -76.919642085999953, -12.224121229999978 ], [ -76.919540311999981, -12.224378418999956 ], [ -76.919478745999982, -12.224506096999962 ], [ -76.919442946999936, -12.224580338999946 ], [ -76.919415577999985, -12.224637098999953 ], [ -76.91923455999995, -12.224962676999954 ], [ -76.919099030999973, -12.225184217999987 ], [ -76.918985343999978, -12.225321030999957 ], [ -76.918901085999948, -12.225422426999959 ], [ -76.918784550999987, -12.22554243699995 ], [ -76.918760661999954, -12.225570813999974 ], [ -76.918754175999936, -12.22557852099993 ], [ -76.918636391999939, -12.225679682999949 ], [ -76.918467220999958, -12.225810569999956 ], [ -76.918275473999984, -12.225943032999956 ], [ -76.918077470999947, -12.226048680999956 ], [ -76.918044520999956, -12.226064358999954 ], [ -76.918040772999973, -12.226065934999944 ], [ -76.917911540999967, -12.226120315999939 ], [ -76.917741671999977, -12.226193165999966 ], [ -76.917021667999961, -12.226516506999932 ], [ -76.916357458999983, -12.226804540999977 ], [ -76.915334845999951, -12.227260516999934 ], [ -76.914062971999954, -12.227828225999925 ], [ -76.912665237999988, -12.228454870999936 ], [ -76.912497721999955, -12.228529971999938 ], [ -76.912396077999972, -12.228575542999971 ], [ -76.912249179999947, -12.22864121599997 ], [ -76.911924557999967, -12.228786342999975 ], [ -76.910493649999978, -12.229426053999935 ], [ -76.909727409999959, -12.229689586999939 ], [ -76.909731081999951, -12.229739881999937 ], [ -76.909767339999974, -12.230159733999923 ], [ -76.909821509999972, -12.230392926999967 ], [ -76.909960130999934, -12.23080051499994 ], [ -76.910025190999988, -12.230974626999974 ], [ -76.910443950999934, -12.232022887999966 ], [ -76.910704749999979, -12.232670737999976 ], [ -76.91091216999996, -12.23321088199998 ], [ -76.91100189399998, -12.233444534999936 ], [ -76.911065421999979, -12.233608768999952 ], [ -76.911101471999984, -12.233701969999965 ], [ -76.911165720999975, -12.233865264999963 ], [ -76.912038907999943, -12.236084563999944 ], [ -76.912238136999974, -12.236605481999966 ], [ -76.912306253999986, -12.236775045999932 ], [ -76.912389300999962, -12.236981774999942 ], [ -76.912452048999967, -12.237157377999941 ], [ -76.912523352999983, -12.237419387999971 ], [ -76.91256898599994, -12.237650739999937 ], [ -76.912597507999976, -12.23792111299996 ], [ -76.912599858999954, -12.23798772999994 ], [ -76.912608915999954, -12.238244442999937 ], [ -76.912605968999969, -12.238366993999941 ], [ -76.912591137999982, -12.238494094999966 ], [ -76.91257184899996, -12.238650766999957 ], [ -76.912535132999949, -12.238851038999936 ], [ -76.912426179999954, -12.239349784999948 ], [ -76.912309241999935, -12.239815266999919 ], [ -76.912302745999966, -12.23982295299993 ], [ -76.912038286999973, -12.240135807999939 ], [ -76.911718845999985, -12.240598504999976 ], [ -76.911670749999985, -12.240683936999973 ], [ -76.911458157999959, -12.241061569999948 ], [ -76.911291745999975, -12.241314667999982 ], [ -76.911187649999988, -12.241472985999959 ], [ -76.911305235999976, -12.241604729999944 ], [ -76.911732110999935, -12.24208285499998 ], [ -76.912790610999934, -12.242938729999937 ], [ -76.913939110999934, -12.24392960499995 ], [ -76.914952611, -12.24537097999996 ], [ -76.915110235999975, -12.24647447999997 ], [ -76.914862485999947, -12.247307729999934 ], [ -76.914682360999961, -12.248253604999936 ], [ -76.914884985999947, -12.248951729999922 ], [ -76.915538110999989, -12.24951460499995 ], [ -76.916076485999952, -12.249723104999939 ], [ -76.917140611, -12.250134729999949 ], [ -76.917320261999976, -12.250108694999943 ], [ -76.917318559999956, -12.249780606999941 ], [ -76.918256304999943, -12.249629190999947 ], [ -76.918344610999952, -12.249614932999974 ], [ -76.91823007399995, -12.248309114999927 ], [ -76.918215024999938, -12.248137557999936 ], [ -76.918881653999975, -12.248055258999951 ], [ -76.918976671999985, -12.248045127999937 ], [ -76.919926061999945, -12.247927661999933 ], [ -76.920767971999965, -12.24781395699995 ], [ -76.920790374999967, -12.247811190999929 ], [ -76.921478835999949, -12.247719752999949 ], [ -76.922143893999987, -12.247635284999951 ], [ -76.92269473999994, -12.247565088999975 ], [ -76.923302690999947, -12.247487756999934 ], [ -76.923966561999976, -12.247411612999944 ], [ -76.92422830299995, -12.247378299999989 ], [ -76.924637569999959, -12.247325954999958 ], [ -76.924913587999981, -12.247292639999948 ], [ -76.925119411999958, -12.247254569999946 ], [ -76.92562266799996, -12.247159389999968 ], [ -76.925774220999983, -12.247129739999938 ], [ -76.925783280999951, -12.247088006999942 ], [ -76.925955194999972, -12.24711505999994 ], [ -76.926017655999956, -12.247124887999963 ], [ -76.92624727499998, -12.247153442999954 ], [ -76.926492358999951, -12.247168909999962 ], [ -76.926812395999946, -12.247178424999957 ], [ -76.927220245999933, -12.247177958999943 ], [ -76.927199233999943, -12.247732110999939 ], [ -76.927208636999978, -12.248022604999957 ], [ -76.927197120999949, -12.24844597399993 ], [ -76.927213973999983, -12.248757938999981 ], [ -76.927282276999961, -12.249123350999986 ], [ -76.927376889999948, -12.249596196999962 ], [ -76.927391973999988, -12.249664245999947 ], [ -76.927442692999989, -12.250071040999948 ], [ -76.927485307999973, -12.250333473999948 ], [ -76.927471030999982, -12.250362026999928 ], [ -76.92740755799997, -12.250467655999953 ], [ -76.92708679499998, -12.250997221999972 ], [ -76.926945415999967, -12.251116592999947 ], [ -76.926917290999938, -12.251149335999965 ], [ -76.926902014999939, -12.251167116999964 ], [ -76.92678419899994, -12.251267159999941 ], [ -76.926671533, -12.251362827999975 ], [ -76.926675958999965, -12.251370538999939 ], [ -76.926696638999942, -12.251406581999953 ], [ -76.926743868999949, -12.251465620999967 ], [ -76.926777257999959, -12.251506682999942 ], [ -76.926847376999945, -12.251592920999938 ], [ -76.926943452999978, -12.251675403999968 ], [ -76.927045395999983, -12.251764692999926 ], [ -76.927119823999988, -12.251859420999955 ], [ -76.927235016999987, -12.252062131999926 ], [ -76.927303042999938, -12.252181838999945 ], [ -76.927399409999964, -12.252334124999948 ], [ -76.927435872999979, -12.252446055999933 ], [ -76.92744597799998, -12.25247706999995 ], [ -76.92746144299997, -12.252519413999957 ], [ -76.927524013999971, -12.252690760999934 ], [ -76.927608108999962, -12.252635749999968 ], [ -76.928118645999973, -12.252270626999971 ], [ -76.928680521, -12.251835823999956 ], [ -76.92984420099998, -12.250941131999982 ], [ -76.931526682999959, -12.249660835999983 ], [ -76.932874331999983, -12.248629016999923 ], [ -76.932918567999934, -12.248595178999949 ], [ -76.933073091999972, -12.248476981999934 ], [ -76.933233893999969, -12.248353979999932 ], [ -76.933327481999982, -12.248281835999935 ], [ -76.93342593899996, -12.248205938999945 ], [ -76.933761163999975, -12.247949514999963 ], [ -76.934339198999965, -12.247533286999952 ], [ -76.934637641999984, -12.24734379999995 ], [ -76.934700712999984, -12.24730375499996 ], [ -76.934838024999976, -12.247198665999971 ], [ -76.935120048999977, -12.247037508999936 ], [ -76.935587555999973, -12.246770362999928 ], [ -76.938214479999942, -12.245378377999934 ], [ -76.940241077999985, -12.248278436999961 ], [ -76.940384972999937, -12.248192100999963 ], [ -76.940528866999955, -12.24809137499995 ], [ -76.940615202999936, -12.248062594999965 ], [ -76.940701540999953, -12.24804820499998 ], [ -76.940888602999962, -12.247976256999944 ], [ -76.941046888999949, -12.24788992099996 ], [ -76.941219561999958, -12.247717247999949 ], [ -76.941334677999976, -12.24755896199998 ], [ -76.941550518999975, -12.247429458999926 ], [ -76.941780751999943, -12.247357510999953 ], [ -76.941967813999966, -12.247271172999952 ], [ -76.942097319999959, -12.24722800499995 ], [ -76.942370720999975, -12.24715605799997 ], [ -76.942514614999936, -12.247040940999963 ], [ -76.942716067999982, -12.246925825999933 ], [ -76.942802403999963, -12.246767542999976 ], [ -76.94291752099997, -12.246709983999951 ], [ -76.943018245999951, -12.24660925699993 ], [ -76.943104583999968, -12.246594868999974 ], [ -76.943392372999952, -12.246522920999947 ], [ -76.943507489999945, -12.246364635999951 ], [ -76.943608214999983, -12.246206350999957 ], [ -76.943766499999981, -12.246134403999973 ], [ -76.94398234199997, -12.246019288999948 ], [ -76.944284520999986, -12.245918561999931 ], [ -76.944500362999975, -12.245875393999942 ], [ -76.944673036999987, -12.24578905599998 ], [ -76.94480254299998, -12.245573213999927 ], [ -76.945003995999969, -12.245443708999975 ], [ -76.945248616999947, -12.245314204999946 ], [ -76.945421290999946, -12.245213477999924 ], [ -76.945680300999982, -12.245112751999955 ], [ -76.945982479999941, -12.244968856999948 ], [ -76.946140763999949, -12.244839350999934 ], [ -76.946342216999938, -12.24476740399996 ], [ -76.946457331999966, -12.244681067999981 ], [ -76.946601226, -12.244594729999958 ], [ -76.946701952999945, -12.244522782999972 ], [ -76.946874626999943, -12.244450835999933 ], [ -76.947076079999988, -12.244393276999977 ], [ -76.94721997399995, -12.24432132999994 ], [ -76.947378259999937, -12.244292549999955 ], [ -76.947694827999953, -12.244047928999967 ], [ -76.947910669999942, -12.243961592999941 ], [ -76.948097733999987, -12.243817698999973 ], [ -76.948299184999939, -12.243760139999944 ], [ -76.948471858999937, -12.243832086999921 ], [ -76.948615753999945, -12.243645024999978 ], [ -76.948702091999962, -12.243601856999932 ], [ -76.94883159799997, -12.243443571999931 ], [ -76.948946712999941, -12.243357233999971 ], [ -76.94909060699996, -12.243314065999975 ], [ -76.949320839999984, -12.243386012999961 ], [ -76.94955107, -12.24312700299992 ], [ -76.949766913999952, -12.243026276999958 ], [ -76.94988202899998, -12.24293993899993 ], [ -76.950025924, -12.24285360299996 ], [ -76.950299323999957, -12.24278165599998 ], [ -76.950774175999982, -12.242608981999972 ], [ -76.951119522999988, -12.242450696999978 ], [ -76.951378534999947, -12.242249245999975 ], [ -76.951637544999983, -12.242047792999928 ], [ -76.951867776999961, -12.241889506999943 ], [ -76.952098009999986, -12.241745612999974 ], [ -76.952328239999986, -12.241644885999953 ], [ -76.952544081999974, -12.24157293899998 ], [ -76.95283187299998, -12.241429043999966 ], [ -76.952918208999961, -12.241313928999952 ], [ -76.953033323999989, -12.241241981999959 ], [ -76.953205997999987, -12.241184422999943 ], [ -76.953349893999984, -12.241184422999936 ], [ -76.953810356999966, -12.241026137999947 ], [ -76.954126925999958, -12.240781516999959 ], [ -76.954285208999977, -12.240781516999952 ], [ -76.954472272999965, -12.24069518099998 ], [ -76.954587388999983, -12.240637622999934 ], [ -76.95474567399998, -12.240493727999937 ], [ -76.954860788999952, -12.240407391999955 ], [ -76.95500468299997, -12.240335444999971 ], [ -76.955177356999968, -12.240234717999963 ], [ -76.955306862999976, -12.240205938999962 ], [ -76.955407589999936, -12.240162770999978 ], [ -76.955537093999965, -12.240148379999944 ], [ -76.955724157999953, -12.24007643299996 ], [ -76.955868052999961, -12.240018876999962 ], [ -76.956011946999979, -12.239918149999943 ], [ -76.956199009999978, -12.239860590999969 ], [ -76.956414852999956, -12.239774252999954 ], [ -76.956573136999964, -12.239716696999944 ], [ -76.956817757999943, -12.239601581999977 ], [ -76.957062378999979, -12.239572801999945 ], [ -76.957249442999967, -12.239529631999977 ], [ -76.957508452999946, -12.239414516999949 ], [ -76.957637958999968, -12.239227454999925 ], [ -76.957825020999962, -12.239141116999981 ], [ -76.958026473999951, -12.238982833999948 ], [ -76.958227927999985, -12.238882106999945 ], [ -76.958343042999957, -12.238752600999927 ], [ -76.958486936999975, -12.238723821999933 ], [ -76.958674001999952, -12.238608706999964 ], [ -76.958947399999943, -12.238507979999955 ], [ -76.959120073999941, -12.238436032999971 ], [ -76.959292747999939, -12.238349696999935 ], [ -76.959508591999963, -12.238335305999957 ], [ -76.959767600999953, -12.238248969999978 ], [ -76.96005538999998, -12.238148243999934 ], [ -76.960256843999957, -12.237975569999941 ], [ -76.960443907999945, -12.237860452999941 ], [ -76.960731696999972, -12.237630221999947 ], [ -76.960990706999965, -12.237486327999926 ], [ -76.961249718999966, -12.237328042999936 ], [ -76.961638233999963, -12.237212926999977 ], [ -76.962084307999987, -12.237069032999955 ], [ -76.96235770899996, -12.236968305999941 ], [ -76.962559159999955, -12.23679563199993 ], [ -76.962731833999953, -12.236637346999935 ], [ -76.962918897999941, -12.236579790999945 ], [ -76.96307718199995, -12.236536620999974 ], [ -76.963278634999938, -12.236421504999948 ], [ -76.963436919999936, -12.236320778999985 ], [ -76.963609593999934, -12.236263221999934 ], [ -76.963695929999986, -12.236234442999949 ], [ -76.963782266999942, -12.236162495999972 ], [ -76.964026888999967, -12.236133715999932 ], [ -76.964242729999967, -12.236076157999937 ], [ -76.96453051899995, -12.235975430999932 ], [ -76.96468880499998, -12.235903483999937 ], [ -76.964760751999961, -12.235788368999984 ], [ -76.96494781399997, -12.23573080999995 ], [ -76.965192434999949, -12.235658862999975 ], [ -76.965393888999984, -12.235457409999981 ], [ -76.965609729999983, -12.235327905999952 ], [ -76.96576801599997, -12.235284735999921 ], [ -76.966084583999987, -12.235198399999948 ], [ -76.966257257999985, -12.235068893999939 ], [ -76.966573825999944, -12.234896219999943 ], [ -76.966804056999933, -12.234838663999938 ], [ -76.966962341999988, -12.234737936999981 ], [ -76.967221350999978, -12.23462281999997 ], [ -76.967422804999956, -12.234579651999979 ], [ -76.967552309999974, -12.234421368999955 ], [ -76.967739372999972, -12.234349418999953 ], [ -76.96794082599996, -12.234306251999961 ], [ -76.968084720999968, -12.234191135999939 ], [ -76.968329341999947, -12.234090409999959 ], [ -76.968602741999973, -12.233989682999956 ], [ -76.968804194999962, -12.233903346999972 ], [ -76.96902003699995, -12.233845788999934 ], [ -76.969149542999958, -12.233745061999972 ], [ -76.969350995999946, -12.233701893999978 ], [ -76.969538169999964, -12.233513376999952 ], [ -76.96978123599996, -12.233435604999954 ], [ -76.970513485999959, -12.233123104999942 ], [ -76.970667985999967, -12.232949229999976 ], [ -76.970992360999958, -12.232833979999953 ], [ -76.971304735999979, -12.232652354999981 ], [ -76.971617235999986, -12.23257622999995 ], [ -76.971890610999935, -12.232550729999948 ], [ -76.972242235999943, -12.232339854999969 ], [ -76.97246286099994, -12.232279354999942 ], [ -76.972607485999958, -12.232148479999971 ], [ -76.972843735999959, -12.232042979999958 ], [ -76.973040985999944, -12.23192572999994 ], [ -76.973185610999963, -12.231867229999983 ], [ -76.973642610999946, -12.231753854999964 ], [ -76.973978485999965, -12.231570354999977 ], [ -76.974206985999956, -12.231402354999938 ], [ -76.97450386099996, -12.231318354999932 ], [ -76.974701235999987, -12.231249854999922 ], [ -76.97492198599997, -12.231144479999953 ], [ -76.975265610999955, -12.231021479999983 ], [ -76.975470735999977, -12.230900354999957 ], [ -76.975904235999963, -12.23074810499998 ], [ -76.975669860999972, -12.230482479999971 ], [ -76.974841735999973, -12.229101604999919 ], [ -76.974353485999984, -12.228259729999923 ], [ -76.97388673599994, -12.227417979999929 ], [ -76.973510802999954, -12.226772741999975 ], [ -76.972959472999946, -12.225793116999974 ], [ -76.972418142, -12.224831081999975 ], [ -76.972382118999974, -12.22476705399993 ], [ -76.974652145999983, -12.222432717999935 ], [ -76.975698411999986, -12.221363614999964 ], [ -76.97598647999996, -12.221059774999956 ], [ -76.976208946999975, -12.220781020999944 ], [ -76.976348704999964, -12.220560807999956 ], [ -76.976465641999937, -12.220368467999945 ], [ -76.976579727999933, -12.220147323999987 ], [ -76.976709024999934, -12.219838834999965 ], [ -76.976785083999971, -12.219619549999939 ], [ -76.976864942999967, -12.219340795999928 ], [ -76.976937198999963, -12.21905461099993 ], [ -76.976986637, -12.218757270999957 ], [ -76.977013255999964, -12.218504534999964 ], [ -76.977024665999977, -12.218177459999932 ], [ -76.977013255999964, -12.217850387999937 ], [ -76.977001847999986, -12.21766826699997 ], [ -76.976910337999982, -12.217141784999965 ], [ -76.976438093999946, -12.214585868999958 ], [ -76.975987231999966, -12.212166198999975 ], [ -76.975803013999951, -12.211177553999956 ], [ -76.975190919999989, -12.20786748799998 ], [ -76.974791448999952, -12.20570947599998 ], [ -76.974213893999945, -12.202509133999976 ], [ -76.974021102999984, -12.201441809999947 ], [ -76.973877333999951, -12.200645879999975 ], [ -76.97329412299996, -12.197515327999955 ], [ -76.972879309999939, -12.195272864999932 ], [ -76.972743944999934, -12.194557532999967 ], [ -76.972735255999964, -12.194512719999976 ], [ -76.972701446999963, -12.194308354999979 ], [ -76.97267745299996, -12.194163317999932 ], [ -76.972657163999941, -12.193955436999936 ], [ -76.972641917999965, -12.193799211999929 ], [ -76.972633339999959, -12.193711319999974 ], [ -76.972630454999944, -12.193656680999943 ], [ -76.972623681999949, -12.193528438999984 ], [ -76.972612698999967, -12.193320440999965 ], [ -76.972609001999956, -12.193250401999933 ], [ -76.97260678899994, -12.193154674999963 ], [ -76.972602827999935, -12.192983159999928 ], [ -76.972602298999959, -12.19296022599997 ], [ -76.972599518999971, -12.192839959999953 ], [ -76.972601005999934, -12.192722055999981 ], [ -76.972609001999956, -12.192518877999925 ], [ -76.972627255999967, -12.19222151099995 ], [ -76.972633339999959, -12.192072083999957 ], [ -76.972599231999951, -12.192096422999954 ], [ -76.972596919999944, -12.192098073999945 ], [ -76.97236238499994, -12.192174303999932 ], [ -76.972033815999964, -12.192282842999935 ], [ -76.971617020999986, -12.192412198999925 ], [ -76.971238235999976, -12.192511729999985 ], [ -76.970949380999969, -12.192570889999956 ], [ -76.970947348999971, -12.192571305999927 ], [ -76.970658278999963, -12.192630508999963 ], [ -76.969380985999976, -12.192861676999932 ], [ -76.968330673999958, -12.193045891999928 ], [ -76.96711725199998, -12.193258713999978 ], [ -76.967030880999985, -12.193260684999924 ], [ -76.966929151999977, -12.193263471999952 ], [ -76.966770317999988, -12.193263202999953 ], [ -76.966566411999963, -12.193244141999969 ], [ -76.966337886999952, -12.193222655999937 ], [ -76.966062497999985, -12.193189448999926 ], [ -76.965873048999981, -12.193169916999977 ], [ -76.965763675999938, -12.193156243999965 ], [ -76.965676909999956, -12.193146565999935 ], [ -76.964765630999977, -12.193044922999945 ], [ -76.96471758399997, -12.193039383999979 ], [ -76.964037104999989, -12.192960938999926 ], [ -76.963719134999963, -12.192918875999975 ], [ -76.963378116999934, -12.192873764999947 ], [ -76.963337145999958, -12.192868344999965 ], [ -76.962406200999965, -12.192760552 ], [ -76.961952138999948, -12.192709254999961 ], [ -76.961633839999934, -12.192673571999942 ], [ -76.961460192999937, -12.19265123999997 ], [ -76.961417073999939, -12.192645694999953 ], [ -76.961342919999936, -12.192643461999969 ], [ -76.96123225599996, -12.192647922999981 ], [ -76.961013733999948, -12.192649299999973 ], [ -76.960861116999979, -12.19235409299994 ], [ -76.959653167999988, -12.191679124999943 ], [ -76.959181977999947, -12.191682881999958 ], [ -76.958832198999971, -12.191923208999983 ], [ -76.958521655999959, -12.192451625999974 ], [ -76.956525864999946, -12.191295030999981 ], [ -76.954568997999957, -12.190156696999965 ], [ -76.954205852999962, -12.189850874999939 ], [ -76.954518807999989, -12.189298928999962 ], [ -76.954387776999965, -12.187289108999945 ], [ -76.954472962999944, -12.186696147999958 ], [ -76.954571546999944, -12.186450217999944 ], [ -76.95433008599997, -12.186255727999935 ], [ -76.954283136999948, -12.18618285299994 ], [ -76.954036473999963, -12.18625813599993 ], [ -76.953885139999954, -12.186292875999985 ], [ -76.953542020999976, -12.186327616999957 ], [ -76.953208896, -12.186327616999961 ], [ -76.953016159999962, -12.186294303999951 ], [ -76.952966190999973, -12.186191987999969 ], [ -76.952763936999986, -12.186099188999941 ], [ -76.952661620999947, -12.186096809999977 ], [ -76.952375249999989, -12.185561577999975 ], [ -76.952315118999934, -12.185402407999964 ], [ -76.951989030999982, -12.185641899999945 ], [ -76.951306495999987, -12.18579804999996 ], [ -76.951144985999974, -12.185794229999932 ], [ -76.951005434999956, -12.185845288999923 ], [ -76.950854147999962, -12.185900641999979 ], [ -76.950695921999966, -12.185926967999929 ], [ -76.950612108999962, -12.185940911999969 ], [ -76.950288054999987, -12.18594052699995 ], [ -76.950260050999987, -12.185957377999953 ], [ -76.949989272999971, -12.186120327999957 ], [ -76.949761425999952, -12.186209616999976 ], [ -76.949729235999939, -12.186222229999942 ], [ -76.949582973999952, -12.186271522999949 ], [ -76.949549280999975, -12.186282141999975 ], [ -76.949536145999957, -12.186290018999959 ], [ -76.949469690999948, -12.186329870999947 ], [ -76.949249829999985, -12.186446940999923 ], [ -76.949195507999946, -12.186496790999971 ], [ -76.94910742199994, -12.186577624999924 ], [ -76.949044866999941, -12.186533764999975 ], [ -76.94897436499997, -12.18652654199996 ], [ -76.948946106999983, -12.186523647999934 ], [ -76.948600044999978, -12.186472762999921 ], [ -76.948322862999987, -12.186413499999958 ], [ -76.948013030999959, -12.18626360499996 ], [ -76.948011932999975, -12.186256692999965 ], [ -76.94800917799995, -12.186239332999948 ], [ -76.948002921999958, -12.186187584999965 ], [ -76.947976546999939, -12.186171073999953 ], [ -76.946953575999942, -12.185530635999953 ], [ -76.946657069999958, -12.185373325999931 ], [ -76.946648305999986, -12.185351905999942 ], [ -76.946646427999951, -12.185347661999966 ], [ -76.946620509999946, -12.185283969999933 ], [ -76.946607251999978, -12.185269430999941 ], [ -76.946542161999957, -12.185187010999922 ], [ -76.946523587999934, -12.185163491999957 ], [ -76.946432983999955, -12.185057737999962 ], [ -76.946316331999981, -12.184921872999951 ], [ -76.946288950999985, -12.184898286999942 ], [ -76.946248460999982, -12.184863403999934 ], [ -76.946204145999957, -12.184825223999944 ], [ -76.94607104499994, -12.184745303999939 ], [ -76.946069733999934, -12.184744665999972 ], [ -76.945822581999948, -12.184623872999959 ], [ -76.945394294999971, -12.184382987999983 ], [ -76.943614600999979, -12.18338350099998 ], [ -76.942808163999985, -12.182930600999953 ], [ -76.942187503999946, -12.182582032999967 ], [ -76.941634686999976, -12.183510725999946 ] ] ] } },
{ "type": "Feature", "properties": { "index": 0, "UBIGEO": "120705", "CCDD": "12", "CCPP": "07", "CCDI": "05", "DEPARTAMEN": "JUNIN", "PROVINCIA": "TARMA", "DISTRITO": "LA UNION", "OBJECTID": 1148.0, "ESRI_OID": 1148.0, "Zonas": "Blanco 1", "sububigeo": "12070503", "tipo_influencia": "Directa", "abreviatura": "LUL" }, "geometry": { "type": "Polygon", "coordinates": [ [ [ -75.785302556922659, -11.393253332879461 ], [ -75.785453333307245, -11.393253332797155 ], [ -75.786781790372771, -11.39335498826518 ], [ -75.788474169678409, -11.394242793802549 ], [ -75.788834840677978, -11.39452023303299 ], [ -75.78977813406145, -11.394658952648207 ], [ -75.791331793751866, -11.394353769494739 ], [ -75.794133929979239, -11.394381513417784 ], [ -75.795299174747072, -11.394658952648211 ], [ -75.796714114822279, -11.394825416186459 ], [ -75.797629664282709, -11.394797672263419 ], [ -75.800376312663985, -11.392800109804305 ], [ -75.801513813508762, -11.392189743497356 ], [ -75.803317168506581, -11.390469620268675 ], [ -75.805259243119608, -11.38827785034826 ], [ -75.80767296442437, -11.385531201966977 ], [ -75.811154826766298, -11.383214584392869 ], [ -75.819145076602766, -11.380939582703324 ], [ -75.824194470596638, -11.3809950705494 ], [ -75.831518866280049, -11.377721287630299 ], [ -75.833183501662646, -11.378276166091165 ], [ -75.834792649199159, -11.381383485472012 ], [ -75.836623748120019, -11.38315909654678 ], [ -75.838510334886962, -11.383492023623292 ], [ -75.841895093498238, -11.382992633008531 ], [ -75.846556072569498, -11.385656049620676 ], [ -75.851439003025121, -11.388985320385864 ], [ -75.859873155630268, -11.391648736998023 ], [ -75.86519998885457, -11.391204834229322 ], [ -75.87074877346322, -11.387431660695444 ], [ -75.874299995612759, -11.386765806542398 ], [ -75.881846342680518, -11.388763369001509 ], [ -75.882956099602254, -11.392980445304097 ], [ -75.883289026678796, -11.395338678762766 ], [ -75.882900611756185, -11.398168558913182 ], [ -75.883510978063143, -11.400055145680119 ], [ -75.882734148217935, -11.402219171677501 ], [ -75.882692532333365, -11.403093105253358 ], [ -75.883996496716392, -11.402191427754447 ], [ -75.885064637753558, -11.401872372639451 ], [ -75.887076072174196, -11.401275878294031 ], [ -75.892014490475887, -11.399555755065364 ], [ -75.898007177853231, -11.394783800301907 ], [ -75.903999865230574, -11.391121602460206 ], [ -75.906219379074031, -11.388680137232402 ], [ -75.907551087380114, -11.386793550465464 ], [ -75.908216941533155, -11.386349647696758 ], [ -75.911879139374875, -11.384463060929825 ], [ -75.912766944912264, -11.383797206776794 ], [ -75.911102309529653, -11.38157769293333 ], [ -75.909548649839223, -11.379358179089863 ], [ -75.908438892917502, -11.376694762477717 ], [ -75.908438892917502, -11.375585005555987 ], [ -75.909326698454876, -11.37469720001859 ], [ -75.911435236606167, -11.373476467404702 ], [ -75.914209628910498, -11.371035002176889 ], [ -75.917871826752233, -11.367483780027341 ], [ -75.925196222435659, -11.359049627422193 ], [ -75.932742569503418, -11.35427767265876 ], [ -75.93762549995904, -11.34850693666576 ], [ -75.939872757725553, -11.346620349898821 ], [ -75.942536174337704, -11.344733763131885 ], [ -75.945893189025938, -11.342680712826686 ], [ -75.946559043178965, -11.342070346519723 ], [ -75.950415448481991, -11.338852051446715 ], [ -75.953772463170225, -11.336799001141499 ], [ -75.956879782551056, -11.334052352760233 ], [ -75.959376735624957, -11.33355296214544 ], [ -75.959959358008859, -11.333247778991964 ], [ -75.959820638393651, -11.333025827607615 ], [ -75.957712100242361, -11.332526436992847 ], [ -75.956297160167153, -11.332470949146749 ], [ -75.953300816478489, -11.333081315453711 ], [ -75.95013800925156, -11.334163328452403 ], [ -75.946642274948104, -11.335023390066734 ], [ -75.9442008097203, -11.33535631714326 ], [ -75.94209227156901, -11.335189853604994 ], [ -75.93917915964947, -11.334107840606302 ], [ -75.937209341113387, -11.333164547222834 ], [ -75.934490436655153, -11.331999302455019 ], [ -75.931799276119975, -11.331749607147637 ], [ -75.929219091276977, -11.33316454722284 ], [ -75.926666650356992, -11.332609668761981 ], [ -75.923781282360494, -11.32983527645766 ], [ -75.922005671285717, -11.330168203534168 ], [ -75.918565424828373, -11.332387717377639 ], [ -75.915236154063166, -11.332054790301108 ], [ -75.911906883297974, -11.332276741685471 ], [ -75.909687369454531, -11.333164547222841 ], [ -75.908355661148434, -11.334052352760223 ], [ -75.905359317459769, -11.335716988142833 ], [ -75.900920289772841, -11.337159672141077 ], [ -75.895593456548539, -11.336826745064558 ], [ -75.891154428861626, -11.334274304144573 ], [ -75.887603206712086, -11.332165765993283 ], [ -75.883053203333006, -11.33050113061069 ], [ -75.879501981183466, -11.329502349381137 ], [ -75.874730026420011, -11.329391373688969 ], [ -75.869403193195708, -11.328281616767224 ], [ -75.86640684950703, -11.327837713998541 ], [ -75.864964165508781, -11.327615762614188 ], [ -75.860969040590561, -11.328059665382879 ], [ -75.859193429515784, -11.328170641075054 ], [ -75.857528794133188, -11.327393811229847 ], [ -75.857306842748883, -11.327033140230286 ], [ -75.856169341904106, -11.327421555152887 ], [ -75.853811108445427, -11.327671250460268 ], [ -75.850592813372415, -11.327532530845057 ], [ -75.848622994836333, -11.327171859845507 ], [ -75.84731903045332, -11.327393811229854 ], [ -75.844822077379419, -11.32592338330856 ], [ -75.842519331766852, -11.324231004002913 ], [ -75.841132135614686, -11.324341979695093 ], [ -75.836804083619938, -11.325618200155075 ], [ -75.834917496852995, -11.325118809540294 ], [ -75.832032128856497, -11.322011490159452 ], [ -75.830367493473901, -11.321900514467279 ], [ -75.82825895532261, -11.322899295696832 ], [ -75.82770407686175, -11.323898076926392 ], [ -75.823930903327863, -11.328392592459403 ], [ -75.817161386105312, -11.330889545533294 ], [ -75.813554676109689, -11.330057227841994 ], [ -75.809393087653248, -11.330001739995911 ], [ -75.806951622425458, -11.329224910150693 ], [ -75.800182105202893, -11.326672469230717 ], [ -75.797518688590742, -11.326672469230711 ], [ -75.793523563672508, -11.328115153228961 ], [ -75.784645508298667, -11.329779788611559 ], [ -75.782204043070863, -11.330223691380256 ], [ -75.779651602150878, -11.330889545533289 ], [ -75.776877209846546, -11.333109059376762 ], [ -75.774879647387436, -11.334218816298481 ], [ -75.770440619700523, -11.335661500296741 ], [ -75.766001592013595, -11.335661500296737 ], [ -75.763782078170138, -11.334884670451528 ], [ -75.757678415100614, -11.336105403065421 ], [ -75.753794265874561, -11.336549305834115 ], [ -75.750464995109368, -11.338324916908888 ], [ -75.748245481265911, -11.340211503675826 ], [ -75.746469870191149, -11.342320041827106 ], [ -75.74558206465376, -11.341987114750603 ], [ -75.745859503884148, -11.340294735444951 ], [ -75.745526576807634, -11.340294735444962 ], [ -75.744444563808941, -11.341695803558643 ], [ -75.743487398464012, -11.341931626904502 ], [ -75.74182276308143, -11.342874920287983 ], [ -75.739214834315362, -11.342874920287976 ], [ -75.737383735394502, -11.343207847364498 ], [ -75.735941051396253, -11.343207847364493 ], [ -75.734720318782351, -11.343762725825364 ], [ -75.732722756323241, -11.344040165055796 ], [ -75.731335560171075, -11.344095652901874 ], [ -75.730170315403257, -11.344650531362742 ], [ -75.728616655712827, -11.344484067824489 ], [ -75.727728850175453, -11.345205409823619 ], [ -75.726785556791981, -11.345205409823617 ], [ -75.725842263408509, -11.345871263976651 ], [ -75.725398360639815, -11.346703581667958 ], [ -75.724510555102427, -11.347591387205332 ], [ -75.723178846796358, -11.34831272920445 ], [ -75.721292260029415, -11.350310291663581 ], [ -75.718961770493792, -11.351420048585309 ], [ -75.717297135111181, -11.354804807196587 ], [ -75.71507762126771, -11.360020664728726 ], [ -75.713523961577295, -11.36268408134087 ], [ -75.712081277579045, -11.364348716723459 ], [ -75.71097152065731, -11.366956645489525 ], [ -75.709695300197325, -11.370396891946895 ], [ -75.708086152660812, -11.373948114096425 ], [ -75.707531274199951, -11.377388360553798 ], [ -75.708308104045159, -11.380329216396389 ], [ -75.711914814040782, -11.383270072238954 ], [ -75.714411767114669, -11.385988976697208 ], [ -75.715625785595819, -11.387810007239052 ], [ -75.715219592122494, -11.386497687536037 ], [ -75.714636969738578, -11.385027259614732 ], [ -75.71430404266205, -11.384250429769514 ], [ -75.713333005355537, -11.383445856001241 ], [ -75.713111053971176, -11.382946465386459 ], [ -75.712778126894634, -11.38147603746514 ], [ -75.712195504510717, -11.379839146005571 ], [ -75.712389711972023, -11.378923596545141 ], [ -75.712750382971592, -11.378146766699922 ], [ -75.713749164201161, -11.377147985470348 ], [ -75.71474794543073, -11.376537619163395 ], [ -75.715739790679507, -11.374956215549913 ], [ -75.716280797178854, -11.373999050204915 ], [ -75.716856483582006, -11.37311124466752 ], [ -75.716800995735923, -11.372015359707291 ], [ -75.716842611620521, -11.371099810246861 ], [ -75.717827520888576, -11.371432737323383 ], [ -75.718368527387938, -11.37191825597664 ], [ -75.719186973117701, -11.372112463437945 ], [ -75.720227370231839, -11.371876640092076 ], [ -75.721281639307492, -11.371599200861647 ], [ -75.721739414037714, -11.371599200861631 ], [ -75.722613347613589, -11.371821152245991 ], [ -75.723223713920561, -11.371765664399899 ], [ -75.724125391419463, -11.371335633592732 ], [ -75.724708013803379, -11.371224657900559 ], [ -75.725984234263379, -11.37051718786295 ], [ -75.726677832339462, -11.370655907478152 ], [ -75.727524021992295, -11.371155298092946 ], [ -75.728619906952488, -11.372348286783806 ], [ -75.729563200335974, -11.37270895778337 ], [ -75.729785151720321, -11.371072066323801 ], [ -75.730201310565974, -11.368991272095545 ], [ -75.730451005873363, -11.367187917097713 ], [ -75.730700701180766, -11.36535681817683 ], [ -75.730894908642071, -11.363581207102039 ], [ -75.73114460394946, -11.361888827796385 ], [ -75.73128332356471, -11.36047388772117 ], [ -75.731477531026002, -11.359447362568563 ], [ -75.73236533656339, -11.360473887721167 ], [ -75.733419605639071, -11.36194431564247 ], [ -75.734640338252987, -11.363581207102042 ], [ -75.735084241021667, -11.364385780870313 ], [ -75.735417168098181, -11.36532907425379 ], [ -75.735916558712972, -11.36602267232988 ], [ -75.736804364250361, -11.366466575098583 ], [ -75.73735924271125, -11.366383343329451 ], [ -75.738330280017763, -11.36607816017597 ], [ -75.739245829478193, -11.366993709636411 ], [ -75.739717476169943, -11.367604075943364 ], [ -75.738940646324721, -11.368103466558146 ], [ -75.738968390247763, -11.368630601095971 ], [ -75.739689732246887, -11.369518406633372 ], [ -75.740910464860818, -11.370683651401208 ], [ -75.742575100243428, -11.371543713015541 ], [ -75.743740345011219, -11.371821152245982 ], [ -75.744739126240773, -11.371626944784678 ], [ -75.745987602777745, -11.371016578477715 ], [ -75.746903152238175, -11.370683651401199 ], [ -75.74734705500687, -11.370350724324666 ], [ -75.747541262468175, -11.369407430941195 ], [ -75.74781870169862, -11.368880296403368 ], [ -75.748567787620786, -11.368103466558139 ], [ -75.749566568850355, -11.367076941405541 ], [ -75.750426630464702, -11.366216879791187 ], [ -75.750953765002535, -11.365523281715092 ], [ -75.751397667771229, -11.364718707946821 ], [ -75.751869314462979, -11.364080597716825 ], [ -75.752784863923409, -11.363331511794659 ], [ -75.754061084383409, -11.362304986642043 ], [ -75.755531512304728, -11.361555900719869 ], [ -75.75722389161038, -11.360612607336384 ], [ -75.758722063454741, -11.359558338260737 ], [ -75.760164747453004, -11.358393093492898 ], [ -75.761246760451698, -11.357227848725065 ], [ -75.763521762141281, -11.35473089565115 ], [ -75.764687006909114, -11.354092785421139 ], [ -75.765713532061724, -11.353399187345063 ], [ -75.767072984290863, -11.352511381807668 ], [ -75.768154997289557, -11.351623576270264 ], [ -75.768931827134779, -11.351540344501144 ], [ -75.770152559748695, -11.350874490348099 ], [ -75.771844939054347, -11.349931196964606 ], [ -75.772982439899138, -11.349293086734615 ], [ -75.774258660359138, -11.349015647504181 ], [ -75.775645856511318, -11.348904671812008 ], [ -75.777088540509624, -11.348710464350699 ], [ -75.777962474085484, -11.348544000812439 ], [ -75.778988999238095, -11.348446897081788 ], [ -75.780098756159845, -11.347711683121123 ], [ -75.781347232696803, -11.346976469160479 ], [ -75.782415373733983, -11.346268999122854 ], [ -75.78338641104051, -11.345658632815907 ], [ -75.784260344616371, -11.345200858085695 ], [ -75.784274216577899, -11.34642159069961 ], [ -75.784010649308982, -11.348391409235694 ], [ -75.783802569886163, -11.350250252079626 ], [ -75.783469642809635, -11.351762295885484 ], [ -75.783317051232899, -11.353204979883749 ], [ -75.782984124156371, -11.354689279766578 ], [ -75.782769108752746, -11.35670071418723 ], [ -75.782769108752746, -11.357754983262891 ], [ -75.782935572291009, -11.35830986172377 ], [ -75.784322768443189, -11.358309861723756 ], [ -75.785044110442314, -11.358476325262018 ], [ -75.786209355210147, -11.358864740184632 ], [ -75.786819721517105, -11.358809252338542 ], [ -75.78892825966841, -11.35830986172377 ], [ -75.790148992282326, -11.357921446801155 ], [ -75.790870334281465, -11.357477544032463 ], [ -75.791813627664951, -11.357200104802027 ], [ -75.793533750893644, -11.357200104802013 ], [ -75.794144117200602, -11.357311080494203 ], [ -75.794865459199741, -11.356811689879416 ], [ -75.79714046088931, -11.356811689879409 ], [ -75.79852765704149, -11.356811689879411 ], [ -75.799581926117142, -11.356534250648979 ], [ -75.800414243808447, -11.356478762802892 ], [ -75.800913634423239, -11.356256811418532 ], [ -75.801399153076488, -11.356215195533968 ], [ -75.801884671729752, -11.356409402995277 ], [ -75.804062569688725, -11.357047513225272 ], [ -75.806060132147863, -11.35704751322527 ], [ -75.808335133837446, -11.356992025379189 ], [ -75.810110744912222, -11.356992025379199 ], [ -75.812163795217444, -11.356215195533972 ], [ -75.813162576447013, -11.35571580491918 ], [ -75.813883918446152, -11.355382877842674 ], [ -75.813994894138332, -11.356131963764845 ], [ -75.814216845522679, -11.356881049687013 ], [ -75.814355565137888, -11.357491415993966 ], [ -75.813717454907888, -11.358240501916146 ], [ -75.813745198830929, -11.359017331761367 ], [ -75.813800686677027, -11.360543247528771 ], [ -75.813772942753971, -11.361292333450944 ], [ -75.813634223138763, -11.362679529603113 ], [ -75.81338452783136, -11.363983493986165 ], [ -75.81338452783136, -11.365287458369211 ], [ -75.813495503523541, -11.366591422752254 ], [ -75.813550991369624, -11.369088375826184 ], [ -75.813440015677457, -11.371918255976619 ], [ -75.813409784948021, -11.372754639631349 ], [ -75.813356783908318, -11.37422100158923 ], [ -75.813356783908347, -11.376787314470759 ], [ -75.813273552139208, -11.37784158354642 ], [ -75.812358002678764, -11.378784876929901 ], [ -75.811303733603154, -11.379617194621197 ], [ -75.810124616873807, -11.380532744081645 ], [ -75.808779036606197, -11.380421768389462 ], [ -75.80755830399228, -11.380213688966645 ], [ -75.80637918726292, -11.37971429835186 ], [ -75.805852052725101, -11.379520090890548 ], [ -75.803909978112046, -11.379589450698161 ], [ -75.80307766042074, -11.379492346967497 ], [ -75.802134367037254, -11.379076188121848 ], [ -75.801565616614866, -11.378590669468588 ], [ -75.799415462578992, -11.378590669468592 ], [ -75.797750827196381, -11.378590669468577 ], [ -75.796682686159215, -11.378992956352716 ], [ -75.79621103946748, -11.379603322659674 ], [ -75.796044575929216, -11.380574359966205 ], [ -75.795767136698785, -11.381989300041427 ], [ -75.795628417083563, -11.383709423270123 ], [ -75.795434209622258, -11.385457290421865 ], [ -75.795350977853133, -11.386345095959255 ], [ -75.793186951855731, -11.386345095959257 ], [ -75.791383596857898, -11.386345095959257 ], [ -75.789552497937024, -11.387926499572751 ], [ -75.789219570860524, -11.389424671417098 ], [ -75.788636948476594, -11.390895099338401 ], [ -75.787943350400496, -11.391422233876233 ], [ -75.786139995402664, -11.39258747864406 ], [ -75.785533097086088, -11.393033115407949 ], [ -75.785302556922659, -11.393253332879461 ] ] ] } },
{ "type": "Feature", "properties": { "index": 1, "UBIGEO": "120705", "CCDD": "12", "CCPP": "07", "CCDI": "05", "DEPARTAMEN": "JUNIN", "PROVINCIA": "TARMA", "DISTRITO": "LA UNION", "OBJECTID": 1148.0, "ESRI_OID": 1148.0, "Zonas": "Huancoy Sacsamarca", "sububigeo": "12070501", "tipo_influencia": "Directa", "abreviatura": "LUL" }, "geometry": { "type": "Polygon", "coordinates": [ [ [ -75.747236079314703, -11.395583822332808 ], [ -75.748179372698189, -11.395667054101937 ], [ -75.749344617466008, -11.396610347485417 ], [ -75.749733032388619, -11.397359433407598 ], [ -75.750922769839278, -11.397558192606226 ], [ -75.751727343607541, -11.397780143990561 ], [ -75.752753868760138, -11.397946607528823 ], [ -75.754113320989262, -11.398196302836217 ], [ -75.754862406911428, -11.398224046759257 ], [ -75.755944419910108, -11.398113071067081 ], [ -75.757109664677927, -11.397780143990571 ], [ -75.757997470215315, -11.397724656144474 ], [ -75.760130067549213, -11.397733976368688 ], [ -75.760428314721949, -11.397692360484115 ], [ -75.761981974412379, -11.397442665176735 ], [ -75.763327554679989, -11.397095866138679 ], [ -75.764659262986086, -11.396693579254556 ], [ -75.76637938621478, -11.396291292370423 ], [ -75.767364295482835, -11.396097084909112 ], [ -75.768501796327612, -11.396013853139985 ], [ -75.769500577557181, -11.396180316678247 ], [ -75.770062391998863, -11.396159508735952 ], [ -75.77044387094071, -11.396138700793673 ], [ -75.770825349882585, -11.396083212947582 ], [ -75.772018338573446, -11.395916749409333 ], [ -75.772864528226265, -11.395500590563685 ], [ -75.773981221128736, -11.394834736410637 ], [ -75.775160337858097, -11.394404705603456 ], [ -75.776769485394624, -11.394487937372599 ], [ -75.778656072161581, -11.394515681295625 ], [ -75.780265219698109, -11.394585041103246 ], [ -75.781388848581372, -11.394474065411067 ], [ -75.783053483963982, -11.393933058911722 ], [ -75.784981686615509, -11.393253332797149 ], [ -75.785302556922659, -11.393253332879461 ], [ -75.785533097086088, -11.393033115407949 ], [ -75.786139995402664, -11.39258747864406 ], [ -75.787943350400496, -11.391422233876233 ], [ -75.788636948476594, -11.390895099338401 ], [ -75.789219570860524, -11.389424671417098 ], [ -75.789552497937024, -11.387926499572751 ], [ -75.791383596857898, -11.386345095959257 ], [ -75.793186951855731, -11.386345095959257 ], [ -75.795350977853133, -11.386345095959255 ], [ -75.795434209622258, -11.385457290421865 ], [ -75.795628417083563, -11.383709423270123 ], [ -75.795767136698785, -11.381989300041427 ], [ -75.796044575929216, -11.380574359966205 ], [ -75.79621103946748, -11.379603322659674 ], [ -75.796682686159215, -11.378992956352716 ], [ -75.797750827196381, -11.378590669468577 ], [ -75.799415462578992, -11.378590669468592 ], [ -75.801565616614866, -11.378590669468588 ], [ -75.802134367037254, -11.379076188121848 ], [ -75.80307766042074, -11.379492346967497 ], [ -75.803909978112046, -11.379589450698161 ], [ -75.805852052725101, -11.379520090890548 ], [ -75.80637918726292, -11.37971429835186 ], [ -75.80755830399228, -11.380213688966645 ], [ -75.808779036606197, -11.380421768389462 ], [ -75.810124616873807, -11.380532744081645 ], [ -75.811303733603154, -11.379617194621197 ], [ -75.812358002678764, -11.378784876929901 ], [ -75.813273552139208, -11.37784158354642 ], [ -75.813356783908347, -11.376787314470759 ], [ -75.813356783908318, -11.37422100158923 ], [ -75.813409784948021, -11.372754639631349 ], [ -75.811834552880825, -11.372630277751856 ], [ -75.809892478267798, -11.372352838521417 ], [ -75.807617476578258, -11.372019911444898 ], [ -75.805397962734801, -11.3716314965223 ], [ -75.803899790890455, -11.372075399290988 ], [ -75.801513813508734, -11.373018692674458 ], [ -75.799238811819194, -11.373684546827498 ], [ -75.796630883053126, -11.374627840210966 ], [ -75.794799784132266, -11.375071742979666 ], [ -75.788307706140145, -11.37595954851705 ], [ -75.786532095065382, -11.376514426977916 ], [ -75.784978435374953, -11.377013817592687 ], [ -75.782315018762802, -11.377624183899638 ], [ -75.778652820921096, -11.379066867897896 ], [ -75.774824159541126, -11.380343088357877 ], [ -75.774324768926348, -11.381230893895273 ], [ -75.772993060620266, -11.382562602201332 ], [ -75.771605864468114, -11.384338213276116 ], [ -75.76960830200899, -11.386169312196959 ], [ -75.768997935702046, -11.386280287889138 ], [ -75.767943666626394, -11.385891872966532 ], [ -75.766556470474242, -11.385558945890008 ], [ -75.766223543397714, -11.385447970197841 ], [ -75.764947322937729, -11.38517053096742 ], [ -75.762089698864244, -11.385226018813498 ], [ -75.759620489713399, -11.384365957199158 ], [ -75.758011342176886, -11.383422663815679 ], [ -75.75692932917822, -11.382340650816996 ], [ -75.755236949872568, -11.380925710741783 ], [ -75.753516826643889, -11.380093393050487 ], [ -75.751408288492598, -11.379843697743107 ], [ -75.748717127957406, -11.379982417358322 ], [ -75.745554320730463, -11.381008942510913 ], [ -75.740810109890077, -11.381119918203096 ], [ -75.737786022278357, -11.379566258512675 ], [ -75.735691356088566, -11.378581349244639 ], [ -75.734415135628566, -11.377180281130947 ], [ -75.732889219861192, -11.375432413979219 ], [ -75.731932054516207, -11.374308785095975 ], [ -75.730544858364041, -11.37333774778946 ], [ -75.729865132249472, -11.373088052482073 ], [ -75.729563200335974, -11.37270895778337 ], [ -75.728619906952488, -11.372348286783806 ], [ -75.727524021992295, -11.371155298092946 ], [ -75.726677832339462, -11.370655907478152 ], [ -75.725984234263379, -11.37051718786295 ], [ -75.724708013803379, -11.371224657900559 ], [ -75.724125391419463, -11.371335633592732 ], [ -75.723223713920561, -11.371765664399899 ], [ -75.722613347613589, -11.371821152245991 ], [ -75.721739414037714, -11.371599200861631 ], [ -75.721281639307492, -11.371599200861647 ], [ -75.720227370231839, -11.371876640092076 ], [ -75.719186973117701, -11.372112463437945 ], [ -75.718368527387938, -11.37191825597664 ], [ -75.717827520888576, -11.371432737323383 ], [ -75.716842611620521, -11.371099810246861 ], [ -75.716800995735923, -11.372015359707291 ], [ -75.716856483582006, -11.37311124466752 ], [ -75.716280797178854, -11.373999050204915 ], [ -75.715739790679507, -11.374956215549913 ], [ -75.71474794543073, -11.376537619163395 ], [ -75.713749164201161, -11.377147985470348 ], [ -75.712750382971592, -11.378146766699922 ], [ -75.712389711972023, -11.378923596545141 ], [ -75.712195504510717, -11.379839146005571 ], [ -75.712778126894634, -11.38147603746514 ], [ -75.713111053971176, -11.382946465386459 ], [ -75.713333005355537, -11.383445856001241 ], [ -75.71430404266205, -11.384250429769514 ], [ -75.714636969738578, -11.385027259614732 ], [ -75.715219592122494, -11.386497687536037 ], [ -75.715625785595819, -11.387810007239052 ], [ -75.715760598621813, -11.388245554687789 ], [ -75.716384836890285, -11.389258207878878 ], [ -75.717203282620076, -11.390354092839093 ], [ -75.717813648927034, -11.391186410530397 ], [ -75.719034381540951, -11.391644185260626 ], [ -75.7201441384627, -11.391977112337136 ], [ -75.721531334614866, -11.392157447836921 ], [ -75.723112738228352, -11.392226807644542 ], [ -75.72387732753235, -11.392259693893918 ], [ -75.724402830649865, -11.392282295490624 ], [ -75.725207404418128, -11.391089306799744 ], [ -75.726150697801614, -11.389951805954952 ], [ -75.727038503339003, -11.388953024725399 ], [ -75.727177222954225, -11.388148450957129 ], [ -75.727593381799878, -11.38778777995757 ], [ -75.728481187337266, -11.387149669727563 ], [ -75.729174785413363, -11.386150888497994 ], [ -75.729785151720321, -11.385235339037552 ], [ -75.73114460394946, -11.384735948422778 ], [ -75.732920215024237, -11.384070094269727 ], [ -75.734224179407292, -11.383542959731901 ], [ -75.734557106483805, -11.383237776578417 ], [ -75.736027534405096, -11.381822836503192 ], [ -75.737636681941623, -11.379853017967108 ], [ -75.738635463171192, -11.380463384274062 ], [ -75.739689732246845, -11.381101494504071 ], [ -75.740938208783817, -11.381351189811456 ], [ -75.742047965705552, -11.3816286290419 ], [ -75.742491868474247, -11.381573141195801 ], [ -75.743795832857302, -11.381267958042333 ], [ -75.744600406625565, -11.381295701965371 ], [ -75.744461687010343, -11.382849361655817 ], [ -75.744295223472079, -11.384624972730604 ], [ -75.744156503856871, -11.386123144574947 ], [ -75.744295223472093, -11.387149669727554 ], [ -75.745266260778607, -11.389424671417139 ], [ -75.744378455241218, -11.392004856260185 ], [ -75.744988821548176, -11.395500590563667 ], [ -75.746902654942957, -11.395571474373424 ], [ -75.747236079314703, -11.395583822332808 ] ] ] } },
{ "type": "Feature", "properties": { "index": 2, "UBIGEO": "120705", "CCDD": "12", "CCPP": "07", "CCDI": "05", "DEPARTAMEN": "JUNIN", "PROVINCIA": "TARMA", "DISTRITO": "LA UNION", "OBJECTID": 1148.0, "ESRI_OID": 1148.0, "Zonas": "Blanco 2", "sububigeo": "12070504", "tipo_influencia": "Directa", "abreviatura": "LUL" }, "geometry": { "type": "Polygon", "coordinates": [ [ [ -75.746902654942957, -11.395571474373424 ], [ -75.744988821548176, -11.395500590563667 ], [ -75.744378455241218, -11.392004856260185 ], [ -75.745266260778607, -11.389424671417139 ], [ -75.744295223472093, -11.387149669727554 ], [ -75.744156503856871, -11.386123144574947 ], [ -75.744295223472079, -11.384624972730604 ], [ -75.744461687010343, -11.382849361655817 ], [ -75.744600406625565, -11.381295701965371 ], [ -75.743795832857302, -11.381267958042333 ], [ -75.742491868474247, -11.381573141195801 ], [ -75.742047965705552, -11.3816286290419 ], [ -75.740938208783817, -11.381351189811456 ], [ -75.739689732246845, -11.381101494504071 ], [ -75.738635463171192, -11.380463384274062 ], [ -75.737636681941623, -11.379853017967108 ], [ -75.736027534405096, -11.381822836503192 ], [ -75.734557106483805, -11.383237776578417 ], [ -75.734224179407292, -11.383542959731901 ], [ -75.732920215024237, -11.384070094269727 ], [ -75.73114460394946, -11.384735948422778 ], [ -75.729785151720321, -11.385235339037552 ], [ -75.729174785413363, -11.386150888497994 ], [ -75.728481187337266, -11.387149669727563 ], [ -75.727593381799878, -11.38778777995757 ], [ -75.727177222954225, -11.388148450957129 ], [ -75.727038503339003, -11.388953024725399 ], [ -75.726150697801614, -11.389951805954952 ], [ -75.725207404418128, -11.391089306799744 ], [ -75.724402830649865, -11.392282295490624 ], [ -75.72387732753235, -11.392259693893918 ], [ -75.724649274717649, -11.393230140611504 ], [ -75.725842263408509, -11.394006970456713 ], [ -75.726230678331106, -11.394062458302793 ], [ -75.726785556791981, -11.394090202225845 ], [ -75.72703525209937, -11.394589592840619 ], [ -75.727784338021536, -11.396060020761904 ], [ -75.728921838866313, -11.39686459453017 ], [ -75.730808425633256, -11.397086545914517 ], [ -75.732805988092366, -11.398640205604934 ], [ -75.734442879551921, -11.398778925220153 ], [ -75.736246234549725, -11.398085327144068 ], [ -75.73707855224103, -11.397502704760168 ], [ -75.737688918547974, -11.397391729067994 ], [ -75.73816056523971, -11.397391729067989 ], [ -75.739547761391876, -11.397669168298421 ], [ -75.740407823006223, -11.397780143990593 ], [ -75.741323372466638, -11.397502704760166 ], [ -75.742821544310985, -11.397031058068425 ], [ -75.74409776477097, -11.396559411376684 ], [ -75.745152033846608, -11.396281972146257 ], [ -75.746902654942957, -11.395571474373424 ] ] ] } },
{ "type": "Feature", "properties": { "index": 3, "UBIGEO": "120705", "CCDD": "12", "CCPP": "07", "CCDI": "05", "DEPARTAMEN": "JUNIN", "PROVINCIA": "TARMA", "DISTRITO": "LA UNION", "OBJECTID": 1148.0, "ESRI_OID": 1148.0, "Zonas": "Chancha", "sububigeo": "12070502", "tipo_influencia": "Directa", "abreviatura": "LUL" }, "geometry": { "type": "Polygon", "coordinates": [ [ [ -75.813409784948021, -11.372754639631349 ], [ -75.813440015677457, -11.371918255976619 ], [ -75.813550991369624, -11.369088375826184 ], [ -75.813495503523541, -11.366591422752254 ], [ -75.81338452783136, -11.365287458369211 ], [ -75.81338452783136, -11.363983493986165 ], [ -75.813634223138763, -11.362679529603113 ], [ -75.813772942753971, -11.361292333450944 ], [ -75.813800686677027, -11.360543247528771 ], [ -75.813745198830929, -11.359017331761367 ], [ -75.813717454907888, -11.358240501916146 ], [ -75.814355565137888, -11.357491415993966 ], [ -75.814216845522679, -11.356881049687013 ], [ -75.813994894138332, -11.356131963764845 ], [ -75.813883918446152, -11.355382877842674 ], [ -75.813162576447013, -11.35571580491918 ], [ -75.812163795217444, -11.356215195533972 ], [ -75.810110744912222, -11.356992025379199 ], [ -75.808335133837446, -11.356992025379189 ], [ -75.806060132147863, -11.35704751322527 ], [ -75.804062569688725, -11.357047513225272 ], [ -75.801884671729752, -11.356409402995277 ], [ -75.801399153076488, -11.356215195533968 ], [ -75.800913634423239, -11.356256811418532 ], [ -75.800414243808447, -11.356478762802892 ], [ -75.799581926117142, -11.356534250648979 ], [ -75.79852765704149, -11.356811689879411 ], [ -75.79714046088931, -11.356811689879409 ], [ -75.794865459199741, -11.356811689879416 ], [ -75.794144117200602, -11.357311080494203 ], [ -75.793533750893644, -11.357200104802013 ], [ -75.791813627664951, -11.357200104802027 ], [ -75.790870334281465, -11.357477544032463 ], [ -75.790148992282326, -11.357921446801155 ], [ -75.78892825966841, -11.35830986172377 ], [ -75.786819721517105, -11.358809252338542 ], [ -75.786209355210147, -11.358864740184632 ], [ -75.785044110442314, -11.358476325262018 ], [ -75.784322768443189, -11.358309861723756 ], [ -75.782935572291009, -11.35830986172377 ], [ -75.782769108752746, -11.357754983262891 ], [ -75.782769108752746, -11.35670071418723 ], [ -75.782984124156371, -11.354689279766578 ], [ -75.783317051232899, -11.353204979883749 ], [ -75.783469642809635, -11.351762295885484 ], [ -75.783802569886163, -11.350250252079626 ], [ -75.784010649308982, -11.348391409235694 ], [ -75.784274216577899, -11.34642159069961 ], [ -75.784260344616371, -11.345200858085695 ], [ -75.78338641104051, -11.345658632815907 ], [ -75.782415373733983, -11.346268999122854 ], [ -75.781347232696803, -11.346976469160479 ], [ -75.780098756159845, -11.347711683121123 ], [ -75.778988999238095, -11.348446897081788 ], [ -75.777962474085484, -11.348544000812439 ], [ -75.777088540509624, -11.348710464350699 ], [ -75.775645856511318, -11.348904671812008 ], [ -75.774258660359138, -11.349015647504181 ], [ -75.772982439899138, -11.349293086734615 ], [ -75.771844939054347, -11.349931196964606 ], [ -75.770152559748695, -11.350874490348099 ], [ -75.768931827134779, -11.351540344501144 ], [ -75.768154997289557, -11.351623576270264 ], [ -75.767072984290863, -11.352511381807668 ], [ -75.765713532061724, -11.353399187345063 ], [ -75.764687006909114, -11.354092785421139 ], [ -75.763521762141281, -11.35473089565115 ], [ -75.761246760451698, -11.357227848725065 ], [ -75.760164747453004, -11.358393093492898 ], [ -75.758722063454741, -11.359558338260737 ], [ -75.75722389161038, -11.360612607336384 ], [ -75.755531512304728, -11.361555900719869 ], [ -75.754061084383409, -11.362304986642043 ], [ -75.752784863923409, -11.363331511794659 ], [ -75.751869314462979, -11.364080597716825 ], [ -75.751397667771229, -11.364718707946821 ], [ -75.750953765002535, -11.365523281715092 ], [ -75.750426630464702, -11.366216879791187 ], [ -75.749566568850355, -11.367076941405541 ], [ -75.748567787620786, -11.368103466558139 ], [ -75.74781870169862, -11.368880296403368 ], [ -75.747541262468175, -11.369407430941195 ], [ -75.74734705500687, -11.370350724324666 ], [ -75.746903152238175, -11.370683651401199 ], [ -75.745987602777745, -11.371016578477715 ], [ -75.744739126240773, -11.371626944784678 ], [ -75.743740345011219, -11.371821152245982 ], [ -75.742575100243428, -11.371543713015541 ], [ -75.740910464860818, -11.370683651401208 ], [ -75.739689732246887, -11.369518406633372 ], [ -75.738968390247763, -11.368630601095971 ], [ -75.738940646324721, -11.368103466558146 ], [ -75.739717476169943, -11.367604075943364 ], [ -75.739245829478193, -11.366993709636411 ], [ -75.738330280017763, -11.36607816017597 ], [ -75.73735924271125, -11.366383343329451 ], [ -75.736804364250361, -11.366466575098583 ], [ -75.735916558712972, -11.36602267232988 ], [ -75.735417168098181, -11.36532907425379 ], [ -75.735084241021667, -11.364385780870313 ], [ -75.734640338252987, -11.363581207102042 ], [ -75.733419605639071, -11.36194431564247 ], [ -75.73236533656339, -11.360473887721167 ], [ -75.731477531026002, -11.359447362568563 ], [ -75.73128332356471, -11.36047388772117 ], [ -75.73114460394946, -11.361888827796385 ], [ -75.730894908642071, -11.363581207102039 ], [ -75.730700701180766, -11.36535681817683 ], [ -75.730451005873363, -11.367187917097713 ], [ -75.730201310565974, -11.368991272095545 ], [ -75.729785151720321, -11.371072066323801 ], [ -75.729563200335974, -11.37270895778337 ], [ -75.729865132249472, -11.373088052482073 ], [ -75.730544858364041, -11.37333774778946 ], [ -75.731932054516207, -11.374308785095975 ], [ -75.732889219861192, -11.375432413979219 ], [ -75.734415135628566, -11.377180281130947 ], [ -75.735691356088566, -11.378581349244639 ], [ -75.737786022278357, -11.379566258512675 ], [ -75.740810109890077, -11.381119918203096 ], [ -75.745554320730463, -11.381008942510913 ], [ -75.748717127957406, -11.379982417358322 ], [ -75.751408288492598, -11.379843697743107 ], [ -75.753516826643889, -11.380093393050487 ], [ -75.755236949872568, -11.380925710741783 ], [ -75.75692932917822, -11.382340650816996 ], [ -75.758011342176886, -11.383422663815679 ], [ -75.759620489713399, -11.384365957199158 ], [ -75.762089698864244, -11.385226018813498 ], [ -75.764947322937729, -11.38517053096742 ], [ -75.766223543397714, -11.385447970197841 ], [ -75.766556470474242, -11.385558945890008 ], [ -75.767943666626394, -11.385891872966532 ], [ -75.768997935702046, -11.386280287889138 ], [ -75.76960830200899, -11.386169312196959 ], [ -75.771605864468114, -11.384338213276116 ], [ -75.772993060620266, -11.382562602201332 ], [ -75.774324768926348, -11.381230893895273 ], [ -75.774824159541126, -11.380343088357877 ], [ -75.778652820921096, -11.379066867897896 ], [ -75.782315018762802, -11.377624183899638 ], [ -75.784978435374953, -11.377013817592687 ], [ -75.786532095065382, -11.376514426977916 ], [ -75.788307706140145, -11.37595954851705 ], [ -75.794799784132266, -11.375071742979666 ], [ -75.796630883053126, -11.374627840210966 ], [ -75.799238811819194, -11.373684546827498 ], [ -75.801513813508734, -11.373018692674458 ], [ -75.803899790890455, -11.372075399290988 ], [ -75.805397962734801, -11.3716314965223 ], [ -75.807617476578258, -11.372019911444898 ], [ -75.809892478267798, -11.372352838521417 ], [ -75.811834552880825, -11.372630277751856 ], [ -75.813409784948021, -11.372754639631349 ] ] ] } },
{ "type": "Feature", "properties": { "index": 4, "UBIGEO": "150123", "CCDD": "15", "CCPP": "01", "CCDI": "23", "DEPARTAMEN": "LIMA", "PROVINCIA": "LIMA", "DISTRITO": "PACHACAMAC", "OBJECTID": 1316.0, "ESRI_OID": 1316.0, "Zonas": "Pachacamac histórico", "sububigeo": "15012301", "tipo_influencia": "Directa", "abreviatura": "PACH" }, "geometry": { "type": "Polygon", "coordinates": [ [ [ -76.890441205989418, -12.202877790751399 ], [ -76.890368669670508, -12.202899156922069 ], [ -76.887177304827333, -12.202386585973263 ], [ -76.886163453485651, -12.203118811942268 ], [ -76.884079425727748, -12.204132663283938 ], [ -76.882671298864295, -12.204414288656642 ], [ -76.880249320659161, -12.204639588954796 ], [ -76.877320416783178, -12.204921214327481 ], [ -76.874898438578057, -12.204639588954793 ], [ -76.872927060969218, -12.204188988358489 ], [ -76.870674057987699, -12.203907362985799 ], [ -76.86971653172057, -12.203907362985788 ], [ -76.868308404857103, -12.203456762389493 ], [ -76.867069253217267, -12.202555561196876 ], [ -76.866157335294915, -12.201542319060938 ], [ -76.865629443499387, -12.20202927378166 ], [ -76.864911298799029, -12.202493955646606 ], [ -76.864235397904565, -12.203169856541058 ], [ -76.863263790368791, -12.20342331937649 ], [ -76.861785257162168, -12.2036767822119 ], [ -76.861827500968076, -12.204732877359493 ], [ -76.861405062909029, -12.204859608777195 ], [ -76.860940381044102, -12.205324290642144 ], [ -76.860560186790963, -12.205788972507076 ], [ -76.859968773508314, -12.206549361013337 ], [ -76.859504091643373, -12.207140774295992 ], [ -76.859123897390248, -12.207647699966833 ], [ -76.858785946943016, -12.207901162802262 ], [ -76.858152289854459, -12.208239113249483 ], [ -76.857476388960009, -12.20866155130852 ], [ -76.856504781424221, -12.209759890262013 ], [ -76.85489951679989, -12.211027204439112 ], [ -76.854603810158565, -12.210520278768266 ], [ -76.854181372099532, -12.210097840709242 ], [ -76.854139128293625, -12.209295208397064 ], [ -76.854181372099532, -12.208450332278993 ], [ -76.85422361590544, -12.207520968549126 ], [ -76.853801177846407, -12.207098530490081 ], [ -76.85333649598148, -12.206676092431056 ], [ -76.853125276951943, -12.205451022059858 ], [ -76.852871814116526, -12.203930245047321 ], [ -76.85270283889291, -12.203043125123356 ], [ -76.852449376057493, -12.203127612735154 ], [ -76.851900206580737, -12.203719026017804 ], [ -76.851266549492195, -12.204225951688661 ], [ -76.850548404791823, -12.204732877359501 ], [ -76.849418382983913, -12.20561471680772 ], [ -76.849207163954389, -12.206206130090383 ], [ -76.849207163954389, -12.207557931879284 ], [ -76.849249407760297, -12.209163196503624 ], [ -76.848911457313065, -12.209965828815784 ], [ -76.848489019254032, -12.210852948739763 ], [ -76.846968242241502, -12.212120262916866 ], [ -76.846250097541144, -12.213218601870359 ], [ -76.845785415676204, -12.214654891271085 ], [ -76.845785415676204, -12.215922205448178 ], [ -76.846038878511607, -12.217369055800365 ], [ -76.84631346324997, -12.217791493859409 ], [ -76.846841510823765, -12.218741979492226 ], [ -76.846566926085401, -12.219481246095548 ], [ -76.846292341347024, -12.22022051269885 ], [ -76.846292341347024, -12.220875291690362 ], [ -76.84663029179427, -12.221234364040541 ], [ -76.847496289815268, -12.221635680196618 ], [ -76.847094973659196, -12.222248215382217 ], [ -76.846757023211964, -12.222818506761921 ], [ -76.846566926085401, -12.223156457209148 ], [ -76.846334585152931, -12.223663382879993 ], [ -76.846060000414553, -12.224001333327227 ], [ -76.845616440452574, -12.224613868512821 ], [ -76.845151758587633, -12.225141916086612 ], [ -76.845341855714196, -12.22621913313715 ], [ -76.845025027169925, -12.22697952164342 ], [ -76.844623711013838, -12.227380837799494 ], [ -76.844201272954805, -12.227908885373294 ], [ -76.843694347283957, -12.228331323432334 ], [ -76.843145177807216, -12.228415811044146 ], [ -76.843128083261092, -12.228427305649229 ], [ -76.843132985999944, -12.228469104999926 ], [ -76.843172860999971, -12.228807729999966 ], [ -76.843290111, -12.229446479999977 ], [ -76.843689985999958, -12.229888854999954 ], [ -76.844379985999979, -12.230398854999976 ], [ -76.84439286099996, -12.230849479999959 ], [ -76.844392985999946, -12.230852979999954 ], [ -76.844399985999985, -12.231098854999976 ], [ -76.843699985999933, -12.231768854999919 ], [ -76.843598360999977, -12.232261729999946 ], [ -76.843569985999977, -12.232398854999921 ], [ -76.843748735999952, -12.23310472999998 ], [ -76.843769985999984, -12.233188854999979 ], [ -76.843239985999972, -12.234588854999961 ], [ -76.842969985999957, -12.23590885499994 ], [ -76.843276235999951, -12.23632285499996 ], [ -76.846230110999954, -12.237766104999938 ], [ -76.847647610999957, -12.238578479999937 ], [ -76.84924323599995, -12.239504479999932 ], [ -76.849756486, -12.239515604999946 ], [ -76.850124610999956, -12.239191979999923 ], [ -76.850604610999937, -12.23877910499994 ], [ -76.85114011099995, -12.23826585499995 ], [ -76.851251735999938, -12.237919979999955 ], [ -76.851352111, -12.237417854999928 ], [ -76.851486235999971, -12.23688222999994 ], [ -76.851787360999936, -12.236223854999935 ], [ -76.852311860999976, -12.235141479999982 ], [ -76.852546110999981, -12.234829104999964 ], [ -76.852794360999951, -12.234660729999968 ], [ -76.853182110999981, -12.234672854999918 ], [ -76.853369235999935, -12.234615354999965 ], [ -76.853559110999981, -12.234556854999937 ], [ -76.853617360999976, -12.234538979999964 ], [ -76.853940985999941, -12.234237604999969 ], [ -76.854308985999978, -12.233880604999966 ], [ -76.854622235999955, -12.233536604999921 ], [ -76.854900735999934, -12.23315522999996 ], [ -76.855152360999966, -12.23308872999996 ], [ -76.855737235999982, -12.233308104999937 ], [ -76.856206110999949, -12.233690854999969 ], [ -76.856623360999947, -12.234569979999952 ], [ -76.85697111099995, -12.23499885499996 ], [ -76.857281860999933, -12.235236479999973 ], [ -76.857821110999978, -12.235656979999924 ], [ -76.858248235999952, -12.23610647999994 ], [ -76.858515735999958, -12.236388104999952 ], [ -76.858899485999984, -12.236799354999963 ], [ -76.858990985999981, -12.237238104999966 ], [ -76.859274235999976, -12.237978354999932 ], [ -76.859650735999935, -12.238850479999934 ], [ -76.859658110999987, -12.238846604999932 ], [ -76.859670928999947, -12.238839065999967 ], [ -76.859702141999946, -12.238807075999945 ], [ -76.85970671299998, -12.238799208999977 ], [ -76.859726081999952, -12.23876587699994 ], [ -76.859728089999976, -12.238762418999961 ], [ -76.859780223999962, -12.238734790999956 ], [ -76.859855221999965, -12.238695047999951 ], [ -76.859891971999957, -12.238675573999961 ], [ -76.859914966999952, -12.238670793999978 ], [ -76.859916485999975, -12.238670176999957 ], [ -76.859918610999955, -12.238670036999967 ], [ -76.859926598999948, -12.238668376999959 ], [ -76.859951458999944, -12.238663211999954 ], [ -76.860003716999984, -12.238660465999939 ], [ -76.860049895999964, -12.23865776299994 ], [ -76.860113018999982, -12.238644180999925 ], [ -76.860115085999951, -12.238643766999928 ], [ -76.860291221999944, -12.238608536999942 ], [ -76.860334044999945, -12.238607180999962 ], [ -76.860387149999951, -12.238557186999977 ], [ -76.860417038999969, -12.238519674999955 ], [ -76.860439192999934, -12.23848891399996 ], [ -76.860454131, -12.238472751999941 ], [ -76.860594202999948, -12.238321172999971 ], [ -76.860665962999974, -12.238256758999963 ], [ -76.860695384999985, -12.238186561999958 ], [ -76.860704897999938, -12.238156602999936 ], [ -76.860712009999986, -12.238130247999942 ], [ -76.860719194999945, -12.238114655999933 ], [ -76.860739425999952, -12.238052336999941 ], [ -76.860748909999984, -12.238017594999967 ], [ -76.860761493999973, -12.237988825999929 ], [ -76.860784405999937, -12.237936442999962 ], [ -76.860821774999977, -12.237890751999943 ], [ -76.860860565999985, -12.237878479999955 ], [ -76.860882895999964, -12.237871417999946 ], [ -76.860927151999988, -12.237837153999973 ], [ -76.860972839999988, -12.237810028999942 ], [ -76.861024235999935, -12.237794323999934 ], [ -76.861069921999956, -12.237788612999962 ], [ -76.861122745999978, -12.237788612999966 ], [ -76.86116272199996, -12.237785756999918 ], [ -76.861196983999946, -12.237777190999962 ], [ -76.861225538999975, -12.237761487999936 ], [ -76.861306916, -12.237675825999922 ], [ -76.861507686999971, -12.237447922999925 ], [ -76.861518212999954, -12.237435975999965 ], [ -76.861538198999938, -12.237384579999965 ], [ -76.861540721999972, -12.23737479799996 ], [ -76.861549620999938, -12.237340321999957 ], [ -76.861556760999974, -12.237268938999923 ], [ -76.861552259999939, -12.237219442999958 ], [ -76.861551048999956, -12.237206120999925 ], [ -76.861550112999964, -12.237202936999942 ], [ -76.861536770999976, -12.23715757999998 ], [ -76.861511071999985, -12.237076202999964 ], [ -76.861496796999973, -12.236793520999983 ], [ -76.861496796999973, -12.236729276999936 ], [ -76.861503934999973, -12.236696438999953 ], [ -76.861520399999961, -12.236681241999971 ], [ -76.861697968999977, -12.236563036999932 ], [ -76.861766581999973, -12.236521106999939 ], [ -76.861913247999951, -12.236505317999953 ], [ -76.861921093999968, -12.236504471999984 ], [ -76.861985409999988, -12.236495145999974 ], [ -76.862127038999972, -12.236474610999952 ], [ -76.862139411999976, -12.236472815999937 ], [ -76.862261073999946, -12.236439172999942 ], [ -76.862336825999989, -12.236396553999951 ], [ -76.862418399999967, -12.236340458999962 ], [ -76.862473761, -12.236302389999924 ], [ -76.862556401999939, -12.236232850999958 ], [ -76.862663, -12.236145001999938 ], [ -76.86293526299994, -12.235920622999981 ], [ -76.86306886899996, -12.235810512999938 ], [ -76.863127997999982, -12.23576178699995 ], [ -76.863146483999969, -12.235738979999949 ], [ -76.86318205799995, -12.235695098999932 ], [ -76.863790497999958, -12.236417157999941 ], [ -76.864450630999954, -12.237200551999937 ], [ -76.864596278999954, -12.237360704999963 ], [ -76.865062645999956, -12.237920028999948 ], [ -76.865167503999942, -12.238045784999935 ], [ -76.865282227999955, -12.238175467999955 ], [ -76.865315512999985, -12.238319805999941 ], [ -76.865658104999966, -12.239187821999966 ], [ -76.865658477999943, -12.239188766999973 ], [ -76.865673630999936, -12.239227155999977 ], [ -76.865747950999946, -12.239198178999969 ], [ -76.865802145999965, -12.239177047999924 ], [ -76.865940259999945, -12.239123200999915 ], [ -76.866812428999935, -12.238783151999939 ], [ -76.867004165999958, -12.238720543999925 ], [ -76.866672932999961, -12.237938657999965 ], [ -76.866569934999973, -12.237692042999988 ], [ -76.866558858999952, -12.237665520999936 ], [ -76.865835346999972, -12.235916213999927 ], [ -76.865415237999969, -12.234821497999969 ], [ -76.866481360999956, -12.23409922999997 ], [ -76.866839235999976, -12.233557854999962 ], [ -76.866876360999981, -12.233123604999941 ], [ -76.866677860999971, -12.232639479999936 ], [ -76.866677860999971, -12.23241597999993 ], [ -76.867518985999936, -12.230843229999955 ], [ -76.868067985999971, -12.22975972999995 ], [ -76.868365860999972, -12.229511479999932 ], [ -76.870522860999984, -12.227851854999924 ], [ -76.870834360999936, -12.227453979999959 ], [ -76.871041985999966, -12.227090604999935 ], [ -76.871734110999967, -12.22636385499993 ], [ -76.872357110999985, -12.225550479999978 ], [ -76.872651235999967, -12.225065854999972 ], [ -76.872512860999962, -12.22430460499992 ], [ -76.872227110999972, -12.223663229999937 ], [ -76.872218610999937, -12.223664354999926 ], [ -76.871439985999984, -12.222332229999944 ], [ -76.871197735999942, -12.221830229999966 ], [ -76.871163110999987, -12.221241979999949 ], [ -76.871222511999974, -12.221072745999948 ], [ -76.871153300999936, -12.220938393999967 ], [ -76.870990450999955, -12.220804042999934 ], [ -76.870807243999948, -12.220641192999951 ], [ -76.870974165999939, -12.220580122999937 ], [ -76.871483072000018, -12.220425415999951 ], [ -76.872252538999987, -12.21998164799993 ], [ -76.872675948999984, -12.219721088999963 ], [ -76.872948723999968, -12.219664090999965 ], [ -76.873817919999965, -12.219605889999968 ], [ -76.874108987999989, -12.219549676999971 ], [ -76.874783985999969, -12.219046354999932 ], [ -76.875159735999944, -12.218805604999947 ], [ -76.875281235999978, -12.218727354999936 ], [ -76.875776110999936, -12.218477979999923 ], [ -76.87691911099995, -12.217696979999966 ], [ -76.877401110999983, -12.217446979999982 ], [ -76.877936610999939, -12.21664372999993 ], [ -76.878918361, -12.215786979999963 ], [ -76.879293235999967, -12.215287104999955 ], [ -76.879722985999933, -12.214934479999947 ], [ -76.880297236, -12.214463604999931 ], [ -76.881595985999979, -12.213609229999971 ], [ -76.882024360999935, -12.212912979999938 ], [ -76.882541985999978, -12.212323979999949 ], [ -76.883202485999959, -12.211609854999953 ], [ -76.883595235999962, -12.210895854999928 ], [ -76.884077235999953, -12.210538854999985 ], [ -76.884487735999983, -12.210396104999967 ], [ -76.885326735999968, -12.210324729999961 ], [ -76.886362110999983, -12.210324729999975 ], [ -76.887415235999981, -12.210110479999967 ], [ -76.888396985999975, -12.20962847999993 ], [ -76.889128860999961, -12.209432104999967 ], [ -76.889789360999941, -12.208950229999973 ], [ -76.890485360999946, -12.208253979999929 ], [ -76.890953110999988, -12.207761729999952 ], [ -76.89113473599997, -12.207296979999965 ], [ -76.89113473599997, -12.206490979999957 ], [ -76.891025235999962, -12.206252229999963 ], [ -76.890812360999973, -12.205787604999955 ], [ -76.890563235999934, -12.205186729999975 ], [ -76.890475235999986, -12.204527104999952 ], [ -76.89035798599997, -12.203662729999969 ], [ -76.890428610999948, -12.202970604999955 ], [ -76.890441205989418, -12.202877790751399 ] ] ] } },
{ "type": "Feature", "properties": { "index": 5, "UBIGEO": "150123", "CCDD": "15", "CCPP": "01", "CCDI": "23", "DEPARTAMEN": "LIMA", "PROVINCIA": "LIMA", "DISTRITO": "PACHACAMAC", "OBJECTID": 1316.0, "ESRI_OID": 1316.0, "Zonas": "Centro Poblados Rurales", "sububigeo": "15012302", "tipo_influencia": "Directa", "abreviatura": "PACH" }, "geometry": { "type": "Polygon", "coordinates": [ [ [ -76.866157335294915, -12.201542319060938 ], [ -76.867069253217267, -12.202555561196876 ], [ -76.868308404857103, -12.203456762389493 ], [ -76.86971653172057, -12.203907362985788 ], [ -76.870674057987699, -12.203907362985799 ], [ -76.872927060969218, -12.204188988358489 ], [ -76.874898438578057, -12.204639588954793 ], [ -76.877320416783178, -12.204921214327481 ], [ -76.880249320659161, -12.204639588954796 ], [ -76.882671298864295, -12.204414288656642 ], [ -76.884079425727748, -12.204132663283938 ], [ -76.886163453485651, -12.203118811942268 ], [ -76.887177304827333, -12.202386585973263 ], [ -76.890368669670508, -12.202899156922069 ], [ -76.890441205989418, -12.202877790751399 ], [ -76.890556610999965, -12.202027354999922 ], [ -76.890869110999972, -12.20141985499993 ], [ -76.891097735999949, -12.200978729999967 ], [ -76.891860235999957, -12.199998229999943 ], [ -76.892031485999951, -12.19932910499994 ], [ -76.89187586099996, -12.198768854999978 ], [ -76.891206735999958, -12.197788479999923 ], [ -76.890553110999974, -12.196652354999962 ], [ -76.889883860999987, -12.195640854999969 ], [ -76.889059110999938, -12.194629354999964 ], [ -76.88852998599998, -12.192855229999971 ], [ -76.887736235999967, -12.18994510499993 ], [ -76.887290985999982, -12.188429729999932 ], [ -76.886958235999941, -12.188046479999961 ], [ -76.886226735999969, -12.18771960499992 ], [ -76.886087735999979, -12.187655979999922 ], [ -76.885853235999946, -12.187548479999972 ], [ -76.885510860999943, -12.187283979999961 ], [ -76.885339735999935, -12.186754854999954 ], [ -76.885215235999965, -12.185945604999961 ], [ -76.885047485999962, -12.185241229999981 ], [ -76.884903985999983, -12.18463835499994 ], [ -76.884763860999968, -12.183844729999977 ], [ -76.884468111, -12.182817604999974 ], [ -76.884172485999954, -12.181821604999987 ], [ -76.88366698599998, -12.180934229999936 ], [ -76.883409985999947, -12.180483229999941 ], [ -76.883095735999973, -12.179499979999948 ], [ -76.883122828629226, -12.178701796478455 ], [ -76.883121937680045, -12.178701855875056 ], [ -76.882586811252423, -12.179152492726342 ], [ -76.881657447522542, -12.179659418397177 ], [ -76.880868896479015, -12.180053693918953 ], [ -76.88024932065909, -12.179997368844401 ], [ -76.876841653649549, -12.179884718695336 ], [ -76.87639105305324, -12.179659418397188 ], [ -76.87571515215879, -12.179349630487222 ], [ -76.875123738876141, -12.179152492726327 ], [ -76.873574799326349, -12.17892719242818 ], [ -76.872335647686512, -12.178786379741844 ], [ -76.871096496046675, -12.177997828698313 ], [ -76.870279782465872, -12.177575390639268 ], [ -76.869406743810529, -12.17732192780386 ], [ -76.868308404857046, -12.1767305145212 ], [ -76.86760434142532, -12.176448889148515 ], [ -76.867125578291748, -12.176251751387641 ], [ -76.86639335232276, -12.176195426313091 ], [ -76.86622437709913, -12.17571666317952 ], [ -76.866590490083624, -12.175012599747802 ], [ -76.86675946530724, -12.173407335123462 ], [ -76.866843952919041, -12.171999208260022 ], [ -76.86644967739727, -12.171858395573665 ], [ -76.865351338443787, -12.171633095275521 ], [ -76.863379960834948, -12.170844544231977 ], [ -76.86205632158331, -12.170365781098415 ], [ -76.861239608002506, -12.168535216175929 ], [ -76.860929820092551, -12.167211576924293 ], [ -76.86121144546523, -12.166338538268953 ], [ -76.861493070837923, -12.16580345006083 ], [ -76.861549395912462, -12.165352849464531 ], [ -76.861352258151584, -12.164789598719148 ], [ -76.860760844868935, -12.163944722601082 ], [ -76.860507382033518, -12.163522284542042 ], [ -76.859071092632803, -12.162367620514013 ], [ -76.858817629797372, -12.161832532305914 ], [ -76.859176702147593, -12.161237598706091 ], [ -76.858895076774886, -12.160561697811644 ], [ -76.859908928116567, -12.160449047662558 ], [ -76.860303203638338, -12.15943519632088 ], [ -76.861655005427252, -12.158308694830113 ], [ -76.86199295587447, -12.156675267668518 ], [ -76.8621619310981, -12.153633713643462 ], [ -76.862499881545318, -12.15261986230178 ], [ -76.862274581247163, -12.151493360811013 ], [ -76.861429705129098, -12.149240357829497 ], [ -76.861486030203636, -12.147381630369742 ], [ -76.861542355278175, -12.145072302313682 ], [ -76.860556666473684, -12.141383009931454 ], [ -76.858810589162999, -12.140059370679799 ], [ -76.855571897377061, -12.137299442027439 ], [ -76.852783806187432, -12.137186791878371 ], [ -76.849854902311463, -12.136595378595725 ], [ -76.848221475149856, -12.135609689791298 ], [ -76.847235786345436, -12.133807287406098 ], [ -76.847010486047296, -12.132962411288016 ], [ -76.847320273957251, -12.130540433082876 ], [ -76.847827199628085, -12.126851140700646 ], [ -76.847432924106329, -12.123161848318411 ], [ -76.847410039873111, -12.123153705223631 ], [ -76.847409201185911, -12.123153407984159 ], [ -76.832968735999941, -12.145072229999929 ], [ -76.832807057645368, -12.14521452284173 ], [ -76.833133395808105, -12.145744682890978 ], [ -76.833809296702569, -12.146948631359232 ], [ -76.833598077673045, -12.147202094194666 ], [ -76.833598077673045, -12.147962482700921 ], [ -76.834316222373374, -12.149356528295742 ], [ -76.835583536550473, -12.15163769381453 ], [ -76.837273288786619, -12.153073983215242 ], [ -76.837611239233851, -12.154087834556933 ], [ -76.837273288786619, -12.155017198286799 ], [ -76.838794065799149, -12.156791438134753 ], [ -76.839976892364447, -12.157382851417404 ], [ -76.841328694153361, -12.158396702759077 ], [ -76.842764983554076, -12.158988116041735 ], [ -76.843694347283957, -12.161184793948708 ], [ -76.844708198625653, -12.163212496632086 ], [ -76.845046149072857, -12.16524019931545 ], [ -76.846060000414553, -12.166338538268944 ], [ -76.847073851756235, -12.16828175334051 ], [ -76.848087703097917, -12.169633555129421 ], [ -76.849439504886831, -12.171999208260003 ], [ -76.850622331452129, -12.17292857198988 ], [ -76.851467207570195, -12.174702811837832 ], [ -76.852396571300076, -12.176730514521198 ], [ -76.853494910253559, -12.177575390639277 ], [ -76.854593249207056, -12.178589241980948 ], [ -76.855438125325122, -12.180363481828897 ], [ -76.856114026219586, -12.181546308394198 ], [ -76.857212365173069, -12.18188425884143 ], [ -76.857888266067533, -12.18374298630118 ], [ -76.858958442483797, -12.185094788090108 ], [ -76.85924006785649, -12.186108639431792 ], [ -76.859803318601863, -12.186728215251703 ], [ -76.860648194719928, -12.1881926671897 ], [ -76.860929820092622, -12.189882419425835 ], [ -76.861774696210702, -12.193374574047184 ], [ -76.861831021285241, -12.194839025985177 ], [ -76.862056321583381, -12.195627577028704 ], [ -76.862506922179691, -12.196754078519463 ], [ -76.863239148148679, -12.197711604786615 ], [ -76.863070172925077, -12.198838106277382 ], [ -76.863689748744989, -12.199682982395444 ], [ -76.864816250235748, -12.20103478418436 ], [ -76.866055401875585, -12.20142905970612 ], [ -76.866157335294915, -12.201542319060938 ] ] ] } },
{ "type": "Feature", "properties": { "index": 6, "UBIGEO": "150123", "CCDD": "15", "CCPP": "01", "CCDI": "23", "DEPARTAMEN": "LIMA", "PROVINCIA": "LIMA", "DISTRITO": "PACHACAMAC", "OBJECTID": 1316.0, "ESRI_OID": 1316.0, "Zonas": "Paul Poblet Lind", "sububigeo": "15012303", "tipo_influencia": "Directa", "abreviatura": "PACH" }, "geometry": { "type": "Polygon", "coordinates": [ [ [ -76.866157335294915, -12.201542319060938 ], [ -76.866055401875585, -12.20142905970612 ], [ -76.864816250235748, -12.20103478418436 ], [ -76.863689748744989, -12.199682982395444 ], [ -76.863070172925077, -12.198838106277382 ], [ -76.863239148148679, -12.197711604786615 ], [ -76.862506922179691, -12.196754078519463 ], [ -76.862056321583381, -12.195627577028704 ], [ -76.861831021285241, -12.194839025985177 ], [ -76.861774696210702, -12.193374574047184 ], [ -76.860929820092622, -12.189882419425835 ], [ -76.860648194719928, -12.1881926671897 ], [ -76.859803318601863, -12.186728215251703 ], [ -76.85924006785649, -12.186108639431792 ], [ -76.858958442483797, -12.185094788090108 ], [ -76.857888266067533, -12.18374298630118 ], [ -76.857212365173069, -12.18188425884143 ], [ -76.856114026219586, -12.181546308394198 ], [ -76.855438125325122, -12.180363481828897 ], [ -76.854593249207056, -12.178589241980948 ], [ -76.853494910253559, -12.177575390639277 ], [ -76.852396571300076, -12.176730514521198 ], [ -76.851467207570195, -12.174702811837832 ], [ -76.850622331452129, -12.17292857198988 ], [ -76.849439504886831, -12.171999208260003 ], [ -76.848087703097917, -12.169633555129421 ], [ -76.847073851756235, -12.16828175334051 ], [ -76.846060000414553, -12.166338538268944 ], [ -76.845046149072857, -12.16524019931545 ], [ -76.844708198625653, -12.163212496632086 ], [ -76.843694347283957, -12.161184793948708 ], [ -76.842764983554076, -12.158988116041735 ], [ -76.841328694153361, -12.158396702759077 ], [ -76.839976892364447, -12.157382851417404 ], [ -76.838794065799149, -12.156791438134753 ], [ -76.837273288786619, -12.155017198286799 ], [ -76.837611239233851, -12.154087834556933 ], [ -76.837273288786619, -12.153073983215242 ], [ -76.835583536550473, -12.15163769381453 ], [ -76.834316222373374, -12.149356528295742 ], [ -76.833598077673045, -12.147962482700921 ], [ -76.833598077673045, -12.147202094194666 ], [ -76.833809296702569, -12.146948631359232 ], [ -76.833133395808105, -12.145744682890978 ], [ -76.832807057645368, -12.14521452284173 ], [ -76.832459985999947, -12.14551997999996 ], [ -76.832283468999947, -12.145908620999936 ], [ -76.832092468999974, -12.14589351499996 ], [ -76.831939468999963, -12.145876514999935 ], [ -76.831810468999947, -12.145868514999961 ], [ -76.831649468999956, -12.145814514999918 ], [ -76.831497468999942, -12.145752514999971 ], [ -76.831492005999962, -12.145751551999972 ], [ -76.831489468999962, -12.145744514999935 ], [ -76.831420468999966, -12.145708514999971 ], [ -76.831352468999967, -12.145663514999963 ], [ -76.831298468999989, -12.145609514999938 ], [ -76.831260468999972, -12.14556551499993 ], [ -76.831222468999954, -12.145528514999972 ], [ -76.831146468999975, -12.145493514999938 ], [ -76.83105446899998, -12.145466514999953 ], [ -76.830986468999981, -12.145440514999969 ], [ -76.830917469, -12.14541351499998 ], [ -76.83083346899997, -12.14538651499992 ], [ -76.830726468999956, -12.145359514999946 ], [ -76.830650468999977, -12.145351514999957 ], [ -76.830566468999962, -12.145352514999956 ], [ -76.83049746899998, -12.145370514999964 ], [ -76.830429468999967, -12.145379514999949 ], [ -76.83036846899995, -12.145371514999969 ], [ -76.830299468999954, -12.145390514999972 ], [ -76.83026146899995, -12.145408514999922 ], [ -76.830230468999957, -12.145381514999929 ], [ -76.83019246899994, -12.145300514999969 ], [ -76.830123468999943, -12.145246514999934 ], [ -76.830040468999982, -12.14519351499996 ], [ -76.829986468999948, -12.145193514999958 ], [ -76.829910468999969, -12.145157514999942 ], [ -76.829826468999954, -12.145140514999975 ], [ -76.829750468999976, -12.145113514999927 ], [ -76.829658467999934, -12.145095514999985 ], [ -76.829589467999938, -12.145096514999965 ], [ -76.829528467999978, -12.145051514999984 ], [ -76.82949046799996, -12.145061514999956 ], [ -76.829406467999945, -12.145061514999959 ], [ -76.829345467999985, -12.145080514999961 ], [ -76.829277467999987, -12.145090514999934 ], [ -76.829223467999952, -12.145116514999929 ], [ -76.829147467999974, -12.145117514999988 ], [ -76.829086467999957, -12.145072514999974 ], [ -76.829025467999941, -12.14503651499996 ], [ -76.828918467999983, -12.144965514999967 ], [ -76.828826467999988, -12.144921514999959 ], [ -76.828765467999972, -12.144903514999951 ], [ -76.828712467999935, -12.144921514999968 ], [ -76.828628467999977, -12.14493051499994 ], [ -76.82851446799998, -12.144941514999973 ], [ -76.828422467999985, -12.144914514999922 ], [ -76.828361467999969, -12.144896514999967 ], [ -76.828292467999972, -12.14486951499997 ], [ -76.828139798999985, -12.14487075699998 ], [ -76.828056467999943, -12.144853514999957 ], [ -76.828002467999966, -12.144844514999935 ], [ -76.827896467999949, -12.144818514999946 ], [ -76.827842467999986, -12.144801514999921 ], [ -76.827770231999978, -12.144775956999972 ], [ -76.827713467999956, -12.144774514999945 ], [ -76.827594163999947, -12.144803395999933 ], [ -76.827484385999981, -12.144831543999945 ], [ -76.82739149799994, -12.14487376699997 ], [ -76.827354467999953, -12.144894514999972 ], [ -76.827293467999937, -12.144930514999933 ], [ -76.827186467999979, -12.144931514999941 ], [ -76.827079467999965, -12.144896514999967 ], [ -76.82699546799995, -12.144842514999942 ], [ -76.826934467999934, -12.144815514999944 ], [ -76.82685949599994, -12.144825914999959 ], [ -76.826738458999955, -12.144825914999952 ], [ -76.826683467999942, -12.144817514999941 ], [ -76.826568467999948, -12.144791514999948 ], [ -76.826392235999947, -12.14477524899997 ], [ -76.826080467999986, -12.144740514999969 ], [ -76.825966954999956, -12.144689211999951 ], [ -76.825897467999937, -12.144668514999978 ], [ -76.82579046799998, -12.144651514999961 ], [ -76.825716678999981, -12.144651395999972 ], [ -76.825572620999935, -12.144636299999942 ], [ -76.825424467999937, -12.144626514999972 ], [ -76.82532546799996, -12.144609514999965 ], [ -76.825120428999981, -12.144619956999978 ], [ -76.825006018999943, -12.144614506999977 ], [ -76.824966467999957, -12.144612514999952 ], [ -76.824821467999982, -12.14459551499993 ], [ -76.824638467999989, -12.144596514999934 ], [ -76.824370415999965, -12.144595498999934 ], [ -76.824188467999988, -12.144590514999955 ], [ -76.824014913999974, -12.144559407999973 ], [ -76.823890467999945, -12.144537514999968 ], [ -76.823707467999952, -12.144538514999958 ], [ -76.823601665999945, -12.144516098999928 ], [ -76.823498805999975, -12.144501661999978 ], [ -76.82335846999996, -12.144454239999959 ], [ -76.823195637999959, -12.144368122999936 ], [ -76.82310446799994, -12.144344514999947 ], [ -76.823028467999961, -12.144335514999964 ], [ -76.822868467999967, -12.144318514999958 ], [ -76.82283046799995, -12.144309514999968 ], [ -76.822761467999953, -12.144319514999941 ], [ -76.822715467999956, -12.144309514999975 ], [ -76.822627196999974, -12.144277893999966 ], [ -76.822547467999982, -12.144229514999958 ], [ -76.822466512999938, -12.144199422999973 ], [ -76.822417866999956, -12.144184055999959 ], [ -76.822372751999978, -12.144158791999919 ], [ -76.822319467999989, -12.144141514999941 ], [ -76.822215753999956, -12.144120895999949 ], [ -76.822105467999961, -12.144097514999945 ], [ -76.822031686999935, -12.144075782999938 ], [ -76.821990467999967, -12.14406251499997 ], [ -76.821945467999967, -12.144025514999951 ], [ -76.821914467999989, -12.144008514999941 ], [ -76.821868467999934, -12.143963514999932 ], [ -76.821838467999953, -12.143936514999947 ], [ -76.821739467999976, -12.143864514999953 ], [ -76.821515579999982, -12.143794268999946 ], [ -76.821253915999989, -12.14370945499997 ], [ -76.821190186999956, -12.14368388999997 ], [ -76.820899467999936, -12.143608514999919 ], [ -76.82072446799998, -12.143572514999965 ], [ -76.820518467999989, -12.143547514999964 ], [ -76.820393134999961, -12.14354162799998 ], [ -76.820236467999962, -12.143522514999978 ], [ -76.820144467999967, -12.143505514999957 ], [ -76.819961467999974, -12.143443514999952 ], [ -76.819831467999961, -12.143398514999943 ], [ -76.819763467999962, -12.143362514999978 ], [ -76.819618467999987, -12.143309514999931 ], [ -76.819347411999956, -12.14319660099995 ], [ -76.819183467999949, -12.143104514999951 ], [ -76.818977467999957, -12.14306051499994 ], [ -76.818862467999963, -12.143015514999941 ], [ -76.818664467999952, -12.142963514999956 ], [ -76.818484674, -12.142928698999976 ], [ -76.818313467999985, -12.142866514999977 ], [ -76.81822946799997, -12.142866514999973 ], [ -76.818199467999989, -12.142867514999974 ], [ -76.818161467999971, -12.142848514999965 ], [ -76.818130467999936, -12.142840514999927 ], [ -76.818112264999968, -12.142826268999956 ], [ -76.818107467999937, -12.142822514999981 ], [ -76.818092467999975, -12.142813514999938 ], [ -76.818038467999941, -12.142767514999944 ], [ -76.818016467999939, -12.142750514999932 ], [ -76.817993467999941, -12.142732514999979 ], [ -76.817871467999964, -12.142679514999942 ], [ -76.817810467999948, -12.14265251499995 ], [ -76.817779467999969, -12.142634514999946 ], [ -76.817718467999967, -12.14261751499992 ], [ -76.817665467999973, -12.142607514999954 ], [ -76.817626467999972, -12.14259951499997 ], [ -76.817550467999979, -12.142590514999931 ], [ -76.81748246799998, -12.142581514999954 ], [ -76.817451467999945, -12.14257351499997 ], [ -76.817390467999985, -12.142555514999975 ], [ -76.81735946799995, -12.142546514999937 ], [ -76.817329467999969, -12.142528514999976 ], [ -76.817283467999971, -12.142501514999937 ], [ -76.817268467999952, -12.142483514999975 ], [ -76.817245467999953, -12.142475514999949 ], [ -76.817230467999934, -12.142466514999963 ], [ -76.817092467999942, -12.142457514999929 ], [ -76.816955467999946, -12.142450514999942 ], [ -76.816932467999948, -12.142450514999954 ], [ -76.816902467999967, -12.142441514999973 ], [ -76.816772467999954, -12.142406514999957 ], [ -76.816703467999957, -12.142388514999931 ], [ -76.816581467999981, -12.142334514999956 ], [ -76.816543467999963, -12.142326514999978 ], [ -76.816490467999984, -12.142299514999937 ], [ -76.816429467999967, -12.142263514999975 ], [ -76.81638346799997, -12.142240137999975 ], [ -76.816307467999934, -12.142201514999956 ], [ -76.816246467999974, -12.142174514999967 ], [ -76.816223467999976, -12.142156514999961 ], [ -76.81619246799994, -12.142147514999971 ], [ -76.816154467999979, -12.142138514999946 ], [ -76.816108467999982, -12.142129514999965 ], [ -76.816055467999945, -12.142121514999921 ], [ -76.816024467999966, -12.142121514999921 ], [ -76.815948467999988, -12.142130514999954 ], [ -76.81591846799995, -12.142140514999928 ], [ -76.815757467999958, -12.142132514999957 ], [ -76.815716169999973, -12.142125006999954 ], [ -76.815658467999981, -12.142114514999955 ], [ -76.815605467999944, -12.142106514999968 ], [ -76.815574467999966, -12.142106514999961 ], [ -76.815544467999985, -12.142097514999925 ], [ -76.815513467999949, -12.142080514999973 ], [ -76.815509655999961, -12.142077655999962 ], [ -76.815429467999934, -12.14201751499996 ], [ -76.815391467999973, -12.141998157999975 ], [ -76.815376467999968, -12.141990514999977 ], [ -76.81526946799994, -12.141927514999969 ], [ -76.815231468, -12.141900514999969 ], [ -76.815201728, -12.141879789999971 ], [ -76.815162467999983, -12.141864514999954 ], [ -76.815132467999945, -12.141847514999945 ], [ -76.815094468, -12.141838514999971 ], [ -76.815063467999948, -12.141829514999916 ], [ -76.81503246799997, -12.141829514999934 ], [ -76.815010467999969, -12.141830514999977 ], [ -76.814979467999933, -12.141830515 ], [ -76.814880467999956, -12.141849514999938 ], [ -76.814819467999939, -12.141858514999962 ], [ -76.814788467999961, -12.141859514999958 ], [ -76.814712467999982, -12.141850514999927 ], [ -76.814651467999965, -12.141841514999959 ], [ -76.814529468, -12.14182351499994 ], [ -76.814392467999937, -12.141806514999923 ], [ -76.814315467999961, -12.141789514999976 ], [ -76.814309196999943, -12.141788579999968 ], [ -76.814201467999979, -12.141772514999959 ], [ -76.814163467999947, -12.14176351499998 ], [ -76.814079467999989, -12.141727514999952 ], [ -76.814018467999972, -12.141718514999987 ], [ -76.813984079999955, -12.14171401299995 ], [ -76.813827467999943, -12.141693514999922 ], [ -76.813789467999982, -12.141684514999955 ], [ -76.813735467999948, -12.14167551499998 ], [ -76.813659467999969, -12.141649514999934 ], [ -76.813613467999971, -12.141640514999942 ], [ -76.813560467999935, -12.141632514999976 ], [ -76.813522467999974, -12.141622514999943 ], [ -76.813446467999938, -12.141632514999975 ], [ -76.813240467999947, -12.141615514999961 ], [ -76.813095467999972, -12.141616514999949 ], [ -76.813034467999955, -12.141616514999949 ], [ -76.812988467999958, -12.141608514999977 ], [ -76.812980467999978, -12.141608514999961 ], [ -76.812957467999979, -12.14160851499998 ], [ -76.812919467999961, -12.141617514999957 ], [ -76.812850467999965, -12.141635514999958 ], [ -76.812820467999984, -12.141645514999929 ], [ -76.812789467999949, -12.141645514999936 ], [ -76.812744467999948, -12.141654514999972 ], [ -76.812711309999941, -12.14165064199995 ], [ -76.812530467999977, -12.141629514999975 ], [ -76.812339467999948, -12.141621514999946 ], [ -76.812309467999967, -12.141612514999967 ], [ -76.812263467999969, -12.141604514999932 ], [ -76.81224046799997, -12.141594514999944 ], [ -76.812225467999951, -12.141594514999946 ], [ -76.812213597, -12.141597094999957 ], [ -76.812179467999954, -12.141604514999919 ], [ -76.812133467999956, -12.141595514999944 ], [ -76.812088467999956, -12.141613514999964 ], [ -76.812042467999959, -12.141614514999963 ], [ -76.811996467999961, -12.14159651499995 ], [ -76.811950467999964, -12.14158851499997 ], [ -76.81190446799998, -12.14157051499995 ], [ -76.81185946799998, -12.14157051499995 ], [ -76.811805467999989, -12.141561514999985 ], [ -76.811759467999934, -12.141571514999947 ], [ -76.811714467999934, -12.141580514999927 ], [ -76.811668467999937, -12.141571514999955 ], [ -76.811630467999976, -12.141553514999943 ], [ -76.811584467999978, -12.141535514999923 ], [ -76.811545641999942, -12.141536358999922 ], [ -76.811538467999981, -12.141536514999927 ], [ -76.811492467999983, -12.141528514999939 ], [ -76.811447467999983, -12.141518514999966 ], [ -76.811393467999949, -12.141509514999935 ], [ -76.811355467999988, -12.141501514999957 ], [ -76.811309467999934, -12.141474514999963 ], [ -76.811271467999973, -12.141456514999961 ], [ -76.811265399999968, -12.141453422999964 ], [ -76.811218467999936, -12.141429514999968 ], [ -76.811180467999975, -12.141412514999949 ], [ -76.811126467999941, -12.141394514999947 ], [ -76.811080467999943, -12.141386514999965 ], [ -76.811035467999943, -12.141377514999936 ], [ -76.810989467999946, -12.141367514999949 ], [ -76.810943467999948, -12.141350514999933 ], [ -76.810918989999962, -12.141350514999944 ], [ -76.810897467999951, -12.141350514999951 ], [ -76.81085246799995, -12.141342514999964 ], [ -76.810806467999953, -12.141333514999932 ], [ -76.810760467999955, -12.141315514999965 ], [ -76.810714467999958, -12.141306514999936 ], [ -76.810707467999976, -12.141298514999958 ], [ -76.810546467999984, -12.141307514999937 ], [ -76.810478467999985, -12.141317514999963 ], [ -76.810432467999988, -12.141335514999982 ], [ -76.810386467999933, -12.141354514999929 ], [ -76.810340467999936, -12.141363514999961 ], [ -76.810295467999936, -12.141364514999962 ], [ -76.810249467999938, -12.141355514999933 ], [ -76.810203467999941, -12.141373514999932 ], [ -76.810157467999943, -12.141391514999958 ], [ -76.810104467999963, -12.141391514999956 ], [ -76.810058467999966, -12.141392514999955 ], [ -76.810012467999968, -12.141384514999972 ], [ -76.809959467999988, -12.14139251499995 ], [ -76.80992146799997, -12.141402514999982 ], [ -76.809852467999974, -12.141411514999959 ], [ -76.809806467999977, -12.141411514999968 ], [ -76.809761467999977, -12.14140351499997 ], [ -76.809715467999979, -12.141386514999963 ], [ -76.809669467999981, -12.14136751499996 ], [ -76.809623467999984, -12.141349514999936 ], [ -76.809585467999966, -12.141332514999933 ], [ -76.809539467999969, -12.141305514999946 ], [ -76.809494467999968, -12.141296514999967 ], [ -76.809448467999971, -12.141287514999929 ], [ -76.809402467999973, -12.141288514999935 ], [ -76.809366055999988, -12.14127126899996 ], [ -76.809364467999956, -12.141270514999972 ], [ -76.809318467999958, -12.141270514999983 ], [ -76.809265467999978, -12.141253514999955 ], [ -76.809219467999981, -12.141243514999928 ], [ -76.809173467999983, -12.141235514999948 ], [ -76.809127467999986, -12.141236514999951 ], [ -76.809082467999986, -12.141226514999977 ], [ -76.809036467999988, -12.141227514999972 ], [ -76.808990467999934, -12.14121951499993 ], [ -76.808944467999936, -12.141227514999967 ], [ -76.808898467999938, -12.141237514999947 ], [ -76.808853467999938, -12.141246514999972 ], [ -76.808807467999941, -12.141256514999951 ], [ -76.808761467999943, -12.141265514999921 ], [ -76.808715467999946, -12.141283514999946 ], [ -76.808670467999946, -12.141302514999955 ], [ -76.808624467999962, -12.141320514999965 ], [ -76.808578467999951, -12.141329514999939 ], [ -76.808532467999967, -12.141357514999982 ], [ -76.808486467999955, -12.141348514999944 ], [ -76.808441467999955, -12.141357514999978 ], [ -76.808395467999958, -12.141376514999932 ], [ -76.80834946799996, -12.14139451499994 ], [ -76.808303467999963, -12.141386514999972 ], [ -76.808258467999963, -12.141404514999984 ], [ -76.808212467999965, -12.141422514999926 ], [ -76.808166467999968, -12.141423514999932 ], [ -76.80812046799997, -12.141423514999936 ], [ -76.808074467999973, -12.141441514999933 ], [ -76.808021467999936, -12.141450514999967 ], [ -76.807983467999975, -12.141460514999938 ], [ -76.807937467999977, -12.14146051499994 ], [ -76.807884467999941, -12.141451514999972 ], [ -76.807838467999943, -12.14146151499995 ], [ -76.807792467999946, -12.141461514999945 ], [ -76.807746467999948, -12.141461514999945 ], [ -76.807701467999948, -12.141462514999935 ], [ -76.807647467999971, -12.141480514999952 ], [ -76.807609467999953, -12.141489514999934 ], [ -76.807563467999955, -12.141508514999938 ], [ -76.807525467999938, -12.141526514999947 ], [ -76.807504565999977, -12.141536965999935 ], [ -76.807487467999977, -12.141545514999967 ], [ -76.807441467999979, -12.141571514999962 ], [ -76.807407964999982, -12.141587168999937 ], [ -76.807356816, -12.141602323999958 ], [ -76.807296196999971, -12.141626950999971 ], [ -76.80723936699998, -12.14164968299997 ], [ -76.807190112999933, -12.141674309999935 ], [ -76.807136467999953, -12.14166451499994 ], [ -76.807048036999959, -12.141647788999927 ], [ -76.806977944999971, -12.141679991999972 ], [ -76.806940057999952, -12.141679991999984 ], [ -76.806875649999938, -12.14169704199997 ], [ -76.806854467999983, -12.141694514999914 ], [ -76.806816467999965, -12.141675514999983 ], [ -76.806793467999967, -12.141667514999934 ], [ -76.806755467999949, -12.141667514999947 ], [ -76.806716467999934, -12.141685514999946 ], [ -76.806695684999966, -12.141698936999946 ], [ -76.80666158799994, -12.14170272399998 ], [ -76.806633467999973, -12.141704514999958 ], [ -76.806476212999939, -12.141749157999977 ], [ -76.806354911999961, -12.141760536999985 ], [ -76.806334516999982, -12.141770625999978 ], [ -76.806274149999979, -12.141797686999952 ], [ -76.806218585999943, -12.141796387999925 ], [ -76.806130391999957, -12.141784764999953 ], [ -76.806054475999986, -12.141796071999979 ], [ -76.805978557999936, -12.141771842999955 ], [ -76.805904257999941, -12.141786379999937 ], [ -76.805587479999986, -12.141764938999936 ], [ -76.805248186999961, -12.141757743999962 ], [ -76.805054967, -12.141706217999966 ], [ -76.804732931, -12.141641811999936 ], [ -76.804522536999968, -12.141616047999944 ], [ -76.804329315999951, -12.141650399999941 ], [ -76.804200501999958, -12.141646104999946 ], [ -76.804075981999972, -12.14161604799995 ], [ -76.803904229999944, -12.141560229999987 ], [ -76.803758239999979, -12.14146576699995 ], [ -76.803599370999962, -12.14137130199998 ], [ -76.803470555999979, -12.141371301999975 ], [ -76.80332027299994, -12.141418534999955 ], [ -76.803238690999933, -12.141461471999948 ], [ -76.803144227999951, -12.141551641999973 ], [ -76.803058350999947, -12.141590286999923 ], [ -76.802959594999948, -12.141616047999936 ], [ -76.802783235999982, -12.141557702999931 ], [ -76.802590762999955, -12.141586864999965 ], [ -76.802404122999974, -12.141656854999944 ], [ -76.80228164, -12.141779336999955 ], [ -76.802094997999973, -12.141884323999932 ], [ -76.80174504699994, -12.141983475999945 ], [ -76.801441755999974, -12.142152620999987 ], [ -76.80123761699997, -12.142228442999954 ], [ -76.801091803999952, -12.142321762999917 ], [ -76.800811841999973, -12.142788364999946 ], [ -76.800753516999976, -12.142951676999932 ], [ -76.800666028999956, -12.143126651999983 ], [ -76.80064062699995, -12.143133606999974 ], [ -76.800648530999979, -12.143149981999963 ], [ -76.800540112999954, -12.143287747999974 ], [ -76.800476467999943, -12.143432620999935 ], [ -76.800384467999947, -12.143586620999937 ], [ -76.800346225999988, -12.143632071999955 ], [ -76.800331467999968, -12.143659620999934 ], [ -76.800315467999951, -12.143677620999929 ], [ -76.80029346799995, -12.143695620999946 ], [ -76.800291387999948, -12.143697248999951 ], [ -76.800277612999935, -12.143713620999957 ], [ -76.800262467999971, -12.14373162099997 ], [ -76.800079467999979, -12.14368862099996 ], [ -76.800038274999963, -12.143634434999973 ], [ -76.799949467999966, -12.143517620999946 ], [ -76.799911467999948, -12.143472620999953 ], [ -76.799847022999984, -12.143435114999921 ], [ -76.799789467999972, -12.143401620999958 ], [ -76.799716165999939, -12.143362350999952 ], [ -76.799692663999963, -12.143365289999961 ], [ -76.799684290999963, -12.143366336999968 ], [ -76.799686163999979, -12.143342456999955 ], [ -76.799570600999971, -12.143292848999984 ], [ -76.799453467999967, -12.143249620999935 ], [ -76.799398596999936, -12.143247221999951 ], [ -76.799270467999975, -12.143241620999966 ], [ -76.799147485999981, -12.143198049999969 ], [ -76.799095467999962, -12.143179620999941 ], [ -76.798919467999951, -12.143116620999933 ], [ -76.798751467999978, -12.143036620999967 ], [ -76.798703089999947, -12.143024989999953 ], [ -76.798568467999985, -12.14299262099996 ], [ -76.798423467999953, -12.142903620999958 ], [ -76.798332467999955, -12.142876620999967 ], [ -76.798255467999979, -12.142832620999972 ], [ -76.798149467999963, -12.142814620999964 ], [ -76.798065467999947, -12.142797620999939 ], [ -76.798034467999969, -12.142794801999967 ], [ -76.79796646799997, -12.142788620999971 ], [ -76.797935467999935, -12.142788620999964 ], [ -76.797691467999982, -12.142700620999959 ], [ -76.797508468, -12.142701620999954 ], [ -76.79732546799994, -12.142757620999932 ], [ -76.797302258999935, -12.142754196999929 ], [ -76.797218016999977, -12.142744516999917 ], [ -76.797119850999934, -12.14272420799994 ], [ -76.797008846999972, -12.142738608999931 ], [ -76.796958467999957, -12.142741620999967 ], [ -76.796768467999982, -12.142751620999947 ], [ -76.796585467999989, -12.142734620999928 ], [ -76.796565532999978, -12.142737780999935 ], [ -76.796516467999936, -12.142745553999939 ], [ -76.79640246799994, -12.142763620999974 ], [ -76.796302467999965, -12.142772620999947 ], [ -76.796196467999948, -12.142773620999954 ], [ -76.796096467999973, -12.142756620999929 ], [ -76.796035467999957, -12.142738620999983 ], [ -76.795990467999957, -12.142711620999927 ], [ -76.795967467999958, -12.142693620999973 ], [ -76.795944467999959, -12.142675620999972 ], [ -76.795890467999982, -12.142666620999941 ], [ -76.795814467999946, -12.142649620999981 ], [ -76.795753467999987, -12.142649620999983 ], [ -76.79569246799997, -12.142650620999968 ], [ -76.795578467999974, -12.142641620999944 ], [ -76.795547467999938, -12.142641620999944 ], [ -76.795448467999961, -12.142642620999943 ], [ -76.795425467999962, -12.142642620999935 ], [ -76.795417467999982, -12.14264262099994 ], [ -76.795410467999943, -12.14264262099994 ], [ -76.795364467999946, -12.142642620999933 ], [ -76.795288467999967, -12.142670620999972 ], [ -76.795257467999988, -12.142670620999979 ], [ -76.795211467999934, -12.142671620999984 ], [ -76.795166467999934, -12.142662620999936 ], [ -76.795112467999957, -12.142653620999962 ], [ -76.79499046799998, -12.142627620999969 ], [ -76.794921585999987, -12.142599674999929 ], [ -76.794917296999984, -12.142597932999927 ], [ -76.794815467999967, -12.14255662099993 ], [ -76.794647467999937, -12.142475620999964 ], [ -76.794479467999963, -12.14241362099995 ], [ -76.794288467999934, -12.14239662099993 ], [ -76.794113467999978, -12.14236262099997 ], [ -76.794014391999951, -12.142314850999984 ], [ -76.793956667999964, -12.142287020999953 ], [ -76.793922467999948, -12.142254620999955 ], [ -76.793900077999979, -12.14224585899996 ], [ -76.793876467999951, -12.142236620999929 ], [ -76.793830467999953, -12.142219620999985 ], [ -76.79380684299997, -12.142215608999948 ], [ -76.793777467999973, -12.142201620999968 ], [ -76.793733725999971, -12.142202063999942 ], [ -76.793731467999976, -12.142201620999977 ], [ -76.793685467999978, -12.142192620999941 ], [ -76.793678249999971, -12.142192780999951 ], [ -76.793640467999978, -12.142193620999935 ], [ -76.793594467999981, -12.14219362099994 ], [ -76.793548467999983, -12.142203620999968 ], [ -76.793533467999964, -12.14220655399993 ], [ -76.793502467999986, -12.142212620999947 ], [ -76.793457467999986, -12.142230620999953 ], [ -76.793411467999988, -12.142258620999932 ], [ -76.79337346799997, -12.142276620999953 ], [ -76.793327467999973, -12.142303620999941 ], [ -76.793289467999955, -12.142322620999941 ], [ -76.793251467999951, -12.142349620999934 ], [ -76.79320546799994, -12.142368620999935 ], [ -76.793159467999956, -12.142386620999957 ], [ -76.793113467999945, -12.142395620999929 ], [ -76.793067467999947, -12.142405620999963 ], [ -76.793022467999947, -12.142423620999969 ], [ -76.793005034999965, -12.142450907999944 ], [ -76.792951419999952, -12.142489204999945 ], [ -76.792861565999942, -12.142518711999969 ], [ -76.792823467999938, -12.142533620999918 ], [ -76.792778467999938, -12.142533620999918 ], [ -76.79272446799996, -12.142534620999989 ], [ -76.792678467999963, -12.14252462099995 ], [ -76.792625467999983, -12.142516620999977 ], [ -76.792579467999985, -12.142516620999974 ], [ -76.792533467999988, -12.14250762099994 ], [ -76.792488467999988, -12.142498620999957 ], [ -76.792449467999973, -12.142490620999981 ], [ -76.792404467999987, -12.142490620999984 ], [ -76.792350467999938, -12.14248162099994 ], [ -76.792305467999938, -12.142482620999939 ], [ -76.792259467999941, -12.142473620999969 ], [ -76.792205467999963, -12.142482620999944 ], [ -76.792160467999963, -12.142483620999933 ], [ -76.792106467999986, -12.142483620999945 ], [ -76.792060467999988, -12.14249362099998 ], [ -76.792007467999952, -12.142502620999958 ], [ -76.791961467999954, -12.142511620999931 ], [ -76.791915467999956, -12.142520620999964 ], [ -76.791862467999977, -12.142530620999928 ], [ -76.791816467999979, -12.142521620999949 ], [ -76.791770467999982, -12.142513620999981 ], [ -76.791732467999964, -12.14248562099994 ], [ -76.791709467999965, -12.142450620999966 ], [ -76.791679467999984, -12.142404620999965 ], [ -76.791656467999985, -12.142369620999949 ], [ -76.791626467999947, -12.142332620999973 ], [ -76.791595467999969, -12.142296620999961 ], [ -76.791564467999947, -12.142251620999959 ], [ -76.791551604999938, -12.142240288999966 ], [ -76.791550846999939, -12.142239799999963 ], [ -76.791450745999953, -12.142192858999975 ], [ -76.791442467999957, -12.142189620999943 ], [ -76.791404467999939, -12.142162620999953 ], [ -76.791374467999972, -12.142126620999935 ], [ -76.79134346799998, -12.14208262099992 ], [ -76.791328467999961, -12.142045620999975 ], [ -76.791297467999982, -12.142001620999968 ], [ -76.791267467999944, -12.141964620999939 ], [ -76.791244467999945, -12.141928620999977 ], [ -76.791214467999964, -12.141892620999959 ], [ -76.791175467999949, -12.141857620999927 ], [ -76.791145467999968, -12.141829620999939 ], [ -76.79110746799995, -12.14180262099995 ], [ -76.791069467999989, -12.141775620999976 ], [ -76.791030467999974, -12.141749620999981 ], [ -76.790907975999971, -12.141660444999966 ], [ -76.79083183399996, -12.141579541999926 ], [ -76.790664467999989, -12.141444620999945 ], [ -76.790541538999946, -12.141403461999964 ], [ -76.79040828899997, -12.141393944999948 ], [ -76.790283618999979, -12.141485784999936 ], [ -76.790282063999939, -12.14148664399994 ], [ -76.790122753999981, -12.141574784999928 ], [ -76.789903842999934, -12.141603336999934 ], [ -76.789670655999942, -12.141603336999939 ], [ -76.789408915999957, -12.141536711999944 ], [ -76.789223317999983, -12.141517676999975 ], [ -76.789071032999971, -12.141465327999974 ], [ -76.788913987999933, -12.141246416999927 ], [ -76.788809292999986, -12.141070336999967 ], [ -76.788609417999965, -12.140927569999972 ], [ -76.78844761299996, -12.140808596999927 ], [ -76.788114489999955, -12.140594446999962 ], [ -76.787814676999972, -12.140437401999977 ], [ -76.787619559999939, -12.14036125899997 ], [ -76.787429204999981, -12.140289873999954 ], [ -76.787219811999989, -12.140228008999934 ], [ -76.787000899999953, -12.140251801999973 ], [ -76.786877169999968, -12.140251801999966 ], [ -76.786691571999938, -12.140228008999937 ], [ -76.786591634, -12.140189936999949 ], [ -76.786512960999971, -12.140152004999948 ], [ -76.786353686999973, -12.140037651999936 ], [ -76.786248991999969, -12.14003765199994 ], [ -76.786053876999972, -12.140032891999974 ], [ -76.785939661999976, -12.140009096999952 ], [ -76.785720751999975, -12.139932956999933 ], [ -76.785601776999954, -12.139885366999973 ], [ -76.785406661999957, -12.139785428999977 ], [ -76.785202028999947, -12.139671213999977 ], [ -76.785102091999988, -12.139604588999935 ], [ -76.785025948999987, -12.139514168999947 ], [ -76.784897458999978, -12.139395196999946 ], [ -76.784859385999937, -12.13926194899995 ], [ -76.784821313999942, -12.139152491999941 ], [ -76.784773725999983, -12.139076348999934 ], [ -76.784607163999965, -12.138976411999973 ], [ -76.784383493999954, -12.138924063999974 ], [ -76.78424072599995, -12.138938340999971 ], [ -76.784102717999986, -12.138962133999947 ], [ -76.783898083999986, -12.138928823999942 ], [ -76.783755315999954, -12.138885993999958 ], [ -76.783550682999987, -12.138814608999954 ], [ -76.78333844499997, -12.138717717999958 ], [ -76.783339960999967, -12.138709215999937 ], [ -76.783248085999958, -12.138718309999952 ], [ -76.78311286099995, -12.138724188999964 ], [ -76.782893950999949, -12.138733705999931 ], [ -76.782755942999984, -12.138705153999984 ], [ -76.782579862999967, -12.138700395999926 ], [ -76.782451372999958, -12.138633770999954 ], [ -76.782389505999959, -12.13860997399996 ], [ -76.782251497999951, -12.138614733999933 ], [ -76.782142042999965, -12.138605215999981 ], [ -76.781932647999952, -12.138595698999955 ], [ -76.781813674999967, -12.138529073999955 ], [ -76.781694702999971, -12.138491000999981 ], [ -76.781599524999933, -12.138357750999949 ], [ -76.781461515, -12.138214985999973 ], [ -76.781275917999949, -12.13811028899995 ], [ -76.781018934999963, -12.137996073999936 ], [ -76.780647739999949, -12.137929448999948 ], [ -76.780405034999944, -12.137910413999982 ], [ -76.780086186999938, -12.137905655999923 ], [ -76.779529393999951, -12.137938965999982 ], [ -76.779134401999954, -12.137886618999975 ], [ -76.778939286999957, -12.137896135999938 ], [ -76.778753688999984, -12.137891377999942 ], [ -76.778644233999955, -12.137848547999962 ], [ -76.778563331999976, -12.13779144099993 ], [ -76.778439598999967, -12.137667707999986 ], [ -76.778230208999958, -12.137543975999968 ], [ -76.778011298999957, -12.137472592999922 ], [ -76.777701967999974, -12.137458315999933 ], [ -76.777316495999983, -12.137415485999945 ], [ -76.77711186099998, -12.137325065999955 ], [ -76.77692626299995, -12.137244164999961 ], [ -76.776721630999987, -12.137082360999949 ], [ -76.776674040999978, -12.136958627999947 ], [ -76.776664780999965, -12.136947825999917 ], [ -76.776459887999977, -12.136815862999979 ], [ -76.776036344999966, -12.136582672999955 ], [ -76.775865022999938, -12.136473217999939 ], [ -76.775584247999973, -12.136306657999965 ], [ -76.775312989999975, -12.136178164999928 ], [ -76.77515118499997, -12.136102022999978 ], [ -76.77485192499995, -12.136109379999942 ], [ -76.774462969999945, -12.136127471999938 ], [ -76.774206680999967, -12.136151592999971 ], [ -76.773959438999952, -12.136127471999933 ], [ -76.773763454999937, -12.136058122999945 ], [ -76.773609680999982, -12.13602495599997 ], [ -76.77342274199998, -12.136024955999963 ], [ -76.773287059999973, -12.135958622999963 ], [ -76.773166454999966, -12.135907364999975 ], [ -76.773012680999955, -12.135859122999932 ], [ -76.772922225999935, -12.135780727999926 ], [ -76.772822725999958, -12.135720424999931 ], [ -76.772690059999945, -12.135672182999949 ], [ -76.772557391999953, -12.135648061999982 ], [ -76.772382514999947, -12.135587758999975 ], [ -76.77228, -12.135446045999966 ], [ -76.772186376999983, -12.135354872999921 ], [ -76.772091198999988, -12.13529776499996 ], [ -76.771964194999953, -12.135237522999939 ], [ -76.771562958999937, -12.135135961999932 ], [ -76.771363083999972, -12.135036024999975 ], [ -76.771129895999934, -12.134959881999968 ], [ -76.770991887999969, -12.134907534999957 ], [ -76.770844360999945, -12.134864704999931 ], [ -76.770687315999965, -12.134859944999954 ], [ -76.770511235999948, -12.13485994499996 ], [ -76.770301842999984, -12.134874219999968 ], [ -76.770163835999938, -12.134864704999927 ], [ -76.770049620999941, -12.134850426999948 ], [ -76.769921131, -12.134798079999928 ], [ -76.76979739799998, -12.134760006999944 ], [ -76.769592762999935, -12.134740971999983 ], [ -76.769411924999986, -12.134774284999931 ], [ -76.769193014999985, -12.134798079999936 ], [ -76.768921755999941, -12.134821872999957 ], [ -76.768802782999956, -12.134845666999972 ], [ -76.768593389999978, -12.134883739999967 ], [ -76.768407792999952, -12.134964639999964 ], [ -76.768260264999981, -12.135045541999938 ], [ -76.768098462999944, -12.135178791999966 ], [ -76.767998524999939, -12.135264452999929 ], [ -76.767908104999947, -12.135383424999922 ], [ -76.767851, -12.135464327999964 ], [ -76.76771298999995, -12.135549987999978 ], [ -76.76763208999995, -12.13560233699997 ], [ -76.767536910000018, -12.135697514999944 ], [ -76.76733227699998, -12.135768899999954 ], [ -76.767165714999976, -12.135726069999976 ], [ -76.767022946999987, -12.135645166999948 ], [ -76.766899214999967, -12.13559281999995 ], [ -76.766761206999945, -12.13554046999997 ], [ -76.766575606999936, -12.135554747999949 ], [ -76.766480428999955, -12.135607094999964 ], [ -76.766366214999948, -12.135692754999974 ], [ -76.766247241999963, -12.13577841699993 ], [ -76.766180616999975, -12.135840282999945 ], [ -76.765947428999937, -12.135978289999965 ], [ -76.765818939, -12.136025879999982 ], [ -76.765728518999936, -12.136035397999937 ], [ -76.765595268999959, -12.135916424999944 ], [ -76.765533403999939, -12.135806969999976 ], [ -76.765423948999967, -12.135664202999985 ], [ -76.765319253999962, -12.135526194999944 ], [ -76.765186003999986, -12.135373907999968 ], [ -76.765057510999952, -12.135273969999963 ], [ -76.764876673999936, -12.135207344999973 ], [ -76.764815036999948, -12.13520283499998 ], [ -76.764681555999971, -12.135193069999954 ], [ -76.764591135999979, -12.135221622999961 ], [ -76.764529008999943, -12.135242330999976 ], [ -76.764285173999951, -12.135346303999933 ], [ -76.76410096799998, -12.13543577499996 ], [ -76.763891575999935, -12.135597577999924 ], [ -76.763701217999937, -12.135716549999918 ], [ -76.763510862999979, -12.135811729999944 ], [ -76.763325262999956, -12.135826004999959 ], [ -76.763134907999984, -12.135849799999962 ], [ -76.762920755999971, -12.135849799999956 ], [ -76.762797022999962, -12.135845041999964 ], [ -76.762654255999962, -12.135921182999944 ], [ -76.762554317999957, -12.135983049999943 ], [ -76.762411549999968, -12.136044914999959 ], [ -76.762216434999985, -12.136116299999975 ], [ -76.761930899999982, -12.136182924999959 ], [ -76.761721506999947, -12.136230512999932 ], [ -76.76149307999998, -12.136263827999931 ], [ -76.761302721999982, -12.136325692999945 ], [ -76.760955321999973, -12.136325692999941 ], [ -76.760674544999972, -12.136182924999963 ], [ -76.760541294999939, -12.13609250499996 ], [ -76.760408044999963, -12.13603539799993 ], [ -76.760251001999961, -12.136025879999975 ], [ -76.76005112699994, -12.136049674999983 ], [ -76.759917876999964, -12.136054432999972 ], [ -76.759713241999975, -12.136054432999977 ], [ -76.759399153999937, -12.136030639999943 ], [ -76.75920403899994, -12.13600208499998 ], [ -76.759023198999955, -12.135949737999971 ], [ -76.758913743999983, -12.135873594999957 ], [ -76.75876145899997, -12.135792692999932 ], [ -76.758571100999973, -12.135759379999977 ], [ -76.758547305999969, -12.135759379999971 ], [ -76.758437850999954, -12.135840282999943 ], [ -76.758342673999948, -12.135968774999986 ], [ -76.758280805999959, -12.136078229999951 ], [ -76.758123760999979, -12.136182924999963 ], [ -76.758047620999946, -12.136187682999948 ], [ -76.757895333999954, -12.136149612999935 ], [ -76.757781120999937, -12.13615437299995 ], [ -76.757657387999984, -12.136220995999961 ], [ -76.757514620999984, -12.136263827999919 ], [ -76.757376612999963, -12.136287620999957 ], [ -76.757171977999974, -12.136263827999928 ], [ -76.757010174999948, -12.136225754999947 ], [ -76.756891202999952, -12.136230512999937 ], [ -76.756781745999945, -12.136263827999919 ], [ -76.756548557999963, -12.136292379999924 ], [ -76.756310612999982, -12.136278102999942 ], [ -76.756059128999937, -12.136226207999927 ], [ -76.755920381999942, -12.136273344999941 ], [ -76.75589182799996, -12.136306657999961 ], [ -76.755668159999971, -12.136287620999953 ], [ -76.755473042999938, -12.136201959999935 ], [ -76.755249374999948, -12.136159129999951 ], [ -76.755135159999952, -12.136121057999961 ], [ -76.754978114999972, -12.136054432999964 ], [ -76.754892454999947, -12.136035397999933 ], [ -76.754759204999985, -12.136040157999952 ], [ -76.75454029499997, -12.136073469999921 ], [ -76.754340419999949, -12.136082987999933 ], [ -76.75417861699998, -12.136082987999947 ], [ -76.753978741999958, -12.136082987999945 ], [ -76.753913530999966, -12.136062922999946 ], [ -76.753774704999955, -12.136032661999931 ], [ -76.753679335999948, -12.136044694999946 ], [ -76.753624063999951, -12.13607540799995 ], [ -76.753542374999938, -12.136091389999923 ], [ -76.753498089999937, -12.136116299999975 ], [ -76.753336286999968, -12.136187682999948 ], [ -76.753236348999963, -12.136220995999969 ], [ -76.753126893999934, -12.13622099599996 ], [ -76.75300316199997, -12.136173407999932 ], [ -76.752803288999985, -12.136092504999958 ], [ -76.752684313999964, -12.136063952999969 ], [ -76.752522510999938, -12.136059192999932 ], [ -76.752284563999979, -12.136006844999935 ], [ -76.751990676999981, -12.135883805999981 ], [ -76.751727770999935, -12.135864077999944 ], [ -76.751523137999982, -12.135749862999946 ], [ -76.751209048999954, -12.135683237999952 ], [ -76.750923512999975, -12.135611854999977 ], [ -76.750647495999942, -12.135492879999964 ], [ -76.750480932999949, -12.13542149799998 ], [ -76.750309612999956, -12.135388184999952 ], [ -76.75017636299998, -12.135321559999973 ], [ -76.750109737999935, -12.135221622999955 ], [ -76.75005263099996, -12.135107409999934 ], [ -76.749995522999939, -12.134940844999965 ], [ -76.749924139999962, -12.134874219999968 ], [ -76.749838477999958, -12.134836149999952 ], [ -76.749724264999955, -12.134807596999959 ], [ -76.749614809999969, -12.134840909999985 ], [ -76.749533907999989, -12.134883739999962 ], [ -76.749429212999985, -12.13494084499996 ], [ -76.74928644299996, -12.135026506999962 ], [ -76.749196024999947, -12.134993194999932 ], [ -76.74914367699995, -12.134912291999971 ], [ -76.749096087999988, -12.134869461999926 ], [ -76.748981872999934, -12.134855186999966 ], [ -76.74893904299995, -12.134883739999969 ], [ -76.748853381999936, -12.134898014999976 ], [ -76.74873440999994, -12.134883739999967 ], [ -76.748615434999977, -12.134836149999959 ], [ -76.748539292999965, -12.134764764999943 ], [ -76.748505979999948, -12.134579166999966 ], [ -76.748496462999981, -12.134464954999931 ], [ -76.74842031999998, -12.134236526999919 ], [ -76.748325141999942, -12.134093756999965 ], [ -76.748244239999963, -12.133998579999965 ], [ -76.748158579999938, -12.133998579999975 ], [ -76.747944426999936, -12.134050926999969 ], [ -76.747739794999973, -12.134112793999977 ], [ -76.747563714999956, -12.134150864999983 ], [ -76.747411428999953, -12.13413182999995 ], [ -76.747278178999977, -12.133870088999975 ], [ -76.747262286999955, -12.133785325999945 ], [ -76.747292456999958, -12.133698766999943 ], [ -76.747216126999945, -12.133600012999972 ], [ -76.747149687, -12.133536963999978 ], [ -76.747197276999941, -12.133394196999967 ], [ -76.747173481999937, -12.133318053999973 ], [ -76.747083061999945, -12.133218116999947 ], [ -76.746973606999973, -12.133218116999949 ], [ -76.746916501999976, -12.133237151999934 ], [ -76.74687419299994, -12.133243196999951 ], [ -76.746866893999936, -12.133244239999961 ], [ -76.746697430999973, -12.133232352999919 ], [ -76.746583376999979, -12.133203838999975 ], [ -76.746435848999965, -12.133146733999972 ], [ -76.746321635999948, -12.13310866199993 ], [ -76.746235973999944, -12.133089625999954 ], [ -76.746121760999984, -12.133084866999981 ], [ -76.745898090999958, -12.133084866999985 ], [ -76.745655385999953, -12.133051553999968 ], [ -76.745498340999973, -12.133027758999951 ], [ -76.745255635999968, -12.132942098999926 ], [ -76.745136663999972, -12.132884991999948 ], [ -76.744970100999979, -12.132780295999961 ], [ -76.744870165999941, -12.132680358999959 ], [ -76.74471787899995, -12.132599455999982 ], [ -76.744651253999962, -12.13257566199996 ], [ -76.744475172999955, -12.132575661999956 ], [ -76.744403790999968, -12.132561383999926 ], [ -76.744308612999987, -12.132499518999959 ], [ -76.744275297999934, -12.132404340999932 ], [ -76.744208672999946, -12.132318678999978 ], [ -76.744046870999966, -12.132180670999951 ], [ -76.743804165999975, -12.132118805999943 ], [ -76.743599532999951, -12.132199705999945 ], [ -76.743347309999933, -12.132280608999967 ], [ -76.743175987999976, -12.132304403999964 ], [ -76.742980872999965, -12.13226633099992 ], [ -76.742876174999935, -12.132156875999955 ], [ -76.74275720299994, -12.132114045999966 ], [ -76.742628712999988, -12.132133080999948 ], [ -76.742390764999982, -12.132109288999974 ], [ -76.742271792999986, -12.132071215999925 ], [ -76.742038604999948, -12.131928448999933 ], [ -76.741919631999977, -12.131871340999966 ], [ -76.74175783, -12.131871340999963 ], [ -76.741572231999953, -12.131866582999985 ], [ -76.741248624999969, -12.131704778999968 ], [ -76.740958331999934, -12.131619118999939 ], [ -76.740787008999973, -12.131590565999941 ], [ -76.740515751999965, -12.131476350999945 ], [ -76.740296840999974, -12.131338340999935 ], [ -76.740120758999979, -12.131200332999986 ], [ -76.739925643999982, -12.131033770999979 ], [ -76.739692457, -12.130900522999976 ], [ -76.739102350999985, -12.130619745999972 ], [ -76.738773985999956, -12.130515047999946 ], [ -76.738526520999983, -12.130386557999946 ], [ -76.738283815999978, -12.130281862999929 ], [ -76.738117253999974, -12.130181922999945 ], [ -76.737893585999984, -12.130034397999966 ], [ -76.737598532999982, -12.129834522999944 ], [ -76.737422452999965, -12.129667959999951 ], [ -76.737089327999968, -12.129463327999936 ], [ -76.736903727999959, -12.129382424999953 ], [ -76.736665783, -12.129296764999928 ], [ -76.736389764999956, -12.129249174999918 ], [ -76.736123264999947, -12.129182549999944 ], [ -76.735970979999934, -12.12916827499993 ], [ -76.735923389999982, -12.129177791999949 ], [ -76.735837729999957, -12.129244416999931 ], [ -76.735666409999965, -12.129301524999949 ], [ -76.735528399999964, -12.12934911299994 ], [ -76.73528093699997, -12.129368149999955 ], [ -76.735081061999949, -12.129353872999957 ], [ -76.734857391999981, -12.129353872999951 ], [ -76.734595651999939, -12.129292004999957 ], [ -76.73449571499998, -12.129144479999978 ], [ -76.734414811999955, -12.12900171199994 ], [ -76.734229214999971, -12.128863702999984 ], [ -76.734100723999973, -12.128649549999983 ], [ -76.733915126999989, -12.128378291999972 ], [ -76.733758081999952, -12.128187936999955 ], [ -76.73352489399997, -12.127911918999924 ], [ -76.73344399399997, -12.127835776999969 ], [ -76.733258393999961, -12.127688248999954 ], [ -76.733106108999948, -12.127493131999923 ], [ -76.732887198999961, -12.127193321999929 ], [ -76.732725395999978, -12.126941096999932 ], [ -76.732473172999974, -12.126489000999982 ], [ -76.73234944099994, -12.126246295999971 ], [ -76.732216190999964, -12.126065455999935 ], [ -76.731921137999962, -12.12587985899996 ], [ -76.731859270999962, -12.125765645999929 ], [ -76.731687950999969, -12.125556250999976 ], [ -76.731608280999978, -12.125442438999935 ], [ -76.73143902299995, -12.12523412299992 ], [ -76.731243506999988, -12.124979356999974 ], [ -76.731169227999942, -12.12489476099995 ], [ -76.731002665999938, -12.124751993999952 ], [ -76.730702852999968, -12.124618745999951 ], [ -76.730384005999952, -12.124528325999959 ], [ -76.730241237999962, -12.124499770999927 ], [ -76.730150819999949, -12.124504530999955 ], [ -76.730060397999978, -12.124533082999958 ], [ -76.729908114999944, -12.124523565999946 ], [ -76.729746309999939, -12.124471217999936 ], [ -76.729589264999959, -12.124428387999945 ], [ -76.729465534999974, -12.124309414999962 ], [ -76.729408426999953, -12.124228512999929 ], [ -76.729308489999937, -12.124114297999943 ], [ -76.729184756999985, -12.124004842999957 ], [ -76.729094337999982, -12.123947737999975 ], [ -76.72893729499998, -12.123933459999938 ], [ -76.728680311999938, -12.123919182999931 ], [ -76.72852802499996, -12.123871592999933 ], [ -76.728480436999973, -12.123766897999923 ], [ -76.728418571999953, -12.12369075499992 ], [ -76.728337669999974, -12.123671717999972 ], [ -76.728237731999968, -12.123743102999979 ], [ -76.72809020699998, -12.123928700999953 ], [ -76.727971231999973, -12.12409526299996 ], [ -76.727847501999989, -12.124271342999979 ], [ -76.727747561999934, -12.124395075999919 ], [ -76.727647626999953, -12.124461700999962 ], [ -76.72750009899994, -12.124504530999946 ], [ -76.727352573999951, -12.124414110999959 ], [ -76.727181252, -12.124233272999954 ], [ -76.727095590999966, -12.124061950999922 ], [ -76.726952823999966, -12.123876352999952 ], [ -76.726829090999956, -12.123795450999973 ], [ -76.726662528999952, -12.123738342999955 ], [ -76.726500725999983, -12.123757379999969 ], [ -76.726319885999942, -12.123871592999942 ], [ -76.726234225999974, -12.123971530999947 ], [ -76.726120010999978, -12.124147610999957 ], [ -76.726058145999957, -12.124238030999939 ], [ -76.725958208999941, -12.124280860999937 ], [ -76.725739297999951, -12.124333207999934 ], [ -76.725515628999972, -12.12419044299997 ], [ -76.725287200999958, -12.124038155999923 ], [ -76.725144432999969, -12.123947737999977 ], [ -76.724782755999968, -12.123781172999944 ], [ -76.724454387999984, -12.123647922999961 ], [ -76.724287827999945, -12.123476602999977 ], [ -76.72408795299998, -12.123343352999942 ], [ -76.723802417999934, -12.123205344999979 ], [ -76.723488327999974, -12.123219620999976 ], [ -76.723307489999968, -12.123271969999971 ], [ -76.722950569999966, -12.12332431799995 ], [ -76.722731157999988, -12.123320598999959 ], [ -76.722665034999977, -12.123200584999951 ], [ -76.722603169999957, -12.12312920299996 ], [ -76.722455641999943, -12.123014987999971 ], [ -76.722341426999947, -12.122919807999953 ], [ -76.722184381999966, -12.122810354999956 ], [ -76.722122516999946, -12.122510541999931 ], [ -76.722046374999934, -12.122324944999944 ], [ -76.721917883999936, -12.12212982799997 ], [ -76.72170373199998, -12.122034649999922 ], [ -76.721518133999965, -12.122029889999961 ], [ -76.721399161999955, -12.122148864999923 ], [ -76.721313501999987, -12.122229764999924 ], [ -76.72108031199997, -12.122339219999956 ], [ -76.720918508999944, -12.122363014999962 ], [ -76.720737671999984, -12.12229163199992 ], [ -76.720613938999975, -12.122239284999981 ], [ -76.720328403999986, -12.122044166999949 ], [ -76.720195153999953, -12.121906159999973 ], [ -76.720133288999989, -12.121753871999944 ], [ -76.720000038999956, -12.12156351699997 ], [ -76.719857270999967, -12.121458819999921 ], [ -76.719628840999974, -12.121368401999964 ], [ -76.719305235999968, -12.121297016999957 ], [ -76.719038735999959, -12.121225631999948 ], [ -76.718929280999987, -12.121239909999918 ], [ -76.718810307999945, -12.121239909999932 ], [ -76.718765911999981, -12.121252016999968 ], [ -76.718644766999944, -12.121255936999942 ], [ -76.718624710999961, -12.121251805999966 ], [ -76.718547376999936, -12.121239909999922 ], [ -76.718425428999979, -12.121230987999986 ], [ -76.718342147999977, -12.12131129399995 ], [ -76.718294559999947, -12.121355909999979 ], [ -76.718205329999989, -12.12142729199997 ], [ -76.718139893999989, -12.121477856999945 ], [ -76.718047690999981, -12.121541670999937 ], [ -76.717916819999971, -12.121558163999959 ], [ -76.717872204999935, -12.121549239999981 ], [ -76.717714565999984, -12.121507598999925 ], [ -76.717622362999975, -12.121457036999962 ], [ -76.717473643999938, -12.121346985999933 ], [ -76.717393338999955, -12.121242883999965 ], [ -76.717321954999989, -12.121132832999933 ], [ -76.717253544999949, -12.121052526999964 ], [ -76.717208929, -12.120998989999972 ], [ -76.717170262999957, -12.120954373999947 ], [ -76.717116725999972, -12.120912733999946 ], [ -76.717051290999962, -12.120853246999964 ], [ -76.717003702999989, -12.120799709999973 ], [ -76.716941241999962, -12.120698582999982 ], [ -76.716930122999941, -12.120591705999962 ], [ -76.716916303999938, -12.120568387999974 ], [ -76.716959704999965, -12.120436219999924 ], [ -76.716970983999943, -12.120416022999956 ], [ -76.717040463999979, -12.120317405999977 ], [ -76.717092930999968, -12.120294073999949 ], [ -76.717131596999934, -12.120243510999961 ], [ -76.717176212999959, -12.120207819999965 ], [ -76.717200006999974, -12.120160229999948 ], [ -76.717217852999966, -12.120100743999958 ], [ -76.717295184999955, -12.119963922999935 ], [ -76.717384415999959, -12.119824129999929 ], [ -76.717405667999969, -12.119798080999946 ], [ -76.717448424999986, -12.119724780999933 ], [ -76.717578036999953, -12.11954735899997 ], [ -76.717598565999936, -12.119493979999959 ], [ -76.717589643999986, -12.119330391999927 ], [ -76.717562874999942, -12.119220340999952 ], [ -76.717518258999974, -12.119116241999958 ], [ -76.717473643999938, -12.118985370999955 ], [ -76.717411184999946, -12.118908038999965 ], [ -76.717336825999951, -12.118824756999981 ], [ -76.717280313999936, -12.118690911999973 ], [ -76.717182161999972, -12.118497580999927 ], [ -76.717113751999989, -12.118378608999933 ], [ -76.716976932999955, -12.118262608999938 ], [ -76.716869856999949, -12.118212045999938 ], [ -76.716736012999945, -12.11819122599996 ], [ -76.716593245999945, -12.118182301999987 ], [ -76.716459399999962, -12.118143635999962 ], [ -76.716367196999954, -12.118131739999969 ], [ -76.716266069999975, -12.118099020999978 ], [ -76.716173864999973, -12.118033584999973 ], [ -76.716090583999971, -12.117956252999941 ], [ -76.716013251999982, -12.117843229999941 ], [ -76.715912124999988, -12.117765897999952 ], [ -76.715790176999974, -12.117697487999973 ], [ -76.715629561999947, -12.117572565999975 ], [ -76.715468950999934, -12.117507129999977 ], [ -76.715263719999939, -12.11736436299997 ], [ -76.715126901999952, -12.117197799999932 ], [ -76.714999005999971, -12.117063955999983 ], [ -76.714850290999948, -12.116944983999934 ], [ -76.714731315999984, -12.116897393999984 ], [ -76.714570702999936, -12.116837907999976 ], [ -76.714270296999985, -12.116704061999938 ], [ -76.714133475999972, -12.116632678999959 ], [ -76.71401747799996, -12.116576164999975 ], [ -76.713952042999964, -12.11656426899998 ], [ -76.713818198999945, -12.116564268999975 ], [ -76.713639739999962, -12.116528577999937 ], [ -76.713416663999965, -12.116478012999945 ], [ -76.713217383999961, -12.11639770599993 ], [ -76.713012155999934, -12.116364989999969 ], [ -76.712878309999951, -12.116364989999974 ], [ -76.712729594999985, -12.116359039999955 ], [ -76.712554110999974, -12.116314424999935 ], [ -76.71233400899996, -12.11629062999998 ], [ -76.712122833999956, -12.116225196999954 ], [ -76.711911655999984, -12.116168682999955 ], [ -76.711739143999978, -12.116112170999937 ], [ -76.71154581199994, -12.115981299999925 ], [ -76.711370327999987, -12.115790944999963 ], [ -76.711179969999989, -12.115671969999935 ], [ -76.711060997999937, -12.115579766999929 ], [ -76.710959870999943, -12.115526229999947 ], [ -76.710805206999964, -12.115481614999959 ], [ -76.710727874999975, -12.115448897999949 ], [ -76.710543463999954, -12.11533884699997 ], [ -76.710414012999934, -12.115237079999931 ], [ -76.710327528999983, -12.115179422999972 ], [ -76.710298975999933, -12.115143731999973 ], [ -76.710199038999974, -12.115093760999976 ], [ -76.710013438999965, -12.115036655999969 ], [ -76.709870672999955, -12.114972409999945 ], [ -76.709777874999986, -12.114915301999931 ], [ -76.709599413999968, -12.114836780999958 ], [ -76.709456645999978, -12.114743981999929 ], [ -76.70933529499996, -12.114651180999946 ], [ -76.709249631999981, -12.114594075999944 ], [ -76.70899979099994, -12.114451307999961 ], [ -76.708771145999947, -12.114329954999954 ], [ -76.708635514999969, -12.114258571999933 ], [ -76.708471549999956, -12.114251432999932 ], [ -76.708300227999985, -12.114230016999958 ], [ -76.708128907999949, -12.114180047999984 ], [ -76.707957585999964, -12.114130079999931 ], [ -76.707850508999968, -12.114080112999948 ], [ -76.707764848999943, -12.114072971999978 ], [ -76.707735788999969, -12.114085080999928 ], [ -76.707569137999954, -12.114095577999937 ], [ -76.707437393999953, -12.114099842999959 ], [ -76.707348432999936, -12.114101258999945 ], [ -76.70726424999998, -12.114165305999967 ], [ -76.707142331999989, -12.114112473999961 ], [ -76.707028540999957, -12.114043385999928 ], [ -76.706792831999962, -12.113978364999969 ], [ -76.706609954999976, -12.113937723999985 ], [ -76.706065385999977, -12.113571969999951 ], [ -76.70559396799996, -12.113372834999955 ], [ -76.705309491999969, -12.113299684999955 ], [ -76.705081911999969, -12.113332196999977 ], [ -76.704935608999961, -12.113441922999986 ], [ -76.704817753999976, -12.113531329999942 ], [ -76.704825881999966, -12.113677631999963 ], [ -76.704866520999985, -12.113811741999942 ], [ -76.704854329999989, -12.113897084999955 ], [ -76.704789305999952, -12.113933659999933 ], [ -76.70442355199998, -12.114010873999968 ], [ -76.704281313999957, -12.113982426999938 ], [ -76.703805831999944, -12.114031194999935 ], [ -76.703269391999982, -12.114291288999937 ], [ -76.702737014999968, -12.114596082999981 ], [ -76.702261532999955, -12.114795215999955 ], [ -76.701440616999946, -12.114754577999978 ], [ -76.700900110999953, -12.114896815999936 ], [ -76.700538419999987, -12.115169098999957 ], [ -76.700058874999968, -12.11525037799993 ], [ -76.69948179499994, -12.114986221999967 ], [ -76.699282661999973, -12.115152842999974 ], [ -76.69890471399998, -12.115152842999976 ], [ -76.698242290999985, -12.115156907999951 ], [ -76.697747110999956, -12.115187854999922 ], [ -76.696179235999978, -12.116594854999956 ], [ -76.695257110999989, -12.117408604999984 ], [ -76.694812360999947, -12.117800979999972 ], [ -76.693726985999945, -12.118765854999934 ], [ -76.69268173599994, -12.120816104999955 ], [ -76.691234360999943, -12.122866354999926 ], [ -76.69051086099995, -12.124715604999942 ], [ -76.688744110999949, -12.125822354999972 ], [ -76.686048360999962, -12.126886604999987 ], [ -76.685225235999951, -12.127298229999942 ], [ -76.683877485999972, -12.127972104999962 ], [ -76.681545735999975, -12.129419355 ], [ -76.68108136099994, -12.129740854999973 ], [ -76.679299860999947, -12.130974229999943 ], [ -76.679516235999984, -12.131262729999939 ], [ -76.68014123599994, -12.131863604999984 ], [ -76.681703110999933, -12.132783229999976 ], [ -76.683722610999951, -12.134291354999952 ], [ -76.685332985999935, -12.135468979999935 ], [ -76.686534735999942, -12.136959229999935 ], [ -76.687424110999984, -12.137656354999923 ], [ -76.688794235999978, -12.138810104999941 ], [ -76.690332485999988, -12.139795479999977 ], [ -76.691558360999977, -12.141357854999967 ], [ -76.691558360999977, -12.14236735499998 ], [ -76.691125735999961, -12.143256729999965 ], [ -76.690765110999976, -12.144073979999973 ], [ -76.690188235999983, -12.14491510499993 ], [ -76.689154860999963, -12.146189104999955 ], [ -76.688481735999972, -12.148809104999945 ], [ -76.688337610999952, -12.150467604999964 ], [ -76.687920610999981, -12.151827854999954 ], [ -76.68791998599994, -12.151829979999949 ], [ -76.687919360999956, -12.151830979999941 ], [ -76.687917235999976, -12.15183385499995 ], [ -76.687909235999939, -12.151844854999981 ], [ -76.68788736099998, -12.151874729999976 ], [ -76.687479610999958, -12.152432229999931 ], [ -76.687129985999945, -12.152909979999952 ], [ -76.686479985999938, -12.15351997999994 ], [ -76.686149985999975, -12.153919979999957 ], [ -76.685643110999933, -12.154892104999925 ], [ -76.685419985999943, -12.155319979999945 ], [ -76.685158360999935, -12.155670854999929 ], [ -76.684479986, -12.156579979999954 ], [ -76.68406998599994, -12.157359979999969 ], [ -76.68361998599994, -12.15796997999996 ], [ -76.683349985999939, -12.158749979999973 ], [ -76.682879985999989, -12.159719979999979 ], [ -76.682479985999976, -12.160209979999925 ], [ -76.681359985999961, -12.161169979999961 ], [ -76.680579985999941, -12.162209979999945 ], [ -76.67967998599994, -12.163269979999932 ], [ -76.679279985999983, -12.164049979999957 ], [ -76.679089985999951, -12.164239979999937 ], [ -76.678939985999989, -12.164319979999952 ], [ -76.678569985999957, -12.16432997999993 ], [ -76.678039985999987, -12.164129979999927 ], [ -76.677839985999981, -12.164149979999941 ], [ -76.677609985999936, -12.164239979999936 ], [ -76.676989985999967, -12.164649979999981 ], [ -76.675779985999952, -12.165529979999977 ], [ -76.674739985999963, -12.16687997999998 ], [ -76.674439985999982, -12.167119979999937 ], [ -76.674199985999962, -12.167199979999959 ], [ -76.673939985999937, -12.167199979999957 ], [ -76.673979985999949, -12.168439979999961 ], [ -76.673929985999962, -12.169049979999958 ], [ -76.67317998599998, -12.170029979999985 ], [ -76.671919985999978, -12.172199979999958 ], [ -76.671739985999977, -12.172369979999933 ], [ -76.671459985999945, -12.172449979999952 ], [ -76.670969985999989, -12.172489979999968 ], [ -76.669719985999961, -12.172429979999942 ], [ -76.66950998599998, -12.17248997999997 ], [ -76.669309985999973, -12.172619979999979 ], [ -76.669306985999981, -12.172621604999957 ], [ -76.668772110999953, -12.172917229999934 ], [ -76.668030235999936, -12.173065604999982 ], [ -76.667570360999946, -12.173157604999972 ], [ -76.66639248599995, -12.172965354999977 ], [ -76.665190735999943, -12.172941354999978 ], [ -76.663916860999962, -12.173037479999939 ], [ -76.662378485999966, -12.173181729999948 ], [ -76.661008485999957, -12.173181729999946 ], [ -76.660339860999954, -12.173455104999954 ], [ -76.660468235999986, -12.17483785499997 ], [ -76.660479610999971, -12.174960354999934 ], [ -76.661080610999988, -12.176522729999938 ], [ -76.662031235999962, -12.177962854999981 ], [ -76.663220235999972, -12.178114229999947 ], [ -76.66444336099994, -12.179014479999983 ], [ -76.665913985999964, -12.18013472999996 ], [ -76.667260985999974, -12.179947604999942 ], [ -76.669583110999952, -12.179300104999978 ], [ -76.671750860999964, -12.177814854999951 ], [ -76.673804735999965, -12.176767104999957 ], [ -76.675182360999941, -12.175922729999959 ], [ -76.677137610999978, -12.175567229999952 ], [ -76.678052735999984, -12.175709229999942 ], [ -76.679714985999965, -12.175967229999969 ], [ -76.681892485999981, -12.176322729999983 ], [ -76.684425485999952, -12.177344729999952 ], [ -76.686780735999946, -12.179477729999983 ], [ -76.688735985999983, -12.181210979999952 ], [ -76.690246735999949, -12.181788604999959 ], [ -76.691535610999949, -12.181122104999936 ], [ -76.69397973599996, -12.180010979999961 ], [ -76.696068360999959, -12.179655604999937 ], [ -76.697739485999989, -12.179135104999942 ], [ -76.698779110999965, -12.178811229999944 ], [ -76.700156610999954, -12.178322479999959 ], [ -76.70073636099994, -12.178310854999957 ], [ -76.702378610999972, -12.178277979999962 ], [ -76.702900110999963, -12.178156729999948 ], [ -76.703127610999957, -12.178103729999968 ], [ -76.704289485999936, -12.177833604999936 ], [ -76.705489235999963, -12.176722604999942 ], [ -76.706466860999967, -12.175300604999967 ], [ -76.707800110999983, -12.173078729999936 ], [ -76.709399860999952, -12.17076785499995 ], [ -76.711132985999939, -12.169745854999965 ], [ -76.713576985999964, -12.168901479999935 ], [ -76.71628773599997, -12.168501604999959 ], [ -76.718687485999965, -12.168235104999948 ], [ -76.720242735999989, -12.167879479999954 ], [ -76.722279360999963, -12.167189604999979 ], [ -76.722799860999942, -12.167013354999936 ], [ -76.722997985999939, -12.166946229999946 ], [ -76.725086610999938, -12.166279604999936 ], [ -76.726898485999982, -12.165631729999971 ], [ -76.727499360999957, -12.165511854999984 ], [ -76.728441610999937, -12.165323979999922 ], [ -76.728774985999962, -12.165257604999958 ], [ -76.730996860999937, -12.164902104999948 ], [ -76.732507735999945, -12.16450210499994 ], [ -76.73397836099997, -12.164412979999945 ], [ -76.735885110999959, -12.165924104999927 ], [ -76.737751610999965, -12.167257229999962 ], [ -76.739751235999961, -12.16810160499994 ], [ -76.741128860999936, -12.169079229999964 ], [ -76.741928735999977, -12.171745604999945 ], [ -76.743084110999973, -12.174367479999953 ], [ -76.744662110999968, -12.176223354999939 ], [ -76.746048860999963, -12.177461729999957 ], [ -76.748150110999973, -12.17743360499998 ], [ -76.749394360999986, -12.177300354999936 ], [ -76.75072748599996, -12.17778922999997 ], [ -76.751394110999968, -12.178944604999977 ], [ -76.754193735999934, -12.182232979999984 ], [ -76.756948860999955, -12.184588229999973 ], [ -76.758370860999946, -12.18498822999992 ], [ -76.758597485999985, -12.184931479999939 ], [ -76.75961511099996, -12.184677104999937 ], [ -76.761703735999959, -12.184232729999961 ], [ -76.765260985999987, -12.184671854999976 ], [ -76.765303235999966, -12.18467710499994 ], [ -76.767969610999955, -12.185388104999955 ], [ -76.769302735999986, -12.186143604999929 ], [ -76.770146985999986, -12.187876729999964 ], [ -76.771035860999973, -12.189165354999943 ], [ -76.772496110999953, -12.190010604999941 ], [ -76.773469360999968, -12.190437729999934 ], [ -76.774013235999973, -12.190676229999941 ], [ -76.776057485999956, -12.191609479999959 ], [ -76.777968235999936, -12.193920229999948 ], [ -76.779878985999972, -12.19565335499993 ], [ -76.781434360999981, -12.197253104999957 ], [ -76.783745110999973, -12.198719604999944 ], [ -76.786746110999957, -12.200635604999938 ], [ -76.787624985999969, -12.201678604999922 ], [ -76.789136735999989, -12.202867854999976 ], [ -76.789199235999945, -12.202912979999958 ], [ -76.791033110999933, -12.203074604999923 ], [ -76.792588360999972, -12.202452479999968 ], [ -76.793008235999935, -12.202003729999939 ], [ -76.793877110999972, -12.201074854999947 ], [ -76.795121360999985, -12.199652854999954 ], [ -76.796721110999954, -12.198897354999927 ], [ -76.799609610999937, -12.198675229999933 ], [ -76.803209110999944, -12.198141979999944 ], [ -76.805030030999944, -12.198211989999949 ], [ -76.805150483999967, -12.19830835099998 ], [ -76.805168510999977, -12.198323045999922 ], [ -76.805217, -12.198304 ], [ -76.805393, -12.198276 ], [ -76.80553, -12.198259 ], [ -76.805643, -12.198267 ], [ -76.805763, -12.19829 ], [ -76.805868, -12.198298 ], [ -76.80595, -12.198274 ], [ -76.806069, -12.198206 ], [ -76.806143, -12.198131 ], [ -76.806232, -12.198083 ], [ -76.806379, -12.198043 ], [ -76.806546, -12.198043 ], [ -76.806759, -12.198046 ], [ -76.806889, -12.198029 ], [ -76.807031, -12.198007 ], [ -76.807222, -12.197998 ], [ -76.807501, -12.197996 ], [ -76.807849, -12.198001 ], [ -76.808005, -12.198008 ], [ -76.808111, -12.197992 ], [ -76.808268, -12.197942 ], [ -76.808358, -12.197929 ], [ -76.808532, -12.197924 ], [ -76.808652, -12.197923 ], [ -76.808727, -12.197927 ], [ -76.808785, -12.197927 ], [ -76.808872, -12.19795 ], [ -76.808994, -12.198027 ], [ -76.809124, -12.198103 ], [ -76.809254, -12.198184 ], [ -76.809469, -12.198306 ], [ -76.809615, -12.198421 ], [ -76.809715, -12.198511 ], [ -76.80977, -12.198576 ], [ -76.809854, -12.198629 ], [ -76.810065, -12.198682 ], [ -76.810289, -12.198736 ], [ -76.810565, -12.198765 ], [ -76.810956, -12.198774 ], [ -76.811342, -12.198762 ], [ -76.811759, -12.198754 ], [ -76.812374, -12.198713 ], [ -76.812929, -12.198693 ], [ -76.813232, -12.198668 ], [ -76.813492, -12.198664 ], [ -76.813793, -12.198643 ], [ -76.813979, -12.198631 ], [ -76.814099, -12.198644 ], [ -76.814218, -12.198674 ], [ -76.814405, -12.198742 ], [ -76.814588, -12.198842 ], [ -76.814764, -12.198895 ], [ -76.814947, -12.198965 ], [ -76.815109, -12.199054 ], [ -76.815229, -12.199145 ], [ -76.815428, -12.199361 ], [ -76.815668, -12.199583 ], [ -76.815928, -12.199783 ], [ -76.816203, -12.200007 ], [ -76.816344, -12.200157 ], [ -76.816453, -12.200308 ], [ -76.816553, -12.200511 ], [ -76.816931, -12.201226 ], [ -76.817506, -12.202233 ], [ -76.817732, -12.202602 ], [ -76.817792, -12.202732 ], [ -76.817832, -12.202861 ], [ -76.817859, -12.203004 ], [ -76.81792, -12.203404 ], [ -76.817994, -12.203884 ], [ -76.81807, -12.204251 ], [ -76.81816, -12.204616 ], [ -76.818311, -12.204938 ], [ -76.818505, -12.205254 ], [ -76.818837, -12.20563 ], [ -76.819222, -12.206026 ], [ -76.819968, -12.206673 ], [ -76.820413, -12.207073 ], [ -76.820712, -12.207357 ], [ -76.821067, -12.207741 ], [ -76.821514, -12.208291 ], [ -76.823229, -12.210201 ], [ -76.823598, -12.21058 ], [ -76.823733, -12.210758 ], [ -76.823854, -12.210946 ], [ -76.82399, -12.21113 ], [ -76.824182, -12.211364 ], [ -76.82438, -12.211545 ], [ -76.824735, -12.211844 ], [ -76.824936, -12.211997 ], [ -76.825028, -12.212078 ], [ -76.825139, -12.212167 ], [ -76.82525, -12.212248 ], [ -76.825351, -12.21232 ], [ -76.825444, -12.212382 ], [ -76.825545, -12.212463 ], [ -76.825647, -12.212553 ], [ -76.825749, -12.212633 ], [ -76.825869, -12.212732 ], [ -76.82597, -12.212822 ], [ -76.826081, -12.21292 ], [ -76.826192, -12.213019 ], [ -76.826294, -12.213109 ], [ -76.826405, -12.213198 ], [ -76.826516, -12.213279 ], [ -76.826626, -12.21336 ], [ -76.826719, -12.213449 ], [ -76.826821, -12.213539 ], [ -76.826913, -12.213629 ], [ -76.827006, -12.21371 ], [ -76.827098, -12.213781 ], [ -76.827199, -12.213835 ], [ -76.827301, -12.213898 ], [ -76.827402, -12.21396 ], [ -76.827504, -12.214014 ], [ -76.827615, -12.214067 ], [ -76.827707, -12.214139 ], [ -76.82779, -12.214229 ], [ -76.827883, -12.214319 ], [ -76.827975, -12.214399 ], [ -76.828068, -12.214471 ], [ -76.82816, -12.214543 ], [ -76.828261, -12.214596 ], [ -76.828363, -12.214641 ], [ -76.828455, -12.214685 ], [ -76.828547, -12.21473 ], [ -76.828639, -12.214774 ], [ -76.828732, -12.21481 ], [ -76.828833, -12.214827 ], [ -76.828943, -12.214827 ], [ -76.829053, -12.214835 ], [ -76.829155, -12.21487 ], [ -76.829256, -12.214906 ], [ -76.829339, -12.214923 ], [ -76.829431, -12.21495 ], [ -76.829532, -12.214976 ], [ -76.829643, -12.215012 ], [ -76.829753, -12.215056 ], [ -76.829855, -12.215101 ], [ -76.829956, -12.215145 ], [ -76.830067, -12.215181 ], [ -76.830168, -12.215216 ], [ -76.830278, -12.215252 ], [ -76.830407, -12.215287 ], [ -76.830527, -12.215331 ], [ -76.830647, -12.215376 ], [ -76.830767, -12.21542 ], [ -76.830896, -12.215465 ], [ -76.831006, -12.215518 ], [ -76.831126, -12.215553 ], [ -76.831255, -12.215589 ], [ -76.831384, -12.215615 ], [ -76.831503, -12.215641 ], [ -76.831605, -12.215668 ], [ -76.831697, -12.215685 ], [ -76.831798, -12.215703 ], [ -76.831917, -12.215711 ], [ -76.832037, -12.215719 ], [ -76.832165, -12.215727 ], [ -76.832285, -12.215735 ], [ -76.832414, -12.215744 ], [ -76.832542, -12.215743 ], [ -76.832671, -12.21576 ], [ -76.832809, -12.215777 ], [ -76.832947, -12.215785 ], [ -76.833076, -12.215793 ], [ -76.833204, -12.215802 ], [ -76.833333, -12.21581 ], [ -76.833462, -12.215827 ], [ -76.833581, -12.215844 ], [ -76.833692, -12.215835 ], [ -76.833802, -12.215843 ], [ -76.833903, -12.21586 ], [ -76.834013, -12.215869 ], [ -76.834133, -12.21585 ], [ -76.834243, -12.215831 ], [ -76.834353, -12.215812 ], [ -76.834472, -12.215793 ], [ -76.834583, -12.215783 ], [ -76.834693, -12.215774 ], [ -76.834785, -12.215755 ], [ -76.834904, -12.215745 ], [ -76.835005, -12.215772 ], [ -76.835116, -12.21578 ], [ -76.835235, -12.215788 ], [ -76.8354, -12.215778 ], [ -76.835501, -12.215768 ], [ -76.835593, -12.215768 ], [ -76.835694, -12.215767 ], [ -76.835795, -12.215757 ], [ -76.835896, -12.215748 ], [ -76.836007, -12.215747 ], [ -76.836108, -12.215737 ], [ -76.836227, -12.215727 ], [ -76.836328, -12.215718 ], [ -76.836429, -12.215708 ], [ -76.83653, -12.215698 ], [ -76.836622, -12.21567 ], [ -76.836723, -12.21567 ], [ -76.836824, -12.215669 ], [ -76.836925, -12.21565 ], [ -76.837026, -12.21565 ], [ -76.837136, -12.215649 ], [ -76.837247, -12.215648 ], [ -76.837357, -12.215656 ], [ -76.837458, -12.215656 ], [ -76.837568, -12.215664 ], [ -76.837679, -12.215672 ], [ -76.837798, -12.21569 ], [ -76.837927, -12.215725 ], [ -76.838056, -12.215769 ], [ -76.838148, -12.215805 ], [ -76.83825, -12.215867 ], [ -76.838351, -12.215939 ], [ -76.838453, -12.21602 ], [ -76.838554, -12.216082 ], [ -76.838647, -12.216136 ], [ -76.83873, -12.21619 ], [ -76.838822, -12.216243 ], [ -76.838905, -12.216297 ], [ -76.839034, -12.216359 ], [ -76.839136, -12.216413 ], [ -76.839228, -12.216458 ], [ -76.839329, -12.216511 ], [ -76.83944, -12.216546 ], [ -76.839578, -12.216582 ], [ -76.839679, -12.216608 ], [ -76.83978, -12.216616 ], [ -76.8399, -12.216643 ], [ -76.84001, -12.216669 ], [ -76.840121, -12.216696 ], [ -76.840231, -12.216722 ], [ -76.840342, -12.216739 ], [ -76.840452, -12.216757 ], [ -76.840553, -12.216774 ], [ -76.840645, -12.216782 ], [ -76.840737, -12.216809 ], [ -76.840829, -12.216854 ], [ -76.840931, -12.216889 ], [ -76.841023, -12.216934 ], [ -76.841115, -12.216969 ], [ -76.841235, -12.217023 ], [ -76.841373, -12.217076 ], [ -76.841475, -12.217157 ], [ -76.841558, -12.21721 ], [ -76.84165, -12.217264 ], [ -76.841733, -12.217345 ], [ -76.841826, -12.217407 ], [ -76.841927, -12.21747 ], [ -76.84202, -12.217523 ], [ -76.842112, -12.217568 ], [ -76.842204, -12.217622 ], [ -76.842287, -12.217684 ], [ -76.842379, -12.217747 ], [ -76.842472, -12.21781 ], [ -76.842573, -12.217863 ], [ -76.842675, -12.217917 ], [ -76.842776, -12.21797 ], [ -76.842868, -12.218015 ], [ -76.842961, -12.218078 ], [ -76.843053, -12.21814 ], [ -76.843136, -12.218194 ], [ -76.843219, -12.218248 ], [ -76.843312, -12.218319 ], [ -76.843404, -12.2184 ], [ -76.843469, -12.218481 ], [ -76.843525, -12.21858 ], [ -76.843562, -12.21867 ], [ -76.843609, -12.21876 ], [ -76.843655, -12.218868 ], [ -76.843729, -12.218949 ], [ -76.843813, -12.219039 ], [ -76.843988, -12.219192 ], [ -76.844276985999954, -12.219527604999941 ], [ -76.844660610999938, -12.219570729999933 ], [ -76.844995235999988, -12.21982810499998 ], [ -76.845213985999976, -12.220162729999963 ], [ -76.845510110999953, -12.220600354999929 ], [ -76.845580063999989, -12.220724590999968 ], [ -76.845525557999963, -12.220735760999954 ], [ -76.845436436999989, -12.220726624999939 ], [ -76.84531286899994, -12.22076615799995 ], [ -76.845290309999939, -12.220787733999947 ], [ -76.845208489999948, -12.220945731999958 ], [ -76.845119030999967, -12.221130719999957 ], [ -76.844908300999975, -12.221597223999941 ], [ -76.844800331999977, -12.221803182999965 ], [ -76.844252393999966, -12.222893252999947 ], [ -76.844075005999969, -12.223354282999932 ], [ -76.844565645999978, -12.223689305999923 ], [ -76.844687759999943, -12.223766020999966 ], [ -76.844917634999945, -12.223910434999938 ], [ -76.844879485999968, -12.22412685499995 ], [ -76.844583235999949, -12.22473435499996 ], [ -76.843869985999959, -12.225838854999957 ], [ -76.843872985999951, -12.226707229999928 ], [ -76.843810985999937, -12.227210104999934 ], [ -76.843780360999972, -12.227458854999947 ], [ -76.843610986, -12.227647229999951 ], [ -76.843327235999936, -12.227798604999977 ], [ -76.84315223599998, -12.227942854999968 ], [ -76.843111110999985, -12.228282604999947 ], [ -76.843128083261092, -12.228427305649229 ], [ -76.843145177807216, -12.228415811044146 ], [ -76.843694347283957, -12.228331323432334 ], [ -76.844201272954805, -12.227908885373294 ], [ -76.844623711013838, -12.227380837799494 ], [ -76.845025027169925, -12.22697952164342 ], [ -76.845341855714196, -12.22621913313715 ], [ -76.845151758587633, -12.225141916086612 ], [ -76.845616440452574, -12.224613868512821 ], [ -76.846060000414553, -12.224001333327227 ], [ -76.846334585152931, -12.223663382879993 ], [ -76.846566926085401, -12.223156457209148 ], [ -76.846757023211964, -12.222818506761921 ], [ -76.847094973659196, -12.222248215382217 ], [ -76.847496289815268, -12.221635680196618 ], [ -76.84663029179427, -12.221234364040541 ], [ -76.846292341347024, -12.220875291690362 ], [ -76.846292341347024, -12.22022051269885 ], [ -76.846566926085401, -12.219481246095548 ], [ -76.846841510823765, -12.218741979492226 ], [ -76.84631346324997, -12.217791493859409 ], [ -76.846038878511607, -12.217369055800365 ], [ -76.845785415676204, -12.215922205448178 ], [ -76.845785415676204, -12.214654891271085 ], [ -76.846250097541144, -12.213218601870359 ], [ -76.846968242241502, -12.212120262916866 ], [ -76.848489019254032, -12.210852948739763 ], [ -76.848911457313065, -12.209965828815784 ], [ -76.849249407760297, -12.209163196503624 ], [ -76.849207163954389, -12.207557931879284 ], [ -76.849207163954389, -12.206206130090383 ], [ -76.849418382983913, -12.20561471680772 ], [ -76.850548404791823, -12.204732877359501 ], [ -76.851266549492195, -12.204225951688661 ], [ -76.851900206580737, -12.203719026017804 ], [ -76.852449376057493, -12.203127612735154 ], [ -76.85270283889291, -12.203043125123356 ], [ -76.852871814116526, -12.203930245047321 ], [ -76.853125276951943, -12.205451022059858 ], [ -76.85333649598148, -12.206676092431056 ], [ -76.853801177846407, -12.207098530490081 ], [ -76.85422361590544, -12.207520968549126 ], [ -76.854181372099532, -12.208450332278993 ], [ -76.854139128293625, -12.209295208397064 ], [ -76.854181372099532, -12.210097840709242 ], [ -76.854603810158565, -12.210520278768266 ], [ -76.85489951679989, -12.211027204439112 ], [ -76.856504781424221, -12.209759890262013 ], [ -76.857476388960009, -12.20866155130852 ], [ -76.858152289854459, -12.208239113249483 ], [ -76.858785946943016, -12.207901162802262 ], [ -76.859123897390248, -12.207647699966833 ], [ -76.859504091643373, -12.207140774295992 ], [ -76.859968773508314, -12.206549361013337 ], [ -76.860560186790963, -12.205788972507076 ], [ -76.860940381044102, -12.205324290642144 ], [ -76.861405062909029, -12.204859608777195 ], [ -76.861827500968076, -12.204732877359493 ], [ -76.861785257162168, -12.2036767822119 ], [ -76.863263790368791, -12.20342331937649 ], [ -76.864235397904565, -12.203169856541058 ], [ -76.864911298799029, -12.202493955646606 ], [ -76.865629443499387, -12.20202927378166 ], [ -76.866157335294915, -12.201542319060938 ] ] ] } },
{ "type": "Feature", "properties": { "index": 7, "UBIGEO": "150123", "CCDD": "15", "CCPP": "01", "CCDI": "23", "DEPARTAMEN": "LIMA", "PROVINCIA": "LIMA", "DISTRITO": "PACHACAMAC", "OBJECTID": 1316.0, "ESRI_OID": 1316.0, "Zonas": "Quebrada de Manchay", "sububigeo": "15012304", "tipo_influencia": "Directa", "abreviatura": "PACH" }, "geometry": { "type": "Polygon", "coordinates": [ [ [ -76.887984360999951, -12.061789104999955 ], [ -76.881337860999963, -12.072203104999975 ], [ -76.861367235999978, -12.101966854999944 ], [ -76.847409201185911, -12.123153407984159 ], [ -76.847410039873111, -12.123153705223631 ], [ -76.847432924106329, -12.123161848318411 ], [ -76.847827199628085, -12.126851140700646 ], [ -76.847320273957251, -12.130540433082876 ], [ -76.847010486047296, -12.132962411288016 ], [ -76.847235786345436, -12.133807287406098 ], [ -76.848221475149856, -12.135609689791298 ], [ -76.849854902311463, -12.136595378595725 ], [ -76.852783806187432, -12.137186791878371 ], [ -76.855571897377061, -12.137299442027439 ], [ -76.858810589162999, -12.140059370679799 ], [ -76.860556666473684, -12.141383009931454 ], [ -76.861542355278175, -12.145072302313682 ], [ -76.861486030203636, -12.147381630369742 ], [ -76.861429705129098, -12.149240357829497 ], [ -76.862274581247163, -12.151493360811013 ], [ -76.862499881545318, -12.15261986230178 ], [ -76.8621619310981, -12.153633713643462 ], [ -76.86199295587447, -12.156675267668518 ], [ -76.861655005427252, -12.158308694830113 ], [ -76.860303203638338, -12.15943519632088 ], [ -76.859908928116567, -12.160449047662558 ], [ -76.858895076774886, -12.160561697811644 ], [ -76.859176702147593, -12.161237598706091 ], [ -76.858817629797372, -12.161832532305914 ], [ -76.859071092632803, -12.162367620514013 ], [ -76.860507382033518, -12.163522284542042 ], [ -76.860760844868935, -12.163944722601082 ], [ -76.861352258151584, -12.164789598719148 ], [ -76.861549395912462, -12.165352849464531 ], [ -76.861493070837923, -12.16580345006083 ], [ -76.86121144546523, -12.166338538268953 ], [ -76.860929820092551, -12.167211576924293 ], [ -76.861239608002506, -12.168535216175929 ], [ -76.86205632158331, -12.170365781098415 ], [ -76.863379960834948, -12.170844544231977 ], [ -76.865351338443787, -12.171633095275521 ], [ -76.86644967739727, -12.171858395573665 ], [ -76.866843952919041, -12.171999208260022 ], [ -76.86675946530724, -12.173407335123462 ], [ -76.866590490083624, -12.175012599747802 ], [ -76.86622437709913, -12.17571666317952 ], [ -76.86639335232276, -12.176195426313091 ], [ -76.867125578291748, -12.176251751387641 ], [ -76.86760434142532, -12.176448889148515 ], [ -76.868308404857046, -12.1767305145212 ], [ -76.869406743810529, -12.17732192780386 ], [ -76.870279782465872, -12.177575390639268 ], [ -76.871096496046675, -12.177997828698313 ], [ -76.872335647686512, -12.178786379741844 ], [ -76.873574799326349, -12.17892719242818 ], [ -76.875123738876141, -12.179152492726327 ], [ -76.87571515215879, -12.179349630487222 ], [ -76.87639105305324, -12.179659418397188 ], [ -76.876841653649549, -12.179884718695336 ], [ -76.88024932065909, -12.179997368844401 ], [ -76.880868896479015, -12.180053693918953 ], [ -76.881657447522542, -12.179659418397177 ], [ -76.882586811252423, -12.179152492726342 ], [ -76.883121937680045, -12.178701855875056 ], [ -76.883122828629226, -12.178701796478455 ], [ -76.883132860999979, -12.178406229999949 ], [ -76.883223360999978, -12.177775229999959 ], [ -76.883472235999989, -12.176919479999983 ], [ -76.884063610999988, -12.175705604999965 ], [ -76.884654985999987, -12.174865229999972 ], [ -76.88473161099995, -12.174060979999975 ], [ -76.884748360999936, -12.173884854999919 ], [ -76.884695360999956, -12.173705354999978 ], [ -76.884545985999978, -12.173200104999975 ], [ -76.884234735999939, -12.172639854999938 ], [ -76.883876860999976, -12.172328604999961 ], [ -76.883098735999965, -12.171301479999959 ], [ -76.881993860999955, -12.169138354999967 ], [ -76.88124023599994, -12.167859479999942 ], [ -76.881168985999977, -12.16678847999998 ], [ -76.881075610999972, -12.165839229999968 ], [ -76.88124023599994, -12.164613229999929 ], [ -76.881480235999959, -12.164033979999934 ], [ -76.881626735999987, -12.163837104999974 ], [ -76.881962735999934, -12.163162479999915 ], [ -76.882507360999966, -12.161435104999955 ], [ -76.882709735999981, -12.160719229999923 ], [ -76.883067610999944, -12.159551979999948 ], [ -76.88342561099995, -12.157513354999935 ], [ -76.883316610999941, -12.156143854999986 ], [ -76.88342561099995, -12.155163479999938 ], [ -76.883752360999949, -12.154540979999984 ], [ -76.884188110999958, -12.154276479999972 ], [ -76.885339735999935, -12.153902979999952 ], [ -76.886833735999971, -12.153529479999982 ], [ -76.888467735999939, -12.152906979999951 ], [ -76.889837235999948, -12.152611229999932 ], [ -76.891657986, -12.15158422999996 ], [ -76.893525485999987, -12.150261354999936 ], [ -76.894832735999955, -12.148736229999944 ], [ -76.895532985999978, -12.147335729999956 ], [ -76.89573523599995, -12.146495354999951 ], [ -76.896062110999935, -12.145110229999945 ], [ -76.896039985999948, -12.14421997999994 ], [ -76.896059985999955, -12.14416997999996 ], [ -76.89631998599998, -12.142749979999955 ], [ -76.896339985999987, -12.142139979999969 ], [ -76.896459985999968, -12.141609979999947 ], [ -76.896959985999956, -12.140989979999976 ], [ -76.898129985999958, -12.140109979999977 ], [ -76.898549985999978, -12.139669979999955 ], [ -76.898779985999965, -12.139369979999975 ], [ -76.899079985999947, -12.138809979999959 ], [ -76.899409985999966, -12.13801997999996 ], [ -76.899669985999935, -12.137539979999934 ], [ -76.900239985999974, -12.136799979999982 ], [ -76.900629985999956, -12.136129979999971 ], [ -76.90069998599995, -12.135839979999965 ], [ -76.900779985999975, -12.13500997999995 ], [ -76.900849985999969, -12.134719979999947 ], [ -76.901605610999979, -12.133840979999949 ], [ -76.902774360999956, -12.132920229999966 ], [ -76.903073753999934, -12.132745717999967 ], [ -76.903147118999982, -12.132536102999946 ], [ -76.903283368999951, -12.132274084999942 ], [ -76.90359779299996, -12.13190725899995 ], [ -76.903912214999934, -12.131697643999917 ], [ -76.904216155999961, -12.13162427899994 ], [ -76.904478175999941, -12.131603317999978 ], [ -76.90507557799998, -12.131561393999959 ], [ -76.905494805999979, -12.131540432999936 ], [ -76.905902387999959, -12.131540625999945 ], [ -76.907842493999965, -12.131047836999931 ], [ -76.908023036999964, -12.130995680999941 ], [ -76.908576145999973, -12.130806780999936 ], [ -76.908817204999934, -12.130670530999971 ], [ -76.909016337999958, -12.130398030999974 ], [ -76.909236433, -12.130073127999946 ], [ -76.909477491999965, -12.129685340999959 ], [ -76.909802393999939, -12.129496686999973 ], [ -76.91065569899996, -12.129006911999967 ], [ -76.911426124999934, -12.128709498999973 ], [ -76.911688929999968, -12.128301881999953 ], [ -76.91216056199994, -12.127872170999977 ], [ -76.912246833999973, -12.127785899999928 ], [ -76.912412100999973, -12.127599670999931 ], [ -76.912584610999943, -12.126722354999968 ], [ -76.912422581999977, -12.125493039999972 ], [ -76.91195094699998, -12.124403043999955 ], [ -76.910781985999961, -12.122333479999943 ], [ -76.910704319999979, -12.122225567999983 ], [ -76.910158739999986, -12.120483243999946 ], [ -76.909508932999984, -12.120022090999951 ], [ -76.908599040999945, -12.119672782999944 ], [ -76.90798394899997, -12.119319645999946 ], [ -76.907412784999963, -12.119047381999952 ], [ -76.90701478699998, -12.118124371999954 ], [ -76.906906468999978, -12.117899620999939 ], [ -76.906585468999936, -12.11704362099994 ], [ -76.906410468999979, -12.116438620999926 ], [ -76.906456468999977, -12.11602262099996 ], [ -76.90616646899997, -12.115600620999951 ], [ -76.905593468999939, -12.115251620999969 ], [ -76.904640468999958, -12.114706620999986 ], [ -76.904607645999988, -12.114673266999935 ], [ -76.904311395999969, -12.114375104999962 ], [ -76.904143610999938, -12.114177354999985 ], [ -76.903874610999935, -12.114067354999975 ], [ -76.903136637999978, -12.113314411999962 ], [ -76.902706927999986, -12.113230565999979 ], [ -76.901071930999933, -12.113618354999977 ], [ -76.898306012, -12.114327344999939 ], [ -76.897878600999945, -12.114019909999973 ], [ -76.897473684999966, -12.113644987999974 ], [ -76.896258938999949, -12.112325260999976 ], [ -76.896063979999951, -12.110218200999961 ], [ -76.895636567999986, -12.108216118999954 ], [ -76.89449680599995, -12.105816618999935 ], [ -76.89286214599997, -12.104106975999969 ], [ -76.892007325999941, -12.10302720099997 ], [ -76.891047524999976, -12.101647487999967 ], [ -76.890387661999966, -12.100507725999931 ], [ -76.890147712999976, -12.099615411999933 ], [ -76.890289854999935, -12.098590946999941 ], [ -76.890449596999986, -12.097866403999944 ], [ -76.891309970999941, -12.096173627999971 ], [ -76.891692389999946, -12.095708725999945 ], [ -76.89175987699997, -12.095311307999964 ], [ -76.892044817999988, -12.094831407999942 ], [ -76.892213880999975, -12.094026370999927 ], [ -76.892104803999985, -12.093526680999956 ], [ -76.891767374999972, -12.093279231999929 ], [ -76.891272477999962, -12.092874315999945 ], [ -76.890305178999938, -12.092881813999957 ], [ -76.889892678999956, -12.092724151999953 ], [ -76.889125485999955, -12.092715104999973 ], [ -76.888660860999948, -12.092692604999968 ], [ -76.888211063999961, -12.092667389999972 ], [ -76.887860688999979, -12.092311932999966 ], [ -76.887198612999967, -12.092035579999957 ], [ -76.886158544999944, -12.09198950099994 ], [ -76.885693639999943, -12.092116973999961 ], [ -76.885237778999965, -12.091728455999936 ], [ -76.884885235999946, -12.091118729999945 ], [ -76.884537696999985, -12.090756579999946 ], [ -76.88424119299998, -12.090336530999934 ], [ -76.883894014999953, -12.089889938999924 ], [ -76.88368405999995, -12.089552508999926 ], [ -76.883721552999987, -12.088907643999958 ], [ -76.884276436999983, -12.088217786999953 ], [ -76.884951296999986, -12.08773038799996 ], [ -76.885184485999957, -12.087327479999944 ], [ -76.885857985999962, -12.086778729999924 ], [ -76.886281985999972, -12.086242479999958 ], [ -76.886444110999946, -12.085831104999951 ], [ -76.886444110999946, -12.085555979999986 ], [ -76.886580286999958, -12.085328891999952 ], [ -76.886219610999945, -12.085182479999959 ], [ -76.886052610999968, -12.085045729999941 ], [ -76.88580811099996, -12.084845729999918 ], [ -76.88549636099998, -12.084296979999978 ], [ -76.885404235999943, -12.083509729999941 ], [ -76.885429735999935, -12.080101604999985 ], [ -76.885382860999982, -12.077576979999941 ], [ -76.885598235999964, -12.076364979999926 ], [ -76.886086112999976, -12.076256112999941 ], [ -76.886383532999957, -12.076304082999963 ], [ -76.887333350999938, -12.07672622599995 ], [ -76.888302358999965, -12.076812571999929 ], [ -76.889261772999987, -12.076755006999976 ], [ -76.889557360999959, -12.075449354999931 ], [ -76.889889985999957, -12.074449979999944 ], [ -76.890392235999968, -12.071490229999943 ], [ -76.890453610999941, -12.070859729999933 ], [ -76.890580735999947, -12.069551104999951 ], [ -76.891119486, -12.067207979999987 ], [ -76.890957860999947, -12.065699729999951 ], [ -76.890093235999984, -12.063492604999961 ], [ -76.889934360999973, -12.063087354999944 ], [ -76.889638110999954, -12.061471354999972 ], [ -76.889133235999964, -12.05935635499997 ], [ -76.887984360999951, -12.061789104999955 ] ] ] } },
{ "type": "Feature", "properties": { "index": 8, "UBIGEO": "150143", "CCDD": "15", "CCPP": "01", "CCDI": "43", "DEPARTAMEN": "LIMA", "PROVINCIA": "LIMA", "DISTRITO": "VILLA MARIA DEL TRIUNFO", "OBJECTID": 1336.0, "ESRI_OID": 1336.0, "Zonas": "Blanco", "sububigeo": "15014308", "tipo_influencia": "Directa", "abreviatura": "VMT" }, "geometry": { "type": "MultiPolygon", "coordinates": [ [ [ [ -76.948926689114671, -12.134005947435961 ], [ -76.948756896282759, -12.133784896390667 ], [ -76.948806389071649, -12.133733500033014 ], [ -76.948734053457088, -12.133621189473486 ], [ -76.94875499271393, -12.133505071776346 ], [ -76.948638923840292, -12.133404830476458 ], [ -76.94862311199995, -12.133403104999822 ], [ -76.948112861999789, -12.133417104999902 ], [ -76.947785360999717, -12.133385729999794 ], [ -76.947578360999842, -12.133365853999843 ], [ -76.947489610999867, -12.133332354999972 ], [ -76.946937235999712, -12.133123604999948 ], [ -76.946707985999751, -12.13284085499984 ], [ -76.946587360999757, -12.132692103999865 ], [ -76.946158985999773, -12.131925229999837 ], [ -76.945714110999873, -12.131077854999797 ], [ -76.945211235999807, -12.130522854999903 ], [ -76.945187861999855, -12.130056355 ], [ -76.945444485999758, -12.129694854999952 ], [ -76.945590236999919, -12.129066604999748 ], [ -76.9455571109998, -12.128552604999845 ], [ -76.945362861999755, -12.128027104999811 ], [ -76.945106235999845, -12.127572229999922 ], [ -76.944665360999878, -12.127137229999708 ], [ -76.943939986, -12.126359354999844 ], [ -76.943574360999847, -12.125844854999887 ], [ -76.943341360999753, -12.125346979999826 ], [ -76.943030360999856, -12.124539979999929 ], [ -76.942490110999827, -12.123827729999874 ], [ -76.941969110999722, -12.123268854999917 ], [ -76.940791110999854, -12.122160854999812 ], [ -76.937851610999729, -12.122466854999837 ], [ -76.935035110999848, -12.12344535499987 ], [ -76.933205236999896, -12.123755854999819 ], [ -76.931060486999897, -12.123494104999821 ], [ -76.929544985999812, -12.122917979999936 ], [ -76.928390611999859, -12.122499979999908 ], [ -76.925774985999723, -12.121596354999921 ], [ -76.924381361999906, -12.121001979999933 ], [ -76.923007985999845, -12.120386979999946 ], [ -76.921737235999785, -12.119567228999909 ], [ -76.920978860999909, -12.119095729999779 ], [ -76.920179485999782, -12.118931854999886 ], [ -76.918293860999725, -12.118993354999843 ], [ -76.918150861999891, -12.119062354999855 ], [ -76.917030485999817, -12.119603604999877 ], [ -76.916469735999797, -12.119874604999936 ], [ -76.915035110999838, -12.120673979999793 ], [ -76.914358610999898, -12.121042854999681 ], [ -76.912677860999764, -12.121227354999956 ], [ -76.911632610999874, -12.121678354999954 ], [ -76.910781985999918, -12.122333479999826 ], [ -76.911911610999795, -12.124526479999794 ], [ -76.912584610999843, -12.126722354999952 ], [ -76.912566360999875, -12.127720729999949 ], [ -76.911307735999827, -12.12884410499991 ], [ -76.90900761199994, -12.130759729999944 ], [ -76.906744110999881, -12.131578104999718 ], [ -76.904828485999857, -12.131751479999856 ], [ -76.904610985999881, -12.131840979999806 ], [ -76.9036243609998, -12.132247354999928 ], [ -76.902774360999885, -12.132920229999831 ], [ -76.901605611999855, -12.133840979999816 ], [ -76.900849985999869, -12.134719979999813 ], [ -76.900779861, -12.135009979999822 ], [ -76.90069998599995, -12.135839979999826 ], [ -76.900629985999828, -12.136129979999938 ], [ -76.900239985999903, -12.136799979999964 ], [ -76.899669985999822, -12.137539979999801 ], [ -76.899409985999796, -12.13801997999971 ], [ -76.899080110999876, -12.13880997999971 ], [ -76.898779985999894, -12.139369979999959 ], [ -76.89854998599985, -12.139669979999825 ], [ -76.898129986999933, -12.140109979999906 ], [ -76.896959985999956, -12.140989979999956 ], [ -76.896459985999954, -12.141609979999746 ], [ -76.896339985999987, -12.142139979999833 ], [ -76.896319985999909, -12.142749979999939 ], [ -76.896059985999827, -12.14416997999983 ], [ -76.896039986999938, -12.144219979999702 ], [ -76.896062110999807, -12.145110229999929 ], [ -76.89573523599995, -12.146495354999933 ], [ -76.895532985999921, -12.14733572999994 ], [ -76.894832736999916, -12.148736229999816 ], [ -76.893525486, -12.150261354999802 ], [ -76.891657985999927, -12.151584229999843 ], [ -76.889837235999849, -12.152611229999795 ], [ -76.888467735999953, -12.152906979999935 ], [ -76.886833735999929, -12.153529479999849 ], [ -76.885339735999949, -12.153902979999915 ], [ -76.884188110999972, -12.154276479999837 ], [ -76.883752360999793, -12.154540979999965 ], [ -76.883425610999851, -12.155163479999873 ], [ -76.883316610999913, -12.15614385499997 ], [ -76.883425610999851, -12.157513354999853 ], [ -76.883067610999802, -12.159551979999881 ], [ -76.882709736999885, -12.160719229999911 ], [ -76.882507360999824, -12.161435104999818 ], [ -76.881962735999736, -12.163162479999901 ], [ -76.881626735999902, -12.163837104999958 ], [ -76.88148023599976, -12.164033979999816 ], [ -76.881240235999798, -12.164613229999677 ], [ -76.881075610999829, -12.165839229999882 ], [ -76.881168985999778, -12.1667884799999 ], [ -76.881240235999798, -12.167859479999876 ], [ -76.88199386099987, -12.169138354999729 ], [ -76.883098735999937, -12.171301479999943 ], [ -76.883876860999834, -12.172328604999825 ], [ -76.88423473599984, -12.172639854999819 ], [ -76.884545985999821, -12.173200104999911 ], [ -76.884695360999856, -12.173705354999962 ], [ -76.884748360999779, -12.173884854999788 ], [ -76.884731610999907, -12.174060979999911 ], [ -76.884654985999887, -12.174865229999835 ], [ -76.884063610999902, -12.175705604999713 ], [ -76.883472235999733, -12.176919479999967 ], [ -76.883223360999835, -12.177775229999828 ], [ -76.883132860999893, -12.178406229999885 ], [ -76.883095736999934, -12.179499979999875 ], [ -76.883409985999634, -12.180483229999689 ], [ -76.883666985999838, -12.180934229999805 ], [ -76.884172485999926, -12.181821604999852 ], [ -76.88446811099989, -12.182817604999837 ], [ -76.88476386099974, -12.183844729999842 ], [ -76.884903985999884, -12.184638354999873 ], [ -76.885047485999763, -12.185241229999729 ], [ -76.885215235999866, -12.185945604999842 ], [ -76.885339735999949, -12.18675485499992 ], [ -76.885510860999901, -12.187283979999826 ], [ -76.885853235999903, -12.187548479999956 ], [ -76.886087735999951, -12.187655979999686 ], [ -76.886226735999983, -12.187719604999904 ], [ -76.886958236999774, -12.188046479999954 ], [ -76.887290985999826, -12.188429729999866 ], [ -76.887736235999753, -12.189945104999914 ], [ -76.888529985999767, -12.192855229999836 ], [ -76.889059110999838, -12.194629354999881 ], [ -76.889883860999888, -12.195640854999834 ], [ -76.890553110999818, -12.196652354999946 ], [ -76.891206735999916, -12.19778847999979 ], [ -76.891875860999846, -12.198768854999843 ], [ -76.892031485999837, -12.199329104999808 ], [ -76.891860235999786, -12.199998229999927 ], [ -76.89109773599985, -12.200978729999783 ], [ -76.890869110999873, -12.201419854999797 ], [ -76.890556611999685, -12.202027354999798 ], [ -76.890428610999848, -12.202970604999955 ], [ -76.89035798599987, -12.203662729999834 ], [ -76.890475235999887, -12.204527104999936 ], [ -76.890563235999778, -12.205186729999793 ], [ -76.890812360999902, -12.205787604999868 ], [ -76.891025236999909, -12.206252229999945 ], [ -76.891134735999813, -12.206490979999876 ], [ -76.891134735999813, -12.20729697999978 ], [ -76.890953110999888, -12.207761729999882 ], [ -76.890451736999879, -12.209874479999813 ], [ -76.889965235999867, -12.211484979999826 ], [ -76.889478735999845, -12.213061979999834 ], [ -76.889277360999884, -12.214152479999909 ], [ -76.889357111, -12.214502605 ], [ -76.892749405520661, -12.216446496804259 ], [ -76.895581380947249, -12.211429854620157 ], [ -76.898305863798853, -12.208517394349006 ], [ -76.89836535032407, -12.207446636896448 ], [ -76.897383822659151, -12.205929730505193 ], [ -76.896729470882576, -12.204918459577728 ], [ -76.896491524781936, -12.203817958862464 ], [ -76.896104862368475, -12.20170618721987 ], [ -76.895956146055653, -12.19974313188991 ], [ -76.895779669364401, -12.198057184623135 ], [ -76.895351366383366, -12.192346478209096 ], [ -76.894459068506137, -12.184947841644185 ], [ -76.891746482959491, -12.181235882475139 ], [ -76.890882738614408, -12.180162745561491 ], [ -76.891864266279299, -12.17912173137146 ], [ -76.900251866324808, -12.178705325695352 ], [ -76.901501083352841, -12.177813027818198 ], [ -76.906854870615945, -12.173113592331653 ], [ -76.908315859673607, -12.17236644157582 ], [ -76.91143771251339, -12.172118977631184 ], [ -76.912484675355842, -12.171471764237625 ], [ -76.912746564478795, -12.168621794369566 ], [ -76.912575495362745, -12.168397013710919 ], [ -76.912458102359409, -12.16824276199376 ], [ -76.911985817990995, -12.167622192909828 ], [ -76.912345757250733, -12.167382234002771 ], [ -76.912463682652714, -12.167363632425497 ], [ -76.912646118223634, -12.167400903928447 ], [ -76.91278888559853, -12.167151059673571 ], [ -76.912967345266637, -12.167018999627015 ], [ -76.913279794926467, -12.166878226049096 ], [ -76.913417062946976, -12.167061829839476 ], [ -76.913754664845698, -12.167308682049885 ], [ -76.91377634660094, -12.167324536198279 ], [ -76.913794654099803, -12.167314658044956 ], [ -76.913806018832616, -12.167306842936371 ], [ -76.913817387162538, -12.167299026028987 ], [ -76.913832547933595, -12.16728860018854 ], [ -76.913840733562807, -12.167280241889602 ], [ -76.913902927078212, -12.167212799031383 ], [ -76.913907147596618, -12.167190901438831 ], [ -76.91390698122207, -12.167174779292543 ], [ -76.913903643837912, -12.167158185001963 ], [ -76.913902278667038, -12.167148344620303 ], [ -76.913897747882672, -12.167138020403272 ], [ -76.913888108948996, -12.167120523193473 ], [ -76.913884204092554, -12.167107149375326 ], [ -76.913880306430912, -12.167093801637558 ], [ -76.913875813417945, -12.167083565554016 ], [ -76.913875727083067, -12.167073622649392 ], [ -76.913875674922309, -12.16706765924496 ], [ -76.913878681355897, -12.167052258354982 ], [ -76.913881682393622, -12.167036876350585 ], [ -76.913884079986161, -12.167024586215552 ], [ -76.913888270826888, -12.167003110405105 ], [ -76.913891259274152, -12.166987794950591 ], [ -76.913891109087359, -12.166972042425614 ], [ -76.913894391612715, -12.166955227801422 ], [ -76.913967442643198, -12.166888947766646 ], [ -76.913947551438156, -12.166866330716443 ], [ -76.913989796191984, -12.166814340009664 ], [ -76.914039574566644, -12.166753076393187 ], [ -76.914069158664645, -12.166742520151075 ], [ -76.914141789711621, -12.166716605286959 ], [ -76.914190935862877, -12.166699069406295 ], [ -76.914367765060163, -12.166677168216639 ], [ -76.914372126772079, -12.166673857812251 ], [ -76.91438470469032, -12.166669080613515 ], [ -76.914395142221807, -12.16666511730118 ], [ -76.914536969805255, -12.166611259601867 ], [ -76.914604945961429, -12.166585447260543 ], [ -76.914655434800324, -12.166566273714446 ], [ -76.914763294090704, -12.166525315890551 ], [ -76.914900770487719, -12.166390545916888 ], [ -76.915112535015311, -12.166182950282783 ], [ -76.91530120918334, -12.166035317575661 ], [ -76.915415298077406, -12.166040791748948 ], [ -76.915881748219562, -12.166063173732754 ], [ -76.91591494791642, -12.166064766775527 ], [ -76.916993777340863, -12.166470589445938 ], [ -76.917011186416929, -12.166450005762995 ], [ -76.917015917750192, -12.166445500159545 ], [ -76.917017891762157, -12.166446403978259 ], [ -76.917098376588697, -12.166369738572405 ], [ -76.917122124985909, -12.166353827766763 ], [ -76.917129565077303, -12.16635171975574 ], [ -76.917129611841929, -12.166351723353303 ], [ -76.917154185816884, -12.166338124704541 ], [ -76.917262793343127, -12.16628629767431 ], [ -76.91727127844662, -12.16627772173949 ], [ -76.917304631603372, -12.166197527393862 ], [ -76.917305556106342, -12.166191137710744 ], [ -76.917308326917649, -12.16617199204356 ], [ -76.917299240167736, -12.166145498915443 ], [ -76.917294677906924, -12.166132195244574 ], [ -76.917293135569665, -12.166127696835632 ], [ -76.917287940186242, -12.166114055019523 ], [ -76.917281095446072, -12.166087331664968 ], [ -76.917269847625292, -12.166066542037163 ], [ -76.917254661673226, -12.165978214223035 ], [ -76.917257000809755, -12.165965476225701 ], [ -76.917261632318343, -12.165959549693277 ], [ -76.917267438341483, -12.165947247867148 ], [ -76.917274417979868, -12.165928561753605 ], [ -76.917281840984018, -12.165906763086557 ], [ -76.917397095399465, -12.165681547665125 ], [ -76.917458085622002, -12.165603759006146 ], [ -76.917514775286534, -12.165494857401526 ], [ -76.917520003944858, -12.165485618666233 ], [ -76.91752086099882, -12.165483784948586 ], [ -76.917525825256476, -12.165473157660051 ], [ -76.91752811313178, -12.165460346817367 ], [ -76.917530401007085, -12.165447535075636 ], [ -76.917538423858971, -12.165321531063709 ], [ -76.917536001984814, -12.165314853597499 ], [ -76.917566173340006, -12.165249302013514 ], [ -76.917574257345919, -12.165240934721325 ], [ -76.917586680580769, -12.165226759607069 ], [ -76.91760023965918, -12.165206139051957 ], [ -76.91762300599683, -12.165190477358491 ], [ -76.917641484366939, -12.165180602802286 ], [ -76.917652373358123, -12.165175955106099 ], [ -76.917742878431014, -12.165142325857502 ], [ -76.917913946571275, -12.165033820854017 ], [ -76.917954850435834, -12.164946064109387 ], [ -76.917959568279286, -12.164935942239735 ], [ -76.918102141400624, -12.164770860886422 ], [ -76.918088489691854, -12.164748724074212 ], [ -76.918086219559953, -12.164744297820651 ], [ -76.918059928123014, -12.164693035355166 ], [ -76.918045353709942, -12.164664618577184 ], [ -76.918028757620931, -12.164632260969913 ], [ -76.917934615689788, -12.164547972910533 ], [ -76.917816594060412, -12.164473732976239 ], [ -76.917612333207742, -12.164386192494803 ], [ -76.917408328831257, -12.164388345045932 ], [ -76.917267547159511, -12.164492858858269 ], [ -76.917115925959038, -12.164566983679137 ], [ -76.916946319217132, -12.164649902970465 ], [ -76.916852715979886, -12.164667654688435 ], [ -76.916670301992681, -12.164702250708196 ], [ -76.916249136887942, -12.164733183789256 ], [ -76.915925531138186, -12.164680836051643 ], [ -76.915654272226689, -12.164685595263888 ], [ -76.915275938233918, -12.164726045870212 ], [ -76.914830978866448, -12.164761738163495 ], [ -76.914593031742825, -12.164792671244678 ], [ -76.914502613004998, -12.16478791203245 ], [ -76.914426470105397, -12.16479029163847 ], [ -76.914327353124719, -12.164791628930441 ], [ -76.914313597094775, -12.164621208302075 ], [ -76.91430940715324, -12.164569309326088 ], [ -76.914303959959696, -12.164501818803767 ], [ -76.91429308805553, -12.164367133636208 ], [ -76.91458553769219, -12.164322675650833 ], [ -76.915233107122035, -12.164221599946682 ], [ -76.915681713240318, -12.164151144359707 ], [ -76.915532920407841, -12.163940824409378 ], [ -76.914973746241245, -12.163817092085065 ], [ -76.914412193367895, -12.163688601447673 ], [ -76.913921825431842, -12.163699848369092 ], [ -76.913592574637406, -12.163735148558187 ], [ -76.913316632056777, -12.163666559064362 ], [ -76.913257426089302, -12.163651842558394 ], [ -76.912817955284225, -12.163533936042182 ], [ -76.912501485654857, -12.163495865042064 ], [ -76.912085080661797, -12.163512521385581 ], [ -76.912061272909241, -12.163514408163321 ], [ -76.911772775792898, -12.163537267131105 ], [ -76.911827028294596, -12.162854838180166 ], [ -76.911855273302152, -12.162808467336886 ], [ -76.911942777337202, -12.162664809633133 ], [ -76.912032732024755, -12.162608325913466 ], [ -76.912099035441969, -12.162584525355422 ], [ -76.912133858090911, -12.162577532227125 ], [ -76.912168592606264, -12.162562314798812 ], [ -76.912242809158116, -12.162547372563028 ], [ -76.912296038231503, -12.162522729340338 ], [ -76.912346379581635, -12.162499423409578 ], [ -76.912395567101626, -12.162474270271259 ], [ -76.912399280402397, -12.162472370902929 ], [ -76.912437765989949, -12.162452690139425 ], [ -76.912457786697431, -12.16244245225724 ], [ -76.912547763868034, -12.162423222053944 ], [ -76.912575147325043, -12.162424328220126 ], [ -76.912583548791673, -12.162424667264403 ], [ -76.91261590639877, -12.162425973979373 ], [ -76.912627064287406, -12.162426425438955 ], [ -76.912830784113311, -12.162434654235801 ], [ -76.913071845589073, -12.16242533366214 ], [ -76.913086177185193, -12.162422660876956 ], [ -76.913119797440544, -12.16241638900496 ], [ -76.913196255102989, -12.16240212485812 ], [ -76.913250452746141, -12.16238391988194 ], [ -76.913306044338256, -12.162346732015898 ], [ -76.913324179167446, -12.16228326326191 ], [ -76.913331743365077, -12.162256788120009 ], [ -76.913285350038763, -12.162214129678194 ], [ -76.913121686916242, -12.162009883748951 ], [ -76.91304755400121, -12.161896587157715 ], [ -76.913020047337241, -12.161829990561483 ], [ -76.913001970064698, -12.161786225953373 ], [ -76.912993302398917, -12.161765241172802 ], [ -76.912983697639348, -12.161725865256397 ], [ -76.91292974281329, -12.161537880868343 ], [ -76.91289264487952, -12.161412519871742 ], [ -76.912871829171493, -12.161342180297286 ], [ -76.912853831039371, -12.16128650956464 ], [ -76.912810306550128, -12.161151884651572 ], [ -76.912811969396685, -12.161127021095098 ], [ -76.912814345405494, -12.161091478089061 ], [ -76.912825487106403, -12.160897845059468 ], [ -76.912760270969628, -12.160792397750798 ], [ -76.912724021995942, -12.160733788033705 ], [ -76.912642269125257, -12.160601602082107 ], [ -76.912573032119695, -12.160383568646616 ], [ -76.91252540672204, -12.160315355069523 ], [ -76.912462464970673, -12.16022520343027 ], [ -76.912418130192421, -12.160161703199979 ], [ -76.912363641168909, -12.159971315823372 ], [ -76.912280176888515, -12.160006171747371 ], [ -76.912255670362839, -12.160016406032174 ], [ -76.91221156221367, -12.160034825946383 ], [ -76.912211048700811, -12.160032117188369 ], [ -76.91220782642992, -12.160027047709919 ], [ -76.912201021260074, -12.160016345777628 ], [ -76.912144505164719, -12.159927461282999 ], [ -76.912096154014151, -12.159851419107419 ], [ -76.9119880231286, -12.159734541415826 ], [ -76.911934585412624, -12.159676779759458 ], [ -76.911859727644156, -12.15959586685571 ], [ -76.911720862427799, -12.15948102163172 ], [ -76.911645719574111, -12.15941887757905 ], [ -76.911706777245826, -12.159373435735334 ], [ -76.911699707675282, -12.15935863199517 ], [ -76.911639488171673, -12.159232518266018 ], [ -76.911593817000863, -12.15913687266843 ], [ -76.911536978048971, -12.159017838402507 ], [ -76.911514389777125, -12.158970534062785 ], [ -76.911500634646401, -12.158947542894706 ], [ -76.911480660703802, -12.158911660844391 ], [ -76.91144625534028, -12.158849853138147 ], [ -76.911420958310387, -12.158804408596408 ], [ -76.911285390008544, -12.158560871287012 ], [ -76.911272476643418, -12.158537674174143 ], [ -76.911216043285677, -12.158569083895987 ], [ -76.911154058412905, -12.158480079791536 ], [ -76.911130614885877, -12.15844641816747 ], [ -76.91110374674038, -12.15840783905035 ], [ -76.91095127388202, -12.158188902695516 ], [ -76.910924528044475, -12.158206749741662 ], [ -76.910923042364317, -12.158207740794495 ], [ -76.910922965922069, -12.158207792055892 ], [ -76.910922738393495, -12.158207462903958 ], [ -76.910900912746882, -12.158176459675733 ], [ -76.910816812645592, -12.158056994634576 ], [ -76.910788012756456, -12.158016085373998 ], [ -76.910748445284312, -12.15795987684672 ], [ -76.91071429442907, -12.15791136561687 ], [ -76.910705424415738, -12.157898768813004 ], [ -76.910705038606494, -12.157898223823951 ], [ -76.910517565932849, -12.158016085374058 ], [ -76.910339606287678, -12.158127964633795 ], [ -76.91026246783845, -12.158176459675731 ], [ -76.910120374055865, -12.158265792032454 ], [ -76.910120180701725, -12.158265441297006 ], [ -76.910119172561593, -12.15826361207596 ], [ -76.910109747666667, -12.158246519561173 ], [ -76.910103614290193, -12.158235396746004 ], [ -76.909851455180373, -12.158398951050669 ], [ -76.909810823810446, -12.158425303884357 ], [ -76.909794228620655, -12.158436067870227 ], [ -76.909772836447061, -12.15844994440935 ], [ -76.909575816570538, -12.158061616250475 ], [ -76.909633533260802, -12.158027300819114 ], [ -76.909615233855817, -12.157996094344105 ], [ -76.909784508747933, -12.157901173600219 ], [ -76.909798527380005, -12.157893312626115 ], [ -76.909824219212197, -12.15787890638636 ], [ -76.909885320950622, -12.157839536765012 ], [ -76.909690017879853, -12.15748536935414 ], [ -76.909690963067334, -12.157484804579868 ], [ -76.909726548341354, -12.157462987926511 ], [ -76.909635316616487, -12.157310229083505 ], [ -76.909666249697494, -12.157080373160602 ], [ -76.909367389693188, -12.15703087987103 ], [ -76.909319918079603, -12.156986530703685 ], [ -76.909078048113187, -12.156760573341707 ], [ -76.909148107099412, -12.156509835160621 ], [ -76.909150383283446, -12.156501688202161 ], [ -76.909176854827791, -12.156418363316764 ], [ -76.909242230144613, -12.156212584043402 ], [ -76.909247910262735, -12.156198925140046 ], [ -76.909265772597195, -12.156155969022652 ], [ -76.909272244118569, -12.156140408053243 ], [ -76.909282150150915, -12.156116585911644 ], [ -76.909951708004783, -12.156515920872932 ], [ -76.910018333379327, -12.156468332347561 ], [ -76.910632317627304, -12.156158986248132 ], [ -76.910581585071967, -12.156048884947872 ], [ -76.910574660292198, -12.156036727912502 ], [ -76.910406481673718, -12.155741503867123 ], [ -76.910209146135145, -12.155395095806833 ], [ -76.910192955640269, -12.155368620665268 ], [ -76.910165080254075, -12.155323036728566 ], [ -76.910155199402723, -12.155306878609368 ], [ -76.909890984880988, -12.155474898947299 ], [ -76.90987332129653, -12.155455365672452 ], [ -76.909549933182831, -12.155097761951977 ], [ -76.909333239737109, -12.154858142089532 ], [ -76.909413190366394, -12.154761060274584 ], [ -76.909208510064531, -12.154532211592187 ], [ -76.909082589689689, -12.154586283330193 ], [ -76.909082353167875, -12.154586305813201 ], [ -76.908925226318033, -12.154601228263997 ], [ -76.908867497936498, -12.154606711430377 ], [ -76.908839252029708, -12.154623279640562 ], [ -76.908695132074541, -12.154707824006653 ], [ -76.908386867859505, -12.154794641859182 ], [ -76.908333597417396, -12.154709092950197 ], [ -76.908183776659925, -12.154493298826624 ], [ -76.907918229342712, -12.154641777795662 ], [ -76.907826858222876, -12.154499010420848 ], [ -76.907807816877082, -12.154482488975562 ], [ -76.907641307400283, -12.154517068807627 ], [ -76.907543527711567, -12.154537374599885 ], [ -76.907439658713173, -12.154420430358398 ], [ -76.907430545882875, -12.154410169093849 ], [ -76.907374286094324, -12.154402003249663 ], [ -76.907297869800658, -12.15426535216401 ], [ -76.907196857049172, -12.154084717036007 ], [ -76.907111758700623, -12.153932541853168 ], [ -76.90707173527224, -12.153917027648649 ], [ -76.907071710990508, -12.153917018655408 ], [ -76.906899938681065, -12.153850437347653 ], [ -76.906843754435528, -12.153828892289456 ], [ -76.906845760823018, -12.153824551261934 ], [ -76.906848225864877, -12.1538192290739 ], [ -76.906850791630561, -12.153813690149637 ], [ -76.906856729854127, -12.15380086042118 ], [ -76.906861309201986, -12.153790970576766 ], [ -76.906867460564783, -12.153777683992853 ], [ -76.906870321308219, -12.153771507449036 ], [ -76.906877640890329, -12.153755698266796 ], [ -76.906877927774005, -12.15375507863391 ], [ -76.906880643726623, -12.153749214154731 ], [ -76.906888571250335, -12.153732093760967 ], [ -76.906890719730754, -12.153727452359851 ], [ -76.906894895283017, -12.153718435757112 ], [ -76.906899737233033, -12.153707979339497 ], [ -76.906912054347671, -12.153681378292884 ], [ -76.906914385390479, -12.153676342988634 ], [ -76.906938855943253, -12.15362349522807 ], [ -76.906958741752277, -12.153580547204445 ], [ -76.906962528797621, -12.15357236787035 ], [ -76.90698017169737, -12.153534265393867 ], [ -76.906994934968139, -12.153502380830092 ], [ -76.906998671651223, -12.153494311213292 ], [ -76.907001483831309, -12.153488238091636 ], [ -76.907010676701219, -12.153460693656006 ], [ -76.907029528290067, -12.153404209936271 ], [ -76.907085533570381, -12.153236401838379 ], [ -76.907029426666483, -12.153201761751845 ], [ -76.907024790661438, -12.153198900109018 ], [ -76.907002831015731, -12.153185341929868 ], [ -76.907001398395636, -12.153184456996858 ], [ -76.907002610681815, -12.153182827425368 ], [ -76.907049777425215, -12.153119437811633 ], [ -76.907139182627049, -12.152999282091155 ], [ -76.9071508279482, -12.15298363118942 ], [ -76.907150892699434, -12.152983681551607 ], [ -76.907165450025417, -12.152994209015423 ], [ -76.907186208176796, -12.153009218700367 ], [ -76.907191446727808, -12.15301300844337 ], [ -76.907196890324059, -12.153016943876686 ], [ -76.907200156661744, -12.153019306395764 ], [ -76.907205799907715, -12.15302338661982 ], [ -76.907208089581417, -12.153025043171086 ], [ -76.907242152303397, -12.153049674702672 ], [ -76.907243305234317, -12.15305050927347 ], [ -76.907247301821343, -12.153053399694537 ], [ -76.907258797855079, -12.153061713027553 ], [ -76.907286043715757, -12.153081417173526 ], [ -76.907288098666555, -12.153082902853473 ], [ -76.907294412806877, -12.153087468711577 ], [ -76.907315116999015, -12.15310244062486 ], [ -76.907407067282222, -12.153168803397394 ], [ -76.907407097859092, -12.15316883307506 ], [ -76.907412806755403, -12.15316413591607 ], [ -76.907416196300389, -12.153161349816266 ], [ -76.907430798592301, -12.153149344766328 ], [ -76.90743492737974, -12.153145950724909 ], [ -76.90744193939382, -12.153140186070663 ], [ -76.907448580887134, -12.153134726286495 ], [ -76.90746477857661, -12.153121410024967 ], [ -76.907498165008207, -12.153093957320127 ], [ -76.907507466696046, -12.153086308586209 ], [ -76.90753297866398, -12.153065338194757 ], [ -76.907533758376104, -12.153064696978094 ], [ -76.907554478756012, -12.153047663818636 ], [ -76.907563903651095, -12.153039917058363 ], [ -76.907585622278503, -12.153022063717156 ], [ -76.907592687352562, -12.15301625589538 ], [ -76.907595165884146, -12.153014218031538 ], [ -76.907600704808573, -12.153009664764092 ], [ -76.907601711149923, -12.153008838287157 ], [ -76.907615817016136, -12.152997240630027 ], [ -76.907620661664041, -12.15299325663333 ], [ -76.907652746776733, -12.152966880417098 ], [ -76.907660498033451, -12.152960507821131 ], [ -76.907680021415814, -12.152944457620412 ], [ -76.907699731857107, -12.152928253635849 ], [ -76.90770034969124, -12.15292774641828 ], [ -76.907713587711697, -12.152916861923568 ], [ -76.907761866017125, -12.15287717304305 ], [ -76.907768836662427, -12.152871441663574 ], [ -76.907771453689548, -12.152869289585954 ], [ -76.907797598780093, -12.152847795789041 ], [ -76.907797813717977, -12.152847620421182 ], [ -76.907827613653282, -12.152823121089892 ], [ -76.907845690026406, -12.152808260692529 ], [ -76.907857669895378, -12.152798412216812 ], [ -76.907865574936281, -12.152791912816422 ], [ -76.907871445710484, -12.152787087054245 ], [ -76.907872750626822, -12.152786014163141 ], [ -76.907877462175108, -12.152782140783115 ], [ -76.907882055911983, -12.152778363630475 ], [ -76.907885154076467, -12.152775816750349 ], [ -76.907885264310593, -12.152775726131992 ], [ -76.907893260565444, -12.152769152774027 ], [ -76.907894455764435, -12.152768171613646 ], [ -76.907895371274293, -12.152767420679735 ], [ -76.907895733700997, -12.152767470142564 ], [ -76.907896481936888, -12.152767569967274 ], [ -76.907906881697144, -12.152768953124495 ], [ -76.907918411905129, -12.15277048556935 ], [ -76.907936869590714, -12.152772941617771 ], [ -76.907957802557377, -12.152775726131987 ], [ -76.907991685967417, -12.152780233321012 ], [ -76.908029292018043, -12.152785235350208 ], [ -76.908032279565845, -12.152785632850541 ], [ -76.908056178150034, -12.152788811953911 ], [ -76.908056910198042, -12.152788909080858 ], [ -76.90804448516478, -12.152827612304332 ], [ -76.908043031860274, -12.152832138592011 ], [ -76.908039743938886, -12.15284238097097 ], [ -76.908037472251507, -12.152849457736108 ], [ -76.908035312079818, -12.152856185564334 ], [ -76.908031632953367, -12.15286764472595 ], [ -76.908029858590879, -12.152873171059845 ], [ -76.908029720095357, -12.152873605432461 ], [ -76.90802657426687, -12.15288340174753 ], [ -76.908024798105856, -12.152888935276094 ], [ -76.908023494988171, -12.152892993916428 ], [ -76.908022746752223, -12.15289532316045 ], [ -76.908020474165454, -12.152902406220884 ], [ -76.908017751917583, -12.152910885029119 ], [ -76.908017406578026, -12.152911958819768 ], [ -76.908013587157185, -12.152923857749698 ], [ -76.908011911720138, -12.152929075616303 ], [ -76.90801146115983, -12.152930478558662 ], [ -76.908006972643506, -12.152944459419221 ], [ -76.908006171347594, -12.152946957735795 ], [ -76.908004113698709, -12.152953366304679 ], [ -76.908001150432639, -12.152962597845463 ], [ -76.907997035134926, -12.152975415882484 ], [ -76.907995208611894, -12.152981103195234 ], [ -76.907994890251786, -12.152982096046843 ], [ -76.907994805715504, -12.152982358648766 ], [ -76.907987925002629, -12.152987900271318 ], [ -76.907970655321293, -12.153001809185964 ], [ -76.907965752217507, -12.153005758109185 ], [ -76.907946876347225, -12.15302095934962 ], [ -76.907926743224579, -12.153037173226878 ], [ -76.907920998355209, -12.153041800238823 ], [ -76.907916838091509, -12.153045150213339 ], [ -76.907912141831758, -12.15304893186263 ], [ -76.907886359168046, -12.153069697208634 ], [ -76.907885208935156, -12.15307062261096 ], [ -76.907881280696444, -12.153073787325225 ], [ -76.907873467386452, -12.153080078982367 ], [ -76.907860588195405, -12.153090450863402 ], [ -76.907859374110657, -12.15309142932589 ], [ -76.907857955879791, -12.153092570565533 ], [ -76.907851130025421, -12.153098069020629 ], [ -76.907836546619279, -12.153109813267099 ], [ -76.907835769604986, -12.153110439195281 ], [ -76.907824758305864, -12.153119307409995 ], [ -76.907816621239959, -12.153125859870421 ], [ -76.907815247975279, -12.153126966036522 ], [ -76.907814965588074, -12.153127192665721 ], [ -76.907813708335851, -12.15312820620156 ], [ -76.907813377385281, -12.153128473300262 ], [ -76.907813156152116, -12.153128654063936 ], [ -76.908060269165986, -12.153193255963956 ], [ -76.908060366292773, -12.153193282044223 ], [ -76.908241543712151, -12.153240645739151 ], [ -76.908269974879246, -12.153248078635755 ], [ -76.908243786621298, -12.15333278128262 ], [ -76.908240360204417, -12.153343865426889 ], [ -76.908228960398077, -12.153380736731464 ], [ -76.908706586739498, -12.1534700493032 ], [ -76.908784927582289, -12.153383812412967 ], [ -76.908827789270887, -12.153387942999057 ], [ -76.908840696340889, -12.153389110319081 ], [ -76.908850884760483, -12.153390031224809 ], [ -76.908854267110641, -12.153390336994374 ], [ -76.908864728024611, -12.153391283080941 ], [ -76.908873318348896, -12.153392059196026 ], [ -76.908877013663101, -12.15339239284445 ], [ -76.908885042810397, -12.153393118597394 ], [ -76.908885667839215, -12.153393176154035 ], [ -76.908888667977507, -12.153393446850016 ], [ -76.908894820239567, -12.153394004429618 ], [ -76.908900449995642, -12.153394513445997 ], [ -76.908912443354467, -12.153395598028373 ], [ -76.908924273935924, -12.153396668221466 ], [ -76.908950853399034, -12.153399071210046 ], [ -76.90895776468895, -12.153399696238841 ], [ -76.908985045623268, -12.153402162179969 ], [ -76.908986391908329, -12.153402283588473 ], [ -76.908986831676799, -12.153402324057797 ], [ -76.908987082587629, -12.15340234744035 ], [ -76.908992089113596, -12.153402799799196 ], [ -76.909011218592667, -12.153404530094845 ], [ -76.909018932977261, -12.153405227069507 ], [ -76.909023140905134, -12.153405608381982 ], [ -76.909024717416656, -12.153405751374278 ], [ -76.909053548782055, -12.153408357609498 ], [ -76.909053633318337, -12.153408365703443 ], [ -76.909057961755366, -12.153408757807918 ], [ -76.909065495376169, -12.153409438594663 ], [ -76.909066071841636, -12.153409490755253 ], [ -76.909075978773259, -12.153410387379369 ], [ -76.909083412569231, -12.153411059172901 ], [ -76.909083973746249, -12.153411108635657 ], [ -76.909087493692681, -12.153411427894961 ], [ -76.909093120750796, -12.153411936911237 ], [ -76.9090955363299, -12.153412155446555 ], [ -76.909120808178528, -12.153414440623667 ], [ -76.909123162603791, -12.153414653763127 ], [ -76.909128350792614, -12.153415123209221 ], [ -76.909133826764531, -12.153415617836327 ], [ -76.90914964044336, -12.153417047758444 ], [ -76.909157427672966, -12.153417751927607 ], [ -76.909163162649719, -12.153418270836461 ], [ -76.909174033654537, -12.153419253795489 ], [ -76.909147294112245, -12.153263982246896 ], [ -76.909154176623844, -12.153245011048329 ], [ -76.909154244972385, -12.153245020940789 ], [ -76.909154532755409, -12.153245059611701 ], [ -76.909289580349665, -12.153261972262021 ], [ -76.909436812858459, -12.153280411062024 ], [ -76.909400002707713, -12.153422209867063 ], [ -76.909402759129904, -12.153422935619675 ], [ -76.909407208975367, -12.15342410833583 ], [ -76.909417827270872, -12.15342690342878 ], [ -76.90944276996774, -12.153433470278321 ], [ -76.909453796555312, -12.153436373289855 ], [ -76.909473256085818, -12.153441494928956 ], [ -76.90948699233067, -12.153445112002178 ], [ -76.90952877213509, -12.15345611071079 ], [ -76.909543109127043, -12.153459885165415 ], [ -76.909553474713022, -12.15346261370857 ], [ -76.909587898962258, -12.153471677076059 ], [ -76.909593236438667, -12.153473081817172 ], [ -76.909596946142045, -12.153474059380274 ], [ -76.909600743979055, -12.153475059426384 ], [ -76.90960089956171, -12.15347509989577 ], [ -76.909632294894408, -12.153483364665451 ], [ -76.909639308707071, -12.153485211872898 ], [ -76.90964732976029, -12.153487324380404 ], [ -76.909650093376925, -12.153488051032561 ], [ -76.909653437955583, -12.153488930569527 ], [ -76.90965641920819, -12.153489715677708 ], [ -76.909660085744193, -12.153490682448959 ], [ -76.909665210980492, -12.153492031432025 ], [ -76.909673984766442, -12.15349434089107 ], [ -76.909674338200062, -12.153494434420429 ], [ -76.90967451806435, -12.153494480285962 ], [ -76.909673514420987, -12.153498699005562 ], [ -76.909673500031843, -12.153498759260215 ], [ -76.909673298583655, -12.153499603723537 ], [ -76.909673276999882, -12.153499693655679 ], [ -76.90967287500311, -12.153501390676444 ], [ -76.9096707822806, -12.153510231911564 ], [ -76.909670773287502, -12.153510268783666 ], [ -76.909667119341933, -12.153525705646729 ], [ -76.909665996987897, -12.153530445973194 ], [ -76.909665907955201, -12.153530821889817 ], [ -76.909664353926729, -12.153537385142089 ], [ -76.909663694723548, -12.153540173040343 ], [ -76.909663436618118, -12.153541262119385 ], [ -76.909663170418796, -12.153542391667917 ], [ -76.909662462652406, -12.153545378316361 ], [ -76.909662066950631, -12.15354705015611 ], [ -76.909660050670681, -12.153555567635269 ], [ -76.909659636982454, -12.153557315917316 ], [ -76.90965884737777, -12.153560652402108 ], [ -76.909658120725609, -12.153563718190965 ], [ -76.909657929169938, -12.153564526681389 ], [ -76.909657255577756, -12.153567370337822 ], [ -76.909655843642014, -12.153573337339456 ], [ -76.909655772595713, -12.153573635914402 ], [ -76.909654080970924, -12.153580782826705 ], [ -76.909653868731027, -12.153581676752799 ], [ -76.909653705953502, -12.153582370130083 ], [ -76.909652028718057, -12.153589456787902 ], [ -76.909651409085129, -12.153592095398752 ], [ -76.909648126559603, -12.153606060071452 ], [ -76.909648045620756, -12.153606402713114 ], [ -76.909645409707736, -12.153617623554494 ], [ -76.909645129119298, -12.153618817854094 ], [ -76.909643060678505, -12.15362761772028 ], [ -76.909639859092039, -12.15364124065063 ], [ -76.909637790651431, -12.153650042315434 ], [ -76.909637473190699, -12.153651394895901 ], [ -76.909637417432734, -12.153651633216194 ], [ -76.909634580971058, -12.153663702118122 ], [ -76.909634015297442, -12.153666108703916 ], [ -76.909629007872212, -12.153687412743784 ], [ -76.90962360114807, -12.153710420998811 ], [ -76.909622949139688, -12.153713196306892 ], [ -76.909622306124376, -12.153715933843134 ], [ -76.909621297984373, -12.153719192086944 ], [ -76.90962116218671, -12.153719631855246 ], [ -76.909612356025306, -12.15374810708936 ], [ -76.909610130203262, -12.153755304363671 ], [ -76.909610111317335, -12.153755367316061 ], [ -76.909610086136396, -12.153755445557213 ], [ -76.90960915893541, -12.153758441198907 ], [ -76.909606490646894, -12.153767062999499 ], [ -76.909603453636308, -12.153776878200153 ], [ -76.909599767315314, -12.153788790620105 ], [ -76.909594249075141, -12.153806624176172 ], [ -76.90959351972495, -12.153808978601418 ], [ -76.90959350083935, -12.153809041553737 ], [ -76.909593282304044, -12.153809746622454 ], [ -76.90959150794167, -12.153815457317465 ], [ -76.909586926795171, -12.15383026915155 ], [ -76.909586579656789, -12.153831392404795 ], [ -76.909585188405586, -12.153835891712824 ], [ -76.909579746607818, -12.153853483351533 ], [ -76.909579727722104, -12.15385354630402 ], [ -76.909579101793923, -12.153855567080635 ], [ -76.909575578250241, -12.153866937209306 ], [ -76.909574135737643, -12.153871591200911 ], [ -76.909570497080622, -12.153883376816319 ], [ -76.909564923082584, -12.153901386639548 ], [ -76.909564655084651, -12.153902253586052 ], [ -76.909564163155409, -12.153903846285271 ], [ -76.909733865225604, -12.153890270119733 ], [ -76.909821612077607, -12.153806959623392 ], [ -76.909828474804058, -12.153800444034944 ], [ -76.90985338782346, -12.153776967233203 ], [ -76.909897577810753, -12.153735325025121 ], [ -76.910376372371644, -12.153631325625017 ], [ -76.91039996428681, -12.153668130379719 ], [ -76.910490383923914, -12.153744273279452 ], [ -76.910626013379698, -12.153770447148275 ], [ -76.910960820185451, -12.153706131232838 ], [ -76.910960673596122, -12.153673369830109 ], [ -76.910960939795373, -12.153616109096085 ], [ -76.911190496244231, -12.153532961376966 ], [ -76.911228236293894, -12.153607850621752 ], [ -76.911258041625175, -12.153666997233953 ], [ -76.911391292374191, -12.153752657658947 ], [ -76.911266489856445, -12.154148412419014 ], [ -76.911210453099855, -12.154326107663666 ], [ -76.911199338378623, -12.154426043926591 ], [ -76.911370438894522, -12.154430254552469 ], [ -76.911561984597739, -12.154496879926947 ], [ -76.911736637435766, -12.154581522319331 ], [ -76.911789235184898, -12.154637824376016 ], [ -76.911870274893161, -12.154724571181848 ], [ -76.912099295345996, -12.154960903123065 ], [ -76.912097806968021, -12.154968125578405 ], [ -76.912059197274075, -12.155155494830156 ], [ -76.912025884586811, -12.155253053285698 ], [ -76.911806748582435, -12.155374924912712 ], [ -76.911803404903168, -12.155376784710811 ], [ -76.911785172947162, -12.15538953439942 ], [ -76.911657403566181, -12.155478875749367 ], [ -76.91167606359933, -12.155499891106984 ], [ -76.911880867108181, -12.155730541131426 ], [ -76.911915296753435, -12.155769316300704 ], [ -76.911916870567055, -12.15577142161372 ], [ -76.912100895240044, -12.156017732432277 ], [ -76.912135999376829, -12.156061309082061 ], [ -76.912142298228289, -12.156069128687291 ], [ -76.912271889635932, -12.156185761763185 ], [ -76.912328932733843, -12.156237099562517 ], [ -76.912399280402397, -12.156300411834399 ], [ -76.912394436653727, -12.156305718733769 ], [ -76.912376436723108, -12.15632544086632 ], [ -76.912273084834808, -12.156438679001694 ], [ -76.912159693814615, -12.156562915845809 ], [ -76.91247590983518, -12.156763388219622 ], [ -76.912507694574387, -12.156783538429384 ], [ -76.912512615664497, -12.156786883008051 ], [ -76.912590006823308, -12.156841276703373 ], [ -76.912811419910966, -12.156996896289666 ], [ -76.912848359564038, -12.157022858817792 ], [ -76.912861209077462, -12.157029996736853 ], [ -76.912957716225506, -12.156938070735276 ], [ -76.913310352090917, -12.157190770337687 ], [ -76.913593131317811, -12.157414042324016 ], [ -76.91394719530669, -12.157197035015066 ], [ -76.913951155021635, -12.157205503031413 ], [ -76.914059544012588, -12.157437261020652 ], [ -76.914140921865979, -12.157582883742906 ], [ -76.914146157718747, -12.15759079777704 ], [ -76.914386103135982, -12.157953416117193 ], [ -76.914300675635573, -12.158012796553223 ], [ -76.913901411720602, -12.158266629301451 ], [ -76.914265220763141, -12.158437799065071 ], [ -76.914523095064538, -12.15855912660224 ], [ -76.914584784060381, -12.158588151321954 ], [ -76.914946935652466, -12.158745949965489 ], [ -76.915170549381273, -12.158843384314636 ], [ -76.915213455136623, -12.158860750223344 ], [ -76.915420392736706, -12.158944511280007 ], [ -76.915471807877537, -12.158965007728826 ], [ -76.915655325332892, -12.158612100268133 ], [ -76.915777866954812, -12.158689432970881 ], [ -76.91572461180121, -12.158793085232482 ], [ -76.915794523298487, -12.158798887658493 ], [ -76.915775487348768, -12.158864323229677 ], [ -76.915908737198336, -12.158857185310611 ], [ -76.915938481375775, -12.158960690982939 ], [ -76.916115194560476, -12.159078950932752 ], [ -76.916154643322045, -12.159166203157589 ], [ -76.916238390888807, -12.159123710190924 ], [ -76.916286752831255, -12.15908736678851 ], [ -76.916355383693784, -12.159076079397479 ], [ -76.91652931077887, -12.159142507820414 ], [ -76.916518920011953, -12.159222632918073 ], [ -76.916515562842747, -12.159237395289406 ], [ -76.916517148347523, -12.15926712777557 ], [ -76.916519054010976, -12.159302881222889 ], [ -76.916522218725348, -12.159362247269808 ], [ -76.91652690599183, -12.159450144308533 ], [ -76.916535940581085, -12.159619599065064 ], [ -76.916536549422119, -12.159631007864654 ], [ -76.916575622266933, -12.159718153070209 ], [ -76.916622604649277, -12.159822937578314 ], [ -76.916640850994398, -12.159863631900958 ], [ -76.916652435161609, -12.159888434303667 ], [ -76.916677189900341, -12.159941436747697 ], [ -76.916734010865696, -12.160063095235428 ], [ -76.91674024676486, -12.160076448369322 ], [ -76.916741279186567, -12.160078658003469 ], [ -76.916759727878912, -12.160118164321689 ], [ -76.916791964977065, -12.160187199879235 ], [ -76.916829946944418, -12.160268538162468 ], [ -76.916899712751359, -12.160370904393487 ], [ -76.916946982916798, -12.160440262807622 ], [ -76.917031789885087, -12.160564700200709 ], [ -76.917038658007598, -12.16057613328188 ], [ -76.917049534408378, -12.160594238433291 ], [ -76.917063228385089, -12.160617031750505 ], [ -76.917066355094008, -12.160622236744837 ], [ -76.917072923976164, -12.160633171883191 ], [ -76.917101416297115, -12.160680600329249 ], [ -76.917138697692579, -12.160742659845791 ], [ -76.917155497028375, -12.160770623365385 ], [ -76.917158471086353, -12.160775573233799 ], [ -76.917180396557924, -12.160812072219162 ], [ -76.917255553800672, -12.160916766795184 ], [ -76.917289005882836, -12.160963366066293 ], [ -76.917310308124115, -12.160993040096562 ], [ -76.91736158305919, -12.16106446718611 ], [ -76.926476202273136, -12.149363266843947 ], [ -76.926448943563798, -12.14936847797274 ], [ -76.9263026067797, -12.149086511733033 ], [ -76.92604205609581, -12.149047250929792 ], [ -76.926045624605763, -12.148654640199288 ], [ -76.926083697404522, -12.148549943824689 ], [ -76.92761522486262, -12.148577600675575 ], [ -76.927664848553832, -12.148578497299672 ], [ -76.927696971437911, -12.148724834083772 ], [ -76.928011059662595, -12.148492836874865 ], [ -76.928092439314398, -12.148323479245088 ], [ -76.92814311970902, -12.148218008554153 ], [ -76.92802675642956, -12.148138387976113 ], [ -76.927809996434121, -12.147990071784347 ], [ -76.927452124715558, -12.148235632568202 ], [ -76.927002882776605, -12.147967229903687 ], [ -76.926892830939209, -12.147826466218339 ], [ -76.926835500058075, -12.14775313459937 ], [ -76.926752562780337, -12.147647053268697 ], [ -76.926815381324545, -12.147582331759033 ], [ -76.926317655135506, -12.147075891139288 ], [ -76.926270036033145, -12.1470274383655 ], [ -76.926217422995478, -12.146973904422092 ], [ -76.926300703814277, -12.14689776062299 ], [ -76.926238837652022, -12.14680258267286 ], [ -76.926147228211903, -12.146907279047618 ], [ -76.925956872311701, -12.146772839394867 ], [ -76.92559043455077, -12.146626501711555 ], [ -76.92562493704105, -12.146536082973665 ], [ -76.92549287699461, -12.146470648301579 ], [ -76.92544885697896, -12.146539652382765 ], [ -76.925182222381466, -12.146424022050869 ], [ -76.924896199300065, -12.146299984856324 ], [ -76.924854296288515, -12.146281812255754 ], [ -76.924848043302461, -12.146279100799784 ], [ -76.924828159292019, -12.146281812255754 ], [ -76.92471717215966, -12.146296946946489 ], [ -76.924664889173187, -12.146281812255763 ], [ -76.924608401856062, -12.146265460782141 ], [ -76.924581542703891, -12.146257686143185 ], [ -76.924477384123747, -12.146202575688026 ], [ -76.924458841901867, -12.146192765883347 ], [ -76.92449596231863, -12.146117575365714 ], [ -76.924393186895884, -12.146020559201347 ], [ -76.924388110222935, -12.146015765814791 ], [ -76.924394573650432, -12.146009439983546 ], [ -76.924236959367988, -12.145845543037222 ], [ -76.9239822605727, -12.145911216029589 ], [ -76.923928009869655, -12.145790149295893 ], [ -76.923761256676528, -12.145862675122302 ], [ -76.923639648550804, -12.145889509093511 ], [ -76.923639047803647, -12.145886660041166 ], [ -76.923575088019788, -12.145583422137049 ], [ -76.923524262834292, -12.145602837600775 ], [ -76.923491505028821, -12.145615205976837 ], [ -76.923551363004833, -12.145286700720348 ], [ -76.923545377117264, -12.145256740705788 ], [ -76.923522682725547, -12.145143155432134 ], [ -76.9233170968065, -12.144942138069124 ], [ -76.923105362222486, -12.144704108207906 ], [ -76.923104033923948, -12.144702577561798 ], [ -76.923132006436788, -12.144682106294088 ], [ -76.923378524099519, -12.144478534856356 ], [ -76.923565074068676, -12.144395729778953 ], [ -76.923579884104186, -12.144185429613774 ], [ -76.923586378108723, -12.144093222124395 ], [ -76.923649067150507, -12.143904963443134 ], [ -76.923672362289494, -12.143835007879135 ], [ -76.923682821405009, -12.143803598157467 ], [ -76.923706691210612, -12.143731914096449 ], [ -76.923592995320405, -12.143697541108539 ], [ -76.923591828000397, -12.143697295593633 ], [ -76.923563999378928, -12.14368963876567 ], [ -76.923604753056793, -12.14293789097062 ], [ -76.923470992392197, -12.142880793913417 ], [ -76.923512238898581, -12.142367962711015 ], [ -76.923688129203583, -12.14239537404714 ], [ -76.92357764479226, -12.142217680601432 ], [ -76.923124926973557, -12.141857808790663 ], [ -76.922860966959888, -12.141682674815439 ], [ -76.923010587168733, -12.14143026209681 ], [ -76.923049038582164, -12.141453104876728 ], [ -76.923171248354322, -12.141563893259015 ], [ -76.923330005675041, -12.141631278560538 ], [ -76.923613257046043, -12.14166325935188 ], [ -76.923563427410045, -12.141412145254192 ], [ -76.923464875203649, -12.141436776785769 ], [ -76.923446071278931, -12.14144221858326 ], [ -76.923314016628339, -12.141471847647537 ], [ -76.923291850138639, -12.14135263261759 ], [ -76.923264303904432, -12.141180103978499 ], [ -76.923204374881891, -12.141199326087911 ], [ -76.923157057052435, -12.141208891277175 ], [ -76.923079420378713, -12.140993302199009 ], [ -76.923046755203373, -12.14090259298022 ], [ -76.92292550770587, -12.140645900387804 ], [ -76.922919976875335, -12.140634190315579 ], [ -76.92319930180615, -12.140534359273138 ], [ -76.923214649636293, -12.140452589315409 ], [ -76.923243274157699, -12.140346088001397 ], [ -76.92326632198295, -12.140260335845639 ], [ -76.92365165719815, -12.140209164421298 ], [ -76.923676550432219, -12.140057725783294 ], [ -76.923954705345182, -12.14010865529006 ], [ -76.92391434916766, -12.140345459375439 ], [ -76.923914939122938, -12.140346088001404 ], [ -76.924195890927535, -12.140645900387808 ], [ -76.924291899851085, -12.140748353853249 ], [ -76.92439161578028, -12.14085813409546 ], [ -76.924514392125388, -12.140993302199012 ], [ -76.924709252729656, -12.141207830077162 ], [ -76.925082298709015, -12.141573890122721 ], [ -76.925115855112438, -12.14160681790012 ], [ -76.925295328316565, -12.141873701609914 ], [ -76.925353591794718, -12.141960343195112 ], [ -76.925409766147595, -12.142043876723367 ], [ -76.925492000155543, -12.142343879765955 ], [ -76.925493522707768, -12.142607334360802 ], [ -76.925476798914929, -12.14271957424886 ], [ -76.925315784295776, -12.142780083333982 ], [ -76.925361152395112, -12.14305391520598 ], [ -76.925395549664756, -12.143261531794208 ], [ -76.925363341345019, -12.143540088703991 ], [ -76.925382940270254, -12.143561488971423 ], [ -76.925521538388125, -12.14403852985421 ], [ -76.926004568755729, -12.144119431966075 ], [ -76.926500661776004, -12.144415203698584 ], [ -76.926479591559769, -12.144464546801343 ], [ -76.926351790702483, -12.144769355820909 ], [ -76.926333231393301, -12.144825034647422 ], [ -76.926989878579889, -12.145114171181866 ], [ -76.927061711928374, -12.145111826649309 ], [ -76.927064097829657, -12.144744609176064 ], [ -76.927064102326312, -12.144743995838411 ], [ -76.927065224680177, -12.14457113355073 ], [ -76.927839738812736, -12.144531872747596 ], [ -76.927854015550224, -12.144574702960123 ], [ -76.927882174222745, -12.144909468397177 ], [ -76.92788613933368, -12.144956607261561 ], [ -76.928221643114156, -12.145042266786989 ], [ -76.928275801187098, -12.145031435352303 ], [ -76.928578561551248, -12.144970883099671 ], [ -76.928695451833434, -12.144858168369669 ], [ -76.928795410579596, -12.144761779032795 ], [ -76.928878373937764, -12.144681778940734 ], [ -76.928973213742708, -12.144655673420498 ], [ -76.929067540934099, -12.144653224566502 ], [ -76.929109918787603, -12.144652825267528 ], [ -76.929194724856501, -12.144652024870961 ], [ -76.929374836579285, -12.144650326051567 ], [ -76.929417539088021, -12.144649923155361 ], [ -76.929471628812379, -12.144635023187707 ], [ -76.929602919938645, -12.144560426222577 ], [ -76.929620841628363, -12.144476087801056 ], [ -76.929653273879282, -12.144323465655225 ], [ -76.929663596297743, -12.144274890573723 ], [ -76.929718064636845, -12.144281902587553 ], [ -76.930017019969327, -12.14432039087329 ], [ -76.930065908015123, -12.143904306038765 ], [ -76.93014427044163, -12.143682013414132 ], [ -76.930171895816159, -12.14360364469238 ], [ -76.930189741962849, -12.143503708429275 ], [ -76.93012882818276, -12.143254339915732 ], [ -76.930469566916813, -12.14306017628603 ], [ -76.932598543687661, -12.141441643916645 ], [ -76.932480153336186, -12.141303660035785 ], [ -76.932174901850075, -12.141001948281174 ], [ -76.93201062628917, -12.14084154160382 ], [ -76.931863330827852, -12.140687187363698 ], [ -76.931788241034241, -12.140608500282026 ], [ -76.931759092208139, -12.140577954808672 ], [ -76.931626774056255, -12.140426363285972 ], [ -76.931561361867168, -12.140366072736001 ], [ -76.931552734670774, -12.140316693660315 ], [ -76.93157369876694, -12.140274563120533 ], [ -76.931659602008878, -12.140234510014558 ], [ -76.931767169019551, -12.140215444387174 ], [ -76.931850928277569, -12.140209179709672 ], [ -76.9320391437913, -12.140181721609087 ], [ -76.932230054573253, -12.140117258204711 ], [ -76.932408112244431, -12.140062658564757 ], [ -76.932595086693695, -12.140015026871801 ], [ -76.932870690230047, -12.139977372257796 ], [ -76.933270175378127, -12.139998217643537 ], [ -76.933612392597738, -12.140027888975709 ], [ -76.933748519378497, -12.140039690779052 ], [ -76.933934659256963, -12.140059323878544 ], [ -76.934020230648883, -12.140090334301224 ], [ -76.934098209064956, -12.14011265277666 ], [ -76.934158748727128, -12.140123875416439 ], [ -76.934231229587368, -12.140113743654336 ], [ -76.934303711347098, -12.140103612791377 ], [ -76.93444291021197, -12.140077212293404 ], [ -76.934475000720539, -12.14007370673605 ], [ -76.934427083942722, -12.139915111293288 ], [ -76.934405547877617, -12.139843829229136 ], [ -76.93445218042379, -12.139570411944678 ], [ -76.934503332962237, -12.13927048444523 ], [ -76.934515147356052, -12.139201214164615 ], [ -76.934560310409807, -12.13907679026161 ], [ -76.934615006277369, -12.138900720991485 ], [ -76.934833805035936, -12.138526833246575 ], [ -76.93494275880127, -12.138493838019917 ], [ -76.934988798693865, -12.138479895830391 ], [ -76.935227510241276, -12.13844405424957 ], [ -76.935461993176403, -12.138339429820725 ], [ -76.935772796177417, -12.138336903625129 ], [ -76.935849519139794, -12.138275141784312 ], [ -76.935758255938623, -12.137974216936332 ], [ -76.935745742236378, -12.137402505450984 ], [ -76.935743989093652, -12.137322409901143 ], [ -76.935746898400538, -12.137069839801123 ], [ -76.935750874303238, -12.136724593664979 ], [ -76.935416010840157, -12.136316695359115 ], [ -76.935603003275816, -12.136198501959241 ], [ -76.935758487963682, -12.136100223146611 ], [ -76.935800926071721, -12.136136266175511 ], [ -76.936036409052832, -12.136336266405488 ], [ -76.936737308279959, -12.136279670270524 ], [ -76.936835908150641, -12.136519007745942 ], [ -76.93659605896076, -12.136598958375187 ], [ -76.936671952748299, -12.136663287780353 ], [ -76.936726087438814, -12.136709172989848 ], [ -76.936995807610259, -12.136937793244424 ], [ -76.937114762736002, -12.136901056838138 ], [ -76.93725469274969, -12.136857844413939 ], [ -76.937334351998601, -12.136687250216122 ], [ -76.937459249844352, -12.136419772054724 ], [ -76.937486834749365, -12.136360698287518 ], [ -76.937566652278946, -12.136243706381757 ], [ -76.937828936855823, -12.135859263294064 ], [ -76.937870533198378, -12.135882633076987 ], [ -76.937974200748585, -12.135940877669249 ], [ -76.938108063935857, -12.136029903357304 ], [ -76.938366694567293, -12.136201904993616 ], [ -76.93863600734565, -12.136304949313717 ], [ -76.938998054616405, -12.136402877390738 ], [ -76.939758818114811, -12.136608650368869 ], [ -76.939783744623938, -12.136549019921265 ], [ -76.939876678765543, -12.136435351909913 ], [ -76.939915346016406, -12.136343147118374 ], [ -76.93988016993373, -12.13631835640675 ], [ -76.939792129902699, -12.136273145688943 ], [ -76.939526060978736, -12.136048019300548 ], [ -76.939174337025776, -12.135750418346989 ], [ -76.938977866634986, -12.135584181364752 ], [ -76.938899062641411, -12.135509781351146 ], [ -76.938672399311741, -12.135462737814958 ], [ -76.938450786574521, -12.135416743787609 ], [ -76.938353792892968, -12.135388747892407 ], [ -76.938265188987174, -12.135397707837836 ], [ -76.938188700747872, -12.135530437879355 ], [ -76.938174179035599, -12.135555638818829 ], [ -76.938172288120398, -12.13555892030778 ], [ -76.938132287175307, -12.135628332681376 ], [ -76.938103385662458, -12.135678485173777 ], [ -76.938039201048042, -12.135683696745135 ], [ -76.937851250834314, -12.135624790251697 ], [ -76.93764185898462, -12.135831326754312 ], [ -76.937216411308128, -12.135625741734296 ], [ -76.937203791121902, -12.135573931791479 ], [ -76.937171287824441, -12.135440499379444 ], [ -76.937162158806558, -12.135403023730456 ], [ -76.937931700587427, -12.135129960778992 ], [ -76.938047319228275, -12.135088936405147 ], [ -76.937953091861488, -12.134934746740978 ], [ -76.937694290358962, -12.134865489950275 ], [ -76.937183181358506, -12.134728713858951 ], [ -76.937142172273212, -12.134717740331359 ], [ -76.937092664594644, -12.134682289056265 ], [ -76.936850567099981, -12.134508927644825 ], [ -76.9368469419326, -12.134506333100699 ], [ -76.936789486945059, -12.134619743906027 ], [ -76.93622378100244, -12.134438167187605 ], [ -76.936097756306168, -12.134397716581343 ], [ -76.935903488355194, -12.134335362087167 ], [ -76.935805071946419, -12.134442724951644 ], [ -76.935784522437558, -12.134465143251566 ], [ -76.935869233178479, -12.134662057907439 ], [ -76.935965699857007, -12.13488630116181 ], [ -76.935925939929945, -12.134919943900099 ], [ -76.935866714177365, -12.134970057721809 ], [ -76.936132962965615, -12.135473205024292 ], [ -76.936314680877643, -12.135816611147371 ], [ -76.9363502202863, -12.135883770719238 ], [ -76.936227736220914, -12.135903556703546 ], [ -76.936130341441839, -12.135919290342922 ], [ -76.936055025918591, -12.135932368283964 ], [ -76.935786764447499, -12.135978949568738 ], [ -76.935357729375511, -12.135311717361756 ], [ -76.934852281607249, -12.135393340729975 ], [ -76.934774671014196, -12.135406931284797 ], [ -76.934768928842828, -12.135407935827558 ], [ -76.9343711479099, -12.135477585621951 ], [ -76.934394773100081, -12.134957937558609 ], [ -76.934430542735171, -12.134171152176778 ], [ -76.935181428979519, -12.134159138133414 ], [ -76.935410578035516, -12.134026453957603 ], [ -76.935526708390711, -12.133959211648094 ], [ -76.935624117558945, -12.13390280886742 ], [ -76.93551518717598, -12.133660283295438 ], [ -76.935500091156285, -12.133626672932419 ], [ -76.935451888393885, -12.133525427256517 ], [ -76.935323304227012, -12.133255348255643 ], [ -76.935125808609001, -12.132827045231851 ], [ -76.934316791986163, -12.132808010181327 ], [ -76.933850772295244, -12.132687440772466 ], [ -76.933829641824246, -12.132682301147124 ], [ -76.933285373920839, -12.132526463924973 ], [ -76.932748805113121, -12.132372830941309 ], [ -76.931990004834674, -12.132972588813836 ], [ -76.931851252033525, -12.13308226023795 ], [ -76.931635757384115, -12.133252588236218 ], [ -76.931797559809326, -12.133566677359997 ], [ -76.931793386955107, -12.133639006234974 ], [ -76.931773859975507, -12.133977463389025 ], [ -76.931769006334477, -12.134061604859069 ], [ -76.931736226045857, -12.134077995003262 ], [ -76.931677815079055, -12.134107199587429 ], [ -76.931649104222672, -12.134121556364537 ], [ -76.931518504675054, -12.134186856138372 ], [ -76.931416846210297, -12.134237684920985 ], [ -76.93140028429552, -12.134154872649205 ], [ -76.931379577405366, -12.134051339097851 ], [ -76.931364497573313, -12.133975944434187 ], [ -76.931296457565381, -12.133934686236699 ], [ -76.930740156732597, -12.133597355033743 ], [ -76.930022481552143, -12.133162168599126 ], [ -76.929803572176908, -12.132562543826253 ], [ -76.930669694850323, -12.132867115424945 ], [ -76.930729230869176, -12.132806339241125 ], [ -76.930768385552412, -12.132766367973241 ], [ -76.930863139921755, -12.13266964139078 ], [ -76.93089812444866, -12.13263392841303 ], [ -76.931020032947956, -12.132480944739747 ], [ -76.931140828985846, -12.132329356814166 ], [ -76.931171971608975, -12.1323059834343 ], [ -76.931263065737753, -12.132237614274382 ], [ -76.931366905957731, -12.132159679925085 ], [ -76.931390123755122, -12.132142254661101 ], [ -76.931419733034147, -12.132120032413505 ], [ -76.931810976795006, -12.131826393872903 ], [ -76.932531474947424, -12.131905751848729 ], [ -76.932664991895692, -12.131758263932666 ], [ -76.93284767927689, -12.131648971122981 ], [ -76.933542455919422, -12.131730184400425 ], [ -76.933731320743647, -12.131569811897155 ], [ -76.933279480663344, -12.131141555638159 ], [ -76.932811486061084, -12.131284749291552 ], [ -76.932373664612768, -12.130641342823692 ], [ -76.931776223393783, -12.130247857952195 ], [ -76.931562745024493, -12.130173064934903 ], [ -76.931561253948516, -12.13009132465484 ], [ -76.931556446172905, -12.129827719873205 ], [ -76.932039334447595, -12.12933315570039 ], [ -76.931607013252844, -12.128883036922479 ], [ -76.931560449954574, -12.128834557169041 ], [ -76.931006883060988, -12.128258200555402 ], [ -76.930681863576964, -12.12795843943039 ], [ -76.930509200039452, -12.127637989401562 ], [ -76.929892444080778, -12.127732215868919 ], [ -76.929872550177933, -12.127741865594468 ], [ -76.929127209153179, -12.128103411942709 ], [ -76.929137950655715, -12.128138909982665 ], [ -76.929142342944644, -12.128153424141074 ], [ -76.929272276094579, -12.128582802754103 ], [ -76.928769614425946, -12.12881182590494 ], [ -76.928656913185861, -12.128682856828204 ], [ -76.927974584059584, -12.128795711852529 ], [ -76.92768468400088, -12.128843660106702 ], [ -76.926850919833953, -12.129106352076327 ], [ -76.926670455576982, -12.128568683397861 ], [ -76.92663071183766, -12.128450270563388 ], [ -76.92661299339477, -12.128397481258716 ], [ -76.926582256365862, -12.128305904193923 ], [ -76.926547902263792, -12.128051378068596 ], [ -76.926474278365163, -12.128019817260597 ], [ -76.926326742784795, -12.127956572437803 ], [ -76.925893065412481, -12.127796513798021 ], [ -76.925611628873398, -12.127802427739807 ], [ -76.925403966419708, -12.127806792149542 ], [ -76.92441218777212, -12.127827632139347 ], [ -76.924401877944206, -12.127868738351401 ], [ -76.924350030229562, -12.128117185959212 ], [ -76.924263969606386, -12.128529570982751 ], [ -76.924138414356207, -12.128617852032091 ], [ -76.923898485126799, -12.128786553156692 ], [ -76.922959191813106, -12.128317176296463 ], [ -76.922876268924483, -12.128489596117827 ], [ -76.922665325744035, -12.128418737634592 ], [ -76.922531483241187, -12.128373778726866 ], [ -76.92174824208756, -12.12790534975197 ], [ -76.921498299806558, -12.127703899814971 ], [ -76.921474504644436, -12.127518302227806 ], [ -76.922500052835005, -12.127492128358869 ], [ -76.922645199815918, -12.1272660792661 ], [ -76.922283846821983, -12.127116195555834 ], [ -76.922143218034876, -12.127024476398432 ], [ -76.921831424880224, -12.126821119898619 ], [ -76.921653018271968, -12.126649914162071 ], [ -76.921208733396156, -12.126390998445659 ], [ -76.921390191404043, -12.126212421865633 ], [ -76.921469757123418, -12.126237414924656 ], [ -76.921543291989167, -12.126260514011367 ], [ -76.921681400875798, -12.126303897306832 ], [ -76.921819863195992, -12.126347390319761 ], [ -76.922193628632897, -12.126442689678276 ], [ -76.922197879728273, -12.126443774260656 ], [ -76.922087970882956, -12.126325560176362 ], [ -76.921706110648401, -12.125914841596602 ], [ -76.920911136939253, -12.12522743309942 ], [ -76.920440313069847, -12.124810989435543 ], [ -76.920091788005507, -12.124395998176489 ], [ -76.920085704091832, -12.124384905039264 ], [ -76.919924286576475, -12.124299128601749 ], [ -76.918686966929855, -12.124455222130598 ], [ -76.918652702759886, -12.124283901280911 ], [ -76.919379865787974, -12.124017400682343 ], [ -76.918675544640507, -12.122201396077443 ], [ -76.918934430679329, -12.122087182177594 ], [ -76.919810071777206, -12.122479317166581 ], [ -76.920065150985707, -12.122981860124678 ], [ -76.919791036726863, -12.123621458863092 ], [ -76.920327842955373, -12.124097351311578 ], [ -76.920605501442594, -12.124313307313093 ], [ -76.921835470030828, -12.125269949448565 ], [ -76.922383696750032, -12.125829599356489 ], [ -76.922613059844707, -12.126098184583253 ], [ -76.922683406613828, -12.126180560684226 ], [ -76.923224123094656, -12.126813743659261 ], [ -76.924213978991801, -12.127146867833551 ], [ -76.925037272352142, -12.127061208307934 ], [ -76.925998574774269, -12.12709927930824 ], [ -76.926875914691479, -12.127361285095093 ], [ -76.927022219099896, -12.127404976858001 ], [ -76.92706730391285, -12.127418440608478 ], [ -76.927242212158248, -12.12748362796701 ], [ -76.928030217920124, -12.127777314171597 ], [ -76.928049670255959, -12.127784563606529 ], [ -76.928844410141252, -12.127470475382019 ], [ -76.929217984921863, -12.127177800914621 ], [ -76.929688771019798, -12.127113539857858 ], [ -76.92969867975016, -12.126983150751512 ], [ -76.929716956672095, -12.126742663043368 ], [ -76.929312866095799, -12.126470056048078 ], [ -76.928970996913762, -12.126318084112226 ], [ -76.927909281587901, -12.125764401206068 ], [ -76.927542844726361, -12.125414620688074 ], [ -76.927175028304745, -12.125117926251141 ], [ -76.926994949856848, -12.125036357741614 ], [ -76.926402939643765, -12.125085850131869 ], [ -76.926267660024337, -12.125119423622415 ], [ -76.926142150639578, -12.125150571641457 ], [ -76.92545496337577, -12.125043972301439 ], [ -76.924853434738111, -12.124541430242731 ], [ -76.924564093158267, -12.124499550613724 ], [ -76.924430843308642, -12.124385336713866 ], [ -76.923720812365445, -12.124364397798544 ], [ -76.92358368823642, -12.12433343414061 ], [ -76.923519711365486, -12.124318988330604 ], [ -76.923413959186746, -12.124295108632314 ], [ -76.923307736662522, -12.124271122814006 ], [ -76.923340097867026, -12.123995105589461 ], [ -76.923780697321092, -12.123983784024261 ], [ -76.923850721233634, -12.123917239588794 ], [ -76.924060999815197, -12.123921091385098 ], [ -76.924265734975506, -12.12391759122378 ], [ -76.924286258403853, -12.123917239588806 ], [ -76.924249254898996, -12.123752793156573 ], [ -76.924398182629943, -12.123670540263031 ], [ -76.924581225243173, -12.123578223955731 ], [ -76.924920060112584, -12.124012237674357 ], [ -76.925007624402269, -12.124200690609298 ], [ -76.925300773711612, -12.124406275629084 ], [ -76.925799508940017, -12.124609196856889 ], [ -76.926232409298166, -12.124701085086807 ], [ -76.926357656980088, -12.124727669945838 ], [ -76.926622633227794, -12.124608888389426 ], [ -76.926766542741518, -12.124588328988047 ], [ -76.926817366128432, -12.124551060183125 ], [ -76.92681793989577, -12.124550639300406 ], [ -76.926448376990891, -12.12430768475164 ], [ -76.92643820116183, -12.124222892172645 ], [ -76.926458759663831, -12.12413723084839 ], [ -76.926559125802768, -12.124188912188485 ], [ -76.92656659916905, -12.124192760387508 ], [ -76.926622025286008, -12.124037951989903 ], [ -76.926792585309443, -12.124047089101714 ], [ -76.927283265310336, -12.124311005948115 ], [ -76.927442399447031, -12.124401119815705 ], [ -76.927345316732826, -12.124455371418176 ], [ -76.927378438763796, -12.124514191576552 ], [ -76.927339606037876, -12.124628406375772 ], [ -76.927502360845025, -12.124657530020924 ], [ -76.927803316269873, -12.124777454615733 ], [ -76.928013724353704, -12.124680216318762 ], [ -76.928261574811742, -12.124431272285189 ], [ -76.928472959559301, -12.124363746689511 ], [ -76.928561264890263, -12.124207868997848 ], [ -76.929041171912374, -12.124495098969575 ], [ -76.929169931446978, -12.124572162775037 ], [ -76.929376523707433, -12.124185557717194 ], [ -76.930268822048262, -12.124631706887699 ], [ -76.929870262302515, -12.125280109988951 ], [ -76.930750661713475, -12.125833334240701 ], [ -76.930527966192514, -12.126251072928621 ], [ -76.930439442326232, -12.126417127348335 ], [ -76.930579847181988, -12.126388424585942 ], [ -76.931454502623097, -12.126209626772704 ], [ -76.931617049686949, -12.126720357158643 ], [ -76.93163786899224, -12.12679577790264 ], [ -76.931979789435488, -12.126922256756684 ], [ -76.932245108324921, -12.127020399771578 ], [ -76.932287603989707, -12.126933774374123 ], [ -76.93242978590591, -12.127000351184943 ], [ -76.932430052105232, -12.127000476190718 ], [ -76.932437246681431, -12.126989528743678 ], [ -76.932478048023299, -12.126927456636761 ], [ -76.932484097762753, -12.12691825207558 ], [ -76.932657940311557, -12.126692651744444 ], [ -76.932732200930204, -12.126596281293281 ], [ -76.932762503586488, -12.126597231876683 ], [ -76.933112577283438, -12.126608220692598 ], [ -76.933123247739601, -12.126541336313414 ], [ -76.933144496021413, -12.12640816380563 ], [ -76.93347048317608, -12.126160700056152 ], [ -76.933562178051986, -12.126300423225784 ], [ -76.933684000216232, -12.126479332555036 ], [ -76.933981643437932, -12.126462688801988 ], [ -76.93411135085816, -12.126455435769662 ], [ -76.934216710932418, -12.126207213891492 ], [ -76.934396978237743, -12.126287377660189 ], [ -76.934465513772437, -12.126313600991788 ], [ -76.9345358767292, -12.126340522197248 ], [ -76.93459164818583, -12.126361861310642 ], [ -76.934910849955628, -12.126483990143905 ], [ -76.935343225109619, -12.127115228784742 ], [ -76.935404348431774, -12.127184106061501 ], [ -76.935778877393119, -12.127606144407906 ], [ -76.935964241156654, -12.127907711371646 ], [ -76.935981624152618, -12.12793599235207 ], [ -76.936044709795425, -12.12803862478259 ], [ -76.935830492183328, -12.128225052444094 ], [ -76.936171177857517, -12.128691964262645 ], [ -76.936191927015699, -12.128679119245675 ], [ -76.936321084050547, -12.128599165019335 ], [ -76.93648180279277, -12.12852693237174 ], [ -76.936515541758723, -12.128511768003564 ], [ -76.936520185857802, -12.128509680676897 ], [ -76.936551325782801, -12.12849568542735 ], [ -76.936624883131657, -12.128462626348986 ], [ -76.936638741684447, -12.128456396745248 ], [ -76.936874308302464, -12.128524211922795 ], [ -76.937063593110139, -12.128688259055854 ], [ -76.937186353267379, -12.128977204934001 ], [ -76.937308204210041, -12.129584322858115 ], [ -76.937309401207727, -12.129599838861434 ], [ -76.937318624654637, -12.129719365955893 ], [ -76.937363287685315, -12.130298100376969 ], [ -76.936984809801032, -12.130460517938422 ], [ -76.9370975910808, -12.13091566842329 ], [ -76.936857970318812, -12.13099953559996 ], [ -76.936952687816103, -12.131339643909284 ], [ -76.937238360162183, -12.131655585636663 ], [ -76.937413487842065, -12.131812439991942 ], [ -76.937378069841799, -12.131858280235317 ], [ -76.937608019294515, -12.132146940129116 ], [ -76.937595890138113, -12.132178759042331 ], [ -76.938079201993418, -12.132166196412795 ], [ -76.938235131845872, -12.132117669894436 ], [ -76.938248052405555, -12.131996016802569 ], [ -76.938345379735239, -12.131893627189038 ], [ -76.93883328892511, -12.13196384715374 ], [ -76.938900556415405, -12.131963738335722 ], [ -76.938928441694117, -12.131774774585919 ], [ -76.938952903253863, -12.13160433776981 ], [ -76.938765577169619, -12.13155277603963 ], [ -76.938780780208589, -12.131294322574867 ], [ -76.938786734619981, -12.131193081395432 ], [ -76.938829675449, -12.131051428280594 ], [ -76.938931396866309, -12.130973382415537 ], [ -76.938981652780924, -12.130920921363312 ], [ -76.938901326235083, -12.130663298872065 ], [ -76.938888000980299, -12.130431063342691 ], [ -76.938910843760155, -12.13039489530806 ], [ -76.939287751428566, -12.130421544918217 ], [ -76.939527600618206, -12.130465326613301 ], [ -76.939537388839383, -12.130615409073734 ], [ -76.939824556757699, -12.130410124427653 ], [ -76.939859300266406, -12.130428861802477 ], [ -76.939902349014076, -12.130471015724638 ], [ -76.939906210703001, -12.130474798273017 ], [ -76.939961448861553, -12.130551519436921 ], [ -76.940013480037933, -12.130623785359354 ], [ -76.940052901819755, -12.130626506707795 ], [ -76.94010832703762, -12.130630333323015 ], [ -76.940137894947739, -12.130632373884881 ], [ -76.940248936938715, -12.130640038806556 ], [ -76.940418474432889, -12.1305121426211 ], [ -76.94057908705517, -12.130437784875804 ], [ -76.940641228409689, -12.130420162660286 ], [ -76.940995880555207, -12.130702778210525 ], [ -76.941097122633906, -12.130618389426933 ], [ -76.941096413968211, -12.130617270670454 ], [ -76.940969428795952, -12.130459644696696 ], [ -76.9409182348884, -12.130396097701549 ], [ -76.940986847764705, -12.130357398974558 ], [ -76.941072571142129, -12.130311062305491 ], [ -76.941092495622016, -12.13030029202471 ], [ -76.94112876168289, -12.130253029053939 ], [ -76.941168812090851, -12.130200835100348 ], [ -76.941206900178159, -12.130151197019847 ], [ -76.941209650304998, -12.130149068324755 ], [ -76.941419127590407, -12.130405823869499 ], [ -76.941426109027432, -12.130414380019522 ], [ -76.941581530762804, -12.130629371947787 ], [ -76.941631249782191, -12.130698146702033 ], [ -76.941707291957769, -12.13080333500576 ], [ -76.941918862864966, -12.131052130651119 ], [ -76.941945567333917, -12.131083534077534 ], [ -76.941948868745058, -12.131086810307957 ], [ -76.941983911727974, -12.131052860900674 ], [ -76.942001288428585, -12.131036028289985 ], [ -76.942166304131504, -12.130891952401589 ], [ -76.942220562029107, -12.130868599705916 ], [ -76.942279089908055, -12.130843410594919 ], [ -76.942554632290253, -12.130743474331751 ], [ -76.94267120421263, -12.130682256580799 ], [ -76.942733255635076, -12.13064967144496 ], [ -76.94275070338206, -12.130640508252638 ], [ -76.942843072749454, -12.130563615318382 ], [ -76.942919736356728, -12.130466692683665 ], [ -76.942989487774426, -12.130562284321828 ], [ -76.943015626569732, -12.130610469997094 ], [ -76.943088843974763, -12.130762019251589 ], [ -76.943097753558234, -12.130780460749616 ], [ -76.943131074339504, -12.130849427958514 ], [ -76.943769557918657, -12.130788112181543 ], [ -76.943788395118148, -12.130922772168077 ], [ -76.944054894817285, -12.131196409786396 ], [ -76.944028354025207, -12.131298454959547 ], [ -76.943975462197798, -12.131430300068223 ], [ -76.943921923757642, -12.131486811666917 ], [ -76.943867035435076, -12.13151120667667 ], [ -76.943814847777006, -12.131534401091676 ], [ -76.943814773133127, -12.131552332673927 ], [ -76.943814657120711, -12.131580289898446 ], [ -76.943829567880087, -12.13163020856704 ], [ -76.943860652946583, -12.1317342763156 ], [ -76.943848774283552, -12.131881388216561 ], [ -76.943829719865633, -12.132117368621465 ], [ -76.943835443151002, -12.132233734599115 ], [ -76.94383842530307, -12.132294383079152 ], [ -76.943847003935971, -12.132468837167009 ], [ -76.943893664361113, -12.13250712580302 ], [ -76.94389377407829, -12.132507216634545 ], [ -76.943911965564681, -12.132522146279968 ], [ -76.944005820611963, -12.132599166917746 ], [ -76.944036257267399, -12.132624142889808 ], [ -76.944039321257506, -12.132626657394136 ], [ -76.94407143065196, -12.132653006630871 ], [ -76.944148939621769, -12.13271661298111 ], [ -76.944217091145632, -12.132806851854561 ], [ -76.944251677273058, -12.132852647131907 ], [ -76.944275910404784, -12.132884734043145 ], [ -76.944271363432406, -12.132953945867811 ], [ -76.944248520652664, -12.132993920732726 ], [ -76.944243776728641, -12.132997310277553 ], [ -76.944061970683222, -12.133127170582361 ], [ -76.944073392073292, -12.133150014261597 ], [ -76.944124794623434, -12.13317586707249 ], [ -76.944220159632451, -12.133223830615155 ], [ -76.944181896177568, -12.133258516567121 ], [ -76.944047494296299, -12.133415304372631 ], [ -76.944034707735298, -12.133434853835391 ], [ -76.943987748735495, -12.133506656606908 ], [ -76.944154507324484, -12.133669104745403 ], [ -76.944156706166979, -12.133667053391754 ], [ -76.944177090200427, -12.133673873850098 ], [ -76.944210402887634, -12.133704806931146 ], [ -76.944221203745442, -12.13370480693116 ], [ -76.944222300019092, -12.133704806931162 ], [ -76.944376210893225, -12.133673231734219 ], [ -76.944474918682502, -12.133789595013672 ], [ -76.944511086717071, -12.133776269758908 ], [ -76.944604886905964, -12.133839343710727 ], [ -76.944630439343101, -12.133859016380294 ], [ -76.944705385245314, -12.133923521153271 ], [ -76.944858172866262, -12.134055023620338 ], [ -76.945084114040483, -12.13426665208422 ], [ -76.945228416557939, -12.134120696612715 ], [ -76.945231479621285, -12.134118019450662 ], [ -76.945247011839854, -12.134104444064786 ], [ -76.945275050003374, -12.134079936639614 ], [ -76.945341394789523, -12.134021949253432 ], [ -76.945387471554511, -12.134101998808077 ], [ -76.945421736623587, -12.1341505397156 ], [ -76.94545839209087, -12.134175332225634 ], [ -76.945621730558344, -12.134284848966542 ], [ -76.945698666660007, -12.134336434079071 ], [ -76.945712689788593, -12.13434583559164 ], [ -76.945735262772018, -12.134360971181735 ], [ -76.945826301142716, -12.134438740955018 ], [ -76.945904395571347, -12.134367940028227 ], [ -76.945930972336271, -12.13434384808998 ], [ -76.946123456931844, -12.134166213100096 ], [ -76.946161771648292, -12.134137618256414 ], [ -76.946223820372779, -12.134091312164148 ], [ -76.94643280572916, -12.133924050854244 ], [ -76.946370762400591, -12.133896593652684 ], [ -76.946264142376094, -12.133866880951677 ], [ -76.946233409843842, -12.13387190636324 ], [ -76.946233246167267, -12.133871933342999 ], [ -76.946209826022368, -12.13387576265611 ], [ -76.946129009346294, -12.133888979093031 ], [ -76.946055842302997, -12.133901416716959 ], [ -76.946003785945834, -12.13385968367734 ], [ -76.945996040084992, -12.133853473858647 ], [ -76.945933031783852, -12.133802960737933 ], [ -76.945875619963715, -12.133756933435428 ], [ -76.945854725115225, -12.133738863357715 ], [ -76.945883175168206, -12.133723466065055 ], [ -76.945968258228334, -12.133677418078303 ], [ -76.946016926839448, -12.133651077834799 ], [ -76.946143432673182, -12.133582610648928 ], [ -76.946111816107248, -12.13351257144789 ], [ -76.946094767659318, -12.133474805317951 ], [ -76.946094734384317, -12.133474727976235 ], [ -76.946060587126226, -12.133399083300997 ], [ -76.946075739803348, -12.133367837255873 ], [ -76.946091393402924, -12.133335558788959 ], [ -76.946331242592521, -12.133498313596101 ], [ -76.946382638847695, -12.133522585398818 ], [ -76.946425469959436, -12.133534005889585 ], [ -76.946485432256736, -12.133536861237115 ], [ -76.946556395061364, -12.133538185039153 ], [ -76.946693681068268, -12.133550265632127 ], [ -76.946828680099387, -12.133582077350944 ], [ -76.946880690591314, -12.133598346986032 ], [ -76.946931842230541, -12.133623120610345 ], [ -76.946975481832865, -12.13365706282312 ], [ -76.946910260300058, -12.133699347146981 ], [ -76.946846510957599, -12.1337630955903 ], [ -76.946855149845135, -12.133783913096954 ], [ -76.946860395590761, -12.133796553967708 ], [ -76.946909294428167, -12.133897151232452 ], [ -76.946949269293157, -12.134018217966146 ], [ -76.946953836949945, -12.134093600039449 ], [ -76.946847583848879, -12.134200688610605 ], [ -76.946820599690852, -12.134224883971156 ], [ -76.946773455430474, -12.134265749164891 ], [ -76.946729804137021, -12.13429535934322 ], [ -76.946690355375324, -12.134315461888969 ], [ -76.946661493432885, -12.134330170300954 ], [ -76.946714005746685, -12.134389921257689 ], [ -76.94672644337038, -12.134402497377307 ], [ -76.946800948604846, -12.134477829987681 ], [ -76.946889260230932, -12.134567121875063 ], [ -76.946897096024031, -12.134574996338907 ], [ -76.946917587076882, -12.134595589015168 ], [ -76.946952634556283, -12.134630810963099 ], [ -76.94715752619868, -12.134885659945025 ], [ -76.947221961723926, -12.134965808425219 ], [ -76.947242522924, -12.134991382446254 ], [ -76.947252955059597, -12.135004356965478 ], [ -76.947261012985123, -12.135014379909558 ], [ -76.947408600726135, -12.135166383321836 ], [ -76.947416786355419, -12.135174812667326 ], [ -76.947483730989362, -12.135243760091369 ], [ -76.94758481118987, -12.135352926995873 ], [ -76.947600403635676, -12.13536976680124 ], [ -76.947626499263436, -12.135397948856143 ], [ -76.947634184869628, -12.135406318846357 ], [ -76.947661518863981, -12.135396943414007 ], [ -76.947754456602723, -12.135365064246326 ], [ -76.94781513296175, -12.13533413116509 ], [ -76.947847255845957, -12.135298439770999 ], [ -76.947896035073711, -12.135185414774964 ], [ -76.947938081976758, -12.135074032840333 ], [ -76.947937254600447, -12.135073292698088 ], [ -76.947915230203535, -12.135053604739799 ], [ -76.947983890743842, -12.134896956329307 ], [ -76.94800988564748, -12.134837648738284 ], [ -76.948039554281763, -12.134769961264592 ], [ -76.948047509684628, -12.134751808449016 ], [ -76.948070288612882, -12.134699838426489 ], [ -76.948167225636894, -12.134529149800342 ], [ -76.948288579254452, -12.13442088401659 ], [ -76.948295988768677, -12.134408533626837 ], [ -76.948342116795146, -12.134331655081702 ], [ -76.948369880665382, -12.134323325560819 ], [ -76.9483897062197, -12.134317378344038 ], [ -76.948434916038266, -12.134310238626515 ], [ -76.94847011190592, -12.134311318712246 ], [ -76.948487297050974, -12.134311845715015 ], [ -76.948606300740096, -12.134344781586291 ], [ -76.948656589030122, -12.134320576333472 ], [ -76.948697216802827, -12.134301018776839 ], [ -76.948710079806233, -12.134304627756165 ], [ -76.948729777656865, -12.134310154989613 ], [ -76.948758939073628, -12.134318337021607 ], [ -76.948856177370601, -12.134186681669952 ], [ -76.948882826980778, -12.134032492005796 ], [ -76.948926689114671, -12.134005947435961 ] ] ] ] } },
{ "type": "Feature", "properties": { "index": 9, "UBIGEO": "150143", "CCDD": "15", "CCPP": "01", "CCDI": "43", "DEPARTAMEN": "LIMA", "PROVINCIA": "LIMA", "DISTRITO": "VILLA MARIA DEL TRIUNFO", "OBJECTID": 1336.0, "ESRI_OID": 1336.0, "Zonas": "Inca Pachacutec", "sububigeo": "15014301", "tipo_influencia": "Directa", "abreviatura": "VMT" }, "geometry": { "type": "MultiPolygon", "coordinates": [ [ [ [ -76.955085760627924, -12.17077172031866 ], [ -76.954864959999838, -12.170799618999974 ], [ -76.954859863999957, -12.170800262999869 ], [ -76.954837802999918, -12.170801586999973 ], [ -76.954771265999909, -12.170722642999911 ], [ -76.954711864999865, -12.170671960999812 ], [ -76.954305767999927, -12.170325475999853 ], [ -76.954291690999924, -12.170332412999869 ], [ -76.95417759899982, -12.170391765999916 ], [ -76.954228830999966, -12.170502207999901 ], [ -76.954062804999921, -12.170592120999961 ], [ -76.953981385999839, -12.170636213999954 ], [ -76.953750574999845, -12.170761212999825 ], [ -76.953750653999919, -12.170774444999953 ], [ -76.953750854999782, -12.170807985999877 ], [ -76.953750903999946, -12.170816199999926 ], [ -76.953751053999952, -12.170841139999881 ], [ -76.953845543999876, -12.171160212999895 ], [ -76.953851277999831, -12.171179576999975 ], [ -76.953668050999852, -12.171266173999879 ], [ -76.953665868999849, -12.171267134999933 ], [ -76.953538898999909, -12.171323053999856 ], [ -76.95349925999983, -12.171340510999807 ], [ -76.95349364599997, -12.171342983999926 ], [ -76.953370732999929, -12.171397114999875 ], [ -76.953334560999963, -12.171342983999915 ], [ -76.95330498699991, -12.171298725999975 ], [ -76.953273385999864, -12.171251433999878 ], [ -76.953257509999915, -12.171236987999857 ], [ -76.953238841999848, -12.171220000999936 ], [ -76.953225528999837, -12.171206270999956 ], [ -76.953164901999855, -12.171143747999851 ], [ -76.953168299999959, -12.171132155999885 ], [ -76.953170543999818, -12.171124498999861 ], [ -76.953174614999909, -12.171110609999966 ], [ -76.95318709799983, -12.17106802399991 ], [ -76.952993514999889, -12.17095025999993 ], [ -76.952992350999978, -12.17094963999989 ], [ -76.952944704999936, -12.170924275999818 ], [ -76.952944123999885, -12.170923966999963 ], [ -76.952936141999942, -12.170923380999913 ], [ -76.952926285999922, -12.170922656999954 ], [ -76.952829911999856, -12.170915578999816 ], [ -76.952772226999969, -12.170911341999906 ], [ -76.952750887999926, -12.170909774999865 ], [ -76.952744259999918, -12.170909287999903 ], [ -76.952719642999966, -12.170907479999917 ], [ -76.952704875999984, -12.170906394999859 ], [ -76.95262909399986, -12.170924097999878 ], [ -76.952611443999899, -12.170928220999878 ], [ -76.952602040999921, -12.1709304179999 ], [ -76.952561590999949, -12.170939865999857 ], [ -76.95246871899991, -12.170965262999911 ], [ -76.952416054999901, -12.170979662999976 ], [ -76.952368605999879, -12.170992638999962 ], [ -76.95234933099988, -12.171035477999967 ], [ -76.95234258299979, -12.171050475999952 ], [ -76.952336535999905, -12.171063914999824 ], [ -76.952293630999975, -12.17107843799988 ], [ -76.952156068999912, -12.171125002999821 ], [ -76.951992304999919, -12.171137309999947 ], [ -76.951930171999834, -12.171141979999897 ], [ -76.951982882999857, -12.171445284999947 ], [ -76.952032827999915, -12.171585054999866 ], [ -76.952116173999798, -12.171814042999817 ], [ -76.952139192999823, -12.171869276999928 ], [ -76.95208912299978, -12.171888270999826 ], [ -76.951686012999971, -12.171623403999948 ], [ -76.951618044999861, -12.171578744999977 ], [ -76.951317281999934, -12.171381125999959 ], [ -76.951229972999897, -12.171323758999844 ], [ -76.951147472999821, -12.171269551999954 ], [ -76.950921998999831, -12.171121402999969 ], [ -76.950356997999904, -12.170750163999967 ], [ -76.949944169999924, -12.170483030999888 ], [ -76.949829028999829, -12.170408524999857 ], [ -76.949809226999946, -12.170395711999966 ], [ -76.949614657667667, -12.170272465994234 ], [ -76.949441289999811, -12.17058498 ], [ -76.949205789999951, -12.171010439999925 ], [ -76.948945089999938, -12.171488169999872 ], [ -76.948928279999905, -12.171518289999938 ], [ -76.948678919999963, -12.17196494999996 ], [ -76.94843069, -12.172411839999889 ], [ -76.94779197999992, -12.173412989999857 ], [ -76.947320279999985, -12.174056899999929 ], [ -76.946760410000024, -12.174821160000018 ], [ -76.946669539999959, -12.174948659999984 ], [ -76.9463758, -12.175381299999909 ], [ -76.946081219999883, -12.175831169999926 ], [ -76.945829639999943, -12.17629366 ], [ -76.945588609999959, -12.176755039999984 ], [ -76.945359919999873, -12.17720383 ], [ -76.945090869999945, -12.177669859999927 ], [ -76.944825900000012, -12.178111240000014 ], [ -76.944560069999852, -12.178570929999866 ], [ -76.944333949999987, -12.178944569999949 ], [ -76.943775939999909, -12.180095459999965 ], [ -76.943729749999989, -12.18017233 ], [ -76.943695959999971, -12.18023609999989 ], [ -76.943671689999917, -12.180370299999883 ], [ -76.943627929999934, -12.1804341 ], [ -76.943483819999983, -12.180602599999935 ], [ -76.943390429999909, -12.18073822999985 ], [ -76.94335354999987, -12.180807829999928 ], [ -76.943244089999951, -12.180971419999878 ], [ -76.943148319999878, -12.181142739999919 ], [ -76.94302459, -12.181337259999971 ], [ -76.942907389999903, -12.181534949999959 ], [ -76.94287659999992, -12.18159233 ], [ -76.942744359999949, -12.181793449999875 ], [ -76.942377549999946, -12.182428969999876 ], [ -76.942361951179294, -12.182495405728952 ], [ -76.945257235999918, -12.184263604999961 ], [ -76.945793735999985, -12.184645354999923 ], [ -76.947044735999953, -12.185722729999895 ], [ -76.947779860999901, -12.186173729999897 ], [ -76.947876860999941, -12.186233229999974 ], [ -76.94793286099997, -12.186257354999888 ], [ -76.948030860999893, -12.186336479999962 ], [ -76.948508860999937, -12.186546479999938 ], [ -76.948743485999955, -12.186605479999916 ], [ -76.948847235999949, -12.186601104999914 ], [ -76.948982110999907, -12.186512104999846 ], [ -76.949169860999973, -12.186281229999913 ], [ -76.949230110999906, -12.186109104999908 ], [ -76.949327735999987, -12.186035854999936 ], [ -76.949526235999883, -12.185998479999959 ], [ -76.949934735999932, -12.186008604999927 ], [ -76.949999328999979, -12.185996158999954 ], [ -76.950491360999933, -12.185901354999938 ], [ -76.950666866999939, -12.18587259099996 ], [ -76.951144985999974, -12.185794229999932 ], [ -76.951669985999899, -12.185589854999931 ], [ -76.951859485999876, -12.18553897999988 ], [ -76.952002485999969, -12.185289854999946 ], [ -76.95207936099996, -12.185223854999943 ], [ -76.952247985999975, -12.185201854999885 ], [ -76.952335360999882, -12.185193229999976 ], [ -76.952676735999887, -12.184978354999938 ], [ -76.952837985999906, -12.184835354999848 ], [ -76.953138742999954, -12.184337298999928 ], [ -76.953189735999956, -12.184252854999961 ], [ -76.953384485999948, -12.18383697999991 ], [ -76.953534236999985, -12.183289104999968 ], [ -76.953481360999945, -12.182876104999936 ], [ -76.95333448599996, -12.182611479999887 ], [ -76.953179860999967, -12.182267854999957 ], [ -76.953093985999942, -12.181924354999859 ], [ -76.953059611999947, -12.181357479999862 ], [ -76.953082360999986, -12.180991104999906 ], [ -76.95327711099992, -12.180618854999913 ], [ -76.953557736999983, -12.180143604999957 ], [ -76.953758236999931, -12.179908854999903 ], [ -76.9538534859999, -12.179728479999886 ], [ -76.954012111999987, -12.179351604999963 ], [ -76.954147485999897, -12.179193104999921 ], [ -76.954233360999979, -12.178998354999974 ], [ -76.954262110999878, -12.178786604999978 ], [ -76.954254736999985, -12.178429979999914 ], [ -76.954262110999878, -12.178105229999977 ], [ -76.954227735999908, -12.177687354999925 ], [ -76.954142610999952, -12.177163229999898 ], [ -76.954189361999923, -12.176888479999946 ], [ -76.954468235999968, -12.176398979999927 ], [ -76.954763235999977, -12.17599122999985 ], [ -76.954857485999923, -12.175711854999912 ], [ -76.95488611199994, -12.175522979999926 ], [ -76.954844610999942, -12.175229729999893 ], [ -76.954807860999949, -12.17512860499988 ], [ -76.954834360999882, -12.174973354999908 ], [ -76.954799360999914, -12.174855104999889 ], [ -76.954748735999829, -12.174801479999815 ], [ -76.954679736999879, -12.174720729999873 ], [ -76.95458598599987, -12.174389229999974 ], [ -76.954544235999947, -12.174259979999874 ], [ -76.954483485999901, -12.173978854999852 ], [ -76.954491110999925, -12.173782354999961 ], [ -76.954531110999881, -12.173387229999937 ], [ -76.954634235999777, -12.173089479999826 ], [ -76.954724610999904, -12.172915729999827 ], [ -76.954880485999922, -12.172694479999912 ], [ -76.955108860999871, -12.172341604999934 ], [ -76.955223985999964, -12.171967229999945 ], [ -76.955149486999858, -12.171331729999958 ], [ -76.955110647322783, -12.170991451112398 ], [ -76.955085610999731, -12.170772104999745 ], [ -76.955085760627924, -12.17077172031866 ] ] ] ] } },
{ "type": "Feature", "properties": { "index": 10, "UBIGEO": "150143", "CCDD": "15", "CCPP": "01", "CCDI": "43", "DEPARTAMEN": "LIMA", "PROVINCIA": "LIMA", "DISTRITO": "VILLA MARIA DEL TRIUNFO", "OBJECTID": 1336.0, "ESRI_OID": 1336.0, "Zonas": "Nuevo Milenio", "sububigeo": "15014302", "tipo_influencia": "Directa", "abreviatura": "VMT" }, "geometry": { "type": "MultiPolygon", "coordinates": [ [ [ [ -76.918173497878456, -12.226160689189269 ], [ -76.918290235999848, -12.226064354999828 ], [ -76.918951110999899, -12.225519479999953 ], [ -76.919488235999836, -12.224783229999954 ], [ -76.920515860999956, -12.221247854999827 ], [ -76.920713110999884, -12.220569479999835 ], [ -76.92108123599985, -12.219303229999861 ], [ -76.921127985999817, -12.219142229999878 ], [ -76.92116723599986, -12.218973854999888 ], [ -76.921825610999917, -12.216152104999827 ], [ -76.922155360999795, -12.214739604999911 ], [ -76.922201110999765, -12.214542979999925 ], [ -76.923614860999862, -12.212769854999918 ], [ -76.926619110999923, -12.209001979999931 ], [ -76.928537178835086, -12.205855913090376 ], [ -76.928331515087336, -12.205800069417643 ], [ -76.928331473718401, -12.20580006222287 ], [ -76.92811427395452, -12.205762763740443 ], [ -76.928114232585585, -12.2057627574452 ], [ -76.927957770334672, -12.205735889299715 ], [ -76.927957728965907, -12.205735882105222 ], [ -76.927831457855291, -12.205714198551325 ], [ -76.92783141738596, -12.205714192256101 ], [ -76.927803039278729, -12.20570931882998 ], [ -76.927802997909851, -12.205709311635296 ], [ -76.927796798883037, -12.205708246838073 ], [ -76.927796758413365, -12.205708239643457 ], [ -76.927602220665804, -12.205674834326041 ], [ -76.927602180196118, -12.205674827131407 ], [ -76.927488657875131, -12.20565533162806 ], [ -76.927488617405459, -12.205655325332939 ], [ -76.927443441761341, -12.205647566881625 ], [ -76.927443401291669, -12.205647559686955 ], [ -76.927357119435442, -12.205632744255579 ], [ -76.927357078066507, -12.205632737061142 ], [ -76.927216254126506, -12.205608554291304 ], [ -76.927216212757912, -12.205608547096624 ], [ -76.927212271029376, -12.205607869907105 ], [ -76.927212229660597, -12.205607862712613 ], [ -76.927150858125458, -12.205597323557464 ], [ -76.927031105301012, -12.205576758760232 ], [ -76.927031063932304, -12.205576751565779 ], [ -76.926995198069847, -12.205570593008298 ], [ -76.926995156701082, -12.205570585813803 ], [ -76.926971865159317, -12.205566585629358 ], [ -76.926971823790382, -12.205566579334118 ], [ -76.926923812583709, -12.205558335248778 ], [ -76.926923772114321, -12.205558328054275 ], [ -76.926861441002643, -12.205548199889387 ], [ -76.926861399633538, -12.20554819269489 ], [ -76.926718455991818, -12.205524965005052 ], [ -76.926702673789237, -12.205522401037795 ], [ -76.926702633319735, -12.205522393843292 ], [ -76.926563047746413, -12.205499712941323 ], [ -76.926563007276911, -12.205499705746666 ], [ -76.926533785605614, -12.205494958225696 ], [ -76.926533745136112, -12.205494950131824 ], [ -76.926246570922217, -12.205440264156781 ], [ -76.926246529553623, -12.205440256062907 ], [ -76.926124315284767, -12.205416984306286 ], [ -76.926124273915832, -12.205416976212396 ], [ -76.926047026648916, -12.205402266001672 ], [ -76.926046986179415, -12.205402257907792 ], [ -76.925948119210318, -12.205383430600703 ], [ -76.925948077841227, -12.205383423406092 ], [ -76.925854169734123, -12.205365540387097 ], [ -76.925854129264636, -12.205365532293392 ], [ -76.925773255931006, -12.205349360684291 ], [ -76.925773214562128, -12.205349352590428 ], [ -76.925591037995787, -12.205312924651702 ], [ -76.925590996627079, -12.205312916557823 ], [ -76.92535858303205, -12.205266443191599 ], [ -76.925358541663115, -12.20526643509789 ], [ -76.925328107705866, -12.205260349385528 ], [ -76.925328067236194, -12.205260341291652 ], [ -76.925292158206517, -12.205253161104345 ], [ -76.925292116837625, -12.205253153010457 ], [ -76.925146870931314, -12.205224110304362 ], [ -76.925146829573805, -12.205224102153178 ], [ -76.925061608006672, -12.205207060956932 ], [ -76.925061566637908, -12.205207052863038 ], [ -76.925023575677301, -12.205199456289796 ], [ -76.925023535207799, -12.205199448195906 ], [ -76.924943377734621, -12.205183419578978 ], [ -76.924940193235102, -12.20518278285909 ], [ -76.92494015199992, -12.205182777999937 ], [ -76.924910939062954, -12.205176934295482 ], [ -76.924910897701466, -12.205176926165455 ], [ -76.924847456858402, -12.205164240167784 ], [ -76.924847415630666, -12.205164232078861 ], [ -76.924792728620446, -12.205153296292897 ], [ -76.924792688201762, -12.205153288209425 ], [ -76.924672899298514, -12.205129335931312 ], [ -76.924672858038207, -12.205129328341281 ], [ -76.9248828138916, -12.204795489773122 ], [ -76.925045441999828, -12.204536903999948 ], [ -76.925057986999889, -12.204516956999727 ], [ -76.925546027999701, -12.203760045999912 ], [ -76.92615840499991, -12.202810298999733 ], [ -76.926165852999986, -12.202799200999884 ], [ -76.92599682999986, -12.202744135999863 ], [ -76.925818011999979, -12.20263470299977 ], [ -76.925417147999951, -12.202389383999909 ], [ -76.925416807999909, -12.20238992099997 ], [ -76.924865875976195, -12.203259506128923 ], [ -76.924811344796808, -12.203345577777506 ], [ -76.924720399964428, -12.203489123012048 ], [ -76.92468021725773, -12.203552547637063 ], [ -76.924632848110662, -12.203627315390012 ], [ -76.924615388809968, -12.203655941858246 ], [ -76.924522023733346, -12.203809037833084 ], [ -76.924435572904258, -12.203950795178857 ], [ -76.924360618931644, -12.20407367780939 ], [ -76.924327913110631, -12.204127298019721 ], [ -76.92417886119938, -12.204371687001919 ], [ -76.924139656273496, -12.204435969615814 ], [ -76.924118631408987, -12.204470442445318 ], [ -76.923672532999831, -12.204388286999912 ], [ -76.923064094999859, -12.204278286999962 ], [ -76.92293923308597, -12.204264323129731 ], [ -76.922913332731753, -12.204313220236532 ], [ -76.922890578031968, -12.204356179994416 ], [ -76.922882013824847, -12.204372347089979 ], [ -76.922842247636254, -12.204447421669899 ], [ -76.922837062068368, -12.204457211686591 ], [ -76.922832775010477, -12.204465306363884 ], [ -76.922827211835568, -12.204482952022488 ], [ -76.922792592342887, -12.204592770034081 ], [ -76.922782602774873, -12.204624454046833 ], [ -76.92276954814929, -12.204665866031243 ], [ -76.92276066387609, -12.204694048050092 ], [ -76.922751675972052, -12.204730886066091 ], [ -76.922750925015066, -12.204733962702115 ], [ -76.922749197417261, -12.204741045762487 ], [ -76.922743957067951, -12.204762525170345 ], [ -76.922731316197201, -12.204814335113326 ], [ -76.922709834091506, -12.204902383238217 ], [ -76.922708345713374, -12.204908483339809 ], [ -76.922705749370778, -12.204919126816209 ], [ -76.92269846666062, -12.204948976214094 ], [ -76.922695090605885, -12.204962813182986 ], [ -76.922689298072498, -12.204986557083888 ], [ -76.922687515616019, -12.204993859578842 ], [ -76.922682149361393, -12.205015858794802 ], [ -76.922665687271376, -12.205083334028469 ], [ -76.922649479689596, -12.20514976155215 ], [ -76.922639010681621, -12.205192669106285 ], [ -76.922631202767661, -12.205224673279988 ], [ -76.922625325698164, -12.205348310276177 ], [ -76.922624653904336, -12.205362447618761 ], [ -76.922623052211804, -12.205396148813119 ], [ -76.922619927067899, -12.205461879362126 ], [ -76.922595670553505, -12.2054531631328 ], [ -76.922594871955539, -12.205452876249117 ], [ -76.922548994839985, -12.205436390776757 ], [ -76.922535103911855, -12.205431398640087 ], [ -76.922432436407746, -12.205394506651082 ], [ -76.922411537062672, -12.205386997311953 ], [ -76.922402896376525, -12.205389072047916 ], [ -76.92237306136758, -12.205396236946624 ], [ -76.92230779666744, -12.205411910331355 ], [ -76.922231479299285, -12.205430236715872 ], [ -76.92213356291353, -12.205456978056988 ], [ -76.921940318390853, -12.205509752073334 ], [ -76.921911675882939, -12.205516315325612 ], [ -76.921539844887775, -12.205601509901603 ], [ -76.921518929354988, -12.205607631586814 ], [ -76.92113809884404, -12.205719102554374 ], [ -76.921126166639226, -12.205722278959858 ], [ -76.920999176970327, -12.205756074583126 ], [ -76.920772672820476, -12.205816354341101 ], [ -76.920750950595675, -12.205824190134196 ], [ -76.920467963625526, -12.205902940168412 ], [ -76.920180381119565, -12.205982968139313 ], [ -76.920105444210776, -12.206003820719621 ], [ -76.919933626935176, -12.206042861188966 ], [ -76.919876878814762, -12.206055754769121 ], [ -76.91977535075165, -12.206078823278965 ], [ -76.919558553884144, -12.206123546564248 ], [ -76.919250822966887, -12.206187005425866 ], [ -76.918991933330915, -12.206240399974368 ], [ -76.918476315129737, -12.206346737611744 ], [ -76.918521860395401, -12.206510363862156 ], [ -76.918554741408187, -12.206628493410163 ], [ -76.918555470758349, -12.206631116732526 ], [ -76.918566296796996, -12.206670010612466 ], [ -76.918677601390016, -12.20664646905913 ], [ -76.918780904714822, -12.206624619130713 ], [ -76.918795232713705, -12.206621589314747 ], [ -76.918818345290276, -12.206685311677692 ], [ -76.918847558867697, -12.206765858557505 ], [ -76.918911458397019, -12.206942034846978 ], [ -76.918930727271231, -12.206995161397519 ], [ -76.918956011710421, -12.207064875043839 ], [ -76.918956339963017, -12.20706577976182 ], [ -76.918962714318013, -12.207063789610858 ], [ -76.919089118711838, -12.207024322876016 ], [ -76.919297700128595, -12.207378570264666 ], [ -76.919495705774864, -12.207664343223199 ], [ -76.919590706396264, -12.207689985737092 ], [ -76.919596118614152, -12.207713852832857 ], [ -76.919622516274387, -12.207830241204245 ], [ -76.919616746315739, -12.207842276899436 ], [ -76.919574884673068, -12.207929591177564 ], [ -76.919560592647088, -12.207975396347361 ], [ -76.919560064745099, -12.207977087072779 ], [ -76.91947482520294, -12.208250267835419 ], [ -76.919159855405212, -12.208749494455107 ], [ -76.919094177254465, -12.208853594217942 ], [ -76.918984113725799, -12.209028043809155 ], [ -76.918914584440358, -12.209138249430508 ], [ -76.918751141651796, -12.209397305441206 ], [ -76.918589594634, -12.209653357716149 ], [ -76.918509560367738, -12.209780213386003 ], [ -76.918391054003905, -12.209968045788623 ], [ -76.918389287073126, -12.209970846338365 ], [ -76.918377582159565, -12.209989398391935 ], [ -76.918091073444145, -12.210443509260406 ], [ -76.917557708021661, -12.211288879178316 ], [ -76.917346408709648, -12.211623784010268 ], [ -76.917206180121013, -12.211846043360019 ], [ -76.917106939033829, -12.212003338383333 ], [ -76.916705720892196, -12.212639252599397 ], [ -76.916613991842155, -12.212805259355205 ], [ -76.916285500974936, -12.213399740905237 ], [ -76.916195464448947, -12.213562683670839 ], [ -76.916085322679464, -12.213762011207786 ], [ -76.916059027402127, -12.213809600632535 ], [ -76.91605346509516, -12.213819665844769 ], [ -76.915894637627275, -12.214107100861899 ], [ -76.915874355217227, -12.214143807590579 ], [ -76.915718011676802, -12.214426745997404 ], [ -76.915669954604596, -12.214513715835206 ], [ -76.915625677855928, -12.214593844089739 ], [ -76.915617054683196, -12.214609449566291 ], [ -76.915593122824191, -12.214624315359689 ], [ -76.915526633247509, -12.214665614926052 ], [ -76.915320070664563, -12.214793921202387 ], [ -76.914838332622821, -12.215093154425404 ], [ -76.914542396314403, -12.215276974952364 ], [ -76.914410000820794, -12.215558095829353 ], [ -76.914393301309701, -12.215593555198382 ], [ -76.914333118678371, -12.215721344364399 ], [ -76.91429592002055, -12.215800329121802 ], [ -76.914167092137518, -12.216073875908531 ], [ -76.914131862095587, -12.216148682415733 ], [ -76.91410024732852, -12.216215811410452 ], [ -76.914077475594866, -12.216273366222762 ], [ -76.914076007901429, -12.216277076825525 ], [ -76.914069112799226, -12.216294504787523 ], [ -76.914058740018675, -12.216320725421101 ], [ -76.914038397353977, -12.216390193552513 ], [ -76.914028070439088, -12.216425462265184 ], [ -76.91402244068297, -12.216444687072629 ], [ -76.914021743708474, -12.216447066678663 ], [ -76.914008662169863, -12.216491742299972 ], [ -76.913997453919194, -12.216530015647672 ], [ -76.91399359043163, -12.216543209601417 ], [ -76.913985277098675, -12.216571597601099 ], [ -76.913981526925852, -12.216584405745602 ], [ -76.913970727866626, -12.216632220000919 ], [ -76.913970511130117, -12.216633179577505 ], [ -76.913970727866626, -12.216633409803929 ], [ -76.913969682854557, -12.216641850840691 ], [ -76.913968677412413, -12.216666128938533 ], [ -76.913968430998196, -12.21667206716206 ], [ -76.91396593088291, -12.21673243595307 ], [ -76.913963160071603, -12.216799335620742 ], [ -76.913990315100932, -12.216786311638945 ], [ -76.914236418176017, -12.216668281016318 ], [ -76.914268837836573, -12.21663213006866 ], [ -76.914313046709594, -12.216582831931992 ], [ -76.914388210247637, -12.216499017815353 ], [ -76.914451046778368, -12.216412091145056 ], [ -76.914500519383409, -12.216343651838038 ], [ -76.914598604841729, -12.216172439806202 ], [ -76.914615698255716, -12.216240172246051 ], [ -76.914623105971486, -12.21626952431899 ], [ -76.914636458205905, -12.216322427837609 ], [ -76.914735369241725, -12.216714353284651 ], [ -76.914777723712859, -12.216856962378861 ], [ -76.914819928896463, -12.217005411670296 ], [ -76.914863673682305, -12.217139074212241 ], [ -76.914908146993298, -12.217274962769185 ], [ -76.914938955967955, -12.217252542670673 ], [ -76.914974499873097, -12.217409215362915 ], [ -76.914986296280517, -12.217461210566345 ], [ -76.914998052218266, -12.217513025905307 ], [ -76.915143539142889, -12.218134991636479 ], [ -76.915150174340965, -12.218159442404215 ], [ -76.915167434129671, -12.218223039761368 ], [ -76.915178686447064, -12.218264503903702 ], [ -76.915188652734059, -12.218301230417348 ], [ -76.915246640120245, -12.218514901241523 ], [ -76.915246853259532, -12.218515683651731 ], [ -76.91529349030219, -12.218687533302958 ], [ -76.915299286432798, -12.21871239056434 ], [ -76.915314455297732, -12.218777443923784 ], [ -76.915355757561997, -12.218954576192626 ], [ -76.915314455297732, -12.218984850970052 ], [ -76.91528737221438, -12.219004702604874 ], [ -76.915246640120245, -12.219034559197384 ], [ -76.915056641250885, -12.219173828209419 ], [ -76.915076328309738, -12.219201971593586 ], [ -76.915026129951798, -12.219296790714226 ], [ -76.915010057268262, -12.219314812228724 ], [ -76.914884566769217, -12.219455512961472 ], [ -76.914682946860353, -12.219627105406465 ], [ -76.914511355314687, -12.219798696052864 ], [ -76.9144160235806, -12.219861527187568 ], [ -76.914305276567177, -12.219934517963447 ], [ -76.914323025587123, -12.219949505165346 ], [ -76.914248105765239, -12.220037708873063 ], [ -76.914215913633427, -12.220075609901407 ], [ -76.91427266625044, -12.220126009707423 ], [ -76.914819747233423, -12.220611866644159 ], [ -76.914874044701321, -12.220660088292339 ], [ -76.914992130182497, -12.220764958236083 ], [ -76.914881331008473, -12.220903964646142 ], [ -76.91485964205873, -12.220931176332558 ], [ -76.914929995123089, -12.220975562372187 ], [ -76.915214971393709, -12.221155358432892 ], [ -76.915322702080971, -12.221229027297678 ], [ -76.915173135831537, -12.221411723671958 ], [ -76.915171812928691, -12.221413339753726 ], [ -76.915197646853812, -12.221428239721382 ], [ -76.91531766677673, -12.221497464136574 ], [ -76.915364305618141, -12.221524363758306 ], [ -76.915394217968768, -12.221541616352397 ], [ -76.915471074929997, -12.221585943936137 ], [ -76.915783094713959, -12.221765907270765 ], [ -76.915968135620915, -12.221828303133572 ], [ -76.915975496571718, -12.221830785262455 ], [ -76.915995049754429, -12.22191880194077 ], [ -76.916019833076916, -12.222072548220929 ], [ -76.91602012908568, -12.222074388212725 ], [ -76.916028051136152, -12.222123532577651 ], [ -76.916037899752894, -12.222184633276008 ], [ -76.916048400100863, -12.222284381749946 ], [ -76.916051052152511, -12.222333092601396 ], [ -76.916062150775531, -12.222536985993884 ], [ -76.91606951799514, -12.222672322202241 ], [ -76.916104575325164, -12.222700754299009 ], [ -76.916114609067904, -12.222708879807277 ], [ -76.916087583565343, -12.222747314030482 ], [ -76.916021184886532, -12.222841741968463 ], [ -76.916028256999823, -12.222846439999847 ], [ -76.916200107999828, -12.222960604999969 ], [ -76.916227462218274, -12.222975322835289 ], [ -76.916369485042367, -12.223051738098089 ], [ -76.916633440591056, -12.22312967336034 ], [ -76.916672846116569, -12.223141307949906 ], [ -76.916735680917213, -12.223158711649095 ], [ -76.916951102689097, -12.223218380803077 ], [ -76.916962524129985, -12.22322154533367 ], [ -76.917098130116244, -12.223259105748811 ], [ -76.917273978140997, -12.223326222018335 ], [ -76.917274612193353, -12.223393124393345 ], [ -76.91727654775724, -12.223597456655453 ], [ -76.917278546844898, -12.223808336923465 ], [ -76.917280131244127, -12.223898778108321 ], [ -76.917283969656864, -12.224118000445683 ], [ -76.917285214213791, -12.224189048687727 ], [ -76.917286806094012, -12.224279979091644 ], [ -76.917298162804343, -12.224377854137405 ], [ -76.917322351896701, -12.224466074966239 ], [ -76.917322432808021, -12.224466369934932 ], [ -76.917354328107137, -12.224562053306901 ], [ -76.917378113363611, -12.22463340818234 ], [ -76.917507239911345, -12.22480696111473 ], [ -76.917663433999849, -12.22488505799987 ], [ -76.917663760999801, -12.224885156999964 ], [ -76.917562063999981, -12.224972948999946 ], [ -76.917718670999875, -12.225278481999906 ], [ -76.917990464999832, -12.225808738999888 ], [ -76.918032614999845, -12.225890972999869 ], [ -76.91805568999996, -12.225935990999851 ], [ -76.918086273999847, -12.225995658999926 ], [ -76.918105955999863, -12.226034056999875 ], [ -76.918173497878456, -12.226160689189269 ] ] ] ] } },
{ "type": "Feature", "properties": { "index": 11, "UBIGEO": "150143", "CCDD": "15", "CCPP": "01", "CCDI": "43", "DEPARTAMEN": "LIMA", "PROVINCIA": "LIMA", "DISTRITO": "VILLA MARIA DEL TRIUNFO", "OBJECTID": 1336.0, "ESRI_OID": 1336.0, "Zonas": "Jose Carlos Mariategui", "sububigeo": "15014303", "tipo_influencia": "Directa", "abreviatura": "VMT" }, "geometry": { "type": "MultiPolygon", "coordinates": [ [ [ [ -76.918652702759886, -12.124283901280911 ], [ -76.918686966929855, -12.124455222130598 ], [ -76.919924286576475, -12.124299128601749 ], [ -76.920085704091832, -12.124384905039264 ], [ -76.920091788005507, -12.124395998176542 ], [ -76.920440313069847, -12.124810989435543 ], [ -76.920911136939253, -12.12522743309942 ], [ -76.921706110648401, -12.125914841596602 ], [ -76.922087970882956, -12.126325560176362 ], [ -76.922197879728273, -12.126443774260656 ], [ -76.922193628632897, -12.126442689678276 ], [ -76.921819863195992, -12.126347390319761 ], [ -76.921681400875798, -12.126303897306832 ], [ -76.921543291989167, -12.126260514011367 ], [ -76.921469757123418, -12.126237414924656 ], [ -76.921390191404043, -12.126212421865633 ], [ -76.921208733396156, -12.126390998445659 ], [ -76.921653018271968, -12.126649914162071 ], [ -76.921831424880224, -12.126821119898619 ], [ -76.922143218034876, -12.127024476398432 ], [ -76.922283846821983, -12.127116195555834 ], [ -76.922645199815918, -12.1272660792661 ], [ -76.922500052835005, -12.127492128358869 ], [ -76.921474504644436, -12.127518302227806 ], [ -76.921498299806558, -12.127703899814971 ], [ -76.92174824208756, -12.12790534975197 ], [ -76.922531483241187, -12.128373778726866 ], [ -76.922665325744035, -12.128418737634592 ], [ -76.922876268924483, -12.128489596117827 ], [ -76.922959191813106, -12.128317176296463 ], [ -76.923898485126799, -12.128786553156692 ], [ -76.924138414356207, -12.128617852032091 ], [ -76.924263969606386, -12.128529570982751 ], [ -76.924350030229562, -12.128117185959212 ], [ -76.924401877944206, -12.127868738351401 ], [ -76.92441218777212, -12.127827632139347 ], [ -76.925403966419708, -12.127806792149542 ], [ -76.925611628873398, -12.127802427739807 ], [ -76.925893065412481, -12.127796513798021 ], [ -76.926326742784795, -12.127956572437803 ], [ -76.926474278365163, -12.128019817260597 ], [ -76.926547902263792, -12.128051378068596 ], [ -76.926582256365862, -12.128305904193923 ], [ -76.92661299339477, -12.128397481258716 ], [ -76.92663071183766, -12.128450270563388 ], [ -76.926670455576982, -12.128568683397861 ], [ -76.926850919833953, -12.129106352076327 ], [ -76.92768468400088, -12.128843660106702 ], [ -76.927974584059584, -12.128795711852529 ], [ -76.928656913185861, -12.128682856828204 ], [ -76.928769614425946, -12.12881182590494 ], [ -76.929272276094579, -12.128582802754103 ], [ -76.929142342944644, -12.128153424141074 ], [ -76.929137950655715, -12.128138909982665 ], [ -76.929127209153179, -12.128103411942709 ], [ -76.929872550177933, -12.127741865594468 ], [ -76.929892444080778, -12.127732215868919 ], [ -76.930509200039452, -12.127637989401562 ], [ -76.930681863576964, -12.12795843943039 ], [ -76.931006883060988, -12.128258200555402 ], [ -76.931560449954574, -12.128834557169041 ], [ -76.931607013252844, -12.128883036922479 ], [ -76.932039334447595, -12.12933315570039 ], [ -76.931556446172905, -12.129827719873205 ], [ -76.931561253948516, -12.13009132465484 ], [ -76.931562745024493, -12.130173064934903 ], [ -76.931776223393783, -12.130247857952195 ], [ -76.932373664612825, -12.130641342823692 ], [ -76.932811486061084, -12.131284749291552 ], [ -76.933279480663344, -12.131141555638159 ], [ -76.933731320743647, -12.131569811897155 ], [ -76.933542455919422, -12.131730184400425 ], [ -76.93284767927689, -12.131648971122981 ], [ -76.932664991895692, -12.131758263932666 ], [ -76.932531474947424, -12.131905751848796 ], [ -76.931810976795006, -12.131826393872903 ], [ -76.931419733034147, -12.132120032413505 ], [ -76.931390123755122, -12.132142254661151 ], [ -76.931366905957731, -12.132159679925085 ], [ -76.931263065737753, -12.132237614274382 ], [ -76.931171971608975, -12.1323059834343 ], [ -76.931140828985846, -12.132329356814166 ], [ -76.931020032947956, -12.132480944739747 ], [ -76.93089812444866, -12.13263392841303 ], [ -76.930863139921755, -12.13266964139078 ], [ -76.930768385552412, -12.132766367973291 ], [ -76.930729230869176, -12.132806339241125 ], [ -76.930669694850323, -12.132867115424945 ], [ -76.929803572176908, -12.132562543826253 ], [ -76.930022481552143, -12.133162168599126 ], [ -76.930740156732597, -12.133597355033743 ], [ -76.931296457565381, -12.133934686236699 ], [ -76.931364497573313, -12.133975944434187 ], [ -76.931379577405366, -12.134051339097851 ], [ -76.93140028429552, -12.134154872649205 ], [ -76.931416846210297, -12.134237684921034 ], [ -76.931518504675054, -12.134186856138372 ], [ -76.931649104222672, -12.134121556364537 ], [ -76.931677815079055, -12.134107199587429 ], [ -76.931736226045857, -12.134077995003262 ], [ -76.931769006334477, -12.134061604859069 ], [ -76.931773859975507, -12.133977463389025 ], [ -76.931793386955107, -12.133639006234974 ], [ -76.931797559809326, -12.133566677360063 ], [ -76.931635757384115, -12.133252588236218 ], [ -76.931851252033525, -12.13308226023795 ], [ -76.931990004834674, -12.132972588813836 ], [ -76.932748805113121, -12.132372830941309 ], [ -76.933285373920839, -12.132526463924973 ], [ -76.933829641824246, -12.132682301147124 ], [ -76.933850772295244, -12.132687440772516 ], [ -76.934316791986163, -12.132808010181327 ], [ -76.935125808609001, -12.132827045231851 ], [ -76.935323304227012, -12.133255348255643 ], [ -76.935451888393885, -12.133525427256517 ], [ -76.935500091156285, -12.133626672932419 ], [ -76.93551518717598, -12.133660283295438 ], [ -76.935624117558945, -12.13390280886742 ], [ -76.935526708390711, -12.133959211648094 ], [ -76.935410578035516, -12.134026453957603 ], [ -76.935181428979519, -12.134159138133482 ], [ -76.934430542735214, -12.134171152176778 ], [ -76.934394773100081, -12.134957937558609 ], [ -76.9343711479099, -12.135477585621951 ], [ -76.934768928842828, -12.135407935827558 ], [ -76.934774671014196, -12.135406931284797 ], [ -76.934852281607306, -12.135393340729975 ], [ -76.935357729375511, -12.135311717361756 ], [ -76.935786764447499, -12.135978949568738 ], [ -76.936055025918591, -12.135932368283964 ], [ -76.936130341441896, -12.135919290342921 ], [ -76.936227736220914, -12.135903556703596 ], [ -76.936350220286357, -12.135883770719238 ], [ -76.9363146808777, -12.135816611147421 ], [ -76.936132962965615, -12.135473205024292 ], [ -76.935866714177365, -12.134970057721809 ], [ -76.935925939929945, -12.134919943900099 ], [ -76.935965699857007, -12.13488630116181 ], [ -76.935869233178479, -12.134662057907439 ], [ -76.935784522437558, -12.134465143251566 ], [ -76.935805071946419, -12.134442724951644 ], [ -76.935903488355194, -12.134335362087167 ], [ -76.936097756306168, -12.134397716581343 ], [ -76.93622378100244, -12.134438167187605 ], [ -76.936789486945059, -12.134619743906027 ], [ -76.9368469419326, -12.134506333100699 ], [ -76.936850567099981, -12.134508927644825 ], [ -76.937092664594644, -12.134682289056265 ], [ -76.937142172273212, -12.134717740331359 ], [ -76.937183181358506, -12.134728713858951 ], [ -76.937694290359019, -12.134865489950275 ], [ -76.937953091861488, -12.134934746740978 ], [ -76.938047319228275, -12.135088936405147 ], [ -76.937931700587427, -12.135129960778992 ], [ -76.937162158806558, -12.135403023730456 ], [ -76.937171287824441, -12.135440499379444 ], [ -76.937203791121902, -12.135573931791479 ], [ -76.937216411308128, -12.135625741734348 ], [ -76.93764185898462, -12.135831326754312 ], [ -76.937851250834314, -12.135624790251697 ], [ -76.938039201048042, -12.135683696745135 ], [ -76.938103385662458, -12.135678485173777 ], [ -76.938132287175307, -12.135628332681376 ], [ -76.938172288120398, -12.13555892030778 ], [ -76.938174179035599, -12.135555638818829 ], [ -76.938188700747872, -12.135530437879355 ], [ -76.938265188987174, -12.135397707837836 ], [ -76.938353792892968, -12.135388747892407 ], [ -76.938450786574521, -12.135416743787609 ], [ -76.938672399311741, -12.135462737814958 ], [ -76.938899062641411, -12.135509781351146 ], [ -76.938977866635042, -12.135584181364752 ], [ -76.939174337025776, -12.135750418346989 ], [ -76.939526060978736, -12.136048019300548 ], [ -76.939792129902699, -12.136273145688943 ], [ -76.939880169933772, -12.136318356406816 ], [ -76.939915346016406, -12.136343147118374 ], [ -76.939876678765543, -12.136435351909913 ], [ -76.939783744623995, -12.136549019921265 ], [ -76.939758818114811, -12.136608650368869 ], [ -76.938998054616405, -12.136402877390738 ], [ -76.93863600734565, -12.136304949313768 ], [ -76.938366694567293, -12.136201904993685 ], [ -76.938108063935857, -12.136029903357304 ], [ -76.937974200748641, -12.135940877669249 ], [ -76.937870533198378, -12.135882633076987 ], [ -76.937828936855823, -12.13585926329413 ], [ -76.937566652279003, -12.136243706381755 ], [ -76.937486834749365, -12.136360698287518 ], [ -76.937459249844352, -12.136419772054724 ], [ -76.937334351998658, -12.136687250216172 ], [ -76.93725469274969, -12.136857844413939 ], [ -76.937114762736002, -12.136901056838138 ], [ -76.93699580761033, -12.136937793244424 ], [ -76.936726087438871, -12.136709172989846 ], [ -76.936671952748299, -12.136663287780353 ], [ -76.93659605896076, -12.136598958375187 ], [ -76.936835908150641, -12.136519007745942 ], [ -76.936737308279959, -12.136279670270524 ], [ -76.936036409052832, -12.136336266405488 ], [ -76.935800926071721, -12.13613626617556 ], [ -76.935758487963682, -12.136100223146611 ], [ -76.935603003275816, -12.136198501959241 ], [ -76.935416010840157, -12.136316695359115 ], [ -76.935750874303295, -12.136724593664995 ], [ -76.935746898400538, -12.137069839801123 ], [ -76.935743989093652, -12.137322409901143 ], [ -76.935745742236378, -12.137402505450984 ], [ -76.935758255938623, -12.137974216936382 ], [ -76.935849519139794, -12.138275141784312 ], [ -76.935772796177417, -12.138336903625129 ], [ -76.935461993176403, -12.138339429820725 ], [ -76.935227510241276, -12.13844405424957 ], [ -76.934988798693922, -12.13847989583039 ], [ -76.93494275880127, -12.13849383801997 ], [ -76.934833805035936, -12.138526833246575 ], [ -76.934615006277369, -12.138900720991485 ], [ -76.934560310409807, -12.13907679026161 ], [ -76.934515147356052, -12.139201214164615 ], [ -76.934503332962237, -12.13927048444523 ], [ -76.93445218042379, -12.139570411944746 ], [ -76.934405547877617, -12.139843829229136 ], [ -76.934427083942722, -12.139915111293288 ], [ -76.934475000720596, -12.14007370673605 ], [ -76.93444291021197, -12.140077212293404 ], [ -76.934303711347098, -12.140103612791377 ], [ -76.934231229587368, -12.140113743654336 ], [ -76.934158748727128, -12.140123875416439 ], [ -76.934098209064956, -12.14011265277666 ], [ -76.934020230648883, -12.140090334301272 ], [ -76.933934659256963, -12.140059323878544 ], [ -76.933748519378497, -12.140039690779052 ], [ -76.933612392597738, -12.140027888975709 ], [ -76.933270175378127, -12.139998217643537 ], [ -76.932870690230047, -12.139977372257796 ], [ -76.932595086693695, -12.140015026871801 ], [ -76.932408112244431, -12.140062658564757 ], [ -76.932230054573253, -12.140117258204711 ], [ -76.9320391437913, -12.140181721609087 ], [ -76.931850928277569, -12.140209179709672 ], [ -76.931767169019551, -12.140215444387174 ], [ -76.931659602008878, -12.140234510014558 ], [ -76.93157369876694, -12.140274563120533 ], [ -76.931552734670774, -12.140316693660315 ], [ -76.931561361867168, -12.140366072736001 ], [ -76.931626774056255, -12.140426363285972 ], [ -76.931759092208139, -12.140577954808672 ], [ -76.931788241034241, -12.140608500282026 ], [ -76.931863330827852, -12.140687187363698 ], [ -76.93201062628917, -12.14084154160382 ], [ -76.932174901850075, -12.141001948281174 ], [ -76.932480153336186, -12.141303660035785 ], [ -76.932598543687661, -12.141441643916645 ], [ -76.930469566916813, -12.14306017628603 ], [ -76.93012882818276, -12.143254339915732 ], [ -76.930189741962849, -12.143503708429275 ], [ -76.930171895816159, -12.14360364469238 ], [ -76.93014427044163, -12.143682013414132 ], [ -76.930065908015123, -12.143904306038765 ], [ -76.930017019969327, -12.14432039087329 ], [ -76.929718064636845, -12.144281902587553 ], [ -76.929663596297743, -12.144274890573723 ], [ -76.929653273879282, -12.144323465655225 ], [ -76.929620841628363, -12.144476087801056 ], [ -76.929602919938645, -12.144560426222577 ], [ -76.929471628812379, -12.144635023187707 ], [ -76.929417539088021, -12.144649923155361 ], [ -76.929374836579285, -12.144650326051567 ], [ -76.929194724856501, -12.144652024870961 ], [ -76.929109918787603, -12.144652825267528 ], [ -76.929067540934099, -12.144653224566502 ], [ -76.928973213742708, -12.144655673420498 ], [ -76.928878373937764, -12.144681778940734 ], [ -76.928795410579596, -12.144761779032795 ], [ -76.928695451833434, -12.144858168369669 ], [ -76.928578561551248, -12.144970883099671 ], [ -76.928275801187098, -12.145031435352303 ], [ -76.928221643114156, -12.145042266786989 ], [ -76.92788613933368, -12.144956607261561 ], [ -76.927882174222745, -12.144909468397177 ], [ -76.927854015550224, -12.144574702960123 ], [ -76.927839738812736, -12.144531872747596 ], [ -76.927065224680177, -12.144571133550798 ], [ -76.927064102326312, -12.144743995838477 ], [ -76.927064097829657, -12.144744609176113 ], [ -76.927061711928374, -12.145111826649309 ], [ -76.926989878579889, -12.145114171181866 ], [ -76.926333231393301, -12.144825034647422 ], [ -76.926351790702483, -12.144769355820909 ], [ -76.926479591559769, -12.144464546801343 ], [ -76.926500661776004, -12.144415203698584 ], [ -76.926004568755729, -12.144119431966075 ], [ -76.925521538388125, -12.14403852985421 ], [ -76.925382940270254, -12.143561488971423 ], [ -76.925363341345019, -12.143540088703991 ], [ -76.925395549664756, -12.143261531794208 ], [ -76.925361152395112, -12.14305391520598 ], [ -76.925315784295776, -12.142780083333982 ], [ -76.925476798914929, -12.14271957424886 ], [ -76.925493522707768, -12.142607334360802 ], [ -76.925492000155543, -12.142343879766006 ], [ -76.925409766147595, -12.142043876723367 ], [ -76.925353591794718, -12.141960343195112 ], [ -76.925295328316565, -12.141873701609914 ], [ -76.925115855112438, -12.14160681790012 ], [ -76.925082298709015, -12.141573890122721 ], [ -76.924709252729656, -12.141207830077162 ], [ -76.924514392125388, -12.140993302199012 ], [ -76.92439161578028, -12.14085813409546 ], [ -76.924291899851085, -12.140748353853249 ], [ -76.924195890927535, -12.140645900387808 ], [ -76.923914939122938, -12.140346088001404 ], [ -76.92391434916766, -12.140345459375439 ], [ -76.923954705345182, -12.14010865529006 ], [ -76.923676550432219, -12.140057725783294 ], [ -76.92365165719815, -12.140209164421298 ], [ -76.92326632198295, -12.140260335845639 ], [ -76.923243274157699, -12.140346088001397 ], [ -76.923214649636293, -12.140452589315409 ], [ -76.92319930180615, -12.140534359273138 ], [ -76.922919976875335, -12.140634190315579 ], [ -76.92292550770587, -12.140645900387804 ], [ -76.923046755203373, -12.14090259298022 ], [ -76.923079420378713, -12.140993302199009 ], [ -76.923157057052435, -12.141208891277175 ], [ -76.923204374881891, -12.141199326087911 ], [ -76.923264303904432, -12.141180103978499 ], [ -76.923291850138639, -12.14135263261764 ], [ -76.923314016628339, -12.141471847647537 ], [ -76.923446071278931, -12.141442218583311 ], [ -76.923464875203649, -12.141436776785769 ], [ -76.923563427410045, -12.141412145254192 ], [ -76.923613257046043, -12.14166325935188 ], [ -76.923330005675041, -12.141631278560538 ], [ -76.923171248354322, -12.141563893259015 ], [ -76.923049038582164, -12.141453104876728 ], [ -76.923010587168733, -12.14143026209681 ], [ -76.922860966959888, -12.141682674815439 ], [ -76.923124926973557, -12.141857808790663 ], [ -76.92357764479226, -12.142217680601432 ], [ -76.923688129203583, -12.14239537404714 ], [ -76.923512238898581, -12.142367962711068 ], [ -76.923470992392197, -12.142880793913417 ], [ -76.923604753056793, -12.142937890970671 ], [ -76.923563999378928, -12.14368963876567 ], [ -76.923591828000397, -12.143697295593633 ], [ -76.923592995320405, -12.143697541108539 ], [ -76.923706691210612, -12.143731914096449 ], [ -76.923682821405009, -12.143803598157467 ], [ -76.923672362289494, -12.143835007879135 ], [ -76.923649067150507, -12.143904963443134 ], [ -76.923586378108723, -12.144093222124395 ], [ -76.923579884104186, -12.144185429613774 ], [ -76.923565074068676, -12.144395729778953 ], [ -76.923378524099519, -12.144478534856356 ], [ -76.923132006436788, -12.144682106294088 ], [ -76.923104033923948, -12.144702577561798 ], [ -76.923105362222486, -12.144704108207906 ], [ -76.9233170968065, -12.144942138069124 ], [ -76.923522682725547, -12.145143155432134 ], [ -76.923545377117264, -12.14525674070584 ], [ -76.923551363004833, -12.145286700720396 ], [ -76.923491505028821, -12.145615205976837 ], [ -76.923524262834292, -12.145602837600775 ], [ -76.923575088019788, -12.145583422137049 ], [ -76.923639047803647, -12.145886660041166 ], [ -76.923639648550804, -12.145889509093511 ], [ -76.923761256676528, -12.145862675122302 ], [ -76.923928009869655, -12.145790149295893 ], [ -76.9239822605727, -12.145911216029589 ], [ -76.924236959367988, -12.145845543037222 ], [ -76.924394573650432, -12.146009439983546 ], [ -76.924388110222935, -12.146015765814791 ], [ -76.924393186895884, -12.146020559201347 ], [ -76.92449596231863, -12.146117575365714 ], [ -76.924458841901867, -12.146192765883347 ], [ -76.924477384123747, -12.146202575688093 ], [ -76.924581542703891, -12.146257686143185 ], [ -76.924608401856062, -12.146265460782192 ], [ -76.924664889173187, -12.146281812255763 ], [ -76.92471717215966, -12.146296946946489 ], [ -76.924828159292019, -12.146281812255754 ], [ -76.924848043302461, -12.146279100799784 ], [ -76.924854296288515, -12.146281812255754 ], [ -76.924896199300065, -12.146299984856324 ], [ -76.925182222381466, -12.146424022050869 ], [ -76.92544885697896, -12.146539652382815 ], [ -76.92549287699461, -12.146470648301579 ], [ -76.92562493704105, -12.146536082973665 ], [ -76.92559043455077, -12.146626501711555 ], [ -76.925956872311701, -12.146772839394867 ], [ -76.926147228211903, -12.146907279047618 ], [ -76.926238837652022, -12.14680258267286 ], [ -76.926300703814277, -12.14689776062299 ], [ -76.926217422995478, -12.146973904422092 ], [ -76.926270036033145, -12.1470274383655 ], [ -76.926317655135506, -12.147075891139288 ], [ -76.926815381324545, -12.147582331759033 ], [ -76.926752562780337, -12.147647053268697 ], [ -76.926835500058075, -12.14775313459937 ], [ -76.926892830939209, -12.147826466218339 ], [ -76.927002882776605, -12.147967229903687 ], [ -76.927452124715558, -12.148235632568202 ], [ -76.927809996434121, -12.147990071784347 ], [ -76.92802675642956, -12.148138387976113 ], [ -76.92814311970902, -12.148218008554153 ], [ -76.928092439314398, -12.148323479245088 ], [ -76.928011059662595, -12.148492836874865 ], [ -76.927696971437911, -12.148724834083772 ], [ -76.927664848553832, -12.148578497299672 ], [ -76.92761522486262, -12.148577600675575 ], [ -76.926083697404522, -12.148549943824689 ], [ -76.926045624605763, -12.148654640199288 ], [ -76.92604205609581, -12.149047250929792 ], [ -76.9263026067797, -12.149086511733033 ], [ -76.926448943563798, -12.14936847797274 ], [ -76.92669164900019, -12.149322079250428 ], [ -76.927580377931861, -12.149250694663662 ], [ -76.927734493851631, -12.149281518027438 ], [ -76.927812472267703, -12.149297114070382 ], [ -76.927919451121568, -12.149318509841216 ], [ -76.927996478054908, -12.149321839131495 ], [ -76.928079758873537, -12.14933849457581 ], [ -76.928270115673115, -12.149490781274299 ], [ -76.928396751009004, -12.149572694224368 ], [ -76.928487765997417, -12.14956793501214 ], [ -76.928507166172594, -12.149561993191332 ], [ -76.928744152820215, -12.149489413405577 ], [ -76.928863919134344, -12.149448299998856 ], [ -76.929011127361534, -12.149398437088085 ], [ -76.929052254257996, -12.149384505690287 ], [ -76.929130633771635, -12.149357955904904 ], [ -76.929215665570311, -12.149352579757632 ], [ -76.929322439378936, -12.14935196282276 ], [ -76.929377641564699, -12.149351643563444 ], [ -76.929388750889913, -12.149353749775653 ], [ -76.929523677075935, -12.149379322897317 ], [ -76.929573261196921, -12.149388492384885 ], [ -76.929706675622398, -12.149413161687935 ], [ -76.929723905733496, -12.14941634798593 ], [ -76.929809306254398, -12.149432140081025 ], [ -76.929888525734711, -12.149465474352025 ], [ -76.929973840820011, -12.149491007903562 ], [ -76.93026681386219, -12.149442040717499 ], [ -76.930310583866159, -12.14943472473264 ], [ -76.930363591706154, -12.149425866410569 ], [ -76.93039598798434, -12.149420450693226 ], [ -76.930586387951323, -12.149388628182562 ], [ -76.93062187699779, -12.149382697153591 ], [ -76.930679660237942, -12.149373039334222 ], [ -76.930676959573802, -12.149339917303259 ], [ -76.930662197202466, -12.149158810030864 ], [ -76.930659015401076, -12.149152929364076 ], [ -76.931017872776451, -12.149116751436825 ], [ -76.931153380823829, -12.149086982078387 ], [ -76.931479896779692, -12.149011902177421 ], [ -76.931481682833223, -12.149040789300885 ], [ -76.931486335026236, -12.149082596084872 ], [ -76.931508127397976, -12.149278448641367 ], [ -76.931510152671237, -12.14929665631556 ], [ -76.931514239190548, -12.149333381929836 ], [ -76.931526650734256, -12.14944493113863 ], [ -76.931676144138564, -12.149435033200097 ], [ -76.931717526442569, -12.149431651749161 ], [ -76.931776737806032, -12.149426815195321 ], [ -76.93181585112039, -12.149423619004638 ], [ -76.931836827807373, -12.149422447188126 ], [ -76.931854160440963, -12.14942147771891 ], [ -76.931965043252021, -12.149410770390629 ], [ -76.931972120017221, -12.149411202065236 ], [ -76.931985340950561, -12.1494120096564 ], [ -76.93200204315967, -12.149413030386917 ], [ -76.932113878352681, -12.14944277366491 ], [ -76.932257177226788, -12.149503413151857 ], [ -76.932280700793612, -12.149510696761105 ], [ -76.932293192376775, -12.149514564745264 ], [ -76.932419041705245, -12.149553534168069 ], [ -76.932515519175624, -12.149559806939434 ], [ -76.932642716587949, -12.149587572608237 ], [ -76.932712083995327, -12.149599174761917 ], [ -76.93275372080744, -12.149606139111865 ], [ -76.932761385729336, -12.149607420645822 ], [ -76.932871564370984, -12.149611976611295 ], [ -76.932874763259505, -12.149612108811684 ], [ -76.933010781222364, -12.149617734070983 ], [ -76.933014561073023, -12.149617889653806 ], [ -76.93325953999566, -12.149606584276381 ], [ -76.933360024845115, -12.149589706699517 ], [ -76.933419284772, -12.149566682256456 ], [ -76.933494954628358, -12.149537281620127 ], [ -76.933559820928778, -12.149512079019214 ], [ -76.933599113208345, -12.149496813027303 ], [ -76.933714428777691, -12.149448603070404 ], [ -76.933744862734997, -12.149438930861921 ], [ -76.933787946556322, -12.149425237784424 ], [ -76.933789620194702, -12.149424896941342 ], [ -76.93382528101175, -12.149417632217856 ], [ -76.933875877769296, -12.149407324188557 ], [ -76.933952636704689, -12.149391685877484 ], [ -76.933985008700958, -12.149385091148844 ], [ -76.934072705191099, -12.149367225217226 ], [ -76.93418658993906, -12.149344022708391 ], [ -76.934210440858948, -12.149354094215974 ], [ -76.934229981328457, -12.149362343697057 ], [ -76.934259160731571, -12.149374665308391 ], [ -76.934270473303485, -12.149405519249264 ], [ -76.934280596072639, -12.149433128436018 ], [ -76.934300193199107, -12.149486576943763 ], [ -76.934307292447471, -12.149505938448252 ], [ -76.934314838658707, -12.149526522131266 ], [ -76.934345453379848, -12.149610020585994 ], [ -76.93436644265708, -12.149609234578376 ], [ -76.934394544672301, -12.149608183270841 ], [ -76.934521822124253, -12.149603415964732 ], [ -76.934543109976431, -12.149610267899488 ], [ -76.934673804851997, -12.149652333688191 ], [ -76.934825809163527, -12.149669263425706 ], [ -76.934968366097195, -12.149685139157645 ], [ -76.935001980057137, -12.149688883035452 ], [ -76.935117083386587, -12.149683314433377 ], [ -76.935262937234512, -12.149625771312154 ], [ -76.935292511439997, -12.149614102608641 ], [ -76.935346145208342, -12.149592943359533 ], [ -76.935508141887041, -12.149432050148885 ], [ -76.9355259142894, -12.149414400054329 ], [ -76.935592963244432, -12.149325786255968 ], [ -76.935657568741618, -12.149240401922876 ], [ -76.935671252825927, -12.149246650412506 ], [ -76.935674652263373, -12.149248201742955 ], [ -76.935837709242634, -12.149322655715796 ], [ -76.935891243186148, -12.149229652326468 ], [ -76.935938239058345, -12.149148007374587 ], [ -76.935967656781798, -12.149117114762914 ], [ -76.936008480606716, -12.149074245879637 ], [ -76.936058076418973, -12.14903291393777 ], [ -76.936070550015728, -12.149022517774796 ], [ -76.93610413160016, -12.148994530872855 ], [ -76.936118926347177, -12.148982201167522 ], [ -76.936184522897264, -12.148927532279668 ], [ -76.936190113083143, -12.148925150874998 ], [ -76.936293172691563, -12.148881247771305 ], [ -76.936327898213818, -12.148866455722199 ], [ -76.936485731930844, -12.148799219708037 ], [ -76.936685516323365, -12.148722110936459 ], [ -76.936801787872213, -12.148625289925095 ], [ -76.936865495845765, -12.148572239816968 ], [ -76.93690702383995, -12.148544555087065 ], [ -76.936939969603742, -12.148522590944742 ], [ -76.937088213849876, -12.148423761747194 ], [ -76.937212658437346, -12.148322844323596 ], [ -76.937313448157028, -12.148241109439512 ], [ -76.937317783788586, -12.148237593090276 ], [ -76.937363141995405, -12.148225772401394 ], [ -76.937414036428521, -12.148212509199746 ], [ -76.937537646445122, -12.148180296383517 ], [ -76.937582860760159, -12.148146218373297 ], [ -76.937730858592005, -12.148034672761735 ], [ -76.937845427724056, -12.147937513605353 ], [ -76.93788202833295, -12.147906476202859 ], [ -76.93792502312121, -12.147870014089715 ], [ -76.937946641024581, -12.147852526772608 ], [ -76.938058667773049, -12.147761902989355 ], [ -76.938159161615914, -12.147680608773024 ], [ -76.938193531006533, -12.147663805839759 ], [ -76.938287652253138, -12.147617791128067 ], [ -76.938323680893035, -12.147600957617993 ], [ -76.9384037700178, -12.147563538626255 ], [ -76.938487526578086, -12.147517853965697 ], [ -76.938518727657055, -12.147492079395853 ], [ -76.938525018414708, -12.147486882213775 ], [ -76.938529946699447, -12.147482810982789 ], [ -76.938531309172419, -12.147481685931018 ], [ -76.938580437337151, -12.147423671565065 ], [ -76.938585371017808, -12.147417844857591 ], [ -76.938634832831141, -12.147353759168576 ], [ -76.938716717002734, -12.14724766614674 ], [ -76.938773823952587, -12.14713116706967 ], [ -76.938781639061261, -12.14709622930733 ], [ -76.938793240315789, -12.147044365404989 ], [ -76.938778879941111, -12.147028451901329 ], [ -76.938862909895278, -12.14696035523613 ], [ -76.938923370417029, -12.14700595086377 ], [ -76.939000346988308, -12.147042773604966 ], [ -76.938957624694496, -12.147127502332264 ], [ -76.939275362367908, -12.147441828877259 ], [ -76.939589495558693, -12.147393023569098 ], [ -76.93966039271298, -12.147477249575363 ], [ -76.939694791781136, -12.147480690381469 ], [ -76.939828762886833, -12.147494086682549 ], [ -76.939910010338551, -12.147502212057391 ], [ -76.939938790442753, -12.14750508988792 ], [ -76.939985038978222, -12.147492961630668 ], [ -76.940014498070497, -12.147485238252987 ], [ -76.940022020899463, -12.147483265140391 ], [ -76.94004162432141, -12.147478123716304 ], [ -76.94012447706281, -12.147456397894281 ], [ -76.940290360611598, -12.147530619842072 ], [ -76.940473342070916, -12.147612491423143 ], [ -76.940511528184473, -12.147629576743364 ], [ -76.940497962810539, -12.147715504266978 ], [ -76.940496799987116, -12.147722866117224 ], [ -76.94048676715046, -12.147786422105623 ], [ -76.940467804045809, -12.147773015012584 ], [ -76.940466042273968, -12.147771768552136 ], [ -76.940464552996517, -12.147773454781126 ], [ -76.940429173667283, -12.147813526772763 ], [ -76.940372039737682, -12.147878238389836 ], [ -76.94034532987294, -12.148009141908219 ], [ -76.940333967838185, -12.148036615297467 ], [ -76.940312649409094, -12.148035853571667 ], [ -76.940271151092603, -12.148020244938179 ], [ -76.94013460882492, -12.148143889129049 ], [ -76.940149560054081, -12.148175807866981 ], [ -76.940056559362546, -12.148239874670343 ], [ -76.940047908783825, -12.148245833578285 ], [ -76.940015678880428, -12.148268036940221 ], [ -76.940013117611173, -12.148269168287394 ], [ -76.939852916878422, -12.148339906261619 ], [ -76.939853809905301, -12.148379066340707 ], [ -76.939855196659863, -12.148439951342572 ], [ -76.939855429584298, -12.148450154151119 ], [ -76.939861269781616, -12.148468307865961 ], [ -76.939793354779368, -12.14848887356252 ], [ -76.939559584107457, -12.148559663697407 ], [ -76.939544500678068, -12.14855510413466 ], [ -76.939526843389018, -12.148549764859663 ], [ -76.939236831814213, -12.148639465938437 ], [ -76.939199429010188, -12.148651034817345 ], [ -76.939192819892554, -12.148653335283109 ], [ -76.938952691913101, -12.148736911978718 ], [ -76.938906278801639, -12.148753065601438 ], [ -76.938688891978671, -12.148832480234685 ], [ -76.938601036308768, -12.148785460980184 ], [ -76.938584226180964, -12.148776465061681 ], [ -76.938493857805071, -12.148870444215421 ], [ -76.938324529852963, -12.149046537767374 ], [ -76.938305635996159, -12.149072375289826 ], [ -76.938157491574856, -12.149274965566949 ], [ -76.93811589433281, -12.149328600234494 ], [ -76.937910723900615, -12.149593137613051 ], [ -76.937995734115731, -12.149707903696685 ], [ -76.938019640793556, -12.149740178566303 ], [ -76.938025200402564, -12.149776675752923 ], [ -76.938030587341558, -12.149812038894401 ], [ -76.938051278943163, -12.149830288836579 ], [ -76.938151210709663, -12.149918424195768 ], [ -76.938158440359729, -12.149927942620407 ], [ -76.938270139755019, -12.150075022244359 ], [ -76.938395593381784, -12.150240209717806 ], [ -76.938423826698028, -12.150344925877544 ], [ -76.938429567070756, -12.150366214629029 ], [ -76.938552066424592, -12.150356137725375 ], [ -76.938571938743763, -12.15034648530205 ], [ -76.938592041289652, -12.150336721362615 ], [ -76.938900639153047, -12.150324525656149 ], [ -76.93901918328865, -12.150319841087692 ], [ -76.939239351714519, -12.150311140146899 ], [ -76.939243347402368, -12.150343522035808 ], [ -76.939252040249272, -12.15041456398083 ], [ -76.939264301606073, -12.150514769141095 ], [ -76.939423238791193, -12.150458673029263 ], [ -76.939503665161936, -12.150455817681665 ], [ -76.9395650546833, -12.150455341940335 ], [ -76.939616385287849, -12.150490339957093 ], [ -76.939659281150711, -12.150519586809281 ], [ -76.939697828791537, -12.15055575484403 ], [ -76.939784586389536, -12.150640685918841 ], [ -76.939665026020037, -12.150796113949438 ], [ -76.939808298813801, -12.150896716610058 ], [ -76.94002051633376, -12.15081080797226 ], [ -76.940065043566634, -12.150822241053481 ], [ -76.940108105804455, -12.150833298218096 ], [ -76.940221889828209, -12.150862513593976 ], [ -76.940345647333658, -12.150894291138496 ], [ -76.940387426238573, -12.150805759178322 ], [ -76.940471350971862, -12.150627919143101 ], [ -76.940490956192505, -12.150586375860399 ], [ -76.94051913824741, -12.150584096978351 ], [ -76.940623151137359, -12.150574828565288 ], [ -76.940792154434362, -12.150556350195222 ], [ -76.940792440418662, -12.150555779125769 ], [ -76.940797044048182, -12.150555218848163 ], [ -76.940968614909437, -12.150534363569845 ], [ -76.941002651551074, -12.15052499713077 ], [ -76.941050404652245, -12.150551849088497 ], [ -76.941082118344937, -12.150569681745342 ], [ -76.94110487299146, -12.150582477299361 ], [ -76.941244784119377, -12.150702499020928 ], [ -76.941299515060408, -12.150726062157883 ], [ -76.941311262904222, -12.150731119045851 ], [ -76.941315692964764, -12.150734319733019 ], [ -76.941529392567261, -12.150888723435665 ], [ -76.941693562907474, -12.151007340416337 ], [ -76.941747327077351, -12.151046185732778 ], [ -76.941858114560219, -12.151132989195991 ], [ -76.941881378222902, -12.151187864028584 ], [ -76.941954626205032, -12.15136141699568 ], [ -76.942120807429291, -12.151471634308255 ], [ -76.942203508185301, -12.151292238445977 ], [ -76.942204895839112, -12.151289730236764 ], [ -76.942221321057005, -12.151278312444077 ], [ -76.942628209424143, -12.15133303978789 ], [ -76.942772166602097, -12.151346126722199 ], [ -76.942884652904198, -12.151354174755253 ], [ -76.942964345428109, -12.151359877356326 ], [ -76.942958495338146, -12.151421344219596 ], [ -76.942951573256337, -12.15149407329282 ], [ -76.942942356104723, -12.151590925780543 ], [ -76.942940187839284, -12.151613705607907 ], [ -76.942937634663977, -12.151623876040938 ], [ -76.943060419102849, -12.151634027588194 ], [ -76.943104485883126, -12.151637670741785 ], [ -76.943224030064826, -12.151640716745511 ], [ -76.943418193694541, -12.151596553737843 ], [ -76.943461448386941, -12.151588940976676 ], [ -76.943608551393382, -12.151563051293673 ], [ -76.943747892351226, -12.151542492791723 ], [ -76.943811852135141, -12.151509751173974 ], [ -76.943876093406871, -12.15146321035874 ], [ -76.943997634982694, -12.151673672401978 ], [ -76.944010366684964, -12.151669376340548 ], [ -76.944026212739303, -12.151664028971691 ], [ -76.944064918660914, -12.15165096811759 ], [ -76.944234430074758, -12.151593766738783 ], [ -76.944293975086765, -12.15157171356358 ], [ -76.944354447299716, -12.151549316847277 ], [ -76.944364763422882, -12.151561483775291 ], [ -76.94439978841929, -12.151547778107295 ], [ -76.944447481266153, -12.151684157597725 ], [ -76.944459515993813, -12.151718572853646 ], [ -76.944491896083917, -12.15181116615228 ], [ -76.944520820079632, -12.151893875901555 ], [ -76.944535321647635, -12.151935345439806 ], [ -76.944543979420999, -12.151941837645643 ], [ -76.944592734367077, -12.15188079796034 ], [ -76.944610204597112, -12.152003166912518 ], [ -76.94461594407035, -12.15204907820234 ], [ -76.944648690184707, -12.152112545157625 ], [ -76.944672113027437, -12.152131749280766 ], [ -76.944702481334289, -12.152156646112276 ], [ -76.944703041612016, -12.152157105665738 ], [ -76.944752328956682, -12.152183437815347 ], [ -76.944843447367091, -12.152194229679907 ], [ -76.944897402193206, -12.152195193753172 ], [ -76.94490620026086, -12.152177376384639 ], [ -76.944913789639671, -12.152156646112275 ], [ -76.944918917573844, -12.152142639171331 ], [ -76.944936458850364, -12.152094731386537 ], [ -76.944956900440346, -12.152038898776064 ], [ -76.944982765841885, -12.152021772986288 ], [ -76.945035424744916, -12.151986907169926 ], [ -76.945070851738379, -12.151963451052241 ], [ -76.945204166339025, -12.151875184392146 ], [ -76.94534691033148, -12.151780672839701 ], [ -76.945373781174808, -12.151762880652241 ], [ -76.945383578389354, -12.151751866655136 ], [ -76.94558572620015, -12.151525626905974 ], [ -76.945641863681004, -12.151464953244938 ], [ -76.945645291896668, -12.151461248037929 ], [ -76.945703301765789, -12.151507287031484 ], [ -76.945868280596486, -12.151638220227571 ], [ -76.945882927854711, -12.151649843964917 ], [ -76.945962535842355, -12.151705288967749 ], [ -76.94602548928475, -12.151746534574762 ], [ -76.946048393218746, -12.15176154156185 ], [ -76.946120568309553, -12.151815146551575 ], [ -76.946166065011781, -12.151848937678233 ], [ -76.946151416854335, -12.152128306675966 ], [ -76.946183802340443, -12.152128187066051 ], [ -76.946945457067116, -12.152125355100994 ], [ -76.946927651389785, -12.152058498600679 ], [ -76.946914969150384, -12.151957851873165 ], [ -76.946917358649003, -12.151766679388663 ], [ -76.946878289401241, -12.151753519609175 ], [ -76.946777451118351, -12.151719557611422 ], [ -76.946708545962508, -12.151673950292526 ], [ -76.946363637071954, -12.151422077167052 ], [ -76.946479053365579, -12.151260320607182 ], [ -76.946503287396581, -12.151226356810795 ], [ -76.946553862570525, -12.151155475844442 ], [ -76.946610125956298, -12.1510893846672 ], [ -76.946631739363113, -12.151103894329115 ], [ -76.94665338334687, -12.151118423776197 ], [ -76.946655106447793, -12.151119259246149 ], [ -76.946801626693627, -12.151190284104285 ], [ -76.946896659852712, -12.151236350077433 ], [ -76.946927149568126, -12.151260879086207 ], [ -76.946999923607464, -12.151319426750074 ], [ -76.947363408894034, -12.151266977388929 ], [ -76.947396407717989, -12.15126173793878 ], [ -76.947302183948352, -12.151100082102952 ], [ -76.947307089750169, -12.151047058974463 ], [ -76.947313106214722, -12.150982035292641 ], [ -76.947477935758116, -12.150926219769163 ], [ -76.947600782250177, -12.150849261184344 ], [ -76.947680162709162, -12.150773808964036 ], [ -76.947748368192606, -12.150704679876952 ], [ -76.947858239266054, -12.150869423085137 ], [ -76.947922256606716, -12.150965413123149 ], [ -76.947896885832563, -12.150996295842203 ], [ -76.947855180671866, -12.151047058974466 ], [ -76.947743494766314, -12.151183005890948 ], [ -76.947825639741339, -12.151498067182029 ], [ -76.948092896669607, -12.151407804926158 ], [ -76.948524168355561, -12.151262148928863 ], [ -76.948688621982228, -12.151206606799388 ], [ -76.948748811808116, -12.151186279423072 ], [ -76.948790650967624, -12.151172149275094 ], [ -76.948833285127876, -12.151320898040844 ], [ -76.948866660767663, -12.151437344058177 ], [ -76.948921519412465, -12.151605690849941 ], [ -76.949012529004904, -12.151884978009242 ], [ -76.949063793059508, -12.152042294616122 ], [ -76.948604529975057, -12.15218150157491 ], [ -76.948626584948897, -12.152221617633511 ], [ -76.94882687386098, -12.152585924000995 ], [ -76.948873393991789, -12.152670540312981 ], [ -76.948876029904795, -12.15278966181339 ], [ -76.94887089657459, -12.15282080263788 ], [ -76.948858897819676, -12.15289359736156 ], [ -76.94880211192779, -12.153013977912597 ], [ -76.948747489804603, -12.153125297794171 ], [ -76.948731210277117, -12.15323088809496 ], [ -76.948729666141105, -12.153240901146589 ], [ -76.948720699001015, -12.153299056705833 ], [ -76.948737517222582, -12.153355930731532 ], [ -76.948779023632881, -12.153448426903116 ], [ -76.948845364821693, -12.153546486281154 ], [ -76.948899631712493, -12.153617808814642 ], [ -76.948912679076841, -12.153629964051486 ], [ -76.948939363760417, -12.153654823111449 ], [ -76.948892517175807, -12.153719082369644 ], [ -76.948822619168425, -12.153774234193385 ], [ -76.948587611928588, -12.153959660909363 ], [ -76.948696108838305, -12.154146664137137 ], [ -76.948712030435729, -12.154212170755027 ], [ -76.948783072380706, -12.154504474701625 ], [ -76.948892493793437, -12.154529915623057 ], [ -76.94898907288723, -12.154526943363557 ], [ -76.949071223258272, -12.154559310863458 ], [ -76.949174593132796, -12.154635435776672 ], [ -76.949206949840686, -12.154681045793591 ], [ -76.949482523699317, -12.154491519967603 ], [ -76.949694020862125, -12.15477037005642 ], [ -76.949703145383694, -12.154781768063994 ], [ -76.949828328314481, -12.154938146678068 ], [ -76.949991640701526, -12.155142158783489 ], [ -76.950065814985294, -12.155215493999643 ], [ -76.950205214399034, -12.15535331420396 ], [ -76.950205000360427, -12.15535351834999 ], [ -76.950131592298987, -12.155423657375691 ], [ -76.950045055934424, -12.155506339245994 ], [ -76.950020604267365, -12.155484904804414 ], [ -76.949891949953511, -12.155360650873233 ], [ -76.949837746914341, -12.155391774610544 ], [ -76.949757416771092, -12.155442082685825 ], [ -76.949636770020845, -12.155502742857131 ], [ -76.949639745877391, -12.155508551578265 ], [ -76.949714570371128, -12.155635987310772 ], [ -76.9497079027974, -12.155719042399626 ], [ -76.949691009032804, -12.155818205245886 ], [ -76.949661367378155, -12.155953289712466 ], [ -76.949653518994694, -12.15598719685156 ], [ -76.949633089095641, -12.156075452719767 ], [ -76.949603445642481, -12.156180839773779 ], [ -76.949587870283835, -12.156252960005961 ], [ -76.949580558795631, -12.156277854139626 ], [ -76.949553869615158, -12.156368734229527 ], [ -76.949416981108584, -12.156539392278981 ], [ -76.949366230566852, -12.156586255950781 ], [ -76.949273128252145, -12.156659583073099 ], [ -76.949298704971113, -12.15672006787676 ], [ -76.949357647437381, -12.156859458297312 ], [ -76.949400340952877, -12.156943473862027 ], [ -76.949402607244394, -12.156947931801456 ], [ -76.949409455581758, -12.156961409941042 ], [ -76.949357024207131, -12.157027898618461 ], [ -76.949315506105506, -12.157100733811589 ], [ -76.949321495590425, -12.157130947435212 ], [ -76.949321805856584, -12.157131235218328 ], [ -76.949600888869782, -12.157390533146465 ], [ -76.94960327656969, -12.157392750874674 ], [ -76.949665942229288, -12.157450973883124 ], [ -76.949705170656898, -12.157487421607108 ], [ -76.949604374641979, -12.157573651302849 ], [ -76.949471253395416, -12.157687534252124 ], [ -76.949620493191048, -12.157890073268131 ], [ -76.949643839591374, -12.15794677372449 ], [ -76.949727093430397, -12.158148959306832 ], [ -76.949796496810578, -12.158365364070246 ], [ -76.94983219989598, -12.158476688448252 ], [ -76.949840878353655, -12.158503744552005 ], [ -76.949882793955652, -12.158634441226447 ], [ -76.949914654237602, -12.15874113319658 ], [ -76.94997709326816, -12.158950223773591 ], [ -76.949799925925674, -12.159112750153236 ], [ -76.949747386632453, -12.159409706292735 ], [ -76.949596624284595, -12.159617575590431 ], [ -76.949362485790004, -12.15987798418146 ], [ -76.949268100142675, -12.159942247036874 ], [ -76.94923941986309, -12.159961774016461 ], [ -76.949080222773887, -12.160068299612281 ], [ -76.948867937805005, -12.160210348428771 ], [ -76.948473899850342, -12.160426211800068 ], [ -76.948310683793977, -12.160490052915502 ], [ -76.948455947999889, -12.160660676999756 ], [ -76.948604425999918, -12.160801160999858 ], [ -76.948725492999984, -12.160877683999873 ], [ -76.948863691999705, -12.160898242999941 ], [ -76.949015596999914, -12.160729205999852 ], [ -76.949172949999877, -12.160544881999876 ], [ -76.949390218999611, -12.160469939999793 ], [ -76.94963762999987, -12.160371237999906 ], [ -76.94963762999987, -12.160423776999693 ], [ -76.949830651999946, -12.160567686999887 ], [ -76.949894611966386, -12.160593956028803 ], [ -76.950188199225806, -12.160256983672721 ], [ -76.950736252375933, -12.159627940277151 ], [ -76.950736416952068, -12.159627767607251 ], [ -76.951284375673197, -12.159054780753399 ], [ -76.951402344242695, -12.158921875344149 ], [ -76.951446584591906, -12.158873686971086 ], [ -76.951439416095923, -12.158867907028164 ], [ -76.95144566188759, -12.158860921993753 ], [ -76.951459300106535, -12.158845668592644 ], [ -76.951589220665809, -12.15870035883424 ], [ -76.951718941575876, -12.158555271208712 ], [ -76.951761721426109, -12.158507424577893 ], [ -76.951828192117276, -12.158433081221602 ], [ -76.951842526411312, -12.158416769318388 ], [ -76.952284357936534, -12.158775424346093 ], [ -76.952524968852046, -12.158965781145792 ], [ -76.95261481831902, -12.159019081265553 ], [ -76.952983348802491, -12.159308423744708 ], [ -76.953246980563506, -12.15951368680707 ], [ -76.953410480908744, -12.159640987641385 ], [ -76.953723447678883, -12.159866710280292 ], [ -76.953960874094946, -12.160066767167427 ], [ -76.953968761149312, -12.160073413157273 ], [ -76.954054342433651, -12.160145525295643 ], [ -76.954631833991854, -12.160617756604072 ], [ -76.954852248832012, -12.160797996929867 ], [ -76.954949499719575, -12.160885633165302 ], [ -76.955000377964936, -12.160826602565493 ], [ -76.955050855112759, -12.16076803871395 ], [ -76.955093126846222, -12.160718995085496 ], [ -76.955244256117325, -12.160543650668812 ], [ -76.95540949575161, -12.160351935893036 ], [ -76.955631375587345, -12.160094505856565 ], [ -76.955905752448402, -12.159856246668342 ], [ -76.956032565848616, -12.15974612622964 ], [ -76.95607969482198, -12.159705201034027 ], [ -76.9560803720114, -12.15970330166599 ], [ -76.956119761417582, -12.1595927983689 ], [ -76.956122128433307, -12.159586155976134 ], [ -76.95616820160113, -12.159628673224603 ], [ -76.956375504325976, -12.159819975211557 ], [ -76.956382619868222, -12.159826541530643 ], [ -76.956348985999966, -12.159586354999796 ], [ -76.961534860999819, -12.1551533549999 ], [ -76.961722235999815, -12.15477247999983 ], [ -76.960738360999898, -12.153627354999951 ], [ -76.95997261199993, -12.153798854999909 ], [ -76.959578110999971, -12.15377735499991 ], [ -76.959427611999757, -12.153651104999859 ], [ -76.95924811099988, -12.153202354999939 ], [ -76.959023860999736, -12.152596729999832 ], [ -76.958866860999976, -12.152073229999852 ], [ -76.9587846109998, -12.151542354999922 ], [ -76.958777111999638, -12.151250729999926 ], [ -76.958829110999801, -12.150973354999886 ], [ -76.958867111999936, -12.150775479999803 ], [ -76.95885936099981, -12.150525354999878 ], [ -76.958874235999986, -12.150263729999818 ], [ -76.958956485999948, -12.150039354999974 ], [ -76.958986485999773, -12.149598229999903 ], [ -76.958949110999967, -12.149127104999916 ], [ -76.958911735999763, -12.148581229999854 ], [ -76.958775485999951, -12.148277479999686 ], [ -76.958717236999789, -12.148147479999945 ], [ -76.958577235999812, -12.147771354999842 ], [ -76.958455486999782, -12.14736985499983 ], [ -76.958448235999782, -12.147010979999697 ], [ -76.958365860999763, -12.146607104999845 ], [ -76.958268610999752, -12.145941604999773 ], [ -76.958193860999728, -12.145545354999946 ], [ -76.958108110999916, -12.145200729999857 ], [ -76.958081610999756, -12.145059354999862 ], [ -76.958006860999802, -12.144700479999843 ], [ -76.95801436099984, -12.1445732299998 ], [ -76.957961985999901, -12.144274104999877 ], [ -76.957984485999901, -12.143758229999866 ], [ -76.957939611999876, -12.143302104999954 ], [ -76.957767610999824, -12.142711354999943 ], [ -76.957575986999913, -12.142438604999912 ], [ -76.957203610999883, -12.142183979999835 ], [ -76.956520360999875, -12.141708854999845 ], [ -76.955728611999959, -12.141111229999959 ], [ -76.955170986999804, -12.140463104999892 ], [ -76.955092111999917, -12.139861478999858 ], [ -76.954960111999966, -12.139566479999786 ], [ -76.954670985999769, -12.138897104999812 ], [ -76.954407735999823, -12.138450854999952 ], [ -76.954346860999848, -12.13834773 ], [ -76.954341360999749, -12.138313229999914 ], [ -76.954185860999857, -12.138152979999886 ], [ -76.954015860999789, -12.138021854999776 ], [ -76.953894485999754, -12.137934354999828 ], [ -76.953816735999951, -12.137798355 ], [ -76.953690485999914, -12.137239729999838 ], [ -76.953530735999735, -12.136795104999894 ], [ -76.953452485999932, -12.136525854999913 ], [ -76.953258235999883, -12.136326729999878 ], [ -76.952954110999812, -12.136171479999899 ], [ -76.952884235999804, -12.136131854999721 ], [ -76.952178360999753, -12.13597260499987 ], [ -76.951944110999918, -12.135891729999944 ], [ -76.951760860999741, -12.135742604999939 ], [ -76.951381860999845, -12.135333729999939 ], [ -76.95113048599984, -12.134954604999944 ], [ -76.951044735999844, -12.13480585499995 ], [ -76.950766110999879, -12.134412729999935 ], [ -76.950643110999749, -12.134207604999947 ], [ -76.950540610999838, -12.134044229999841 ], [ -76.950508735999733, -12.134016729999853 ], [ -76.950214735999793, -12.133761979999834 ], [ -76.950092735999817, -12.133726854999887 ], [ -76.950049985999669, -12.133714479999897 ], [ -76.949923610999804, -12.133712854999851 ], [ -76.949869485999955, -12.133710479999857 ], [ -76.949825610999909, -12.133688229999883 ], [ -76.949678110999798, -12.133690854999909 ], [ -76.949501485999974, -12.133595854999879 ], [ -76.949256235999883, -12.133511479999894 ], [ -76.94908473599989, -12.133453479999817 ], [ -76.948694553503401, -12.133410901097337 ], [ -76.948638923840292, -12.133404830476458 ], [ -76.94875499271393, -12.133505071776346 ], [ -76.948734053457088, -12.133621189473486 ], [ -76.948806389071649, -12.133733500033014 ], [ -76.948756896282759, -12.133784896390667 ], [ -76.948926689114671, -12.134005947435961 ], [ -76.948882826980778, -12.134032492005796 ], [ -76.948856177370601, -12.134186681669952 ], [ -76.948758939073628, -12.134318337021607 ], [ -76.948729777656922, -12.134310154989613 ], [ -76.948710079806233, -12.134304627756165 ], [ -76.948697216802827, -12.134301018776839 ], [ -76.948656589030122, -12.134320576333472 ], [ -76.948606300740096, -12.134344781586291 ], [ -76.948487297050974, -12.134311845715015 ], [ -76.948470111905976, -12.134311318712246 ], [ -76.948434916038266, -12.134310238626515 ], [ -76.9483897062197, -12.13431737834409 ], [ -76.948369880665382, -12.134323325560819 ], [ -76.948342116795146, -12.134331655081702 ], [ -76.948295988768734, -12.134408533626836 ], [ -76.948288579254452, -12.13442088401659 ], [ -76.948167225636894, -12.134529149800342 ], [ -76.948070288612882, -12.13469983842654 ], [ -76.94804750968467, -12.134751808449016 ], [ -76.948039554281763, -12.134769961264592 ], [ -76.948009885647537, -12.134837648738284 ], [ -76.947983890743842, -12.134896956329307 ], [ -76.947915230203535, -12.135053604739852 ], [ -76.947937254600447, -12.135073292698142 ], [ -76.947938081976758, -12.135074032840333 ], [ -76.947896035073768, -12.135185414774964 ], [ -76.947847255846, -12.135298439770999 ], [ -76.94781513296175, -12.13533413116509 ], [ -76.947754456602723, -12.135365064246326 ], [ -76.947661518863981, -12.135396943414007 ], [ -76.947634184869628, -12.135406318846357 ], [ -76.947626499263436, -12.135397948856143 ], [ -76.947600403635676, -12.13536976680124 ], [ -76.94758481118987, -12.135352926995873 ], [ -76.947483730989362, -12.135243760091369 ], [ -76.947416786355461, -12.135174812667326 ], [ -76.947408600726135, -12.135166383321836 ], [ -76.947261012985166, -12.135014379909558 ], [ -76.947252955059639, -12.135004356965496 ], [ -76.947242522924, -12.134991382446254 ], [ -76.947221961723926, -12.134965808425219 ], [ -76.947157526198737, -12.134885659945075 ], [ -76.946952634556283, -12.134630810963099 ], [ -76.946917587076882, -12.134595589015168 ], [ -76.946897096024031, -12.134574996338907 ], [ -76.946889260231018, -12.134567121875062 ], [ -76.946800948604846, -12.134477829987681 ], [ -76.94672644337038, -12.134402497377307 ], [ -76.946714005746685, -12.134389921257689 ], [ -76.946661493432941, -12.134330170300954 ], [ -76.946690355375381, -12.134315461888969 ], [ -76.946729804137021, -12.13429535934322 ], [ -76.946773455430474, -12.134265749164891 ], [ -76.946820599690852, -12.134224883971156 ], [ -76.946847583848879, -12.134200688610671 ], [ -76.946953836949945, -12.134093600039449 ], [ -76.946949269293157, -12.134018217966197 ], [ -76.946909294428224, -12.13389715123245 ], [ -76.946860395590761, -12.133796553967708 ], [ -76.946855149845135, -12.133783913096954 ], [ -76.946846510957599, -12.1337630955903 ], [ -76.946910260300058, -12.133699347146981 ], [ -76.946975481832865, -12.13365706282312 ], [ -76.946931842230541, -12.133623120610345 ], [ -76.946880690591314, -12.133598346986032 ], [ -76.946828680099387, -12.133582077350944 ], [ -76.946693681068268, -12.133550265632127 ], [ -76.946556395061364, -12.133538185039153 ], [ -76.946485432256736, -12.133536861237115 ], [ -76.946425469959436, -12.133534005889585 ], [ -76.946382638847695, -12.133522585398818 ], [ -76.946331242592578, -12.133498313596101 ], [ -76.946091393402924, -12.133335558788959 ], [ -76.946075739803348, -12.133367837255873 ], [ -76.946060587126226, -12.133399083300997 ], [ -76.94609473438436, -12.133474727976235 ], [ -76.946094767659318, -12.133474805317951 ], [ -76.946111816107248, -12.13351257144789 ], [ -76.946143432673182, -12.133582610648928 ], [ -76.946016926839448, -12.133651077834799 ], [ -76.945968258228334, -12.133677418078303 ], [ -76.945883175168262, -12.133723466065055 ], [ -76.945854725115282, -12.133738863357715 ], [ -76.945875619963715, -12.133756933435476 ], [ -76.945933031783852, -12.133802960737933 ], [ -76.945996040085063, -12.133853473858647 ], [ -76.946003785945891, -12.133859683677358 ], [ -76.946055842302997, -12.133901416716959 ], [ -76.946129009346294, -12.133888979093031 ], [ -76.946209826022368, -12.13387576265611 ], [ -76.946233246167267, -12.133871933342999 ], [ -76.946233409843842, -12.13387190636324 ], [ -76.946264142376094, -12.133866880951677 ], [ -76.946370762400591, -12.133896593652684 ], [ -76.94643280572916, -12.133924050854244 ], [ -76.946223820372836, -12.134091312164148 ], [ -76.946161771648292, -12.134137618256414 ], [ -76.9461234569319, -12.134166213100096 ], [ -76.945930972336271, -12.13434384808998 ], [ -76.945904395571347, -12.134367940028227 ], [ -76.945826301142716, -12.134438740955018 ], [ -76.945735262772018, -12.134360971181735 ], [ -76.945712689788593, -12.13434583559164 ], [ -76.945698666660007, -12.134336434079071 ], [ -76.945621730558344, -12.134284848966542 ], [ -76.945458392090927, -12.134175332225633 ], [ -76.945421736623643, -12.1341505397156 ], [ -76.945387471554511, -12.134101998808077 ], [ -76.945341394789523, -12.134021949253432 ], [ -76.945275050003374, -12.134079936639614 ], [ -76.945247011839854, -12.134104444064786 ], [ -76.945231479621285, -12.134118019450662 ], [ -76.945228416557995, -12.134120696612715 ], [ -76.945084114040483, -12.13426665208422 ], [ -76.944858172866262, -12.134055023620338 ], [ -76.944705385245314, -12.133923521153319 ], [ -76.944630439343157, -12.133859016380294 ], [ -76.944604886905964, -12.133839343710727 ], [ -76.944511086717071, -12.133776269758908 ], [ -76.944474918682502, -12.133789595013672 ], [ -76.944376210893225, -12.133673231734219 ], [ -76.944222300019092, -12.133704806931162 ], [ -76.944221203745442, -12.13370480693116 ], [ -76.944210402887634, -12.133704806931146 ], [ -76.944177090200483, -12.133673873850096 ], [ -76.944156706166979, -12.133667053391754 ], [ -76.944154507324484, -12.133669104745403 ], [ -76.943987748735495, -12.133506656606908 ], [ -76.944034707735298, -12.133434853835391 ], [ -76.944047494296299, -12.133415304372631 ], [ -76.944181896177568, -12.133258516567121 ], [ -76.944220159632522, -12.133223830615153 ], [ -76.944124794623434, -12.13317586707249 ], [ -76.944073392073292, -12.133150014261597 ], [ -76.944061970683279, -12.133127170582361 ], [ -76.944243776728698, -12.132997310277553 ], [ -76.944248520652664, -12.132993920732726 ], [ -76.944271363432463, -12.132953945867811 ], [ -76.944275910404784, -12.132884734043145 ], [ -76.944251677273058, -12.132852647131907 ], [ -76.944217091145632, -12.132806851854561 ], [ -76.944148939621769, -12.13271661298111 ], [ -76.94407143065196, -12.132653006630871 ], [ -76.944039321257563, -12.132626657394134 ], [ -76.944036257267399, -12.132624142889808 ], [ -76.94400582061202, -12.132599166917798 ], [ -76.943911965564681, -12.132522146279968 ], [ -76.94389377407829, -12.132507216634545 ], [ -76.943893664361113, -12.13250712580302 ], [ -76.943847003936028, -12.132468837167023 ], [ -76.94383842530307, -12.132294383079152 ], [ -76.943835443151002, -12.132233734599115 ], [ -76.943829719865633, -12.132117368621465 ], [ -76.943848774283552, -12.131881388216613 ], [ -76.943860652946583, -12.1317342763156 ], [ -76.943829567880144, -12.131630208567088 ], [ -76.943814657120711, -12.131580289898446 ], [ -76.943814773133127, -12.131552332673927 ], [ -76.943814847777006, -12.131534401091676 ], [ -76.943867035435076, -12.13151120667667 ], [ -76.943921923757642, -12.131486811666917 ], [ -76.943975462197798, -12.131430300068223 ], [ -76.944028354025207, -12.131298454959547 ], [ -76.944054894817342, -12.131196409786396 ], [ -76.943788395118148, -12.130922772168077 ], [ -76.943769557918657, -12.130788112181543 ], [ -76.943131074339504, -12.130849427958582 ], [ -76.943097753558291, -12.130780460749616 ], [ -76.94308884397482, -12.130762019251607 ], [ -76.943015626569789, -12.130610469997094 ], [ -76.942989487774483, -12.130562284321828 ], [ -76.942919736356728, -12.130466692683665 ], [ -76.942843072749454, -12.130563615318382 ], [ -76.94275070338206, -12.130640508252638 ], [ -76.942733255635076, -12.13064967144501 ], [ -76.94267120421263, -12.130682256580799 ], [ -76.942554632290253, -12.130743474331751 ], [ -76.942279089908055, -12.130843410594919 ], [ -76.942220562029107, -12.130868599705916 ], [ -76.942166304131504, -12.130891952401589 ], [ -76.942001288428585, -12.131036028289985 ], [ -76.941983911727974, -12.131052860900674 ], [ -76.941948868745058, -12.131086810307957 ], [ -76.941945567333917, -12.131083534077584 ], [ -76.941918862864966, -12.131052130651119 ], [ -76.941707291957769, -12.13080333500576 ], [ -76.941631249782191, -12.130698146702033 ], [ -76.941581530762804, -12.130629371947787 ], [ -76.941426109027489, -12.130414380019522 ], [ -76.941419127590464, -12.130405823869499 ], [ -76.941209650304998, -12.130149068324755 ], [ -76.941206900178159, -12.130151197019901 ], [ -76.941168812090851, -12.130200835100348 ], [ -76.94112876168289, -12.130253029053939 ], [ -76.941092495622016, -12.13030029202471 ], [ -76.941072571142129, -12.130311062305491 ], [ -76.940986847764705, -12.130357398974608 ], [ -76.9409182348884, -12.130396097701549 ], [ -76.940969428795952, -12.130459644696696 ], [ -76.941096413968211, -12.130617270670454 ], [ -76.941097122633906, -12.130618389426933 ], [ -76.940995880555263, -12.130702778210525 ], [ -76.940641228409746, -12.130420162660286 ], [ -76.94057908705517, -12.130437784875804 ], [ -76.940418474432889, -12.1305121426211 ], [ -76.940248936938715, -12.130640038806556 ], [ -76.940137894947739, -12.130632373884881 ], [ -76.94010832703762, -12.130630333323015 ], [ -76.940052901819811, -12.130626506707795 ], [ -76.940013480037933, -12.130623785359354 ], [ -76.939961448861553, -12.130551519436921 ], [ -76.939906210703001, -12.130474798273069 ], [ -76.939902349014076, -12.130471015724638 ], [ -76.939859300266406, -12.130428861802477 ], [ -76.939824556757756, -12.130410124427652 ], [ -76.939537388839383, -12.130615409073734 ], [ -76.939527600618206, -12.130465326613349 ], [ -76.939287751428566, -12.130421544918217 ], [ -76.938910843760155, -12.13039489530806 ], [ -76.938888000980299, -12.130431063342691 ], [ -76.938901326235083, -12.130663298872065 ], [ -76.938981652780924, -12.130920921363312 ], [ -76.938931396866309, -12.130973382415537 ], [ -76.938829675449057, -12.131051428280594 ], [ -76.938786734619981, -12.131193081395432 ], [ -76.938780780208589, -12.131294322574867 ], [ -76.938765577169619, -12.13155277603963 ], [ -76.938952903253863, -12.13160433776981 ], [ -76.938928441694117, -12.131774774585987 ], [ -76.938900556415405, -12.131963738335722 ], [ -76.93883328892511, -12.13196384715374 ], [ -76.938345379735239, -12.131893627189038 ], [ -76.938248052405555, -12.131996016802569 ], [ -76.938235131845872, -12.132117669894436 ], [ -76.938079201993418, -12.132166196412795 ], [ -76.937595890138113, -12.132178759042331 ], [ -76.937608019294515, -12.132146940129116 ], [ -76.937378069841799, -12.131858280235317 ], [ -76.937413487842065, -12.131812439991942 ], [ -76.937238360162183, -12.131655585636663 ], [ -76.936952687816103, -12.131339643909284 ], [ -76.936857970318812, -12.13099953559996 ], [ -76.937097591080857, -12.13091566842329 ], [ -76.936984809801032, -12.130460517938422 ], [ -76.937363287685315, -12.130298100376969 ], [ -76.937318624654637, -12.129719365955893 ], [ -76.937309401207727, -12.129599838861434 ], [ -76.937308204210041, -12.129584322858115 ], [ -76.93718635326745, -12.128977204934001 ], [ -76.937063593110139, -12.128688259055854 ], [ -76.936874308302464, -12.128524211922795 ], [ -76.936638741684447, -12.128456396745248 ], [ -76.936624883131714, -12.128462626348986 ], [ -76.936551325782801, -12.12849568542735 ], [ -76.936520185857802, -12.128509680676967 ], [ -76.936515541758723, -12.128511768003564 ], [ -76.93648180279277, -12.128526932371789 ], [ -76.936321084050547, -12.128599165019335 ], [ -76.936191927015699, -12.128679119245742 ], [ -76.936171177857517, -12.128691964262645 ], [ -76.935830492183328, -12.128225052444094 ], [ -76.936044709795425, -12.12803862478259 ], [ -76.935981624152618, -12.12793599235207 ], [ -76.935964241156654, -12.127907711371646 ], [ -76.935778877393119, -12.127606144407906 ], [ -76.935404348431831, -12.127184106061501 ], [ -76.935343225109619, -12.127115228784742 ], [ -76.934910849955628, -12.126483990143905 ], [ -76.93459164818583, -12.126361861310642 ], [ -76.9345358767292, -12.126340522197248 ], [ -76.934465513772437, -12.126313600991788 ], [ -76.934396978237743, -12.126287377660189 ], [ -76.934216710932418, -12.126207213891563 ], [ -76.93411135085816, -12.126455435769662 ], [ -76.933981643437932, -12.126462688801988 ], [ -76.933684000216232, -12.126479332555036 ], [ -76.933562178051986, -12.126300423225784 ], [ -76.93347048317608, -12.126160700056152 ], [ -76.933144496021484, -12.12640816380563 ], [ -76.933123247739601, -12.126541336313414 ], [ -76.933112577283424, -12.126608220692649 ], [ -76.932762503586488, -12.126597231876683 ], [ -76.932732200930261, -12.126596281293281 ], [ -76.932657940311557, -12.126692651744444 ], [ -76.932484097762753, -12.12691825207558 ], [ -76.932478048023299, -12.126927456636761 ], [ -76.932437246681431, -12.126989528743678 ], [ -76.932430052105232, -12.127000476190785 ], [ -76.93242978590591, -12.127000351184993 ], [ -76.932287603989707, -12.126933774374123 ], [ -76.932245108324921, -12.127020399771578 ], [ -76.931979789435488, -12.126922256756684 ], [ -76.93163786899224, -12.12679577790264 ], [ -76.931617049686949, -12.126720357158643 ], [ -76.931454502623097, -12.126209626772704 ], [ -76.930579847181988, -12.126388424585942 ], [ -76.930439442326232, -12.126417127348335 ], [ -76.930527966192514, -12.126251072928621 ], [ -76.930750661713475, -12.125833334240752 ], [ -76.929870262302515, -12.125280109988951 ], [ -76.930268822048262, -12.124631706887699 ], [ -76.929376523707433, -12.124185557717194 ], [ -76.929169931446978, -12.124572162775037 ], [ -76.929041171912374, -12.124495098969575 ], [ -76.928561264890263, -12.124207868997848 ], [ -76.928472959559301, -12.124363746689511 ], [ -76.928261574811742, -12.124431272285189 ], [ -76.928013724353704, -12.124680216318762 ], [ -76.927803316269873, -12.124777454615733 ], [ -76.927502360845025, -12.124657530020924 ], [ -76.927339606037876, -12.124628406375772 ], [ -76.927378438763796, -12.124514191576552 ], [ -76.927345316732826, -12.124455371418176 ], [ -76.927442399447031, -12.124401119815705 ], [ -76.927283265310336, -12.124311005948115 ], [ -76.926792585309443, -12.124047089101714 ], [ -76.926622025286008, -12.124037951989903 ], [ -76.92656659916905, -12.124192760387508 ], [ -76.926559125802768, -12.124188912188485 ], [ -76.926458759663831, -12.12413723084839 ], [ -76.92643820116183, -12.124222892172645 ], [ -76.926448376990891, -12.12430768475164 ], [ -76.92681793989577, -12.124550639300406 ], [ -76.926817366128432, -12.124551060183125 ], [ -76.926766542741518, -12.124588328988047 ], [ -76.926622633227794, -12.124608888389426 ], [ -76.926357656980088, -12.124727669945838 ], [ -76.926232409298166, -12.124701085086807 ], [ -76.925799508940017, -12.124609196856889 ], [ -76.925300773711612, -12.124406275629084 ], [ -76.925007624402269, -12.124200690609298 ], [ -76.924920060112584, -12.124012237674407 ], [ -76.924581225243173, -12.123578223955731 ], [ -76.924398182629943, -12.123670540263031 ], [ -76.924249254898996, -12.123752793156639 ], [ -76.924286258403853, -12.123917239588806 ], [ -76.924265734975506, -12.12391759122378 ], [ -76.924060999815197, -12.123921091385098 ], [ -76.923850721233634, -12.123917239588794 ], [ -76.923780697321092, -12.123983784024261 ], [ -76.923340097867026, -12.123995105589461 ], [ -76.923307736662522, -12.124271122814006 ], [ -76.923413959186746, -12.124295108632314 ], [ -76.923519711365486, -12.124318988330604 ], [ -76.92358368823642, -12.12433343414061 ], [ -76.923720812365445, -12.124364397798544 ], [ -76.924430843308642, -12.124385336713866 ], [ -76.924564093158267, -12.124499550613724 ], [ -76.924853434738111, -12.124541430242731 ], [ -76.92545496337577, -12.125043972301439 ], [ -76.926142150639578, -12.125150571641457 ], [ -76.926267660024337, -12.125119423622415 ], [ -76.926402939643765, -12.125085850131869 ], [ -76.926994949856848, -12.125036357741614 ], [ -76.927175028304745, -12.125117926251141 ], [ -76.927542844726361, -12.125414620688074 ], [ -76.927909281587901, -12.125764401206068 ], [ -76.928970996913762, -12.126318084112226 ], [ -76.929312866095799, -12.126470056048078 ], [ -76.929716956672095, -12.126742663043368 ], [ -76.92969867975016, -12.12698315075156 ], [ -76.929688771019798, -12.127113539857858 ], [ -76.929217984921863, -12.127177800914621 ], [ -76.928844410141252, -12.127470475382019 ], [ -76.928049670255959, -12.127784563606529 ], [ -76.928030217920124, -12.127777314171597 ], [ -76.927242212158248, -12.12748362796701 ], [ -76.92706730391285, -12.127418440608478 ], [ -76.927022219099896, -12.127404976858001 ], [ -76.926875914691479, -12.127361285095093 ], [ -76.925998574774269, -12.12709927930824 ], [ -76.925037272352142, -12.127061208307934 ], [ -76.924213978991801, -12.127146867833551 ], [ -76.923224123094656, -12.126813743659261 ], [ -76.922683406613828, -12.126180560684226 ], [ -76.922613059844707, -12.1260981845833 ], [ -76.922383696750032, -12.125829599356489 ], [ -76.921835470030828, -12.125269949448565 ], [ -76.920605501442594, -12.124313307313093 ], [ -76.920327842955373, -12.124097351311578 ], [ -76.919791036726863, -12.123621458863092 ], [ -76.920065150985707, -12.122981860124678 ], [ -76.919810071777206, -12.122479317166581 ], [ -76.918934430679329, -12.122087182177594 ], [ -76.918675544640507, -12.122201396077443 ], [ -76.919379865787974, -12.124017400682343 ], [ -76.918652702759886, -12.124283901280911 ] ] ] ] } },
{ "type": "Feature", "properties": { "index": 12, "UBIGEO": "150143", "CCDD": "15", "CCPP": "01", "CCDI": "43", "DEPARTAMEN": "LIMA", "PROVINCIA": "LIMA", "DISTRITO": "VILLA MARIA DEL TRIUNFO", "OBJECTID": 1336.0, "ESRI_OID": 1336.0, "Zonas": "Nueva Esperanza", "sububigeo": "15014304", "tipo_influencia": "Directa", "abreviatura": "VMT" }, "geometry": { "type": "MultiPolygon", "coordinates": [ [ [ [ -76.938301761545461, -12.189259680795708 ], [ -76.942315610999913, -12.182467104999832 ], [ -76.942361951179294, -12.182495405728952 ], [ -76.942377549999776, -12.18242896999976 ], [ -76.94274435999985, -12.181793449999761 ], [ -76.94287659999992, -12.18159233 ], [ -76.942907389999903, -12.181534949999959 ], [ -76.94302459, -12.181337259999852 ], [ -76.94314831999975, -12.181142739999919 ], [ -76.943244089999951, -12.180971419999878 ], [ -76.94335354999987, -12.180807829999928 ], [ -76.943390429999738, -12.180738229999854 ], [ -76.943483819999983, -12.180602599999817 ], [ -76.94362792999982, -12.1804341 ], [ -76.943671689999803, -12.180370299999884 ], [ -76.943695959999971, -12.18023609999989 ], [ -76.943729749999989, -12.18017233 ], [ -76.943775939999909, -12.180095459999965 ], [ -76.944331910084315, -12.178948777305486 ], [ -76.944302149024793, -12.17893072337416 ], [ -76.94417590219598, -12.178875755911282 ], [ -76.94415129134893, -12.17886504138851 ], [ -76.944132544980846, -12.178856879141568 ], [ -76.94397246475728, -12.178756664088663 ], [ -76.943728863595993, -12.178604160653375 ], [ -76.943347789368886, -12.178365595695533 ], [ -76.943324047266799, -12.178350731700794 ], [ -76.943306351307001, -12.178339653851769 ], [ -76.94328034471198, -12.178326191900114 ], [ -76.94318499858872, -12.178276836206969 ], [ -76.942418549576303, -12.177831887631385 ], [ -76.942408834200251, -12.177826247982923 ], [ -76.942398777981168, -12.177820409584177 ], [ -76.942396660077634, -12.177819180210861 ], [ -76.942512319188097, -12.177626586797377 ], [ -76.942554629592337, -12.177556131210343 ], [ -76.942603841394089, -12.177474185884881 ], [ -76.942587996238956, -12.177465507427085 ], [ -76.942586697617912, -12.177464796063413 ], [ -76.942136177742213, -12.177218060764748 ], [ -76.942109815015726, -12.177186027812802 ], [ -76.94190973024979, -12.176942913184806 ], [ -76.94185160077069, -12.176888006875975 ], [ -76.9417897337092, -12.176843272798632 ], [ -76.941772536872975, -12.176829012249014 ], [ -76.941750711226177, -12.176810913392904 ], [ -76.941737385971408, -12.176764274551592 ], [ -76.941720254785764, -12.176741431771575 ], [ -76.941542269959768, -12.176623411041474 ], [ -76.941529897086923, -12.176654819863865 ], [ -76.941385225847398, -12.176619604211337 ], [ -76.941367142279773, -12.17651490783657 ], [ -76.941245312920728, -12.176420681369168 ], [ -76.941289531686436, -12.176213709594952 ], [ -76.941266294104025, -12.176196978607498 ], [ -76.941261176062369, -12.176193294085127 ], [ -76.941208199698565, -12.176155153837108 ], [ -76.941161988035162, -12.176121883418153 ], [ -76.941031538674508, -12.176027963619449 ], [ -76.941017456190536, -12.176017824662839 ], [ -76.940949291176651, -12.176065608341101 ], [ -76.940873243605211, -12.176100413902807 ], [ -76.940618821800967, -12.176099635090001 ], [ -76.940545285136636, -12.176099410259441 ], [ -76.940449091852088, -12.17589276943562 ], [ -76.940073974734105, -12.175869429330639 ], [ -76.939924069440167, -12.175986022836518 ], [ -76.939863698850559, -12.175959446970744 ], [ -76.939516210704483, -12.17580647768664 ], [ -76.939465853166439, -12.175784310297509 ], [ -76.939446118443584, -12.175775621947357 ], [ -76.939440457211219, -12.175439274602811 ], [ -76.939382690158936, -12.175399445428006 ], [ -76.93956311124839, -12.175198402883892 ], [ -76.939673589364531, -12.175083458734495 ], [ -76.939682971991488, -12.175073695694316 ], [ -76.939856486287738, -12.174919842376765 ], [ -76.939763976626125, -12.174804205749458 ], [ -76.939640245201019, -12.174635263606378 ], [ -76.939500632647935, -12.174378528746052 ], [ -76.939500951907235, -12.174321839980907 ], [ -76.939501227099811, -12.174272859304947 ], [ -76.939137846134599, -12.174001728097146 ], [ -76.939040242712963, -12.174124791325999 ], [ -76.938566730769821, -12.173772631201928 ], [ -76.938630975638887, -12.173682211564708 ], [ -76.938581417598186, -12.173637609687781 ], [ -76.938512003426069, -12.173575135583924 ], [ -76.93835495931387, -12.173429988603013 ], [ -76.938259465701663, -12.17334869078929 ], [ -76.937826718228351, -12.172980270922672 ], [ -76.93733203534498, -12.172659890141743 ], [ -76.937220341345665, -12.172750751345964 ], [ -76.937208017935575, -12.172724578376522 ], [ -76.937120013877404, -12.172537667779009 ], [ -76.937201952907628, -12.17247362525751 ], [ -76.937227213065398, -12.172453882440601 ], [ -76.937084619259679, -12.172197799588613 ], [ -76.936877311138858, -12.172038290434719 ], [ -76.93664084969538, -12.171856346792815 ], [ -76.936549122443978, -12.171676830421353 ], [ -76.936526627701539, -12.171632807707798 ], [ -76.936472136879559, -12.17153982410343 ], [ -76.936465974724854, -12.171529308330886 ], [ -76.936447965800824, -12.171498576697838 ], [ -76.936419460487684, -12.17144993439422 ], [ -76.936410926323106, -12.171435371445176 ], [ -76.936325779516721, -12.171290075011706 ], [ -76.936192263362216, -12.171062240030318 ], [ -76.93562972123442, -12.170056857337945 ], [ -76.935004964907193, -12.168940285165888 ], [ -76.934934085739258, -12.168813607561837 ], [ -76.934908249116347, -12.168767431871467 ], [ -76.935083201491807, -12.16872188235094 ], [ -76.935421368101515, -12.168633839380172 ], [ -76.935540341213596, -12.168448240893449 ], [ -76.935511787738733, -12.168110356607478 ], [ -76.935573653900803, -12.167777233332577 ], [ -76.935483234263756, -12.167477420946177 ], [ -76.935468958425645, -12.167163331822223 ], [ -76.935260694325407, -12.166838685556797 ], [ -76.934995453677175, -12.167187565853453 ], [ -76.934774289701522, -12.166866780377575 ], [ -76.934731332684805, -12.166804472648201 ], [ -76.934670697694457, -12.166727430426537 ], [ -76.934585730646916, -12.166619472210755 ], [ -76.934507470743029, -12.166520035970782 ], [ -76.934489221253102, -12.166496848364377 ], [ -76.934326824823017, -12.1662905091996 ], [ -76.934162527678438, -12.166048992666781 ], [ -76.9340888785988, -12.165940728681612 ], [ -76.933950870436206, -12.16567422898243 ], [ -76.933715303818076, -12.165429143939782 ], [ -76.93359498262231, -12.16528951699758 ], [ -76.933438305433242, -12.165107698361508 ], [ -76.93367058772742, -12.164914380094435 ], [ -76.933491004806001, -12.164761934215839 ], [ -76.933230454122054, -12.164658426744893 ], [ -76.933028710106782, -12.164835269431981 ], [ -76.933037372376702, -12.164675024632512 ], [ -76.933039573017709, -12.164634295236445 ], [ -76.933039663849229, -12.164632615302926 ], [ -76.933040130597476, -12.16462397281799 ], [ -76.933023021894826, -12.164586594295777 ], [ -76.932910126400998, -12.164339939936157 ], [ -76.932908784612607, -12.164337009944964 ], [ -76.932795518598198, -12.164202503742439 ], [ -76.932747673766073, -12.164145686374294 ], [ -76.932483219125231, -12.163831640417758 ], [ -76.932465130161575, -12.163792858053798 ], [ -76.932439647871263, -12.163738225138955 ], [ -76.932394587340298, -12.163641613669489 ], [ -76.932407358612693, -12.163612177959516 ], [ -76.932442629123841, -12.163530888239839 ], [ -76.932503940404501, -12.163524993183835 ], [ -76.932523720093528, -12.16353914401617 ], [ -76.932679795636034, -12.163497819268905 ], [ -76.932711566885132, -12.163489407010388 ], [ -76.932786435445564, -12.163469584153864 ], [ -76.932798264228381, -12.163466451815117 ], [ -76.932793975361619, -12.163424096444718 ], [ -76.932784686264142, -12.163332362898066 ], [ -76.932781095271196, -12.163296898133181 ], [ -76.932770656840205, -12.163193821437575 ], [ -76.932753153335241, -12.163020966344396 ], [ -76.932734242391234, -12.162901680268256 ], [ -76.932732254889515, -12.162889147316141 ], [ -76.932722220254163, -12.162825850332693 ], [ -76.932725768079592, -12.162779726802794 ], [ -76.932729001142377, -12.16273770058438 ], [ -76.932734117385451, -12.162671184927143 ], [ -76.932738480896148, -12.162596366728906 ], [ -76.932750176579248, -12.162395876368524 ], [ -76.932759258832675, -12.162240192930534 ], [ -76.932767430072715, -12.16210011542791 ], [ -76.93276724391302, -12.162047101292679 ], [ -76.932767155779516, -12.162022049777589 ], [ -76.932767109914153, -12.16200914270768 ], [ -76.932754994247546, -12.161976262594289 ], [ -76.932739865852113, -12.161935212140238 ], [ -76.932726978567189, -12.16190024020386 ], [ -76.932711405906616, -12.161875548417752 ], [ -76.932692584894767, -12.161845706214196 ], [ -76.93264637592938, -12.161772440245773 ], [ -76.932625364168985, -12.161739123961304 ], [ -76.932508476584815, -12.161729569563928 ], [ -76.932442548185008, -12.161700277745469 ], [ -76.932363731600901, -12.161665261742373 ], [ -76.9323577969746, -12.161662624930102 ], [ -76.932352179809129, -12.161654601178842 ], [ -76.932339249356858, -12.161636128204577 ], [ -76.93229813684934, -12.161577397079109 ], [ -76.932270470105948, -12.161537871875112 ], [ -76.93226185729884, -12.161525568250227 ], [ -76.932261307813079, -12.161522885572596 ], [ -76.932236577356093, -12.161402004099038 ], [ -76.932228675912427, -12.161363387210425 ], [ -76.932250889167122, -12.161244204556279 ], [ -76.932267506839878, -12.161155044869359 ], [ -76.932303080422628, -12.160964182650732 ], [ -76.932306020306498, -12.160948405844177 ], [ -76.932362420389325, -12.16082965486464 ], [ -76.932346141760945, -12.160793060551223 ], [ -76.932341589392763, -12.160782826266317 ], [ -76.932338093727935, -12.160774967990331 ], [ -76.932297756436128, -12.160684284851806 ], [ -76.932294320126744, -12.160676559675327 ], [ -76.932285735198434, -12.160652948874372 ], [ -76.932282804307874, -12.160644890049463 ], [ -76.932263860089051, -12.160592795920653 ], [ -76.932261881580416, -12.160587355921612 ], [ -76.932242416654105, -12.160592796820087 ], [ -76.932199321141638, -12.160604842339529 ], [ -76.932155337099005, -12.160617136071943 ], [ -76.932092392649622, -12.16063472860969 ], [ -76.932093313555526, -12.16065294887437 ], [ -76.932095566357134, -12.160697530066784 ], [ -76.932095846046366, -12.160703070789967 ], [ -76.932093895416926, -12.160703329794792 ], [ -76.932057915340408, -12.16070811508729 ], [ -76.932039568271307, -12.160710554048768 ], [ -76.932022670909419, -12.160712800555123 ], [ -76.931952170356283, -12.160591101597907 ], [ -76.931926608026345, -12.160546978160486 ], [ -76.931895180318179, -12.160492725658681 ], [ -76.931868740250081, -12.160447085064899 ], [ -76.931862772348893, -12.160436783330848 ], [ -76.931861286668948, -12.160426997807512 ], [ -76.931754410337589, -12.160459624312125 ], [ -76.931682772142153, -12.160481493126269 ], [ -76.931680635352905, -12.160482145134781 ], [ -76.931665568111328, -12.160447471773347 ], [ -76.931640997733837, -12.160390928698236 ], [ -76.931625255101324, -12.160354700409075 ], [ -76.931607376578938, -12.160313557324738 ], [ -76.931541843880893, -12.160162748212084 ], [ -76.931534266193353, -12.160145308558988 ], [ -76.931532157283073, -12.160140454018576 ], [ -76.931587354072974, -12.160117598648073 ], [ -76.931653984843365, -12.160090010145662 ], [ -76.931652048603041, -12.16008341991374 ], [ -76.931638247606884, -12.160037300880623 ], [ -76.931585153431968, -12.159859876332062 ], [ -76.931568921568385, -12.159805638219495 ], [ -76.931565763149422, -12.159795082876661 ], [ -76.931547407986329, -12.159733744616577 ], [ -76.931517260912699, -12.159633001661632 ], [ -76.931470596890449, -12.15947706731265 ], [ -76.931173523838879, -12.159648128258477 ], [ -76.931158763266126, -12.159788435088108 ], [ -76.93114337226865, -12.159934728704629 ], [ -76.931122205825034, -12.15994984630834 ], [ -76.931109437250655, -12.159958965433869 ], [ -76.9310176065772, -12.160024549393363 ], [ -76.930863624656482, -12.160214368398329 ], [ -76.930863166002212, -12.160214934071798 ], [ -76.93074770744073, -12.160510761562303 ], [ -76.930725471703056, -12.160567731815254 ], [ -76.930821793590837, -12.160934494231354 ], [ -76.930580448828607, -12.161115902776597 ], [ -76.930462492849585, -12.16120456603778 ], [ -76.930598586355643, -12.161357736769959 ], [ -76.93061529306118, -12.161376540694615 ], [ -76.930598586355643, -12.161378554276782 ], [ -76.930494765920571, -12.1613910620477 ], [ -76.930425697987403, -12.161399384373919 ], [ -76.930291016417243, -12.161404624723563 ], [ -76.93021455335878, -12.161407599680841 ], [ -76.929838636743455, -12.161422227153937 ], [ -76.929742697966958, -12.161425652671655 ], [ -76.929573792696203, -12.161430137590683 ], [ -76.929463473760109, -12.161331738268922 ], [ -76.929242317878561, -12.161134477374105 ], [ -76.929085078613411, -12.161186430309387 ], [ -76.929045941916513, -12.161345485305848 ], [ -76.929081632411339, -12.161357391430395 ], [ -76.929109701151731, -12.161373983922033 ], [ -76.929148214618294, -12.161396751159032 ], [ -76.929032702996778, -12.161613527342233 ], [ -76.928859479181483, -12.161547854349859 ], [ -76.928530062911932, -12.161460702849009 ], [ -76.928491509875244, -12.161737007856523 ], [ -76.928564536623981, -12.161762566589065 ], [ -76.928675512964446, -12.16180690496453 ], [ -76.928675265650838, -12.161807185553132 ], [ -76.928452071905554, -12.162060908583896 ], [ -76.928358316682875, -12.162156416585221 ], [ -76.928266754007382, -12.162249691569858 ], [ -76.927959913419159, -12.162575159815617 ], [ -76.927775234939077, -12.162779391355748 ], [ -76.927745772249466, -12.162811972894179 ], [ -76.927719155014813, -12.162846262245125 ], [ -76.927197221774293, -12.163104871292711 ], [ -76.926873615125089, -12.163290468879946 ], [ -76.926624677386826, -12.163428609242766 ], [ -76.926542684397191, -12.16347410864301 ], [ -76.926309810349323, -12.163597170073208 ], [ -76.926217362740999, -12.163646023045377 ], [ -76.926111885754835, -12.163701762126442 ], [ -76.925977034212622, -12.163773022606732 ], [ -76.926038900374863, -12.163925309305512 ], [ -76.926045551760637, -12.163941128380211 ], [ -76.926057886861827, -12.163970463366015 ], [ -76.92613440387953, -12.164152431289496 ], [ -76.926084856630723, -12.164236141084876 ], [ -76.926140698234519, -12.164256618647977 ], [ -76.926253527178403, -12.16429799465663 ], [ -76.926264774099934, -12.164303338428285 ], [ -76.926537015071119, -12.164432678025547 ], [ -76.926539011565922, -12.164433626810249 ], [ -76.926545288833779, -12.164436608962253 ], [ -76.926619391171812, -12.164471814722447 ], [ -76.926615132881921, -12.164779209293048 ], [ -76.926614145426299, -12.164850575893237 ], [ -76.92679527428237, -12.165029413276608 ], [ -76.926839717878636, -12.165073293897356 ], [ -76.926876045093309, -12.165066581357502 ], [ -76.927160656239153, -12.165013989903636 ], [ -76.927365102717204, -12.164976212082417 ], [ -76.927068272887539, -12.165253579070736 ], [ -76.926183113393279, -12.165382069965174 ], [ -76.925312230665213, -12.164968043750092 ], [ -76.925026695344513, -12.164411249874709 ], [ -76.924883082687998, -12.163995757697979 ], [ -76.924723901786535, -12.163899744277726 ], [ -76.924654653089704, -12.163835742225551 ], [ -76.924560075886745, -12.163748329022052 ], [ -76.924539173907931, -12.163729010815702 ], [ -76.924535447952394, -12.163725567181077 ], [ -76.924459539775853, -12.163643665922342 ], [ -76.924426944747665, -12.163608497933801 ], [ -76.924366328643089, -12.163464934658865 ], [ -76.924342519091795, -12.163408541770707 ], [ -76.92431844064339, -12.163351515759706 ], [ -76.924243572421005, -12.16323464698308 ], [ -76.924226758358145, -12.163208400347292 ], [ -76.924201372295386, -12.163168772620685 ], [ -76.924051329405188, -12.162917421101945 ], [ -76.924046866969263, -12.162909945037816 ], [ -76.924022722870291, -12.16286949982754 ], [ -76.923946389314267, -12.162655464777854 ], [ -76.923877100147877, -12.162461185135435 ], [ -76.923868569179035, -12.162416325153238 ], [ -76.923832812134435, -12.16222829939648 ], [ -76.923894082046161, -12.162040556926108 ], [ -76.924319543212277, -12.161928076919196 ], [ -76.924347702784189, -12.161920633230523 ], [ -76.924396814760996, -12.161869236076249 ], [ -76.924401771824193, -12.161836308298858 ], [ -76.92440944304127, -12.161785350013814 ], [ -76.924375841671576, -12.161757021369395 ], [ -76.924369004126049, -12.161751255815657 ], [ -76.924344814161771, -12.161730261142567 ], [ -76.924326581306559, -12.161720051139413 ], [ -76.924237738180977, -12.161670297945756 ], [ -76.92407833514693, -12.161581427840535 ], [ -76.923915273670787, -12.161490518072814 ], [ -76.923912473182043, -12.161495520101989 ], [ -76.923860999585372, -12.161491554991194 ], [ -76.923807816785256, -12.161487458354818 ], [ -76.923801760342883, -12.161486991831117 ], [ -76.923779273694436, -12.16148788485782 ], [ -76.9237057055538, -12.161375152141419 ], [ -76.923688422382568, -12.161364017635206 ], [ -76.923567675807476, -12.161347668859712 ], [ -76.923498256239441, -12.161333847179204 ], [ -76.923392162318407, -12.161307789322896 ], [ -76.923172744826161, -12.16125389744934 ], [ -76.922908669699154, -12.161211903606395 ], [ -76.922811494354846, -12.161329043900192 ], [ -76.922790628284645, -12.16136406619859 ], [ -76.922782621620513, -12.161421663279034 ], [ -76.922752556385205, -12.161553827646916 ], [ -76.922696701291613, -12.161764849967703 ], [ -76.922662962325774, -12.161860114252706 ], [ -76.922590536324037, -12.162020387830458 ], [ -76.92257651139677, -12.162030986340813 ], [ -76.922543618692998, -12.162055839105568 ], [ -76.9225006409917, -12.16210205076886 ], [ -76.922499361256371, -12.162103427630942 ], [ -76.922478738003292, -12.162128875746985 ], [ -76.92234123615907, -12.162298552636052 ], [ -76.922318676665498, -12.162463901987332 ], [ -76.922314732238874, -12.162492816989809 ], [ -76.922299860150247, -12.162641533379883 ], [ -76.922291976693316, -12.162688635372142 ], [ -76.922175911988631, -12.162658544056395 ], [ -76.922173201431974, -12.162663316758533 ], [ -76.922153666358497, -12.162697705034935 ], [ -76.922103783662578, -12.162972057614247 ], [ -76.9220748086654, -12.163234646983083 ], [ -76.922067505910547, -12.163300829069831 ], [ -76.922085645236166, -12.163568380975969 ], [ -76.922099249280805, -12.163668146367732 ], [ -76.922103930780452, -12.163729010815695 ], [ -76.922106050853529, -12.163756574006639 ], [ -76.922082142376837, -12.163898037364381 ], [ -76.922078842764165, -12.163917558048817 ], [ -76.922017623214629, -12.163983311980187 ], [ -76.921880651071035, -12.164080665390308 ], [ -76.921834845001968, -12.164067941781928 ], [ -76.921673252118822, -12.164275339834893 ], [ -76.921658145306935, -12.164365355676518 ], [ -76.921638263095304, -12.164483826067617 ], [ -76.92163719290204, -12.1644902049589 ], [ -76.92152949998632, -12.164495272638582 ], [ -76.921225069581169, -12.164509598838883 ], [ -76.921225997681518, -12.164444306259561 ], [ -76.921025640420851, -12.164450501689149 ], [ -76.920777996806976, -12.164458161215059 ], [ -76.920731759063301, -12.164459591137193 ], [ -76.920467751385445, -12.164502879104536 ], [ -76.920310707273245, -12.164537144173721 ], [ -76.920226892257247, -12.164563013172486 ], [ -76.920195065249914, -12.164572835567817 ], [ -76.920098770341781, -12.164629704197363 ], [ -76.920025728304552, -12.16467283928006 ], [ -76.919952860735862, -12.164760033948255 ], [ -76.919950657396839, -12.164712009251788 ], [ -76.919922030177474, -12.164495590998675 ], [ -76.919922742440463, -12.164247357429424 ], [ -76.91991404329832, -12.164138921673834 ], [ -76.919810155414268, -12.164002913603444 ], [ -76.919938558817364, -12.163893975126703 ], [ -76.919885258697676, -12.16379499034645 ], [ -76.919721552407623, -12.163640800682291 ], [ -76.919646360990555, -12.163578935419432 ], [ -76.919584286429497, -12.16353425137549 ], [ -76.919401752588669, -12.163402855357329 ], [ -76.9193069181797, -12.163354589642438 ], [ -76.919436648982071, -12.163201789431014 ], [ -76.919161493308195, -12.162934471348603 ], [ -76.918957720422327, -12.163099096745835 ], [ -76.91894260641601, -12.16311146332327 ], [ -76.91883268498033, -12.163015281729818 ], [ -76.91872839959575, -12.162922771168841 ], [ -76.918577119238591, -12.16278857073593 ], [ -76.918547525247959, -12.162763422094203 ], [ -76.918493003848937, -12.162717089921612 ], [ -76.918395229036776, -12.162625425650326 ], [ -76.918378789949088, -12.162610013940816 ], [ -76.918236735736684, -12.162468673790215 ], [ -76.918158825242188, -12.162388748595568 ], [ -76.918098042290637, -12.162326393847881 ], [ -76.918071124682569, -12.162298781063846 ], [ -76.917987606442864, -12.162214547863069 ], [ -76.917935496126177, -12.162141022889838 ], [ -76.917909828575603, -12.162103933049929 ], [ -76.917898464742279, -12.162087512328704 ], [ -76.917799152608723, -12.161944003013167 ], [ -76.917714206245549, -12.161826219704094 ], [ -76.917791300627812, -12.161746269974223 ], [ -76.917668008971361, -12.161607867009414 ], [ -76.917711981322725, -12.161572254755635 ], [ -76.917664987249282, -12.161502152602216 ], [ -76.917638559771675, -12.161462730820235 ], [ -76.917618710834688, -12.161433120641899 ], [ -76.917587355072328, -12.16138634690236 ], [ -76.917557049717857, -12.161341138882271 ], [ -76.917522233364323, -12.161289202134931 ], [ -76.917512643893303, -12.161274898417776 ], [ -76.917493949685877, -12.161248856749237 ], [ -76.917310308124115, -12.160993040096562 ], [ -76.917289005882893, -12.16096336606631 ], [ -76.917255553800715, -12.1609167667952 ], [ -76.917180396557967, -12.160812072219194 ], [ -76.917158471086395, -12.160775573233932 ], [ -76.917155497028432, -12.160770623365403 ], [ -76.917138697692565, -12.160742659845827 ], [ -76.917101416297157, -12.160680600329268 ], [ -76.917072923976207, -12.160633171883209 ], [ -76.91706635509405, -12.160622236744823 ], [ -76.917063228385132, -12.160617031750521 ], [ -76.91704953440842, -12.160594238433255 ], [ -76.917038658007584, -12.160576133281898 ], [ -76.917031789885073, -12.160564700200675 ], [ -76.916946982916841, -12.160440262807761 ], [ -76.916899712751388, -12.160370904393639 ], [ -76.916829946944461, -12.160268538162484 ], [ -76.916791964977051, -12.160187199879269 ], [ -76.916759727878969, -12.160118164321721 ], [ -76.916741279186624, -12.160078658003505 ], [ -76.916740246764846, -12.160076448369358 ], [ -76.916734010865753, -12.160063095235563 ], [ -76.916677189900383, -12.159941436747831 ], [ -76.916652435161609, -12.159888434303685 ], [ -76.916640850994384, -12.159863631900976 ], [ -76.916622604649319, -12.15982293757833 ], [ -76.916575622266976, -12.159718153070228 ], [ -76.916536549422119, -12.159631007864672 ], [ -76.916535940581127, -12.159619599065083 ], [ -76.916526905991873, -12.159450144308549 ], [ -76.91652221872539, -12.159362247269826 ], [ -76.916519054011019, -12.159302881222908 ], [ -76.916517148347509, -12.159267127775585 ], [ -76.91651556284279, -12.159237395289439 ], [ -76.916518920011924, -12.159222632918107 ], [ -76.916529310778913, -12.15914250782043 ], [ -76.916355383693826, -12.159076079397492 ], [ -76.91628675283124, -12.159087366788526 ], [ -76.916238390888793, -12.159123710190947 ], [ -76.916154643322045, -12.159166203157607 ], [ -76.916115194560518, -12.159078950932784 ], [ -76.915938481375747, -12.158960690982955 ], [ -76.915908737198379, -12.158857185310744 ], [ -76.915775487348753, -12.15886432322981 ], [ -76.91579452329853, -12.158798887658525 ], [ -76.915724611801238, -12.158793085232615 ], [ -76.915777866954784, -12.158689432970895 ], [ -76.915655325332864, -12.158612100268167 ], [ -76.915471807877566, -12.158965007728844 ], [ -76.915420392736735, -12.158944511280026 ], [ -76.915213455136609, -12.15886075022336 ], [ -76.915170549381287, -12.158843384314654 ], [ -76.914946935652438, -12.158745949965525 ], [ -76.914584784060423, -12.158588151321972 ], [ -76.914523095064567, -12.158559126602256 ], [ -76.914265220763184, -12.158437799065089 ], [ -76.913901411720644, -12.158266629301417 ], [ -76.914300675635559, -12.158012796553241 ], [ -76.914386103135996, -12.157953416117211 ], [ -76.91414615771879, -12.157590797777058 ], [ -76.914140921865965, -12.157582883742922 ], [ -76.914059544012616, -12.157437261020668 ], [ -76.913951155021664, -12.157205503031427 ], [ -76.913947195306719, -12.157197035015084 ], [ -76.913593131317839, -12.157414042324032 ], [ -76.913310352090946, -12.157190770337703 ], [ -76.912957716225549, -12.156938070735293 ], [ -76.912861209077505, -12.157029996736869 ], [ -76.912848359564066, -12.157022858817808 ], [ -76.912811419910952, -12.156996896289684 ], [ -76.912590006823336, -12.156841276703405 ], [ -76.912512615664525, -12.156786883008067 ], [ -76.912507694574401, -12.156783538429419 ], [ -76.912475909835223, -12.156763388219641 ], [ -76.912159693814658, -12.156562915845827 ], [ -76.912273084834794, -12.156438679001727 ], [ -76.91237643672315, -12.156325440866336 ], [ -76.912394436653699, -12.156305718733787 ], [ -76.912399280402383, -12.156300411834417 ], [ -76.912328932733885, -12.156237099562482 ], [ -76.912271889635917, -12.156185761763318 ], [ -76.912142298228332, -12.156069128687307 ], [ -76.912135999376858, -12.156061309082075 ], [ -76.91210089524003, -12.156017732432311 ], [ -76.911916870567097, -12.155771421613737 ], [ -76.911915296753477, -12.155769316300736 ], [ -76.911880867108209, -12.155730541131442 ], [ -76.911676063599316, -12.155499891107018 ], [ -76.911657403566153, -12.155478875749401 ], [ -76.911785172947191, -12.155389534399436 ], [ -76.911803404903196, -12.155376784710828 ], [ -76.911806748582421, -12.155374924912726 ], [ -76.912025884586853, -12.155253053285714 ], [ -76.912059197274061, -12.15515549483019 ], [ -76.912097806968063, -12.154968125578373 ], [ -76.912099295346039, -12.154960903123081 ], [ -76.911870274893204, -12.154724571181864 ], [ -76.911789235184926, -12.15463782437603 ], [ -76.911736637435752, -12.154581522319351 ], [ -76.911561984597782, -12.154496879926965 ], [ -76.911370438894551, -12.154430254552485 ], [ -76.911199338378594, -12.154426043926607 ], [ -76.911210453099898, -12.154326107663632 ], [ -76.911266489856487, -12.154148412419151 ], [ -76.911391292374219, -12.153752657658963 ], [ -76.911258041625217, -12.153666997233987 ], [ -76.911228236293937, -12.153607850621768 ], [ -76.911190496244274, -12.15353296137693 ], [ -76.910960939795416, -12.153616109096118 ], [ -76.910960673596151, -12.153673369830127 ], [ -76.910960820185494, -12.15370613123287 ], [ -76.910626013379726, -12.153770447148295 ], [ -76.9104903839239, -12.153744273279468 ], [ -76.910399964286853, -12.153668130379751 ], [ -76.910376372371616, -12.153631325625037 ], [ -76.909897577810796, -12.153735325025137 ], [ -76.909853387823489, -12.15377696723322 ], [ -76.909828474804101, -12.153800444035076 ], [ -76.909821612077621, -12.15380695962341 ], [ -76.909733865225633, -12.153890270119696 ], [ -76.909564163155437, -12.153903846285404 ], [ -76.909564655084694, -12.153902253586066 ], [ -76.909564923082598, -12.153901386639566 ], [ -76.909570497080665, -12.153883376816335 ], [ -76.909574135737671, -12.153871591200929 ], [ -76.909575578250269, -12.153866937209338 ], [ -76.909579101793966, -12.153855567080651 ], [ -76.90957972772209, -12.153853546304056 ], [ -76.909579746607847, -12.153853483351551 ], [ -76.909585188405629, -12.15383589171284 ], [ -76.909586579656832, -12.153831392404811 ], [ -76.909586926795214, -12.153830269151568 ], [ -76.909591507941627, -12.153815457317432 ], [ -76.909593282304058, -12.153809746622471 ], [ -76.909593500839378, -12.15380904155387 ], [ -76.909593519724979, -12.153808978601385 ], [ -76.90959424907517, -12.153806624176191 ], [ -76.909599767315342, -12.153788790620121 ], [ -76.90960345363635, -12.15377687820029 ], [ -76.909606490646922, -12.153767062999515 ], [ -76.909609158935439, -12.15375844119894 ], [ -76.909610086136411, -12.153755445557227 ], [ -76.909610111317363, -12.153755367316197 ], [ -76.909610130203305, -12.153755304363704 ], [ -76.90961235602532, -12.153748107089376 ], [ -76.909621162186738, -12.153719631855379 ], [ -76.909621297984415, -12.15371919208696 ], [ -76.90962230612439, -12.153715933843152 ], [ -76.909622949139703, -12.15371319630691 ], [ -76.909623601148098, -12.153710420998946 ], [ -76.90962900787224, -12.153687412743803 ], [ -76.909634015297399, -12.153666108703932 ], [ -76.909634580971044, -12.153663702118086 ], [ -76.909637417432748, -12.153651633216212 ], [ -76.909637473190742, -12.153651394895915 ], [ -76.909637790651459, -12.153650042315455 ], [ -76.909639859092067, -12.153641240650648 ], [ -76.909643060678547, -12.1536276177203 ], [ -76.909645129119326, -12.153618817854127 ], [ -76.909645409707707, -12.153617623554462 ], [ -76.90964804562077, -12.15360640271313 ], [ -76.909648126559603, -12.153606060071468 ], [ -76.909651409085157, -12.15359209539877 ], [ -76.909652028718085, -12.153589456787934 ], [ -76.909653705953531, -12.153582370130097 ], [ -76.909653868731027, -12.153581676752818 ], [ -76.909654080970881, -12.15358078282674 ], [ -76.90965577259567, -12.153573635914418 ], [ -76.909655843642057, -12.153573337339472 ], [ -76.90965725557777, -12.153567370337836 ], [ -76.909657929169953, -12.153564526681404 ], [ -76.909658120725624, -12.153563718190982 ], [ -76.909658847377784, -12.153560652402122 ], [ -76.90965963698244, -12.153557315917332 ], [ -76.909660050670709, -12.153555567635289 ], [ -76.909662066950659, -12.153547050156146 ], [ -76.909662462652364, -12.15354537831638 ], [ -76.909663170418824, -12.153542391667935 ], [ -76.909663436618132, -12.153541262119401 ], [ -76.90966369472352, -12.153540173040374 ], [ -76.909664353926701, -12.153537385142103 ], [ -76.90966590795523, -12.153530821889833 ], [ -76.90966599698794, -12.153530445973212 ], [ -76.909667119341975, -12.153525705646761 ], [ -76.909670773287473, -12.15351026878368 ], [ -76.909670782280614, -12.153510231911582 ], [ -76.909672875003139, -12.153501390676459 ], [ -76.909673276999911, -12.153499693655814 ], [ -76.909673298583698, -12.153499603723555 ], [ -76.909673500031886, -12.153498759260231 ], [ -76.909673514421002, -12.15349869900558 ], [ -76.909674518064321, -12.15349448028598 ], [ -76.909674338200091, -12.153494434420447 ], [ -76.909673984766471, -12.153494340891088 ], [ -76.909665210980506, -12.153492031432057 ], [ -76.909660085744179, -12.153490682448993 ], [ -76.909656419208204, -12.15348971567772 ], [ -76.909653437955626, -12.153488930569559 ], [ -76.909650093376968, -12.15348805103258 ], [ -76.909647329760332, -12.153487324380421 ], [ -76.909639308707085, -12.153485211872914 ], [ -76.909632294894379, -12.153483364665467 ], [ -76.909600899561724, -12.153475099895786 ], [ -76.90960074397907, -12.153475059426402 ], [ -76.909596946142074, -12.153474059380292 ], [ -76.909593236438695, -12.153473081817189 ], [ -76.909587898962286, -12.153471677076075 ], [ -76.90955347471305, -12.153462613708603 ], [ -76.909543109127071, -12.153459885165427 ], [ -76.909528772135104, -12.153456110710808 ], [ -76.909486992330699, -12.153445112002196 ], [ -76.909473256085846, -12.153441494928973 ], [ -76.90945379655534, -12.153436373289871 ], [ -76.909442769967768, -12.153433470278337 ], [ -76.909417827270886, -12.153426903428796 ], [ -76.909407208975324, -12.153424108335846 ], [ -76.909402759129932, -12.153422935619808 ], [ -76.909400002707741, -12.153422209867079 ], [ -76.909436812858473, -12.153280411062042 ], [ -76.909289580349707, -12.153261972262039 ], [ -76.909154532755451, -12.153245059611715 ], [ -76.909154244972399, -12.153245020940805 ], [ -76.909154176623872, -12.153245011048329 ], [ -76.909147294112245, -12.153263982246932 ], [ -76.909174033654494, -12.153419253795507 ], [ -76.909163162649747, -12.153418270836479 ], [ -76.909157427672994, -12.153417751927643 ], [ -76.909149640443388, -12.153417047758458 ], [ -76.90913382676456, -12.153415617836345 ], [ -76.909128350792628, -12.153415123209241 ], [ -76.909123162603805, -12.153414653763146 ], [ -76.909120808178557, -12.153414440623802 ], [ -76.909095536329929, -12.153412155446572 ], [ -76.909093120750811, -12.153411936911255 ], [ -76.909087493692709, -12.15341142789498 ], [ -76.909083973746249, -12.153411108635675 ], [ -76.90908341256926, -12.153411059172919 ], [ -76.909075978773288, -12.153410387379385 ], [ -76.909066071841664, -12.153409490755271 ], [ -76.909065495376126, -12.153409438594679 ], [ -76.909057961755366, -12.153408757807886 ], [ -76.909053633318365, -12.153408365703408 ], [ -76.909053548782083, -12.153408357609512 ], [ -76.909024717416628, -12.153405751374295 ], [ -76.909023140905163, -12.153405608382002 ], [ -76.90901893297729, -12.153405227069525 ], [ -76.909011218592696, -12.153404530094861 ], [ -76.90899208911361, -12.153402799799212 ], [ -76.908987082587615, -12.153402347440364 ], [ -76.908986831676827, -12.153402324057813 ], [ -76.908986391908343, -12.153402283588491 ], [ -76.908985045623297, -12.153402162179935 ], [ -76.908957764688978, -12.153399696238855 ], [ -76.908950853399062, -12.153399071210062 ], [ -76.908924273935895, -12.153396668221486 ], [ -76.908912443354495, -12.153395598028387 ], [ -76.908900449995656, -12.153394513446012 ], [ -76.908894820239595, -12.153394004429634 ], [ -76.908888667977536, -12.153393446849984 ], [ -76.908885667839172, -12.153393176154049 ], [ -76.908885042810425, -12.153393118597428 ], [ -76.90887701366313, -12.153392392844466 ], [ -76.908873318348924, -12.153392059196044 ], [ -76.908864728024582, -12.153391283081076 ], [ -76.908854267110655, -12.153390336994391 ], [ -76.908850884760511, -12.153390031224825 ], [ -76.908840696340917, -12.153389110319097 ], [ -76.908827789270902, -12.153387942999075 ], [ -76.908784927582303, -12.153383812412983 ], [ -76.908706586739527, -12.153470049303218 ], [ -76.908228960398105, -12.153380736731496 ], [ -76.908240360204445, -12.153343865426905 ], [ -76.908243786621313, -12.153332781282636 ], [ -76.908269974879261, -12.153248078635789 ], [ -76.908241543712165, -12.153240645739167 ], [ -76.908060366292773, -12.153193282044239 ], [ -76.908060269166015, -12.153193255963972 ], [ -76.907813156152145, -12.15312865406395 ], [ -76.90781337738531, -12.153128473300276 ], [ -76.90781370833588, -12.153128206201592 ], [ -76.907814965588045, -12.153127192665753 ], [ -76.907815247975293, -12.153126966036556 ], [ -76.907816621239931, -12.153125859870439 ], [ -76.907824758305878, -12.153119307410009 ], [ -76.907835769604958, -12.153110439195297 ], [ -76.907836546619308, -12.153109813267115 ], [ -76.907851130025449, -12.153098069020645 ], [ -76.90785795587982, -12.153092570565551 ], [ -76.907859374110672, -12.153091429325906 ], [ -76.907860588195433, -12.153090450863436 ], [ -76.90787346738648, -12.153080078982383 ], [ -76.907881280696472, -12.153073787325244 ], [ -76.90788520893517, -12.153070622610976 ], [ -76.90788635916806, -12.15306969720865 ], [ -76.907912141831787, -12.153048931862648 ], [ -76.907916838091523, -12.153045150213355 ], [ -76.907920998355223, -12.153041800238839 ], [ -76.907926743224607, -12.153037173226844 ], [ -76.907946876347253, -12.15302095934965 ], [ -76.907965752217535, -12.153005758109202 ], [ -76.907970655321321, -12.15300180918598 ], [ -76.907987925002658, -12.152987900271336 ], [ -76.907994805715532, -12.152982358648783 ], [ -76.907994890251814, -12.152982096046861 ], [ -76.907995208611908, -12.152981103195248 ], [ -76.90799703513494, -12.152975415882619 ], [ -76.908001150432654, -12.152962597845478 ], [ -76.908004113698723, -12.152953366304699 ], [ -76.908006171347623, -12.152946957735828 ], [ -76.908006972643534, -12.152944459419237 ], [ -76.908011461159845, -12.152930478558696 ], [ -76.908011911720166, -12.152929075616321 ], [ -76.9080135871572, -12.152923857749732 ], [ -76.90801740657804, -12.152911958819802 ], [ -76.908017751917555, -12.152910885029138 ], [ -76.908020474165482, -12.152902406220901 ], [ -76.908022746752238, -12.152895323160468 ], [ -76.908023494988186, -12.15289299391646 ], [ -76.908024798105885, -12.152888935276112 ], [ -76.908026574266898, -12.152883401747545 ], [ -76.908029720095385, -12.152873605432493 ], [ -76.908029858590908, -12.152873171059861 ], [ -76.908031632953339, -12.152867644725967 ], [ -76.908035312079846, -12.152856185564353 ], [ -76.908037472251522, -12.152849457736124 ], [ -76.9080397439389, -12.152842380970988 ], [ -76.908043031860302, -12.152832138592144 ], [ -76.908044485164808, -12.15282761230435 ], [ -76.90805691019807, -12.152788909080872 ], [ -76.908056178150048, -12.152788811953931 ], [ -76.908032279565873, -12.152785632850557 ], [ -76.908029292018057, -12.152785235350224 ], [ -76.907991685967431, -12.152780233321028 ], [ -76.907957802557405, -12.152775726132003 ], [ -76.907936869590742, -12.152772941617803 ], [ -76.907918411905143, -12.15277048556935 ], [ -76.907906881697158, -12.152768953124514 ], [ -76.907896481936916, -12.152767569967288 ], [ -76.907895733701025, -12.15276747014253 ], [ -76.907895371274321, -12.152767420679769 ], [ -76.907894455764449, -12.152768171613662 ], [ -76.907893260565459, -12.152769152774061 ], [ -76.907885264310607, -12.15277572613201 ], [ -76.907885154076496, -12.152775816750367 ], [ -76.907882055912012, -12.152778363630491 ], [ -76.907877462175065, -12.152782140783129 ], [ -76.907872750626836, -12.15278601416316 ], [ -76.907871445710498, -12.152787087054261 ], [ -76.907865574936295, -12.15279191281644 ], [ -76.907857669895407, -12.152798412216832 ], [ -76.90784569002642, -12.152808260692561 ], [ -76.907827613653296, -12.15282312109003 ], [ -76.907797813718005, -12.152847620421197 ], [ -76.907797598780121, -12.152847795789006 ], [ -76.90777145368952, -12.152869289585972 ], [ -76.907768836662456, -12.152871441663592 ], [ -76.907761866017154, -12.15287717304307 ], [ -76.907713587711726, -12.152916861923584 ], [ -76.907700349691254, -12.152927746418248 ], [ -76.907699731857122, -12.152928253635867 ], [ -76.907680021415842, -12.152944457620432 ], [ -76.907660498033465, -12.152960507821151 ], [ -76.907652746776762, -12.152966880417118 ], [ -76.907620661664055, -12.152993256633346 ], [ -76.907615817016108, -12.152997240630045 ], [ -76.907601711149937, -12.153008838287175 ], [ -76.907600704808601, -12.153009664764109 ], [ -76.907595165884175, -12.153014218031554 ], [ -76.907592687352576, -12.153016255895412 ], [ -76.907585622278532, -12.153022063717172 ], [ -76.907563903651123, -12.153039917058381 ], [ -76.907554478756026, -12.153047663818603 ], [ -76.907533758376132, -12.15306469697811 ], [ -76.907532978663994, -12.153065338194775 ], [ -76.907507466696075, -12.153086308586239 ], [ -76.907498165008235, -12.153093957320143 ], [ -76.907464778576639, -12.153121410024999 ], [ -76.907448580887149, -12.153134726286513 ], [ -76.907441939393834, -12.153140186070681 ], [ -76.907434927379768, -12.153145950724925 ], [ -76.90743079859233, -12.153149344766344 ], [ -76.907416196300403, -12.153161349816283 ], [ -76.907412806755417, -12.153164135916088 ], [ -76.907407097859107, -12.153168833075076 ], [ -76.90740706728225, -12.153168803397412 ], [ -76.90731511699903, -12.153102440624993 ], [ -76.907294412806891, -12.153087468711595 ], [ -76.907288098666584, -12.153082902853491 ], [ -76.907286043715771, -12.153081417173558 ], [ -76.907258797855093, -12.153061713027519 ], [ -76.907247301821371, -12.153053399694553 ], [ -76.907243305234317, -12.153050509273504 ], [ -76.907242152303411, -12.153049674702691 ], [ -76.907208089581445, -12.153025043171105 ], [ -76.907205799907729, -12.153023386619854 ], [ -76.907200156661702, -12.153019306395784 ], [ -76.907196890324087, -12.153016943876706 ], [ -76.907191446727836, -12.153013008443509 ], [ -76.907186208176824, -12.153009218700383 ], [ -76.907165450025445, -12.152994209015441 ], [ -76.907150892699462, -12.152983681551623 ], [ -76.907150827948215, -12.152983631189436 ], [ -76.907139182627077, -12.152999282091171 ], [ -76.907049777425243, -12.153119437811648 ], [ -76.907002610681843, -12.153182827425383 ], [ -76.907001398395664, -12.153184456996991 ], [ -76.907002831015745, -12.153185341929836 ], [ -76.907024790661467, -12.153198900109034 ], [ -76.907029426666497, -12.153201761751861 ], [ -76.90708553357041, -12.153236401838392 ], [ -76.907029528290082, -12.153404209936291 ], [ -76.907010676701248, -12.153460693656024 ], [ -76.907001483831323, -12.153488238091652 ], [ -76.906998671651252, -12.153494311213308 ], [ -76.906994934968111, -12.153502380830108 ], [ -76.906980171697398, -12.153534265393885 ], [ -76.906962528797635, -12.153572367870368 ], [ -76.906958741752305, -12.153580547204443 ], [ -76.906938855943281, -12.153623495228087 ], [ -76.906914385390508, -12.153676342988669 ], [ -76.9069120543477, -12.153681378292903 ], [ -76.906899737233061, -12.153707979339634 ], [ -76.906894895283017, -12.153718435757128 ], [ -76.906890719730768, -12.153727452359867 ], [ -76.906888571250363, -12.153732093760983 ], [ -76.906880643726652, -12.153749214154747 ], [ -76.906877927774033, -12.15375507863393 ], [ -76.906877640890343, -12.153755698266814 ], [ -76.906870321308247, -12.153771507449052 ], [ -76.906867460564797, -12.153777683992873 ], [ -76.906861309201986, -12.153790970576784 ], [ -76.906856729854155, -12.153800860421198 ], [ -76.906850791630575, -12.153813690149656 ], [ -76.906848225864906, -12.153819229074035 ], [ -76.906845760823046, -12.153824551261948 ], [ -76.906843754435556, -12.153828892289487 ], [ -76.906899938681079, -12.153850437347673 ], [ -76.907071710990522, -12.153917018655427 ], [ -76.907071735272268, -12.153917027648683 ], [ -76.907111758700637, -12.153932541853186 ], [ -76.9071968570492, -12.154084717036024 ], [ -76.907297869800686, -12.154265352164144 ], [ -76.907374286094353, -12.154402003249679 ], [ -76.907430545882903, -12.154410169093863 ], [ -76.907439658713201, -12.154420430358414 ], [ -76.907543527711596, -12.154537374600018 ], [ -76.907641307400297, -12.154517068807644 ], [ -76.907807816877096, -12.154482488975596 ], [ -76.907826858222904, -12.154499010420864 ], [ -76.907918229342727, -12.154641777795694 ], [ -76.908183776659939, -12.154493298826658 ], [ -76.908333597417425, -12.154709092950213 ], [ -76.908386867859519, -12.154794641859217 ], [ -76.90869513207457, -12.154707824006787 ], [ -76.908839252029736, -12.154623279640594 ], [ -76.908867497936527, -12.154606711430393 ], [ -76.908925226318047, -12.154601228264031 ], [ -76.909082353167904, -12.154586305813217 ], [ -76.909082589689717, -12.154586283330209 ], [ -76.909208510064559, -12.154532211592203 ], [ -76.909413190366422, -12.154761060274616 ], [ -76.909333239737123, -12.154858142089548 ], [ -76.909549933182859, -12.155097761951994 ], [ -76.909873321296573, -12.155455365672488 ], [ -76.909890984881031, -12.155474898947315 ], [ -76.910155199402766, -12.155306878609402 ], [ -76.910165080254103, -12.155323036728598 ], [ -76.910192955640298, -12.155368620665234 ], [ -76.910209146135173, -12.155395095806851 ], [ -76.91040648167376, -12.155741503867139 ], [ -76.910574660292184, -12.15603672791252 ], [ -76.910581585071952, -12.156048884948007 ], [ -76.910632317627346, -12.156158986248165 ], [ -76.910018333379355, -12.156468332347577 ], [ -76.909951708004826, -12.156515920872948 ], [ -76.909282150150943, -12.156116585911658 ], [ -76.909272244118597, -12.156140408053261 ], [ -76.909265772597223, -12.156155969022684 ], [ -76.909247910262764, -12.156198925140179 ], [ -76.909242230144628, -12.156212584043438 ], [ -76.90917685482782, -12.156418363316783 ], [ -76.909150383283475, -12.156501688202177 ], [ -76.90914810709944, -12.156509835160653 ], [ -76.909078048113201, -12.156760573341725 ], [ -76.909319918079632, -12.156986530703701 ], [ -76.909367389693216, -12.15703087987106 ], [ -76.909666249697523, -12.157080373160618 ], [ -76.909635316616516, -12.157310229083638 ], [ -76.909726548341382, -12.157462987926527 ], [ -76.909690963067362, -12.157484804579886 ], [ -76.909690017879882, -12.157485369354154 ], [ -76.90988532095065, -12.157839536765028 ], [ -76.909824219212226, -12.157878906386376 ], [ -76.909798527380019, -12.157893312626129 ], [ -76.909784508747975, -12.157901173600237 ], [ -76.909615233855845, -12.157996094344121 ], [ -76.909633533260831, -12.15802730081913 ], [ -76.909575816570566, -12.158061616250508 ], [ -76.909772836447075, -12.158449944409369 ], [ -76.909794228620626, -12.158436067870191 ], [ -76.90981082381046, -12.158425303884476 ], [ -76.909851455180387, -12.158398951050685 ], [ -76.910103614290222, -12.15823539674602 ], [ -76.910109747666695, -12.158246519561212 ], [ -76.910119172561622, -12.158263612075974 ], [ -76.910120180701767, -12.158265441297024 ], [ -76.910120374055907, -12.158265792032571 ], [ -76.910262467838493, -12.158176459675765 ], [ -76.910339606287721, -12.158127964633811 ], [ -76.910517565932878, -12.158016085374024 ], [ -76.910705038606466, -12.157898223823915 ], [ -76.91070542441571, -12.157898768813023 ], [ -76.910714294429056, -12.157911365616888 ], [ -76.910748445284355, -12.157959876846736 ], [ -76.910788012756484, -12.158016085374014 ], [ -76.910816812645635, -12.158056994634542 ], [ -76.910900912746911, -12.158176459675749 ], [ -76.910922738393538, -12.158207462903944 ], [ -76.910922965922111, -12.158207792055924 ], [ -76.910923042364345, -12.158207740794531 ], [ -76.910924528044475, -12.158206749741677 ], [ -76.910951273882006, -12.158188902695548 ], [ -76.911103746740423, -12.158407839050367 ], [ -76.911130614885906, -12.158446418167504 ], [ -76.911154058412933, -12.158480079791669 ], [ -76.911216043285719, -12.158569083896003 ], [ -76.911272476643376, -12.158537674174161 ], [ -76.911285390008572, -12.158560871287028 ], [ -76.91142095831043, -12.158804408596444 ], [ -76.911446255340323, -12.158849853138186 ], [ -76.91148066070383, -12.158911660844405 ], [ -76.911500634646359, -12.158947542894742 ], [ -76.911514389777167, -12.158970534062799 ], [ -76.911536978048971, -12.15901783840247 ], [ -76.911593817000892, -12.159136872668462 ], [ -76.911639488171659, -12.159232518266036 ], [ -76.911699707675325, -12.159358631995184 ], [ -76.911706777245854, -12.159373435735299 ], [ -76.911645719574153, -12.159418877579064 ], [ -76.911720862427785, -12.159481021631739 ], [ -76.911859727644185, -12.159595866855744 ], [ -76.91193458541261, -12.159676779759474 ], [ -76.911988023128629, -12.159734541415842 ], [ -76.912096154014193, -12.159851419107554 ], [ -76.912144505164747, -12.159927461283132 ], [ -76.912201021260103, -12.160016345777644 ], [ -76.912207826429892, -12.160027047709955 ], [ -76.912211048700783, -12.160032117188386 ], [ -76.91221156221367, -12.160034825946417 ], [ -76.912255670362867, -12.160016406032186 ], [ -76.912280176888487, -12.160006171747391 ], [ -76.912363641168952, -12.159971315823388 ], [ -76.912418130192464, -12.160161703199995 ], [ -76.912462464970702, -12.160225203430238 ], [ -76.912525406722068, -12.160315355069541 ], [ -76.912573032119667, -12.16038356864663 ], [ -76.912642269125286, -12.160601602082124 ], [ -76.912724021995984, -12.160733788033721 ], [ -76.91276027096967, -12.160792397750814 ], [ -76.912825487106431, -12.160897845059484 ], [ -76.912814345405536, -12.161091478089078 ], [ -76.912811969396728, -12.161127021095131 ], [ -76.91281030655017, -12.161151884651591 ], [ -76.912853831039342, -12.161286509564656 ], [ -76.912871829171493, -12.161342180297302 ], [ -76.912892644879548, -12.161412519871758 ], [ -76.912929742813276, -12.161537880868362 ], [ -76.91298369763939, -12.161725865256415 ], [ -76.912993302398945, -12.161765241172814 ], [ -76.913001970064727, -12.16178622595339 ], [ -76.913020047337284, -12.161829990561499 ], [ -76.913047554001253, -12.16189658715775 ], [ -76.91312168691627, -12.162009883748967 ], [ -76.913285350038791, -12.162214129678212 ], [ -76.91333174336512, -12.162256788120143 ], [ -76.913324179167446, -12.162283263261928 ], [ -76.913306044338299, -12.162346732015914 ], [ -76.913250452746183, -12.162383919881956 ], [ -76.913196255103003, -12.162402124858156 ], [ -76.913119797440572, -12.162416389004992 ], [ -76.913086177185221, -12.162422660876988 ], [ -76.913071845589116, -12.162425333662107 ], [ -76.912830784113282, -12.162434654235817 ], [ -76.912627064287449, -12.162426425439092 ], [ -76.912615906398798, -12.16242597397939 ], [ -76.912583548791645, -12.162424667264421 ], [ -76.912575147325015, -12.162424328220142 ], [ -76.912547763868076, -12.162423222053977 ], [ -76.912457786697473, -12.162442452257274 ], [ -76.912437765989978, -12.162452690139441 ], [ -76.912399280402383, -12.162472370903062 ], [ -76.912395567101612, -12.162474270271277 ], [ -76.912346379581663, -12.162499423409596 ], [ -76.912296038231489, -12.162522729340358 ], [ -76.912242809158158, -12.162547372563047 ], [ -76.912168592606236, -12.162562314798828 ], [ -76.912133858090954, -12.162577532227141 ], [ -76.91209903544194, -12.16258452535544 ], [ -76.912032732024784, -12.162608325913483 ], [ -76.911942777337174, -12.162664809633153 ], [ -76.911855273302194, -12.16280846733685 ], [ -76.911827028294638, -12.162854838180181 ], [ -76.91177277579294, -12.163537267131121 ], [ -76.912061272909284, -12.163514408163339 ], [ -76.912085080661825, -12.163512521385595 ], [ -76.9125014856549, -12.163495865042082 ], [ -76.912817955284254, -12.16353393604215 ], [ -76.913257426089331, -12.16365184255841 ], [ -76.913316632056763, -12.163666559064376 ], [ -76.913592574637448, -12.163735148558207 ], [ -76.913921825431885, -12.16369984836922 ], [ -76.914412193367923, -12.163688601447692 ], [ -76.914973746241287, -12.163817092085079 ], [ -76.915532920407827, -12.163940824409396 ], [ -76.91568171324036, -12.164151144359671 ], [ -76.915233107122049, -12.1642215999467 ], [ -76.914585537692233, -12.164322675650849 ], [ -76.914293088055558, -12.164367133636226 ], [ -76.914303959959739, -12.164501818803783 ], [ -76.914309407153269, -12.164569309326119 ], [ -76.914313597094747, -12.164621208302094 ], [ -76.914327353124747, -12.164791628930457 ], [ -76.914426470105411, -12.164790291638486 ], [ -76.914502613005027, -12.164787912032466 ], [ -76.914593031742868, -12.164792671244696 ], [ -76.914830978866462, -12.164761738163513 ], [ -76.915275938233947, -12.16472604587023 ], [ -76.915654272226732, -12.164685595263904 ], [ -76.915925531138214, -12.164680836051676 ], [ -76.916249136887984, -12.164733183789275 ], [ -76.916670301992724, -12.16470225070821 ], [ -76.916852715979928, -12.164667654688452 ], [ -76.916946319217175, -12.164649902970499 ], [ -76.917115925959081, -12.164566983679272 ], [ -76.917267547159554, -12.164492858858299 ], [ -76.9174083288313, -12.16438834504595 ], [ -76.917612333207728, -12.164386192494936 ], [ -76.917816594060469, -12.164473732976255 ], [ -76.91793461568983, -12.164547972910549 ], [ -76.918028757620903, -12.164632260969933 ], [ -76.918045353709942, -12.1646646185772 ], [ -76.918059928123071, -12.164693035355182 ], [ -76.918086219559996, -12.164744297820683 ], [ -76.918088489691911, -12.164748724074178 ], [ -76.918102141400652, -12.16477086088644 ], [ -76.917959568279343, -12.16493594223977 ], [ -76.917954850435819, -12.16494606410942 ], [ -76.917913946571332, -12.165033820854037 ], [ -76.917742878431071, -12.165142325857516 ], [ -76.917652373358123, -12.165175955106116 ], [ -76.917641484366982, -12.165180602802419 ], [ -76.917623005996859, -12.165190477358525 ], [ -76.917600239659237, -12.165206139051973 ], [ -76.917586680580769, -12.165226759607085 ], [ -76.917574257345962, -12.165240934721339 ], [ -76.917566173340049, -12.165249302013533 ], [ -76.917536001984786, -12.165314853597517 ], [ -76.917538423858957, -12.165321531063743 ], [ -76.917530401007127, -12.165447535075653 ], [ -76.917528113131823, -12.165460346817383 ], [ -76.917525825256519, -12.165473157660067 ], [ -76.917520860998877, -12.165483784948554 ], [ -76.917520003944901, -12.165485618666251 ], [ -76.91751477528652, -12.165494857401661 ], [ -76.917458085622002, -12.165603759006164 ], [ -76.917397095399522, -12.165681547665143 ], [ -76.917281840984018, -12.165906763086577 ], [ -76.917274417979911, -12.165928561753621 ], [ -76.917267438341526, -12.165947247867162 ], [ -76.9172616323184, -12.165959549693296 ], [ -76.917257000809798, -12.165965476225715 ], [ -76.917254661673269, -12.165978214223053 ], [ -76.917269847625334, -12.16606654203718 ], [ -76.917281095446128, -12.166087331664986 ], [ -76.917287940186213, -12.166114055019538 ], [ -76.917293135569707, -12.166127696835648 ], [ -76.917294677906909, -12.16613219524459 ], [ -76.917299240167793, -12.16614549891546 ], [ -76.917308326917649, -12.166171992043697 ], [ -76.917305556106385, -12.16619113771076 ], [ -76.917304631603429, -12.16619752739388 ], [ -76.917271278446663, -12.166277721739457 ], [ -76.917262793343184, -12.166286297674327 ], [ -76.917154185816855, -12.166338124704561 ], [ -76.917129611841915, -12.166351723353337 ], [ -76.917129565077346, -12.166351719755873 ], [ -76.917122124985895, -12.166353827766779 ], [ -76.917098376588683, -12.166369738572426 ], [ -76.917017891762214, -12.166446403978277 ], [ -76.917015917750177, -12.166445500159561 ], [ -76.917011186416985, -12.166450005763011 ], [ -76.916993777340849, -12.166470589445955 ], [ -76.915914947916463, -12.166064766775543 ], [ -76.91588174821959, -12.166063173732718 ], [ -76.915415298077448, -12.166040791748964 ], [ -76.915301209183383, -12.166035317575679 ], [ -76.915112535015282, -12.166182950282803 ], [ -76.914900770487748, -12.166390545916887 ], [ -76.914763294090733, -12.166525315890565 ], [ -76.914655434800352, -12.166566273714462 ], [ -76.914604945961457, -12.166585447260506 ], [ -76.914536969805283, -12.166611259601849 ], [ -76.914395142221849, -12.166665117301196 ], [ -76.914384704690292, -12.166669080613481 ], [ -76.914372126772037, -12.166673857812265 ], [ -76.914367765060149, -12.166677168216655 ], [ -76.914190935862905, -12.166699069406429 ], [ -76.914141789711664, -12.166716605286977 ], [ -76.914069158664631, -12.166742520151107 ], [ -76.914039574566686, -12.166753076393201 ], [ -76.913989796192027, -12.166814340009699 ], [ -76.913947551438184, -12.166866330716459 ], [ -76.913967442643241, -12.166888947766658 ], [ -76.913894391612757, -12.166955227801456 ], [ -76.913891109087331, -12.166972042425648 ], [ -76.913891259274124, -12.166987794950609 ], [ -76.913888270826931, -12.167003110405123 ], [ -76.91388407998619, -12.167024586215568 ], [ -76.913881682393594, -12.1670368763506 ], [ -76.913878681355939, -12.167052258355 ], [ -76.913875674922338, -12.167067659244996 ], [ -76.913875727083109, -12.167073622649408 ], [ -76.913875813417974, -12.167083565554032 ], [ -76.91388030643094, -12.167093801637574 ], [ -76.913884204092597, -12.167107149375344 ], [ -76.913888108949038, -12.167120523193493 ], [ -76.913897747882686, -12.167138020403236 ], [ -76.913902278667081, -12.167148344620333 ], [ -76.913903643837898, -12.1671581850021 ], [ -76.913906981222112, -12.167174779292559 ], [ -76.913907147596603, -12.167190901438865 ], [ -76.913902927078254, -12.167212799031402 ], [ -76.913840733562779, -12.167280241889619 ], [ -76.913832547933623, -12.167288600188671 ], [ -76.913817387162567, -12.16729902602912 ], [ -76.913806018832645, -12.167306842936407 ], [ -76.913794654099775, -12.167314658044976 ], [ -76.913776346600969, -12.167324536198295 ], [ -76.913754664845726, -12.167308682049901 ], [ -76.913417062947019, -12.167061829839492 ], [ -76.913279794926439, -12.166878226049096 ], [ -76.912967345266679, -12.167018999627034 ], [ -76.912788885598559, -12.167151059673589 ], [ -76.912646118223677, -12.167400903928463 ], [ -76.912463682652756, -12.167363632425511 ], [ -76.912345757250762, -12.167382234002783 ], [ -76.911985817990967, -12.167622192909846 ], [ -76.912458102359381, -12.168242761993774 ], [ -76.912575495362773, -12.168397013711054 ], [ -76.912871867842398, -12.168786439942206 ], [ -76.912898344782775, -12.168829479696575 ], [ -76.912918288148319, -12.168873711052818 ], [ -76.912933430033661, -12.168926124440933 ], [ -76.912937163119409, -12.168943544309061 ], [ -76.912952392239049, -12.169006361954022 ], [ -76.912963812729743, -12.169050143649091 ], [ -76.912973331154205, -12.169084407819065 ], [ -76.912984751644899, -12.169112962193301 ], [ -76.912998076899555, -12.169135804973331 ], [ -76.913026631273908, -12.169149130228105 ], [ -76.913095158714498, -12.169175779838264 ], [ -76.91316939864879, -12.169206237177942 ], [ -76.913290568804655, -12.169261084131678 ], [ -76.913305503845777, -12.169267150958094 ], [ -76.91348861570691, -12.169339842259886 ], [ -76.913549723740744, -12.169364099673368 ], [ -76.913636119811031, -12.169398449278839 ], [ -76.913784370352232, -12.169457389047132 ], [ -76.913811495703953, -12.169468810437083 ], [ -76.913830055912172, -12.169478803703733 ], [ -76.913928133276556, -12.169541264317848 ], [ -76.913935707366875, -12.169549517396154 ], [ -76.913944178980515, -12.169565669220221 ], [ -76.913950905010097, -12.169620628589081 ], [ -76.914023918269095, -12.169874830059246 ], [ -76.914086290982596, -12.169997304737141 ], [ -76.914271733653493, -12.170361438829152 ], [ -76.914458249448558, -12.170727677840025 ], [ -76.914739466553115, -12.171209093924515 ], [ -76.914787207063853, -12.17129081981539 ], [ -76.91474699207987, -12.171427678644369 ], [ -76.914681493556031, -12.171650577412144 ], [ -76.914534869888257, -12.172149563551324 ], [ -76.914698914323367, -12.17221719436794 ], [ -76.914900770487748, -12.172283576029436 ], [ -76.914911638161527, -12.172287149932005 ], [ -76.915040128798864, -12.172318558754391 ], [ -76.915124361999631, -12.172332834592515 ], [ -76.915175758254463, -12.172348540352694 ], [ -76.915212877772035, -12.172367099661875 ], [ -76.915234403045247, -12.172380888966696 ], [ -76.91530076311966, -12.172423400819133 ], [ -76.915304248891857, -12.172425633835815 ], [ -76.915444910054433, -12.172541831640107 ], [ -76.915468431822674, -12.172561264190957 ], [ -76.915626904058286, -12.172675478090806 ], [ -76.915636898224136, -12.172696892747243 ], [ -76.915646892389987, -12.172739722959694 ], [ -76.915651035566725, -12.172768265642848 ], [ -76.915676201295582, -12.172941582088299 ], [ -76.915692761411719, -12.173055635908836 ], [ -76.915744164861223, -12.173409672018577 ], [ -76.915904015757633, -12.173476214655409 ], [ -76.916034839236431, -12.173530197360671 ], [ -76.916010403757014, -12.173577806570401 ], [ -76.915889575343613, -12.17381323739091 ], [ -76.915521009786687, -12.174531367628338 ], [ -76.915407477573012, -12.174752581066732 ], [ -76.915480158082801, -12.17477834394532 ], [ -76.915518020440231, -12.174791765427463 ], [ -76.915526504644333, -12.174794772760439 ], [ -76.915537184992957, -12.174796399634086 ], [ -76.915822635206439, -12.174839898042704 ], [ -76.915851416209819, -12.174844284036402 ], [ -76.915917694445966, -12.174851371593444 ], [ -76.916109102552923, -12.17487184196176 ], [ -76.916109574697032, -12.174871892323949 ], [ -76.916190705236716, -12.174882567276548 ], [ -76.916247558577894, -12.174890048736705 ], [ -76.916613835360124, -12.174938245203693 ], [ -76.91664024664999, -12.174943241837013 ], [ -76.916673437029317, -12.174951045254483 ], [ -76.916717993940097, -12.174961520557593 ], [ -76.9168228980583, -12.174986185364054 ], [ -76.916968971340907, -12.175020528674391 ], [ -76.916969403015514, -12.175020630297805 ], [ -76.917036996959666, -12.175072195625209 ], [ -76.917042865935343, -12.175076674249063 ], [ -76.917076755987352, -12.175102527959259 ], [ -76.917100948649818, -12.175120983846229 ], [ -76.917101311076536, -12.175121259938059 ], [ -76.917167413944867, -12.175116693180719 ], [ -76.917184462392925, -12.175115515068796 ], [ -76.917283991263048, -12.175108638852469 ], [ -76.917303432807159, -12.175107296164651 ], [ -76.91734217380214, -12.175104619782251 ], [ -76.917379038811475, -12.175079980156793 ], [ -76.917406923190811, -12.175061341707424 ], [ -76.917432211227379, -12.175044438949669 ], [ -76.917436784280142, -12.175041383053333 ], [ -76.917539727876104, -12.174972575923569 ], [ -76.917615434604443, -12.174921973769992 ], [ -76.917642107597146, -12.174901521388055 ], [ -76.917718450146253, -12.17484297912012 ], [ -76.917746202325361, -12.174821697563177 ], [ -76.917836189388595, -12.174752694381247 ], [ -76.917862303002721, -12.174732669177152 ], [ -76.917926316745991, -12.174725491687981 ], [ -76.917990450998388, -12.174718300708882 ], [ -76.918166609301466, -12.174698549798116 ], [ -76.918199698956812, -12.17469484009473 ], [ -76.918200181892814, -12.174694786135316 ], [ -76.918313983903204, -12.174795622619797 ], [ -76.918354705205445, -12.174831706118312 ], [ -76.918453306874596, -12.174919075254934 ], [ -76.918599152628644, -12.175035273958663 ], [ -76.918599530344011, -12.175035574332178 ], [ -76.918625369664937, -12.175045084662827 ], [ -76.918651396044993, -12.175054666039953 ], [ -76.918888314344201, -12.175141874198063 ], [ -76.918924229669301, -12.1751550951314 ], [ -76.919148927980473, -12.175237804880744 ], [ -76.919339963768209, -12.17530812467003 ], [ -76.919443932591264, -12.17514434373641 ], [ -76.91950938165246, -12.175041241859791 ], [ -76.919546777261814, -12.174982333567756 ], [ -76.919582262711231, -12.174926432608686 ], [ -76.919609757684114, -12.174883120359535 ], [ -76.919673594260928, -12.174848471279752 ], [ -76.919757635906137, -12.174792563126182 ], [ -76.91983318435382, -12.174742306312346 ], [ -76.91984928941298, -12.174731591789399 ], [ -76.919873422720229, -12.174715537092249 ], [ -76.919910543137007, -12.174713634126761 ], [ -76.919940736076001, -12.174723122873791 ], [ -76.919943854924838, -12.174724103134787 ], [ -76.920039986156326, -12.174778354737207 ], [ -76.920063780419071, -12.174793583856678 ], [ -76.920255088701197, -12.174868774374316 ], [ -76.920273173168255, -12.174879244281664 ], [ -76.920278722884518, -12.174887289616555 ], [ -76.92036215478953, -12.175008244834485 ], [ -76.920562843000653, -12.175341970655332 ], [ -76.920579742161308, -12.175369388286533 ], [ -76.920628352316498, -12.175386055421933 ], [ -76.920696001119325, -12.175354501808791 ], [ -76.920712954239377, -12.175342013822835 ], [ -76.920722772138049, -12.175326987950028 ], [ -76.920840530266105, -12.175019131127945 ], [ -76.920887152919647, -12.174966758209163 ], [ -76.921072516683182, -12.174758536377277 ], [ -76.921114280299662, -12.174769661890256 ], [ -76.921335630434953, -12.17482863313484 ], [ -76.921847518248342, -12.174854408603888 ], [ -76.921889412266466, -12.174571490881469 ], [ -76.921890260327203, -12.174566348558011 ], [ -76.921901037802627, -12.17450100112017 ], [ -76.922271650216373, -12.174506461803619 ], [ -76.922292556756076, -12.174506770271204 ], [ -76.922310402902667, -12.174372925070315 ], [ -76.922271650216373, -12.17436765504323 ], [ -76.922240636196307, -12.174363438122095 ], [ -76.922025298028927, -12.174322658363968 ], [ -76.921420471577335, -12.174245858059807 ], [ -76.921426667906303, -12.17406740828414 ], [ -76.921429203994364, -12.17399436264969 ], [ -76.921431462192061, -12.173929335370415 ], [ -76.921434495605411, -12.17384195634105 ], [ -76.921426935904265, -12.173730209281649 ], [ -76.921285102025763, -12.173705887116915 ], [ -76.921146292567187, -12.173682083860903 ], [ -76.921377732196504, -12.173538713940445 ], [ -76.921426232634474, -12.173505779867806 ], [ -76.921428024083866, -12.173504563984356 ], [ -76.921609643070553, -12.17338123905285 ], [ -76.921544477295654, -12.173294896042478 ], [ -76.921776855817143, -12.173037090089446 ], [ -76.921835586043414, -12.172968038344152 ], [ -76.921846502014319, -12.172955204119255 ], [ -76.92191459328383, -12.172875143772847 ], [ -76.921920384018392, -12.172875677970067 ], [ -76.921931520323312, -12.172876703197232 ], [ -76.922078824777827, -12.172890264973653 ], [ -76.922091437769552, -12.17289142599844 ], [ -76.922096555811265, -12.172891898142547 ], [ -76.922097278866204, -12.172891963793054 ], [ -76.922113726567034, -12.172893479150666 ], [ -76.9221298918809, -12.172894966629253 ], [ -76.922130248911742, -12.172894966629249 ], [ -76.922129908068655, -12.172896586308237 ], [ -76.922129434125907, -12.172898834613417 ], [ -76.922129244368989, -12.17289974023077 ], [ -76.92212901234393, -12.172900840101539 ], [ -76.922128076149704, -12.172905287249081 ], [ -76.922127020345556, -12.172910299170891 ], [ -76.922126912426904, -12.172910809985753 ], [ -76.922126507732116, -12.172912730937695 ], [ -76.922122626258044, -12.172931163442282 ], [ -76.92212046698576, -12.172941413015732 ], [ -76.922120234061481, -12.172942521879751 ], [ -76.922116608894271, -12.172959732205811 ], [ -76.922115874148233, -12.172963224273255 ], [ -76.922108645397657, -12.172997548697882 ], [ -76.922108494311487, -12.172998264558146 ], [ -76.922106163268666, -12.173011212097716 ], [ -76.922102593859449, -12.173031037652157 ], [ -76.9220880374329, -12.173111901093241 ], [ -76.922086153353177, -12.173117910363151 ], [ -76.922082181047756, -12.17313354417762 ], [ -76.922124211762764, -12.173144804588894 ], [ -76.922152453173112, -12.173152370585278 ], [ -76.922214482112452, -12.173168990056743 ], [ -76.922381595034437, -12.17320602233997 ], [ -76.922469656649241, -12.173225535829713 ], [ -76.922489351802028, -12.173226410870033 ], [ -76.922546458752038, -12.17322926711682 ], [ -76.922581731061996, -12.173225593386347 ], [ -76.92261498799121, -12.173222128298564 ], [ -76.922649252161193, -12.173222128298557 ], [ -76.92267637841212, -12.173226410870029 ], [ -76.922702075640132, -12.173243543854305 ], [ -76.922737767933597, -12.173262103163497 ], [ -76.922747080413274, -12.173263655393219 ], [ -76.92277203210358, -12.173267813858439 ], [ -76.922797049444227, -12.173267813858445 ], [ -76.922804869049287, -12.173267813858443 ], [ -76.922839878757316, -12.173259645316239 ], [ -76.922847699261808, -12.173257819692594 ], [ -76.922886279278259, -12.173246620435069 ], [ -76.9228922273943, -12.173244892837433 ], [ -76.922921613641336, -12.173236360969149 ], [ -76.922936215034213, -12.173232121565043 ], [ -76.922937036115286, -12.17311560090411 ], [ -76.922937106262282, -12.173105640912517 ], [ -76.923186685217217, -12.173096851838066 ], [ -76.923204999011261, -12.173096207024168 ], [ -76.923213386088776, -12.17311560090412 ], [ -76.923229769937791, -12.17315348934193 ], [ -76.923244892037985, -12.173177761144693 ], [ -76.923280905389333, -12.173220203749331 ], [ -76.923301711204886, -12.173237815172849 ], [ -76.923347766386144, -12.173267528773414 ], [ -76.92339154898076, -12.173284660858315 ], [ -76.923473401676063, -12.173299889078512 ], [ -76.923644895195707, -12.173323170727658 ], [ -76.923605854726361, -12.173695614161092 ], [ -76.923608397109717, -12.173700948040279 ], [ -76.92362061619832, -12.173726593107697 ], [ -76.923723334963825, -12.173942181286463 ], [ -76.923971553244485, -12.174183242762403 ], [ -76.924012466102397, -12.174222976609036 ], [ -76.924262812178881, -12.174466104726823 ], [ -76.923769844302853, -12.17478119839347 ], [ -76.923850570147522, -12.175373868708961 ], [ -76.924588203082976, -12.175266792728161 ], [ -76.925269885596606, -12.175202448034501 ], [ -76.925307056375345, -12.175288225371272 ], [ -76.925323229783089, -12.175384814357532 ], [ -76.92533323564021, -12.175444569810908 ], [ -76.925417156776234, -12.175496112655312 ], [ -76.925414483991119, -12.175631567642716 ], [ -76.925411021601363, -12.175806998394137 ], [ -76.925317949863484, -12.175915519585383 ], [ -76.92537197573597, -12.17594321240915 ], [ -76.925592661272233, -12.176043375301498 ], [ -76.925528974882184, -12.176087344954858 ], [ -76.925529988418191, -12.176088710125784 ], [ -76.925554892444154, -12.176197260095305 ], [ -76.925583665353727, -12.176235304115956 ], [ -76.925598148935265, -12.176254456078194 ], [ -76.925604263425782, -12.176262540084114 ], [ -76.925609260059275, -12.176269147403154 ], [ -76.925617819806405, -12.176280466270331 ], [ -76.925643365948417, -12.176314243907198 ], [ -76.925666426364387, -12.176344735421139 ], [ -76.925706518141226, -12.176360593166756 ], [ -76.925719329883009, -12.176399943902201 ], [ -76.925728609987345, -12.176418764014619 ], [ -76.925736290197506, -12.176434340272397 ], [ -76.925761246384241, -12.176473617263586 ], [ -76.925816710272898, -12.176538121137304 ], [ -76.925844055958351, -12.176563157363711 ], [ -76.925871691225495, -12.176583459558907 ], [ -76.925885551576869, -12.176593644381049 ], [ -76.925887357415434, -12.176594969981743 ], [ -76.925918314778244, -12.176576630107256 ], [ -76.925920649418288, -12.176575247849319 ], [ -76.9259242655923, -12.176573104764826 ], [ -76.925934852411388, -12.176579656326002 ], [ -76.926005595781476, -12.176612040013541 ], [ -76.926069956663085, -12.176635739847365 ], [ -76.926099737712605, -12.1766425639031 ], [ -76.926219406899975, -12.176681033302936 ], [ -76.926264374801008, -12.176701752783581 ], [ -76.926319758649825, -12.176727272845255 ], [ -76.926334020098807, -12.176736132066706 ], [ -76.926398281155571, -12.176776052073016 ], [ -76.926422559253581, -12.176793632020411 ], [ -76.926432782746645, -12.176801036138787 ], [ -76.926484911949046, -12.17684318016847 ], [ -76.926526165649932, -12.176888068029832 ], [ -76.926532639869322, -12.17689511331877 ], [ -76.926548870833699, -12.176912774205059 ], [ -76.926562902955482, -12.176930907235434 ], [ -76.926586668439825, -12.176961619083333 ], [ -76.926610133550753, -12.17701073465752 ], [ -76.926621328311512, -12.177034165594073 ], [ -76.926630043641467, -12.177046906289606 ], [ -76.926651497868306, -12.177078265649417 ], [ -76.926699288741077, -12.177120833259675 ], [ -76.926706306150948, -12.177127082648667 ], [ -76.926747353007784, -12.177154824935094 ], [ -76.926825952855381, -12.177195278239369 ], [ -76.92703480781006, -12.177325151134701 ], [ -76.927220642818327, -12.177440710420338 ], [ -76.927282333612652, -12.17745819144222 ], [ -76.927341678075891, -12.177478999955778 ], [ -76.927370786432505, -12.177492491585102 ], [ -76.92739059040332, -12.177501671864484 ], [ -76.927475070917637, -12.177559318407763 ], [ -76.927477363289597, -12.177561256446724 ], [ -76.927686434980842, -12.177738057765115 ], [ -76.927717486772565, -12.177764317069544 ], [ -76.927889097203945, -12.177913858137973 ], [ -76.928098489053866, -12.178067332840955 ], [ -76.928131388053046, -12.178087998362345 ], [ -76.928144700717326, -12.178096360258678 ], [ -76.928149944664199, -12.178099653576107 ], [ -76.928206815991587, -12.1780503491442 ], [ -76.928290658886624, -12.178126835584916 ], [ -76.928307927668584, -12.17814258990847 ], [ -76.928337456008705, -12.178169528201124 ], [ -76.928389857705724, -12.178217331664364 ], [ -76.92840692683815, -12.178232904324943 ], [ -76.928407467330601, -12.178233415139964 ], [ -76.928418060444983, -12.178243439882694 ], [ -76.928539307043252, -12.178358191577161 ], [ -76.928540176687704, -12.178359015356241 ], [ -76.928758006876421, -12.178535584649458 ], [ -76.928766818433701, -12.178542727065121 ], [ -76.92891422631044, -12.178662214589506 ], [ -76.928957937858343, -12.178697646978714 ], [ -76.928993015914784, -12.178662214589497 ], [ -76.929067177608033, -12.178587301962295 ], [ -76.929143343890189, -12.178510364961193 ], [ -76.929248385604353, -12.178404261147698 ], [ -76.929289957665276, -12.178362268204008 ], [ -76.92932209673728, -12.17832980357746 ], [ -76.929423915281291, -12.178320992020138 ], [ -76.929480656207204, -12.178316081721729 ], [ -76.92963541244427, -12.178302689017807 ], [ -76.929966124636849, -12.178274067194307 ], [ -76.929989575358547, -12.17827354558756 ], [ -76.930108983742471, -12.178262129593461 ], [ -76.930340775006584, -12.178218142852982 ], [ -76.930390906814807, -12.178208629824391 ], [ -76.930596820986466, -12.178175925978101 ], [ -76.930620448874549, -12.17817243031328 ], [ -76.930700739447502, -12.178160550269121 ], [ -76.930844655256465, -12.178139257020977 ], [ -76.930970176332494, -12.178125582829248 ], [ -76.931069824812369, -12.178102598855673 ], [ -76.931209413083877, -12.178070403126588 ], [ -76.931332193925485, -12.178040422427497 ], [ -76.931337006197737, -12.178039105819952 ], [ -76.931374471054824, -12.178028861642531 ], [ -76.931690080032979, -12.177942566296229 ], [ -76.931698003060262, -12.17794039982949 ], [ -76.931751181771418, -12.177925859590696 ], [ -76.931814958093753, -12.177890170894496 ], [ -76.931843399153479, -12.177874254692989 ], [ -76.931886414626263, -12.177850183439023 ], [ -76.931996595066664, -12.177791294932149 ], [ -76.932077614989794, -12.177747990777052 ], [ -76.932377993949103, -12.177566962645191 ], [ -76.932470594442236, -12.177511156114859 ], [ -76.932645224797056, -12.177407711596567 ], [ -76.932655724382073, -12.177397574438436 ], [ -76.932746242944759, -12.17731017022799 ], [ -76.932828334859551, -12.177228079212391 ], [ -76.932902098153136, -12.177148366903566 ], [ -76.933013573617302, -12.177009079005645 ], [ -76.933032886558237, -12.176984948396475 ], [ -76.933055380401356, -12.176956843683332 ], [ -76.933063592111068, -12.176946583318006 ], [ -76.933095081872295, -12.17696684594307 ], [ -76.933165189421914, -12.176996769984902 ], [ -76.933253688107015, -12.177034543309443 ], [ -76.933288388448261, -12.177055233112471 ], [ -76.933318852083346, -12.177073396719717 ], [ -76.933348417295576, -12.177091025230528 ], [ -76.933402069949466, -12.177123015914331 ], [ -76.933429826625172, -12.177139566138006 ], [ -76.933451984121632, -12.177152777178886 ], [ -76.933497429562635, -12.177179874651365 ], [ -76.933533653355312, -12.177198248700112 ], [ -76.933617682410045, -12.17724087386717 ], [ -76.933645726868633, -12.177255099343256 ], [ -76.933691270335771, -12.177278201127992 ], [ -76.93374809489859, -12.177307026198143 ], [ -76.933824783686646, -12.17734592727259 ], [ -76.933839815854753, -12.177353552624247 ], [ -76.933830804647869, -12.177370286309612 ], [ -76.933966524935045, -12.177431457295768 ], [ -76.934197864739531, -12.177535725593193 ], [ -76.93423694118178, -12.177553337916097 ], [ -76.934352585003694, -12.177605460823253 ], [ -76.934400628586047, -12.177627114699526 ], [ -76.934370432949038, -12.177684157797607 ], [ -76.934202974687366, -12.178000502421183 ], [ -76.93394595564132, -12.178433533180959 ], [ -76.933905267613966, -12.178509271385732 ], [ -76.9338915763351, -12.178566874761323 ], [ -76.933864699196377, -12.178679948320902 ], [ -76.933774791273493, -12.178734129776215 ], [ -76.93369960615189, -12.178779439419538 ], [ -76.933620919070052, -12.178729204189271 ], [ -76.933541149204586, -12.178678279179165 ], [ -76.933417395296487, -12.17878888230104 ], [ -76.933402946788419, -12.178951982447918 ], [ -76.933442625776422, -12.179051692081829 ], [ -76.933470092870436, -12.179120712350873 ], [ -76.933462954051947, -12.179194475644412 ], [ -76.933455943836577, -12.179212152718604 ], [ -76.933337104723478, -12.179253961301244 ], [ -76.933243798262595, -12.179320241336031 ], [ -76.933182360177739, -12.179381316094798 ], [ -76.933360153448177, -12.179626551324249 ], [ -76.933421052839208, -12.179710551600579 ], [ -76.933362949440493, -12.179708019109736 ], [ -76.933268532316788, -12.179703903811975 ], [ -76.933233411092885, -12.179708738567394 ], [ -76.933229094347098, -12.179709333019272 ], [ -76.933148326234175, -12.179737587019931 ], [ -76.933131591649612, -12.179747939116007 ], [ -76.933112347057033, -12.17978215112521 ], [ -76.933111169844494, -12.179786929223379 ], [ -76.933103409594537, -12.179818429776672 ], [ -76.933077329255298, -12.179924309659034 ], [ -76.933157278985163, -12.180093132192148 ], [ -76.933163844935336, -12.180106264991982 ], [ -76.933170345235112, -12.180119264692227 ], [ -76.933240559803849, -12.180259694728989 ], [ -76.933247962123573, -12.180274076687176 ], [ -76.933275894167025, -12.18032834717536 ], [ -76.933350885035281, -12.180474049038031 ], [ -76.933413005705575, -12.18057904758496 ], [ -76.933436261274267, -12.180618355152822 ], [ -76.933662913812327, -12.180842663158327 ], [ -76.933609793557025, -12.18090329994727 ], [ -76.933647762933902, -12.180945113925755 ], [ -76.933813622200773, -12.181127769830661 ], [ -76.933861464334939, -12.181180455713323 ], [ -76.933985748843213, -12.181317326233561 ], [ -76.934004784792819, -12.181717074882958 ], [ -76.933744399584157, -12.181982305638707 ], [ -76.93372429434055, -12.181974935694596 ], [ -76.933317914090367, -12.182183449806191 ], [ -76.933280940263103, -12.182577843892252 ], [ -76.933275083877845, -12.182640306305025 ], [ -76.933646279052368, -12.183144752228369 ], [ -76.93372602643484, -12.183256027143781 ], [ -76.933830601401041, -12.183401943944366 ], [ -76.933893086999944, -12.183429120999843 ], [ -76.934033166999825, -12.183468977999832 ], [ -76.934305406999954, -12.183506136999828 ], [ -76.934304538999811, -12.183569956999857 ], [ -76.934716547999869, -12.183624118999893 ], [ -76.934712740999828, -12.183679321999925 ], [ -76.934819369328295, -12.183704130233531 ], [ -76.935092838886135, -12.183767755883542 ], [ -76.935241845999826, -12.183802423999905 ], [ -76.935209333999865, -12.183896645999884 ], [ -76.935122683999907, -12.184122562999853 ], [ -76.935081550999882, -12.18423897799989 ], [ -76.935039864999965, -12.184356954999936 ], [ -76.935037630999886, -12.184363278999848 ], [ -76.934966122999924, -12.184528403999934 ], [ -76.934907122999903, -12.184662194999813 ], [ -76.935088457999825, -12.184771335999878 ], [ -76.935407774999874, -12.184944234999882 ], [ -76.935454092999862, -12.184969313999822 ], [ -76.93604423399978, -12.185266020999846 ], [ -76.936161675999813, -12.185325066999955 ], [ -76.936901222999893, -12.18572125199996 ], [ -76.937025866999818, -12.185773391999822 ], [ -76.936939058999826, -12.185910199999856 ], [ -76.936851419999925, -12.186087956999918 ], [ -76.936792359999856, -12.18620774699996 ], [ -76.936753504999842, -12.186271898999841 ], [ -76.936694650999925, -12.186398623999882 ], [ -76.936606277999829, -12.186588909999887 ], [ -76.936464062999789, -12.186895128999824 ], [ -76.936026161999791, -12.187862046999891 ], [ -76.936025138999867, -12.18786465899985 ], [ -76.936043166999866, -12.187876484999835 ], [ -76.936044826999989, -12.187877579999855 ], [ -76.936332150999874, -12.188067022999967 ], [ -76.936379958999908, -12.188098543999848 ], [ -76.936593490999826, -12.188239567999853 ], [ -76.936604864999879, -12.188247079999945 ], [ -76.93662449899989, -12.18826004699986 ], [ -76.937003134999884, -12.188496018999835 ], [ -76.937017703999857, -12.188505097999885 ], [ -76.937336972999958, -12.188692748999872 ], [ -76.937531058999866, -12.188806822999824 ], [ -76.937543273999893, -12.18881400199996 ], [ -76.937621699999909, -12.188859967999864 ], [ -76.937895517999834, -12.189020453999889 ], [ -76.937941550999824, -12.189048777999851 ], [ -76.938108174999911, -12.189151299999885 ], [ -76.938301761545461, -12.189259680795708 ] ] ] ] } },
{ "type": "Feature", "properties": { "index": 13, "UBIGEO": "150143", "CCDD": "15", "CCPP": "01", "CCDI": "43", "DEPARTAMEN": "LIMA", "PROVINCIA": "LIMA", "DISTRITO": "VILLA MARIA DEL TRIUNFO", "OBJECTID": 1336.0, "ESRI_OID": 1336.0, "Zonas": "Villa María del Triunfo (Cercado)", "sububigeo": "15014305", "tipo_influencia": "Directa", "abreviatura": "VMT" }, "geometry": { "type": "MultiPolygon", "coordinates": [ [ [ [ -76.926476202273193, -12.149363266843981 ], [ -76.917361583059176, -12.161064467186076 ], [ -76.917493949685877, -12.161248856749237 ], [ -76.917512643893303, -12.161274898417776 ], [ -76.917522233364323, -12.161289202134931 ], [ -76.917557049717857, -12.161341138882271 ], [ -76.917587355072328, -12.16138634690236 ], [ -76.917618710834688, -12.161433120641899 ], [ -76.917638559771675, -12.161462730820235 ], [ -76.917664987249282, -12.161502152602216 ], [ -76.917711981322725, -12.161572254755635 ], [ -76.917668008971361, -12.161607867009414 ], [ -76.917791300627812, -12.161746269974223 ], [ -76.917714206245549, -12.161826219704094 ], [ -76.917799152608723, -12.161944003013167 ], [ -76.917898464742279, -12.162087512328704 ], [ -76.917909828575603, -12.162103933049929 ], [ -76.917935496126177, -12.162141022889838 ], [ -76.917987606442864, -12.162214547863069 ], [ -76.918071124682569, -12.162298781063846 ], [ -76.918098042290637, -12.162326393847881 ], [ -76.918158825242188, -12.162388748595568 ], [ -76.918236735736684, -12.162468673790215 ], [ -76.918378789949088, -12.162610013940816 ], [ -76.918395229036776, -12.162625425650326 ], [ -76.918493003848937, -12.162717089921612 ], [ -76.918547525247959, -12.162763422094203 ], [ -76.918577119238591, -12.16278857073593 ], [ -76.91872839959575, -12.162922771168841 ], [ -76.91883268498033, -12.163015281729818 ], [ -76.91894260641601, -12.16311146332327 ], [ -76.918957720422327, -12.163099096745835 ], [ -76.919161493308195, -12.162934471348603 ], [ -76.919436648982071, -12.163201789431014 ], [ -76.9193069181797, -12.163354589642438 ], [ -76.919401752588669, -12.163402855357329 ], [ -76.919584286429497, -12.16353425137549 ], [ -76.919646360990555, -12.163578935419432 ], [ -76.919721552407623, -12.163640800682291 ], [ -76.919885258697676, -12.16379499034645 ], [ -76.919938558817364, -12.163893975126703 ], [ -76.919810155414268, -12.164002913603444 ], [ -76.91991404329832, -12.164138921673834 ], [ -76.919922742440463, -12.164247357429424 ], [ -76.919922030177474, -12.164495590998675 ], [ -76.919950657396839, -12.164712009251788 ], [ -76.919952860735862, -12.164760033948255 ], [ -76.920025728304552, -12.16467283928006 ], [ -76.920098770341781, -12.164629704197363 ], [ -76.920195065249914, -12.164572835567817 ], [ -76.920226892257247, -12.164563013172486 ], [ -76.920310707273245, -12.164537144173721 ], [ -76.920467751385445, -12.164502879104536 ], [ -76.920731759063301, -12.164459591137193 ], [ -76.920777996806976, -12.164458161215059 ], [ -76.921025640420851, -12.164450501689149 ], [ -76.921225997681518, -12.164444306259561 ], [ -76.921225069581169, -12.164509598838883 ], [ -76.92152949998632, -12.164495272638582 ], [ -76.92163719290204, -12.1644902049589 ], [ -76.921638263095304, -12.164483826067617 ], [ -76.921658145306935, -12.164365355676518 ], [ -76.921673252118822, -12.164275339834893 ], [ -76.921834845001968, -12.164067941781928 ], [ -76.921880651071035, -12.164080665390308 ], [ -76.922017623214629, -12.163983311980187 ], [ -76.922078842764165, -12.163917558048817 ], [ -76.922082142376837, -12.163898037364381 ], [ -76.922106050853529, -12.163756574006639 ], [ -76.922103930780452, -12.163729010815695 ], [ -76.922099249280805, -12.163668146367732 ], [ -76.922085645236166, -12.163568380975969 ], [ -76.922067505910547, -12.163300829069831 ], [ -76.9220748086654, -12.163234646983083 ], [ -76.922103783662578, -12.162972057614247 ], [ -76.922153666358497, -12.162697705034935 ], [ -76.922173201431974, -12.162663316758533 ], [ -76.922175911988631, -12.162658544056395 ], [ -76.922291976693316, -12.162688635372142 ], [ -76.922299860150247, -12.162641533379883 ], [ -76.922314732238874, -12.162492816989809 ], [ -76.922318676665498, -12.162463901987332 ], [ -76.92234123615907, -12.162298552636052 ], [ -76.922478738003292, -12.162128875746985 ], [ -76.922499361256371, -12.162103427630942 ], [ -76.9225006409917, -12.16210205076886 ], [ -76.922543618692998, -12.162055839105568 ], [ -76.92257651139677, -12.162030986340813 ], [ -76.922590536324037, -12.162020387830458 ], [ -76.922662962325774, -12.161860114252706 ], [ -76.922696701291613, -12.161764849967703 ], [ -76.922752556385205, -12.161553827646916 ], [ -76.922782621620513, -12.161421663279034 ], [ -76.922790628284645, -12.16136406619859 ], [ -76.922811494354846, -12.161329043900192 ], [ -76.922908669699154, -12.161211903606395 ], [ -76.923172744826161, -12.16125389744934 ], [ -76.923392162318407, -12.161307789322896 ], [ -76.923498256239441, -12.161333847179204 ], [ -76.923567675807476, -12.161347668859712 ], [ -76.923688422382568, -12.161364017635206 ], [ -76.9237057055538, -12.161375152141419 ], [ -76.923779273694436, -12.16148788485782 ], [ -76.923801760342883, -12.161486991831117 ], [ -76.923807816785256, -12.161487458354818 ], [ -76.923860999585372, -12.161491554991194 ], [ -76.923912473182043, -12.161495520101989 ], [ -76.923915273670787, -12.161490518072814 ], [ -76.92407833514693, -12.161581427840535 ], [ -76.924237738180977, -12.161670297945756 ], [ -76.924326581306559, -12.161720051139413 ], [ -76.924344814161771, -12.161730261142567 ], [ -76.924369004126049, -12.161751255815657 ], [ -76.924375841671576, -12.161757021369395 ], [ -76.92440944304127, -12.161785350013814 ], [ -76.924401771824193, -12.161836308298858 ], [ -76.924396814760996, -12.161869236076249 ], [ -76.924347702784189, -12.161920633230523 ], [ -76.924319543212277, -12.161928076919196 ], [ -76.923894082046161, -12.162040556926108 ], [ -76.923832812134435, -12.16222829939648 ], [ -76.923868569179035, -12.162416325153238 ], [ -76.923877100147877, -12.162461185135435 ], [ -76.923946389314267, -12.162655464777854 ], [ -76.924022722870291, -12.16286949982754 ], [ -76.924046866969263, -12.162909945037816 ], [ -76.924051329405188, -12.162917421101945 ], [ -76.924201372295386, -12.163168772620685 ], [ -76.924226758358145, -12.163208400347292 ], [ -76.924243572421005, -12.16323464698308 ], [ -76.92431844064339, -12.163351515759706 ], [ -76.924342519091795, -12.163408541770707 ], [ -76.924366328643089, -12.163464934658865 ], [ -76.924426944747665, -12.163608497933801 ], [ -76.924459539775853, -12.163643665922342 ], [ -76.924535447952394, -12.163725567181077 ], [ -76.924539173907931, -12.163729010815702 ], [ -76.924560075886745, -12.163748329022052 ], [ -76.924654653089704, -12.163835742225551 ], [ -76.924723901786535, -12.163899744277726 ], [ -76.924883082687998, -12.163995757697979 ], [ -76.925026695344513, -12.164411249874709 ], [ -76.925312230665213, -12.164968043750092 ], [ -76.926183113393279, -12.165382069965174 ], [ -76.927068272887539, -12.165253579070736 ], [ -76.927365102717204, -12.164976212082417 ], [ -76.927160656239153, -12.165013989903636 ], [ -76.926876045093309, -12.165066581357502 ], [ -76.926839717878636, -12.165073293897356 ], [ -76.92679527428237, -12.165029413276608 ], [ -76.926614145426299, -12.164850575893237 ], [ -76.926615132881921, -12.164779209293048 ], [ -76.926619391171812, -12.164471814722447 ], [ -76.926545288833779, -12.164436608962253 ], [ -76.926539011565922, -12.164433626810249 ], [ -76.926537015071119, -12.164432678025547 ], [ -76.926264774099934, -12.164303338428285 ], [ -76.926253527178403, -12.16429799465663 ], [ -76.926140698234519, -12.164256618647977 ], [ -76.926084856630723, -12.164236141084876 ], [ -76.92613440387953, -12.164152431289496 ], [ -76.926057886861827, -12.163970463366015 ], [ -76.926045551760637, -12.163941128380211 ], [ -76.926038900374863, -12.163925309305512 ], [ -76.925977034212622, -12.163773022606732 ], [ -76.926111885754835, -12.163701762126442 ], [ -76.926217362740999, -12.163646023045377 ], [ -76.926309810349323, -12.163597170073208 ], [ -76.926542684397191, -12.16347410864301 ], [ -76.926624677386826, -12.163428609242766 ], [ -76.926873615125089, -12.163290468879946 ], [ -76.927197221774293, -12.163104871292711 ], [ -76.927719155014813, -12.162846262245125 ], [ -76.927745772249466, -12.162811972894179 ], [ -76.927775234939077, -12.162779391355748 ], [ -76.927959913419159, -12.162575159815617 ], [ -76.928266754007382, -12.162249691569858 ], [ -76.928358316682875, -12.162156416585221 ], [ -76.928452071905554, -12.162060908583896 ], [ -76.928675265650838, -12.161807185553132 ], [ -76.928675512964446, -12.16180690496453 ], [ -76.928564536623981, -12.161762566589065 ], [ -76.928491509875244, -12.161737007856523 ], [ -76.928530062911932, -12.161460702849009 ], [ -76.928859479181483, -12.161547854349859 ], [ -76.929032702996778, -12.161613527342233 ], [ -76.929148214618294, -12.161396751159032 ], [ -76.929109701151731, -12.161373983922033 ], [ -76.929081632411339, -12.161357391430395 ], [ -76.929045941916513, -12.161345485305848 ], [ -76.929085078613411, -12.161186430309387 ], [ -76.929242317878561, -12.161134477374105 ], [ -76.929463473760109, -12.161331738268922 ], [ -76.929573792696203, -12.161430137590683 ], [ -76.929742697966958, -12.161425652671655 ], [ -76.929838636743455, -12.161422227153937 ], [ -76.93021455335878, -12.161407599680841 ], [ -76.930291016417243, -12.161404624723563 ], [ -76.930425697987403, -12.161399384373919 ], [ -76.930494765920571, -12.1613910620477 ], [ -76.930598586355643, -12.161378554276782 ], [ -76.93061529306118, -12.161376540694615 ], [ -76.930598586355643, -12.161357736769959 ], [ -76.930462492849585, -12.16120456603778 ], [ -76.930580448828607, -12.161115902776597 ], [ -76.930821793590837, -12.160934494231354 ], [ -76.930725471703056, -12.160567731815254 ], [ -76.93074770744073, -12.160510761562303 ], [ -76.930863166002212, -12.160214934071798 ], [ -76.930863624656482, -12.160214368398329 ], [ -76.9310176065772, -12.160024549393363 ], [ -76.931109437250655, -12.159958965433869 ], [ -76.931122205825034, -12.15994984630834 ], [ -76.93114337226865, -12.159934728704629 ], [ -76.931158763266126, -12.159788435088108 ], [ -76.931173523838879, -12.159648128258477 ], [ -76.931470596890449, -12.15947706731265 ], [ -76.931517260912699, -12.159633001661632 ], [ -76.931547407986329, -12.159733744616577 ], [ -76.931565763149422, -12.159795082876661 ], [ -76.931568921568385, -12.159805638219495 ], [ -76.931585153431968, -12.159859876332062 ], [ -76.931638247606884, -12.160037300880623 ], [ -76.931652048603041, -12.16008341991374 ], [ -76.931653984843365, -12.160090010145662 ], [ -76.931587354072974, -12.160117598648073 ], [ -76.931532157283073, -12.160140454018576 ], [ -76.931534266193353, -12.160145308558988 ], [ -76.931541843880893, -12.160162748212084 ], [ -76.931607376578938, -12.160313557324738 ], [ -76.931625255101324, -12.160354700409075 ], [ -76.931640997733837, -12.160390928698236 ], [ -76.931665568111328, -12.160447471773347 ], [ -76.931680635352905, -12.160482145134781 ], [ -76.931682772142153, -12.160481493126269 ], [ -76.931754410337589, -12.160459624312125 ], [ -76.931861286668948, -12.160426997807512 ], [ -76.931862772348893, -12.160436783330848 ], [ -76.931868740250081, -12.160447085064899 ], [ -76.931895180318179, -12.160492725658681 ], [ -76.931926608026345, -12.160546978160486 ], [ -76.931952170356283, -12.160591101597907 ], [ -76.932022670909419, -12.160712800555123 ], [ -76.932039568271307, -12.160710554048768 ], [ -76.932057915340408, -12.16070811508729 ], [ -76.932093895416926, -12.160703329794792 ], [ -76.932095846046366, -12.160703070789967 ], [ -76.932095566357134, -12.160697530066784 ], [ -76.932093313555526, -12.16065294887437 ], [ -76.932092392649622, -12.16063472860969 ], [ -76.932155337099005, -12.160617136071943 ], [ -76.932199321141638, -12.160604842339529 ], [ -76.932242416654105, -12.160592796820087 ], [ -76.932261881580416, -12.160587355921612 ], [ -76.932263860089051, -12.160592795920653 ], [ -76.932282804307874, -12.160644890049463 ], [ -76.932285735198434, -12.160652948874372 ], [ -76.932294320126744, -12.160676559675327 ], [ -76.932297756436128, -12.160684284851806 ], [ -76.932338093727935, -12.160774967990331 ], [ -76.932341589392763, -12.160782826266317 ], [ -76.932346141760945, -12.160793060551223 ], [ -76.932362420389325, -12.16082965486464 ], [ -76.932306020306498, -12.160948405844177 ], [ -76.932303080422628, -12.160964182650732 ], [ -76.932267506839878, -12.161155044869359 ], [ -76.932250889167122, -12.161244204556279 ], [ -76.932228675912427, -12.161363387210425 ], [ -76.932236577356093, -12.161402004099038 ], [ -76.932261307813079, -12.161522885572596 ], [ -76.93226185729884, -12.161525568250227 ], [ -76.932270470105948, -12.161537871875112 ], [ -76.93229813684934, -12.161577397079109 ], [ -76.932339249356858, -12.161636128204577 ], [ -76.932352179809129, -12.161654601178842 ], [ -76.9323577969746, -12.161662624930102 ], [ -76.932363731600901, -12.161665261742373 ], [ -76.932442548185008, -12.161700277745469 ], [ -76.932508476584815, -12.161729569563928 ], [ -76.932625364168985, -12.161739123961304 ], [ -76.93264637592938, -12.161772440245773 ], [ -76.932692584894767, -12.161845706214196 ], [ -76.932711405906616, -12.161875548417752 ], [ -76.932726978567189, -12.16190024020386 ], [ -76.932739865852113, -12.161935212140238 ], [ -76.932754994247546, -12.161976262594289 ], [ -76.932767109914153, -12.16200914270768 ], [ -76.932767155779516, -12.162022049777589 ], [ -76.93276724391302, -12.162047101292679 ], [ -76.932767430072715, -12.16210011542791 ], [ -76.932759258832675, -12.162240192930534 ], [ -76.932750176579248, -12.162395876368524 ], [ -76.932738480896148, -12.162596366728906 ], [ -76.932734117385451, -12.162671184927143 ], [ -76.932729001142377, -12.16273770058438 ], [ -76.932725768079592, -12.162779726802794 ], [ -76.932722220254163, -12.162825850332693 ], [ -76.932732254889515, -12.162889147316141 ], [ -76.932734242391234, -12.162901680268256 ], [ -76.932753153335241, -12.163020966344396 ], [ -76.932770656840205, -12.163193821437575 ], [ -76.932781095271196, -12.163296898133181 ], [ -76.932784686264142, -12.163332362898066 ], [ -76.932793975361619, -12.163424096444718 ], [ -76.932798264228381, -12.163466451815117 ], [ -76.932786435445564, -12.163469584153864 ], [ -76.932711566885132, -12.163489407010388 ], [ -76.932679795636034, -12.163497819268905 ], [ -76.932523720093528, -12.16353914401617 ], [ -76.932503940404501, -12.163524993183835 ], [ -76.932442629123841, -12.163530888239839 ], [ -76.932407358612693, -12.163612177959516 ], [ -76.932394587340298, -12.163641613669489 ], [ -76.932439647871263, -12.163738225138955 ], [ -76.932465130161575, -12.163792858053798 ], [ -76.932483219125231, -12.163831640417758 ], [ -76.932747673766073, -12.164145686374294 ], [ -76.932795518598198, -12.164202503742439 ], [ -76.932908784612607, -12.164337009944964 ], [ -76.932910126400998, -12.164339939936157 ], [ -76.933023021894826, -12.164586594295777 ], [ -76.933040130597476, -12.16462397281799 ], [ -76.933039663849229, -12.164632615302926 ], [ -76.933039573017709, -12.164634295236445 ], [ -76.933037372376702, -12.164675024632512 ], [ -76.933028710106782, -12.164835269431981 ], [ -76.933230454122054, -12.164658426744893 ], [ -76.933491004806001, -12.164761934215839 ], [ -76.93367058772742, -12.164914380094435 ], [ -76.933438305433242, -12.165107698361508 ], [ -76.93359498262231, -12.16528951699758 ], [ -76.933715303818076, -12.165429143939782 ], [ -76.933950870436206, -12.16567422898243 ], [ -76.9340888785988, -12.165940728681612 ], [ -76.934162527678438, -12.166048992666781 ], [ -76.934326824823017, -12.1662905091996 ], [ -76.934489221253102, -12.166496848364377 ], [ -76.934507470743029, -12.166520035970782 ], [ -76.934585730646916, -12.166619472210755 ], [ -76.934670697694457, -12.166727430426537 ], [ -76.934731332684805, -12.166804472648201 ], [ -76.934774289701522, -12.166866780377575 ], [ -76.934995453677175, -12.167187565853453 ], [ -76.935260694325407, -12.166838685556797 ], [ -76.935468958425645, -12.167163331822223 ], [ -76.935483234263756, -12.167477420946177 ], [ -76.935573653900803, -12.167777233332577 ], [ -76.935511787738733, -12.168110356607478 ], [ -76.935540341213596, -12.168448240893449 ], [ -76.935421368101515, -12.168633839380172 ], [ -76.935083201491807, -12.16872188235094 ], [ -76.934908249116347, -12.168767431871467 ], [ -76.934934085739258, -12.168813607561837 ], [ -76.935004964907193, -12.168940285165888 ], [ -76.93562972123442, -12.170056857337945 ], [ -76.936192263362216, -12.171062240030318 ], [ -76.936325779516721, -12.171290075011706 ], [ -76.936410926323106, -12.171435371445176 ], [ -76.936419460487684, -12.17144993439422 ], [ -76.936447965800824, -12.171498576697838 ], [ -76.936465974724854, -12.171529308330886 ], [ -76.936472136879559, -12.17153982410343 ], [ -76.936526627701539, -12.171632807707798 ], [ -76.936549122443978, -12.171676830421353 ], [ -76.93664084969538, -12.171856346792815 ], [ -76.936877311138858, -12.172038290434719 ], [ -76.937084619259679, -12.172197799588613 ], [ -76.937227213065398, -12.172453882440601 ], [ -76.937201952907628, -12.17247362525751 ], [ -76.937120013877404, -12.172537667779009 ], [ -76.937208017935575, -12.172724578376522 ], [ -76.937220341345665, -12.172750751345964 ], [ -76.93733203534498, -12.172659890141743 ], [ -76.937826718228351, -12.172980270922672 ], [ -76.938259465701663, -12.17334869078929 ], [ -76.93835495931387, -12.173429988603013 ], [ -76.938512003426069, -12.173575135583924 ], [ -76.938581417598186, -12.173637609687781 ], [ -76.938630975638887, -12.173682211564708 ], [ -76.938566730769821, -12.173772631201928 ], [ -76.939040242712963, -12.174124791325999 ], [ -76.939137846134599, -12.174001728097146 ], [ -76.939501227099811, -12.174272859304947 ], [ -76.939500951907235, -12.174321839980907 ], [ -76.939500632647935, -12.174378528746052 ], [ -76.939640245201019, -12.174635263606378 ], [ -76.939763976626125, -12.174804205749458 ], [ -76.939856486287738, -12.174919842376765 ], [ -76.939682971991488, -12.175073695694316 ], [ -76.939673589364531, -12.175083458734495 ], [ -76.93956311124839, -12.175198402883892 ], [ -76.939382690158936, -12.175399445428006 ], [ -76.939440457211219, -12.175439274602811 ], [ -76.939446118443584, -12.175775621947357 ], [ -76.939465853166439, -12.175784310297509 ], [ -76.939516210704483, -12.17580647768664 ], [ -76.939863698850559, -12.175959446970744 ], [ -76.939924069440167, -12.175986022836518 ], [ -76.940073974734105, -12.175869429330639 ], [ -76.940449091852088, -12.17589276943562 ], [ -76.940545285136636, -12.176099410259441 ], [ -76.940618821800967, -12.176099635090001 ], [ -76.940873243605211, -12.176100413902807 ], [ -76.940949291176651, -12.176065608341101 ], [ -76.941017456190536, -12.176017824662839 ], [ -76.941031538674508, -12.176027963619449 ], [ -76.941161988035162, -12.176121883418153 ], [ -76.941208199698565, -12.176155153837108 ], [ -76.941261176062369, -12.176193294085127 ], [ -76.941266294104025, -12.176196978607498 ], [ -76.941289531686436, -12.176213709594952 ], [ -76.941245312920728, -12.176420681369168 ], [ -76.941367142279773, -12.17651490783657 ], [ -76.941385225847398, -12.176619604211337 ], [ -76.941529897086923, -12.176654819863865 ], [ -76.941542269959768, -12.176623411041474 ], [ -76.941720254785764, -12.176741431771575 ], [ -76.941737385971408, -12.176764274551592 ], [ -76.941750711226177, -12.176810913392904 ], [ -76.941772536872975, -12.176829012249014 ], [ -76.9417897337092, -12.176843272798632 ], [ -76.94185160077069, -12.176888006875975 ], [ -76.94190973024979, -12.176942913184806 ], [ -76.942109815015726, -12.177186027812802 ], [ -76.942136177742213, -12.177218060764748 ], [ -76.942586697617912, -12.177464796063413 ], [ -76.942587996238956, -12.177465507427085 ], [ -76.942603841394089, -12.177474185884881 ], [ -76.942554629592337, -12.177556131210343 ], [ -76.942512319188097, -12.177626586797377 ], [ -76.942396660077634, -12.177819180210861 ], [ -76.942398777981168, -12.177820409584177 ], [ -76.942408834200251, -12.177826247982923 ], [ -76.942418549576303, -12.177831887631385 ], [ -76.94318499858872, -12.178276836206969 ], [ -76.94328034471198, -12.178326191900114 ], [ -76.943306351307001, -12.178339653851769 ], [ -76.943324047266799, -12.178350731700794 ], [ -76.943347789368886, -12.178365595695533 ], [ -76.943728863595993, -12.178604160653375 ], [ -76.94397246475728, -12.178756664088663 ], [ -76.944132544980846, -12.178856879141568 ], [ -76.94415129134893, -12.17886504138851 ], [ -76.94417590219598, -12.178875755911282 ], [ -76.944302149024793, -12.17893072337416 ], [ -76.944331910084315, -12.178948777305486 ], [ -76.944333949999987, -12.178944569999949 ], [ -76.944560069999852, -12.178570929999866 ], [ -76.944825900000012, -12.178111240000014 ], [ -76.945090869999831, -12.177669859999812 ], [ -76.945359919999873, -12.17720383 ], [ -76.945588609999959, -12.176755039999984 ], [ -76.945829639999829, -12.17629366 ], [ -76.946081219999769, -12.175831169999926 ], [ -76.9463758, -12.175381299999909 ], [ -76.946669539999959, -12.174948659999984 ], [ -76.946760410000024, -12.174821160000018 ], [ -76.947320279999985, -12.174056899999929 ], [ -76.94779197999992, -12.173412989999857 ], [ -76.94843069, -12.172411839999889 ], [ -76.948678919999793, -12.171964949999962 ], [ -76.948928279999791, -12.171518289999939 ], [ -76.948945089999938, -12.171488169999735 ], [ -76.949205789999837, -12.171010439999925 ], [ -76.949441289999697, -12.17058498 ], [ -76.94961465766761, -12.170272465994117 ], [ -76.949809226999946, -12.170395711999966 ], [ -76.949829028999716, -12.170408524999859 ], [ -76.949944169999924, -12.170483030999888 ], [ -76.950356997999791, -12.170750163999969 ], [ -76.950921998999831, -12.171121402999969 ], [ -76.951147472999821, -12.171269551999954 ], [ -76.951229972999897, -12.171323758999725 ], [ -76.951317281999934, -12.171381125999959 ], [ -76.951618044999861, -12.171578744999977 ], [ -76.951686012999971, -12.171623403999948 ], [ -76.952089122999666, -12.171888270999826 ], [ -76.952139192999823, -12.171869276999928 ], [ -76.952116173999698, -12.171814042999817 ], [ -76.952032827999801, -12.171585054999866 ], [ -76.951982882999857, -12.171445284999947 ], [ -76.951930171999834, -12.171141979999897 ], [ -76.951992304999919, -12.171137309999947 ], [ -76.952156068999784, -12.171125002999807 ], [ -76.952293630999975, -12.17107843799988 ], [ -76.952336535999734, -12.171063914999825 ], [ -76.952342582999677, -12.171050475999952 ], [ -76.95234933099988, -12.171035477999967 ], [ -76.952368605999879, -12.170992638999962 ], [ -76.952416054999901, -12.170979662999976 ], [ -76.95246871899991, -12.170965262999911 ], [ -76.952561590999949, -12.170939865999857 ], [ -76.952602040999921, -12.170930417999784 ], [ -76.952611443999899, -12.170928220999878 ], [ -76.952629093999803, -12.17092409799988 ], [ -76.952704875999984, -12.170906394999859 ], [ -76.952719642999966, -12.170907479999917 ], [ -76.952744259999804, -12.170909287999903 ], [ -76.952750887999798, -12.170909774999865 ], [ -76.952772226999969, -12.170911341999906 ], [ -76.952829911999856, -12.170915578999715 ], [ -76.952926285999922, -12.170922656999954 ], [ -76.952936141999942, -12.170923380999913 ], [ -76.952944123999885, -12.170923966999963 ], [ -76.952944704999936, -12.170924275999818 ], [ -76.952992350999978, -12.170949639999773 ], [ -76.952993514999889, -12.17095025999993 ], [ -76.95318709799983, -12.17106802399991 ], [ -76.953174614999796, -12.171110609999966 ], [ -76.953170543999704, -12.171124498999861 ], [ -76.953168299999959, -12.171132155999885 ], [ -76.953164901999855, -12.171143747999851 ], [ -76.953225528999724, -12.171206270999958 ], [ -76.953238841999848, -12.171220000999936 ], [ -76.95325750999973, -12.171236987999757 ], [ -76.953273385999864, -12.171251433999878 ], [ -76.95330498699991, -12.171298725999975 ], [ -76.953334560999963, -12.171342983999915 ], [ -76.953370732999929, -12.171397114999758 ], [ -76.95349364599997, -12.171342983999926 ], [ -76.95349925999966, -12.171340510999707 ], [ -76.953538898999852, -12.171323053999856 ], [ -76.953665868999678, -12.171267134999935 ], [ -76.953668050999681, -12.171266173999864 ], [ -76.953851277999718, -12.171179576999975 ], [ -76.953845543999876, -12.171160212999895 ], [ -76.953751053999952, -12.170841139999881 ], [ -76.953750903999946, -12.170816199999926 ], [ -76.953750854999669, -12.170807985999877 ], [ -76.953750653999919, -12.170774444999953 ], [ -76.953750574999731, -12.170761212999826 ], [ -76.953981385999782, -12.170636213999956 ], [ -76.954062804999808, -12.170592120999963 ], [ -76.954228830999966, -12.170502207999901 ], [ -76.954177598999763, -12.170391765999916 ], [ -76.954291690999924, -12.170332412999869 ], [ -76.954305767999927, -12.170325475999853 ], [ -76.954711864999865, -12.170671960999812 ], [ -76.954771265999909, -12.170722642999911 ], [ -76.954837802999805, -12.170801586999975 ], [ -76.954859863999957, -12.170800262999753 ], [ -76.954864959999838, -12.170799618999974 ], [ -76.955085760627924, -12.17077172031866 ], [ -76.955155235999882, -12.170593104999847 ], [ -76.955355610999845, -12.17036972999994 ], [ -76.955568360999791, -12.170194479999912 ], [ -76.955674986999895, -12.170103479999854 ], [ -76.955726110999763, -12.170015229999935 ], [ -76.95575286099978, -12.169819729999906 ], [ -76.95577261199162, -12.169740691742899 ], [ -76.95582486099994, -12.169531604999976 ], [ -76.955974110999875, -12.169287604999854 ], [ -76.956117235999898, -12.16906422999984 ], [ -76.956191610999852, -12.168863854999868 ], [ -76.956191610999852, -12.168548979999743 ], [ -76.956237485999736, -12.168165354999818 ], [ -76.956323360999988, -12.167901979999963 ], [ -76.956575360999864, -12.167610104999884 ], [ -76.956666860999974, -12.167465479999969 ], [ -76.956697735999967, -12.167037604999845 ], [ -76.956773735999946, -12.166428229999948 ], [ -76.957174985999927, -12.165781479999904 ], [ -76.957039485999985, -12.165448104999761 ], [ -76.957076361999839, -12.16498972999994 ], [ -76.957313860999875, -12.164682729999861 ], [ -76.957825486999923, -12.164477479999846 ], [ -76.958141111999851, -12.16422672999988 ], [ -76.958237361999977, -12.163705854999884 ], [ -76.958201235999923, -12.163203104999912 ], [ -76.957723235999836, -12.162048979999897 ], [ -76.957335610999735, -12.161161104999913 ], [ -76.956865110999971, -12.160783729999929 ], [ -76.956722985999761, -12.16052960499997 ], [ -76.9566454859999, -12.160215229999901 ], [ -76.956392360999757, -12.159896104999863 ], [ -76.956382619868293, -12.159826541530661 ], [ -76.95637550432599, -12.159819975211521 ], [ -76.956168201601145, -12.159628673224619 ], [ -76.956122128433378, -12.15958615597617 ], [ -76.956119761417654, -12.159592798368868 ], [ -76.9560803720114, -12.159703301666024 ], [ -76.956079694821995, -12.159705201034061 ], [ -76.956032565848659, -12.15974612622966 ], [ -76.955905752448416, -12.159856246668376 ], [ -76.955631375587359, -12.160094505856584 ], [ -76.95540949575161, -12.160351935893068 ], [ -76.955244256117396, -12.160543650668842 ], [ -76.955093126846236, -12.160718995085512 ], [ -76.955050855112759, -12.160768038713965 ], [ -76.95500037796495, -12.160826602565525 ], [ -76.954949499719589, -12.160885633165318 ], [ -76.954852248832083, -12.160797996929883 ], [ -76.95463183399194, -12.160617756604106 ], [ -76.954054342433722, -12.160145525295659 ], [ -76.953968761149326, -12.160073413157363 ], [ -76.953960874094946, -12.160066767167441 ], [ -76.953723447678897, -12.159866710280308 ], [ -76.953410480908815, -12.159640987641419 ], [ -76.953246980563563, -12.159513686807085 ], [ -76.952983348802491, -12.159308423744722 ], [ -76.952614818319034, -12.159019081265519 ], [ -76.95252496885206, -12.158965781145808 ], [ -76.952284357936605, -12.158775424346171 ], [ -76.951842526411383, -12.15841676931837 ], [ -76.951828192117262, -12.158433081221634 ], [ -76.95176172142618, -12.158507424577925 ], [ -76.951718941575848, -12.158555271208744 ], [ -76.951589220665824, -12.158700358834324 ], [ -76.951459300106535, -12.158845668592679 ], [ -76.951445661887647, -12.158860921993771 ], [ -76.951439416095923, -12.158867907028197 ], [ -76.951446584591977, -12.158873686971052 ], [ -76.951402344242695, -12.158921875344163 ], [ -76.951284375673197, -12.159054780753419 ], [ -76.950736416952068, -12.159627767607285 ], [ -76.950736252375975, -12.15962794027717 ], [ -76.950188199225806, -12.160256983672754 ], [ -76.949894611966442, -12.160593956028837 ], [ -76.949830651999946, -12.160567686999903 ], [ -76.94963762999987, -12.160423776999725 ], [ -76.94963762999987, -12.160371237999922 ], [ -76.949390218999667, -12.160469939999809 ], [ -76.949172949999877, -12.160544881999893 ], [ -76.949015596999914, -12.16072920599987 ], [ -76.948863691999691, -12.160898242999908 ], [ -76.948725492999984, -12.160877683999892 ], [ -76.948604425999918, -12.160801160999876 ], [ -76.948455947999889, -12.160660676999788 ], [ -76.948310683793977, -12.160490052915518 ], [ -76.948473899850399, -12.160426211800084 ], [ -76.948867937805005, -12.160210348428738 ], [ -76.949080222773887, -12.160068299612297 ], [ -76.94923941986309, -12.159961774016496 ], [ -76.94926810014266, -12.15994224703689 ], [ -76.949362485790061, -12.15987798418149 ], [ -76.949596624284595, -12.159617575590449 ], [ -76.949747386632453, -12.159409706292768 ], [ -76.949799925925731, -12.15911275015327 ], [ -76.949977093268217, -12.158950223773608 ], [ -76.949914654237659, -12.158741133196596 ], [ -76.94988279395568, -12.158634441226415 ], [ -76.949840878353655, -12.158503744552039 ], [ -76.94983219989598, -12.158476688448271 ], [ -76.94979649681062, -12.158365364070281 ], [ -76.949727093430397, -12.15814895930685 ], [ -76.949643839591374, -12.157946773724523 ], [ -76.949620493191105, -12.157890073268113 ], [ -76.949471253395473, -12.157687534252142 ], [ -76.949604374642036, -12.157573651302867 ], [ -76.949705170656969, -12.157487421607124 ], [ -76.949665942229331, -12.157450973883158 ], [ -76.949603276569746, -12.157392750874639 ], [ -76.949600888869838, -12.157390533146501 ], [ -76.949321805856584, -12.157131235218294 ], [ -76.949321495590482, -12.157130947435226 ], [ -76.949315506105563, -12.157100733811655 ], [ -76.949357024207131, -12.157027898618479 ], [ -76.949409455581758, -12.15696140994106 ], [ -76.949402607244394, -12.156947931801488 ], [ -76.949400340952877, -12.156943473862041 ], [ -76.949357647437409, -12.156859458297328 ], [ -76.949298704971113, -12.156720067876796 ], [ -76.949273128252173, -12.156659583073113 ], [ -76.949366230566923, -12.156586255950797 ], [ -76.949416981108641, -12.156539392278997 ], [ -76.949553869615215, -12.156368734229543 ], [ -76.949580558795674, -12.15627785413961 ], [ -76.949587870283892, -12.156252960005995 ], [ -76.949603445642481, -12.156180839773812 ], [ -76.949633089095698, -12.156075452719787 ], [ -76.949653518994694, -12.155987196851576 ], [ -76.949661367378155, -12.15595328971245 ], [ -76.949691009032804, -12.155818205245904 ], [ -76.9497079027974, -12.155719042399712 ], [ -76.9497145703711, -12.155635987310852 ], [ -76.949639745877391, -12.155508551578299 ], [ -76.949636770020845, -12.155502742857147 ], [ -76.949757416771149, -12.155442082685857 ], [ -76.949837746914397, -12.155391774610562 ], [ -76.949891949953511, -12.155360650873217 ], [ -76.950020604267365, -12.155484904804432 ], [ -76.950045055934481, -12.155506339246008 ], [ -76.950131592299044, -12.155423657375707 ], [ -76.950205000360427, -12.155353518350008 ], [ -76.950205214399105, -12.155353314203975 ], [ -76.950065814985294, -12.155215493999661 ], [ -76.949991640701526, -12.155142158783525 ], [ -76.949828328314538, -12.154938146678083 ], [ -76.949703145383765, -12.154781768064028 ], [ -76.949694020862182, -12.154770370056436 ], [ -76.949482523699388, -12.154491519967568 ], [ -76.949206949840686, -12.154681045793607 ], [ -76.949174593132796, -12.154635435776688 ], [ -76.949071223258272, -12.154559310863478 ], [ -76.94898907288723, -12.154526943363573 ], [ -76.948892493793437, -12.154529915623021 ], [ -76.948783072380706, -12.154504474701641 ], [ -76.948712030435786, -12.154212170754993 ], [ -76.948696108838305, -12.154146664137153 ], [ -76.948587611928644, -12.153959660909429 ], [ -76.948822619168425, -12.153774234193399 ], [ -76.948892517175807, -12.153719082369662 ], [ -76.948939363760473, -12.153654823111481 ], [ -76.948912679076841, -12.153629964051502 ], [ -76.948899631712493, -12.153617808814706 ], [ -76.948845364821693, -12.153546486281138 ], [ -76.948779023632881, -12.153448426903202 ], [ -76.948737517222582, -12.153355930731497 ], [ -76.948720699001001, -12.153299056705915 ], [ -76.948729666141105, -12.153240901146606 ], [ -76.948731210277117, -12.153230888094976 ], [ -76.948747489804646, -12.153125297794187 ], [ -76.948802111927819, -12.153013977912613 ], [ -76.948858897819719, -12.152893597361576 ], [ -76.94887089657459, -12.152820802637898 ], [ -76.948876029904795, -12.152789661813406 ], [ -76.948873393991789, -12.152670540313013 ], [ -76.948826873861037, -12.152585924001009 ], [ -76.948626584948897, -12.152221617633527 ], [ -76.948604529975057, -12.152181501574894 ], [ -76.949063793059508, -12.152042294616137 ], [ -76.949012529004904, -12.15188497800926 ], [ -76.948921519412522, -12.151605690849927 ], [ -76.948866660767692, -12.151437344058143 ], [ -76.948833285127932, -12.15132089804086 ], [ -76.948790650967624, -12.151172149275112 ], [ -76.948748811808116, -12.15118627942309 ], [ -76.948688621982285, -12.151206606799402 ], [ -76.948524168355561, -12.151262148928881 ], [ -76.948092896669664, -12.151407804926174 ], [ -76.947825639741325, -12.151498067181995 ], [ -76.947743494766314, -12.15118300589098 ], [ -76.947855180671922, -12.151047058974482 ], [ -76.947896885832563, -12.150996295842223 ], [ -76.947922256606773, -12.150965413123167 ], [ -76.947858239266111, -12.150869423085222 ], [ -76.947748368192606, -12.150704679876984 ], [ -76.947680162709219, -12.150773808964056 ], [ -76.94760078225022, -12.150849261184362 ], [ -76.947477935758116, -12.150926219769181 ], [ -76.947313106214779, -12.150982035292603 ], [ -76.947307089750211, -12.151047058974481 ], [ -76.947302183948409, -12.151100082102969 ], [ -76.947396407717974, -12.151261737938794 ], [ -76.947363408894034, -12.151266977389012 ], [ -76.94699992360745, -12.151319426750041 ], [ -76.946927149568126, -12.151260879086243 ], [ -76.946896659852769, -12.151236350077451 ], [ -76.946801626693627, -12.151190284104302 ], [ -76.946655106447849, -12.151119259246233 ], [ -76.94665338334687, -12.151118423776213 ], [ -76.946631739363113, -12.151103894329131 ], [ -76.94661012595634, -12.151089384667216 ], [ -76.946553862570568, -12.151155475844458 ], [ -76.946503287396638, -12.151226356810811 ], [ -76.946479053365579, -12.151260320607198 ], [ -76.946363637072011, -12.151422077167018 ], [ -76.946708545962508, -12.151673950292542 ], [ -76.946777451118407, -12.151719557611438 ], [ -76.946878289401297, -12.151753519609192 ], [ -76.946917358649046, -12.151766679388681 ], [ -76.946914969150384, -12.151957851873197 ], [ -76.946927651389842, -12.152058498600693 ], [ -76.946945457067102, -12.152125355101013 ], [ -76.946183802340443, -12.152128187066067 ], [ -76.94615141685432, -12.152128306676 ], [ -76.946166065011781, -12.151848937678217 ], [ -76.946120568309539, -12.151815146551593 ], [ -76.946048393218746, -12.151761541561832 ], [ -76.946025489284807, -12.151746534574778 ], [ -76.945962535842341, -12.151705288967765 ], [ -76.945882927854768, -12.151649843964949 ], [ -76.945868280596528, -12.151638220227587 ], [ -76.945703301765832, -12.151507287031498 ], [ -76.945645291896653, -12.151461248037998 ], [ -76.945641863680976, -12.151464953244906 ], [ -76.945585726200193, -12.151525626905988 ], [ -76.94538357838934, -12.151751866655154 ], [ -76.945373781174851, -12.151762880652255 ], [ -76.945346910331523, -12.151780672839715 ], [ -76.945204166339067, -12.151875184392164 ], [ -76.945070851738365, -12.151963451052261 ], [ -76.945035424744958, -12.151986907169944 ], [ -76.944982765841928, -12.1520217729863 ], [ -76.944956900440388, -12.152038898776082 ], [ -76.94493645885035, -12.152094731386619 ], [ -76.94491891757383, -12.152142639171364 ], [ -76.944913789639656, -12.15215664611231 ], [ -76.944906200260846, -12.152177376384655 ], [ -76.944897402193249, -12.152195193753139 ], [ -76.944843447367134, -12.152194229679939 ], [ -76.944752328956724, -12.152183437815383 ], [ -76.944703041612001, -12.15215710566577 ], [ -76.944702481334332, -12.152156646112294 ], [ -76.944672113027423, -12.152131749280784 ], [ -76.944648690184749, -12.15211254515771 ], [ -76.944615944070392, -12.15204907820236 ], [ -76.944610204597154, -12.152003166912552 ], [ -76.944592734367063, -12.151880797960356 ], [ -76.944543979421056, -12.151941837645658 ], [ -76.944535321647606, -12.151935345439774 ], [ -76.944520820079674, -12.151893875901573 ], [ -76.944491896083946, -12.151811166152296 ], [ -76.944459515993856, -12.151718572853664 ], [ -76.944447481266138, -12.151684157597689 ], [ -76.944399788419332, -12.15154777810733 ], [ -76.944364763422925, -12.151561483775307 ], [ -76.944354447299759, -12.151549316847309 ], [ -76.944293975086737, -12.151571713563614 ], [ -76.9442344300748, -12.151593766738818 ], [ -76.944064918660899, -12.151650968117625 ], [ -76.944026212739345, -12.151664028971709 ], [ -76.944010366685006, -12.151669376340582 ], [ -76.94399763498275, -12.151673672401961 ], [ -76.943876093406914, -12.151463210358777 ], [ -76.943811852135127, -12.151509751173993 ], [ -76.943747892351269, -12.151542492791757 ], [ -76.943608551393368, -12.151563051293689 ], [ -76.943461448386984, -12.151588940976692 ], [ -76.943418193694527, -12.151596553737875 ], [ -76.943224030064812, -12.151640716745531 ], [ -76.943104485883168, -12.15163767074182 ], [ -76.943060419102892, -12.15163402758821 ], [ -76.94293763466402, -12.151623876040954 ], [ -76.94294018783927, -12.151613705607925 ], [ -76.942942356104766, -12.151590925780576 ], [ -76.942951573256323, -12.151494073292787 ], [ -76.942958495338189, -12.151421344219612 ], [ -76.942964345428095, -12.151359877356359 ], [ -76.94288465290424, -12.151354174755236 ], [ -76.942772166602083, -12.151346126722215 ], [ -76.942628209424186, -12.151333039787909 ], [ -76.942221321056991, -12.151278312444111 ], [ -76.942204895839097, -12.151289730236783 ], [ -76.942203508185287, -12.151292238445993 ], [ -76.942120807429262, -12.151471634308338 ], [ -76.941954626205018, -12.151361416995718 ], [ -76.941881378222945, -12.1511878640286 ], [ -76.941858114560205, -12.151132989196009 ], [ -76.941747327077408, -12.151046185732762 ], [ -76.94169356290746, -12.151007340416355 ], [ -76.941529392567304, -12.150888723435681 ], [ -76.941315692964736, -12.150734319732985 ], [ -76.941311262904279, -12.150731119045869 ], [ -76.941299515060393, -12.150726062157903 ], [ -76.941244784119363, -12.150702499020948 ], [ -76.941104872991446, -12.150582477299347 ], [ -76.941082118344923, -12.150569681745358 ], [ -76.941050404652287, -12.150551849088512 ], [ -76.941002651551059, -12.150524997130786 ], [ -76.94096861490948, -12.150534363569877 ], [ -76.940797044048225, -12.150555218848179 ], [ -76.940792440418647, -12.150555779125783 ], [ -76.940792154434348, -12.150556350195307 ], [ -76.940623151137402, -12.150574828565304 ], [ -76.940519138247453, -12.150584096978385 ], [ -76.940490956192548, -12.150586375860435 ], [ -76.940471350971904, -12.150627919143119 ], [ -76.940387426238601, -12.150805759178356 ], [ -76.940345647333629, -12.150894291138512 ], [ -76.940221889828251, -12.150862513594008 ], [ -76.940108105804427, -12.150833298218114 ], [ -76.940065043566676, -12.150822241053501 ], [ -76.940020516333732, -12.150810807972276 ], [ -76.93980829881383, -12.150896716610076 ], [ -76.939665026020009, -12.150796113949474 ], [ -76.939784586389521, -12.150640685918859 ], [ -76.939697828791623, -12.150555754844046 ], [ -76.939659281150739, -12.150519586809365 ], [ -76.939616385287877, -12.150490339957111 ], [ -76.939565054683385, -12.150455341940351 ], [ -76.939503665161908, -12.150455817681683 ], [ -76.939423238791278, -12.150458673029277 ], [ -76.939264301606102, -12.150514769141127 ], [ -76.939252040249357, -12.150414563980865 ], [ -76.939243347402396, -12.150343522035822 ], [ -76.939239351714605, -12.150311140146915 ], [ -76.939019183288622, -12.150319841087708 ], [ -76.938900639153076, -12.150324525656167 ], [ -76.93859204128961, -12.150336721362581 ], [ -76.938571938743848, -12.150346485302016 ], [ -76.938552066424677, -12.150356137725391 ], [ -76.938429567070727, -12.150366214629063 ], [ -76.938423826698113, -12.150344925877512 ], [ -76.938395593381813, -12.150240209717769 ], [ -76.938270139755048, -12.150075022244375 ], [ -76.938158440359715, -12.149927942620423 ], [ -76.938151210709748, -12.149918424195786 ], [ -76.938051278943249, -12.149830288836595 ], [ -76.938030587341586, -12.149812038894417 ], [ -76.938025200402592, -12.149776675752939 ], [ -76.938019640793641, -12.149740178566335 ], [ -76.937995734115759, -12.149707903696701 ], [ -76.9379107239007, -12.149593137613065 ], [ -76.938115894332839, -12.149328600234581 ], [ -76.938157491574827, -12.149274965567034 ], [ -76.938305635996187, -12.149072375289842 ], [ -76.938324529853048, -12.14904653776734 ], [ -76.938493857805156, -12.148870444215506 ], [ -76.938584226180978, -12.148776465061699 ], [ -76.938601036308739, -12.148785460980204 ], [ -76.9386888919787, -12.148832480234718 ], [ -76.93890627880171, -12.148753065601454 ], [ -76.93895269191313, -12.148736911978752 ], [ -76.939192819892583, -12.148653335283145 ], [ -76.939199429010273, -12.148651034817359 ], [ -76.939236831814256, -12.148639465938453 ], [ -76.93952684338899, -12.148549764859697 ], [ -76.939544500678053, -12.148555104134678 ], [ -76.939559584107485, -12.148559663697375 ], [ -76.939793354779454, -12.148488873562538 ], [ -76.939861269781602, -12.148468307866045 ], [ -76.939855429584327, -12.148450154151135 ], [ -76.939855196659892, -12.148439951342588 ], [ -76.939853809905358, -12.148379066340741 ], [ -76.939852916878522, -12.148339906261635 ], [ -76.940013117611215, -12.148269168287412 ], [ -76.940015678880457, -12.148268036940239 ], [ -76.940047908783811, -12.148245833578251 ], [ -76.940056559362574, -12.148239874670361 ], [ -76.940149560054067, -12.148175807867062 ], [ -76.940134608825019, -12.148143889129065 ], [ -76.940271151092645, -12.148020244938211 ], [ -76.940312649409066, -12.148035853571686 ], [ -76.940333967838228, -12.148036615297485 ], [ -76.940345329872912, -12.148009141908235 ], [ -76.940372039737724, -12.147878238389819 ], [ -76.94042917366734, -12.147813526772778 ], [ -76.940464552996559, -12.147773454781094 ], [ -76.940466042273954, -12.14777176855215 ], [ -76.940467804045852, -12.1477730150126 ], [ -76.940486767150446, -12.147786422105638 ], [ -76.940496799987159, -12.14772286611724 ], [ -76.940497962810582, -12.14771550426701 ], [ -76.940511528184459, -12.147629576743432 ], [ -76.940473342070902, -12.147612491423159 ], [ -76.940290360611584, -12.147530619842088 ], [ -76.940124477062909, -12.147456397894297 ], [ -76.940041624321452, -12.147478123716319 ], [ -76.940022020899448, -12.14748326514041 ], [ -76.940014498070525, -12.147485238253005 ], [ -76.939985038978193, -12.147492961630686 ], [ -76.939938790442795, -12.147505089887938 ], [ -76.939910010338622, -12.147502212057407 ], [ -76.939828762886918, -12.147494086682562 ], [ -76.939694791781164, -12.147480690381434 ], [ -76.939660392712938, -12.147477249575379 ], [ -76.939589495558664, -12.147393023569116 ], [ -76.939275362367994, -12.147441828877275 ], [ -76.938957624694581, -12.147127502332244 ], [ -76.939000346988294, -12.147042773604996 ], [ -76.938923370417058, -12.147005950863784 ], [ -76.938862909895306, -12.14696035523616 ], [ -76.938778879941196, -12.147028451901344 ], [ -76.938793240315761, -12.147044365405005 ], [ -76.938781639061233, -12.147096229307348 ], [ -76.938773823952602, -12.147131167069636 ], [ -76.938716717002762, -12.147247666146772 ], [ -76.938634832831212, -12.147353759168594 ], [ -76.938585371017894, -12.147417844857623 ], [ -76.938580437337237, -12.1474236715651 ], [ -76.938531309172504, -12.147481685931034 ], [ -76.938529946699532, -12.147482810982808 ], [ -76.938525018414737, -12.147486882213794 ], [ -76.938518727657026, -12.147492079395869 ], [ -76.938487526578058, -12.147517853965713 ], [ -76.938403770017899, -12.14756353862624 ], [ -76.938323680893063, -12.147600957617959 ], [ -76.938287652253166, -12.147617791128084 ], [ -76.938193531006618, -12.147663805839775 ], [ -76.938159161615999, -12.147680608773038 ], [ -76.938058667773078, -12.147761902989373 ], [ -76.937946641024553, -12.147852526772624 ], [ -76.937925023121181, -12.147870014089731 ], [ -76.937882028332922, -12.147906476202875 ], [ -76.937845427724085, -12.147937513605321 ], [ -76.937730858592033, -12.148034672761751 ], [ -76.937582860760244, -12.14814621837326 ], [ -76.937537646445207, -12.148180296383535 ], [ -76.937414036428493, -12.148212509199764 ], [ -76.937363141995377, -12.148225772401426 ], [ -76.937317783788671, -12.148237593090293 ], [ -76.937313448156999, -12.148241109439528 ], [ -76.937212658437318, -12.148322844323665 ], [ -76.937088213849904, -12.148423761747161 ], [ -76.93693996960377, -12.14852259094476 ], [ -76.936907023840035, -12.148544555087083 ], [ -76.936865495845836, -12.148572239816982 ], [ -76.936801787872199, -12.148625289925112 ], [ -76.93668551632345, -12.148722110936493 ], [ -76.936485731930873, -12.148799219708053 ], [ -76.936327898213847, -12.148866455722214 ], [ -76.936293172691649, -12.148881247771321 ], [ -76.936190113083171, -12.148925150874966 ], [ -76.936184522897236, -12.148927532279634 ], [ -76.936118926347262, -12.148982201167536 ], [ -76.936104131600246, -12.148994530872871 ], [ -76.9360705500157, -12.14902251777483 ], [ -76.936058076418988, -12.149032913937788 ], [ -76.936008480606802, -12.149074245879655 ], [ -76.93596765678177, -12.14911711476293 ], [ -76.935938239058316, -12.149148007374603 ], [ -76.935891243186234, -12.149229652326486 ], [ -76.935837709242662, -12.149322655715816 ], [ -76.935674652263344, -12.149248201742969 ], [ -76.935671252825898, -12.149246650412522 ], [ -76.935657568741647, -12.149240401922892 ], [ -76.935592963244517, -12.149325786255936 ], [ -76.935525914289428, -12.149414400054345 ], [ -76.935508141887112, -12.149432050148905 ], [ -76.935346145208371, -12.149592943359549 ], [ -76.935292511440039, -12.149614102608659 ], [ -76.93526293723454, -12.149625771312174 ], [ -76.935117083386672, -12.149683314433391 ], [ -76.935001980057223, -12.149688883035484 ], [ -76.934968366097166, -12.149685139157663 ], [ -76.934825809163556, -12.149669263425723 ], [ -76.934673804852082, -12.149652333688206 ], [ -76.934543109976474, -12.149610267899503 ], [ -76.934521822124282, -12.149603415964746 ], [ -76.934394544672386, -12.149608183270859 ], [ -76.934366442657108, -12.149609234578408 ], [ -76.934345453379933, -12.149610020585959 ], [ -76.934314838658793, -12.149526522131231 ], [ -76.9343072924475, -12.14950593844827 ], [ -76.934300193199192, -12.149486576943778 ], [ -76.934280596072597, -12.149433128436051 ], [ -76.93427047330357, -12.149405519249282 ], [ -76.934259160731528, -12.149374665308475 ], [ -76.934229981328485, -12.149362343697074 ], [ -76.934210440858976, -12.149354094215989 ], [ -76.934186589939145, -12.149344022708373 ], [ -76.934072705191113, -12.149367225217242 ], [ -76.933985008701029, -12.149385091148925 ], [ -76.93395263670476, -12.149391685877504 ], [ -76.933875877769367, -12.149407324188589 ], [ -76.933825281011821, -12.149417632217874 ], [ -76.933789620194773, -12.14942489694136 ], [ -76.933787946556322, -12.14942523778444 ], [ -76.933744862735011, -12.149438930861953 ], [ -76.933714428777762, -12.14944860307042 ], [ -76.933599113208402, -12.149496813027318 ], [ -76.933559820928849, -12.149512079019198 ], [ -76.933494954628429, -12.149537281620164 ], [ -76.933419284772015, -12.14956668225647 ], [ -76.933360024845172, -12.149589706699549 ], [ -76.933259539995674, -12.149606584276397 ], [ -76.933014561073094, -12.149617889653822 ], [ -76.933010781222436, -12.149617734070997 ], [ -76.932874763259534, -12.1496121088117 ], [ -76.932871564371055, -12.149611976611261 ], [ -76.932761385729307, -12.149607420645854 ], [ -76.932753720807455, -12.149606139111881 ], [ -76.932712083995412, -12.149599174761985 ], [ -76.932642716588035, -12.149587572608255 ], [ -76.932515519175695, -12.149559806939468 ], [ -76.932419041705316, -12.149553534168087 ], [ -76.932293192376846, -12.14951456474528 ], [ -76.932280700793626, -12.149510696761121 ], [ -76.932257177226802, -12.149503413151873 ], [ -76.932113878352766, -12.149442773664925 ], [ -76.932002043159684, -12.149413030386935 ], [ -76.931985340950632, -12.149412009656437 ], [ -76.931972120017235, -12.149411202065272 ], [ -76.931965043252092, -12.149410770390665 ], [ -76.931854160440992, -12.149421477718926 ], [ -76.931836827807331, -12.149422447188162 ], [ -76.931815851120462, -12.149423619004672 ], [ -76.931776737806103, -12.149426815195335 ], [ -76.93171752644264, -12.149431651749177 ], [ -76.931676144138578, -12.149435033200115 ], [ -76.931526650734327, -12.149444931138596 ], [ -76.931514239190619, -12.149333381929866 ], [ -76.931510152671251, -12.149296656315578 ], [ -76.931508127398047, -12.149278448641381 ], [ -76.931486335026307, -12.14908259608489 ], [ -76.931481682833294, -12.149040789300901 ], [ -76.931479896779763, -12.149011902177451 ], [ -76.931153380823787, -12.149086982078419 ], [ -76.931017872776522, -12.149116751436841 ], [ -76.930659015401147, -12.149152929364114 ], [ -76.93066219720248, -12.149158810030881 ], [ -76.930676959573873, -12.149339917303276 ], [ -76.930679660238013, -12.149373039334256 ], [ -76.930621876997861, -12.149382697153609 ], [ -76.930586387951337, -12.149388628182528 ], [ -76.930395987984411, -12.14942045069319 ], [ -76.930363591706225, -12.149425866410585 ], [ -76.93031058386623, -12.149434724732656 ], [ -76.930266813862261, -12.149442040717535 ], [ -76.929973840820082, -12.149491007903579 ], [ -76.929888525734782, -12.149465474352043 ], [ -76.929809306254469, -12.149432140081039 ], [ -76.92972390573351, -12.149416347985946 ], [ -76.929706675622469, -12.149413161687965 ], [ -76.929573261196936, -12.149388492384853 ], [ -76.92952367707602, -12.149379322897349 ], [ -76.929388750889984, -12.149353749775685 ], [ -76.929377641564713, -12.149351643563429 ], [ -76.92932243937895, -12.149351962822777 ], [ -76.929215665570382, -12.149352579757648 ], [ -76.929130633771649, -12.149357955904922 ], [ -76.929052254258011, -12.149384505690302 ], [ -76.929011127361548, -12.149398437088102 ], [ -76.928863919134415, -12.149448299998889 ], [ -76.928744152820229, -12.149489413405597 ], [ -76.928507166172665, -12.149561993191348 ], [ -76.928487765997431, -12.149567935012156 ], [ -76.928396751009075, -12.149572694224384 ], [ -76.928270115673172, -12.14949078127438 ], [ -76.928079758873594, -12.149338494575824 ], [ -76.927996478054922, -12.149321839131513 ], [ -76.927919451121625, -12.149318509841233 ], [ -76.92781247226776, -12.149297114070398 ], [ -76.927734493851688, -12.149281518027472 ], [ -76.927580377931861, -12.149250694663696 ], [ -76.926691649000261, -12.14932207925046 ], [ -76.926476202273193, -12.149363266843981 ] ] ] ] } },
{ "type": "Feature", "properties": { "index": 14, "UBIGEO": "150143", "CCDD": "15", "CCPP": "01", "CCDI": "43", "DEPARTAMEN": "LIMA", "PROVINCIA": "LIMA", "DISTRITO": "VILLA MARIA DEL TRIUNFO", "OBJECTID": 1336.0, "ESRI_OID": 1336.0, "Zonas": "San Francisco de la Tablada de Lurin", "sububigeo": "15014306", "tipo_influencia": "Directa", "abreviatura": "VMT" }, "geometry": { "type": "MultiPolygon", "coordinates": [ [ [ [ -76.92237306136758, -12.205396236946624 ], [ -76.922402896376525, -12.205389072047916 ], [ -76.922411537062672, -12.205386997311953 ], [ -76.922432436407746, -12.205394506651082 ], [ -76.922535103911855, -12.205431398640087 ], [ -76.922548994839985, -12.205436390776757 ], [ -76.922594871955539, -12.205452876249117 ], [ -76.922595670553505, -12.2054531631328 ], [ -76.922619927067899, -12.205461879362126 ], [ -76.922623052211804, -12.205396148813119 ], [ -76.922624653904336, -12.205362447618761 ], [ -76.922625325698164, -12.205348310276177 ], [ -76.922631202767661, -12.205224673279988 ], [ -76.922639010681621, -12.205192669106285 ], [ -76.922649479689596, -12.20514976155215 ], [ -76.922665687271376, -12.205083334028469 ], [ -76.922682149361393, -12.205015858794802 ], [ -76.922687515616019, -12.204993859578842 ], [ -76.922689298072498, -12.204986557083888 ], [ -76.922695090605885, -12.204962813182986 ], [ -76.92269846666062, -12.204948976214094 ], [ -76.922705749370778, -12.204919126816209 ], [ -76.922708345713374, -12.204908483339809 ], [ -76.922709834091506, -12.204902383238217 ], [ -76.922731316197201, -12.204814335113326 ], [ -76.922743957067951, -12.204762525170345 ], [ -76.922749197417261, -12.204741045762487 ], [ -76.922750925015066, -12.204733962702115 ], [ -76.922751675972052, -12.204730886066091 ], [ -76.92276066387609, -12.204694048050092 ], [ -76.92276954814929, -12.204665866031243 ], [ -76.922782602774873, -12.204624454046833 ], [ -76.922792592342887, -12.204592770034081 ], [ -76.922827211835568, -12.204482952022488 ], [ -76.922832775010477, -12.204465306363884 ], [ -76.922837062068368, -12.204457211686591 ], [ -76.922842247636254, -12.204447421669899 ], [ -76.922882013824847, -12.204372347089979 ], [ -76.922890578031968, -12.204356179994416 ], [ -76.922913332731753, -12.204313220236532 ], [ -76.92293923308597, -12.204264323129731 ], [ -76.923064094999859, -12.204278286999962 ], [ -76.923672532999831, -12.204388286999912 ], [ -76.924118631408987, -12.204470442445318 ], [ -76.924139656273496, -12.204435969615814 ], [ -76.92417886119938, -12.204371687001919 ], [ -76.924327913110631, -12.204127298019721 ], [ -76.924360618931644, -12.20407367780939 ], [ -76.924435572904258, -12.203950795178857 ], [ -76.924522023733346, -12.203809037833084 ], [ -76.924615388809968, -12.203655941858246 ], [ -76.924632848110662, -12.203627315390012 ], [ -76.92468021725773, -12.203552547637063 ], [ -76.924720399964428, -12.203489123012048 ], [ -76.924811344796808, -12.203345577777506 ], [ -76.924865875976195, -12.203259506128923 ], [ -76.925416807999909, -12.20238992099997 ], [ -76.925417147999951, -12.202389383999909 ], [ -76.925818011999979, -12.20263470299977 ], [ -76.92599682999986, -12.202744135999863 ], [ -76.926165852999986, -12.202799200999884 ], [ -76.92615840499991, -12.202810298999733 ], [ -76.925546027999701, -12.203760045999912 ], [ -76.925057986999889, -12.204516956999727 ], [ -76.925045441999828, -12.204536903999948 ], [ -76.9248828138916, -12.204795489773122 ], [ -76.924672858038207, -12.205129328341281 ], [ -76.924672899298514, -12.205129335931312 ], [ -76.924792688201762, -12.205153288209425 ], [ -76.924792728620446, -12.205153296292897 ], [ -76.924847415630666, -12.205164232078861 ], [ -76.924847456858402, -12.205164240167784 ], [ -76.924910897701466, -12.205176926165455 ], [ -76.924910939062954, -12.205176934295482 ], [ -76.92494015199992, -12.205182777999937 ], [ -76.924940193235102, -12.20518278285909 ], [ -76.924943377734621, -12.205183419578978 ], [ -76.925023535207799, -12.205199448195906 ], [ -76.925023575677301, -12.205199456289796 ], [ -76.925061566637908, -12.205207052863038 ], [ -76.925061608006672, -12.205207060956932 ], [ -76.925146829573805, -12.205224102153178 ], [ -76.925146870931314, -12.205224110304362 ], [ -76.925292116837625, -12.205253153010457 ], [ -76.925292158206517, -12.205253161104345 ], [ -76.925328067236194, -12.205260341291652 ], [ -76.925328107705866, -12.205260349385528 ], [ -76.925358541663115, -12.20526643509789 ], [ -76.92535858303205, -12.205266443191599 ], [ -76.925590996627079, -12.205312916557823 ], [ -76.925591037995787, -12.205312924651702 ], [ -76.925773214562128, -12.205349352590428 ], [ -76.925773255931006, -12.205349360684291 ], [ -76.925854129264636, -12.205365532293392 ], [ -76.925854169734123, -12.205365540387097 ], [ -76.925948077841227, -12.205383423406092 ], [ -76.925948119210318, -12.205383430600703 ], [ -76.926046986179415, -12.205402257907792 ], [ -76.926047026648916, -12.205402266001672 ], [ -76.926124273915832, -12.205416976212396 ], [ -76.926124315284767, -12.205416984306286 ], [ -76.926246529553623, -12.205440256062907 ], [ -76.926246570922217, -12.205440264156781 ], [ -76.926533745136112, -12.205494950131824 ], [ -76.926533785605614, -12.205494958225696 ], [ -76.926563007276911, -12.205499705746666 ], [ -76.926563047746413, -12.205499712941323 ], [ -76.926702633319735, -12.205522393843292 ], [ -76.926702673789237, -12.205522401037795 ], [ -76.926718455991818, -12.205524965005052 ], [ -76.926861399633538, -12.20554819269489 ], [ -76.926861441002643, -12.205548199889387 ], [ -76.926923772114321, -12.205558328054275 ], [ -76.926923812583709, -12.205558335248778 ], [ -76.926971823790382, -12.205566579334118 ], [ -76.926971865159317, -12.205566585629358 ], [ -76.926995156701082, -12.205570585813803 ], [ -76.926995198069847, -12.205570593008298 ], [ -76.927031063932304, -12.205576751565779 ], [ -76.927031105301012, -12.205576758760232 ], [ -76.927150858125458, -12.205597323557464 ], [ -76.927212229660597, -12.205607862712613 ], [ -76.927212271029376, -12.205607869907105 ], [ -76.927216212757912, -12.205608547096624 ], [ -76.927216254126506, -12.205608554291304 ], [ -76.927357078066507, -12.205632737061142 ], [ -76.927357119435442, -12.205632744255579 ], [ -76.927443401291669, -12.205647559686955 ], [ -76.927443441761341, -12.205647566881625 ], [ -76.927488617405459, -12.205655325332939 ], [ -76.927488657875131, -12.20565533162806 ], [ -76.927602180196118, -12.205674827131407 ], [ -76.927602220665804, -12.205674834326041 ], [ -76.927796758413365, -12.205708239643457 ], [ -76.927796798883037, -12.205708246838073 ], [ -76.927802997909851, -12.205709311635296 ], [ -76.927803039278729, -12.20570931882998 ], [ -76.92783141738596, -12.205714192256101 ], [ -76.927831457855291, -12.205714198551325 ], [ -76.927957728965907, -12.205735882105222 ], [ -76.927957770334672, -12.205735889299715 ], [ -76.928114232585585, -12.2057627574452 ], [ -76.92811427395452, -12.205762763740443 ], [ -76.928331473718401, -12.20580006222287 ], [ -76.928331515087336, -12.205800069417643 ], [ -76.928537178835086, -12.205855913090376 ], [ -76.930119235999882, -12.203260979999811 ], [ -76.932792360999841, -12.198558104999908 ], [ -76.935222360999887, -12.19445560499992 ], [ -76.937309360999905, -12.190939104999929 ], [ -76.938301761545461, -12.189259680795708 ], [ -76.938108174999911, -12.189151299999885 ], [ -76.937941550999824, -12.189048777999851 ], [ -76.937895517999834, -12.189020453999889 ], [ -76.937621699999909, -12.188859967999864 ], [ -76.937543273999893, -12.18881400199996 ], [ -76.937531058999866, -12.188806822999824 ], [ -76.937336972999958, -12.188692748999872 ], [ -76.937017703999857, -12.188505097999885 ], [ -76.937003134999884, -12.188496018999835 ], [ -76.93662449899989, -12.18826004699986 ], [ -76.936604864999879, -12.188247079999945 ], [ -76.936593490999826, -12.188239567999853 ], [ -76.936379958999908, -12.188098543999848 ], [ -76.936332150999874, -12.188067022999967 ], [ -76.936044826999989, -12.187877579999855 ], [ -76.936043166999866, -12.187876484999835 ], [ -76.936025138999867, -12.18786465899985 ], [ -76.936026161999791, -12.187862046999891 ], [ -76.936464062999789, -12.186895128999824 ], [ -76.936606277999829, -12.186588909999887 ], [ -76.936694650999925, -12.186398623999882 ], [ -76.936753504999842, -12.186271898999841 ], [ -76.936792359999856, -12.18620774699996 ], [ -76.936851419999925, -12.186087956999918 ], [ -76.936939058999826, -12.185910199999856 ], [ -76.937025866999818, -12.185773391999822 ], [ -76.936901222999893, -12.18572125199996 ], [ -76.936161675999813, -12.185325066999955 ], [ -76.93604423399978, -12.185266020999846 ], [ -76.935454092999862, -12.184969313999822 ], [ -76.935407774999874, -12.184944234999882 ], [ -76.935088457999825, -12.184771335999878 ], [ -76.934907122999903, -12.184662194999813 ], [ -76.934966122999924, -12.184528403999934 ], [ -76.935037630999886, -12.184363278999848 ], [ -76.935039864999965, -12.184356954999936 ], [ -76.935081550999882, -12.18423897799989 ], [ -76.935122683999907, -12.184122562999853 ], [ -76.935209333999865, -12.183896645999884 ], [ -76.935241845999826, -12.183802423999905 ], [ -76.935092838886135, -12.183767755883542 ], [ -76.934819369328295, -12.183704130233531 ], [ -76.934712740999828, -12.183679321999925 ], [ -76.934716547999869, -12.183624118999893 ], [ -76.934304538999811, -12.183569956999857 ], [ -76.934305406999954, -12.183506136999828 ], [ -76.934033166999825, -12.183468977999832 ], [ -76.933893086999944, -12.183429120999843 ], [ -76.933830601401041, -12.183401943944366 ], [ -76.93372602643484, -12.183256027143781 ], [ -76.933646279052368, -12.183144752228369 ], [ -76.933275083877845, -12.182640306305025 ], [ -76.933280940263103, -12.182577843892252 ], [ -76.933317914090367, -12.182183449806191 ], [ -76.93372429434055, -12.181974935694596 ], [ -76.933744399584157, -12.181982305638707 ], [ -76.934004784792819, -12.181717074882958 ], [ -76.933985748843213, -12.181317326233561 ], [ -76.933861464334939, -12.181180455713323 ], [ -76.933813622200773, -12.181127769830661 ], [ -76.933647762933902, -12.180945113925755 ], [ -76.933609793557025, -12.18090329994727 ], [ -76.933662913812327, -12.180842663158327 ], [ -76.933436261274267, -12.180618355152822 ], [ -76.933413005705575, -12.18057904758496 ], [ -76.933350885035281, -12.180474049038031 ], [ -76.933275894167025, -12.18032834717536 ], [ -76.933247962123573, -12.180274076687176 ], [ -76.933240559803849, -12.180259694728989 ], [ -76.933170345235112, -12.180119264692227 ], [ -76.933163844935336, -12.180106264991982 ], [ -76.933157278985163, -12.180093132192148 ], [ -76.933077329255298, -12.179924309659034 ], [ -76.933103409594537, -12.179818429776672 ], [ -76.933111169844494, -12.179786929223379 ], [ -76.933112347057033, -12.17978215112521 ], [ -76.933131591649612, -12.179747939116007 ], [ -76.933148326234175, -12.179737587019931 ], [ -76.933229094347098, -12.179709333019272 ], [ -76.933233411092885, -12.179708738567394 ], [ -76.933268532316788, -12.179703903811975 ], [ -76.933362949440493, -12.179708019109736 ], [ -76.933421052839208, -12.179710551600579 ], [ -76.933360153448177, -12.179626551324249 ], [ -76.933182360177739, -12.179381316094798 ], [ -76.933243798262595, -12.179320241336031 ], [ -76.933337104723478, -12.179253961301244 ], [ -76.933455943836577, -12.179212152718604 ], [ -76.933462954051947, -12.179194475644412 ], [ -76.933470092870436, -12.179120712350873 ], [ -76.933442625776422, -12.179051692081829 ], [ -76.933402946788419, -12.178951982447918 ], [ -76.933417395296487, -12.17878888230104 ], [ -76.933541149204586, -12.178678279179165 ], [ -76.933620919070052, -12.178729204189271 ], [ -76.93369960615189, -12.178779439419538 ], [ -76.933774791273493, -12.178734129776215 ], [ -76.933864699196377, -12.178679948320902 ], [ -76.9338915763351, -12.178566874761323 ], [ -76.933905267613966, -12.178509271385732 ], [ -76.93394595564132, -12.178433533180959 ], [ -76.934202974687366, -12.178000502421183 ], [ -76.934370432949038, -12.177684157797607 ], [ -76.934400628586047, -12.177627114699526 ], [ -76.934352585003694, -12.177605460823253 ], [ -76.93423694118178, -12.177553337916097 ], [ -76.934197864739531, -12.177535725593193 ], [ -76.933966524935045, -12.177431457295768 ], [ -76.933830804647869, -12.177370286309612 ], [ -76.933839815854753, -12.177353552624247 ], [ -76.933824783686646, -12.17734592727259 ], [ -76.93374809489859, -12.177307026198143 ], [ -76.933691270335771, -12.177278201127992 ], [ -76.933645726868633, -12.177255099343256 ], [ -76.933617682410045, -12.17724087386717 ], [ -76.933533653355312, -12.177198248700112 ], [ -76.933497429562635, -12.177179874651365 ], [ -76.933451984121632, -12.177152777178886 ], [ -76.933429826625172, -12.177139566138006 ], [ -76.933402069949466, -12.177123015914331 ], [ -76.933348417295576, -12.177091025230528 ], [ -76.933318852083346, -12.177073396719717 ], [ -76.933288388448261, -12.177055233112471 ], [ -76.933253688107015, -12.177034543309443 ], [ -76.933165189421914, -12.176996769984902 ], [ -76.933095081872295, -12.17696684594307 ], [ -76.933063592111068, -12.176946583318006 ], [ -76.933055380401356, -12.176956843683332 ], [ -76.933032886558237, -12.176984948396475 ], [ -76.933013573617302, -12.177009079005645 ], [ -76.932902098153136, -12.177148366903566 ], [ -76.932828334859551, -12.177228079212391 ], [ -76.932746242944759, -12.17731017022799 ], [ -76.932655724382073, -12.177397574438436 ], [ -76.932645224797056, -12.177407711596567 ], [ -76.932470594442236, -12.177511156114859 ], [ -76.932377993949103, -12.177566962645191 ], [ -76.932077614989794, -12.177747990777052 ], [ -76.931996595066664, -12.177791294932149 ], [ -76.931886414626263, -12.177850183439023 ], [ -76.931843399153479, -12.177874254692989 ], [ -76.931814958093753, -12.177890170894496 ], [ -76.931751181771418, -12.177925859590696 ], [ -76.931698003060262, -12.17794039982949 ], [ -76.931690080032979, -12.177942566296229 ], [ -76.931374471054824, -12.178028861642531 ], [ -76.931337006197737, -12.178039105819952 ], [ -76.931332193925485, -12.178040422427497 ], [ -76.931209413083877, -12.178070403126588 ], [ -76.931069824812369, -12.178102598855673 ], [ -76.930970176332494, -12.178125582829248 ], [ -76.930844655256465, -12.178139257020977 ], [ -76.930700739447502, -12.178160550269121 ], [ -76.930620448874549, -12.17817243031328 ], [ -76.930596820986466, -12.178175925978101 ], [ -76.930390906814807, -12.178208629824391 ], [ -76.930340775006584, -12.178218142852982 ], [ -76.930108983742471, -12.178262129593461 ], [ -76.929989575358547, -12.17827354558756 ], [ -76.929966124636849, -12.178274067194307 ], [ -76.92963541244427, -12.178302689017807 ], [ -76.929480656207204, -12.178316081721729 ], [ -76.929423915281291, -12.178320992020138 ], [ -76.92932209673728, -12.17832980357746 ], [ -76.929289957665276, -12.178362268204008 ], [ -76.929248385604353, -12.178404261147698 ], [ -76.929143343890189, -12.178510364961193 ], [ -76.929067177608033, -12.178587301962295 ], [ -76.928993015914784, -12.178662214589497 ], [ -76.928957937858343, -12.178697646978714 ], [ -76.92891422631044, -12.178662214589506 ], [ -76.928766818433701, -12.178542727065121 ], [ -76.928758006876421, -12.178535584649458 ], [ -76.928540176687704, -12.178359015356241 ], [ -76.928539307043252, -12.178358191577161 ], [ -76.928418060444983, -12.178243439882694 ], [ -76.928407467330601, -12.178233415139964 ], [ -76.92840692683815, -12.178232904324943 ], [ -76.928389857705724, -12.178217331664364 ], [ -76.928337456008705, -12.178169528201124 ], [ -76.928307927668584, -12.17814258990847 ], [ -76.928290658886624, -12.178126835584916 ], [ -76.928206815991587, -12.1780503491442 ], [ -76.928149944664199, -12.178099653576107 ], [ -76.928144700717326, -12.178096360258678 ], [ -76.928131388053046, -12.178087998362345 ], [ -76.928098489053866, -12.178067332840955 ], [ -76.927889097203945, -12.177913858137973 ], [ -76.927717486772565, -12.177764317069544 ], [ -76.927686434980842, -12.177738057765115 ], [ -76.927477363289597, -12.177561256446724 ], [ -76.927475070917637, -12.177559318407763 ], [ -76.92739059040332, -12.177501671864484 ], [ -76.927370786432505, -12.177492491585102 ], [ -76.927341678075891, -12.177478999955778 ], [ -76.927282333612652, -12.17745819144222 ], [ -76.927220642818327, -12.177440710420338 ], [ -76.92703480781006, -12.177325151134701 ], [ -76.926825952855381, -12.177195278239369 ], [ -76.926747353007784, -12.177154824935094 ], [ -76.926706306150948, -12.177127082648667 ], [ -76.926699288741077, -12.177120833259675 ], [ -76.926651497868306, -12.177078265649417 ], [ -76.926630043641467, -12.177046906289606 ], [ -76.926621328311512, -12.177034165594073 ], [ -76.926610133550753, -12.17701073465752 ], [ -76.926586668439825, -12.176961619083333 ], [ -76.926562902955482, -12.176930907235434 ], [ -76.926548870833699, -12.176912774205059 ], [ -76.926532639869322, -12.17689511331877 ], [ -76.926526165649932, -12.176888068029832 ], [ -76.926484911949046, -12.17684318016847 ], [ -76.926432782746645, -12.176801036138787 ], [ -76.926422559253581, -12.176793632020411 ], [ -76.926398281155571, -12.176776052073016 ], [ -76.926334020098807, -12.176736132066706 ], [ -76.926319758649825, -12.176727272845255 ], [ -76.926264374801008, -12.176701752783581 ], [ -76.926219406899975, -12.176681033302936 ], [ -76.926099737712605, -12.1766425639031 ], [ -76.926069956663085, -12.176635739847365 ], [ -76.926005595781476, -12.176612040013541 ], [ -76.925934852411388, -12.176579656326002 ], [ -76.9259242655923, -12.176573104764826 ], [ -76.925920649418288, -12.176575247849319 ], [ -76.925918314778244, -12.176576630107256 ], [ -76.925887357415434, -12.176594969981743 ], [ -76.925885551576869, -12.176593644381049 ], [ -76.925871691225495, -12.176583459558907 ], [ -76.925844055958351, -12.176563157363711 ], [ -76.925816710272898, -12.176538121137304 ], [ -76.925761246384241, -12.176473617263586 ], [ -76.925736290197506, -12.176434340272397 ], [ -76.925728609987345, -12.176418764014619 ], [ -76.925719329883009, -12.176399943902201 ], [ -76.925706518141226, -12.176360593166756 ], [ -76.925666426364387, -12.176344735421139 ], [ -76.925643365948417, -12.176314243907198 ], [ -76.925617819806405, -12.176280466270331 ], [ -76.925609260059275, -12.176269147403154 ], [ -76.925604263425782, -12.176262540084114 ], [ -76.925598148935265, -12.176254456078194 ], [ -76.925583665353727, -12.176235304115956 ], [ -76.925554892444154, -12.176197260095305 ], [ -76.925529988418191, -12.176088710125784 ], [ -76.925342337678686, -12.176194650262794 ], [ -76.925286503269376, -12.17610586289509 ], [ -76.925217018950093, -12.175995371289268 ], [ -76.925197190697702, -12.175963841957696 ], [ -76.924914034654819, -12.17585914558293 ], [ -76.924716539036936, -12.175970980775963 ], [ -76.924426245074983, -12.175813935764378 ], [ -76.924112155951207, -12.176123265676095 ], [ -76.924021837937346, -12.17623530771316 ], [ -76.923990972305432, -12.176273599047191 ], [ -76.92389473315535, -12.176392984948173 ], [ -76.923853834686497, -12.1764437202014 ], [ -76.923856853710788, -12.176452875299786 ], [ -76.923862597680625, -12.176470291570531 ], [ -76.923993567748937, -12.176867426790229 ], [ -76.924009181778217, -12.176914770700032 ], [ -76.924075124567139, -12.177114727762392 ], [ -76.9241465091539, -12.177385986673807 ], [ -76.924169502120719, -12.177449738714364 ], [ -76.924224522643442, -12.177437062770144 ], [ -76.924328283723241, -12.177412933060275 ], [ -76.924480315014364, -12.177377577113472 ], [ -76.92478242876598, -12.177301863190335 ], [ -76.924843183366079, -12.177291321337345 ], [ -76.924962155578953, -12.177276449248552 ], [ -76.925028703611659, -12.17742575919136 ], [ -76.925153052870996, -12.177704752272355 ], [ -76.925207260406637, -12.177826373887971 ], [ -76.925180976820457, -12.177901074275093 ], [ -76.925174131181109, -12.177916648734259 ], [ -76.925140269907445, -12.177993680164102 ], [ -76.92505352220212, -12.178191030091801 ], [ -76.924921309270928, -12.178491810148847 ], [ -76.924903785980916, -12.178532400150058 ], [ -76.924892223397308, -12.178559184658528 ], [ -76.924888447144042, -12.178557570375515 ], [ -76.924693796981046, -12.178474344415356 ], [ -76.924609348842239, -12.178438236635209 ], [ -76.924499076670941, -12.178391087878312 ], [ -76.924220022435989, -12.178261027923943 ], [ -76.924105370566338, -12.178207592905951 ], [ -76.924053071392052, -12.178183217681235 ], [ -76.923900594936413, -12.178187216067037 ], [ -76.923723563391661, -12.178393943225732 ], [ -76.923640758314207, -12.178497877874628 ], [ -76.923520832820032, -12.178642930426806 ], [ -76.923332810660611, -12.178874599383109 ], [ -76.923296972677008, -12.178918756994959 ], [ -76.923246718561188, -12.178934175871467 ], [ -76.923204702235125, -12.179011664156866 ], [ -76.923133075730846, -12.17914375927694 ], [ -76.922903140667245, -12.179633294440805 ], [ -76.922992989235027, -12.179890656128695 ], [ -76.922943219853607, -12.179957419998855 ], [ -76.922930552003095, -12.179974412688866 ], [ -76.922802559590252, -12.180154857160749 ], [ -76.922702982156764, -12.180313413932828 ], [ -76.922666814121897, -12.18038727165515 ], [ -76.922594746050549, -12.180528103688911 ], [ -76.922464458567788, -12.180790015047146 ], [ -76.922537556363068, -12.180865968189842 ], [ -76.922669148761997, -12.180954283413422 ], [ -76.922822330286181, -12.181057085815826 ], [ -76.922898091873321, -12.181255183979493 ], [ -76.923047331668954, -12.181267367095243 ], [ -76.923042002286422, -12.181348077651535 ], [ -76.923156216186271, -12.181376250713349 ], [ -76.923516044829341, -12.181479213195026 ], [ -76.923509804433664, -12.181503371683101 ], [ -76.923428278192432, -12.181768349729442 ], [ -76.923364718606592, -12.181900119294946 ], [ -76.923303403728767, -12.182027235768208 ], [ -76.923277619266571, -12.182063813893869 ], [ -76.923262268738597, -12.182085590077858 ], [ -76.923116011994296, -12.18201244911506 ], [ -76.922867787418284, -12.18229874559057 ], [ -76.922601286819713, -12.182102297682821 ], [ -76.922477844976299, -12.182056042852025 ], [ -76.922061725967808, -12.181900119294937 ], [ -76.922024147796037, -12.181886037710344 ], [ -76.92195054098454, -12.181940513243829 ], [ -76.921678371059897, -12.182141943395946 ], [ -76.921776651671109, -12.182295329066161 ], [ -76.921984576726686, -12.182619833238682 ], [ -76.922174716789414, -12.182916583433487 ], [ -76.9221608474449, -12.182977987344145 ], [ -76.922127398960185, -12.183098010864331 ], [ -76.922095423564883, -12.183231124916404 ], [ -76.921983285300087, -12.183697959393157 ], [ -76.921204871707289, -12.184454910665416 ], [ -76.920877458227778, -12.18442673760382 ], [ -76.920763244327929, -12.184834863438017 ], [ -76.920182367722077, -12.184890672666359 ], [ -76.920137991574961, -12.184894937251499 ], [ -76.920091928299726, -12.184902889956224 ], [ -76.919987713961575, -12.184920883591873 ], [ -76.91989244428072, -12.184937333990609 ], [ -76.919875487563445, -12.184938978850763 ], [ -76.919790203055129, -12.184947256210876 ], [ -76.919704768360077, -12.185079346834296 ], [ -76.919622450715451, -12.185206617091577 ], [ -76.919621409300305, -12.185207361730132 ], [ -76.919592184931162, -12.185228255679309 ], [ -76.919409745763119, -12.185358696046871 ], [ -76.919398764141476, -12.185366548027607 ], [ -76.919323382068171, -12.185420444397835 ], [ -76.91925599137079, -12.185468627375082 ], [ -76.919166841576171, -12.185532365925781 ], [ -76.919117622579904, -12.185567556397475 ], [ -76.9190089673898, -12.185645241634576 ], [ -76.919006469073224, -12.185647028587367 ], [ -76.918805708016748, -12.185790567580502 ], [ -76.918637354030352, -12.185910937339822 ], [ -76.918622355137529, -12.185935591354395 ], [ -76.91861779287666, -12.185943090800885 ], [ -76.918591880710551, -12.185985683592211 ], [ -76.918271203153154, -12.186512806820467 ], [ -76.918264617418004, -12.18652363196002 ], [ -76.91821892311907, -12.18659874293524 ], [ -76.918053659848454, -12.186870397950438 ], [ -76.918012163330502, -12.186938609728889 ], [ -76.917965160263634, -12.187007216309835 ], [ -76.917939064636016, -12.187045305296456 ], [ -76.917898364018129, -12.187015544931162 ], [ -76.917791832127079, -12.186937650152286 ], [ -76.917762260619611, -12.186916027752321 ], [ -76.917680825209743, -12.18700111440978 ], [ -76.91762774182672, -12.18705657470098 ], [ -76.9176382872771, -12.18706485835634 ], [ -76.917689292326884, -12.18710492405296 ], [ -76.917825118734072, -12.187211621419115 ], [ -76.917847037910406, -12.187227531325394 ], [ -76.91783995215178, -12.187241639889747 ], [ -76.917196517804882, -12.188483521797027 ], [ -76.917086553201784, -12.188695763598496 ], [ -76.917107577552486, -12.188731365959535 ], [ -76.917383264725743, -12.188895319563311 ], [ -76.917452470255228, -12.188936477036753 ], [ -76.91777200027758, -12.189126504684392 ], [ -76.918035462966145, -12.189283189067735 ], [ -76.918719459435465, -12.189713234977715 ], [ -76.919292626153492, -12.190073598717559 ], [ -76.919470501262595, -12.190185433011205 ], [ -76.919430051555366, -12.190256563989129 ], [ -76.919171813927733, -12.190710687448139 ], [ -76.918901218716258, -12.191175258331214 ], [ -76.918884089329197, -12.19120466706169 ], [ -76.918198658440986, -12.192381447945369 ], [ -76.917982599916911, -12.192752386813078 ], [ -76.917779298275889, -12.193077737247672 ], [ -76.917442803442555, -12.193616236899746 ], [ -76.917523628212621, -12.193714793602789 ], [ -76.91756574796085, -12.193766154784154 ], [ -76.917999989207829, -12.194145852149173 ], [ -76.918032246990322, -12.194174057586611 ], [ -76.918850141720554, -12.194834007083722 ], [ -76.918869383615117, -12.194870208393244 ], [ -76.91887942544497, -12.194889098652713 ], [ -76.918916913684598, -12.194959627984412 ], [ -76.919053344436179, -12.195216298992877 ], [ -76.919107171558494, -12.195317568051163 ], [ -76.91913298210136, -12.195366125146395 ], [ -76.919214019111621, -12.195518582716256 ], [ -76.919218904228899, -12.195527772888349 ], [ -76.919243429640289, -12.195625877232374 ], [ -76.919245078097845, -12.195632470162307 ], [ -76.919192885043515, -12.195731793987022 ], [ -76.919108009726699, -12.195893314924378 ], [ -76.919150226601403, -12.195919432135945 ], [ -76.919048080704329, -12.196079164321935 ], [ -76.918982878057136, -12.196181125858114 ], [ -76.918869215441816, -12.196358869665973 ], [ -76.918802412900902, -12.196463332216924 ], [ -76.918634373677207, -12.196726106024819 ], [ -76.918516950996207, -12.196659159592402 ], [ -76.918296136857066, -12.19680002400179 ], [ -76.91839635730588, -12.196866873307433 ], [ -76.918491483095352, -12.196930077660912 ], [ -76.918397087555434, -12.197061566637949 ], [ -76.918208734445443, -12.197073023101391 ], [ -76.917964028916629, -12.197087906881288 ], [ -76.917862219365873, -12.197094098713656 ], [ -76.917737698335941, -12.19710167280391 ], [ -76.917687565628626, -12.197104722404733 ], [ -76.917488642786509, -12.197207514914785 ], [ -76.91750672725351, -12.197310307424674 ], [ -76.917300567567111, -12.197484676976092 ], [ -76.91736997094722, -12.197690869038185 ], [ -76.917370936819225, -12.197693739674259 ], [ -76.917377214086912, -12.197712389814919 ], [ -76.917379564914711, -12.197713492383512 ], [ -76.917419601832933, -12.197801967686527 ], [ -76.917540214409314, -12.197966638049827 ], [ -76.917820646405687, -12.198122379044495 ], [ -76.917942923626924, -12.19819028685213 ], [ -76.917995481805974, -12.198219476147759 ], [ -76.917998007102312, -12.198220878190853 ], [ -76.917997922565746, -12.19822099600203 ], [ -76.917892257621247, -12.198369669224741 ], [ -76.917967206221533, -12.198576325337051 ], [ -76.918010156043806, -12.198617212114586 ], [ -76.918077215790561, -12.198681051389309 ], [ -76.918190399067328, -12.198788797365015 ], [ -76.918558110268464, -12.199041559020706 ], [ -76.918601140130363, -12.19907113682342 ], [ -76.918679923439413, -12.199125291299092 ], [ -76.918762415552976, -12.199181996251976 ], [ -76.918799712236762, -12.199189573040263 ], [ -76.919096993031587, -12.199249965213648 ], [ -76.919142252313065, -12.198935634172013 ], [ -76.919317395281553, -12.199046014261967 ], [ -76.91978228092745, -12.199293837740237 ], [ -76.919809953066533, -12.19930859021912 ], [ -76.919808221871676, -12.199311608343971 ], [ -76.919590239697584, -12.199691640256837 ], [ -76.919586647805204, -12.199697903135693 ], [ -76.919829712970795, -12.199912422020477 ], [ -76.920027296722026, -12.200086802363902 ], [ -76.920225092713792, -12.200261367967631 ], [ -76.920241105142679, -12.20041508278968 ], [ -76.920242938860213, -12.200432688817504 ], [ -76.920351991551001, -12.200667006277056 ], [ -76.920419018922303, -12.200811022810333 ], [ -76.920687278594755, -12.200898126647189 ], [ -76.920742482579328, -12.200953330631586 ], [ -76.920791909319007, -12.201084306995138 ], [ -76.920817210845314, -12.201151355050964 ], [ -76.920853797964071, -12.201248309161995 ], [ -76.920954659629558, -12.201515584076727 ], [ -76.920967248339821, -12.201548940830897 ], [ -76.921318942614846, -12.201785737721538 ], [ -76.92146547814923, -12.20188439964522 ], [ -76.921756542730748, -12.202080373932525 ], [ -76.922078303170906, -12.202297015794551 ], [ -76.922292465924215, -12.202441213091337 ], [ -76.922322478099602, -12.202461419958521 ], [ -76.922681546815795, -12.202703182006074 ], [ -76.923316517643002, -12.203130708914957 ], [ -76.92328283083782, -12.203180526859688 ], [ -76.923203923422022, -12.203297218391752 ], [ -76.922946487989861, -12.203677919400436 ], [ -76.922864025554304, -12.203799866570485 ], [ -76.922793284882061, -12.203904481106807 ], [ -76.922516076055842, -12.204314425370397 ], [ -76.922455248610731, -12.204404378259365 ], [ -76.922477672306684, -12.204686009052008 ], [ -76.922423894370638, -12.205191647766634 ], [ -76.92237306136758, -12.205396236946624 ] ] ] ] } },
{ "type": "Feature", "properties": { "index": 15, "UBIGEO": "150143", "CCDD": "15", "CCPP": "01", "CCDI": "43", "DEPARTAMEN": "LIMA", "PROVINCIA": "LIMA", "DISTRITO": "VILLA MARIA DEL TRIUNFO", "OBJECTID": 1336.0, "ESRI_OID": 1336.0, "Zonas": "Villa Poeta José Gálvez", "sububigeo": "15014307", "tipo_influencia": "Directa", "abreviatura": "VMT" }, "geometry": { "type": "MultiPolygon", "coordinates": [ [ [ [ -76.92237306136758, -12.205396236946624 ], [ -76.922423894370638, -12.205191647766634 ], [ -76.922477672306684, -12.204686009052008 ], [ -76.922455248610731, -12.204404378259365 ], [ -76.922516076055842, -12.204314425370397 ], [ -76.922793284882061, -12.203904481106807 ], [ -76.922864025554304, -12.203799866570485 ], [ -76.922946487989861, -12.203677919400436 ], [ -76.923203923422022, -12.203297218391752 ], [ -76.92328283083782, -12.203180526859688 ], [ -76.923316517643002, -12.203130708914957 ], [ -76.922681546815795, -12.202703182006074 ], [ -76.922322478099602, -12.202461419958521 ], [ -76.922292465924215, -12.202441213091337 ], [ -76.922078303170906, -12.202297015794551 ], [ -76.921756542730748, -12.202080373932525 ], [ -76.92146547814923, -12.20188439964522 ], [ -76.921318942614846, -12.201785737721538 ], [ -76.920967248339821, -12.201548940830897 ], [ -76.920954659629558, -12.201515584076727 ], [ -76.920853797964071, -12.201248309161995 ], [ -76.920817210845314, -12.201151355050964 ], [ -76.920791909319007, -12.201084306995138 ], [ -76.920742482579328, -12.200953330631586 ], [ -76.920687278594755, -12.200898126647189 ], [ -76.920419018922303, -12.200811022810333 ], [ -76.920351991551001, -12.200667006277056 ], [ -76.920242938860213, -12.200432688817504 ], [ -76.920241105142679, -12.20041508278968 ], [ -76.920225092713792, -12.200261367967631 ], [ -76.920027296722026, -12.200086802363902 ], [ -76.919829712970795, -12.199912422020477 ], [ -76.919586647805204, -12.199697903135693 ], [ -76.919590239697584, -12.199691640256837 ], [ -76.919808221871676, -12.199311608343971 ], [ -76.919809953066533, -12.19930859021912 ], [ -76.91978228092745, -12.199293837740237 ], [ -76.919317395281553, -12.199046014261967 ], [ -76.919142252313065, -12.198935634172013 ], [ -76.919096993031587, -12.199249965213648 ], [ -76.918799712236762, -12.199189573040263 ], [ -76.918762415552976, -12.199181996251976 ], [ -76.918679923439413, -12.199125291299092 ], [ -76.918601140130363, -12.19907113682342 ], [ -76.918558110268464, -12.199041559020706 ], [ -76.918190399067328, -12.198788797365015 ], [ -76.918077215790561, -12.198681051389309 ], [ -76.918010156043806, -12.198617212114586 ], [ -76.917967206221533, -12.198576325337051 ], [ -76.917892257621247, -12.198369669224741 ], [ -76.917997922565746, -12.19822099600203 ], [ -76.917998007102312, -12.198220878190853 ], [ -76.917995481805974, -12.198219476147759 ], [ -76.917942923626924, -12.19819028685213 ], [ -76.917820646405687, -12.198122379044495 ], [ -76.917540214409314, -12.197966638049827 ], [ -76.917419601832933, -12.197801967686527 ], [ -76.917379564914711, -12.197713492383512 ], [ -76.917377214086912, -12.197712389814919 ], [ -76.917370936819225, -12.197693739674259 ], [ -76.91736997094722, -12.197690869038185 ], [ -76.917300567567111, -12.197484676976092 ], [ -76.91750672725351, -12.197310307424674 ], [ -76.917488642786509, -12.197207514914785 ], [ -76.917687565628626, -12.197104722404733 ], [ -76.917737698335941, -12.19710167280391 ], [ -76.917862219365873, -12.197094098713656 ], [ -76.917964028916629, -12.197087906881288 ], [ -76.918208734445443, -12.197073023101391 ], [ -76.918397087555434, -12.197061566637949 ], [ -76.918491483095352, -12.196930077660912 ], [ -76.91839635730588, -12.196866873307433 ], [ -76.918296136857066, -12.19680002400179 ], [ -76.918516950996207, -12.196659159592402 ], [ -76.918634373677207, -12.196726106024819 ], [ -76.918802412900902, -12.196463332216924 ], [ -76.918869215441816, -12.196358869665973 ], [ -76.918982878057136, -12.196181125858114 ], [ -76.919048080704329, -12.196079164321935 ], [ -76.919150226601403, -12.195919432135945 ], [ -76.919108009726699, -12.195893314924378 ], [ -76.919192885043515, -12.195731793987022 ], [ -76.919245078097845, -12.195632470162307 ], [ -76.919243429640289, -12.195625877232374 ], [ -76.919218904228899, -12.195527772888349 ], [ -76.919214019111621, -12.195518582716256 ], [ -76.91913298210136, -12.195366125146395 ], [ -76.919107171558494, -12.195317568051163 ], [ -76.919053344436179, -12.195216298992877 ], [ -76.918916913684598, -12.194959627984412 ], [ -76.91887942544497, -12.194889098652713 ], [ -76.918869383615117, -12.194870208393244 ], [ -76.918850141720554, -12.194834007083722 ], [ -76.918032246990322, -12.194174057586611 ], [ -76.917999989207829, -12.194145852149173 ], [ -76.91756574796085, -12.193766154784154 ], [ -76.917523628212621, -12.193714793602789 ], [ -76.917442803442555, -12.193616236899746 ], [ -76.917779298275889, -12.193077737247672 ], [ -76.917982599916911, -12.192752386813078 ], [ -76.918198658440986, -12.192381447945369 ], [ -76.918884089329197, -12.19120466706169 ], [ -76.918901218716258, -12.191175258331214 ], [ -76.919171813927733, -12.190710687448139 ], [ -76.919430051555366, -12.190256563989129 ], [ -76.919470501262595, -12.190185433011205 ], [ -76.919292626153492, -12.190073598717559 ], [ -76.918719459435465, -12.189713234977715 ], [ -76.918035462966145, -12.189283189067735 ], [ -76.91777200027758, -12.189126504684392 ], [ -76.917452470255228, -12.188936477036753 ], [ -76.917383264725743, -12.188895319563311 ], [ -76.917107577552486, -12.188731365959535 ], [ -76.917086553201784, -12.188695763598496 ], [ -76.917196517804882, -12.188483521797027 ], [ -76.91783995215178, -12.187241639889747 ], [ -76.917847037910406, -12.187227531325394 ], [ -76.917825118734072, -12.187211621419115 ], [ -76.917689292326884, -12.18710492405296 ], [ -76.9176382872771, -12.18706485835634 ], [ -76.91762774182672, -12.18705657470098 ], [ -76.917680825209743, -12.18700111440978 ], [ -76.917762260619611, -12.186916027752321 ], [ -76.917791832127079, -12.186937650152286 ], [ -76.917898364018129, -12.187015544931162 ], [ -76.917939064636016, -12.187045305296456 ], [ -76.917965160263634, -12.187007216309835 ], [ -76.918012163330502, -12.186938609728889 ], [ -76.918053659848454, -12.186870397950438 ], [ -76.91821892311907, -12.18659874293524 ], [ -76.918264617418004, -12.18652363196002 ], [ -76.918271203153154, -12.186512806820467 ], [ -76.918591880710551, -12.185985683592211 ], [ -76.91861779287666, -12.185943090800885 ], [ -76.918622355137529, -12.185935591354395 ], [ -76.918637354030352, -12.185910937339822 ], [ -76.918805708016748, -12.185790567580502 ], [ -76.919006469073224, -12.185647028587367 ], [ -76.9190089673898, -12.185645241634576 ], [ -76.919117622579904, -12.185567556397475 ], [ -76.919166841576171, -12.185532365925781 ], [ -76.91925599137079, -12.185468627375082 ], [ -76.919323382068171, -12.185420444397835 ], [ -76.919398764141476, -12.185366548027607 ], [ -76.919409745763119, -12.185358696046871 ], [ -76.919592184931162, -12.185228255679309 ], [ -76.919621409300305, -12.185207361730132 ], [ -76.919622450715451, -12.185206617091577 ], [ -76.919704768360077, -12.185079346834296 ], [ -76.919790203055129, -12.184947256210876 ], [ -76.919875487563445, -12.184938978850763 ], [ -76.91989244428072, -12.184937333990609 ], [ -76.919987713961575, -12.184920883591873 ], [ -76.920091928299726, -12.184902889956224 ], [ -76.920137991574961, -12.184894937251499 ], [ -76.920182367722077, -12.184890672666359 ], [ -76.920763244327929, -12.184834863438017 ], [ -76.920877458227778, -12.18442673760382 ], [ -76.921204871707289, -12.184454910665416 ], [ -76.921983285300087, -12.183697959393157 ], [ -76.922095423564883, -12.183231124916404 ], [ -76.922127398960185, -12.183098010864331 ], [ -76.9221608474449, -12.182977987344145 ], [ -76.922174716789414, -12.182916583433487 ], [ -76.921984576726686, -12.182619833238682 ], [ -76.921776651671109, -12.182295329066161 ], [ -76.921678371059897, -12.182141943395946 ], [ -76.92195054098454, -12.181940513243829 ], [ -76.922024147796037, -12.181886037710344 ], [ -76.922061725967808, -12.181900119294937 ], [ -76.922477844976299, -12.182056042852025 ], [ -76.922601286819713, -12.182102297682821 ], [ -76.922867787418284, -12.18229874559057 ], [ -76.923116011994296, -12.18201244911506 ], [ -76.923262268738597, -12.182085590077858 ], [ -76.923277619266571, -12.182063813893869 ], [ -76.923303403728767, -12.182027235768208 ], [ -76.923364718606592, -12.181900119294946 ], [ -76.923428278192432, -12.181768349729442 ], [ -76.923509804433664, -12.181503371683101 ], [ -76.923516044829341, -12.181479213195026 ], [ -76.923156216186271, -12.181376250713349 ], [ -76.923042002286422, -12.181348077651535 ], [ -76.923047331668954, -12.181267367095243 ], [ -76.922898091873321, -12.181255183979493 ], [ -76.922822330286181, -12.181057085815826 ], [ -76.922669148761997, -12.180954283413422 ], [ -76.922537556363068, -12.180865968189842 ], [ -76.922464458567788, -12.180790015047146 ], [ -76.922594746050549, -12.180528103688911 ], [ -76.922666814121897, -12.18038727165515 ], [ -76.922702982156764, -12.180313413932828 ], [ -76.922802559590252, -12.180154857160749 ], [ -76.922930552003095, -12.179974412688866 ], [ -76.922943219853607, -12.179957419998855 ], [ -76.922992989235027, -12.179890656128695 ], [ -76.922903140667245, -12.179633294440805 ], [ -76.923133075730846, -12.17914375927694 ], [ -76.923204702235125, -12.179011664156866 ], [ -76.923246718561188, -12.178934175871467 ], [ -76.923296972677008, -12.178918756994959 ], [ -76.923332810660611, -12.178874599383109 ], [ -76.923520832820032, -12.178642930426806 ], [ -76.923640758314207, -12.178497877874628 ], [ -76.923723563391661, -12.178393943225732 ], [ -76.923900594936413, -12.178187216067037 ], [ -76.924053071392052, -12.178183217681235 ], [ -76.924105370566338, -12.178207592905951 ], [ -76.924220022435989, -12.178261027923943 ], [ -76.924499076670941, -12.178391087878312 ], [ -76.924609348842239, -12.178438236635209 ], [ -76.924693796981046, -12.178474344415356 ], [ -76.924888447144042, -12.178557570375515 ], [ -76.924892223397308, -12.178559184658528 ], [ -76.924903785980916, -12.178532400150058 ], [ -76.924921309270928, -12.178491810148847 ], [ -76.92505352220212, -12.178191030091801 ], [ -76.925140269907445, -12.177993680164102 ], [ -76.925174131181109, -12.177916648734259 ], [ -76.925180976820457, -12.177901074275093 ], [ -76.925207260406637, -12.177826373887971 ], [ -76.925153052870996, -12.177704752272355 ], [ -76.925028703611659, -12.17742575919136 ], [ -76.924962155578953, -12.177276449248552 ], [ -76.924843183366079, -12.177291321337345 ], [ -76.92478242876598, -12.177301863190335 ], [ -76.924480315014364, -12.177377577113472 ], [ -76.924328283723241, -12.177412933060275 ], [ -76.924224522643442, -12.177437062770144 ], [ -76.924169502120719, -12.177449738714364 ], [ -76.9241465091539, -12.177385986673807 ], [ -76.924075124567139, -12.177114727762392 ], [ -76.924009181778217, -12.176914770700032 ], [ -76.923993567748937, -12.176867426790229 ], [ -76.923862597680625, -12.176470291570531 ], [ -76.923856853710788, -12.176452875299786 ], [ -76.923853834686497, -12.1764437202014 ], [ -76.92389473315535, -12.176392984948173 ], [ -76.923990972305432, -12.176273599047191 ], [ -76.924021837937346, -12.17623530771316 ], [ -76.924112155951207, -12.176123265676095 ], [ -76.924426245074983, -12.175813935764378 ], [ -76.924716539036936, -12.175970980775963 ], [ -76.924914034654819, -12.17585914558293 ], [ -76.925197190697702, -12.175963841957696 ], [ -76.925217018950093, -12.175995371289268 ], [ -76.925286503269376, -12.17610586289509 ], [ -76.925342337678686, -12.176194650262794 ], [ -76.925529988418191, -12.176088710125784 ], [ -76.925528974882184, -12.176087344954858 ], [ -76.925592661272233, -12.176043375301498 ], [ -76.92537197573597, -12.17594321240915 ], [ -76.925317949863484, -12.175915519585383 ], [ -76.925411021601363, -12.175806998394137 ], [ -76.925414483991119, -12.175631567642716 ], [ -76.925417156776234, -12.175496112655312 ], [ -76.92533323564021, -12.175444569810908 ], [ -76.925323229783089, -12.175384814357532 ], [ -76.925307056375345, -12.175288225371272 ], [ -76.925269885596606, -12.175202448034501 ], [ -76.924588203082976, -12.175266792728161 ], [ -76.923850570147522, -12.175373868708961 ], [ -76.923769844302853, -12.17478119839347 ], [ -76.924262812178881, -12.174466104726823 ], [ -76.924012466102397, -12.174222976609036 ], [ -76.923971553244485, -12.174183242762403 ], [ -76.923723334963825, -12.173942181286463 ], [ -76.92362061619832, -12.173726593107697 ], [ -76.923608397109717, -12.173700948040279 ], [ -76.923605854726361, -12.173695614161092 ], [ -76.923644895195707, -12.173323170727658 ], [ -76.923473401676063, -12.173299889078512 ], [ -76.92339154898076, -12.173284660858315 ], [ -76.923347766386144, -12.173267528773414 ], [ -76.923301711204886, -12.173237815172849 ], [ -76.923280905389333, -12.173220203749331 ], [ -76.923244892037985, -12.173177761144693 ], [ -76.923229769937791, -12.17315348934193 ], [ -76.923213386088776, -12.17311560090412 ], [ -76.923204999011261, -12.173096207024168 ], [ -76.923186685217217, -12.173096851838066 ], [ -76.922937106262282, -12.173105640912517 ], [ -76.922937036115286, -12.17311560090411 ], [ -76.922936215034213, -12.173232121565043 ], [ -76.922921613641336, -12.173236360969149 ], [ -76.9228922273943, -12.173244892837433 ], [ -76.922886279278259, -12.173246620435069 ], [ -76.922847699261808, -12.173257819692594 ], [ -76.922839878757316, -12.173259645316239 ], [ -76.922804869049287, -12.173267813858443 ], [ -76.922797049444227, -12.173267813858445 ], [ -76.92277203210358, -12.173267813858439 ], [ -76.922747080413274, -12.173263655393219 ], [ -76.922737767933597, -12.173262103163497 ], [ -76.922702075640132, -12.173243543854305 ], [ -76.92267637841212, -12.173226410870029 ], [ -76.922649252161193, -12.173222128298557 ], [ -76.92261498799121, -12.173222128298564 ], [ -76.922581731061996, -12.173225593386347 ], [ -76.922546458752038, -12.17322926711682 ], [ -76.922489351802028, -12.173226410870033 ], [ -76.922469656649241, -12.173225535829713 ], [ -76.922381595034437, -12.17320602233997 ], [ -76.922214482112452, -12.173168990056743 ], [ -76.922152453173112, -12.173152370585278 ], [ -76.922124211762764, -12.173144804588894 ], [ -76.922082181047756, -12.17313354417762 ], [ -76.922086153353177, -12.173117910363151 ], [ -76.9220880374329, -12.173111901093241 ], [ -76.922102593859449, -12.173031037652157 ], [ -76.922106163268666, -12.173011212097716 ], [ -76.922108494311487, -12.172998264558146 ], [ -76.922108645397657, -12.172997548697882 ], [ -76.922115874148233, -12.172963224273255 ], [ -76.922116608894271, -12.172959732205811 ], [ -76.922120234061481, -12.172942521879751 ], [ -76.92212046698576, -12.172941413015732 ], [ -76.922122626258044, -12.172931163442282 ], [ -76.922126507732116, -12.172912730937695 ], [ -76.922126912426904, -12.172910809985753 ], [ -76.922127020345556, -12.172910299170891 ], [ -76.922128076149704, -12.172905287249081 ], [ -76.92212901234393, -12.172900840101539 ], [ -76.922129244368989, -12.17289974023077 ], [ -76.922129434125907, -12.172898834613417 ], [ -76.922129908068655, -12.172896586308237 ], [ -76.922130248911742, -12.172894966629249 ], [ -76.9221298918809, -12.172894966629253 ], [ -76.922113726567034, -12.172893479150666 ], [ -76.922097278866204, -12.172891963793054 ], [ -76.922096555811265, -12.172891898142547 ], [ -76.922091437769552, -12.17289142599844 ], [ -76.922078824777827, -12.172890264973653 ], [ -76.921931520323312, -12.172876703197232 ], [ -76.921920384018392, -12.172875677970067 ], [ -76.92191459328383, -12.172875143772847 ], [ -76.921846502014319, -12.172955204119255 ], [ -76.921835586043414, -12.172968038344152 ], [ -76.921776855817143, -12.173037090089446 ], [ -76.921544477295654, -12.173294896042478 ], [ -76.921609643070553, -12.17338123905285 ], [ -76.921428024083866, -12.173504563984356 ], [ -76.921426232634474, -12.173505779867806 ], [ -76.921377732196504, -12.173538713940445 ], [ -76.921146292567187, -12.173682083860903 ], [ -76.921285102025763, -12.173705887116915 ], [ -76.921426935904265, -12.173730209281649 ], [ -76.921434495605411, -12.17384195634105 ], [ -76.921431462192061, -12.173929335370415 ], [ -76.921429203994364, -12.17399436264969 ], [ -76.921426667906303, -12.17406740828414 ], [ -76.921420471577335, -12.174245858059807 ], [ -76.922025298028927, -12.174322658363968 ], [ -76.922240636196307, -12.174363438122095 ], [ -76.922271650216373, -12.17436765504323 ], [ -76.922310402902667, -12.174372925070315 ], [ -76.922292556756076, -12.174506770271204 ], [ -76.922271650216373, -12.174506461803619 ], [ -76.921901037802627, -12.17450100112017 ], [ -76.921890260327203, -12.174566348558011 ], [ -76.921889412266466, -12.174571490881469 ], [ -76.921847518248342, -12.174854408603888 ], [ -76.921335630434953, -12.17482863313484 ], [ -76.921114280299662, -12.174769661890256 ], [ -76.921072516683182, -12.174758536377277 ], [ -76.920887152919647, -12.174966758209163 ], [ -76.920840530266105, -12.175019131127945 ], [ -76.920722772138049, -12.175326987950028 ], [ -76.920712954239377, -12.175342013822835 ], [ -76.920696001119325, -12.175354501808791 ], [ -76.920628352316498, -12.175386055421933 ], [ -76.920579742161308, -12.175369388286533 ], [ -76.920562843000653, -12.175341970655332 ], [ -76.92036215478953, -12.175008244834485 ], [ -76.920278722884518, -12.174887289616555 ], [ -76.920273173168255, -12.174879244281664 ], [ -76.920255088701197, -12.174868774374316 ], [ -76.920063780419071, -12.174793583856678 ], [ -76.920039986156326, -12.174778354737207 ], [ -76.919943854924838, -12.174724103134787 ], [ -76.919940736076001, -12.174723122873791 ], [ -76.919910543137007, -12.174713634126761 ], [ -76.919873422720229, -12.174715537092249 ], [ -76.91984928941298, -12.174731591789399 ], [ -76.91983318435382, -12.174742306312346 ], [ -76.919757635906137, -12.174792563126182 ], [ -76.919673594260928, -12.174848471279752 ], [ -76.919609757684114, -12.174883120359535 ], [ -76.919582262711231, -12.174926432608686 ], [ -76.919546777261814, -12.174982333567756 ], [ -76.91950938165246, -12.175041241859791 ], [ -76.919443932591264, -12.17514434373641 ], [ -76.919339963768209, -12.17530812467003 ], [ -76.919148927980473, -12.175237804880744 ], [ -76.918924229669301, -12.1751550951314 ], [ -76.918888314344201, -12.175141874198063 ], [ -76.918651396044993, -12.175054666039953 ], [ -76.918625369664937, -12.175045084662827 ], [ -76.918599530344011, -12.175035574332178 ], [ -76.918599152628644, -12.175035273958663 ], [ -76.918453306874596, -12.174919075254934 ], [ -76.918354705205445, -12.174831706118312 ], [ -76.918313983903204, -12.174795622619797 ], [ -76.918200181892814, -12.174694786135316 ], [ -76.918199698956812, -12.17469484009473 ], [ -76.918166609301466, -12.174698549798116 ], [ -76.917990450998388, -12.174718300708882 ], [ -76.917926316745991, -12.174725491687981 ], [ -76.917862303002721, -12.174732669177152 ], [ -76.917836189388595, -12.174752694381247 ], [ -76.917746202325361, -12.174821697563177 ], [ -76.917718450146253, -12.17484297912012 ], [ -76.917642107597146, -12.174901521388055 ], [ -76.917615434604443, -12.174921973769992 ], [ -76.917539727876104, -12.174972575923569 ], [ -76.917436784280142, -12.175041383053333 ], [ -76.917432211227379, -12.175044438949669 ], [ -76.917406923190811, -12.175061341707424 ], [ -76.917379038811475, -12.175079980156793 ], [ -76.91734217380214, -12.175104619782251 ], [ -76.917303432807159, -12.175107296164651 ], [ -76.917283991263048, -12.175108638852469 ], [ -76.917184462392925, -12.175115515068796 ], [ -76.917167413944867, -12.175116693180719 ], [ -76.917101311076536, -12.175121259938059 ], [ -76.917100948649818, -12.175120983846229 ], [ -76.917076755987352, -12.175102527959259 ], [ -76.917042865935343, -12.175076674249063 ], [ -76.917036996959666, -12.175072195625209 ], [ -76.916969403015514, -12.175020630297805 ], [ -76.916968971340907, -12.175020528674391 ], [ -76.9168228980583, -12.174986185364054 ], [ -76.916717993940097, -12.174961520557593 ], [ -76.916673437029317, -12.174951045254483 ], [ -76.91664024664999, -12.174943241837013 ], [ -76.916613835360124, -12.174938245203693 ], [ -76.916247558577894, -12.174890048736705 ], [ -76.916190705236716, -12.174882567276548 ], [ -76.916109574697032, -12.174871892323949 ], [ -76.916109102552923, -12.17487184196176 ], [ -76.915917694445966, -12.174851371593444 ], [ -76.915851416209819, -12.174844284036402 ], [ -76.915822635206439, -12.174839898042704 ], [ -76.915537184992957, -12.174796399634086 ], [ -76.915526504644333, -12.174794772760439 ], [ -76.915518020440231, -12.174791765427463 ], [ -76.915480158082801, -12.17477834394532 ], [ -76.915407477573012, -12.174752581066732 ], [ -76.915521009786687, -12.174531367628338 ], [ -76.915889575343613, -12.17381323739091 ], [ -76.916010403757014, -12.173577806570401 ], [ -76.916034839236431, -12.173530197360671 ], [ -76.915904015757633, -12.173476214655409 ], [ -76.915744164861223, -12.173409672018577 ], [ -76.915692761411719, -12.173055635908836 ], [ -76.915676201295582, -12.172941582088299 ], [ -76.915651035566725, -12.172768265642848 ], [ -76.915646892389987, -12.172739722959694 ], [ -76.915636898224136, -12.172696892747243 ], [ -76.915626904058286, -12.172675478090806 ], [ -76.915468431822674, -12.172561264190957 ], [ -76.915444910054433, -12.172541831640107 ], [ -76.915304248891857, -12.172425633835815 ], [ -76.91530076311966, -12.172423400819133 ], [ -76.915234403045247, -12.172380888966696 ], [ -76.915212877772035, -12.172367099661875 ], [ -76.915175758254463, -12.172348540352694 ], [ -76.915124361999631, -12.172332834592515 ], [ -76.915040128798864, -12.172318558754391 ], [ -76.914911638161527, -12.172287149932005 ], [ -76.914900770487748, -12.172283576029436 ], [ -76.914698914323367, -12.17221719436794 ], [ -76.914534869888257, -12.172149563551324 ], [ -76.914681493556031, -12.171650577412144 ], [ -76.91474699207987, -12.171427678644369 ], [ -76.914787207063853, -12.17129081981539 ], [ -76.914739466553115, -12.171209093924515 ], [ -76.914458249448558, -12.170727677840025 ], [ -76.914271733653493, -12.170361438829152 ], [ -76.914086290982596, -12.169997304737141 ], [ -76.914023918269095, -12.169874830059246 ], [ -76.913950905010097, -12.169620628589081 ], [ -76.913944178980515, -12.169565669220221 ], [ -76.913935707366875, -12.169549517396154 ], [ -76.913928133276556, -12.169541264317848 ], [ -76.913830055912172, -12.169478803703733 ], [ -76.913811495703953, -12.169468810437083 ], [ -76.913784370352232, -12.169457389047132 ], [ -76.913636119811031, -12.169398449278839 ], [ -76.913549723740744, -12.169364099673368 ], [ -76.91348861570691, -12.169339842259886 ], [ -76.913305503845777, -12.169267150958094 ], [ -76.913290568804655, -12.169261084131678 ], [ -76.91316939864879, -12.169206237177942 ], [ -76.913095158714498, -12.169175779838264 ], [ -76.913026631273908, -12.169149130228105 ], [ -76.912998076899555, -12.169135804973331 ], [ -76.912984751644899, -12.169112962193301 ], [ -76.912973331154205, -12.169084407819065 ], [ -76.912963812729743, -12.169050143649091 ], [ -76.912952392239049, -12.169006361954022 ], [ -76.912937163119409, -12.168943544309061 ], [ -76.912933430033661, -12.168926124440933 ], [ -76.912918288148319, -12.168873711052818 ], [ -76.912898344782775, -12.168829479696575 ], [ -76.912871867842398, -12.168786439942206 ], [ -76.912746564478823, -12.168621794369582 ], [ -76.91248467535587, -12.171471764237708 ], [ -76.911437712513361, -12.172118977631218 ], [ -76.908315859673621, -12.172366441575837 ], [ -76.906854870615973, -12.173113592331671 ], [ -76.901501083352855, -12.177813027818212 ], [ -76.900251866324822, -12.178705325695436 ], [ -76.891864266279299, -12.179121731371477 ], [ -76.89088273861438, -12.18016274556151 ], [ -76.891746482959491, -12.181235882475159 ], [ -76.894459068506137, -12.184947841644201 ], [ -76.895351366383352, -12.192346478209114 ], [ -76.895779669364401, -12.198057184623172 ], [ -76.895956146055653, -12.199743131890044 ], [ -76.896104862368531, -12.201706187219884 ], [ -76.896491524781993, -12.203817958862484 ], [ -76.896729470882576, -12.204918459577746 ], [ -76.897383822659151, -12.205929730505208 ], [ -76.89836535032407, -12.207446636896464 ], [ -76.898305863798853, -12.208517394349022 ], [ -76.895581380947249, -12.21142985462024 ], [ -76.892749405520647, -12.216446496804279 ], [ -76.895494861999964, -12.218019729999984 ], [ -76.896604110999988, -12.218817604999911 ], [ -76.898297235999848, -12.220841604999979 ], [ -76.899756860999901, -12.222670979999968 ], [ -76.900729861999949, -12.224227854999922 ], [ -76.901547235999885, -12.225881979999819 ], [ -76.902074360999904, -12.227223604999887 ], [ -76.905176485999789, -12.231459354999807 ], [ -76.905183235999914, -12.231468479999931 ], [ -76.907078235999847, -12.233996104999907 ], [ -76.907621110999912, -12.234320354999909 ], [ -76.907892610999909, -12.234451229999816 ], [ -76.908013735999987, -12.234482354999894 ], [ -76.908324236999761, -12.234496104999895 ], [ -76.910959610999853, -12.233494979999936 ], [ -76.910033485999861, -12.231018229999906 ], [ -76.909740110999735, -12.23015122999994 ], [ -76.909611360999918, -12.229773479999951 ], [ -76.910116485999879, -12.229549229999858 ], [ -76.912565235999807, -12.228461729999939 ], [ -76.914824236999891, -12.227798854999884 ], [ -76.91801561099993, -12.226290979999932 ], [ -76.918173497878456, -12.226160689189269 ], [ -76.918105955999863, -12.226034056999875 ], [ -76.918086273999847, -12.225995658999926 ], [ -76.91805568999996, -12.225935990999851 ], [ -76.918032614999845, -12.225890972999869 ], [ -76.917990464999832, -12.225808738999888 ], [ -76.917718670999875, -12.225278481999906 ], [ -76.917562063999981, -12.224972948999946 ], [ -76.917663760999801, -12.224885156999964 ], [ -76.917663433999849, -12.22488505799987 ], [ -76.917507239911345, -12.22480696111473 ], [ -76.917378113363611, -12.22463340818234 ], [ -76.917354328107137, -12.224562053306901 ], [ -76.917322432808021, -12.224466369934932 ], [ -76.917322351896701, -12.224466074966239 ], [ -76.917298162804343, -12.224377854137405 ], [ -76.917286806094012, -12.224279979091644 ], [ -76.917285214213791, -12.224189048687727 ], [ -76.917283969656864, -12.224118000445683 ], [ -76.917280131244127, -12.223898778108321 ], [ -76.917278546844898, -12.223808336923465 ], [ -76.91727654775724, -12.223597456655453 ], [ -76.917274612193353, -12.223393124393345 ], [ -76.917273978140997, -12.223326222018335 ], [ -76.917098130116244, -12.223259105748811 ], [ -76.916962524129985, -12.22322154533367 ], [ -76.916951102689097, -12.223218380803077 ], [ -76.916735680917213, -12.223158711649095 ], [ -76.916672846116569, -12.223141307949906 ], [ -76.916633440591056, -12.22312967336034 ], [ -76.916369485042367, -12.223051738098089 ], [ -76.916227462218274, -12.222975322835289 ], [ -76.916200107999828, -12.222960604999969 ], [ -76.916028256999823, -12.222846439999847 ], [ -76.916021184886532, -12.222841741968463 ], [ -76.916087583565343, -12.222747314030482 ], [ -76.916114609067904, -12.222708879807277 ], [ -76.916104575325164, -12.222700754299009 ], [ -76.91606951799514, -12.222672322202241 ], [ -76.916062150775531, -12.222536985993884 ], [ -76.916051052152511, -12.222333092601396 ], [ -76.916048400100863, -12.222284381749946 ], [ -76.916037899752894, -12.222184633276008 ], [ -76.916028051136152, -12.222123532577651 ], [ -76.91602012908568, -12.222074388212725 ], [ -76.916019833076916, -12.222072548220929 ], [ -76.915995049754429, -12.22191880194077 ], [ -76.915975496571718, -12.221830785262455 ], [ -76.915968135620915, -12.221828303133572 ], [ -76.915783094713959, -12.221765907270765 ], [ -76.915471074929997, -12.221585943936137 ], [ -76.915394217968768, -12.221541616352397 ], [ -76.915364305618141, -12.221524363758306 ], [ -76.91531766677673, -12.221497464136574 ], [ -76.915197646853812, -12.221428239721382 ], [ -76.915171812928691, -12.221413339753726 ], [ -76.915173135831537, -12.221411723671958 ], [ -76.915322702080971, -12.221229027297678 ], [ -76.915214971393709, -12.221155358432892 ], [ -76.914929995123089, -12.220975562372187 ], [ -76.91485964205873, -12.220931176332558 ], [ -76.914881331008473, -12.220903964646142 ], [ -76.914992130182497, -12.220764958236083 ], [ -76.914874044701321, -12.220660088292339 ], [ -76.914819747233423, -12.220611866644159 ], [ -76.91427266625044, -12.220126009707423 ], [ -76.914215913633427, -12.220075609901407 ], [ -76.914248105765239, -12.220037708873063 ], [ -76.914323025587123, -12.219949505165346 ], [ -76.914305276567177, -12.219934517963447 ], [ -76.9144160235806, -12.219861527187568 ], [ -76.914511355314687, -12.219798696052864 ], [ -76.914682946860353, -12.219627105406465 ], [ -76.914884566769217, -12.219455512961472 ], [ -76.915010057268262, -12.219314812228724 ], [ -76.915026129951798, -12.219296790714226 ], [ -76.915076328309738, -12.219201971593586 ], [ -76.915056641250885, -12.219173828209419 ], [ -76.915246640120245, -12.219034559197384 ], [ -76.91528737221438, -12.219004702604874 ], [ -76.915314455297732, -12.218984850970052 ], [ -76.915355757561997, -12.218954576192626 ], [ -76.915314455297732, -12.218777443923784 ], [ -76.915299286432798, -12.21871239056434 ], [ -76.91529349030219, -12.218687533302958 ], [ -76.915246853259532, -12.218515683651731 ], [ -76.915246640120245, -12.218514901241523 ], [ -76.915188652734059, -12.218301230417348 ], [ -76.915178686447064, -12.218264503903702 ], [ -76.915167434129671, -12.218223039761368 ], [ -76.915150174340965, -12.218159442404215 ], [ -76.915143539142889, -12.218134991636479 ], [ -76.914998052218266, -12.217513025905307 ], [ -76.914986296280517, -12.217461210566345 ], [ -76.914974499873097, -12.217409215362915 ], [ -76.914938955967955, -12.217252542670673 ], [ -76.914908146993298, -12.217274962769185 ], [ -76.914863673682305, -12.217139074212241 ], [ -76.914819928896463, -12.217005411670296 ], [ -76.914777723712859, -12.216856962378861 ], [ -76.914735369241725, -12.216714353284651 ], [ -76.914636458205905, -12.216322427837609 ], [ -76.914623105971486, -12.21626952431899 ], [ -76.914615698255716, -12.216240172246051 ], [ -76.914598604841729, -12.216172439806202 ], [ -76.914500519383409, -12.216343651838038 ], [ -76.914451046778368, -12.216412091145056 ], [ -76.914388210247637, -12.216499017815353 ], [ -76.914313046709594, -12.216582831931992 ], [ -76.914268837836573, -12.21663213006866 ], [ -76.914236418176017, -12.216668281016318 ], [ -76.913990315100932, -12.216786311638945 ], [ -76.913963160071603, -12.216799335620742 ], [ -76.91396593088291, -12.21673243595307 ], [ -76.913968430998196, -12.21667206716206 ], [ -76.913968677412413, -12.216666128938533 ], [ -76.913969682854557, -12.216641850840691 ], [ -76.913970727866626, -12.216633409803929 ], [ -76.913970511130117, -12.216633179577505 ], [ -76.913970727866626, -12.216632220000919 ], [ -76.913981526925852, -12.216584405745602 ], [ -76.913985277098675, -12.216571597601099 ], [ -76.91399359043163, -12.216543209601417 ], [ -76.913997453919194, -12.216530015647672 ], [ -76.914008662169863, -12.216491742299972 ], [ -76.914021743708474, -12.216447066678663 ], [ -76.91402244068297, -12.216444687072629 ], [ -76.914028070439088, -12.216425462265184 ], [ -76.914038397353977, -12.216390193552513 ], [ -76.914058740018675, -12.216320725421101 ], [ -76.914069112799226, -12.216294504787523 ], [ -76.914076007901429, -12.216277076825525 ], [ -76.914077475594866, -12.216273366222762 ], [ -76.91410024732852, -12.216215811410452 ], [ -76.914131862095587, -12.216148682415733 ], [ -76.914167092137518, -12.216073875908531 ], [ -76.91429592002055, -12.215800329121802 ], [ -76.914333118678371, -12.215721344364399 ], [ -76.914393301309701, -12.215593555198382 ], [ -76.914410000820794, -12.215558095829353 ], [ -76.914542396314403, -12.215276974952364 ], [ -76.914838332622821, -12.215093154425404 ], [ -76.915320070664563, -12.214793921202387 ], [ -76.915526633247509, -12.214665614926052 ], [ -76.915593122824191, -12.214624315359689 ], [ -76.915617054683196, -12.214609449566291 ], [ -76.915625677855928, -12.214593844089739 ], [ -76.915669954604596, -12.214513715835206 ], [ -76.915718011676802, -12.214426745997404 ], [ -76.915874355217227, -12.214143807590579 ], [ -76.915894637627275, -12.214107100861899 ], [ -76.91605346509516, -12.213819665844769 ], [ -76.916059027402127, -12.213809600632535 ], [ -76.916085322679464, -12.213762011207786 ], [ -76.916195464448947, -12.213562683670839 ], [ -76.916285500974936, -12.213399740905237 ], [ -76.916613991842155, -12.212805259355205 ], [ -76.916705720892196, -12.212639252599397 ], [ -76.917106939033829, -12.212003338383333 ], [ -76.917206180121013, -12.211846043360019 ], [ -76.917346408709648, -12.211623784010268 ], [ -76.917557708021661, -12.211288879178316 ], [ -76.918091073444145, -12.210443509260406 ], [ -76.918377582159565, -12.209989398391935 ], [ -76.918389287073126, -12.209970846338365 ], [ -76.918391054003905, -12.209968045788623 ], [ -76.918509560367738, -12.209780213386003 ], [ -76.918589594634, -12.209653357716149 ], [ -76.918751141651796, -12.209397305441206 ], [ -76.918914584440358, -12.209138249430508 ], [ -76.918984113725799, -12.209028043809155 ], [ -76.919094177254465, -12.208853594217942 ], [ -76.919159855405212, -12.208749494455107 ], [ -76.91947482520294, -12.208250267835419 ], [ -76.919560064745099, -12.207977087072779 ], [ -76.919560592647088, -12.207975396347361 ], [ -76.919574884673068, -12.207929591177564 ], [ -76.919616746315739, -12.207842276899436 ], [ -76.919622516274387, -12.207830241204245 ], [ -76.919596118614152, -12.207713852832857 ], [ -76.919590706396264, -12.207689985737092 ], [ -76.919495705774864, -12.207664343223199 ], [ -76.919297700128595, -12.207378570264666 ], [ -76.919089118711838, -12.207024322876016 ], [ -76.918962714318013, -12.207063789610858 ], [ -76.918956339963017, -12.20706577976182 ], [ -76.918956011710421, -12.207064875043839 ], [ -76.918930727271231, -12.206995161397519 ], [ -76.918911458397019, -12.206942034846978 ], [ -76.918847558867697, -12.206765858557505 ], [ -76.918818345290276, -12.206685311677692 ], [ -76.918795232713705, -12.206621589314747 ], [ -76.918780904714822, -12.206624619130713 ], [ -76.918677601390016, -12.20664646905913 ], [ -76.918566296796996, -12.206670010612466 ], [ -76.918555470758349, -12.206631116732526 ], [ -76.918554741408187, -12.206628493410163 ], [ -76.918521860395401, -12.206510363862156 ], [ -76.918476315129737, -12.206346737611744 ], [ -76.918991933330915, -12.206240399974368 ], [ -76.919250822966887, -12.206187005425866 ], [ -76.919558553884144, -12.206123546564248 ], [ -76.91977535075165, -12.206078823278965 ], [ -76.919876878814762, -12.206055754769121 ], [ -76.919933626935176, -12.206042861188966 ], [ -76.920105444210776, -12.206003820719621 ], [ -76.920180381119565, -12.205982968139313 ], [ -76.920467963625526, -12.205902940168412 ], [ -76.920750950595675, -12.205824190134196 ], [ -76.920772672820476, -12.205816354341101 ], [ -76.920999176970327, -12.205756074583126 ], [ -76.921126166639226, -12.205722278959858 ], [ -76.92113809884404, -12.205719102554374 ], [ -76.921518929354988, -12.205607631586814 ], [ -76.921539844887775, -12.205601509901603 ], [ -76.921911675882939, -12.205516315325612 ], [ -76.921940318390853, -12.205509752073334 ], [ -76.92213356291353, -12.205456978056988 ], [ -76.922231479299285, -12.205430236715872 ], [ -76.92230779666744, -12.205411910331355 ], [ -76.92237306136758, -12.205396236946624 ] ] ] ] } }
]
}
