{"type": "FeatureCollection", "name": "territorio-comercial-unacem", "features": [{"type": "Feature", "properties": {"nivel": "departamento", "departamento": "Lima", "provincia": "(todo el departamento)", "macrozona": "centro", "pdv_ciudades": "Lima Metropolitana; Callao", "nota": "Nucleo historico (ex-Cementos Lima). Planta Atocongo (VMT).", "ambito": "departamento"}, "geometry": {"type": "Polygon", "coordinates": [[[-76.90624611115133, -10.274185603200953], [-76.85639448610468, -10.377265603296964], [-76.80833398605972, -10.392964853311602], [-76.77004098602389, -10.464798853378499], [-76.72505436098186, -10.485714728397976], [-76.70178823596011, -10.593544853498393], [-76.65565536091702, -10.646781853547987], [-76.65938073592048, -10.6882528535866], [-76.6334864858963, -10.78452847867625], [-76.58058298584689, -10.866905978752996], [-76.56507661083242, -10.966178978845438], [-76.58016211084652, -11.010841853887047], [-76.53130273580089, -11.036064478910513], [-76.49121286076347, -11.089441353960218], [-76.51840236078887, -11.116078103985025], [-76.49207723576428, -11.189313979053235], [-76.47769611075086, -11.29352885415028], [-76.43174798570799, -11.345562479198751], [-76.3794561106592, -11.44370810429015], [-76.37166498565195, -11.505213354347434], [-76.28678873557278, -11.591232604427553], [-76.22370511051399, -11.562733229401], [-76.1877071104804, -11.592789854429006], [-76.20488273549641, -11.659531104491146], [-76.20232773549405, -11.72804922955497], [-76.13694536043312, -11.780957229604226], [-76.05131111035328, -11.892237979707872], [-76.05258536035447, -11.948236229760015], [-76.01425411031876, -11.98432972979362], [-75.92599086023655, -11.98429422979361], [-75.82407386014157, -12.015687229822818], [-75.76566298508719, -12.05962735486376], [-75.69430473502072, -12.042691354848007], [-75.63775623496807, -12.11418485491456], [-75.66412435999263, -12.194053604988946], [-75.56409610989944, -12.33628898012142], [-75.55740760989322, -12.456590480233434], [-75.53620110987345, -12.517275355289954], [-75.57184060990664, -12.564067855333537], [-75.57961323491386, -12.641484355405629], [-75.551818109888, -12.68142673044281], [-75.57655073491104, -12.715142480474228], [-75.50749998484675, -12.777154855531972], [-75.53108185986869, -12.822207855573941], [-75.61309160994507, -12.866975355615637], [-75.63612460996653, -12.916175230661457], [-75.61439310994628, -12.964933355706847], [-75.67036123499841, -13.022611730760554], [-75.72546436004973, -13.038124980775018], [-75.76215848508393, -13.018888605757096], [-75.80206248512107, -13.060429730795773], [-75.93768286024742, -12.991324855731415], [-76.01193673531661, -13.08549935581913], [-76.15597061045082, -13.19372898091991], [-76.2073199854987, -13.306099981024573], [-76.24479286053362, -13.323513731040771], [-76.43421098571028, -13.090331980823615], [-76.48978323576212, -13.031845730769144], [-76.51380661078456, -12.952091855694892], [-76.50578711077706, -12.9258144806704], [-76.52986136079952, -12.83966798059016], [-76.63568361089833, -12.74333773050047], [-76.67243361093267, -12.62777535539285], [-76.74675786100214, -12.539121105310262], [-76.79930861105127, -12.50908010528228], [-76.77504098602854, -12.437871105215958], [-76.77736136103074, -12.394062480175188], [-76.83602736108561, -12.3174121051038], [-76.93546873617869, -12.250220730041208], [-77.03770898627447, -12.204083979998186], [-77.0310273612682, -12.134027229932977], [-77.1115332363437, -12.079492229882156], [-77.08294048631687, -12.036417854842059], [-77.11754961134935, -11.956969604768062], [-77.0899043613234, -11.901786729716678], [-77.1260484863573, -11.820788104641217], [-77.18709761141463, -11.828361354648262], [-77.16816598639683, -11.73910935456515], [-77.21603711144179, -11.638968729471861], [-77.28003136150194, -11.587447229423843], [-77.30475198652515, -11.512234354353811], [-77.37216798658858, -11.452585979298215], [-77.49814261170724, -11.377154354227864], [-77.64292386184388, -11.304476604160046], [-77.64165423684267, -11.21450972907625], [-77.59234961179608, -11.182080104046113], [-77.6334159868348, -11.054507853927259], [-77.66174998686154, -11.012654353888266], [-77.65782811185781, -10.946505853826668], [-77.750183611945, -10.817740228706633], [-77.74403511193921, -10.794537103685037], [-77.81065623700212, -10.699894478596795], [-77.8862714870736, -10.611919978514722], [-77.83298923702316, -10.567483103473453], [-77.77137648696491, -10.571614603477421], [-77.77244336196587, -10.512478228422333], [-77.79617773698831, -10.483292853395128], [-77.76021161195428, -10.43022122834576], [-77.75292186194731, -10.322154353245125], [-77.69239061189018, -10.320902478244063], [-77.59759311180073, -10.380364103299545], [-77.68391998688222, -10.431385978346931], [-77.7367812369322, -10.56321210346964], [-77.64425973684482, -10.527409103436403], [-77.64073036184152, -10.596271728500533], [-77.57665036178108, -10.58374810348894], [-77.58637223679024, -10.646944853547794], [-77.5771744867816, -10.728570228623814], [-77.49495986170409, -10.7461026036402], [-77.41542998662919, -10.729979978625247], [-77.39530998661024, -10.661539978561535], [-77.31062886153059, -10.567691353474201], [-77.25187111147538, -10.545242228453294], [-77.19098823641822, -10.552132853459764], [-77.17462486140283, -10.464601728378227], [-77.11098636134314, -10.403341853321216], [-77.0716116113062, -10.338103978260454], [-77.02471161126226, -10.327526728250616], [-77.00672023624541, -10.284231728210298], [-76.96545148620675, -10.305378603229993], [-76.90624611115133, -10.274185603200953]]]}}, {"type": "Feature", "properties": {"nivel": "departamento", "departamento": "Junin", "provincia": "(todo el departamento)", "macrozona": "centro", "pdv_ciudades": "Huancayo; Jauja; Tarma; Chanchamayo (La Merced, Pichanaki); Satipo; Yauli (La Oroya); Junin", "nota": "Nucleo sierra central (ex-Cemento Andino). Planta Condorcocha (Tarma).", "ambito": "departamento"}, "geometry": {"type": "Polygon", "coordinates": [[[-74.5729951089764, -10.91260197879554], [-74.50838373391623, -10.950299728830647], [-74.50008098390849, -10.995998478873222], [-74.44541048385757, -11.004852478881471], [-74.37365473379074, -11.056522353929575], [-74.25643598368156, -11.018222728893917], [-74.20147460863036, -11.019663728895253], [-74.09177835852817, -10.986814603864666], [-74.0054982334478, -10.993192603870618], [-73.97873848342287, -11.070033103942157], [-73.97827173342243, -11.120626978989277], [-73.86130360831343, -11.14553022901247], [-73.86657348331835, -11.037352853911724], [-73.85411035830674, -10.954905978834947], [-73.8234072332781, -10.921072728803427], [-73.81421685826955, -10.79989647869059], [-73.75720010821641, -10.73590472863101], [-73.6961931081595, -10.773029228665553], [-73.6103962330795, -10.846573853734071], [-73.56026148303272, -10.860609228747126], [-73.5714909830432, -10.958093728837918], [-73.54257873301621, -11.047424478921112], [-73.48260348296024, -11.065242228937686], [-73.45009860792992, -11.224749479086228], [-73.46011023293927, -11.302711354158843], [-73.48408748296166, -11.31934397917434], [-73.41974948290158, -11.383938229234493], [-73.47971623295757, -11.4713638543159], [-73.44972760792957, -11.531943104372335], [-73.55965098303216, -11.592050979428304], [-73.60826960807752, -11.660160104491741], [-73.57448123304597, -11.73414547956065], [-73.57750510804881, -11.836484729655934], [-73.49053160796767, -11.878170479694747], [-73.44113498292157, -11.944200104756256], [-73.43769435791835, -11.989631854798581], [-73.39788485788118, -12.020943479827729], [-73.40768910789032, -12.065989729869662], [-73.36188735784756, -12.135964729934836], [-73.44606060792616, -12.160289104957476], [-73.46964848294819, -12.219966480013085], [-73.57432635804585, -12.276842355066027], [-73.59046535806092, -12.376944230159253], [-73.63715048310446, -12.378367980160583], [-73.70781423317035, -12.267907230057714], [-73.73694073319751, -12.266786980056674], [-73.80189398325805, -12.22029710501337], [-73.84324998329662, -12.239429980031197], [-73.92383685837173, -12.224749230017514], [-73.98045160842446, -12.242588355034144], [-74.09835723353432, -12.284913605073564], [-74.12143948355585, -12.333601480118912], [-74.18761823361747, -12.314375980101003], [-74.27051573369468, -12.239144730030949], [-74.32187298374251, -12.229777105022206], [-74.34594560876494, -12.173736729970017], [-74.35238410877093, -12.147764979945846], [-74.41952023383345, -12.093775854895554], [-74.45553598386702, -12.0335787298395], [-74.62416460902405, -11.98518197979443], [-74.6591077340566, -11.995782479804308], [-74.71690010911043, -12.059419979863554], [-74.74860998413995, -12.041419979846799], [-74.83737360922264, -12.070818479874177], [-74.93037423430924, -12.022858354829514], [-75.04705260941792, -12.01156360481898], [-75.07460660944356, -12.060146729864249], [-75.04832723441909, -12.170329729966861], [-75.07162785944078, -12.235202605027279], [-75.14022998450466, -12.342099980126822], [-75.21525360957456, -12.39484273017594], [-75.21551535957481, -12.463421105239796], [-75.27835898463331, -12.467830480243919], [-75.36239123471158, -12.539600355310752], [-75.41785385976324, -12.628973730393978], [-75.49085423483122, -12.647937355411617], [-75.53874448487582, -12.621694230387208], [-75.57961323491386, -12.641484355405629], [-75.57184060990664, -12.564067855333537], [-75.53620110987345, -12.517275355289954], [-75.55740760989322, -12.456590480233434], [-75.56409610989944, -12.33628898012142], [-75.66412435999263, -12.194053604988946], [-75.63775623496807, -12.11418485491456], [-75.69430473502072, -12.042691354848007], [-75.76566298508719, -12.05962735486376], [-75.82407386014157, -12.015687229822818], [-75.92599086023655, -11.98429422979361], [-76.01425411031876, -11.98432972979362], [-76.05258536035447, -11.948236229760015], [-76.05131111035328, -11.892237979707872], [-76.13694536043312, -11.780957229604226], [-76.20232773549405, -11.72804922955497], [-76.20488273549641, -11.659531104491146], [-76.1877071104804, -11.592789854429006], [-76.22370511051399, -11.562733229401], [-76.28678873557278, -11.591232604427553], [-76.37166498565195, -11.505213354347434], [-76.3794561106592, -11.44370810429015], [-76.43174798570799, -11.345562479198751], [-76.47769611075086, -11.29352885415028], [-76.49207723576428, -11.189313979053235], [-76.51840236078887, -11.116078103985025], [-76.49121286076347, -11.089441353960218], [-76.39721673567577, -11.075761728947487], [-76.31807023560197, -11.09164260396229], [-76.30790036059248, -11.132664104000476], [-76.26293998555056, -11.149599979016262], [-76.24116998553026, -11.061119978933865], [-76.2788592355654, -10.92345135380565], [-76.25984573554767, -10.921431603803757], [-76.24801561053665, -10.933181603814711], [-76.24816986053678, -10.938642603819801], [-76.23683011052623, -10.9578476038377], [-76.17633011046982, -11.044214853918124], [-76.11439448541208, -11.109499978978919], [-76.02965623533314, -11.087197228958152], [-76.01191011031658, -11.04602147891981], [-76.07102148537167, -10.976029353854601], [-76.12292998542004, -10.962639978842157], [-76.0913401103906, -10.906559978789932], [-76.04447998534692, -10.879519978764723], [-75.99267161029866, -10.820984978710243], [-75.9227519852335, -10.8831464787681], [-75.85825936017342, -10.867856978753881], [-75.83838086015493, -10.886298853771047], [-75.78598998510611, -10.824559978713546], [-75.73237186005616, -10.80919197869926], [-75.6934198600199, -10.834199228722529], [-75.58966698492326, -10.81089847870083], [-75.57381998490848, -10.746991103641307], [-75.49024998483067, -10.756829978650478], [-75.45952910980206, -10.7859494786776], [-75.48076148482183, -10.849782603737053], [-75.46522235980736, -10.901126853784856], [-75.40637585975254, -10.856126478742958], [-75.31730423466959, -10.863567228749902], [-75.2623599846184, -10.825289978714236], [-75.24404998460138, -10.766949978659905], [-75.19101673455198, -10.715708353612175], [-75.11980498448567, -10.730220103625706], [-75.07431648444329, -10.6658104785657], [-75.0166587343896, -10.677134353576264], [-74.97925760935478, -10.746886853641232], [-74.95648160933355, -10.7327913536281], [-74.89330760927471, -10.769133228661927], [-74.83131098421698, -10.780504103672547], [-74.79180285918018, -10.831125228719678], [-74.7603631091509, -10.825109853714087], [-74.70794660910207, -10.858132353744816], [-74.64929823404745, -10.86707072875316], [-74.61410248401468, -10.904625478788121], [-74.5729951089764, -10.91260197879554]]]}}, {"type": "Feature", "properties": {"nivel": "departamento", "departamento": "Pasco", "provincia": "(todo el departamento)", "macrozona": "centro", "pdv_ciudades": "Cerro de Pasco (Chaupimarca); Oxapampa", "nota": "Contiguo al nucleo central.", "ambito": "departamento"}, "geometry": {"type": "Polygon", "coordinates": [[[-76.2788592355654, -10.92345135380565], [-76.24116998553026, -11.061119978933865], [-76.26293998555056, -11.149599979016262], [-76.30790036059248, -11.132664104000476], [-76.31807023560197, -11.09164260396229], [-76.39721673567577, -11.075761728947487], [-76.49121286076347, -11.089441353960218], [-76.53130273580089, -11.036064478910513], [-76.58016211084652, -11.010841853887047], [-76.56507661083242, -10.966178978845438], [-76.58058298584689, -10.866905978752996], [-76.6334864858963, -10.78452847867625], [-76.65938073592048, -10.6882528535866], [-76.65565536091702, -10.646781853547987], [-76.70178823596011, -10.593544853498393], [-76.72505436098186, -10.485714728397976], [-76.69681998595549, -10.442486353357731], [-76.64719686090912, -10.415138728332268], [-76.49094111076322, -10.378896478298527], [-76.4728043607463, -10.337767603260215], [-76.33578998561849, -10.286319978212289], [-76.3093099855938, -10.405619978323386], [-76.27112148555818, -10.371095728291243], [-76.22303898551336, -10.374882853294764], [-76.13048636042707, -10.429730478345846], [-76.07882873537893, -10.434013853349823], [-76.0576406103592, -10.465152353378848], [-75.97581011028296, -10.479336353392075], [-75.92514998523576, -10.406759978324462], [-75.92440998523507, -10.356029978277215], [-75.85639998517172, -10.301709978226643], [-75.84012998515654, -10.258269978186165], [-75.78559998510573, -10.252370103180695], [-75.7039699850297, -10.206689978138124], [-75.70310998502893, -10.133039978069538], [-75.67489998500264, -10.047079977989508], [-75.60858998494088, -10.022869977966963], [-75.59032698492388, -9.952473227901406], [-75.54864148488504, -9.983607977930394], [-75.47572885981715, -9.973958477921395], [-75.39565460974258, -9.913960477865512], [-75.36935598471807, -9.870832602825374], [-75.28793773464226, -9.870278102824837], [-75.27582160963097, -9.84976410280574], [-75.30306960965633, -9.783622102744145], [-75.2407506095983, -9.785835477746192], [-75.16012498452322, -9.839974602796618], [-75.10839848447505, -9.846253852802468], [-75.05988085942985, -9.819693352777726], [-74.99944210937356, -9.83845397779521], [-74.9431034843211, -9.761101602723155], [-74.89766798427878, -9.73711135270082], [-74.84935160923378, -9.748300727711243], [-74.80442573419195, -9.72982222769403], [-74.80703948419438, -9.686575727653741], [-74.73516998412742, -9.572706977547703], [-74.75052285914175, -9.524607102502921], [-74.7276992341205, -9.469968727452024], [-74.67710335907337, -9.42832422741325], [-74.58456060898718, -9.49562422747594], [-74.5755607339788, -9.570486352545625], [-74.49676348390541, -9.59334985256695], [-74.48555273389498, -9.702220727668326], [-74.4475814838596, -9.77995872774073], [-74.45020335886205, -9.870225977824777], [-74.41455185882884, -9.902111852854489], [-74.42403460883767, -9.98944260293583], [-74.40060810881585, -10.070518978011332], [-74.36696673378452, -10.112896478050791], [-74.32775523374801, -10.109652728047791], [-74.3039374837258, -10.163594978098002], [-74.23166060865849, -10.185051603117996], [-74.22434198365168, -10.279230478205696], [-74.27671098370045, -10.37407422829402], [-74.2551796086804, -10.452479103367056], [-74.21873423364646, -10.4521128533667], [-74.18178835861201, -10.504043228415059], [-74.1326734835663, -10.604910853508994], [-74.16496035859635, -10.63844960354025], [-74.22985148365679, -10.635495353537497], [-74.28113473370456, -10.674858853574138], [-74.31730560873825, -10.726707228622416], [-74.37426910879131, -10.758109478651681], [-74.38568073380193, -10.811767353701642], [-74.48492223389438, -10.836456353724635], [-74.51004098391775, -10.88034960376551], [-74.5729951089764, -10.91260197879554], [-74.61410248401468, -10.904625478788121], [-74.64929823404745, -10.86707072875316], [-74.70794660910207, -10.858132353744816], [-74.7603631091509, -10.825109853714087], [-74.79180285918018, -10.831125228719678], [-74.83131098421698, -10.780504103672547], [-74.89330760927471, -10.769133228661927], [-74.95648160933355, -10.7327913536281], [-74.97925760935478, -10.746886853641232], [-75.0166587343896, -10.677134353576264], [-75.07431648444329, -10.6658104785657], [-75.11980498448567, -10.730220103625706], [-75.19101673455198, -10.715708353612175], [-75.24404998460138, -10.766949978659905], [-75.2623599846184, -10.825289978714236], [-75.31730423466959, -10.863567228749902], [-75.40637585975254, -10.856126478742958], [-75.46522235980736, -10.901126853784856], [-75.48076148482183, -10.849782603737053], [-75.45952910980206, -10.7859494786776], [-75.49024998483067, -10.756829978650478], [-75.57381998490848, -10.746991103641307], [-75.58966698492326, -10.81089847870083], [-75.6934198600199, -10.834199228722529], [-75.73237186005616, -10.80919197869926], [-75.78598998510611, -10.824559978713546], [-75.83838086015493, -10.886298853771047], [-75.85825936017342, -10.867856978753881], [-75.9227519852335, -10.8831464787681], [-75.99267161029866, -10.820984978710243], [-76.04447998534692, -10.879519978764723], [-76.0913401103906, -10.906559978789932], [-76.12292998542004, -10.962639978842157], [-76.19090423548339, -10.96031047883999], [-76.209796860501, -10.918966728801465], [-76.22367773551395, -10.915013603797806], [-76.24908011053763, -10.924550728806674], [-76.25892386054682, -10.920062478802494], [-76.26580473555322, -10.920167978802583], [-76.2788592355654, -10.92345135380565]]]}}, {"type": "Feature", "properties": {"nivel": "departamento", "departamento": "Huanuco", "provincia": "(todo el departamento)", "macrozona": "centro", "pdv_ciudades": "Huanuco; Amarilis", "nota": "Zona centro dominante (Fuente B). El listado PDV solo muestra la capital.", "ambito": "departamento"}, "geometry": {"type": "Polygon", "coordinates": [[[-77.31748636153681, -8.53015235157666], [-77.26407811148667, -8.467531226518368], [-77.20421286143048, -8.48569135153528], [-77.1338437363645, -8.440021476492761], [-77.08887886132234, -8.482822226532646], [-77.09165073632494, -8.516981351564445], [-77.04980136128573, -8.553715226598678], [-76.91629836116073, -8.570159726613992], [-76.84726673609615, -8.546481851591974], [-76.83158361108148, -8.516655226564168], [-76.69727148595591, -8.532408226578866], [-76.62431636088776, -8.511953101559813], [-76.54268748581153, -8.509710976557743], [-76.46616736074012, -8.569742976613655], [-76.4439536107194, -8.488791851538243], [-76.41680098569408, -8.443436601495998], [-76.33346811061634, -8.429473851482992], [-76.32418548560766, -8.524134601571166], [-76.27846473556504, -8.577460976620818], [-76.26668298555404, -8.655046726693065], [-76.23015423551998, -8.796294976824628], [-76.16643948546063, -8.756414101787476], [-76.11592573541351, -8.657574226695445], [-76.13044123542706, -8.467211101518147], [-76.08717573538672, -8.336906226396806], [-75.98496286029147, -8.322150351383064], [-75.94598436025517, -8.400874976456373], [-75.96490623527279, -8.451742226503761], [-75.9663144852741, -8.592027351634398], [-75.97975973528662, -8.636001976675361], [-75.94575011025493, -8.716138726749973], [-75.9216464852325, -8.780808601810225], [-75.91729686022845, -8.879238226901876], [-75.87435161018844, -8.970253851986643], [-75.87586136018986, -9.021458977034323], [-75.80646486012519, -9.121486352127489], [-75.7941132351137, -9.188365227189772], [-75.73175786005561, -9.27226560226792], [-75.67083785999887, -9.396644477383749], [-75.56244523489791, -9.400171852387029], [-75.49439060983453, -9.377355352365791], [-75.45210148479514, -9.296722602290691], [-75.32894135968041, -9.297029352290977], [-75.28272260963739, -9.309831977302883], [-75.26233010961839, -9.270367227266131], [-75.20971473456939, -9.229943352228487], [-75.21060160957022, -9.159136727162553], [-75.23758010959536, -9.106771477113776], [-75.18101560954267, -9.08099810208979], [-75.1509863595147, -9.038716852050399], [-75.14330273450754, -8.972193351988455], [-75.09436910946197, -8.922298851941994], [-75.04556248441652, -8.904216851925144], [-74.97885935935439, -8.95203922696969], [-74.93416410931276, -8.930224601949378], [-74.94071210931888, -8.857892601881998], [-74.85055835923491, -8.756891101787929], [-74.84668348423129, -8.661235351698855], [-74.79752685918551, -8.631711726671355], [-74.61781585901814, -8.548719351594073], [-74.54713460895233, -8.584567226627435], [-74.52535123393203, -8.749316226780897], [-74.53217810893838, -8.776133226805863], [-74.60892023400986, -8.820228351846916], [-74.64431073404282, -8.918783226938721], [-74.65136610904939, -9.048768352059772], [-74.6780937340743, -9.094039102101902], [-74.64070898403948, -9.11856447712475], [-74.63956448403842, -9.159681602163067], [-74.58943935899173, -9.30317635229671], [-74.67430860907075, -9.394472602381718], [-74.67710335907337, -9.42832422741325], [-74.7276992341205, -9.469968727452024], [-74.75052285914175, -9.524607102502921], [-74.73516998412742, -9.572706977547703], [-74.80703948419438, -9.686575727653741], [-74.80442573419195, -9.72982222769403], [-74.84935160923378, -9.748300727711243], [-74.89766798427878, -9.73711135270082], [-74.9431034843211, -9.761101602723155], [-74.99944210937356, -9.83845397779521], [-75.05988085942985, -9.819693352777726], [-75.10839848447505, -9.846253852802468], [-75.16012498452322, -9.839974602796618], [-75.2407506095983, -9.785835477746192], [-75.30306960965633, -9.783622102744145], [-75.27582160963097, -9.84976410280574], [-75.28793773464226, -9.870278102824837], [-75.36935598471807, -9.870832602825374], [-75.39565460974258, -9.913960477865512], [-75.47572885981715, -9.973958477921395], [-75.54864148488504, -9.983607977930394], [-75.59032698492388, -9.952473227901406], [-75.60858998494088, -10.022869977966963], [-75.67489998500264, -10.047079977989508], [-75.70310998502893, -10.133039978069538], [-75.7039699850297, -10.206689978138124], [-75.78559998510573, -10.252370103180695], [-75.84012998515654, -10.258269978186165], [-75.85639998517172, -10.301709978226643], [-75.92440998523507, -10.356029978277215], [-75.92514998523576, -10.406759978324462], [-75.97581011028296, -10.479336353392075], [-76.0576406103592, -10.465152353378848], [-76.07882873537893, -10.434013853349823], [-76.13048636042707, -10.429730478345846], [-76.22303898551336, -10.374882853294764], [-76.27112148555818, -10.371095728291243], [-76.3093099855938, -10.405619978323386], [-76.33578998561849, -10.286319978212289], [-76.4728043607463, -10.337767603260215], [-76.49094111076322, -10.378896478298527], [-76.64719686090912, -10.415138728332268], [-76.69681998595549, -10.442486353357731], [-76.72505436098186, -10.485714728397976], [-76.77004098602389, -10.464798853378499], [-76.80833398605972, -10.392964853311602], [-76.85639448610468, -10.377265603296964], [-76.90624611115133, -10.274185603200953], [-76.91546486115996, -10.119914103057296], [-76.80842186105978, -10.08484572802465], [-76.82561511107589, -9.989292977935657], [-76.81367573606471, -9.961572227909839], [-76.895210986141, -9.815601602773867], [-76.90138286114676, -9.770496102731885], [-76.97039448621135, -9.711488227676927], [-76.98650586122646, -9.749105477711954], [-77.04848823628453, -9.647460977617264], [-76.99527148623469, -9.603443352576285], [-76.93800973618103, -9.526578102504715], [-76.95233398619446, -9.469697227451743], [-76.93523623617844, -9.398548852385492], [-76.84229486109147, -9.261734352258069], [-76.81437498606537, -9.32600785231794], [-76.75748823601218, -9.362197227351645], [-76.7257441109825, -9.256634727253342], [-76.73373436098998, -9.20896685220895], [-76.78858011104124, -9.136238227141195], [-76.98010161122043, -9.062918102072903], [-77.03718748627394, -8.999289102013647], [-77.10979686134196, -8.970205101986533], [-77.13163286136245, -8.91562497693571], [-77.16483598639358, -8.889097601911008], [-77.24629486146998, -8.702347601737062], [-77.26059573648341, -8.64852147668691], [-77.29484961151557, -8.632933601672386], [-77.2890273615101, -8.58930472663175], [-77.31748636153681, -8.53015235157666]]]}}, {"type": "Feature", "properties": {"nivel": "departamento", "departamento": "Ucayali", "provincia": "(todo el departamento)", "macrozona": "este-selva", "pdv_ciudades": "Pucallpa (Coronel Portillo)", "nota": "Eje amazonico UNACEM ('centro y este'). PDV solo en Pucallpa.", "ambito": "departamento"}, "geometry": {"type": "Polygon", "coordinates": [[[-70.61388473029926, -9.916855477850127], [-70.66762748034313, -9.972452852903498], [-70.67284373034627, -10.035238227962008], [-70.65052598032642, -10.080343103003267], [-70.7078532303742, -10.135611103056345], [-70.7051114803714, -10.158680603077705], [-70.81744335546766, -10.256857478171929], [-70.8791894805221, -10.284248103198811], [-70.92293560556075, -10.327509728239962], [-70.96588085559938, -10.339814478252235], [-70.96722460560011, -10.381341853290882], [-71.0245334806512, -10.478200103382038], [-71.12738923074556, -10.504360853408036], [-71.19621285580877, -10.579861353479208], [-71.22955273083903, -10.688964853581169], [-71.22118635583067, -10.761383978648473], [-71.25732823086435, -10.784485103670423], [-71.27337698087896, -10.847357478729107], [-71.35731660595731, -10.951545478827006], [-71.53161448112213, -10.952229103829117], [-71.72016110630084, -10.996553478871546], [-71.83566985641048, -11.000474603875702], [-72.01612885658172, -10.98968747886626], [-72.05173910661544, -11.010911603886111], [-72.13028710668992, -10.990333978867115], [-72.18208985673894, -11.01024222888577], [-72.18486498174153, -11.06581047893752], [-72.1214062316814, -11.107140603975898], [-72.200240231756, -11.205296854067436], [-72.198183356754, -11.261696854119975], [-72.23925835679285, -11.345060979197648], [-72.30770898185762, -11.30699997916233], [-72.37883010692482, -11.332638729186295], [-72.47986810702017, -11.387420604237432], [-72.53508560707222, -11.435080479281861], [-72.6099874821428, -11.428238354275534], [-72.70656135723364, -11.381505354232067], [-72.73823760726343, -11.347429354200365], [-72.7942939823161, -11.38429072923471], [-72.89701898241249, -11.357926104210184], [-72.95190860746398, -11.330629604184779], [-72.939126107452, -11.282077854139564], [-72.96858360747962, -11.264121229122859], [-72.98966460749936, -11.198796854062017], [-73.02650885753387, -11.26408460412282], [-73.13737448263765, -11.293773104150501], [-73.20330073269935, -11.289990354146976], [-73.25744573274996, -11.31270885416815], [-73.331330607819, -11.311264729166817], [-73.41974948290158, -11.383938229234493], [-73.48408748296166, -11.31934397917434], [-73.46011023293927, -11.302711354158843], [-73.45009860792992, -11.224749479086228], [-73.48260348296024, -11.065242228937686], [-73.54257873301621, -11.047424478921112], [-73.5714909830432, -10.958093728837918], [-73.56026148303272, -10.860609228747126], [-73.6103962330795, -10.846573853734071], [-73.6961931081595, -10.773029228665553], [-73.75720010821641, -10.73590472863101], [-73.81421685826955, -10.79989647869059], [-73.8234072332781, -10.921072728803427], [-73.85411035830674, -10.954905978834947], [-73.86657348331835, -11.037352853911724], [-73.86130360831343, -11.14553022901247], [-73.97827173342243, -11.120626978989277], [-73.97873848342287, -11.070033103942157], [-74.0054982334478, -10.993192603870618], [-74.09177835852817, -10.986814603864666], [-74.20147460863036, -11.019663728895253], [-74.25643598368156, -11.018222728893917], [-74.37365473379074, -11.056522353929575], [-74.44541048385757, -11.004852478881471], [-74.50008098390849, -10.995998478873222], [-74.50838373391623, -10.950299728830647], [-74.5729951089764, -10.91260197879554], [-74.51004098391775, -10.88034960376551], [-74.48492223389438, -10.836456353724635], [-74.38568073380193, -10.811767353701642], [-74.37426910879131, -10.758109478651681], [-74.31730560873825, -10.726707228622416], [-74.28113473370456, -10.674858853574138], [-74.22985148365679, -10.635495353537497], [-74.16496035859635, -10.63844960354025], [-74.1326734835663, -10.604910853508994], [-74.18178835861201, -10.504043228415059], [-74.21873423364646, -10.4521128533667], [-74.2551796086804, -10.452479103367056], [-74.27671098370045, -10.37407422829402], [-74.22434198365168, -10.279230478205696], [-74.23166060865849, -10.185051603117996], [-74.3039374837258, -10.163594978098002], [-74.32775523374801, -10.109652728047791], [-74.36696673378452, -10.112896478050791], [-74.40060810881585, -10.070518978011332], [-74.42403460883767, -9.98944260293583], [-74.41455185882884, -9.902111852854489], [-74.45020335886205, -9.870225977824777], [-74.4475814838596, -9.77995872774073], [-74.48555273389498, -9.702220727668326], [-74.49676348390541, -9.59334985256695], [-74.5755607339788, -9.570486352545625], [-74.58456060898718, -9.49562422747594], [-74.67710335907337, -9.42832422741325], [-74.67430860907075, -9.394472602381718], [-74.58943935899173, -9.30317635229671], [-74.63956448403842, -9.159681602163067], [-74.64070898403948, -9.11856447712475], [-74.6780937340743, -9.094039102101902], [-74.65136610904939, -9.048768352059772], [-74.64431073404282, -8.918783226938721], [-74.60892023400986, -8.820228351846916], [-74.53217810893838, -8.776133226805863], [-74.52535123393203, -8.749316226780897], [-74.54713460895233, -8.584567226627435], [-74.61781585901814, -8.548719351594073], [-74.79752685918551, -8.631711726671355], [-74.84668348423129, -8.661235351698855], [-74.85055835923491, -8.756891101787929], [-74.94071210931888, -8.857892601881998], [-74.93416410931276, -8.930224601949378], [-74.97885935935439, -8.95203922696969], [-75.04556248441652, -8.904216851925144], [-75.09436910946197, -8.922298851941994], [-75.14330273450754, -8.972193351988455], [-75.1509863595147, -9.038716852050399], [-75.18101560954267, -9.08099810208979], [-75.23758010959536, -9.106771477113776], [-75.21060160957022, -9.159136727162553], [-75.20971473456939, -9.229943352228487], [-75.26233010961839, -9.270367227266131], [-75.28272260963739, -9.309831977302883], [-75.32894135968041, -9.297029352290977], [-75.45210148479514, -9.296722602290691], [-75.49439060983453, -9.377355352365791], [-75.56244523489791, -9.400171852387029], [-75.67083785999887, -9.396644477383749], [-75.73175786005561, -9.27226560226792], [-75.7941132351137, -9.188365227189772], [-75.80646486012519, -9.121486352127489], [-75.87586136018986, -9.021458977034323], [-75.87435161018844, -8.970253851986643], [-75.91729686022845, -8.879238226901876], [-75.9216464852325, -8.780808601810225], [-75.94575011025493, -8.716138726749973], [-75.89185223520474, -8.661568226699165], [-75.83338711015027, -8.652288601690532], [-75.77963923510022, -8.547415351592848], [-75.77868111009931, -8.49385297654296], [-75.71647036004136, -8.487328476536883], [-75.70700961003253, -8.439324851492179], [-75.64813148497771, -8.409751976464642], [-75.59906298493203, -8.4119777264667], [-75.54662023488316, -8.466501976517472], [-75.44078998478462, -8.436833101489851], [-75.43532398477952, -8.39311297644913], [-75.50405885984354, -8.348841101407901], [-75.5028772348424, -8.289411851352565], [-75.47146473481317, -8.252072601317776], [-75.43009623477464, -8.166598226238182], [-75.3761469847244, -8.138777101212293], [-75.28780260964213, -8.125513101199925], [-75.24388473460122, -8.155517601227855], [-75.21457223457391, -8.127144101201432], [-75.18433773454575, -8.01660235109848], [-75.1424908595068, -7.97864060106314], [-75.03334960940514, -7.950054726036502], [-74.98225973435756, -7.968986351054152], [-74.89643848427762, -8.081268226158718], [-74.77125610916106, -8.036063226116621], [-74.72794448412073, -7.981008976065358], [-74.62798423402761, -7.939828101026973], [-74.56974510897338, -7.815980475911654], [-74.51571848392307, -7.777172600875497], [-74.55788873396234, -7.748482475848776], [-74.58403223398669, -7.698493725802236], [-74.57082048397437, -7.668488225774286], [-74.64314435904173, -7.562285100675365], [-74.6429021090415, -7.500086475617441], [-74.61607385901654, -7.435037600556875], [-74.57952135898249, -7.409929475533471], [-74.53572710894169, -7.294427350425917], [-74.50176898391008, -7.266078475399516], [-74.46265185887361, -7.298941225430105], [-74.31623210873727, -7.351270350478857], [-74.25902498368397, -7.344052475472134], [-74.18085685861115, -7.358747225485807], [-74.1383888585716, -7.39635235052085], [-74.03996598347989, -7.448154725569065], [-74.03379960847415, -7.484864600603267], [-73.98303323342684, -7.534361350649385], [-73.88945698333964, -7.603179725713447], [-73.90017773334965, -7.638964850746775], [-73.83727135829102, -7.670595725776237], [-73.80329323325935, -7.71398522581664], [-73.71402873317611, -7.742963850843645], [-73.67631373314094, -7.800026850896806], [-73.67815973314269, -7.857964100950747], [-73.7670137332255, -7.910412100999587], [-73.70618360816881, -7.961763726047413], [-73.66889710813405, -8.012293851094467], [-73.64029798310737, -8.006513851089082], [-73.58477223305557, -8.126838851201157], [-73.59546960806554, -8.165799476237442], [-73.56299223303523, -8.245497851311669], [-73.52600210800072, -8.274359351338541], [-73.54290598301651, -8.347587601406739], [-73.37312310785802, -8.471789101522411], [-73.33097748281864, -8.47586360152619], [-73.34413973283095, -8.602744476644377], [-73.31967185780809, -8.610622726651721], [-73.25119223274409, -8.690643726726224], [-73.1672414826656, -8.698297726733356], [-73.11425648261604, -8.785514351814575], [-73.11201373261392, -8.81929760184604], [-73.03710135754385, -8.916179726936244], [-73.00127035751025, -8.916906476936932], [-72.94794985746032, -9.028872227041195], [-72.93999410745286, -9.093248102101123], [-72.96354198247492, -9.143764977148198], [-73.0640856075691, -9.227694602226357], [-73.15619723265527, -9.356734352346535], [-73.18875973268574, -9.363222602352597], [-73.20043948269665, -9.41139647739748], [-72.71691210724359, -9.412185602398099], [-72.53039698206823, -9.48230972746333], [-72.4070624819521, -9.47729110245855], [-72.28132623183359, -9.542298852518954], [-72.28832223184014, -9.602816352575324], [-72.24601760680022, -9.657279352625965], [-72.25899410681244, -9.712191352677143], [-72.21486910677075, -9.778816352739113], [-72.1513611067108, -9.797416352756338], [-72.16205623172087, -9.831068227787691], [-72.15071173171009, -9.905741852857231], [-72.17388810673198, -9.930192602880018], [-72.18040435673807, -9.999671852944719], [-71.73577148131801, -9.99974997794353], [-71.37504485597917, -10.000144477941578], [-71.3427637309493, -9.966773477910229], [-71.29743560590698, -9.992177727933454], [-71.19198635580987, -9.940392602884065], [-71.15764648077884, -9.872148477820122], [-71.05096485568221, -9.815837852766188], [-70.99838285563477, -9.81821285276756], [-70.97402148061362, -9.76073822771367], [-70.92451060556976, -9.741639727694983], [-70.86813435552111, -9.664762727622348], [-70.79917773046152, -9.6419222275996], [-70.7497596054204, -9.569289727530823], [-70.65777173034421, -9.514258352477196], [-70.56259035526865, -9.430427352396322], [-70.51371685522842, -9.492802852452611], [-70.53930898024754, -9.535291602493006], [-70.59185048028947, -9.54854510250705], [-70.59824410529332, -9.607287102561864], [-70.55116998025375, -9.669806602618435], [-70.5280683552338, -9.726015602669865], [-70.53662885523966, -9.76583985270716], [-70.61228123030043, -9.805398477746474], [-70.61388473029926, -9.916855477850127]]]}}, {"type": "Feature", "properties": {"nivel": "provincia", "departamento": "San Martin", "provincia": "Tocache", "macrozona": "este-selva", "pdv_ciudades": "Tocache", "nota": "Solo el sur de San Martin. El resto del depto es mercado Pacasmayo (norte).", "ambito": "provincia"}, "geometry": {"type": "Polygon", "coordinates": [[[-76.59771673586293, -7.689289100793657], [-76.6302448608933, -7.753482100853446], [-76.63165648589462, -7.842609475936433], [-76.60572736087039, -7.881425975972592], [-76.62452348588796, -7.906803225996232], [-76.61433011087844, -7.985707101069708], [-76.56328486083076, -7.99212210107568], [-76.52004686079042, -8.03136322611224], [-76.4569238607315, -8.054822226134075], [-76.39273548567161, -8.120216726194991], [-76.33081273561385, -8.153002226225523], [-76.33320698561607, -8.203689476272718], [-76.2996521105848, -8.217456101285553], [-76.23672873552614, -8.211309476279819], [-76.19709561048919, -8.294439226357259], [-76.16583061046003, -8.311226476372884], [-76.14578123544136, -8.367545101425337], [-76.10916598540722, -8.379613226436579], [-76.13044123542706, -8.467211101518147], [-76.11592573541351, -8.657574226695445], [-76.13125586042781, -8.65678710169472], [-76.16643948546063, -8.756414101787476], [-76.22356048551384, -8.791425726820098], [-76.22868361051862, -8.74808397677974], [-76.26668298555404, -8.655046726693065], [-76.27846473556504, -8.577460976620818], [-76.32418548560766, -8.524134601571166], [-76.33346811061634, -8.429473851482992], [-76.37578536065581, -8.422581226476602], [-76.41680098569408, -8.443436601495998], [-76.4439536107194, -8.488791851538243], [-76.46616736074012, -8.569742976613655], [-76.54268748581153, -8.509710976557743], [-76.62431636088776, -8.511953101559813], [-76.69727148595591, -8.532408226578866], [-76.83158361108148, -8.516655226564168], [-76.84726673609615, -8.546481851591974], [-76.91629836116073, -8.570159726613992], [-77.04980136128573, -8.553715226598678], [-77.09165073632494, -8.516981351564445], [-77.08887886132234, -8.482822226532646], [-77.14256536137268, -8.47582560152612], [-77.1338437363645, -8.440021476492761], [-77.08548048631914, -8.406222601461307], [-76.97648148621707, -8.395943726451758], [-76.91374523615833, -8.326089851386698], [-76.90124323614663, -8.283466351347007], [-76.92559673616941, -8.21849735128651], [-76.90699798615199, -8.170735601242024], [-76.98672336122665, -8.11122522618659], [-77.01956248625739, -8.052687476132075], [-77.06870311130342, -8.039511726119777], [-77.07436311130874, -7.992300726075823], [-77.10251948633511, -7.952671976038913], [-77.07697411131116, -7.848622975941998], [-77.02084298625857, -7.8058727259022], [-76.9295299861731, -7.841739975935604], [-76.87324498612043, -7.898796975988766], [-76.80030386105221, -7.920584101009038], [-76.7192964859765, -7.864526975956834], [-76.76343461101776, -7.793464975890655], [-76.77304548602673, -7.745709225846197], [-76.65779098591902, -7.726422475828232], [-76.63418023589698, -7.686844475791377], [-76.59771673586293, -7.689289100793657]]]}}, {"type": "Feature", "properties": {"nivel": "provincia", "departamento": "Loreto", "provincia": "Maynas", "macrozona": "este-selva", "pdv_ciudades": "Iquitos (Punchana)", "nota": "Punta de red fluvial. Solo Iquitos.", "ambito": "provincia"}, "geometry": {"type": "Polygon", "coordinates": [[[-70.502637230339, -3.463229096849349], [-70.52861148035505, -3.407837846798261], [-70.59437498039554, -3.424865221814956], [-70.65444723043484, -3.406691346798802], [-70.71462448047616, -3.363954096759715], [-70.76208598050947, -3.380150346775255], [-70.84265823056856, -3.348093721746155], [-70.93128510563602, -3.347411096746182], [-70.9758846056713, -3.280792096684543], [-71.05069498073127, -3.256615096662492], [-71.06440173074255, -3.215019346623857], [-71.20702348086104, -3.218945346628197], [-71.31074223094997, -3.181568346593791], [-71.40289848103046, -3.172093721585262], [-71.4887184811066, -3.108538346526339], [-71.49037885610824, -3.015398471439604], [-71.59578510620285, -2.95177934638061], [-71.64936735625128, -3.011951971436709], [-71.68561073128424, -3.011889471436736], [-71.74518410633864, -2.979136971406318], [-71.75487110634755, -2.94134959637112], [-71.79683848138608, -2.907253221339433], [-71.93827535651651, -2.903261721335841], [-71.98296098155797, -2.876294971310772], [-72.03273635660419, -2.816117221254782], [-72.11765323168322, -2.831450096269114], [-72.16771685672991, -2.800496096240324], [-72.19304773175355, -2.815356221254153], [-72.27682798183186, -2.786906846227687], [-72.37731248192587, -2.849958971286459], [-72.44865860699267, -2.845262971282111], [-72.51753510705718, -2.891138721324841], [-72.57077348210709, -2.890898471324626], [-72.57339060710953, -2.947851596377665], [-72.5463631070842, -3.07139922149274], [-72.4790566070211, -3.098662096518119], [-72.40382648195063, -3.235140971645199], [-72.33777435688877, -3.282446596689245], [-72.29343948184729, -3.29293559669898], [-72.27396285682906, -3.332783221736072], [-72.19845123175844, -3.404255846802617], [-72.19800585675803, -3.441046846836889], [-72.11844298168371, -3.497667721889551], [-72.14802223171132, -3.528520346918302], [-72.17427348173581, -3.604281221988864], [-72.30264848185581, -3.686124472065186], [-72.27993935683455, -3.739445097114829], [-72.2828872318373, -3.834838597203678], [-72.25536523181151, -3.944792972306063], [-72.30601110685889, -3.994261597352165], [-72.34816410689837, -4.006003847363099], [-72.39559485694276, -4.057240347410857], [-72.43674348198135, -4.161530472507993], [-72.38775660693541, -4.208531347551743], [-72.48176560702353, -4.293296847630719], [-72.62856060716115, -4.303654347640409], [-72.6029391071371, -4.35523322268843], [-72.63509573216724, -4.399130847729332], [-72.75656248228115, -4.382718722714046], [-72.78338085730626, -4.488455097812527], [-72.81144135733254, -4.498540972821931], [-72.93467773244798, -4.467095722792672], [-73.00676573251548, -4.507851597830634], [-73.03500198254191, -4.554062472873684], [-73.03524273254212, -4.632538722946774], [-73.06325773256835, -4.669731347981421], [-73.12943948263025, -4.695544973005453], [-73.15560348265473, -4.709708973018631], [-73.26966010776135, -4.638835972952634], [-73.32256473281075, -4.584317972901867], [-73.3953027328787, -4.479252097803997], [-73.43521773291597, -4.446356222773385], [-73.4205614829023, -4.424193347752728], [-73.44280460792305, -4.306345972642966], [-73.380619357865, -4.25999547259979], [-73.40029298288336, -4.238546847579833], [-73.4682128579468, -4.284902347622998], [-73.48814310796539, -4.323648597659084], [-73.54922060802237, -4.341326597675574], [-73.59267673306293, -4.381820597713282], [-73.69192385815549, -4.439775347767245], [-73.74708910820694, -4.449058222775881], [-73.83358148328757, -4.43862222276617], [-73.88351760833412, -4.388433597719438], [-73.93700198338396, -4.371898472704035], [-73.94525973339165, -4.324501972659879], [-74.05870123349736, -4.247613222588289], [-74.10170685853745, -4.177025347522552], [-74.13543748356885, -4.061880847415293], [-74.1479144835805, -3.989321972347702], [-74.19221735862175, -3.882459847248168], [-74.21913598364681, -3.853998097221659], [-74.28113385870458, -3.829804222199139], [-74.36743973378495, -3.718679847095652], [-74.50143360890975, -3.698855347077182], [-74.55454298395921, -3.633314472016151], [-74.67923073407535, -3.5093687219007], [-74.67947298407556, -3.465786471860103], [-74.7125662341064, -3.43607422183242], [-74.75394498414492, -3.334533221737858], [-74.8187792342053, -3.296851596702756], [-74.81337123420025, -3.243214846652814], [-74.89290048427434, -3.209853471621747], [-74.99161148436626, -3.190005471603249], [-75.01780660939066, -3.12898047154642], [-75.0142886093874, -3.074875721496034], [-75.05463548442495, -2.940187596370577], [-75.01026948438364, -2.766357471208694], [-75.00992660938331, -2.684673721132612], [-74.97374810934964, -2.660699221110282], [-74.95746285933446, -2.611460971064412], [-74.99119310936588, -2.516005220975509], [-74.95681048433387, -2.504294970964609], [-74.94959185932713, -2.458790970922234], [-74.96514848434164, -2.365650345835471], [-75.01715035939004, -2.351790970822582], [-75.0832284844516, -2.293470720768257], [-75.1408843595053, -2.27892634575471], [-75.16607623452875, -2.191746095673522], [-75.24618660960336, -2.133828595619575], [-75.24325235960065, -2.103102095590961], [-75.28814923464243, -2.008710720503033], [-75.33755473468845, -2.003201220497905], [-75.44490035978843, -2.034136720526721], [-75.47254098481416, -2.00385547049852], [-75.53628910987355, -1.996460970491612], [-75.57483598490946, -1.963455095460868], [-75.74592386006879, -1.930923845430606], [-75.77707811009782, -1.856474595361264], [-75.77836486009902, -1.793951345303025], [-75.58093385991515, -1.546366595072415], [-75.53896298487602, -1.483474345013847], [-75.40389848475026, -1.00008371956363], [-75.38669973473422, -0.929738594498124], [-75.32203310967398, -0.974776844540051], [-75.21623835957548, -0.970833719536387], [-75.22117185958008, -0.86576334443853], [-75.27246910962783, -0.735396344317113], [-75.23586998459375, -0.647269969235025], [-75.22759998458606, -0.551429969145767], [-75.27774473463275, -0.498413094096374], [-75.31275760966535, -0.494241219092516], [-75.387519984735, -0.434329969036689], [-75.46272998480501, -0.318429968928751], [-75.48221998482317, -0.236959968852868], [-75.53076998486839, -0.180899968800655], [-75.61055060994272, -0.191123093810179], [-75.61049598494267, -0.113355468737757], [-75.56360998489897, -0.13119996875438], [-75.505625484845, -0.117942093742025], [-75.46067623480312, -0.151670593773433], [-75.4051293597514, -0.170267593790762], [-75.30624135965928, -0.15541834377692], [-75.25977173461601, -0.127947718751331], [-75.18359648454508, -0.038605968668117], [-75.07736335944612, -0.084204843710613], [-75.01689060938982, -0.145685593767876], [-74.97280073434874, -0.153525343775173], [-74.93208260931083, -0.217789468835024], [-74.8480872342326, -0.23358409384973], [-74.81391210920077, -0.192248093811233], [-74.7627121091531, -0.224789593841554], [-74.730389484123, -0.292918343904988], [-74.7311406091237, -0.339181468948072], [-74.66864060906549, -0.37375384398028], [-74.61667998401708, -0.373079968979647], [-74.57471610897798, -0.395033344000087], [-74.52954885893594, -0.465132844065382], [-74.42133685883516, -0.504523469102076], [-74.42687010884029, -0.541116844136163], [-74.38817623380426, -0.55565946914971], [-74.36643923378402, -0.610448094200736], [-74.37282610878998, -0.652886719240261], [-74.26815035869247, -0.847009719421053], [-74.27829685870192, -0.899855469470278], [-74.2672177336916, -0.982355719547117], [-74.2234043586508, -1.007361344570394], [-74.1683576085995, -1.006329344569453], [-74.0942609835305, -1.048011969608273], [-74.04620148348572, -1.044820219605302], [-74.0150736084567, -1.086476344644099], [-73.94779998339402, -1.13210921968658], [-73.91373798336228, -1.120030469675367], [-73.8571328583095, -1.231779344779427], [-73.68093160814523, -1.23802146978524], [-73.61994923308836, -1.261314469806947], [-73.61297173308186, -1.315490844857397], [-73.53163573300596, -1.435006344968702], [-73.52882423300336, -1.464669969996343], [-73.47856835795645, -1.522093720049797], [-73.50116798297755, -1.619152345140205], [-73.53695535801094, -1.688364845204654], [-73.49994998297639, -1.731195095244582], [-73.45928160793845, -1.736396595249415], [-73.42565135790704, -1.790302970299625], [-73.38333735786753, -1.774710720285103], [-73.30676360779599, -1.783441345293239], [-73.20379285769978, -1.763917470275041], [-73.15206798265142, -1.857580220362281], [-73.11276535761465, -1.872814720376468], [-73.1186677326202, -2.015700970509549], [-73.0944002325975, -2.042233345534255], [-73.1320273576327, -2.183552720665878], [-73.16876410766704, -2.224629720704136], [-73.11899610762049, -2.284539095759928], [-73.12110098262245, -2.325428345797994], [-73.06829885757307, -2.315140595788413], [-73.06641398257129, -2.355240220825779], [-72.96335685747485, -2.343152970814516], [-72.95600435746799, -2.391551220859577], [-72.88908598240532, -2.433320345898493], [-72.85179885737043, -2.435783220900781], [-72.76910348229293, -2.386804720855149], [-72.71517810724244, -2.385586595854028], [-72.69211723222082, -2.406285095873304], [-72.59551948213033, -2.366552720836286], [-72.51915548205875, -2.4252164708909], [-72.46645085700936, -2.421231970887193], [-72.37941760692787, -2.45498134591859], [-72.3681124819173, -2.489532095950759], [-72.29089673184507, -2.469137220931763], [-72.25822423181454, -2.432246595897373], [-72.20567148176542, -2.445952220910146], [-72.14776498171142, -2.415628345881882], [-72.04874123161923, -2.334936095806686], [-72.01010935658334, -2.368951220838317], [-71.96196098153871, -2.357141470827293], [-71.9260644815055, -2.307777345781301], [-71.88475585646735, -2.311593720784836], [-71.83276948141953, -2.190415970671927], [-71.79913285638864, -2.204369095684918], [-71.7405937313351, -2.142197220626953], [-71.73122448132648, -2.201453095682126], [-71.70850385630575, -2.227330095706199], [-71.66403035626536, -2.202302345682826], [-71.6040764812111, -2.231389095709845], [-71.46335385608528, -2.271090470746576], [-71.37108635600399, -2.38935184585648], [-71.31674285595686, -2.374400595842435], [-71.30238773094456, -2.343572220813694], [-71.23108248088366, -2.337610595807964], [-71.1881739808474, -2.379577845846891], [-71.16683735582967, -2.337767470807889], [-71.13032248079942, -2.337494845807532], [-71.13357735580223, -2.285131845758793], [-71.05332948073686, -2.270619845745017], [-71.00020510569473, -2.20785347068639], [-70.92866598063894, -2.254152345729127], [-70.87938673060174, -2.22089259569795], [-70.83595310556926, -2.290814595762728], [-70.77776185552726, -2.292990220764405], [-70.7512363555084, -2.328269595797048], [-70.66592385545032, -2.353773470820133], [-70.67843548045832, -2.402138720865193], [-70.62706848042482, -2.397534595860493], [-70.63829410543161, -2.465767470924007], [-70.59930435540666, -2.484436470940998], [-70.47506060533364, -2.455068345912469], [-70.43723410531264, -2.521246970973476], [-70.41253710529979, -2.525695345977321], [-70.35790635527334, -2.489322720942827], [-70.29516598024513, -2.512625095963598], [-70.35449610527115, -2.545266095994742], [-70.3345799802616, -2.57788872102474], [-70.27383748023591, -2.547328345995451], [-70.23006473021869, -2.574588471020061], [-70.21933010521387, -2.643587846083881], [-70.1032702301784, -2.657361846094448], [-70.0660393551695, -2.684095596118399], [-70.0600596051669, -2.758917471187587], [-70.13998148018425, -2.89081972131157], [-70.502637230339, -3.463229096849349]]]}}, {"type": "Feature", "properties": {"nivel": "provincia", "departamento": "Ica", "provincia": "Ica", "macrozona": "frontera-sur", "pdv_ciudades": "Ica", "nota": "Solo la provincia de Ica. El sur iqueno (Nazca) no aparece en el listado.", "ambito": "provincia"}, "geometry": {"type": "Polygon", "coordinates": [[[-75.55458235989056, -13.749571231437574], [-75.52487848486292, -13.817899231501173], [-75.56337698489877, -13.84086923152259], [-75.54550210988212, -13.88948248156785], [-75.4338163597781, -13.913900356590597], [-75.33322773468441, -14.01598448168567], [-75.23232910959045, -14.00476998167522], [-75.21055473457017, -14.050441356717757], [-75.23972073459736, -14.084046856749026], [-75.22616598458471, -14.12641410678849], [-75.2397891095974, -14.3207832319695], [-75.22791985958635, -14.395406232038992], [-75.30124998465466, -14.472537107110833], [-75.31685160966917, -14.530775357165071], [-75.3636874847128, -14.582089732212852], [-75.36089060971018, -14.620730482248842], [-75.42633973477113, -14.643058607269626], [-75.41061523475649, -14.68523823230892], [-75.43267373477705, -14.749956982369177], [-75.41608398476157, -14.774743982392257], [-75.44029885978414, -14.894900357504152], [-75.49404485983419, -14.929660107536533], [-75.57452148490914, -14.86779698247892], [-75.67994136000735, -14.817822357432377], [-75.7843554851046, -14.74828910736763], [-75.85556636017093, -14.716281232337826], [-75.8557558601711, -14.69444335731749], [-75.91646486022766, -14.659175732284652], [-75.93204686024217, -14.568281232199995], [-75.97419723528144, -14.525253857159917], [-75.97227923527966, -14.470498107108925], [-76.03667773533967, -14.42605473206754], [-76.00350198530873, -14.390206982034153], [-75.98617573529259, -14.296318356946733], [-76.03311911033633, -14.27662310692839], [-76.0714941103721, -14.206890606863428], [-75.98654098529295, -14.06948635673548], [-76.0254511103292, -14.005025356675448], [-76.02504686032883, -13.959226606632802], [-76.05594723535762, -13.929296856604935], [-76.02797848533156, -13.840119106521877], [-75.88454098519793, -13.855173856535886], [-75.85321898516874, -13.837053731519037], [-75.78889061010882, -13.856441356537097], [-75.70165036002757, -13.817195356500532], [-75.64799610997757, -13.80743948149144], [-75.55458235989056, -13.749571231437574]]]}}, {"type": "Feature", "properties": {"nivel": "provincia", "departamento": "Huancavelica", "provincia": "Tayacaja", "macrozona": "centro", "pdv_ciudades": "Pampas", "nota": "Contigua a Junin; parte del nucleo central por adyacencia.", "ambito": "provincia"}, "geometry": {"type": "Polygon", "coordinates": [[[-74.54899948395406, -11.99699035480542], [-74.4883772338976, -12.03319597983913], [-74.45553598386702, -12.0335787298395], [-74.41952023383345, -12.093775854895554], [-74.35238410877093, -12.147764979945846], [-74.34594560876494, -12.173736729970017], [-74.3888599838049, -12.192669979987649], [-74.38480998380112, -12.268629980058392], [-74.41628985883047, -12.304769980092068], [-74.44396923385624, -12.271973605061499], [-74.55211723395696, -12.287339855075825], [-74.58117698398404, -12.332669355118043], [-74.5759899839792, -12.373169980155753], [-74.59729498399905, -12.410015605190056], [-74.59733235899907, -12.466094605242283], [-74.69205473408726, -12.521859355294218], [-74.72193160911512, -12.487480355262218], [-74.77968948416891, -12.463849605240197], [-74.86297460924648, -12.522789105295077], [-74.94385348432178, -12.533050730304655], [-75.00706248438065, -12.493226605267568], [-75.02426760939667, -12.434714855213077], [-75.0666953594362, -12.393955105175108], [-75.13100998449609, -12.37849985516073], [-75.14022998450466, -12.342099980126822], [-75.07162785944078, -12.235202605027279], [-75.04832723441909, -12.170329729966861], [-75.07460660944356, -12.060146729864249], [-75.04705260941792, -12.01156360481898], [-74.93037423430924, -12.022858354829514], [-74.87077410925373, -12.06599197986967], [-74.83737360922264, -12.070818479874177], [-74.74860998413995, -12.041419979846799], [-74.71690010911043, -12.059419979863554], [-74.6591077340566, -11.995782479804308], [-74.54899948395406, -11.99699035480542]]]}}, {"type": "Feature", "properties": {"nivel": "provincia", "departamento": "Huancavelica", "provincia": "Huancavelica", "macrozona": "frontera-sur", "pdv_ciudades": "Huancavelica", "nota": "Capital departamental.", "ambito": "provincia"}, "geometry": {"type": "Polygon", "coordinates": [[[-74.69918360909394, -12.843642605593883], [-74.73343948412584, -12.879488230627281], [-74.78293710917193, -12.877952855625825], [-74.82710923421307, -12.943060105686463], [-74.88493110926693, -12.926299605670868], [-74.91705835929683, -13.096578605829448], [-74.9132578592933, -13.16746685589545], [-74.9551154843323, -13.181851230908864], [-74.98895498436379, -13.141519105871298], [-75.02919485940127, -13.105861730838114], [-75.03703110940857, -12.939632980683283], [-75.0572287344274, -12.914255105659667], [-75.12065035948645, -12.931834855676021], [-75.1494711095133, -12.96005635570231], [-75.19208173455299, -12.947288605690423], [-75.24981973460675, -12.879239980627036], [-75.33477910968587, -12.936174355680071], [-75.38097535972891, -12.842558355592871], [-75.37130885971989, -12.825651605577146], [-75.44200335978573, -12.775222230530176], [-75.51389260985268, -12.788652355542677], [-75.57655073491104, -12.715142480474228], [-75.551818109888, -12.68142673044281], [-75.57961323491386, -12.641484355405629], [-75.53874448487582, -12.621694230387208], [-75.49085423483122, -12.647937355411617], [-75.41785385976324, -12.628973730393978], [-75.36239123471158, -12.539600355310752], [-75.27835898463331, -12.467830480243919], [-75.21551535957481, -12.463421105239796], [-75.21525360957456, -12.39484273017594], [-75.13100998449609, -12.37849985516073], [-75.0666953594362, -12.393955105175108], [-75.02426760939667, -12.434714855213077], [-75.00706248438065, -12.493226605267568], [-74.94385348432178, -12.533050730304655], [-74.86297460924648, -12.522789105295077], [-74.77968948416891, -12.463849605240197], [-74.72193160911512, -12.487480355262218], [-74.69205473408726, -12.521859355294218], [-74.68646285908208, -12.589855480357544], [-74.71162960910551, -12.634272855398917], [-74.778727359168, -12.63270923039746], [-74.76728435915736, -12.676474730438203], [-74.78597373417476, -12.78410698053844], [-74.72607235911896, -12.841449605591869], [-74.69918360909394, -12.843642605593883]]]}}, {"type": "Feature", "properties": {"nivel": "provincia", "departamento": "Ayacucho", "provincia": "Huamanga", "macrozona": "frontera-sur", "pdv_ciudades": "Huamanga (Ayacucho)", "nota": "Capital departamental.", "ambito": "provincia"}, "geometry": {"type": "Polygon", "coordinates": [[[-73.83802935829173, -13.384433606097497], [-73.83348798328753, -13.471785856178844], [-73.90428910835351, -13.455087856163313], [-73.95987185840528, -13.500893606205974], [-73.99047223343382, -13.480883981187327], [-73.979946233424, -13.42804348113814], [-74.0079644834501, -13.412506731123672], [-74.08046873351766, -13.450576231159111], [-74.05562885849449, -13.535736356238422], [-74.12335748355761, -13.530953106233959], [-74.16012885859186, -13.497011731202345], [-74.20180860863069, -13.40618948111776], [-74.26212698368687, -13.396345731108598], [-74.3360176087557, -13.438749981148105], [-74.37838473379514, -13.41903710612973], [-74.43175973384486, -13.44911910615775], [-74.47575198388584, -13.453138731161497], [-74.57168035897516, -13.387120106100012], [-74.56689448397073, -13.341226606057264], [-74.63282998403214, -13.344780106060606], [-74.6860564840817, -13.286370981006202], [-74.64465423404313, -13.274136730994808], [-74.57098148397453, -13.184670480911484], [-74.54447260894983, -13.199394480925186], [-74.45843885886971, -13.190038105916477], [-74.4204257338343, -13.159539105888078], [-74.40800998382277, -13.069269980804023], [-74.38622998380245, -13.029309980766811], [-74.34587635876488, -13.02584460576358], [-74.27165148369573, -13.066972105801867], [-74.22873435865576, -13.01315235575176], [-74.16088473359255, -13.037535105774467], [-74.10399448353955, -12.982063230722805], [-74.07742685851481, -12.984748105725302], [-74.05812835849683, -13.062704105797895], [-73.970305358415, -13.173409105900992], [-73.9459402333923, -13.229095855952847], [-73.9255407333733, -13.324075606041301], [-73.86984960832142, -13.349537106065023], [-73.83802935829173, -13.384433606097497]]]}}, {"type": "Feature", "properties": {"nivel": "provincia", "departamento": "Ayacucho", "provincia": "Huanta", "macrozona": "frontera-sur", "pdv_ciudades": "Huanta", "nota": "Norte de Ayacucho, contiguo a Huancavelica.", "ambito": "provincia"}, "geometry": {"type": "Polygon", "coordinates": [[[-74.10399448353955, -12.982063230722805], [-74.16088473359255, -13.037535105774467], [-74.22873435865576, -13.01315235575176], [-74.27165148369573, -13.066972105801867], [-74.29655323371892, -12.93500873067899], [-74.31944998374027, -12.887279980634533], [-74.32361998374415, -12.832509980583527], [-74.29239998371506, -12.824759980576315], [-74.28919998371208, -12.758009980514156], [-74.34876998376757, -12.712429980471688], [-74.32752998374778, -12.681269980442671], [-74.34081998376016, -12.63445998039909], [-74.41511998382937, -12.490659980265168], [-74.42244998383619, -12.44520998022284], [-74.50353998391172, -12.449809980227132], [-74.54842998395353, -12.375140105157586], [-74.5759899839792, -12.373169980155753], [-74.58117698398404, -12.332669355118043], [-74.55211723395696, -12.287339855075825], [-74.44396923385624, -12.271973605061499], [-74.41628985883047, -12.304769980092068], [-74.38480998380112, -12.268629980058392], [-74.3888599838049, -12.192669979987649], [-74.34594560876494, -12.173736729970017], [-74.32187298374251, -12.229777105022206], [-74.27051573369468, -12.239144730030949], [-74.18761823361747, -12.314375980101003], [-74.12143948355585, -12.333601480118912], [-74.09835723353432, -12.284913605073564], [-73.98045160842446, -12.242588355034144], [-73.96585898341087, -12.336451355121568], [-73.88679248333717, -12.40539698018576], [-73.83077773328498, -12.53050810530227], [-73.85380273330645, -12.645472605409354], [-73.8881074833384, -12.711048855470413], [-73.98808785843156, -12.74986910550655], [-73.99568373343867, -12.83829385558892], [-74.14423648357706, -12.877754105625659], [-74.10399448353955, -12.982063230722805]]]}}, {"type": "Feature", "properties": {"nivel": "provincia", "departamento": "Ayacucho", "provincia": "La Mar", "macrozona": "este-selva", "pdv_ciudades": "Pichari (VRAEM)", "nota": "VRAEM. El sur de Ayacucho no aparece en el listado.", "ambito": "provincia"}, "geometry": {"type": "Polygon", "coordinates": [[[-73.83802935829173, -13.384433606097497], [-73.86984960832142, -13.349537106065023], [-73.9255407333733, -13.324075606041301], [-73.9459402333923, -13.229095855952847], [-73.970305358415, -13.173409105900992], [-74.05812835849683, -13.062704105797895], [-74.07742685851481, -12.984748105725302], [-74.10399448353955, -12.982063230722805], [-74.14423648357706, -12.877754105625659], [-73.99568373343867, -12.83829385558892], [-73.98808785843156, -12.74986910550655], [-73.8881074833384, -12.711048855470413], [-73.85380273330645, -12.645472605409354], [-73.83077773328498, -12.53050810530227], [-73.80117298325739, -12.613024230379144], [-73.7482899832081, -12.657660230420674], [-73.72536698318672, -12.640693855404892], [-73.62566723309376, -12.76499248052065], [-73.59080935806122, -12.844288605594501], [-73.52367648299861, -12.899478105645887], [-73.52166198299673, -12.990687730730805], [-73.47796685795595, -13.032258730769522], [-73.44883935792875, -13.107873605839952], [-73.42190960790361, -13.132394605862771], [-73.34836285783493, -13.298240606017213], [-73.28735385777792, -13.371942981085844], [-73.21192923270742, -13.419101856129755], [-73.23390323272797, -13.476586981183294], [-73.34716335783382, -13.434832231144412], [-73.40332335788626, -13.444750606153669], [-73.44538985792552, -13.430359981140288], [-73.4809101079587, -13.431371106141212], [-73.57175973304346, -13.34183398105783], [-73.64194923310896, -13.299478481018385], [-73.72622260818753, -13.268662105989717], [-73.75643960821569, -13.170714855898474], [-73.79702935825354, -13.199943355925692], [-73.82282023327755, -13.285052106004972], [-73.83802935829173, -13.384433606097497]]]}}, {"type": "Feature", "properties": {"nivel": "punta-de-red", "departamento": "Apurimac", "provincia": "(sin especificar)", "macrozona": "frontera-sur", "pdv_ciudades": "—", "nota": "Un distribuidor rotulado solo 'Apurimac'; la fuente no declara provincia.", "ambito": "departamento"}, "geometry": {"type": "Polygon", "coordinates": [[[-72.47177123201166, -14.661398857286095], [-72.57724760711137, -14.686616857309744], [-72.64482110717515, -14.667281107291819], [-72.72470860725043, -14.675900482299905], [-72.7896957323116, -14.650213232276062], [-72.82857510734813, -14.702628107324887], [-72.84682460736528, -14.759823857378157], [-72.86563698238295, -14.710684107332396], [-72.9553066074671, -14.682683607306396], [-73.00941223251783, -14.637388857264227], [-73.10648898260878, -14.690654232313848], [-73.15323735765253, -14.674345107298702], [-73.19041160768731, -14.705774732327974], [-73.25611023274875, -14.709010232330984], [-73.27995010777103, -14.731631982352058], [-73.35080660783724, -14.704029357326366], [-73.3904031078742, -14.716061607337572], [-73.40454885788743, -14.76549623238361], [-73.48502735796255, -14.842570357455408], [-73.56528123303745, -14.775833982393253], [-73.57109898304286, -14.687271607310807], [-73.51006098298593, -14.650100732276163], [-73.53337885800768, -14.58102148221184], [-73.5116503579874, -14.563664107195676], [-73.53505660800924, -14.491544982128522], [-73.5689883580409, -14.45932998209851], [-73.51224998298795, -14.26815823192049], [-73.61110160808018, -14.088718731753378], [-73.6183222330869, -14.026134731695112], [-73.65647073312249, -13.92995123160554], [-73.67915035814366, -13.916318356592841], [-73.697779358161, -13.847415981528691], [-73.74788773320773, -13.763366106450404], [-73.66953273313469, -13.73484873142383], [-73.74361973320376, -13.655562481349993], [-73.79192085824879, -13.640959606336413], [-73.81424373326959, -13.509212481213714], [-73.84696098330006, -13.39743260610961], [-73.80795548326373, -13.303795731022404], [-73.82282023327755, -13.285052106004972], [-73.79702935825354, -13.199943355925692], [-73.75643960821569, -13.170714855898474], [-73.72622260818753, -13.268662105989717], [-73.64194923310896, -13.299478481018385], [-73.57175973304346, -13.34183398105783], [-73.4809101079587, -13.431371106141212], [-73.40332335788626, -13.444750606153669], [-73.34716335783382, -13.434832231144412], [-73.23390323272797, -13.476586981183294], [-73.21192923270742, -13.419101856129755], [-73.10338123260587, -13.448589231157188], [-73.0151257325232, -13.42666885613675], [-72.97146198248227, -13.390228481102813], [-72.8940861074097, -13.390126606102687], [-72.88630810740239, -13.415865356126659], [-72.79341323231516, -13.426124481136167], [-72.74544885727006, -13.48289535618898], [-72.65676810718655, -13.513354981217296], [-72.63687585716781, -13.542142481244067], [-72.56304210709817, -13.551416231252636], [-72.42139785696428, -13.606079731303355], [-72.40174810694565, -13.659505856353073], [-72.29916585684835, -13.704445356394737], [-72.23092673178347, -13.705277106395355], [-72.13533210669235, -13.783064731467512], [-72.07782623163732, -13.906728481582482], [-72.05573123161614, -13.930123731604203], [-72.0516738566122, -14.012386731680762], [-72.06790235662766, -14.076542981740534], [-72.05666985661685, -14.12881060678919], [-72.09519535665368, -14.173734356831133], [-72.0814882316405, -14.202302731857687], [-72.18710685674132, -14.313223606961294], [-72.23951560679126, -14.348472356994273], [-72.24950523180073, -14.40292623204499], [-72.31719923186513, -14.440689482080328], [-72.35762535690353, -14.435963857076006], [-72.39308198193714, -14.481849607118782], [-72.42746098196976, -14.479023482116217], [-72.50291023204115, -14.551661982183989], [-72.46169948200213, -14.605869607234386], [-72.47177123201166, -14.661398857286095]]]}}, {"type": "Feature", "properties": {"nivel": "provincia", "departamento": "Callao", "provincia": "Callao", "macrozona": "centro", "pdv_ciudades": "Callao (Lima metropolitana)", "nota": "PDV Progresol: Region Callao, contigua a Lima metro. Declarada en la fila Lima (pdv_ciudades) pero sin geometria propia hasta 2026-08-16; el basemap la ubica como departamento Callao.", "ambito": "provincia"}, "geometry": {"type": "Polygon", "coordinates": [[[-77.1115332363437, -12.079492229882156], [-77.15112698638087, -12.067031229870546], [-77.1327422363636, -11.976492229786215], [-77.15683011138621, -11.874302729691054], [-77.18709761141463, -11.828361354648262], [-77.1260484863573, -11.820788104641217], [-77.0899043613234, -11.901786729716678], [-77.11754961134935, -11.956969604768062], [-77.08294048631687, -12.036417854842059], [-77.1115332363437, -12.079492229882156]]]}}, {"type": "Feature", "properties": {"nivel": "provincia", "departamento": "Ica", "provincia": "Chincha", "macrozona": "frontera-sur", "pdv_ciudades": "Chincha Alta", "nota": "PDV Progresol: norte de Ica, fuera de la provincia de Ica declarada por distribuidores.", "ambito": "provincia"}, "geometry": {"type": "Polygon", "coordinates": [[[-75.68928098501604, -13.439670106148949], [-75.81446098513263, -13.6195624813165], [-75.86384961017863, -13.611429731308924], [-75.93556448524544, -13.631050731327193], [-75.98696873529335, -13.571644481271868], [-76.08849023538794, -13.564482481265198], [-76.19161323548406, -13.59449985629312], [-76.19146873548391, -13.4239336061343], [-76.24479286053362, -13.323513731040771], [-76.2073199854987, -13.306099981024573], [-76.15597061045082, -13.19372898091991], [-76.01193673531661, -13.08549935581913], [-75.96919923527678, -13.041638730778281], [-75.96140236026953, -13.001378855740784], [-75.93768286024742, -12.991324855731415], [-75.80206248512107, -13.060429730795773], [-75.76215848508393, -13.018888605757096], [-75.72546436004973, -13.038124980775018], [-75.67036123499841, -13.022611730760554], [-75.66323598499179, -12.994035730733955], [-75.61439310994628, -12.964933355706847], [-75.62860823495953, -13.05706673079265], [-75.69496248502132, -13.074792480809164], [-75.7187682350435, -13.109764730841723], [-75.69377398502021, -13.147504355876876], [-75.70633673503193, -13.186761605913443], [-75.70648148503207, -13.288286856007977], [-75.79020536011004, -13.342509856058495], [-75.80598523512474, -13.401433356113353], [-75.71216286003734, -13.416420231127317], [-75.68928098501604, -13.439670106148949]]]}}, {"type": "Feature", "properties": {"nivel": "provincia", "departamento": "Ica", "provincia": "Pisco", "macrozona": "frontera-sur", "pdv_ciudades": "Pisco", "nota": "PDV Progresol: norte de Ica, fuera del listado de distribuidores.", "ambito": "provincia"}, "geometry": {"type": "Polygon", "coordinates": [[[-75.4773104848186, -13.525484356228866], [-75.51400710985278, -13.617092231314171], [-75.48486923482567, -13.650972231345737], [-75.52943985986717, -13.740066856428697], [-75.55458235989056, -13.749571231437574], [-75.64799610997757, -13.80743948149144], [-75.70165036002757, -13.817195356500532], [-75.78889061010882, -13.856441356537097], [-75.85321898516874, -13.837053731519037], [-75.88454098519793, -13.855173856535886], [-76.02797848533156, -13.840119106521877], [-76.05594723535762, -13.929296856604935], [-76.02504686032883, -13.959226606632802], [-76.0254511103292, -14.005025356675448], [-75.98654098529295, -14.06948635673548], [-76.0714941103721, -14.206890606863428], [-76.03311911033633, -14.27662310692839], [-75.98617573529259, -14.296318356946733], [-76.00350198530873, -14.390206982034153], [-76.03667773533967, -14.42605473206754], [-76.06619523536716, -14.386943357031127], [-76.13185936042835, -14.35426373200068], [-76.10994923540792, -14.292685606943335], [-76.14357036043926, -14.22762098188276], [-76.19074998548324, -14.197502106854706], [-76.23052536052032, -14.149119106809637], [-76.29019548557594, -14.16151173182119], [-76.28565436057173, -14.089548856754151], [-76.2664511105538, -14.014691356684448], [-76.28251561056878, -13.91804873159447], [-76.33001173561307, -13.92502535660094], [-76.39632811067494, -13.90889848158592], [-76.37129098565156, -13.808880731492783], [-76.29622461058156, -13.793468731478447], [-76.3007714855858, -13.837722606519629], [-76.26096286054869, -13.865601606545589], [-76.19766011048966, -13.640876981336323], [-76.19161323548406, -13.59449985629312], [-76.08849023538794, -13.564482481265198], [-75.98696873529335, -13.571644481271868], [-75.93556448524544, -13.631050731327193], [-75.86384961017863, -13.611429731308924], [-75.81446098513263, -13.6195624813165], [-75.68928098501604, -13.439670106148949], [-75.58512210991903, -13.402668231114486], [-75.538917734876, -13.405012481116671], [-75.50291598484245, -13.365950106080303], [-75.46577535980786, -13.432160106141964], [-75.4773104848186, -13.525484356228866]]]}}, {"type": "Feature", "properties": {"nivel": "provincia", "departamento": "Ica", "provincia": "Nazca", "macrozona": "frontera-sur", "pdv_ciudades": "Nazca", "nota": "PDV Progresol: sur de Ica, fuera del listado de distribuidores.", "ambito": "provincia"}, "geometry": {"type": "Polygon", "coordinates": [[[-75.08008998444866, -14.56900998220066], [-75.05990035942988, -14.622617607250607], [-74.95891973433582, -14.606451232235537], [-74.89541785927669, -14.545080482178394], [-74.85277248423697, -14.611809107240518], [-74.84574210923041, -14.707979482330083], [-74.8026972341903, -14.752152357371223], [-74.75600710914682, -14.771130857388902], [-74.74624410913773, -14.84355473245634], [-74.69384035908895, -14.838155232451316], [-74.66345098406063, -14.907934482516294], [-74.6642669840614, -15.04469648264366], [-74.76229860915272, -15.09805485769335], [-74.81591798420264, -15.139497732731936], [-74.87060198425358, -15.151229107742875], [-74.93986510931808, -15.206011732793893], [-74.96820073434448, -15.299422232880879], [-75.00387973437769, -15.330230357909564], [-75.04965210942034, -15.434503608006674], [-75.07332610944235, -15.442941608014523], [-75.08256835945097, -15.423691357996596], [-75.18589448454719, -15.367238232944027], [-75.15220510951583, -15.349363232927384], [-75.1688183595313, -15.307390607888296], [-75.23062310958888, -15.27720110786018], [-75.21662498457582, -15.231415982817547], [-75.2746798596299, -15.168320357758779], [-75.36865035971742, -15.14079485773315], [-75.44269335978639, -15.000591857602595], [-75.50427735984373, -14.959941482564727], [-75.49404485983419, -14.929660107536533], [-75.44029885978414, -14.894900357504152], [-75.41608398476157, -14.774743982392257], [-75.43267373477705, -14.749956982369177], [-75.41061523475649, -14.68523823230892], [-75.42633973477113, -14.643058607269626], [-75.36089060971018, -14.620730482248842], [-75.3636874847128, -14.582089732212852], [-75.33029698468171, -14.61536323224384], [-75.23919535959685, -14.591021482221171], [-75.21876760957782, -14.646386857272725], [-75.18558398454694, -14.636894482263875], [-75.15484948451828, -14.677018107301262], [-75.07994910944855, -14.602311357231669], [-75.08008998444866, -14.56900998220066]]]}}, {"type": "Feature", "properties": {"nivel": "provincia", "departamento": "Ancash", "provincia": "Huaraz", "macrozona": "norte", "pdv_ciudades": "Huaraz", "nota": "PDV Progresol: Callejon de Huaylas. El cemento de esta zona es mercado Pacasmayo; el retail Progresol si esta presente.", "ambito": "provincia"}, "geometry": {"type": "Polygon", "coordinates": [[[-77.90099611208649, -9.442234352425498], [-77.7620318619554, -9.417154727402359], [-77.74419598693856, -9.370708977359131], [-77.69048161188795, -9.377838477365826], [-77.65553611185501, -9.442273852425874], [-77.61300586181495, -9.422083977407116], [-77.57639761178045, -9.374120977362482], [-77.46847011167885, -9.367335602356235], [-77.40209173661643, -9.347337852337668], [-77.33009086154874, -9.382391727370344], [-77.3261954865451, -9.47193147745373], [-77.26970573649206, -9.648738852618411], [-77.31099436153083, -9.674310602642185], [-77.42438111163744, -9.679717477647173], [-77.5030977367115, -9.662697227631282], [-77.53625148674276, -9.737866352701255], [-77.54161136174778, -9.705886727671476], [-77.62129886182282, -9.620830102592189], [-77.72481636192046, -9.696347602662387], [-77.76036136195404, -9.787990227747677], [-77.78079836197332, -9.800669477759476], [-77.86785611205548, -9.763784477724977], [-77.96140236214384, -9.780244102740122], [-77.97969723716105, -9.711839852676384], [-78.04189061221972, -9.689902352655787], [-78.00609373718594, -9.680642602647248], [-77.96079261214307, -9.615372352586611], [-77.98432936216521, -9.540384852516713], [-77.9363338621199, -9.528074352505357], [-77.90099611208649, -9.442234352425498]]]}}, {"type": "Feature", "properties": {"nivel": "provincia", "departamento": "Ancash", "provincia": "Huaylas", "macrozona": "norte", "pdv_ciudades": "Caraz", "nota": "PDV Progresol: Callejon de Huaylas.", "ambito": "provincia"}, "geometry": {"type": "Polygon", "coordinates": [[[-77.97202736215273, -8.692001976726722], [-77.91535736209941, -8.74011322677164], [-77.87995111206604, -8.684037101719479], [-77.81097273700107, -8.662019226699073], [-77.7724706119648, -8.673824476710127], [-77.72073023691607, -8.65653147669407], [-77.61437948681599, -8.750993601782152], [-77.59274311179566, -8.757665226788385], [-77.5812009867848, -8.771116601800916], [-77.60462611180688, -8.886709726908563], [-77.57426573677829, -8.900442976921365], [-77.63235723683302, -9.009759977023124], [-77.69981448689657, -9.056933602066968], [-77.78115623697323, -9.085154352093161], [-77.77718636196956, -9.181542602182937], [-77.79752161198877, -9.229190727227259], [-77.83947073702828, -9.217574227216396], [-77.86126761204886, -9.251189602247656], [-78.03716761221472, -9.243706977240347], [-78.06681148724255, -9.185971477186486], [-78.02132686219967, -9.171457102173076], [-78.06222286223814, -9.128433977132914], [-78.05932573723538, -9.086125727093547], [-77.99716311217675, -9.017221852029511], [-77.94352948712617, -8.97489897699023], [-77.9403059871231, -8.926109476944807], [-77.99724923717663, -8.845853351869945], [-78.01459411219287, -8.76635597679589], [-77.97202736215273, -8.692001976726722]]]}}, {"type": "Feature", "properties": {"nivel": "provincia", "departamento": "Ancash", "provincia": "Huari", "macrozona": "norte", "pdv_ciudades": "Huari", "nota": "PDV Progresol: sierra de Ancash.", "ambito": "provincia"}, "geometry": {"type": "Polygon", "coordinates": [[[-77.02384173626143, -9.704326227670249], [-77.02779886126513, -9.764121102725909], [-77.09279373632603, -9.836754477793544], [-77.18713473641454, -9.836212852793032], [-77.24384773646776, -9.80573247776462], [-77.22777298645268, -9.713389227678633], [-77.26970573649206, -9.648738852618411], [-77.3261954865451, -9.47193147745373], [-77.33009086154874, -9.382391727370344], [-77.3191841115385, -9.324105602316077], [-77.27529661149727, -9.278269477273383], [-77.26205161148481, -9.20778722720776], [-77.2215568614468, -9.16757797717032], [-77.17387123640206, -9.159956227163216], [-77.14221286137236, -9.202418102202781], [-77.09353711132673, -9.212511727212197], [-77.07659761131085, -9.273109352268632], [-77.02686523626424, -9.30091997729456], [-76.95973436120138, -9.207748102207782], [-76.94181048618461, -9.128992227134438], [-76.94496473618754, -9.074415977083627], [-76.81816211106893, -9.127230477132807], [-76.78858011104124, -9.136238227141195], [-76.73373436098998, -9.20896685220895], [-76.7257441109825, -9.256634727253342], [-76.75748823601218, -9.362197227351645], [-76.81437498606537, -9.32600785231794], [-76.84229486109147, -9.261734352258069], [-76.93523623617844, -9.398548852385492], [-76.95233398619446, -9.469697227451743], [-76.93800973618103, -9.526578102504715], [-76.98151561122177, -9.565423852540894], [-76.99527148623469, -9.603443352576285], [-77.04848823628453, -9.647460977617264], [-77.02384173626143, -9.704326227670249]]]}}, {"type": "Feature", "properties": {"nivel": "provincia", "departamento": "Ancash", "provincia": "Yungay", "macrozona": "norte", "pdv_ciudades": "Yungay", "nota": "PDV Progresol: Callejon de Huaylas.", "ambito": "provincia"}, "geometry": {"type": "Polygon", "coordinates": [[[-78.05609948723257, -9.274701227269121], [-78.03716761221472, -9.243706977240347], [-77.86126761204886, -9.251189602247656], [-77.83947073702828, -9.217574227216396], [-77.79752161198877, -9.229190727227259], [-77.77718636196956, -9.181542602182937], [-77.78115623697323, -9.085154352093161], [-77.69981448689657, -9.056933602066968], [-77.63235723683302, -9.009759977023124], [-77.57426573677829, -8.900442976921365], [-77.56345311176813, -8.903373101924089], [-77.5440027367498, -8.931291976950122], [-77.55273048675807, -8.987820352002734], [-77.48653711169577, -9.007269477020921], [-77.44514448665683, -8.990177727005003], [-77.38632811160157, -8.99508197700961], [-77.35949611157633, -8.977238226993013], [-77.36200198657869, -9.064992227074734], [-77.43734573664952, -9.059246102069354], [-77.49046036169948, -9.106671852113488], [-77.530343736737, -9.082921977091324], [-77.60131998680382, -9.108935227115486], [-77.58891836179217, -9.15870022716186], [-77.61990011182135, -9.214448352213747], [-77.66137598686045, -9.239836727237353], [-77.68929673688673, -9.224164727222714], [-77.72450748691996, -9.276399102271311], [-77.76564848695872, -9.2923163522861], [-77.77125273696406, -9.333952352324863], [-77.74419598693856, -9.370708977359131], [-77.7620318619554, -9.417154727402359], [-77.90099611208649, -9.442234352425498], [-77.93290848711656, -9.398981977385146], [-77.99294948717323, -9.446605602429386], [-78.03017911220833, -9.418492352403105], [-78.00331648718294, -9.380970602368217], [-78.0597479872361, -9.33084960232142], [-78.05609948723257, -9.274701227269121]]]}}, {"type": "Feature", "properties": {"nivel": "provincia", "departamento": "Ancash", "provincia": "Carhuaz", "macrozona": "norte", "pdv_ciudades": "Carhuaz", "nota": "PDV Progresol: Callejon de Huaylas.", "ambito": "provincia"}, "geometry": {"type": "Polygon", "coordinates": [[[-77.3191841115385, -9.324105602316077], [-77.33009086154874, -9.382391727370344], [-77.40209173661643, -9.347337852337668], [-77.46847011167885, -9.367335602356235], [-77.57639761178045, -9.374120977362482], [-77.61300586181495, -9.422083977407116], [-77.65553611185501, -9.442273852425874], [-77.69048161188795, -9.377838477365826], [-77.74419598693856, -9.370708977359131], [-77.77125273696406, -9.333952352324863], [-77.76564848695872, -9.2923163522861], [-77.72450748691996, -9.276399102271311], [-77.68929673688673, -9.224164727222714], [-77.66137598686045, -9.239836727237353], [-77.61990011182135, -9.214448352213747], [-77.58891836179217, -9.15870022716186], [-77.60131998680382, -9.108935227115486], [-77.530343736737, -9.082921977091324], [-77.49046036169948, -9.106671852113488], [-77.53354723674005, -9.173116727175325], [-77.5108271117187, -9.254347227250973], [-77.48036723669001, -9.255315102251918], [-77.32568248654461, -9.31004960230295], [-77.3191841115385, -9.324105602316077]]]}}, {"type": "Feature", "properties": {"nivel": "provincia", "departamento": "Ancash", "provincia": "Casma", "macrozona": "norte", "pdv_ciudades": "Casma", "nota": "PDV Progresol: costa de Ancash.", "ambito": "provincia"}, "geometry": {"type": "Polygon", "coordinates": [[[-78.05609948723257, -9.274701227269121], [-78.0597479872361, -9.33084960232142], [-78.00331648718294, -9.380970602368217], [-78.03017911220833, -9.418492352403105], [-77.99294948717323, -9.446605602429386], [-77.93290848711656, -9.398981977385146], [-77.90099611208649, -9.442234352425498], [-77.9363338621199, -9.528074352505357], [-77.98432936216521, -9.540384852516713], [-77.96079261214307, -9.615372352586611], [-78.00609373718594, -9.680642602647248], [-78.04189061221972, -9.689902352655787], [-78.08740423726272, -9.720489977684156], [-78.1448277373169, -9.714579102678476], [-78.22621098739384, -9.795281227753321], [-78.2720097374369, -9.756070352716616], [-78.32181636248356, -9.66174810262858], [-78.3648534875239, -9.620470727589936], [-78.36798823752665, -9.55531047752926], [-78.39773823755426, -9.472115227451631], [-78.3801113625377, -9.445490227426928], [-78.42794136258239, -9.41128910239484], [-78.42789448758212, -9.349300727337123], [-78.40381236255959, -9.347127852335232], [-78.35965436251797, -9.263016977257163], [-78.26080436242509, -9.200922727199771], [-78.21128461237856, -9.208968102207454], [-78.14388873731525, -9.267190102261909], [-78.05609948723257, -9.274701227269121]]]}}, {"type": "Feature", "properties": {"nivel": "provincia", "departamento": "Ayacucho", "provincia": "Lucanas", "macrozona": "frontera-sur", "pdv_ciudades": "Puquio", "nota": "PDV Progresol: sur de Ayacucho, fuera de las provincias declaradas.", "ambito": "provincia"}, "geometry": {"type": "Polygon", "coordinates": [[[-73.58174998305279, -14.416134732058289], [-73.53246223300683, -14.507242232143122], [-73.53396223300821, -14.507218607143118], [-73.53655535801063, -14.508137107143979], [-73.54309235801674, -14.50889348214466], [-73.55092598302404, -14.514728232150103], [-73.55222260802525, -14.516727107151958], [-73.55540823302822, -14.518002232153155], [-73.55859335803119, -14.521774107156663], [-73.56022785803273, -14.522360857157208], [-73.56094035803338, -14.5224446071573], [-73.56304098303534, -14.520841857155808], [-73.56446085803665, -14.520893982155858], [-73.56793948303991, -14.526048982160637], [-73.57655085804797, -14.537489232171325], [-73.57766398304898, -14.538864357172576], [-73.58545673305626, -14.547115482180272], [-73.59148135806187, -14.548294232181364], [-73.59678573306684, -14.543972232177351], [-73.6005183580703, -14.541942232175456], [-73.60211785807181, -14.541729607175254], [-73.60654998307594, -14.543042857176463], [-73.60740473307673, -14.543819357177208], [-73.60756048307688, -14.544843482178162], [-73.60756048307688, -14.545555857178819], [-73.60907435807827, -14.548605857181656], [-73.611968483081, -14.552234732185047], [-73.61486260808368, -14.55735510718981], [-73.61902935808757, -14.566047982197897], [-73.62378823309201, -14.572710482204096], [-73.6346938581022, -14.590901732221035], [-73.63770160810499, -14.593007107223007], [-73.6774883581421, -14.622623982250593], [-73.69233785815592, -14.629839857257313], [-73.69850585816168, -14.631130857258515], [-73.69892573316208, -14.631609232258944], [-73.69976560816288, -14.63323048226047], [-73.70294723316583, -14.634402357261571], [-73.70898048317147, -14.635210982262308], [-73.70958010817202, -14.635751982262809], [-73.71276923317498, -14.637735232264655], [-73.71444735817656, -14.640077232266842], [-73.72078910818247, -14.64244535726906], [-73.72268773318423, -14.640456607267206], [-73.72445123318589, -14.638482482265351], [-73.72511135818651, -14.63815235726506], [-73.73734185819791, -14.638062482264962], [-73.74838748320818, -14.635101607262225], [-73.74873260820853, -14.636562482263576], [-73.7473203582072, -14.640283232267029], [-73.74957223320929, -14.638033232264958], [-73.75293360821244, -14.63656248226358], [-73.75480860821418, -14.639292982266122], [-73.75408985821349, -14.641333982268023], [-73.75480860821418, -14.64256448226917], [-73.75616010821544, -14.644185607270662], [-73.75643360821569, -14.644585982271037], [-73.75541010821473, -14.647517607273764], [-73.76097660821995, -14.646677732272998], [-73.77433198323237, -14.643374982269906], [-73.77524810823323, -14.642865232269436], [-73.78158010823914, -14.638363232265254], [-73.78326160824072, -14.640193357266963], [-73.78368160824111, -14.639953107266741], [-73.78491373324223, -14.639864607266649], [-73.7904369832474, -14.642790482269373], [-73.79179735824867, -14.64440148227088], [-73.79684523325336, -14.64533223227174], [-73.80518635826115, -14.642718982269301], [-73.80651085826238, -14.641465982268144], [-73.81113060826667, -14.638490357265383], [-73.821132233276, -14.64534510727175], [-73.82298748327774, -14.674185982298617], [-73.82141335827627, -14.678402482302557], [-73.82220035827702, -14.679189482303261], [-73.82782235828225, -14.684755357308472], [-73.83023985828449, -14.688072357311542], [-73.83611710828997, -14.704694357327023], [-73.8363689832902, -14.707069107329245], [-73.83611710828997, -14.713797482335515], [-73.8358292332897, -14.715668482337241], [-73.82561073328019, -14.725563232346452], [-73.82571860828027, -14.725922982346793], [-73.83115173328535, -14.732039732352494], [-73.83895960829264, -14.740567232360434], [-73.85077785830364, -14.7549294823738], [-73.85544710830797, -14.756627357375386], [-73.85478010830735, -14.762570107380933], [-73.85544710830797, -14.764207357382439], [-73.85829735831065, -14.766329857384422], [-73.86066223331285, -14.767421232385436], [-73.8705723583221, -14.767147107385187], [-73.86982623332138, -14.774288107391829], [-73.86975060832133, -14.775270732392746], [-73.87151423332297, -14.776857982394223], [-73.87141348332285, -14.789153232405678], [-73.87023048332178, -14.791165982407549], [-73.86897848332059, -14.793040982409304], [-73.87070898332222, -14.795388732411483], [-73.87112698332261, -14.795554732411642], [-73.87147460832291, -14.796791107412787], [-73.87095510832243, -14.798123107414026], [-73.87111723332258, -14.800396482416152], [-73.87226760832367, -14.80158010741725], [-73.87522260832641, -14.80253323241814], [-73.87809760832911, -14.803328107418883], [-73.8784062333294, -14.803554732419089], [-73.87932035833023, -14.803904357419412], [-73.88175198333252, -14.803812482419335], [-73.88521685833572, -14.804798857420252], [-73.88966410833987, -14.807613232422868], [-73.89003123334021, -14.808246107423459], [-73.89093948334107, -14.810689482425728], [-73.89354885834351, -14.810863232425897], [-73.89379685834373, -14.811718732426698], [-73.89489060834475, -14.81702735743164], [-73.8947461083446, -14.819388732433834], [-73.89459185834446, -14.820158232434549], [-73.89480660834465, -14.821724482436009], [-73.89476948334462, -14.822160107436419], [-73.89514448334498, -14.824880857438961], [-73.89568748334548, -14.826167982440154], [-73.89539848334522, -14.828466857442297], [-73.89733985834704, -14.832005857445573], [-73.89752348334719, -14.833343732446833], [-73.89875973334836, -14.837113232450347], [-73.89813085834777, -14.839890607452936], [-73.90014260834964, -14.842482482455331], [-73.8987929833484, -14.84751760746003], [-73.89646873334621, -14.858849607470589], [-73.89511723334496, -14.860546857472167], [-73.89074598334088, -14.864365232475713], [-73.8854121083359, -14.869228482480242], [-73.88384373333446, -14.871687482482535], [-73.88251948333323, -14.87313085748388], [-73.8795176083304, -14.880994107491201], [-73.87955273333046, -14.881609357491783], [-73.87917398333009, -14.883165982493237], [-73.87986523333075, -14.89047460750003], [-73.87661523332773, -14.894884732504146], [-73.86895898332058, -14.896306607505464], [-73.86376760831574, -14.90129885751012], [-73.86310935831513, -14.901544982510337], [-73.85804498331042, -14.903101607511797], [-73.85722848330964, -14.904374982512984], [-73.85806235831042, -14.908281232516616], [-73.8580253583104, -14.90920898251747], [-73.85291360830561, -14.91676498252452], [-73.84349098329685, -14.920533857528023], [-73.84176273329524, -14.932683232539338], [-73.8409671082945, -14.936390482542798], [-73.84185435829534, -14.938578982544827], [-73.84136523329488, -14.939572232545764], [-73.84090610829443, -14.941292982547361], [-73.84024023329383, -14.94776560755338], [-73.83794535829168, -14.953302732558539], [-73.83558198328947, -14.958894482563757], [-73.83220310828632, -14.96025973256503], [-73.83058598328482, -14.961343732566025], [-73.83013085828439, -14.962748107567341], [-73.83001173328428, -14.964126982568622], [-73.82820698328258, -14.965685732570064], [-73.82661135828111, -14.96656248257089], [-73.8259609832805, -14.966558607570894], [-73.82327148327799, -14.96664060757097], [-73.82110548327599, -14.968052732572273], [-73.8193944832744, -14.971996107575947], [-73.81910748327412, -14.972304732576236], [-73.8163066082715, -14.975677732579369], [-73.81342773326881, -14.977210982580804], [-73.81321885826863, -14.978884732582355], [-73.81420898326954, -14.980453107583827], [-73.81612110827132, -14.981208982584539], [-73.81707623327223, -14.985906232588905], [-73.8177637332729, -14.98787110759073], [-73.81521873327048, -14.99512885759749], [-73.81389060826925, -14.996447107598726], [-73.81396285826932, -14.996980607599216], [-73.81258985826804, -15.004142732605885], [-73.81251173326798, -15.005218732606895], [-73.81357223326897, -15.010427732611742], [-73.80917385826488, -15.017873107618666], [-73.80855273326429, -15.023367232623798], [-73.80827348326403, -15.024453232624802], [-73.80809373326387, -15.02608198262632], [-73.80799810826377, -15.027287107627442], [-73.80923248326492, -15.030644482630562], [-73.80953710826522, -15.035662107635243], [-73.80796873326375, -15.038529357637909], [-73.80775585826353, -15.038767607638134], [-73.80721873326303, -15.0395898576389], [-73.80588085826179, -15.041117232640316], [-73.80091410825716, -15.04651173264534], [-73.79992973325625, -15.049308607647946], [-73.79907623325543, -15.05225585765069], [-73.79837885825481, -15.055167982653396], [-73.79832810825476, -15.056119107654293], [-73.79845898325486, -15.056656107654783], [-73.798609358255, -15.060701232658554], [-73.79869535825507, -15.061027357658855], [-73.79875585825516, -15.062439482660173], [-73.79758985825406, -15.063621107661277], [-73.79562885825223, -15.067452982664838], [-73.79562310825223, -15.068040857665393], [-73.79577148325237, -15.069091857666379], [-73.7956972332523, -15.069339857666595], [-73.79550198325212, -15.07092773266808], [-73.79543948325205, -15.071285107668416], [-73.79556635825217, -15.072652357669693], [-73.79700973325353, -15.075132857672], [-73.79847848325487, -15.080113232676638], [-73.7984981082549, -15.080925732677395], [-73.80041810825671, -15.082982482679313], [-73.81149585826702, -15.08703123268308], [-73.81327935826869, -15.08739648268341], [-73.81712098327226, -15.09033198268615], [-73.8191034832741, -15.09159373268733], [-73.81987698327485, -15.092443357688124], [-73.82003335827498, -15.092831982688475], [-73.82611723328064, -15.101310732696371], [-73.82656248328108, -15.102824232697781], [-73.82726560828173, -15.103540982698453], [-73.83054885828479, -15.104810607699642], [-73.830804733285, -15.10544335770022], [-73.83074023328498, -15.10678710770147], [-73.83017385828443, -15.109435482703942], [-73.83029298328454, -15.109996107704474], [-73.83083598328504, -15.113277357707526], [-73.8323964832865, -15.117943357711857], [-73.83221285828633, -15.119919982713704], [-73.83266410828675, -15.121277357714968], [-73.832915858287, -15.121847607715505], [-73.83433598328831, -15.124861357718306], [-73.8347246082887, -15.12502148271846], [-73.83530073328922, -15.124949232718395], [-73.8364628582903, -15.126076232719436], [-73.83674998329056, -15.127781232721029], [-73.84070898329426, -15.13305073272594], [-73.84629498329946, -15.132761732725667], [-73.84672660829986, -15.132445232725367], [-73.8489277333019, -15.132470732725404], [-73.85986910831211, -15.132775357725693], [-73.86480860831672, -15.132599607725517], [-73.86560160831745, -15.132951232725835], [-73.86832035831999, -15.134765607727541], [-73.87028710832182, -15.13496098272771], [-73.87169735832312, -15.134776982727535], [-73.872617233324, -15.134570357727352], [-73.87282623332418, -15.134472607727254], [-73.87474410832598, -15.132874982725776], [-73.87747260832853, -15.13102935772405], [-73.8814357333322, -15.12918698272233], [-73.88183198333256, -15.12889648272206], [-73.88379098333439, -15.127806607721048], [-73.88590035833636, -15.12772460772097], [-73.8878554833382, -15.12802935772125], [-73.88834760833865, -15.128054732721292], [-73.89370710834365, -15.129131857722282], [-73.89780860834748, -15.129373107722513], [-73.8987288583483, -15.129333357722468], [-73.90029298334979, -15.129199232722344], [-73.9014999833509, -15.128986357722155], [-73.90400585835324, -15.128543107721738], [-73.904831983354, -15.128554732721746], [-73.9075156083565, -15.129281232722427], [-73.91221098336086, -15.130265607723336], [-73.9150214833635, -15.131333982724337], [-73.9170586083654, -15.131373107724382], [-73.92213285837013, -15.131140607724161], [-73.92753123337515, -15.132705107725622], [-73.93520698338232, -15.13585748272855], [-73.9409843583877, -15.137185607729782], [-73.94266798338927, -15.137683482730246], [-73.94378123339028, -15.138093732730631], [-73.95861323340412, -15.145607482737628], [-73.96373048340888, -15.144923857736986], [-73.96823635841311, -15.146050732738038], [-73.97010160841481, -15.147849607739722], [-73.98473635842848, -15.155218732746583], [-73.9967949834397, -15.16097660775194], [-73.99824610844105, -15.160894482751866], [-73.9984159834412, -15.16094535775192], [-74.0011016084437, -15.166839732757403], [-74.0048476084472, -15.170667982760973], [-74.00644135844867, -15.171728482761953], [-74.01152348345343, -15.174581982764616], [-74.01291798345471, -15.174626982764652], [-74.01692385845845, -15.178558607768315], [-74.01797660845945, -15.179632857769315], [-74.02027748346157, -15.180779357770382], [-74.02067385846195, -15.181376857770928], [-74.02100198346226, -15.182343732771846], [-74.02226173346345, -15.185935607775184], [-74.02677935846762, -15.19110160778], [-74.0277246084685, -15.19224223278106], [-74.02936323347004, -15.192607482781403], [-74.02956835847024, -15.192845732781624], [-74.03013085847077, -15.194130857782811], [-74.03297848347343, -15.195695357784285], [-74.03353310847393, -15.19590623278447], [-74.03434485847467, -15.19611398278468], [-74.03543160847568, -15.19657423278509], [-74.03683198347699, -15.1971249827856], [-74.03880473347883, -15.198078107786493], [-74.04137885848125, -15.200062482788347], [-74.04482035848443, -15.206201232794067], [-74.0457617334853, -15.206763857794584], [-74.04710760848657, -15.209119107796775], [-74.04824810848764, -15.21011135779771], [-74.049699233489, -15.21126560779877], [-74.05278323349187, -15.212982482800372], [-74.0549766084939, -15.215449232802673], [-74.07185160850962, -15.22801560781438], [-74.0720391085098, -15.228310607814654], [-74.073335983511, -15.229060607815345], [-74.07432423351192, -15.229380857815645], [-74.07555473351307, -15.23031635781652], [-74.07745123351485, -15.23097673281713], [-74.0836308585206, -15.232943357818955], [-74.08916598352575, -15.234876982820769], [-74.09061135852708, -15.235236357821098], [-74.09129498352775, -15.235144482821019], [-74.10524223354074, -15.237046857822778], [-74.10627148354169, -15.238181607823831], [-74.10730473354266, -15.23923248282482], [-74.12602935856009, -15.235681482821507], [-74.12828510856218, -15.234374982820297], [-74.13339448356696, -15.234447232820354], [-74.13446098356795, -15.234365232820284], [-74.13570123356911, -15.234283232820214], [-74.13738085857068, -15.233790982819762], [-74.13851560857174, -15.232669982818715], [-74.13931635857247, -15.232335982818405], [-74.14023248357333, -15.232331982818392], [-74.1433106085762, -15.230412107816612], [-74.14547073357821, -15.229593732815848], [-74.14625385857893, -15.22926173281553], [-74.14944535858191, -15.228654357814971], [-74.15367973358586, -15.229728482815979], [-74.15578910858783, -15.23010348281632], [-74.16143160859308, -15.228037232814387], [-74.16853910859969, -15.224437482811044], [-74.17419135860497, -15.222915982809631], [-74.17478123360551, -15.222949232809658], [-74.17770698360825, -15.223078107809782], [-74.17997848361036, -15.223341857810015], [-74.18094135861124, -15.223781232810431], [-74.18259573361279, -15.224990357811551], [-74.18313460861329, -15.225281607811821], [-74.1861523586161, -15.228255857814588], [-74.18647660861642, -15.228800732815104], [-74.18785748361769, -15.23002935781626], [-74.19326185862273, -15.23513673282101], [-74.19362885862306, -15.23551760782137], [-74.19619923362545, -15.23686135782261], [-74.2007324836297, -15.236341857822133], [-74.20338873363217, -15.234996107820876], [-74.21136910863957, -15.234429732820349], [-74.21283010864094, -15.233847607819799], [-74.21618360864407, -15.233880857819832], [-74.21668160864452, -15.234128857820068], [-74.21940623364706, -15.235376982821231], [-74.22227348364974, -15.235169982821027], [-74.22314448365056, -15.235544982821382], [-74.22397410865132, -15.236793232822553], [-74.22259810865005, -15.243437232828745], [-74.22207973364955, -15.244297357829542], [-74.22036935864797, -15.247479607832508], [-74.21929535864696, -15.24915023283406], [-74.21838048364613, -15.252014232836721], [-74.21762460864541, -15.256747857841138], [-74.21694848364477, -15.260685857844791], [-74.21666998364454, -15.265101107848906], [-74.2137662336418, -15.269556232853068], [-74.21285135864098, -15.271584857854949], [-74.2063277336349, -15.283359107865925], [-74.20505485863372, -15.285387857867802], [-74.20525373363388, -15.286660732868993], [-74.20628798363485, -15.287456357869731], [-74.20684485863536, -15.287853982870105], [-74.20260248363142, -15.29916960788064], [-74.19473548362409, -15.309712357890467], [-74.19163148362121, -15.314421982894842], [-74.19248785862202, -15.317365482897578], [-74.19593198362521, -15.319792982899843], [-74.20131060863021, -15.322004482901898], [-74.20103760862996, -15.323151232902966], [-74.2011741086301, -15.325663107905315], [-74.2045051086332, -15.328147732907624], [-74.2043958586331, -15.328912107908334], [-74.20534710863397, -15.333139232912272], [-74.20903423363741, -15.337788232916608], [-74.20983573363817, -15.342063107920582], [-74.20914110863752, -15.344681482923018], [-74.21105948363929, -15.348662482926722], [-74.21217098364035, -15.350842732928765], [-74.21413735864216, -15.353621357931338], [-74.2175147336453, -15.356442857933986], [-74.22149023364902, -15.361230732938434], [-74.23370410866039, -15.374359857950656], [-74.24040573366665, -15.380148107956053], [-74.24183398366799, -15.382033357957802], [-74.242919483669, -15.384318607959926], [-74.24470598367066, -15.3866562329621], [-74.24866060867433, -15.393325357968314], [-74.24910523367475, -15.3941677329691], [-74.25637885868153, -15.40209960797649], [-74.25717823368225, -15.403293982977607], [-74.2568039836819, -15.405282982979454], [-74.2531174836785, -15.418710482991962], [-74.25114410867664, -15.421999357995027], [-74.24991623367549, -15.424104357996987], [-74.24952160867514, -15.425989982998736], [-74.24382073366982, -15.443355858014911], [-74.2428393586689, -15.450401858021472], [-74.24117573366735, -15.481039108050004], [-74.30012360872226, -15.47839460804754], [-74.32843135874862, -15.390993732966146], [-74.30971848373119, -15.358937232936293], [-74.4094619838241, -15.308493607889314], [-74.387878358804, -15.251779607836493], [-74.3987197338141, -15.181463232771021], [-74.45142135886319, -15.175972732765905], [-74.55252073395734, -15.139941232732351], [-74.60597223400713, -15.148497607740325], [-74.71860498411202, -15.135662982728377], [-74.76229860915272, -15.09805485769335], [-74.6642669840614, -15.04469648264366], [-74.66345098406063, -14.907934482516294], [-74.69384035908895, -14.838155232451316], [-74.74624410913773, -14.84355473245634], [-74.75600710914682, -14.771130857388902], [-74.8026972341903, -14.752152357371223], [-74.84574210923041, -14.707979482330083], [-74.85277248423697, -14.611809107240518], [-74.89541785927669, -14.545080482178394], [-74.95891973433582, -14.606451232235537], [-75.05990035942988, -14.622617607250607], [-75.08008998444866, -14.56900998220066], [-75.06909735943843, -14.526934357161505], [-75.09813773446548, -14.485097232122536], [-75.10126648446841, -14.43319910707419], [-75.13804898450265, -14.414655732056923], [-75.09392685946156, -14.31242448196173], [-75.0399791094113, -14.27787935692954], [-75.09079485945865, -14.21517773187115], [-75.05904998442908, -14.129619981791498], [-75.02912998440121, -14.071949981737779], [-74.9423613593204, -14.094687481758962], [-74.84138473422637, -14.073402356739134], [-74.77252935916223, -14.090318356754887], [-74.72572435911864, -14.117035731779758], [-74.69834835909315, -14.078622106743993], [-74.64055223403932, -14.094454731758754], [-74.62319535902317, -14.137142606798498], [-74.43127735884441, -14.149304731809798], [-74.39232035880812, -14.167054731826347], [-74.32944873374956, -14.128629356790569], [-74.20797598363642, -14.126899356788945], [-74.1744298586052, -14.104710856768289], [-74.11604298355078, -14.028872981697665], [-74.07037323350825, -14.02667148169561], [-74.0854606085223, -14.088808981753479], [-74.03916898347916, -14.098499856762501], [-73.9991582334419, -14.15919335681901], [-73.95003398339614, -14.185727106843746], [-73.87925460833016, -14.216695481872575], [-73.89658398334632, -14.262831981915538], [-73.79882823325521, -14.293944606944502], [-73.73825623319874, -14.338163856985684], [-73.6952889831587, -14.326589981974895], [-73.58174998305279, -14.416134732058289]]]}}, {"type": "Feature", "properties": {"nivel": "provincia", "departamento": "Ayacucho", "provincia": "Parinacochas", "macrozona": "frontera-sur", "pdv_ciudades": "Coracora", "nota": "PDV Progresol: sur de Ayacucho, fuera de las provincias declaradas.", "ambito": "provincia"}, "geometry": {"type": "Polygon", "coordinates": [[[-73.53162760800605, -14.507880357143739], [-73.53117235800562, -14.508448232144252], [-73.52385648299877, -14.511588232147176], [-73.52283673299782, -14.513788732149234], [-73.52199510799706, -14.51812723215327], [-73.52237185799738, -14.524459107159183], [-73.52224548299729, -14.526986107161518], [-73.51605610799149, -14.536246607170145], [-73.5089759829849, -14.541253232174789], [-73.50998635798582, -14.547454982180568], [-73.51537310799087, -14.56769135719943], [-73.51911910799437, -14.570671857202205], [-73.53337885800768, -14.58102148221184], [-73.53332648300763, -14.587073732217476], [-73.53085773300533, -14.593558357223515], [-73.52992398300445, -14.594923732224801], [-73.510151982986, -14.646261357272595], [-73.53574810800988, -14.673593732298055], [-73.53735510801137, -14.673407107297887], [-73.539079358013, -14.673278857297753], [-73.56337148303564, -14.681040482304981], [-73.57109898304286, -14.687271607310807], [-73.57210348304379, -14.688554732311982], [-73.5707148580425, -14.6926699823158], [-73.57049998304231, -14.693117232316233], [-73.57088085804267, -14.694130857317184], [-73.57428510804583, -14.694992232317986], [-73.57537885804685, -14.694923857317919], [-73.57459573304611, -14.695802732318725], [-73.57418948304574, -14.696201232319112], [-73.57360935804522, -14.697550732320357], [-73.57363873304523, -14.698103482320867], [-73.5750996080466, -14.699580107322243], [-73.57502148304651, -14.701414107323954], [-73.57471685804624, -14.701552732324105], [-73.57332223304493, -14.70302148232545], [-73.57155473304331, -14.706363232328581], [-73.57673248304812, -14.711685607333516], [-73.57677535804818, -14.71303123233477], [-73.57690435804831, -14.715509732337088], [-73.57570310804718, -14.718177732339566], [-73.57285348304448, -14.720531232341749], [-73.56949023304138, -14.71975585734105], [-73.57054885804236, -14.72544335734633], [-73.57089060804266, -14.725419982346315], [-73.57149023304324, -14.726794982347592], [-73.57074810804254, -14.728230482348948], [-73.5679316080399, -14.733433607353781], [-73.56585160803797, -14.73359573235393], [-73.56370510803598, -14.736861357356966], [-73.56280073303512, -14.742158232361906], [-73.56255073303491, -14.743601607363258], [-73.5625429830349, -14.74411323236372], [-73.56368948303594, -14.746244107365696], [-73.56449023303672, -14.747662107367024], [-73.56314260803545, -14.751449232370554], [-73.5623418580347, -14.753515607372494], [-73.56305460803536, -14.754783232373661], [-73.56408010803632, -14.760376982378862], [-73.563722608036, -14.764835982383023], [-73.56404885803627, -14.76604098238415], [-73.56441410803663, -14.768955107386864], [-73.56574998303789, -14.772408232390063], [-73.56269535803503, -14.780177732397314], [-73.56033598303283, -14.782597607399564], [-73.55891598303151, -14.783191357400115], [-73.55844335803107, -14.784474607401306], [-73.55721485802991, -14.78568560740243], [-73.55351948302646, -14.789355482405856], [-73.55368360802662, -14.79085935740726], [-73.55227535802533, -14.79516210741126], [-73.54901173302225, -14.801611357417276], [-73.54117185801496, -14.800501982416238], [-73.5345996080088, -14.798906232414753], [-73.53247848300684, -14.799923857415695], [-73.52981248300436, -14.800785107416505], [-73.52818748300282, -14.801703107417351], [-73.52695698300167, -14.803484357419011], [-73.52316598299814, -14.807517607422763], [-73.52218748299724, -14.808273482423479], [-73.5202051079954, -14.8106659824257], [-73.51999410799517, -14.811117232426115], [-73.52029885799546, -14.812042982426973], [-73.51980273299502, -14.81310160742797], [-73.51432035798987, -14.822181607436411], [-73.51484373299041, -14.824669982438728], [-73.51236723298805, -14.826328107440288], [-73.50783598298382, -14.825337857439361], [-73.50107223297753, -14.828263732442073], [-73.49994723297648, -14.828451232442259], [-73.49860348297523, -14.82937698244311], [-73.49736323297407, -14.831271482444883], [-73.49486135797173, -14.83463085744801], [-73.49240035796943, -14.83695310745018], [-73.49152348296862, -14.83754685745072], [-73.48632810796377, -14.841587857454497], [-73.48502735796255, -14.842570357455408], [-73.48016960795803, -14.841917607454803], [-73.47994460795779, -14.841703357454595], [-73.47613798295426, -14.840489607453469], [-73.47450823295274, -14.839909482452935], [-73.46827335794691, -14.838996982452088], [-73.46562110794446, -14.840259732453257], [-73.46069598293984, -14.829246482442995], [-73.45425948293382, -14.810738107425752], [-73.4524916079322, -14.802837607418406], [-73.44011373292062, -14.788061107404635], [-73.43788548291855, -14.784871482401666], [-73.43291785791392, -14.781818607398826], [-73.42482573290636, -14.77775060739504], [-73.4153393578975, -14.771192982388937], [-73.40454885788743, -14.76549623238361], [-73.40062348288374, -14.743925482363528], [-73.3843046078685, -14.70817973233023], [-73.37544473286025, -14.70110323232365], [-73.3705838578557, -14.694029107317055], [-73.37009423285525, -14.688158607311587], [-73.35636135784243, -14.686968732310477], [-73.35472848284088, -14.691962857315138], [-73.35220310783853, -14.701634732324159], [-73.3519433578383, -14.70265435732509], [-73.33770698282501, -14.710673857332557], [-73.32833010781624, -14.717361357338767], [-73.32173823281008, -14.716210982337717], [-73.28972660778017, -14.7327343573531], [-73.27750335776872, -14.72853110734919], [-73.27640898276772, -14.727584607348307], [-73.27305298276458, -14.723842232344817], [-73.27005573276176, -14.721312357342452], [-73.26721585775911, -14.71810035733945], [-73.25122410774418, -14.711387232333191], [-73.2390371077328, -14.711070357332897], [-73.23298323272711, -14.710433857332315], [-73.22737085772187, -14.708421982330446], [-73.22548573272012, -14.707479357329568], [-73.21987710771485, -14.703001982325395], [-73.21827473271337, -14.701611607324086], [-73.20229673269843, -14.704520232326786], [-73.19041160768731, -14.705774732327974], [-73.18800960768506, -14.703392107325758], [-73.18398748268129, -14.696898607319694], [-73.18183160767929, -14.691766857314914], [-73.17962598267722, -14.68818398231158], [-73.17222385767028, -14.685013732308622], [-73.14729485764697, -14.67777860730189], [-73.13338135763394, -14.680951607304834], [-73.1319567326326, -14.681526232305357], [-73.12352448262473, -14.681938357305748], [-73.12207185762335, -14.690257982313499], [-73.1211473576225, -14.691578607314723], [-73.10464023260705, -14.682994857306724], [-73.10675110760901, -14.676950107301092], [-73.10668710760895, -14.668864732293578], [-73.10444210760686, -14.667874232292641], [-73.09631810759923, -14.650481732276443], [-73.0784268575825, -14.656055232281629], [-73.07447073257879, -14.658318357283749], [-73.06937498257402, -14.661673732286857], [-73.06489648256984, -14.665566357290484], [-73.06312498256817, -14.66580473229072], [-73.05439235755998, -14.659884732285198], [-73.05220985755794, -14.659214732284559], [-73.04419148255042, -14.657813607283252], [-73.04039423254686, -14.649386357275413], [-73.04140348254782, -14.646952732273137], [-73.04361048254991, -14.625669357253338], [-73.03958548254612, -14.62433485725207], [-73.03436610754122, -14.62537010725303], [-73.03315835754009, -14.626319107253932], [-73.02203435752966, -14.627318982254861], [-73.0195061075273, -14.630610982257913], [-73.01466610752274, -14.630905857258181], [-73.01311998252132, -14.63267798225983], [-73.00121048251016, -14.658644357284007], [-72.99815798250731, -14.662616982287718], [-72.99596098250522, -14.662341857287455], [-72.99123910750082, -14.66061510728585], [-72.98593673249582, -14.660380482285625], [-72.98459935749456, -14.66000510728528], [-72.9830274824931, -14.655828857281387], [-72.97216010748294, -14.658021482283425], [-72.96502798247622, -14.666667982291484], [-72.95877060747037, -14.67719273230126], [-72.95150248246352, -14.685199232308722], [-72.95094648246304, -14.685386982308906], [-72.93443460744753, -14.695646857318446], [-72.93276310744595, -14.694385732317263], [-72.92127448243517, -14.685537982309022], [-72.91766985743182, -14.68536835730886], [-72.91223735742669, -14.696147232318895], [-72.89537048241087, -14.699224732321767], [-72.88539910740153, -14.705970107328032], [-72.8843459824005, -14.706392732328418], [-72.87440135739116, -14.708169607330085], [-72.87388098239067, -14.707973732329876], [-72.86563698238295, -14.710684107332396], [-72.85574223237366, -14.729164107349625], [-72.85428260737228, -14.731954232352196], [-72.85583698237373, -14.738699607358487], [-72.85200985737012, -14.748026857367185], [-72.84682460736528, -14.759823857378157], [-72.85107423236927, -14.7623348573805], [-72.85183710736997, -14.762714357380862], [-72.85267635737077, -14.763077732381195], [-72.8547134823727, -14.762963357381082], [-72.85663610737448, -14.762659982380814], [-72.85891723237664, -14.763816857381885], [-72.8627167323802, -14.763011982381135], [-72.86814123238527, -14.762743982380893], [-72.86970523238676, -14.761937107380145], [-72.8724059823893, -14.761472732379712], [-72.87256623238946, -14.761568107379802], [-72.8766479823933, -14.765451482383414], [-72.87757098239415, -14.765304607383282], [-72.87990573239635, -14.766169482384088], [-72.88020323239662, -14.76651760738442], [-72.88101960739739, -14.769503607387199], [-72.8818666073982, -14.770695732388312], [-72.88709260740308, -14.771959232389488], [-72.88789373240382, -14.771859107389394], [-72.88927460740514, -14.771409982388985], [-72.89600373241146, -14.77118585738877], [-72.89982610741504, -14.770548857388178], [-72.90850073242318, -14.770218857387873], [-72.91799910743211, -14.761648232379894], [-72.91828160743236, -14.760509482378854], [-72.91870885743276, -14.759497607377892], [-72.9299239824433, -14.75816635737667], [-72.932830857446, -14.761114107379413], [-72.93504335744808, -14.762762107380937], [-72.94084935745353, -14.764800107382843], [-72.95207973246406, -14.775205607392552], [-72.95338435746531, -14.77641960739367], [-72.95407873246593, -14.776809732394046], [-72.95567323246743, -14.779291107396343], [-72.96926885748019, -14.795148857411128], [-72.97087873248171, -14.796828232412683], [-72.97498323248554, -14.800236732415867], [-72.97675323248723, -14.803289357418711], [-72.97740935748783, -14.80436423241971], [-72.98563385749554, -14.804850607420157], [-72.99058535750018, -14.803999857419367], [-72.99180598250133, -14.803670857419064], [-72.99482723250418, -14.806168607421396], [-72.9971161075063, -14.81157973242644], [-72.99887848250796, -14.812788982427564], [-73.0030822325119, -14.816466232430985], [-73.00379185751257, -14.832489982445912], [-73.02044123252817, -14.85418648246612], [-73.03333010754027, -14.849925732462161], [-73.0343421075412, -14.848700732461026], [-73.0386027325452, -14.844120482456766], [-73.06118748256635, -14.825529357439443], [-73.06581448257069, -14.825359232439293], [-73.09186960759507, -14.838684232451712], [-73.10150635760411, -14.843681232456372], [-73.108870982611, -14.842949607455694], [-73.11363823261546, -14.843856607456544], [-73.11734473261895, -14.842552607455312], [-73.11871823262022, -14.842584607455343], [-73.1213769826227, -14.847402357459845], [-73.12676198262776, -14.853155357465202], [-73.12772848262864, -14.854431232466382], [-73.12792173262885, -14.857988107469696], [-73.1260659826271, -14.860462482472006], [-73.12521548262632, -14.861235732472725], [-73.1183722326199, -14.867885607478911], [-73.13561910763603, -14.888824607498421], [-73.14173785764177, -14.89638848250546], [-73.15725510765628, -14.906339732514729], [-73.16164035766037, -14.911188857519255], [-73.16585710766434, -14.912158732520163], [-73.16762798266599, -14.912032232520046], [-73.18668723268384, -14.910261232518396], [-73.19237985768913, -14.911230982519298], [-73.19343385769015, -14.91477298252259], [-73.1939398576906, -14.920591982528027], [-73.20085198269706, -14.922776107530057], [-73.23807635773188, -14.906148732514577], [-73.25314735774599, -14.899860982508724], [-73.2549982327477, -14.899753357508624], [-73.26471235775679, -14.906504857514914], [-73.26540123275741, -14.909329482517542], [-73.26542423275744, -14.910431857518574], [-73.26267248275487, -14.920083607527555], [-73.25673610774933, -14.924518982531694], [-73.25602348274866, -14.928214357535122], [-73.25816148275065, -14.9333352325399], [-73.25903260775146, -14.934417232540909], [-73.26531535775734, -14.963525107568012], [-73.26264035775485, -14.965695482570037], [-73.26538023275741, -14.974763357578476], [-73.27326810776478, -14.97710973258067], [-73.27746173276871, -14.978807107582256], [-73.28488723277565, -14.983741857586853], [-73.28930598277977, -14.98364498258675], [-73.29227323278253, -14.983515982586638], [-73.29640173278639, -14.981451857584712], [-73.30623898279559, -14.985773732588745], [-73.31014173279925, -14.986225357589166], [-73.3134316078023, -14.98670910758961], [-73.33291273282052, -15.00044910760241], [-73.33417060782169, -15.000932982602864], [-73.34148298282852, -15.002836357604632], [-73.34245310782943, -15.0035468576053], [-73.3412284828283, -15.006499982608041], [-73.34000198282715, -15.008359357609782], [-73.33833985782559, -15.012255857613399], [-73.3368554828242, -15.016099607616988], [-73.33593948282336, -15.023412107623793], [-73.333425732821, -15.026349607626537], [-73.33531235782277, -15.031643982631461], [-73.34133898282838, -15.035523232635079], [-73.34692685783361, -15.03783223263723], [-73.35359985783985, -15.036123482635636], [-73.37022485785536, -15.04055685763977], [-73.3777522328624, -15.04254260764162], [-73.40917573289174, -15.058238482656233], [-73.41004748289255, -15.057947857655977], [-73.41220623289459, -15.058695107656655], [-73.43101185791213, -15.063178607660843], [-73.43958198292015, -15.062392607660117], [-73.44359048292388, -15.060604732658453], [-73.44728510792733, -15.061517982659296], [-73.44807398292805, -15.061393482659186], [-73.45542185793491, -15.050516857649043], [-73.45832785793765, -15.044912607643834], [-73.49248085796953, -15.060701607658533], [-73.50481510798103, -15.056422482654558], [-73.5055391079817, -15.055962857654144], [-73.50637698298249, -15.05623635765438], [-73.51056635798639, -15.05817973265619], [-73.51198448298773, -15.058902357656871], [-73.51520123299073, -15.060427732658296], [-73.51596285799143, -15.06102960765885], [-73.52032223299551, -15.06108010765889], [-73.5265409830013, -15.05691998265503], [-73.53099810800545, -15.053351607651702], [-73.5333124830076, -15.055484357653679], [-73.53799610801198, -15.060017607657905], [-73.53860748301256, -15.059929732657837], [-73.53931448301321, -15.059456982657393], [-73.53974810801361, -15.058587857656574], [-73.54046685801428, -15.057064482655166], [-73.54182810801555, -15.05577335765396], [-73.54233398301602, -15.05567973265387], [-73.54352735801716, -15.055494857653702], [-73.5436894830173, -15.055505857653708], [-73.5449843580185, -15.055546857653756], [-73.54584373301931, -15.056689482654816], [-73.5456132330191, -15.059048857657007], [-73.54552335801901, -15.060687482658537], [-73.54476560801832, -15.065285107662818], [-73.54410548301769, -15.067054732664461], [-73.53679685801089, -15.083060607679366], [-73.53825785801222, -15.087769482683743], [-73.53826760801223, -15.090912107686668], [-73.53854298301249, -15.091289232687021], [-73.54623635801966, -15.093816357689382], [-73.54644535801988, -15.094113232689656], [-73.5462499830197, -15.098302732693563], [-73.54936323302259, -15.10330860769822], [-73.54966798302287, -15.104347607699193], [-73.54954098302278, -15.10685548270153], [-73.55085548302401, -15.110621107705033], [-73.5523672330254, -15.117402357711356], [-73.55285935802586, -15.121431607715106], [-73.55184960802491, -15.125189482718604], [-73.5496972330229, -15.124693357718138], [-73.54644135801986, -15.126335982719677], [-73.54438085801796, -15.127914107721137], [-73.54584960801931, -15.131824232724773], [-73.54837310802166, -15.134306607727094], [-73.54852735802181, -15.134408232727191], [-73.54812885802141, -15.134982482727718], [-73.54668748302011, -15.13609373272876], [-73.54676948302019, -15.136550732729184], [-73.54685948302027, -15.136660107729275], [-73.54730660802065, -15.13697848272958], [-73.54833985802163, -15.137603607730162], [-73.5484023580217, -15.138224607730745], [-73.54816798302149, -15.138960982731426], [-73.54607035801952, -15.144279357736375], [-73.54669335802011, -15.145091857737128], [-73.5479609830213, -15.14579098273778], [-73.55104498302418, -15.144140607736258], [-73.55179685802489, -15.143974607736089], [-73.55210548302517, -15.143994107736114], [-73.55277535802577, -15.144386732736468], [-73.55398048302692, -15.14962885774136], [-73.55306248302605, -15.153456982744915], [-73.5548378580277, -15.155642607746959], [-73.55470898302758, -15.15610348274739], [-73.55337498302634, -15.158374982749502], [-73.5523847330254, -15.158550732749665], [-73.55133198302443, -15.158949232750036], [-73.55105648302417, -15.159546857750582], [-73.54908985802231, -15.163675732754443], [-73.54887310802214, -15.164179732754906], [-73.54749223302086, -15.164751982755439], [-73.5469961080204, -15.16559760775623], [-73.54928910802252, -15.16950585775986], [-73.54938285802262, -15.170199232760515], [-73.54889260802214, -15.170695357760989], [-73.5484102330217, -15.17121685776147], [-73.5479766080213, -15.172501982762665], [-73.54784760802117, -15.174220732764264], [-73.54838473302168, -15.176427732766314], [-73.5481757330215, -15.176953107766808], [-73.54478323301832, -15.183085982772514], [-73.54454685801811, -15.184656232773971], [-73.54434373301793, -15.18488473277419], [-73.54130660801508, -15.185181607774464], [-73.53923248301314, -15.186212857775434], [-73.53662323301072, -15.19463873278328], [-73.53621285801032, -15.196169982784696], [-73.53645123301055, -15.197679732786098], [-73.53763085801165, -15.20406060779205], [-73.53753510801155, -15.208296857795991], [-73.53591998301005, -15.209902357797489], [-73.53593748301007, -15.210181607797754], [-73.53558785800973, -15.212624982800026], [-73.5370429830111, -15.21512698280236], [-73.53705860801111, -15.215507857802702], [-73.53454498300877, -15.216009732803172], [-73.53259760800695, -15.217773482804825], [-73.53229098300666, -15.217882857804927], [-73.52871023300334, -15.222929732809614], [-73.52339085799835, -15.22354548281019], [-73.52144110799654, -15.237912607823572], [-73.5180887329934, -15.245130482830284], [-73.51442848299, -15.252142982836823], [-73.51128148298706, -15.255050607839532], [-73.50635548298246, -15.261071232845135], [-73.50497010798115, -15.263824857847702], [-73.5043714829806, -15.2689729828525], [-73.5021166079785, -15.272873482856118], [-73.48427785796186, -15.281558982864219], [-73.48187273295962, -15.284699232867135], [-73.48167223295944, -15.286035357868379], [-73.48294160796063, -15.289810232871899], [-73.48294160796063, -15.290812607872825], [-73.47849860795645, -15.292015107873953], [-73.46987985794841, -15.29485460787659], [-73.46871073294734, -15.297994732879515], [-73.46640573294516, -15.301669357882949], [-73.46239698294144, -15.304508857885578], [-73.45457998293413, -15.311357107891963], [-73.45342223293308, -15.314416607894819], [-73.45302598293267, -15.31468910789506], [-73.44934248292928, -15.318001107898139], [-73.44853710792849, -15.318898607898983], [-73.44484398292506, -15.327223982906723], [-73.44064673292114, -15.348417357926472], [-73.44096073292143, -15.355057232932666], [-73.44110210792157, -15.355723732933285], [-73.44697585792703, -15.357982607935387], [-73.45661160793604, -15.364637357941573], [-73.48188023295963, -15.379525232955443], [-73.48374173296138, -15.379715857955626], [-73.48588560796337, -15.38019373295607], [-73.48940273296664, -15.381867357957633], [-73.49362185797058, -15.382230732957959], [-73.53663635801072, -15.397923482972592], [-73.54157260801533, -15.400896982975356], [-73.57463835804617, -15.407257107981286], [-73.58769985805834, -15.404820482979014], [-73.59410860806436, -15.403695107977962], [-73.59972385806957, -15.407066357981101], [-73.6035079830731, -15.411378857985119], [-73.62802123309598, -15.4200563579932], [-73.63011935809793, -15.418964357992186], [-73.64204410810906, -15.417789482991092], [-73.65161135811796, -15.416278857989692], [-73.65975185812556, -15.423498107996402], [-73.67452235813933, -15.431467108003819], [-73.69455723315802, -15.434776358006912], [-73.70432285816713, -15.423002232995955], [-73.71743010817936, -15.41420560798775], [-73.72684473318812, -15.409983607983829], [-73.75971985821877, -15.383140607958827], [-73.76285548322168, -15.376090107952269], [-73.76623535822483, -15.367715857944464], [-73.77205660823027, -15.354281482931958], [-73.77515410823317, -15.351242107929126], [-73.77931973323703, -15.346400357924606], [-73.77954860823725, -15.342740982921208], [-73.77645110823435, -15.340319607918946], [-73.77808385823587, -15.33874323291748], [-73.77988435823758, -15.338405607917167], [-73.78585048324314, -15.338011732916803], [-73.78928373324631, -15.338968232917695], [-73.79598998325258, -15.336660357915546], [-73.79857635825499, -15.33469010791371], [-73.79919435825558, -15.333788857912875], [-73.8009568582572, -15.32856660790801], [-73.81546785827075, -15.325529232905177], [-73.8251953582798, -15.325997357905615], [-73.86005398331228, -15.326117482905728], [-73.86296848331499, -15.325312482904986], [-73.864044233316, -15.324699357904418], [-73.8656539833175, -15.324163482903902], [-73.87093348332242, -15.33293623291209], [-73.87710573332818, -15.336231232915154], [-73.87936398333028, -15.337226857916075], [-73.88028710833115, -15.33738035791623], [-73.88407910833467, -15.33745673291629], [-73.88388823333449, -15.337916357916715], [-73.8748627333261, -15.355065357932698], [-73.87440485832568, -15.36406235794107], [-73.87081910832232, -15.379905732955827], [-73.87212373332355, -15.383621232959278], [-73.87518310832637, -15.391901982966989], [-73.8740082333253, -15.393531732968519], [-73.86977385832135, -15.401616107976043], [-73.87016298332169, -15.403767607978049], [-73.86879735832044, -15.417262982990609], [-73.86808010831977, -15.421436357994496], [-73.86951448332108, -15.428933108001473], [-73.87655635832766, -15.439152858010996], [-73.87686923332797, -15.438777983010644], [-73.87808985832909, -15.43808935801001], [-73.8874358583378, -15.438777983010644], [-73.89127348334137, -15.44456398301604], [-73.91477960836328, -15.458247233028771], [-73.92071535836881, -15.464829483034906], [-73.92729948337495, -15.472382483041935], [-73.93290710838018, -15.478101733047266], [-73.93485273338199, -15.480637608049628], [-73.93857573338545, -15.482525733051391], [-73.93986510838667, -15.482957858051792], [-73.94089510838762, -15.484251983053], [-73.94267273338929, -15.486734358055303], [-73.94618223339255, -15.49390985806198], [-73.95007323339615, -15.499752983067435], [-73.94989773339601, -15.501898733069417], [-73.94992823339605, -15.502988858070449], [-73.95147710839748, -15.505274733072564], [-73.95421598340003, -15.510927233077833], [-73.95872498340422, -15.519952733086239], [-73.96391298340906, -15.525852233091738], [-73.96849823341334, -15.53131485809682], [-73.97055810841525, -15.533656233099002], [-73.97261810841718, -15.534092858099411], [-73.9774551084217, -15.537214233102313], [-73.97801973342223, -15.537620483102694], [-73.98479460842852, -15.54092885810578], [-73.99191298343516, -15.547106608111534], [-73.99286648343603, -15.548411358112743], [-73.99387360843697, -15.549690233113935], [-73.99439235843745, -15.550391233114592], [-73.99532323343834, -15.55198385811607], [-74.00043485844309, -15.553952233117906], [-74.01117710845311, -15.564076483127337], [-74.01090998345285, -15.565029108128225], [-74.01083373345278, -15.569384608132273], [-74.01327510845505, -15.571353858134115], [-74.01486973345656, -15.582417483144424], [-74.01916498346054, -15.591490733152856], [-74.01837160845982, -15.593685108154904], [-74.01943210846079, -15.597582858158535], [-74.01943210846079, -15.598378233159277], [-74.02166748346286, -15.600383733161147], [-74.02313998346423, -15.60042098316118], [-74.02854160846928, -15.606561608166892], [-74.04992673348922, -15.619969358179386], [-74.05094910849014, -15.622281983181546], [-74.05232235849142, -15.623126858182319], [-74.05832673349703, -15.626461983185424], [-74.06060023349916, -15.628196733187044], [-74.0815887335187, -15.611681983171671], [-74.08196260851905, -15.610384983170459], [-74.08256535851962, -15.608255358168469], [-74.08358760852055, -15.597834608158768], [-74.08390823352087, -15.59667685815769], [-74.08460235852151, -15.59352685815476], [-74.08390823352087, -15.589961108151437], [-74.08089448351804, -15.582272483144282], [-74.07918548351645, -15.58097648314307], [-74.07881160851612, -15.575974483138422], [-74.07746885851485, -15.569305358132205], [-74.07701110851445, -15.567452483130483], [-74.07395173351159, -15.563053108126375], [-74.0740891085117, -15.561616858125054], [-74.07654573351398, -15.554808608118702], [-74.07654573351398, -15.552864108116891], [-74.07237248351011, -15.545870733110375], [-74.07205210850982, -15.544897983109474], [-74.06820673350623, -15.541285483106105], [-74.06816098350619, -15.537626233102696], [-74.07080073350866, -15.535264983100497], [-74.07126623350908, -15.53415310809947], [-74.07144923350926, -15.531096483096615], [-74.07149498350928, -15.529567733095185], [-74.0745086085121, -15.526094483091967], [-74.07626348351374, -15.522621108088726], [-74.07872010851601, -15.517017358083505], [-74.07779698351517, -15.51298810807975], [-74.07594298351343, -15.511088358077988], [-74.07464598351221, -15.509606358076612], [-74.07460023351219, -15.508587733075657], [-74.075477608513, -15.505577108072856], [-74.075477608513, -15.504605233071958], [-74.07441710851202, -15.502659858070132], [-74.0585022334972, -15.49814610806594], [-74.04512785848475, -15.492815983060956], [-74.04437260848404, -15.492308608060505], [-74.04303735848276, -15.489962608058319], [-74.04234310848214, -15.4884404830569], [-74.0386352334787, -15.48159035805052], [-74.03887935847891, -15.479539858048607], [-74.04094698348085, -15.474872608044265], [-74.04269410848246, -15.467931733037803], [-74.04241185848218, -15.466713858036657], [-74.04257198348233, -15.464806608034898], [-74.04171748348153, -15.46220873303247], [-74.03758235847769, -15.456623108027264], [-74.03729248347742, -15.456077608026764], [-74.03784185847795, -15.454154983024967], [-74.03847498347852, -15.450760858021816], [-74.04187010848167, -15.448463483019665], [-74.04553223348509, -15.443377483014931], [-74.05171198349088, -15.42476560799761], [-74.05373385849275, -15.417725607991038], [-74.05513760849406, -15.416220607989633], [-74.0562591084951, -15.4148902329884], [-74.06041723349897, -15.40754323298155], [-74.06189723350035, -15.406675357980747], [-74.06491848350318, -15.403035107977368], [-74.06542973350365, -15.402194982976575], [-74.07523348351278, -15.398823732973446], [-74.07775110851513, -15.398432732973067], [-74.08087923351802, -15.396698982971465], [-74.08166498351878, -15.395749107970586], [-74.11307523354802, -15.404983482979185], [-74.11496735854979, -15.409098607982997], [-74.11472323354957, -15.410816232984608], [-74.11500548354982, -15.411566732985316], [-74.12194823355628, -15.411347357985099], [-74.128074608562, -15.412535482986204], [-74.13723760857053, -15.424598732997442], [-74.146324108579, -15.426400982999121], [-74.1512603585836, -15.428750983001317], [-74.15374760858593, -15.440718608012451], [-74.15364835858584, -15.442526858014133], [-74.1517792335841, -15.447794858019044], [-74.15013123358253, -15.451024108022056], [-74.15969085859145, -15.472780233042315], [-74.1620941085937, -15.479524608048598], [-74.19374085862317, -15.491660108059891], [-74.19622798362549, -15.491357858059619], [-74.2043991086331, -15.488726608057169], [-74.234359608661, -15.485704483054354], [-74.2428393586689, -15.450401858021472], [-74.24382073366982, -15.443355858014911], [-74.24952160867514, -15.425989982998736], [-74.24991623367549, -15.424104357996987], [-74.25114410867664, -15.421999357995027], [-74.2531174836785, -15.418710482991962], [-74.2568039836819, -15.405282982979454], [-74.25717823368225, -15.403293982977607], [-74.25637885868153, -15.40209960797649], [-74.24910523367475, -15.3941677329691], [-74.24866060867433, -15.393325357968314], [-74.24470598367066, -15.3866562329621], [-74.242919483669, -15.384318607959926], [-74.24183398366799, -15.382033357957802], [-74.24040573366665, -15.380148107956053], [-74.23370410866039, -15.374359857950656], [-74.22149023364902, -15.361230732938434], [-74.2175147336453, -15.356442857933986], [-74.21413735864216, -15.353621357931338], [-74.21217098364035, -15.350842732928765], [-74.21105948363929, -15.348662482926722], [-74.20914110863752, -15.344681482923018], [-74.20983573363817, -15.342063107920582], [-74.20903423363741, -15.337788232916608], [-74.20534710863397, -15.333139232912272], [-74.2043958586331, -15.328912107908334], [-74.2045051086332, -15.328147732907624], [-74.2011741086301, -15.325663107905315], [-74.20103760862996, -15.323151232902966], [-74.20131060863021, -15.322004482901898], [-74.19593198362521, -15.319792982899843], [-74.19248785862202, -15.317365482897578], [-74.19163148362121, -15.314421982894842], [-74.19473548362409, -15.309712357890467], [-74.20260248363142, -15.29916960788064], [-74.20684485863536, -15.287853982870105], [-74.20628798363485, -15.287456357869731], [-74.20525373363388, -15.286660732868993], [-74.20505485863372, -15.285387857867802], [-74.2063277336349, -15.283359107865925], [-74.21285135864098, -15.271584857854949], [-74.2137662336418, -15.269556232853068], [-74.21666998364454, -15.265101107848906], [-74.21694848364477, -15.260685857844791], [-74.21762460864541, -15.256747857841138], [-74.21838048364613, -15.252014232836721], [-74.21929535864696, -15.24915023283406], [-74.22036935864797, -15.247479607832508], [-74.22207973364955, -15.244297357829542], [-74.22259810865005, -15.243437232828745], [-74.22397410865132, -15.236793232822553], [-74.22314448365056, -15.235544982821382], [-74.22227348364974, -15.235169982821027], [-74.21940623364706, -15.235376982821231], [-74.21668160864452, -15.234128857820068], [-74.21618360864407, -15.233880857819832], [-74.21283010864094, -15.233847607819799], [-74.21136910863957, -15.234429732820349], [-74.20338873363217, -15.234996107820876], [-74.2007324836297, -15.236341857822133], [-74.19619923362545, -15.23686135782261], [-74.19362885862306, -15.23551760782137], [-74.19326185862273, -15.23513673282101], [-74.18785748361769, -15.23002935781626], [-74.18647660861642, -15.228800732815104], [-74.1861523586161, -15.228255857814588], [-74.18313460861329, -15.225281607811821], [-74.18259573361279, -15.224990357811551], [-74.18094135861124, -15.223781232810431], [-74.17997848361036, -15.223341857810015], [-74.17770698360825, -15.223078107809782], [-74.17478123360551, -15.222949232809658], [-74.17419135860497, -15.222915982809631], [-74.16853910859969, -15.224437482811044], [-74.16143160859308, -15.228037232814387], [-74.15578910858783, -15.23010348281632], [-74.15367973358586, -15.229728482815979], [-74.14944535858191, -15.228654357814971], [-74.14625385857893, -15.22926173281553], [-74.14547073357821, -15.229593732815848], [-74.1433106085762, -15.230412107816612], [-74.14023248357333, -15.232331982818392], [-74.13931635857247, -15.232335982818405], [-74.13851560857174, -15.232669982818715], [-74.13738085857068, -15.233790982819762], [-74.13570123356911, -15.234283232820214], [-74.13446098356795, -15.234365232820284], [-74.13339448356696, -15.234447232820354], [-74.12828510856218, -15.234374982820297], [-74.12602935856009, -15.235681482821507], [-74.10730473354266, -15.23923248282482], [-74.10627148354169, -15.238181607823831], [-74.10524223354074, -15.237046857822778], [-74.09129498352775, -15.235144482821019], [-74.09061135852708, -15.235236357821098], [-74.08916598352575, -15.234876982820769], [-74.0836308585206, -15.232943357818955], [-74.07745123351485, -15.23097673281713], [-74.07555473351307, -15.23031635781652], [-74.07432423351192, -15.229380857815645], [-74.073335983511, -15.229060607815345], [-74.0720391085098, -15.228310607814654], [-74.07185160850962, -15.22801560781438], [-74.0549766084939, -15.215449232802673], [-74.05278323349187, -15.212982482800372], [-74.049699233489, -15.21126560779877], [-74.04824810848764, -15.21011135779771], [-74.04710760848657, -15.209119107796775], [-74.0457617334853, -15.206763857794584], [-74.04482035848443, -15.206201232794067], [-74.04137885848125, -15.200062482788347], [-74.03880473347883, -15.198078107786493], [-74.03683198347699, -15.1971249827856], [-74.03543160847568, -15.19657423278509], [-74.03434485847467, -15.19611398278468], [-74.03353310847393, -15.19590623278447], [-74.03297848347343, -15.195695357784285], [-74.03013085847077, -15.194130857782811], [-74.02956835847024, -15.192845732781624], [-74.02936323347004, -15.192607482781403], [-74.0277246084685, -15.19224223278106], [-74.02677935846762, -15.19110160778], [-74.02226173346345, -15.185935607775184], [-74.02100198346226, -15.182343732771846], [-74.02067385846195, -15.181376857770928], [-74.02027748346157, -15.180779357770382], [-74.01797660845945, -15.179632857769315], [-74.01692385845845, -15.178558607768315], [-74.01291798345471, -15.174626982764652], [-74.01152348345343, -15.174581982764616], [-74.00644135844867, -15.171728482761953], [-74.0048476084472, -15.170667982760973], [-74.0011016084437, -15.166839732757403], [-73.9984159834412, -15.16094535775192], [-73.99824610844105, -15.160894482751866], [-73.9967949834397, -15.16097660775194], [-73.98473635842848, -15.155218732746583], [-73.97010160841481, -15.147849607739722], [-73.96823635841311, -15.146050732738038], [-73.96373048340888, -15.144923857736986], [-73.95861323340412, -15.145607482737628], [-73.94378123339028, -15.138093732730631], [-73.94266798338927, -15.137683482730246], [-73.9409843583877, -15.137185607729782], [-73.93520698338232, -15.13585748272855], [-73.92753123337515, -15.132705107725622], [-73.92213285837013, -15.131140607724161], [-73.9170586083654, -15.131373107724382], [-73.9150214833635, -15.131333982724337], [-73.91221098336086, -15.130265607723336], [-73.9075156083565, -15.129281232722427], [-73.904831983354, -15.128554732721746], [-73.90400585835324, -15.128543107721738], [-73.9014999833509, -15.128986357722155], [-73.90029298334979, -15.129199232722344], [-73.8987288583483, -15.129333357722468], [-73.89780860834748, -15.129373107722513], [-73.89370710834365, -15.129131857722282], [-73.88834760833865, -15.128054732721292], [-73.8878554833382, -15.12802935772125], [-73.88590035833636, -15.12772460772097], [-73.88379098333439, -15.127806607721048], [-73.88183198333256, -15.12889648272206], [-73.8814357333322, -15.12918698272233], [-73.87747260832853, -15.13102935772405], [-73.87474410832598, -15.132874982725776], [-73.87282623332418, -15.134472607727254], [-73.872617233324, -15.134570357727352], [-73.87169735832312, -15.134776982727535], [-73.87028710832182, -15.13496098272771], [-73.86832035831999, -15.134765607727541], [-73.86560160831745, -15.132951232725835], [-73.86480860831672, -15.132599607725517], [-73.85986910831211, -15.132775357725693], [-73.8489277333019, -15.132470732725404], [-73.84672660829986, -15.132445232725367], [-73.84629498329946, -15.132761732725667], [-73.84070898329426, -15.13305073272594], [-73.83674998329056, -15.127781232721029], [-73.8364628582903, -15.126076232719436], [-73.83530073328922, -15.124949232718395], [-73.8347246082887, -15.12502148271846], [-73.83433598328831, -15.124861357718306], [-73.832915858287, -15.121847607715505], [-73.83266410828675, -15.121277357714968], [-73.83221285828633, -15.119919982713704], [-73.8323964832865, -15.117943357711857], [-73.83083598328504, -15.113277357707526], [-73.83029298328454, -15.109996107704474], [-73.83017385828443, -15.109435482703942], [-73.83074023328498, -15.10678710770147], [-73.830804733285, -15.10544335770022], [-73.83054885828479, -15.104810607699642], [-73.82726560828173, -15.103540982698453], [-73.82656248328108, -15.102824232697781], [-73.82611723328064, -15.101310732696371], [-73.82003335827498, -15.092831982688475], [-73.81987698327485, -15.092443357688124], [-73.8191034832741, -15.09159373268733], [-73.81712098327226, -15.09033198268615], [-73.81327935826869, -15.08739648268341], [-73.81149585826702, -15.08703123268308], [-73.80041810825671, -15.082982482679313], [-73.7984981082549, -15.080925732677395], [-73.79847848325487, -15.080113232676638], [-73.79700973325353, -15.075132857672], [-73.79556635825217, -15.072652357669693], [-73.79543948325205, -15.071285107668416], [-73.79550198325212, -15.07092773266808], [-73.7956972332523, -15.069339857666595], [-73.79577148325237, -15.069091857666379], [-73.79562310825223, -15.068040857665393], [-73.79562885825223, -15.067452982664838], [-73.79758985825406, -15.063621107661277], [-73.79875585825516, -15.062439482660173], [-73.79869535825507, -15.061027357658855], [-73.798609358255, -15.060701232658554], [-73.79845898325486, -15.056656107654783], [-73.79832810825476, -15.056119107654293], [-73.79837885825481, -15.055167982653396], [-73.79907623325543, -15.05225585765069], [-73.79992973325625, -15.049308607647946], [-73.80091410825716, -15.04651173264534], [-73.80588085826179, -15.041117232640316], [-73.80721873326303, -15.0395898576389], [-73.80775585826353, -15.038767607638134], [-73.80796873326375, -15.038529357637909], [-73.80953710826522, -15.035662107635243], [-73.80923248326492, -15.030644482630562], [-73.80799810826377, -15.027287107627442], [-73.80809373326387, -15.02608198262632], [-73.80827348326403, -15.024453232624802], [-73.80855273326429, -15.023367232623798], [-73.80917385826488, -15.017873107618666], [-73.81357223326897, -15.010427732611742], [-73.81251173326798, -15.005218732606895], [-73.81258985826804, -15.004142732605885], [-73.81396285826932, -14.996980607599216], [-73.81389060826925, -14.996447107598726], [-73.81521873327048, -14.99512885759749], [-73.8177637332729, -14.98787110759073], [-73.81707623327223, -14.985906232588905], [-73.81612110827132, -14.981208982584539], [-73.81420898326954, -14.980453107583827], [-73.81321885826863, -14.978884732582355], [-73.81342773326881, -14.977210982580804], [-73.8163066082715, -14.975677732579369], [-73.81910748327412, -14.972304732576236], [-73.8193944832744, -14.971996107575947], [-73.82110548327599, -14.968052732572273], [-73.82327148327799, -14.96664060757097], [-73.8259609832805, -14.966558607570894], [-73.82661135828111, -14.96656248257089], [-73.82820698328258, -14.965685732570064], [-73.83001173328428, -14.964126982568622], [-73.83013085828439, -14.962748107567341], [-73.83058598328482, -14.961343732566025], [-73.83220310828632, -14.96025973256503], [-73.83558198328947, -14.958894482563757], [-73.83794535829168, -14.953302732558539], [-73.84024023329383, -14.94776560755338], [-73.84090610829443, -14.941292982547361], [-73.84136523329488, -14.939572232545764], [-73.84185435829534, -14.938578982544827], [-73.8409671082945, -14.936390482542798], [-73.84176273329524, -14.932683232539338], [-73.84349098329685, -14.920533857528023], [-73.85291360830561, -14.91676498252452], [-73.8580253583104, -14.90920898251747], [-73.85806235831042, -14.908281232516616], [-73.85722848330964, -14.904374982512984], [-73.85804498331042, -14.903101607511797], [-73.86310935831513, -14.901544982510337], [-73.86376760831574, -14.90129885751012], [-73.86895898332058, -14.896306607505464], [-73.87661523332773, -14.894884732504146], [-73.87986523333075, -14.89047460750003], [-73.87917398333009, -14.883165982493237], [-73.87955273333046, -14.881609357491783], [-73.8795176083304, -14.880994107491201], [-73.88251948333323, -14.87313085748388], [-73.88384373333446, -14.871687482482535], [-73.8854121083359, -14.869228482480242], [-73.89074598334088, -14.864365232475713], [-73.89511723334496, -14.860546857472167], [-73.89646873334621, -14.858849607470589], [-73.8987929833484, -14.84751760746003], [-73.90014260834964, -14.842482482455331], [-73.89813085834777, -14.839890607452936], [-73.89875973334836, -14.837113232450347], [-73.89752348334719, -14.833343732446833], [-73.89733985834704, -14.832005857445573], [-73.89539848334522, -14.828466857442297], [-73.89568748334548, -14.826167982440154], [-73.89514448334498, -14.824880857438961], [-73.89476948334462, -14.822160107436419], [-73.89480660834465, -14.821724482436009], [-73.89459185834446, -14.820158232434549], [-73.8947461083446, -14.819388732433834], [-73.89489060834475, -14.81702735743164], [-73.89379685834373, -14.811718732426698], [-73.89354885834351, -14.810863232425897], [-73.89093948334107, -14.810689482425728], [-73.89003123334021, -14.808246107423459], [-73.88966410833987, -14.807613232422868], [-73.88521685833572, -14.804798857420252], [-73.88175198333252, -14.803812482419335], [-73.87932035833023, -14.803904357419412], [-73.8784062333294, -14.803554732419089], [-73.87809760832911, -14.803328107418883], [-73.87522260832641, -14.80253323241814], [-73.87226760832367, -14.80158010741725], [-73.87111723332258, -14.800396482416152], [-73.87095510832243, -14.798123107414026], [-73.87147460832291, -14.796791107412787], [-73.87112698332261, -14.795554732411642], [-73.87070898332222, -14.795388732411483], [-73.86897848332059, -14.793040982409304], [-73.87023048332178, -14.791165982407549], [-73.87141348332285, -14.789153232405678], [-73.87151423332297, -14.776857982394223], [-73.86975060832133, -14.775270732392746], [-73.86982623332138, -14.774288107391829], [-73.8705723583221, -14.767147107385187], [-73.86066223331285, -14.767421232385436], [-73.85829735831065, -14.766329857384422], [-73.85544710830797, -14.764207357382439], [-73.85478010830735, -14.762570107380933], [-73.85544710830797, -14.756627357375386], [-73.85077785830364, -14.7549294823738], [-73.83895960829264, -14.740567232360434], [-73.83115173328535, -14.732039732352494], [-73.82571860828027, -14.725922982346793], [-73.82561073328019, -14.725563232346452], [-73.8358292332897, -14.715668482337241], [-73.83611710828997, -14.713797482335515], [-73.8363689832902, -14.707069107329245], [-73.83611710828997, -14.704694357327023], [-73.83023985828449, -14.688072357311542], [-73.82782235828225, -14.684755357308472], [-73.82220035827702, -14.679189482303261], [-73.82141335827627, -14.678402482302557], [-73.82298748327774, -14.674185982298617], [-73.821132233276, -14.64534510727175], [-73.81113060826667, -14.638490357265383], [-73.80651085826238, -14.641465982268144], [-73.80518635826115, -14.642718982269301], [-73.79684523325336, -14.64533223227174], [-73.79179735824867, -14.64440148227088], [-73.7904369832474, -14.642790482269373], [-73.78491373324223, -14.639864607266649], [-73.78368160824111, -14.639953107266741], [-73.78326160824072, -14.640193357266963], [-73.78158010823914, -14.638363232265254], [-73.77524810823323, -14.642865232269436], [-73.77433198323237, -14.643374982269906], [-73.76097660821995, -14.646677732272998], [-73.75541010821473, -14.647517607273764], [-73.75643360821569, -14.644585982271037], [-73.75616010821544, -14.644185607270662], [-73.75480860821418, -14.64256448226917], [-73.75408985821349, -14.641333982268023], [-73.75480860821418, -14.639292982266122], [-73.75293360821244, -14.63656248226358], [-73.74957223320929, -14.638033232264958], [-73.7473203582072, -14.640283232267029], [-73.74873260820853, -14.636562482263576], [-73.74838748320818, -14.635101607262225], [-73.73734185819791, -14.638062482264962], [-73.72511135818651, -14.63815235726506], [-73.72445123318589, -14.638482482265351], [-73.72268773318423, -14.640456607267206], [-73.72078910818247, -14.64244535726906], [-73.71444735817656, -14.640077232266842], [-73.71276923317498, -14.637735232264655], [-73.70958010817202, -14.635751982262809], [-73.70898048317147, -14.635210982262308], [-73.70294723316583, -14.634402357261571], [-73.69976560816288, -14.63323048226047], [-73.69892573316208, -14.631609232258944], [-73.69850585816168, -14.631130857258515], [-73.69233785815592, -14.629839857257313], [-73.6774883581421, -14.622623982250593], [-73.63770160810499, -14.593007107223007], [-73.6346938581022, -14.590901732221035], [-73.62378823309201, -14.572710482204096], [-73.61902935808757, -14.566047982197897], [-73.61486260808368, -14.55735510718981], [-73.611968483081, -14.552234732185047], [-73.60907435807827, -14.548605857181656], [-73.60756048307688, -14.545555857178819], [-73.60756048307688, -14.544843482178162], [-73.60740473307673, -14.543819357177208], [-73.60654998307594, -14.543042857176463], [-73.60211785807181, -14.541729607175254], [-73.6005183580703, -14.541942232175456], [-73.59678573306684, -14.543972232177351], [-73.59148135806187, -14.548294232181364], [-73.58545673305626, -14.547115482180272], [-73.57766398304898, -14.538864357172576], [-73.57655085804797, -14.537489232171325], [-73.56793948303991, -14.526048982160637], [-73.56446085803665, -14.520893982155858], [-73.56304098303534, -14.520841857155808], [-73.56094035803338, -14.5224446071573], [-73.56022785803273, -14.522360857157208], [-73.55859335803119, -14.521774107156663], [-73.55540823302822, -14.518002232153155], [-73.55222260802525, -14.516727107151958], [-73.55092598302404, -14.514728232150103], [-73.54309235801674, -14.50889348214466], [-73.53655535801063, -14.508137107143979], [-73.53396223300821, -14.507218607143118], [-73.53162760800605, -14.507880357143739]], [[-73.69029994798584, -15.329677673848092], [-73.64715998311381, -15.277134607860118], [-73.73905985819951, -15.265740482849507], [-73.72322685818473, -15.321027357900961], [-73.69029994798584, -15.329677673848092]]]}}]}