{"type": "FeatureCollection", "features": [{"type": "Feature", "geometry": {"type": "LineString", "coordinates": [[-75.56014560312954, -11.350620983192044, 2788.0457997470035], [-75.56134699957346, -11.349769999901167, 2782.968200000003], [-75.56427584216877, -11.343760228487026, 0.0]]}, "properties": {"cod": "JU-103", "nombre": "Emp. PE-22 B (Palca) - Tapo - Antacucho - Ricran - Abra Cayan - Yauli - Pancan - Emp. PE-3S A (Jauja).", "tipo_influencia": "Directa", "DISTRITO": "PALCA", "PROVINCIA": "TARMA", "DEPARTAMEN": "JUNIN", "Zonas": "Todas Zonas", "sububigeo": "12070600", "long_km": 0.909917917821, "dist_min_m": 52.9, "peligro": "Inundación", "nivel": "Medio", "pc_lng": -75.56336, "pc_lat": -11.34438, "pc_rio": ""}}, {"type": "Feature", "geometry": {"type": "LineString", "coordinates": [[-75.56014560302783, -11.350620983246815, 2788.045800000007], [-75.56014560312954, -11.350620983192044, 2788.0457997470035]]}, "properties": {"cod": "JU-103", "nombre": "Emp. PE-22 B (Palca) - Tapo - Antacucho - Ricran - Abra Cayan - Yauli - Pancan - Emp. PE-3S A (Jauja).", "tipo_influencia": "Indirecta", "DISTRITO": "TAPO", "PROVINCIA": "TARMA", "DEPARTAMEN": "JUNIN", "Zonas": "Todas Zonas", "sububigeo": "12070900", "long_km": 0.909917917821, "dist_min_m": 773.8, "peligro": "Inundación", "nivel": "Medio", "pc_lng": -75.56336, "pc_lat": -11.34438, "pc_rio": ""}}, {"type": "Feature", "geometry": {"type": "LineString", "coordinates": [[-75.55928962828759, -11.351574335934782, 2789.9152999999933], [-75.55948500001512, -11.351005999603734, 2789.108600000007], [-75.56014560302783, -11.350620983246815, 2788.045800000007]]}, "properties": {"cod": "JU-103", "nombre": "Emp. PE-22 B (Palca) - Tapo - Antacucho - Ricran - Abra Cayan - Yauli - Pancan - Emp. PE-3S A (Jauja).", "tipo_influencia": "Indirecta", "DISTRITO": "TAPO", "PROVINCIA": "TARMA", "DEPARTAMEN": "JUNIN", "Zonas": "Todas Zonas", "sububigeo": "12070900", "long_km": 0.153316019832, "dist_min_m": 773.8, "peligro": "Inundación", "nivel": "Medio", "pc_lng": -75.56336, "pc_lat": -11.34438, "pc_rio": ""}}, {"type": "Feature", "geometry": {"type": "LineString", "coordinates": [[-75.55853899959274, -11.357964000323282, 2810.9014000000025], [-75.55813000006277, -11.35808999963121, 2812.6909000000014], [-75.5579260000712, -11.35702899986249, 2820.7195999999967], [-75.55803499972944, -11.35479199978914, 2833.348199999993], [-75.55848699998519, -11.353630999720409, 2842.378500000006], [-75.55781900008733, -11.352959000311198, 2851.2814999999973], [-75.5582779995689, -11.353708000197352, 2862.696299999996], [-75.55751599991429, -11.354991000109353, 2876.5233000000007], [-75.5569270001377, -11.358155999764124, 2905.321800000005], [-75.55609200034516, -11.360474999898065, 2923.5454000000027], [-75.5561279997794, -11.361264999870041, 2930.522299999997], [-75.55461299988511, -11.36245899979087, 2944.8708000000042], [-75.55438000010926, -11.364428999837383, 2962.830400000006], [-75.55482999972192, -11.365559000145032, 2973.273100000006], [-75.55709700025088, -11.367053999588052, 2992.203800000003], [-75.55937300017479, -11.367501999855833, 3010.160999999993], [-75.55973600018196, -11.36929699981487, 3024.8620999999985], [-75.55941799964374, -11.368504000028073, 3030.406799999997], [-75.55836300004647, -11.367966999670877, 3032.243499999997], [-75.55960599964853, -11.369860999553987, 3053.8784000000014], [-75.55962999969725, -11.37194199981552, 3069.7446999999956], [-75.56137400039394, -11.374273999821025, 3087.6974000000046], [-75.56230400015879, -11.376227999770123, 3102.1494999999995], [-75.5629329998236, -11.376765999731667, 3107.809599999993], [-75.56285599956644, -11.377785999845623, 3114.776899999997], [-75.56230500034789, -11.37897599977827, 3123.9771000000037], [-75.56371200017274, -11.382371000033379, 3152.810200000007], [-75.5634680002178, -11.383072000254767, 3147.1530000000057], [-75.56432800041618, -11.3824870004376, 3139.291599999997], [-75.56466999990455, -11.382926000246753, 3133.5696000000025], [-75.56493900019554, -11.384436000064571, 3123.087400000004], [-75.56469599991301, -11.385995000309446, 3114.978700000007], [-75.56486599969229, -11.390434999909935, 3137.885399999999], [-75.5634619997678, -11.391878999861428, 3143.0920999999944], [-75.5624839998637, -11.392395999893926, 3146.583599999998], [-75.56159300006475, -11.392709999686497, 3150.1926999999996], [-75.56101199998989, -11.392269999818886, 3152.6186000000016], [-75.55900599982513, -11.395527000240536, 3179.7302999999956], [-75.56002499986296, -11.391381000423891, 3215.522800000006], [-75.56196999960157, -11.389659999940484, 3236.2688000000053], [-75.56184700041727, -11.38909799978342, 3239.701000000001], [-75.56150800009749, -11.38945299991681, 3246.954500000007], [-75.56099199983748, -11.388462999755319, 3252.0093999999954], [-75.56130300008263, -11.386016000306626, 3267.2929000000004], [-75.56062699969452, -11.387014000155535, 3274.305800000002], [-75.56035199984186, -11.388350999661535, 3283.6049000000057], [-75.55950400044487, -11.388937999813631, 3291.158500000005], [-75.55929999986958, -11.389890000124387, 3298.2574000000022], [-75.55722700026854, -11.393016999580837, 3325.7228999999934], [-75.5559039996901, -11.39602999983202, 3352.135899999994], [-75.55442099968921, -11.400793000138313, 3393.6079000000027], [-75.55424099996816, -11.403576000279084, 3417.400099999999], [-75.55360200041727, -11.404543000275899, 3428.2792999999947], [-75.55306000045142, -11.406814999791669, 3447.4011000000028], [-75.55254100042222, -11.410121000031564, 3474.2068], [-75.55278200012889, -11.411124000170869, 3483.0880000000034], [-75.55246999983264, -11.41171899998348, 3489.608800000002], [-75.55265200034252, -11.413581000306056, 3507.4830999999976], [-75.55189799966813, -11.412531000310551, 3521.6150000000052], [-75.55187200029968, -11.411352000205031, 3531.1263000000035], [-75.55119499974349, -11.412365000120847, 3544.986300000004], [-75.55124000015562, -11.412884999724438, 3548.396399999998], [-75.55167500028206, -11.413265000370085, 3553.1582999999955], [-75.55183499960367, -11.414722000131478, 3563.039399999994], [-75.55120799975171, -11.416938999632427, 3578.343900000007], [-75.5515920003718, -11.417026999666833, 3583.4092999999993], [-75.55237700040873, -11.416565000249522, 3587.1198000000004], [-75.5557500001061, -11.417420999771402, 3613.9658999999956], [-75.55463799983006, -11.417702999813534, 3623.312699999995], [-75.55543199954573, -11.417886000216333, 3631.555500000002], [-75.55231200034677, -11.418225999727008, 3654.831099999996], [-75.55053700011779, -11.419203000172363, 3668.588699999993], [-75.5494659999182, -11.419399999601637, 3676.519199999995], [-75.54877099963379, -11.41913400042923, 3682.159599999999], [-75.54860800027696, -11.416833999653724, 3699.612500000003], [-75.54762500041443, -11.420302999946705, 3727.5118999999977], [-75.54779399955564, -11.420672000155214, 3732.2070999999996], [-75.54842699995729, -11.420715999668058, 3739.1015000000043], [-75.54669200032028, -11.421479000331864, 3751.8647999999957], [-75.54502199973946, -11.425728000001142, 3722.9002000000037], [-75.54483599986702, -11.427029000139557, 3721.6652999999933], [-75.54546599996932, -11.43069599980915, 3705.0834999999934], [-75.54467799958745, -11.435124000161826, 3696.092199999999], [-75.54380999989766, -11.436607000012263, 3692.8861999999936], [-75.54194999969447, -11.438169000120249, 3703.9968999999983], [-75.54107600034698, -11.439673999871195, 3690.4458000000013], [-75.54042200034192, -11.442539000162856, 3667.467300000004], [-75.54040200037032, -11.44425100029626, 3656.9257999999973], [-75.53577099957052, -11.446562000282455, 3635.213499999998], [-75.53628299985566, -11.449500999858351, 3628.957699999999], [-75.53600400041267, -11.451736000325814, 3633.4870999999985], [-75.53512599974617, -11.45460300005786, 3651.9467000000004], [-75.5361330002553, -11.45785400009913, 3660.9707999999955], [-75.53579499977805, -11.459232999833658, 3667.3378999999986], [-75.53601899961218, -11.463817000173032, 3671.9263000000064], [-75.53763800016061, -11.464932000262738, 3658.4940999999963], [-75.53916199972541, -11.467383999605655, 3656.6358000000037], [-75.53900199981138, -11.46902199967172, 3655.8657999999996], [-75.53940200027972, -11.470353999749655, 3652.1101999999955], [-75.53936800007004, -11.474249000192744, 3652.8062999999966], [-75.54055099984453, -11.474735000432633, 3654.1772000000055], [-75.54135199989787, -11.475489000129812, 3658.4774000000034], [-75.5421699997083, -11.475533000149854, 3664.622900000002], [-75.54205699984283, -11.476889999809954, 3676.461599999995], [-75.54260399994412, -11.478220999922765, 3683.3747000000003], [-75.54446199990625, -11.479668000245482, 3679.263300000006], [-75.54525199963722, -11.479231000225658, 3678.7976000000053], [-75.54563300003997, -11.478365000157373, 3675.2421999999933], [-75.54663899986139, -11.478244000055358, 3673.2776000000013], [-75.545826000306, -11.481391999697859, 3669.5194000000047], [-75.54693599998397, -11.481799000222143, 3668.0253999999986], [-75.54911299991538, -11.483887000012478, 3662.946299999996], [-75.54964799984238, -11.484897999689917, 3661.078800000003], [-75.54969199993582, -11.485984000361897, 3665.716499999995], [-75.55082999968774, -11.486495000003966, 3666.305800000002], [-75.55076200019204, -11.487445000234493, 3657.406700000007]]}, "properties": {"cod": "JU-103", "nombre": "Emp. PE-22 B (Palca) - Tapo - Antacucho - Ricran - Abra Cayan - Yauli - Pancan - Emp. PE-3S A (Jauja).", "tipo_influencia": "Indirecta", "DISTRITO": "TAPO", "PROVINCIA": "TARMA", "DEPARTAMEN": "JUNIN", "Zonas": "Todas Zonas", "sububigeo": "12070900", "long_km": 24.6352155791, "dist_min_m": 838.6, "peligro": "Erosión | Inundación", "nivel": "Muy Alto", "pc_lng": -75.54742, "pc_lat": -11.36791, "pc_rio": "Río Ricran"}}, {"type": "Feature", "geometry": {"type": "LineString", "coordinates": [[-75.55928962828759, -11.351574335934782, 2789.9152999999933], [-75.55996000010248, -11.352661999869653, 2797.9409000000014], [-75.55999099967704, -11.354077999652402, 2802.2445000000007], [-75.55904600044808, -11.355642999852996, 2801.0], [-75.55853899959274, -11.357964000323282, 2810.9014000000025]]}, "properties": {"cod": "JU-103", "nombre": "Emp. PE-22 B (Palca) - Tapo - Antacucho - Ricran - Abra Cayan - Yauli - Pancan - Emp. PE-3S A (Jauja).", "tipo_influencia": "Indirecta", "DISTRITO": "TAPO", "PROVINCIA": "TARMA", "DEPARTAMEN": "JUNIN", "Zonas": "Todas Zonas", "sububigeo": "12070900", "long_km": 0.773532823809, "dist_min_m": 910.8, "peligro": "Inundación", "nivel": "Medio", "pc_lng": -75.56336, "pc_lat": -11.34438, "pc_rio": ""}}, {"type": "Feature", "geometry": {"type": "LineString", "coordinates": [[-75.75793399977924, -11.303216000196711, 0.0], [-75.75493899999935, -11.3030289997539, 0.0], [-75.75347900043568, -11.303748999661384, 0.0], [-75.75116099956163, -11.304152999716758, 0.0], [-75.75017200010046, -11.30499599970168, 0.0], [-75.74758599991624, -11.305304999797949, 0.0], [-75.74623000000645, -11.30490800022873, 0.0], [-75.7422239997288, -11.307368999641483, 0.0], [-75.73602300008922, -11.307775999806589, 0.0]]}, "properties": {"cod": "JU-105", "nombre": "Emp. PE-3N (Condorín) - San Pedro de Cajas - Palcamayo - Moyo - Picoy - Emp. PE-22 B (Acobamba).", "tipo_influencia": "Indirecta", "DISTRITO": "PALCAMAYO", "PROVINCIA": "TARMA", "DEPARTAMEN": "JUNIN", "Zonas": "Todas Zonas", "sububigeo": "12070700", "long_km": 2.57734980056, "dist_min_m": 68.1, "peligro": "Inundación", "nivel": "Medio", "pc_lng": -75.73761, "pc_lat": -11.307, "pc_rio": "Rio Palcamayo"}}, {"type": "Feature", "geometry": {"type": "LineString", "coordinates": [[-75.73602300008922, -11.307775999806589, 0.0], [-75.72775100029558, -11.30919500011975, 0.0]]}, "properties": {"cod": "JU-105", "nombre": "Emp. PE-3N (Condorín) - San Pedro de Cajas - Palcamayo - Moyo - Picoy - Emp. PE-22 B (Acobamba).", "tipo_influencia": "Indirecta", "DISTRITO": "PALCAMAYO", "PROVINCIA": "TARMA", "DEPARTAMEN": "JUNIN", "Zonas": "Todas Zonas", "sububigeo": "12070700", "long_km": 0.916455586427, "dist_min_m": 193.2, "peligro": "Inundación", "nivel": "Medio", "pc_lng": -75.73761, "pc_lat": -11.307, "pc_rio": "Rio Palcamayo"}}, {"type": "Feature", "geometry": {"type": "LineString", "coordinates": [[-75.72775100029558, -11.30919500011975, 0.0], [-75.72343900012648, -11.310272000130384, 0.0]]}, "properties": {"cod": "JU-105", "nombre": "Emp. PE-3N (Condorín) - San Pedro de Cajas - Palcamayo - Moyo - Picoy - Emp. PE-22 B (Acobamba).", "tipo_influencia": "Indirecta", "DISTRITO": "PALCAMAYO", "PROVINCIA": "TARMA", "DEPARTAMEN": "JUNIN", "Zonas": "Todas Zonas", "sububigeo": "12070700", "long_km": 0.486096249979, "dist_min_m": 1103.0, "peligro": "Inundación", "nivel": "Medio", "pc_lng": -75.73761, "pc_lat": -11.307, "pc_rio": "Rio Palcamayo"}}, {"type": "Feature", "geometry": {"type": "LineString", "coordinates": [[-75.72343900012648, -11.310272000130384, 0.0], [-75.72266474425703, -11.310466668838773, 0.0]]}, "properties": {"cod": "JU-105", "nombre": "Emp. PE-3N (Condorín) - San Pedro de Cajas - Palcamayo - Moyo - Picoy - Emp. PE-22 B (Acobamba).", "tipo_influencia": "Indirecta", "DISTRITO": "PALCAMAYO", "PROVINCIA": "TARMA", "DEPARTAMEN": "JUNIN", "Zonas": "Todas Zonas", "sububigeo": "12070700", "long_km": 0.0874644345208, "dist_min_m": 1588.3, "peligro": "Inundación", "nivel": "Medio", "pc_lng": -75.73761, "pc_lat": -11.307, "pc_rio": "Rio Palcamayo"}}, {"type": "Feature", "geometry": {"type": "LineString", "coordinates": [[-75.77214800043333, -11.296204999734483, 0.0], [-75.7715030002065, -11.296681000204146, 0.0]]}, "properties": {"cod": "JU-105", "nombre": "Emp. PE-3N (Condorín) - San Pedro de Cajas - Palcamayo - Moyo - Picoy - Emp. PE-22 B (Acobamba).", "tipo_influencia": "Indirecta", "DISTRITO": "PALCAMAYO", "PROVINCIA": "TARMA", "DEPARTAMEN": "JUNIN", "Zonas": "Todas Zonas", "sububigeo": "12070700", "long_km": 0.0880117422221, "dist_min_m": 77.7, "peligro": "Erosión | Flujo de detritos | Inundación", "nivel": "Medio", "pc_lng": -75.77117, "pc_lat": -11.29606, "pc_rio": "Río Shaca"}}, {"type": "Feature", "geometry": {"type": "LineString", "coordinates": [[-75.81463528953286, -11.256314784691922, 0.0], [-75.81110500020992, -11.257311000158687, 0.0], [-75.80969699984803, -11.259164000033714, 0.0], [-75.80750399960664, -11.259875000367494, 0.0], [-75.8052219996582, -11.261373999872504, 0.0], [-75.80324899973795, -11.262128999879465, 0.0], [-75.80134099995766, -11.264000000023014, 0.0], [-75.79824200022755, -11.265085000067176, 0.0], [-75.79597900026788, -11.266378000086878, 0.0], [-75.79409200009505, -11.268042999953606, 0.0], [-75.7881540002707, -11.269298000128126, 0.0], [-75.78551399966106, -11.269115000273048, 0.0], [-75.78393599992772, -11.269955000176015, 0.0], [-75.78056800007758, -11.269174000165874, 0.0], [-75.77863699986312, -11.270655000355713, 0.0], [-75.77671400036483, -11.271120000018314, 0.0], [-75.77522499956252, -11.273162999727237, 0.0], [-75.7749410000966, -11.2742849998089, 0.0], [-75.77336599978622, -11.276624999843794, 0.0], [-75.77053799992905, -11.28864799995888, 0.0], [-75.7717610003127, -11.292232999794406, 0.0], [-75.7718079999187, -11.29353400029942, 0.0], [-75.77123800043157, -11.293800000024381, 0.0], [-75.77227873668572, -11.295242521278421, 0.0]]}, "properties": {"cod": "JU-105", "nombre": "Emp. PE-3N (Condorín) - San Pedro de Cajas - Palcamayo - Moyo - Picoy - Emp. PE-22 B (Acobamba).", "tipo_influencia": "Indirecta", "DISTRITO": "PALCAMAYO", "PROVINCIA": "TARMA", "DEPARTAMEN": "JUNIN", "Zonas": "Todas Zonas", "sububigeo": "12070700", "long_km": 7.66071364536, "dist_min_m": 150.7, "peligro": "Erosión | Flujo de detritos | Inundación", "nivel": "Medio", "pc_lng": -75.77117, "pc_lat": -11.29606, "pc_rio": "Río Shaca"}}, {"type": "Feature", "geometry": {"type": "LineString", "coordinates": [[-75.72266474425703, -11.310466668838773, 0.0], [-75.72197199964879, -11.31100100012263, 0.0]]}, "properties": {"cod": "JU-105", "nombre": "Emp. PE-3N (Condorín) - San Pedro de Cajas - Palcamayo - Moyo - Picoy - Emp. PE-22 B (Acobamba).", "tipo_influencia": "Indirecta", "DISTRITO": "PALCAMAYO", "PROVINCIA": "TARMA", "DEPARTAMEN": "JUNIN", "Zonas": "Todas Zonas", "sububigeo": "12070700", "long_km": 0.0962098075229, "dist_min_m": 1675.5, "peligro": "Inundación", "nivel": "Medio", "pc_lng": -75.73761, "pc_lat": -11.307, "pc_rio": "Rio Palcamayo"}}, {"type": "Feature", "geometry": {"type": "LineString", "coordinates": [[-75.72197199964879, -11.31100100012263, 0.0], [-75.72017100036594, -11.31228099982984, 0.0], [-75.71804600039478, -11.312719999767468, 0.0], [-75.7165909995559, -11.313882999883598, 0.0], [-75.71456299999477, -11.314120999789685, 0.0], [-75.71370500028863, -11.314622000010441, 0.0], [-75.71097599987718, -11.313661999791801, 0.0]]}, "properties": {"cod": "JU-105", "nombre": "Emp. PE-3N (Condorín) - San Pedro de Cajas - Palcamayo - Moyo - Picoy - Emp. PE-22 B (Acobamba).", "tipo_influencia": "Indirecta", "DISTRITO": "PALCAMAYO", "PROVINCIA": "TARMA", "DEPARTAMEN": "JUNIN", "Zonas": "Todas Zonas", "sububigeo": "12070700", "long_km": 1.34500774662, "dist_min_m": 1763.1, "peligro": "Inundación", "nivel": "Medio", "pc_lng": -75.73761, "pc_lat": -11.307, "pc_rio": "Rio Palcamayo"}}, {"type": "Feature", "geometry": {"type": "LineString", "coordinates": [[-75.7715030002065, -11.296681000204146, 0.0], [-75.7684159996571, -11.29888899966095, 0.0], [-75.76437000032115, -11.3009920004235, 0.0], [-75.75793399977924, -11.303216000196711, 0.0]]}, "properties": {"cod": "JU-105", "nombre": "Emp. PE-3N (Condorín) - San Pedro de Cajas - Palcamayo - Moyo - Picoy - Emp. PE-22 B (Acobamba).", "tipo_influencia": "Indirecta", "DISTRITO": "PALCAMAYO", "PROVINCIA": "TARMA", "DEPARTAMEN": "JUNIN", "Zonas": "Todas Zonas", "sububigeo": "12070700", "long_km": 1.66924911003, "dist_min_m": 57.4, "peligro": "Inundación", "nivel": "Medio", "pc_lng": -75.76163, "pc_lat": -11.30256, "pc_rio": ""}}, {"type": "Feature", "geometry": {"type": "LineString", "coordinates": [[-75.77227873668572, -11.295242521278421, 0.0], [-75.7725790000375, -11.295788999623296, 0.0], [-75.77214800043333, -11.296204999734483, 0.0]]}, "properties": {"cod": "JU-105", "nombre": "Emp. PE-3N (Condorín) - San Pedro de Cajas - Palcamayo - Moyo - Picoy - Emp. PE-22 B (Acobamba).", "tipo_influencia": "Indirecta", "DISTRITO": "PALCAMAYO", "PROVINCIA": "TARMA", "DEPARTAMEN": "JUNIN", "Zonas": "Todas Zonas", "sububigeo": "12070700", "long_km": 0.136931885544, "dist_min_m": 107.7, "peligro": "Erosión | Flujo de detritos | Inundación", "nivel": "Medio", "pc_lng": -75.77117, "pc_lat": -11.29606, "pc_rio": "Río Shaca"}}, {"type": "Feature", "geometry": {"type": "LineString", "coordinates": [[-75.65569729127228, -10.989174393710075, 0.0], [-75.70159180643965, -10.97399616840834, 0.0]]}, "properties": {"cod": "JU-106", "nombre": "Emp. PE-22 B (San Ramón) - Lourdes - La Promisora – Santa Cruz de Tingo - Cuchus - Ucuran - Ulcumayo - Antaquichca - Emp. JU-107 (Mancan).", "tipo_influencia": "Indirecta", "DISTRITO": "SAN PEDRO DE CAJAS", "PROVINCIA": "TARMA", "DEPARTAMEN": "JUNIN", "Zonas": "Todas Zonas", "sububigeo": "12070800", "long_km": 5.29098203213, "dist_min_m": 1472.9, "peligro": "Erosión", "nivel": "Muy Alto", "pc_lng": -75.71263, "pc_lat": -10.98164, "pc_rio": "Río Ulcumayo"}}, {"type": "Feature", "geometry": {"type": "MultiLineString", "coordinates": [[[-75.71510326413522, -10.982115904163775, 2783.593817404605], [-75.71596699970905, -10.984206000099535, 2772.924700000003], [-75.71872676896938, -10.985463073936096, 2775.244531737756]], [[-75.71935798870786, -10.987795890690027, 2781.428641168765], [-75.7201549995645, -10.989382999769692, 2793.1812999999966], [-75.7217410001145, -10.991018000236982, 2798.706099999996], [-75.72440600045343, -10.990705999670595, 2803.3334999999934], [-75.7255757285555, -10.991383468979436, 2803.7874664795268]], [[-75.72530216082521, -10.994501136356648, 2821.145155924974], [-75.72576973453585, -10.995126314669983, 2824.744143384215]], [[-75.72730289359647, -10.998953724988477, 2838.1345813554976], [-75.72730289359647, -10.998953724988477, 2838.1345813554994]], [[-75.72730289359647, -10.998953724988477, 2838.1345813554994], [-75.72759399992357, -10.999915999563905, 2840.0717000000004], [-75.72820300023832, -11.000508000055436, 2841.560200000007], [-75.73048499973785, -11.0010789996424, 2846.2014000000054], [-75.73341500034061, -11.00273900017623, 2857.0089000000007], [-75.73414099969342, -11.002312999776297, 2861.5408000000025], [-75.73483200001394, -11.002884999964932, 2866.2072999999946], [-75.7351400001576, -11.002378999749158, 2868.547200000001], [-75.7358069997768, -11.002254000145301, 2868.9891999999963], [-75.73797799989852, -11.002949999897682, 2882.544399999999], [-75.74027099989014, -11.001552000371483, 2885.487200000003], [-75.74015815323584, -11.000864425795282, 2886.5697491486626]]]}, "properties": {"cod": "JU-106", "nombre": "Emp. PE-22 B (San Ramón) - Lourdes - La Promisora – Santa Cruz de Tingo - Cuchus - Ucuran - Ulcumayo - Antaquichca - Emp. JU-107 (Mancan).", "tipo_influencia": "Indirecta", "DISTRITO": "SAN PEDRO DE CAJAS", "PROVINCIA": "TARMA", "DEPARTAMEN": "JUNIN", "Zonas": "Todas Zonas", "sububigeo": "12070800", "long_km": 3.98918410212, "dist_min_m": 11.9, "peligro": "Erosión | Flujo de detritos | Inundación", "nivel": "Medio", "pc_lng": -75.71523, "pc_lat": -10.98223, "pc_rio": "Río Ulcumayo"}}, {"type": "Feature", "geometry": {"type": "LineString", "coordinates": [[-75.88925793567476, -11.468290558690315, 0.0], [-75.8869922200398, -11.46844262092052, 0.0], [-75.88637634512112, -11.46731036911405, 0.0], [-75.88343103597425, -11.465908685266164, 0.0], [-75.88481909605926, -11.461685563187261, 0.0], [-75.88471050805876, -11.460802923767387, 0.0], [-75.88275601330653, -11.46173387296428, 0.0], [-75.88275844097424, -11.459948284064465, 0.0], [-75.88202466896158, -11.458965492518619, 0.0], [-75.8794029702598, -11.45984099030186, 0.0], [-75.87787321415402, -11.459544415677103, 0.0], [-75.87777940822788, -11.458006451497194, 0.0], [-75.87503137525688, -11.457673355209613, 0.0], [-75.87612967991276, -11.457413691840896, 0.0], [-75.87672622981627, -11.45689428241594, 0.0], [-75.87596283877288, -11.457209451869979, 0.0], [-75.87490263824677, -11.456985504388552, 0.0], [-75.87398082765822, -11.457323487626468, 0.0], [-75.8731212484438, -11.456995269807107, 0.0], [-75.87254755128363, -11.45729799253668, 0.0], [-75.87060040221151, -11.457317543078537, 0.0], [-75.8697424929972, -11.45683645881103, 0.0], [-75.87101898004398, -11.45658651320996, 0.0], [-75.8719147349906, -11.455426545654745, 0.0], [-75.87064239861674, -11.456090285939881, 0.0], [-75.86814452349795, -11.45583303508943, 0.0], [-75.86706234774559, -11.455262508154265, 0.0], [-75.86452251080244, -11.455400243683911, 0.0], [-75.86282171254021, -11.454590466383097, 0.0], [-75.86454104120934, -11.45489997219232, 0.0], [-75.86608731019543, -11.454511455102372, 0.0], [-75.86614067387521, -11.454253865397806, 0.0], [-75.86431217268232, -11.454354025620706, 0.0], [-75.86271427467545, -11.453761267910103, 0.0], [-75.85892173113047, -11.454401637137554, 0.0], [-75.85794131026367, -11.455210990774823, 0.0], [-75.85813852240973, -11.455832869653618, 0.0], [-75.85732697581572, -11.456711834522684, 0.0], [-75.85656771640606, -11.456863060216298, 0.0], [-75.85755028977945, -11.455936466729515, 0.0], [-75.85706655515132, -11.455065491444396, 0.0], [-75.85855594061542, -11.45378580723215, 0.0], [-75.85966845240166, -11.453393701853681, 0.0], [-75.85951428395539, -11.453143700737288, 0.0], [-75.85616709570165, -11.454781121113058, 0.0], [-75.85577596737724, -11.455372851872148, 0.0], [-75.85291601293672, -11.456163106149695, 0.0], [-75.85275220891695, -11.455881324445002, 0.0], [-75.85356956483318, -11.455585250344594, 0.0], [-75.85287272834516, -11.455615371538395, 0.0], [-75.85096688285067, -11.454864037112566, 0.0], [-75.84950774210904, -11.454919747460606, 0.0], [-75.8486844246555, -11.454571770893931, 0.0], [-75.84967760057289, -11.454661277445773, 0.0], [-75.84972839971917, -11.454370682212202, 0.0], [-75.8477049031764, -11.454033946486419, 0.0], [-75.84410262446045, -11.454229250192345, 0.0], [-75.84273235468537, -11.455136053056732, 0.0], [-75.84321440024355, -11.454500839673624, 0.0], [-75.84308285861785, -11.45429400612977, 0.0], [-75.84101049162038, -11.455280801505113, 0.0], [-75.83713498053098, -11.45591165699594, 0.0], [-75.83491319393762, -11.455716882657752, 0.0], [-75.83372088288478, -11.45527463512916, 0.0], [-75.83325948679405, -11.454732979275953, 0.0], [-75.83198502714065, -11.45481020388193, 0.0], [-75.83356217933668, -11.454471300237486, 0.0], [-75.83338920292866, -11.454291818931354, 0.0], [-75.83166692611194, -11.454443388289357, 0.0], [-75.829296563032, -11.45558468600308, 0.0], [-75.82598012615723, -11.455238328570946, 0.0], [-75.82235167645263, -11.45604343882113, 0.0], [-75.82011057232148, -11.456150374572266, 0.0], [-75.81854793267556, -11.45491603166404, 0.0], [-75.81423219699677, -11.450342607076754, 0.0], [-75.81224715049963, -11.449729440268252, 0.0], [-75.81138814074694, -11.448589813799986, 0.0], [-75.80997731549368, -11.447645833715603, 0.0], [-75.80909714419207, -11.447682655084364, 0.0], [-75.80808851205444, -11.447182742878017, 0.0], [-75.80660315877292, -11.447792613628136, 0.0], [-75.80431556839717, -11.447489986430218, 0.0], [-75.80289325543733, -11.447776058245447, 0.0], [-75.79889327730133, -11.446309781523597, 0.0], [-75.79387865414236, -11.445835986117784, 0.0], [-75.79061862665681, -11.443727171649394, 0.0], [-75.78900854787003, -11.441968494687153, 0.0], [-75.78698004720826, -11.442167817183988, 0.0], [-75.78477710911022, -11.441743213798116, 0.0], [-75.78350561408027, -11.440476047927723, 0.0], [-75.7808469348529, -11.439754667304728, 0.0], [-75.7787475134952, -11.437759149281998, 0.0], [-75.77769410672492, -11.4373798829936, 0.0], [-75.77778321695055, -11.437010168742912, 0.0], [-75.77568599197448, -11.43744027100784, 0.0], [-75.77038563700768, -11.434535429919276, 0.0], [-75.76866472478362, -11.434528502042937, 0.0], [-75.76852638081849, -11.433947283267031, 0.0], [-75.76743157669421, -11.433994237796318, 0.0], [-75.76732886021362, -11.434217868735946, 0.0], [-75.76772429423862, -11.43443526615564, 0.0], [-75.76713753020844, -11.434602235762942, 0.0], [-75.76492516384785, -11.43416679506803, 0.0], [-75.76373685944897, -11.433595466029152, 0.0], [-75.7623047137024, -11.433842850571285, 0.0], [-75.76009420803123, -11.433547624723547, 0.0], [-75.75811255831478, -11.432290214739059, 0.0]]}, "properties": {"cod": "JU-111", "nombre": "Emp. PE-3S (La Oroya) - Ayabamba - Emp. PE-22 B (Huasqui)", "tipo_influencia": "Indirecta", "DISTRITO": "TARMA", "PROVINCIA": "TARMA", "DEPARTAMEN": "JUNIN", "Zonas": "Todas Zonas", "sububigeo": "12070100", "long_km": 21.3977825875, "dist_min_m": 942.0, "peligro": "Inundación", "nivel": "Medio", "pc_lng": -75.79776, "pc_lat": -11.45489, "pc_rio": ""}}, {"type": "Feature", "geometry": {"type": "LineString", "coordinates": [[-75.64646476843427, -11.193186714595122, -7.5999996625e-05], [-75.64697171896961, -11.194283890189354, -7.5999996625e-05], [-75.6475416310414, -11.194517284045402, -7.5999996625e-05], [-75.64833596443316, -11.195646021346766, -7.5999996625e-05], [-75.6481834439108, -11.197261528396774, -7.5999996625e-05], [-75.64716061527014, -11.198433896307222, -7.5999996625e-05], [-75.64705454113414, -11.199201207769475, -7.5999996625e-05], [-75.646167358137, -11.200751124564697, -7.5999996625e-05], [-75.6450317086464, -11.200816870402202, -7.5999996625e-05], [-75.64350664101863, -11.202900159814474, -7.5999996625e-05], [-75.64329082980794, -11.20470024731849, -7.5999996625e-05], [-75.64368467171022, -11.204681315690088, -7.5999996625e-05], [-75.64395650618775, -11.203351355980255, -7.5999996625e-05], [-75.64535543310672, -11.202217965586616, -7.5999996625e-05], [-75.64438864032343, -11.204082967055232, -7.5999996625e-05], [-75.64440906032985, -11.20505054494663, -7.5999996625e-05], [-75.6450064376969, -11.205944545704192, -7.5999996625e-05], [-75.64526780406584, -11.20401777789806, -7.5999996625e-05], [-75.64762798934021, -11.202683296396966, -7.5999996625e-05], [-75.64597365316155, -11.204269413602505, -7.5999996625e-05], [-75.64629686320961, -11.20543534056844, -7.5999996625e-05], [-75.64601624595294, -11.206955193027675, -7.5999996625e-05], [-75.64706988087028, -11.207088623641031, -7.5999996625e-05], [-75.64644638179504, -11.206782472832804, -7.5999996625e-05], [-75.6470943172489, -11.205713901075619, -7.5999996625e-05], [-75.64702922881582, -11.205279959302635, -7.5999996625e-05], [-75.64801832568514, -11.205196441062858, -7.5999996625e-05], [-75.64808049671751, -11.20431909934688, -7.5999996625e-05], [-75.64854705780044, -11.204055883072508, -7.5999996625e-05], [-75.64831902210517, -11.204490459766875, -7.5999996625e-05], [-75.6485619874457, -11.206383404070777, -7.5999996625e-05], [-75.64906676791696, -11.207102373375788, -7.5999996625e-05], [-75.65009341238101, -11.207425633785933, -7.5999996625e-05], [-75.65046126117824, -11.208076001006582, -7.5999996625e-05], [-75.64962822006629, -11.208303852340856, -7.5999996625e-05], [-75.6489793664046, -11.208992599029152, -7.5999996625e-05], [-75.64855266957, -11.214808385198753, -7.5999996625e-05], [-75.64775755107007, -11.215624028925726, -7.5999996625e-05], [-75.6477956490499, -11.216247899420972, -7.5999996625e-05], [-75.64657308727811, -11.218457129892558, -7.5999996625e-05], [-75.64754669602314, -11.219639724893332, -7.5999996625e-05], [-75.64887552888251, -11.219935206144791, -7.5999996625e-05], [-75.6498393440105, -11.220819354829304, -7.5999996625e-05], [-75.65157857888829, -11.22028202069867, -7.5999996625e-05], [-75.65220202580281, -11.22051582824282, -7.5999996625e-05], [-75.65286111734667, -11.220342507300812, -7.5999996625e-05], [-75.65310000336245, -11.220667569053033, -7.5999996625e-05], [-75.652561108908, -11.221356081917572, -7.5999996625e-05], [-75.65177345478105, -11.2213939703554, -7.5999996625e-05], [-75.65112573426518, -11.222598084334091, -7.5999996625e-05], [-75.65058494763718, -11.222445559315084, -7.5999996625e-05], [-75.6483606283403, -11.223155821384008, -7.5999996625e-05], [-75.6476036123168, -11.224640541827513, -7.5999996625e-05], [-75.64633944880649, -11.224598079437781, -7.5999996625e-05], [-75.64563262574507, -11.22393035799956, -7.5999996625e-05], [-75.644606830241, -11.22401404171461, -7.5999996625e-05], [-75.64387552313684, -11.22470286574463, -7.5999996625e-05], [-75.64333463578475, -11.224505121014488, -7.5999996625e-05], [-75.64278329021664, -11.22371047735658, -7.5999996625e-05], [-75.64157279105144, -11.223134336580307, -7.5999996625e-05], [-75.64108064965222, -11.22424768198487, -7.5999996625e-05], [-75.63913193838823, -11.225346159797375, -7.5999996625e-05], [-75.6385745853488, -11.22600747356603, -7.5999996625e-05], [-75.63833934608391, -11.22733735143759, -7.5999996625e-05], [-75.63724441160025, -11.22931119515551, -7.5999996625e-05], [-75.63831751504125, -11.229914769750787, -7.5999996625e-05], [-75.63840270781867, -11.231180668952677, -7.5999996625e-05], [-75.63975101369829, -11.23192831314111, -7.5999996625e-05], [-75.6403734245938, -11.231719021115913, -7.5999996625e-05], [-75.64112742608978, -11.232983481402465, -7.5999996625e-05], [-75.64100034289146, -11.233517292888733, -7.5999996625e-05], [-75.64022108033858, -11.233265717438886, -7.5999996625e-05], [-75.63769395391279, -11.233795724792802, -7.5999996625e-05], [-75.63752241902438, -11.234935502171655, -7.5999996625e-05], [-75.638056966156, -11.236399352048414, -7.5999996625e-05], [-75.6371325053608, -11.236763081950638, -7.5999996625e-05], [-75.6365755039563, -11.237596272350068, -7.5999996625e-05], [-75.6367905804209, -11.239567311981832, -7.5999996625e-05], [-75.63511543123212, -11.240149637395806, -7.5999996625e-05], [-75.63409301178302, -11.241806773164003, -7.5999996625e-05], [-75.63252647101979, -11.24180106426764, -7.5999996625e-05], [-75.63123810135727, -11.243304960055811, -7.5999996625e-05], [-75.62820524117888, -11.243049082249287, -7.5999996625e-05], [-75.6259128998604, -11.242059163399624, -7.5999996625e-05], [-75.62614972283144, -11.245666952967449, -7.5999996625e-05], [-75.62541845439813, -11.246419118047818, -7.5999996625e-05], [-75.62488137567493, -11.248002872734322, -7.5999996625e-05], [-75.62588857679634, -11.247765586612507, -7.5999996625e-05], [-75.6271818630525, -11.2484773235696, -7.5999996625e-05], [-75.62874752337945, -11.248094186297637, -7.5999996625e-05], [-75.62921678062986, -11.249033691851363, -7.5999996625e-05], [-75.62880622212941, -11.249803268705817, -7.5999996625e-05], [-75.62906625210582, -11.251412378878111, -7.5999996625e-05], [-75.62943378344232, -11.251908974619422, -7.5999996625e-05], [-75.63488665989138, -11.252828840778308, -7.5999996625e-05], [-75.63518177781674, -11.253714458055763, -7.5999996625e-05], [-75.63572331088204, -11.254183639763138, -7.5999996625e-05], [-75.63778323320963, -11.253582309875638, -7.5999996625e-05], [-75.63718014784553, -11.25428901962249, -7.5999996625e-05], [-75.63458029144726, -11.255153701582003, -7.5999996625e-05], [-75.63587160908747, -11.254979064032515, -7.5999996625e-05], [-75.6364681401925, -11.255448037097214, -7.5999996625e-05], [-75.63771435593276, -11.255581080102736, -7.5999996625e-05], [-75.63814301508802, -11.254702955077281, -7.5999996625e-05], [-75.63895748160246, -11.254312330949288, -7.5999996625e-05], [-75.63980061670503, -11.254419016624302, -7.5999996625e-05], [-75.64119103963475, -11.25349360884292, -7.5999996625e-05], [-75.64144591739513, -11.252742434815444, -7.5999996625e-05], [-75.6432492118816, -11.2520784221814, -7.5999996625e-05], [-75.64065309756239, -11.254652351125056, -7.5999996625e-05], [-75.64027142528602, -11.256072957101255, -7.5999996625e-05], [-75.6393655022161, -11.256545154235434, -7.5999996625e-05], [-75.63842530868101, -11.258093540384554, -7.5999996625e-05], [-75.63730896493672, -11.258692854891303, -7.5999996625e-05], [-75.63647455685526, -11.258369057585863, -7.5999996625e-05], [-75.63567524211868, -11.257339857248548, -7.5999996625e-05], [-75.63580629132724, -11.258605566693507, -7.5999996625e-05], [-75.63651209006088, -11.25877593606054, -7.5999996625e-05], [-75.6372833576408, -11.259552031201231, -7.5999996625e-05], [-75.63795114742749, -11.259098433845628, -7.5999996625e-05], [-75.63874893601458, -11.259087046629876, -7.5999996625e-05], [-75.64167275609276, -11.258057796829805, -7.5999996625e-05], [-75.64257849839896, -11.256856940195576, -7.5999996625e-05], [-75.64246185183293, -11.258011427785107, -7.5999996625e-05], [-75.64125503179423, -11.259197744180488, -7.5999996625e-05], [-75.63837863026953, -11.260392891019086, -7.5999996625e-05], [-75.63510200974991, -11.261124675663215, -7.5999996625e-05], [-75.63485206926754, -11.262140027340363, -7.5999996625e-05], [-75.63571383022907, -11.26222100499535, -7.5999996625e-05], [-75.63735085625694, -11.261285592256224, -7.5999996625e-05], [-75.64142377069044, -11.260482264744665, -7.5999996625e-05], [-75.64221448431095, -11.259594402759431, -7.5999996625e-05], [-75.64411992379542, -11.259699138704272, -7.5999996625e-05], [-75.644688048015, -11.258900991287641, -7.5999996625e-05], [-75.64430162102298, -11.259909592653512, -7.5999996625e-05], [-75.64317411129616, -11.260579837589376, -7.5999996625e-05], [-75.64231706278218, -11.262349572075037, -7.5999996625e-05], [-75.6412192954341, -11.263187104401307, -7.5999996625e-05], [-75.63491439768126, -11.264726212244852, -7.5999996625e-05], [-75.6335425808254, -11.265729219827563, -7.5999996625e-05], [-75.63228269808803, -11.264581282899824, -7.5999996625e-05], [-75.63190714569816, -11.265334426442566, -7.5999996625e-05], [-75.63224089759933, -11.265988681432477, -7.5999996625e-05], [-75.63329219607795, -11.266234178364591, -7.5999996625e-05], [-75.63466581787316, -11.26601886268031, -7.5999996625e-05], [-75.63797282018947, -11.264821287672257, -7.5999996625e-05], [-75.64058723301434, -11.264595593811574, -7.5999996625e-05], [-75.64118603580687, -11.264030836653719, -7.5999996625e-05], [-75.642464664013, -11.263706016819185, -7.5999996625e-05], [-75.64372971605354, -11.264071900597681, -7.5999996625e-05], [-75.64797462313032, -11.26379088763929, -7.5999996625e-05], [-75.64916191079351, -11.264747504593632, -7.5999996625e-05]]}, "properties": {"cod": "JU-578", "nombre": "Emp. JU-548 (Huasahuasi) - San Isidro de Huacas - Cotosh - Pta. Carretera.", "tipo_influencia": "Indirecta", "DISTRITO": "HUASAHUASI", "PROVINCIA": "TARMA", "DEPARTAMEN": "JUNIN", "Zonas": "Todas Zonas", "sububigeo": "12070400", "long_km": 26.1623404949, "dist_min_m": 167.6, "peligro": "Inundación", "nivel": "Medio", "pc_lng": -75.64616, "pc_lat": -11.26542, "pc_rio": "Río Huasahuasi"}}, {"type": "Feature", "geometry": {"type": "LineString", "coordinates": [[-75.64910614473274, -11.265684866163607, -7.5999996625e-05], [-75.64915044803473, -11.266238739726013, -7.5999996625e-05], [-75.64690107002832, -11.266973834774594, -7.5999996625e-05], [-75.64565178670058, -11.266978814320785, -7.5999996625e-05], [-75.6450717023971, -11.268280055979742, -7.5999996625e-05], [-75.64368076685389, -11.269033696847602, -7.5999996625e-05], [-75.64325210679925, -11.26991182996693, -7.5999996625e-05], [-75.64037613604978, -11.27025266942513, -7.5999996625e-05], [-75.64001162193875, -11.271139701336088, -7.5999996625e-05], [-75.64069719402028, -11.270450889896606, -7.5999996625e-05], [-75.642090772671, -11.270881961033641, -7.5999996625e-05], [-75.64078049192614, -11.270812458727953, -7.5999996625e-05], [-75.64073743778249, -11.272078630424394, -7.5999996625e-05], [-75.64003388555534, -11.272939269032001, -7.5999996625e-05], [-75.63912667195831, -11.272850808118276, -7.5999996625e-05], [-75.63865841835127, -11.27239965062335, -7.5999996625e-05], [-75.63728584336695, -11.273171215878849, -7.5999996625e-05], [-75.63616667665076, -11.272513497599787, -7.5999996625e-05], [-75.6342354760863, -11.273412916772658, -7.5999996625e-05], [-75.63331195867988, -11.274228803316591, -7.5999996625e-05], [-75.63226759937015, -11.2742671953747, -7.5999996625e-05], [-75.63102408789132, -11.275445415173744, -7.5999996625e-05], [-75.62992550935473, -11.275809497610162, -7.5999996625e-05], [-75.62999297829327, -11.27733772905292, -7.5999996625e-05], [-75.62928081235958, -11.278496731239102, -7.5999996625e-05], [-75.62966813687495, -11.279635408747085, -7.5999996625e-05], [-75.62951440406647, -11.280576230008988, -7.5999996625e-05], [-75.62986133193488, -11.280023872703504, -7.5999996625e-05], [-75.62998577022705, -11.278260157380315, -7.5999996625e-05], [-75.63082580176928, -11.276947085139797, -7.5999996625e-05], [-75.63181402359828, -11.276348064711385, -7.5999996625e-05], [-75.63339968844485, -11.276652185749755, -7.5999996625e-05], [-75.63545933108321, -11.275815786569247, -7.5999996625e-05], [-75.63688057377942, -11.276346278657794, -7.5999996625e-05], [-75.63795475280955, -11.27735688910911, -7.5999996625e-05], [-75.63912682304442, -11.27705590940263, -7.5999996625e-05], [-75.64052181542941, -11.27811093467187, -7.5999996625e-05], [-75.6418320691946, -11.278153311625994, -7.5999996625e-05], [-75.64055024030131, -11.278563037354221, -7.5999996625e-05], [-75.63949610626025, -11.278321190770273, -7.5999996625e-05], [-75.63913058131124, -11.278756058844975, -7.5999996625e-05], [-75.63783978257987, -11.279247166023826, -7.5999996625e-05], [-75.63567560004884, -11.278347480651682, -7.5999996625e-05], [-75.63293574528836, -11.28079300079627, -7.5999996625e-05], [-75.63100043931877, -11.28105272500324, -7.5999996625e-05], [-75.6313452178075, -11.281420523438388, -7.5999996625e-05], [-75.6351974691878, -11.28210279860525, -7.5999996625e-05], [-75.63526519083587, -11.28252841715266, -7.5999996625e-05], [-75.63109772438042, -11.282391924347783, -7.5999996625e-05], [-75.62926032580333, -11.282586511558238, -7.5999996625e-05], [-75.6282214721432, -11.283017731982682, -7.5999996625e-05], [-75.62727792233818, -11.282805263552007, -7.5999996625e-05], [-75.62645625765015, -11.283021465068494, -7.5999996625e-05], [-75.62636074335359, -11.283569942698653, -7.5999996625e-05], [-75.62682088417642, -11.283902601923506, -7.5999996625e-05], [-75.62839352594045, -11.28428064543539, -7.5999996625e-05], [-75.6360405314453, -11.284199067932603, -7.5999996625e-05], [-75.63594477073457, -11.284628290962816, -7.5999996625e-05], [-75.63536513069619, -11.28496325425072, -7.5999996625e-05], [-75.63037883331646, -11.286670255627769, -7.5999996625e-05], [-75.62776736037534, -11.286747313137933, -7.5999996625e-05], [-75.62558981391874, -11.286179859812643, -7.5999996625e-05], [-75.62496144411534, -11.286348089692522, -7.5999996625e-05], [-75.62508366557864, -11.286967537321969, -7.5999996625e-05], [-75.6257136361753, -11.287538263280167, -7.5999996625e-05], [-75.6279647300882, -11.288534579007548, -7.5999996625e-05], [-75.63327004038001, -11.288717507406993, -7.5999996625e-05], [-75.63805658124619, -11.288063765030696, -7.5999996625e-05], [-75.638058002175, -11.288707244343817, -7.5999996625e-05], [-75.63426311674942, -11.289454345341705, -7.5999996625e-05], [-75.62820246856904, -11.292033219657297, -7.5999996625e-05], [-75.62647136356253, -11.292009216751923, -7.5999996625e-05], [-75.625383248638, -11.291201487958242, -7.5999996625e-05], [-75.6244484276528, -11.291333744956312, -7.5999996625e-05], [-75.62411863906391, -11.29171617086457, -7.5999996625e-05], [-75.62430983583022, -11.292473718387335, -7.5999996625e-05], [-75.6251228571341, -11.292788545854645, -7.5999996625e-05], [-75.62947178609403, -11.29302210788393, -7.5999996625e-05], [-75.63331156117954, -11.292837439296369, -7.5999996625e-05], [-75.63366126795313, -11.292929818556217, -7.5999996625e-05], [-75.63364338223624, -11.29338608959632, -7.5999996625e-05], [-75.62874361492584, -11.293856462905405, -7.5999996625e-05], [-75.62210978473871, -11.296101268758482, -7.5999996625e-05], [-75.61932200330779, -11.295567059771948, -7.5999996625e-05], [-75.61906839359148, -11.296247238619111, -7.5999996625e-05], [-75.6193720811566, -11.296898405337117, -7.5999996625e-05], [-75.62133767988996, -11.297248084231686, -7.5999996625e-05], [-75.62545163398568, -11.296856432178574, -7.5999996625e-05], [-75.62634689919003, -11.295895601900451, -7.5999996625e-05], [-75.6267152336211, -11.295866884748872, -7.5999996625e-05], [-75.62643367297557, -11.296714756580675, -7.5999996625e-05], [-75.62523478585666, -11.297689339291532, -7.5999996625e-05], [-75.62206616132426, -11.298436506839264, -7.5999996625e-05], [-75.61852385139457, -11.298490485947122, -7.5999996625e-05], [-75.61799579736811, -11.298910481033824, -7.5999996625e-05], [-75.61803518857306, -11.299664639911153, -7.5999996625e-05], [-75.61866846417826, -11.299830857108295, -7.5999996625e-05], [-75.6207453117467, -11.299202740913705, -7.5999996625e-05], [-75.62486203665361, -11.299100326119106, -7.5999996625e-05], [-75.625814716376, -11.298446606225866, -7.5999996625e-05], [-75.62743094198436, -11.298852856074395, -7.5999996625e-05], [-75.62834560106859, -11.298124707389254, -7.5999996625e-05], [-75.62835575441449, -11.298450540759807, -7.5999996625e-05], [-75.62784704930186, -11.299075389717412, -7.5999996625e-05], [-75.62631862810218, -11.299754566719855, -7.5999996625e-05], [-75.62557612533789, -11.300890028252184, -7.5999996625e-05], [-75.62416280656822, -11.301696255177998, -7.5999996625e-05], [-75.61757897419028, -11.302092239265395, -7.5999996625e-05], [-75.61614707093054, -11.302736535162927, -7.5999996625e-05], [-75.61564682034447, -11.302523833807813, -7.5999996625e-05], [-75.61521058260229, -11.301362997004668, -7.5999996625e-05], [-75.6146081429514, -11.301875364156672, -7.5999996625e-05], [-75.61456265883959, -11.302656192429314, -7.5999996625e-05], [-75.61585580210357, -11.303229720674999, -7.5999996625e-05], [-75.62054683676706, -11.302754021580768, -7.5999996625e-05], [-75.62306855736801, -11.303065631273798, -7.5999996625e-05], [-75.62400466438373, -11.302496668886127, -7.5999996625e-05], [-75.62496652978149, -11.302485419266649, -7.5999996625e-05], [-75.62647884772059, -11.303115941147723, -7.5999996625e-05], [-75.63012278643743, -11.30352655990276, -7.5999996625e-05], [-75.63122205115667, -11.303946456064063, -7.5999996625e-05], [-75.62882552337913, -11.30402072207863, -7.5999996625e-05], [-75.62719828467306, -11.304819279586015, -7.5999996625e-05], [-75.6267655875618, -11.305832299321086, -7.5999996625e-05], [-75.6286100611054, -11.304862939872754, -7.5999996625e-05], [-75.63105032201469, -11.305953304901031, -7.5999996625e-05], [-75.6287316683318, -11.30564332298093, -7.5999996625e-05], [-75.62802483357916, -11.306575553019277, -7.5999996625e-05], [-75.62579471635303, -11.307756570609167, -7.5999996625e-05], [-75.62604689524795, -11.308091658003544, -7.5999996625e-05], [-75.62751256625188, -11.307479250267129, -7.5999996625e-05], [-75.62906031388235, -11.307884731195315, -7.5999996625e-05], [-75.62700613732335, -11.308220368075467, -7.5999996625e-05], [-75.62619963430564, -11.30891004016615, -7.5999996625e-05], [-75.62578222566913, -11.309904673261986, -7.5999996625e-05], [-75.62751013718304, -11.308897680783282, -7.5999996625e-05], [-75.63010898184399, -11.309969000868644, -7.5999996625e-05], [-75.62780543767076, -11.309638186153327, -7.5999996625e-05], [-75.62731688571786, -11.310223560413935, -7.5999996625e-05]]}, "properties": {"cod": "JU-577", "nombre": "Emp. PE-22 B (Santa Fe) - Huandunga - Emp. JU-548.", "tipo_influencia": "Indirecta", "DISTRITO": "HUASAHUASI", "PROVINCIA": "TARMA", "DEPARTAMEN": "JUNIN", "Zonas": "Todas Zonas", "sububigeo": "12070400", "long_km": 43.7687742378, "dist_min_m": 145.2, "peligro": "Inundación", "nivel": "Medio", "pc_lng": -75.64627, "pc_lat": -11.2656, "pc_rio": ""}}, {"type": "Feature", "geometry": {"type": "LineString", "coordinates": [[-75.6688712143911, -11.30399329826235, -7.5999996625e-05], [-75.67041274325345, -11.299848206829209, -7.5999996625e-05], [-75.67181034007507, -11.298000232224862, -7.5999996625e-05], [-75.67266685798904, -11.295945527763879, -7.5999996625e-05], [-75.67489777471252, -11.293941852634363, -7.5999996625e-05], [-75.67543823308796, -11.29385924990441, -7.5999996625e-05], [-75.67537313835959, -11.293452444274859, -7.5999996625e-05], [-75.67608551383535, -11.292483208932884, -7.5999996625e-05], [-75.67428205926956, -11.293147430209668, -7.5999996625e-05], [-75.67387112575182, -11.293727195253839, -7.5999996625e-05], [-75.67050220870993, -11.29497368978388, -7.5999996625e-05], [-75.66975410766588, -11.296350038323572, -7.5999996625e-05], [-75.66730556220188, -11.299375936849977, -7.5999996625e-05], [-75.66773299378258, -11.297982324924305, -7.5999996625e-05], [-75.66824467115464, -11.297375305925588, -7.5999996625e-05], [-75.66880506300322, -11.294055118648778, -7.5999996625e-05], [-75.67090864561749, -11.292422638693777, -7.5999996625e-05], [-75.67194374910468, -11.292311798150932, -7.5999996625e-05], [-75.67271127100832, -11.291432860138334, -7.5999996625e-05], [-75.67198643902293, -11.29098234296072, -7.5999996625e-05], [-75.67211264178496, -11.29008677468488, -7.5999996625e-05], [-75.67174534607085, -11.289743944127679, -7.5999996625e-05], [-75.6722576098008, -11.289399118874204, -7.5999996625e-05], [-75.67155264114143, -11.28826023182422, -7.5999996625e-05], [-75.67187532778411, -11.286542354945654, -7.5999996625e-05], [-75.66946977980643, -11.284377402595002, -7.5999996625e-05], [-75.66885240511436, -11.282850432901117, -7.5999996625e-05], [-75.66814509012374, -11.282056201132724, -7.5999996625e-05], [-75.66822552818553, -11.281196903414298, -7.5999996625e-05], [-75.66858854222738, -11.279694937571264, -7.5999996625e-05], [-75.66901788936406, -11.27914235273732, -7.5999996625e-05], [-75.67003430673782, -11.278877767694784, -7.5999996625e-05], [-75.67046372222296, -11.278388470851219, -7.5999996625e-05], [-75.67097719823909, -11.2785411046882, -7.5999996625e-05], [-75.67144341038505, -11.278087798712866, -7.5999996625e-05], [-75.67219600084474, -11.27866492694477, -7.5999996625e-05], [-75.67245102609394, -11.278004144675494, -7.5999996625e-05], [-75.67290911196591, -11.278021190425529, -7.5999996625e-05], [-75.67296494277787, -11.27721004690607, -7.5999996625e-05], [-75.67338592621945, -11.276704219623987, -7.5999996625e-05], [-75.67434388855958, -11.27645349673144, -7.5999996625e-05], [-75.67528410098043, -11.276787066969526, -7.5999996625e-05], [-75.67403304958556, -11.275886402235642, -7.5999996625e-05], [-75.67273105429467, -11.27630336121109, -7.5999996625e-05], [-75.67202515393768, -11.276115090838745, -7.5999996625e-05], [-75.67165936818527, -11.276414376222425, -7.5999996625e-05], [-75.67114412410201, -11.275466011447236, -7.5999996625e-05], [-75.67052144520846, -11.275621122017121, -7.5999996625e-05], [-75.67022767266894, -11.27534141127705, -7.5999996625e-05], [-75.6716198303908, -11.27516647785063, -7.5999996625e-05], [-75.67107784496653, -11.274543754890317, -7.5999996625e-05], [-75.66990444193641, -11.27424794808427, -7.5999996625e-05], [-75.66941073481753, -11.274701222583314, -7.5999996625e-05], [-75.66857401188112, -11.27340991303703, -7.5999996625e-05], [-75.66627374573676, -11.273107584347487, -7.5999996625e-05], [-75.6682517641076, -11.272705225865419, -7.5999996625e-05], [-75.66705016373402, -11.272102061361005, -7.5999996625e-05], [-75.66663859619422, -11.272401442972182, -7.5999996625e-05], [-75.66577726600798, -11.27235816939395, -7.5999996625e-05], [-75.66531105296269, -11.27281137464518, -7.5999996625e-05], [-75.66363453680441, -11.272851292852865, -7.5999996625e-05], [-75.66262763875449, -11.273242415205239, -7.5999996625e-05], [-75.662931986422, -11.27411893494088, -7.5999996625e-05], [-75.66361122817563, -11.27467807673179, -7.5999996625e-05], [-75.66378744583392, -11.275618173140115, -7.5999996625e-05], [-75.6633369691258, -11.27493185012474, -7.5999996625e-05], [-75.66263126392164, -11.274824928827343, -7.5999996625e-05], [-75.66239227808114, -11.274481797896614, -7.5999996625e-05], [-75.6627801880552, -11.27585550063082, -7.5999996625e-05], [-75.66221809199129, -11.27845219141545, -7.5999996625e-05], [-75.66224343758456, -11.277511644446804, -7.5999996625e-05], [-75.66161747166893, -11.276201760302971, -7.5999996625e-05], [-75.66092915755456, -11.275705923589449, -7.5999996625e-05], [-75.66103711487092, -11.27484656561649, -7.5999996625e-05], [-75.65988119106407, -11.274161897353626, -7.5999996625e-05], [-75.65977610078636, -11.272272017039873, -7.5999996625e-05], [-75.66089091478386, -11.271003463938657, -7.5999996625e-05], [-75.66226347358042, -11.270258917914708, -7.5999996625e-05], [-75.66307576283617, -11.268882536100133, -7.5999996625e-05], [-75.66382640536426, -11.268627607977697, -7.5999996625e-05], [-75.66288291491458, -11.268693004878228, -7.5999996625e-05], [-75.6620884232421, -11.269825228851174, -7.5999996625e-05], [-75.65876347585368, -11.270149163752876, -7.5999996625e-05], [-75.65881209770009, -11.271396956004656, -7.5999996625e-05], [-75.65803515899535, -11.272185466286198, -7.5999996625e-05], [-75.65771698784869, -11.27326237385943, -7.5999996625e-05], [-75.65713145815022, -11.273643411214442, -7.5999996625e-05], [-75.65723809436253, -11.276220530053358, -7.5999996625e-05], [-75.65651346832186, -11.275833261295935, -7.5999996625e-05], [-75.65542025963725, -11.274551519636882, -7.5999996625e-05], [-75.6542806684181, -11.27299863238096, -7.5999996625e-05], [-75.65313902494603, -11.270532284837035, -7.5999996625e-05], [-75.65178864433045, -11.26892560103561, -7.5999996625e-05], [-75.6507807651202, -11.268882604448597, -7.5999996625e-05], [-75.64841877940313, -11.269638302065916, -7.5999996625e-05], [-75.64732753213985, -11.269206601403477, -7.5999996625e-05], [-75.6469159061441, -11.269487873366636, -7.5999996625e-05], [-75.64681650317902, -11.270102999753579, -7.5999996625e-05], [-75.64514033685704, -11.270296606702969, -7.5999996625e-05], [-75.64408832791395, -11.271031340224107, -7.5999996625e-05], [-75.642090772671, -11.270881961033641, -7.5999996625e-05]]}, "properties": {"cod": "JU-567", "nombre": "Emp. PE-22 B (Acobamba) - Muruhuay - Chiria - Emp. JU-577.", "tipo_influencia": "Indirecta", "DISTRITO": "HUASAHUASI", "PROVINCIA": "TARMA", "DEPARTAMEN": "JUNIN", "Zonas": "Todas Zonas", "sububigeo": "12070400", "long_km": 29.6708851136, "dist_min_m": 414.8, "peligro": "Inundación", "nivel": "Medio", "pc_lng": -75.64627, "pc_lat": -11.2656, "pc_rio": ""}}, {"type": "Feature", "geometry": {"type": "LineString", "coordinates": [[-75.56390878076559, -11.343425449225046, -7.5999996625e-05], [-75.56418501562592, -11.342407946369574, -7.5999996625e-05], [-75.56333590093107, -11.34175002394442, -7.5999996625e-05], [-75.56198658331414, -11.341488454328669, -7.5999996625e-05], [-75.55907434380589, -11.338908814690003, -7.5999996625e-05], [-75.55899286702714, -11.338292881611158, -7.5999996625e-05], [-75.5594792060005, -11.337400644424182, -7.5999996625e-05], [-75.55937667968999, -11.336514583780975, -7.5999996625e-05], [-75.55790327721445, -11.335441242918987, -7.5999996625e-05], [-75.55788672609151, -11.33193332756099, -7.5999996625e-05], [-75.55719190808003, -11.329937356923448, -7.5999996625e-05], [-75.55863856471797, -11.327991954265261, -7.5999996625e-05], [-75.55779231706174, -11.327667874572692, -7.5999996625e-05], [-75.55763120891311, -11.324698475054554, -7.5999996625e-05], [-75.55823222583649, -11.323295083001645, -7.5999996625e-05], [-75.55673932785766, -11.321440758284323, -7.5999996625e-05], [-75.55673629624306, -11.320028197643175, -7.5999996625e-05], [-75.55635498999078, -11.318879370386583, -7.5999996625e-05], [-75.55696621691732, -11.318303446346931, -7.5999996625e-05], [-75.55898739285385, -11.317964282325708, -7.5999996625e-05], [-75.55884790530655, -11.315819250857714, -7.5999996625e-05], [-75.55941030084466, -11.314655440895821, -7.5999996625e-05], [-75.55955326607034, -11.312869187662846, -7.5999996625e-05], [-75.56067045607665, -11.311849535427655, -7.5999996625e-05], [-75.56174903189225, -11.31168465102576, -7.5999996625e-05], [-75.56489732724981, -11.313156322306378, -7.5999996625e-05], [-75.56556931687044, -11.313835145875267, -7.5999996625e-05], [-75.566784220915, -11.313756239358888, -7.5999996625e-05], [-75.56736330607168, -11.314294820849286, -7.5999996625e-05], [-75.56734860215624, -11.312276137833472, -7.5999996625e-05], [-75.56903024265154, -11.310293260425567, -7.5999996625e-05], [-75.56888386989465, -11.308024559585698, -7.5999996625e-05], [-75.56944695791071, -11.30616769608224, -7.5999996625e-05], [-75.57003818931094, -11.306206250917684, -7.5999996625e-05], [-75.57052047414055, -11.304032452835367, -7.5999996625e-05], [-75.57190463778875, -11.302609896229685, -7.5999996625e-05], [-75.57088512674716, -11.301598302819404, -7.5999996625e-05], [-75.57086875368998, -11.301036221144674, -7.5999996625e-05], [-75.57009830089584, -11.299919532960022, -7.5999996625e-05], [-75.57019325131745, -11.299181739045983, -7.5999996625e-05], [-75.56964001357574, -11.297561016827439, -7.5999996625e-05], [-75.57018752623333, -11.296474704144256, -7.5999996625e-05], [-75.57119064443265, -11.296620329564512, -7.5999996625e-05], [-75.57017519293078, -11.296197964764191, -7.5999996625e-05], [-75.56901581212998, -11.296387807151513, -7.5999996625e-05], [-75.5690380883371, -11.297952588840875, -7.5999996625e-05], [-75.56863377293024, -11.29905336172323, -7.5999996625e-05], [-75.56904332598867, -11.300877526776391, -7.5999996625e-05], [-75.56872107371856, -11.301716750727394, -7.5999996625e-05], [-75.5686922801246, -11.300677567915384, -7.5999996625e-05], [-75.56804467921853, -11.298749881901472, -7.5999996625e-05], [-75.56729422285008, -11.297765154837965, -7.5999996625e-05], [-75.56774777074298, -11.296456422725667, -7.5999996625e-05], [-75.56757490755592, -11.295036683695967, -7.5999996625e-05], [-75.56917270425686, -11.294492662206542, -7.5999996625e-05], [-75.567850234101, -11.294311023434933, -7.5999996625e-05], [-75.56702002495416, -11.294759175395605, -7.5999996625e-05], [-75.56633821563611, -11.297525755309316, -7.5999996625e-05], [-75.56587618713627, -11.29813576905047, -7.5999996625e-05], [-75.5661893742402, -11.300415003649443, -7.5999996625e-05], [-75.56578998801751, -11.299912965211153, -7.5999996625e-05], [-75.56536438565786, -11.297984756691097, -7.5999996625e-05], [-75.56554237857785, -11.297013351285106, -7.5999996625e-05], [-75.56510724430382, -11.297853602261911, -7.5999996625e-05], [-75.56526652413072, -11.29905483301411, -7.5999996625e-05], [-75.56480090104071, -11.2999539113439, -7.5999996625e-05], [-75.56514955740613, -11.301018705948486, -7.5999996625e-05], [-75.56425161761803, -11.29941472371047, -7.5999996625e-05], [-75.56423318061678, -11.29690156105817, -7.5999996625e-05], [-75.56347254841933, -11.299015664841017, -7.5999996625e-05], [-75.56359802362982, -11.300397884154966, -7.5999996625e-05], [-75.56272796282519, -11.298205959337508, -7.5999996625e-05], [-75.56265406912996, -11.296965053194581, -7.5999996625e-05], [-75.56208726961177, -11.298250304008258, -7.5999996625e-05], [-75.56181100597308, -11.297999199803195, -7.5999996625e-05], [-75.56190770557612, -11.298808961963964, -7.5999996625e-05], [-75.56132056429254, -11.29767960592903, -7.5999996625e-05], [-75.56084571505767, -11.297529781574104, -7.5999996625e-05], [-75.56116689803389, -11.29811307915526, -7.5999996625e-05], [-75.56071287080232, -11.297519907018057, -7.5999996625e-05], [-75.56042561834755, -11.29779486214313, -7.5999996625e-05]]}, "properties": {"cod": "JU-604", "nombre": "Emp. PE-22 B - Patay - Emp. PE-22 B (Huayaunioc).", "tipo_influencia": "Directa", "DISTRITO": "PALCA", "PROVINCIA": "TARMA", "DEPARTAMEN": "JUNIN", "Zonas": "Todas Zonas", "sububigeo": "12070600", "long_km": 13.7555251997, "dist_min_m": 121.7, "peligro": "Inundación", "nivel": "Medio", "pc_lng": -75.56336, "pc_lat": -11.34438, "pc_rio": ""}}, {"type": "Feature", "geometry": {"type": "MultiLineString", "coordinates": [[[-75.55867904680053, -11.338683256626943, -7.5999996625e-05], [-75.55714810929777, -11.340017248896853, -7.5999996625e-05], [-75.55482566587176, -11.339661406049, -7.5999996625e-05], [-75.55567623836765, -11.339899227267498, -7.5999996625e-05], [-75.55640123223105, -11.340571457906432, -7.5999996625e-05], [-75.55796006580437, -11.342939213673727, -7.5999996625e-05], [-75.55969947065398, -11.343762682401797, -7.5999996625e-05], [-75.55774955699644, -11.343066194349316, -7.5999996625e-05], [-75.55492227644186, -11.340620806405074, -7.5999996625e-05], [-75.55357996004712, -11.340364826975128, -7.5999996625e-05], [-75.55264959879993, -11.340643151859926, -7.5999996625e-05], [-75.55455666695656, -11.341118868940612, -7.5999996625e-05], [-75.55553834262037, -11.341704815924464, -7.5999996625e-05], [-75.55665068168356, -11.343502353850505, -7.5999996625e-05], [-75.55600877978134, -11.343286565122806, -7.5999996625e-05], [-75.55515406320939, -11.342004000584094, -7.5999996625e-05], [-75.55395370300096, -11.342087630339845, -7.5999996625e-05], [-75.55327218056664, -11.342603554310529, -7.5999996625e-05], [-75.5541463440785, -11.342177683952908, -7.5999996625e-05], [-75.55489801722968, -11.342302854293226, -7.5999996625e-05], [-75.55694164024447, -11.344607858965439, -7.5999996625e-05], [-75.55840818628873, -11.345084653433954, -7.5999996625e-05], [-75.55677624862494, -11.34469885776605, -7.5999996625e-05], [-75.55422720841892, -11.343122828255899, -7.5999996625e-05], [-75.55353417286375, -11.343036605754712, -7.5999996625e-05], [-75.55596799192926, -11.346187176397041, -7.5999996625e-05], [-75.55438023885688, -11.34465517589558, -7.5999996625e-05], [-75.55183063387659, -11.343565924227955, -7.5999996625e-05], [-75.55081269934658, -11.342790069206282, -7.5999996625e-05], [-75.54863453505574, -11.338138165843642, -7.5999996625e-05], [-75.54824931315522, -11.337985085043606, -7.5999996625e-05], [-75.54756520067343, -11.3396413241877, -7.5999996625e-05], [-75.54666733373045, -11.344571642367331, -7.5999996625e-05], [-75.54404739637022, -11.349984432435582, -7.5999996625e-05], [-75.5431234949533, -11.350863347965115, -7.5999996625e-05], [-75.54339914435496, -11.351089422239, -7.5999996625e-05], [-75.54155518972021, -11.351690370813905, -7.5999996625e-05], [-75.54233666644969, -11.351996936409371, -7.5999996625e-05]], [[-75.54219735065715, -11.352102176880798, -7.5999996625e-05], [-75.54140728092125, -11.35236116613487, -7.5999996625e-05], [-75.53904010072006, -11.354749314928872, -7.5999996625e-05], [-75.53692213704693, -11.35605923504562, -7.5999996625e-05], [-75.53630474436841, -11.356108007978156, -7.5999996625e-05], [-75.53589957190769, -11.357219864105387, -7.5999996625e-05], [-75.53404222816624, -11.357234988004233, -7.5999996625e-05], [-75.53324644057074, -11.357544385365026, -7.5999996625e-05], [-75.53287290805821, -11.358283849320125, -7.5999996625e-05], [-75.53183579368687, -11.357886354371717, -7.5999996625e-05], [-75.53060369370547, -11.359483600687547, -7.5999996625e-05], [-75.53049927162402, -11.359288309308003, -7.5999996625e-05], [-75.5299570928455, -11.359679972152946, -7.5999996625e-05], [-75.5282363327405, -11.358528178032948, -7.5999996625e-05], [-75.52603183000492, -11.359093151028054, -7.5999996625e-05], [-75.52398394420362, -11.358604663574347, -7.5999996625e-05], [-75.52300356176494, -11.356986420786646, -7.5999996625e-05], [-75.52104694815809, -11.356311222384925, -7.5999996625e-05], [-75.5206790292138, -11.355579320828951, -7.5999996625e-05], [-75.51961171830612, -11.355561675231057, -7.5999996625e-05], [-75.51936759373945, -11.355084254834429, -7.5999996625e-05], [-75.5184056725837, -11.355257737654423, -7.5999996625e-05], [-75.51801995335813, -11.354833370063947, -7.5999996625e-05], [-75.51733545956375, -11.355222457250528, -7.5999996625e-05], [-75.51563419676074, -11.353439357040651, -7.5999996625e-05], [-75.5159175497551, -11.352748082358056, -7.5999996625e-05], [-75.514696495247, -11.351565491853936, -7.5999996625e-05], [-75.51426529820492, -11.351312989203056, -7.5999996625e-05], [-75.51388115369224, -11.351720621309598, -7.5999996625e-05], [-75.5132299222231, -11.351396166599791, -7.5999996625e-05], [-75.51220411412852, -11.351759704047074, -7.5999996625e-05], [-75.51188198596486, -11.351009718923361, -7.5999996625e-05], [-75.51093747568393, -11.35068576693454, -7.5999996625e-05], [-75.51013886511652, -11.349963639210557, -7.5999996625e-05], [-75.50960742334388, -11.349982640986074, -7.5999996625e-05], [-75.50703279472765, -11.348100632438214, -7.5999996625e-05], [-75.50537948737343, -11.34821739321807, -7.5999996625e-05], [-75.50163409074065, -11.350469544733636, -7.5999996625e-05], [-75.4971170533093, -11.349700876194449, -7.5999996625e-05], [-75.49392684684648, -11.348345105042545, -7.5999996625e-05], [-75.49258045742215, -11.34738469115053, -7.5999996625e-05], [-75.49310789631232, -11.347984990414941, -7.5999996625e-05], [-75.49236134300156, -11.34775721192574, -7.5999996625e-05], [-75.49080051473192, -11.346762607608177, -7.5999996625e-05], [-75.49047664368214, -11.346195873740555, -7.5999996625e-05], [-75.49121060378627, -11.345822770204622, -7.5999996625e-05], [-75.48879446988883, -11.34440190792167, -7.5999996625e-05], [-75.48903204019643, -11.343949341189106, -7.5999996625e-05], [-75.48596304435898, -11.341551317838997, -7.5999996625e-05], [-75.48507527140663, -11.3415435557904, -7.5999996625e-05], [-75.48404828789813, -11.340897767917626, -7.5999996625e-05], [-75.4796573821824, -11.339932955441503, -7.5999996625e-05], [-75.47841901482566, -11.340533975062833, -7.5999996625e-05], [-75.47846760789378, -11.342307237588892, -7.5999996625e-05], [-75.47798107376752, -11.341741927348034, -7.5999996625e-05], [-75.47748123417159, -11.339715865394853, -7.5999996625e-05], [-75.47679892572978, -11.339203401116036, -7.5999996625e-05], [-75.47640552179735, -11.33961100084696, -7.5999996625e-05], [-75.47640688516958, -11.340433972249965, -7.5999996625e-05], [-75.47707878665665, -11.342187332779131, -7.5999996625e-05], [-75.47652095787589, -11.342875491310851, -7.5999996625e-05], [-75.47735574187396, -11.343416732995756, -7.5999996625e-05], [-75.47715607978921, -11.344592744059863, -7.5999996625e-05], [-75.47797407344467, -11.34598410768036, -7.5999996625e-05], [-75.47834462740258, -11.34837104868489, -7.5999996625e-05], [-75.47793667243945, -11.351075710275783, -7.5999996625e-05], [-75.47690395395426, -11.352768443009213, -7.5999996625e-05], [-75.47690509609328, -11.353455788553736, -7.5999996625e-05], [-75.47628293520927, -11.354098841588222, -7.5999996625e-05], [-75.47484385625893, -11.353965537779292, -7.5999996625e-05], [-75.47428578915782, -11.354572317558342, -7.5999996625e-05], [-75.47327639998582, -11.353796264685787, -7.5999996625e-05], [-75.47061110262024, -11.35475912923038, -7.5999996625e-05], [-75.46795584528599, -11.356282625742553, -7.5999996625e-05], [-75.46741503167834, -11.356265400128052, -7.5999996625e-05], [-75.46606940308044, -11.357235169667323, -7.5999996625e-05], [-75.4661345310837, -11.357831999347244, -7.5999996625e-05], [-75.46565899116945, -11.358456715205195, -7.5999996625e-05], [-75.46471543956585, -11.358711460765287, -7.5999996625e-05], [-75.46479963139785, -11.359787469016446, -7.5999996625e-05], [-75.46413305209865, -11.361307881753298, -7.5999996625e-05], [-75.46260821110002, -11.359139824942936, -7.5999996625e-05], [-75.45977772086508, -11.360021477109449, -7.5999996625e-05], [-75.45877521690272, -11.363540974836106, -7.5999996625e-05], [-75.456536647848, -11.367849104252686, -7.5999996625e-05], [-75.45572069925083, -11.373475466219753, -7.5999996625e-05], [-75.45527593503635, -11.370428475893398, -7.5999996625e-05], [-75.45466376292228, -11.369607984820608, -7.5999996625e-05], [-75.4540519658255, -11.36725610298675, -7.5999996625e-05], [-75.45436884824369, -11.364822860386647, -7.5999996625e-05], [-75.45481843732097, -11.36377559177009, -7.5999996625e-05], [-75.45452971897129, -11.362898541434507, -7.5999996625e-05], [-75.4545364054307, -11.360153566833628, -7.5999996625e-05], [-75.45269174033149, -11.355585108865622, -7.5999996625e-05], [-75.44814405490416, -11.350418035164127, -7.5999996625e-05]]]}, "properties": {"cod": "JU-613", "nombre": "Emp. PE-22 B - Maranioc.", "tipo_influencia": "Directa", "DISTRITO": "PALCA", "PROVINCIA": "TARMA", "DEPARTAMEN": "JUNIN", "Zonas": "Todas Zonas", "sububigeo": "12070600", "long_km": 27.9205490646, "dist_min_m": 401.9, "peligro": "Inundación", "nivel": "Medio", "pc_lng": -75.56336, "pc_lat": -11.34438, "pc_rio": ""}}, {"type": "Feature", "geometry": {"type": "MultiLineString", "coordinates": [[[-75.54233666644969, -11.351996936409371, -7.5999996625e-05], [-75.54233666644969, -11.351996936409371, -7.5999996625e-05]], [[-75.54219735065715, -11.352102176880798, -7.5999996625e-05], [-75.54219735065715, -11.352102176880798, -7.5999996625e-05]]]}, "properties": {"cod": "JU-613", "nombre": "Emp. PE-22 B - Maranioc.", "tipo_influencia": "Directa", "DISTRITO": "PALCA", "PROVINCIA": "TARMA", "DEPARTAMEN": "JUNIN", "Zonas": "Todas Zonas", "sububigeo": "12070600", "long_km": 27.9205490646, "dist_min_m": 1838.5, "peligro": "Erosión | Inundación", "nivel": "Muy Alto", "pc_lng": -75.54742, "pc_lat": -11.36791, "pc_rio": "Río Ricran"}}, {"type": "Feature", "geometry": {"type": "LineString", "coordinates": [[-75.54233666644969, -11.351996936409371, -7.5999996625e-05], [-75.54219735065715, -11.352102176880798, -7.5999996625e-05]]}, "properties": {"cod": "JU-613", "nombre": "Emp. PE-22 B - Maranioc.", "tipo_influencia": "Indirecta", "DISTRITO": "TAPO", "PROVINCIA": "TARMA", "DEPARTAMEN": "JUNIN", "Zonas": "Todas Zonas", "sububigeo": "12070900", "long_km": 27.9205490646, "dist_min_m": 1828.4, "peligro": "Erosión | Inundación", "nivel": "Muy Alto", "pc_lng": -75.54742, "pc_lat": -11.36791, "pc_rio": "Río Ricran"}}, {"type": "Feature", "geometry": {"type": "LineString", "coordinates": [[-75.55494686840319, -11.33954146796436, -7.5999996625e-05], [-75.5544189276913, -11.33928649217784, -7.5999996625e-05], [-75.5530313861895, -11.337317671173539, -7.5999996625e-05], [-75.55290003480872, -11.33573527985925, -7.5999996625e-05], [-75.55179333899139, -11.332083830004699, -7.5999996625e-05], [-75.55037832859693, -11.330106001390785, -7.5999996625e-05], [-75.54467421664174, -11.33270291610666, -7.5999996625e-05], [-75.54423491490934, -11.334833922647354, -7.5999996625e-05], [-75.54137865639984, -11.337325156230921, -7.5999996625e-05], [-75.54021929628345, -11.337264169605701, -7.5999996625e-05], [-75.53982895993852, -11.336033960898526, -7.5999996625e-05], [-75.5386012954134, -11.334682042442246, -7.5999996625e-05], [-75.53365175782233, -11.33469102487083, -7.5999996625e-05], [-75.53235208098369, -11.33413722235486, -7.5999996625e-05], [-75.5317880010154, -11.331157582256585, -7.5999996625e-05], [-75.53046374570528, -11.330090522259754, -7.5999996625e-05], [-75.52961629385686, -11.32979900342122, -7.5999996625e-05], [-75.52841322578968, -11.329991663384542, -7.5999996625e-05], [-75.5276041893818, -11.326539845937083, -7.5999996625e-05], [-75.526697037838, -11.32607265622806, -7.5999996625e-05], [-75.52610033226449, -11.324755180007518, -7.5999996625e-05], [-75.52513396216261, -11.324419918144654, -7.5999996625e-05], [-75.52239043007427, -11.32103037155435, -7.5999996625e-05], [-75.52155813719821, -11.320870628576582, -7.5999996625e-05], [-75.52038005679412, -11.318440777319953, -7.5999996625e-05], [-75.51892234479033, -11.317476426196043, -7.5999996625e-05], [-75.51699938471381, -11.316913243751168, -7.5999996625e-05], [-75.51635924008684, -11.31619645710077, -7.5999996625e-05], [-75.51639982918874, -11.313969521676022, -7.5999996625e-05], [-75.51381415060251, -11.313651688674447, -7.5999996625e-05], [-75.51332303622911, -11.31315443732739, -7.5999996625e-05], [-75.51121623494123, -11.308006515588211, -7.5999996625e-05], [-75.51124203199413, -11.305764957186971, -7.5999996625e-05], [-75.5089184005637, -11.303356375796053, -7.5999996625e-05], [-75.50735949234667, -11.303901097857299, -7.5999996625e-05], [-75.50661631239285, -11.303726599702763, -7.5999996625e-05], [-75.50519126016849, -11.304344318835202, -7.5999996625e-05], [-75.5040872272437, -11.30369863708239, -7.5999996625e-05], [-75.50267039212486, -11.303528801912647, -7.5999996625e-05], [-75.49927162838293, -11.305409790629309, -7.5999996625e-05], [-75.49724999469147, -11.307368723587679, -7.5999996625e-05], [-75.49527564825252, -11.3082803600505, -7.5999996625e-05], [-75.49190147377398, -11.307231183072592, -7.5999996625e-05], [-75.49071118327447, -11.306192913971765, -7.5999996625e-05], [-75.49073880864904, -11.304976944230535, -7.5999996625e-05], [-75.49140725224288, -11.303817326008748, -7.5999996625e-05], [-75.4913280057828, -11.302271965178981, -7.5999996625e-05], [-75.49074163072163, -11.30148386858558, -7.5999996625e-05], [-75.48805582521612, -11.300006555857804, -7.5999996625e-05], [-75.48744114669154, -11.300346720824454, -7.5999996625e-05], [-75.48576871075738, -11.304070663230496, -7.5999996625e-05], [-75.48549126361087, -11.306942575339525, -7.5999996625e-05], [-75.4861612018779, -11.30826816074699, -7.5999996625e-05], [-75.48608833700712, -11.309103370124374, -7.5999996625e-05], [-75.48500892482201, -11.309965727336417, -7.5999996625e-05], [-75.48332620244224, -11.30981115456109, -7.5999996625e-05]]}, "properties": {"cod": "JU-612", "nombre": "Emp. JU-613 - Illic.", "tipo_influencia": "Directa", "DISTRITO": "PALCA", "PROVINCIA": "TARMA", "DEPARTAMEN": "JUNIN", "Zonas": "Todas Zonas", "sububigeo": "12070600", "long_km": 13.1585171588, "dist_min_m": 1062.8, "peligro": "Inundación", "nivel": "Medio", "pc_lng": -75.56336, "pc_lat": -11.34438, "pc_rio": ""}}, {"type": "Feature", "geometry": {"type": "LineString", "coordinates": [[-75.68863573285273, -11.384864041742098, -7.5999996625e-05], [-75.68948718308701, -11.384523518845302, -7.5999996625e-05], [-75.68973077975164, -11.383934357684433, -7.5999996625e-05], [-75.68997800787872, -11.379989409583514, -7.5999996625e-05], [-75.69260553821499, -11.377439279399198, -7.5999996625e-05], [-75.69521971182019, -11.376288123797842, -7.5999996625e-05], [-75.69762078567067, -11.374314238711127, -7.5999996625e-05], [-75.69870968660274, -11.374302435109264, -7.5999996625e-05], [-75.6992788801162, -11.373704898562147, -7.5999996625e-05], [-75.70067010434178, -11.37330621471, -7.5999996625e-05], [-75.70548139994662, -11.370899323145185, -7.5999996625e-05], [-75.70667953972895, -11.370603060382896, -7.5999996625e-05], [-75.70932609636247, -11.370615164483139, -7.5999996625e-05]]}, "properties": {"cod": "JU-645", "nombre": "Emp. PE-22 B (Pomachaca) - La UniÃ³n - FÃ¡brica Cemento - Emp. PE-3N.", "tipo_influencia": "Indirecta", "DISTRITO": "TARMA", "PROVINCIA": "TARMA", "DEPARTAMEN": "JUNIN", "Zonas": "Todas Zonas", "sububigeo": "12070100", "long_km": 30.3832920091, "dist_min_m": 42.0, "peligro": "Inundación", "nivel": "Medio", "pc_lng": -75.68935, "pc_lat": -11.38254, "pc_rio": ""}}, {"type": "Feature", "geometry": {"type": "LineString", "coordinates": [[-75.55928600014875, -11.351348999856382, -7.5999996625e-05], [-75.55803155111516, -11.352161287313491, -7.5999996625e-05], [-75.55597052981608, -11.352379736235777, -7.5999996625e-05], [-75.55523398416102, -11.353799563399084, -7.5999996625e-05], [-75.55248381777392, -11.356721535370527, -7.5999996625e-05], [-75.55087596485384, -11.364269725167617, -7.5999996625e-05], [-75.55014135633849, -11.365663407240385, -7.5999996625e-05], [-75.5467198694264, -11.36934336290586, -7.5999996625e-05], [-75.54459841908175, -11.373746374395633, -7.5999996625e-05], [-75.54183656780333, -11.377519088834841, -7.5999996625e-05], [-75.54019393360312, -11.378925178853871, -7.5999996625e-05], [-75.53421219733502, -11.38194693959952, -7.5999996625e-05], [-75.53261664893915, -11.383672795263232, -7.5999996625e-05], [-75.53221047193568, -11.385489709982094, -7.5999996625e-05], [-75.53235650744682, -11.386922172620139, -7.5999996625e-05], [-75.53161988175208, -11.388204154398178, -7.5999996625e-05], [-75.53062178087043, -11.392072855278002, -7.5999996625e-05], [-75.52994796742473, -11.393163759899545, -7.5999996625e-05], [-75.52992966801975, -11.394342542674162, -7.5999996625e-05], [-75.53058749331814, -11.395632853073668, -7.5999996625e-05], [-75.53098437313025, -11.398567751900199, -7.5999996625e-05], [-75.53190446142173, -11.40159401734997, -7.5999996625e-05], [-75.53377891206708, -11.404960496329808, -7.5999996625e-05], [-75.53401397686349, -11.407995047233607, -7.5999996625e-05], [-75.53391734740762, -11.408867010104354, -7.5999996625e-05], [-75.5326404611883, -11.41156063881238, -7.5999996625e-05], [-75.52969638567964, -11.416713053564543, -7.5999996625e-05], [-75.52897929595771, -11.419118407288646, -7.5999996625e-05], [-75.52876751281042, -11.42736540718772, -7.5999996625e-05], [-75.52949660038774, -11.430028365416655, -7.5999996625e-05], [-75.5315672093592, -11.433221072894131, -7.5999996625e-05], [-75.53245964079974, -11.436139871158106, -7.5999996625e-05], [-75.53269370644938, -11.438625596394093, -7.5999996625e-05], [-75.5320747786281, -11.440660707325717, -7.5999996625e-05], [-75.53020870876486, -11.441680993582956, -7.5999996625e-05], [-75.52952181917658, -11.442424909182188, -7.5999996625e-05], [-75.53034581310874, -11.444877200322486, -7.5999996625e-05], [-75.52988974711411, -11.447025571872581, -7.5999996625e-05], [-75.52890973339743, -11.44877082501352, -7.5999996625e-05], [-75.52897865833836, -11.451527735416617, -7.5999996625e-05], [-75.52790142790855, -11.453854350797597, -7.5999996625e-05], [-75.52787053619625, -11.454887581896333, -7.5999996625e-05], [-75.52862666009224, -11.45611315279974, -7.5999996625e-05], [-75.52889229914024, -11.458549275028988, -7.5999996625e-05], [-75.53185092657895, -11.463225428610604, -7.5999996625e-05], [-75.53129870057457, -11.466311853309323, -7.5999996625e-05], [-75.53080923555774, -11.467507400346216, -7.5999996625e-05], [-75.529890366747, -11.468587087723856, -7.5999996625e-05], [-75.52917458823663, -11.471429593800682, -7.5999996625e-05], [-75.53039665987791, -11.473568679850642, -7.5999996625e-05], [-75.53265676769564, -11.472725060912806, -7.5999996625e-05], [-75.53453352060546, -11.473826777184005, -7.5999996625e-05], [-75.53673069296707, -11.474371656626593, -7.5999996625e-05], [-75.53735850339217, -11.475378630219552, -7.5999996625e-05], [-75.53794956661915, -11.47817796793884, -7.5999996625e-05], [-75.53935857493826, -11.4801701946987, -7.5999996625e-05], [-75.5407440722811, -11.480962831069753, -7.5999996625e-05], [-75.54229262930136, -11.482573051904751, -7.5999996625e-05], [-75.54389014091726, -11.48348516770631, -7.5999996625e-05], [-75.54638622004796, -11.486047836238582, -7.5999996625e-05], [-75.5463442459901, -11.487101248124086, -7.5999996625e-05], [-75.54725222131293, -11.490413250670946, -7.5999996625e-05], [-75.54836353784697, -11.492519637371343, -7.5999996625e-05], [-75.54807279062675, -11.495745190787892, -7.5999996625e-05], [-75.5486223222623, -11.496138311433873, -7.5999996625e-05]]}, "properties": {"cod": "JU-614", "nombre": "Emp. JU-103 - Yuracmayo - Emp. JU-103.", "tipo_influencia": "Indirecta", "DISTRITO": "TAPO", "PROVINCIA": "TARMA", "DEPARTAMEN": "JUNIN", "Zonas": "Todas Zonas", "sububigeo": "12070900", "long_km": 19.4135715793, "dist_min_m": 31.0, "peligro": "Erosión | Inundación", "nivel": "Muy Alto", "pc_lng": -75.54315, "pc_lat": -11.37541, "pc_rio": "Río Ricran"}}, {"type": "Feature", "geometry": {"type": "LineString", "coordinates": [[-75.79037384607608, -11.443486240497574, 2.4000003577e-05], [-75.78978729204982, -11.441623580863507, 2.4000003577e-05], [-75.79042760574936, -11.442467287035644, 2.4000003577e-05], [-75.79081522164512, -11.441620897286555, 2.4000003577e-05], [-75.79089327020819, -11.442207363179199, 2.4000003577e-05], [-75.79169723174181, -11.441117004446136, 2.4000003577e-05], [-75.79208574606031, -11.43991547601836, 2.4000003577e-05], [-75.79202665700456, -11.441092605839057, 2.4000003577e-05], [-75.79307274391199, -11.43949438196011, 2.4000003577e-05], [-75.79261981295394, -11.44142181526451, 2.4000003577e-05], [-75.79332291372145, -11.440434249940607, 2.4000003577e-05], [-75.79475402287983, -11.439291010171925, 2.4000003577e-05], [-75.79617862634251, -11.435606601963059, 2.4000003577e-05], [-75.79626041068934, -11.43622858837858, 2.4000003577e-05], [-75.79751297114666, -11.434174208572806, 2.4000003577e-05], [-75.80306573259742, -11.430116773270411, 2.4000003577e-05], [-75.80536317936719, -11.428916866320268, 2.4000003577e-05], [-75.80561856434525, -11.428482100768292, 2.4000003577e-05], [-75.8093736098042, -11.427350392106858, 2.4000003577e-05], [-75.81253153330357, -11.425777279997426, 2.4000003577e-05], [-75.81350147101602, -11.425525237799427, 2.4000003577e-05], [-75.81474041933484, -11.425698821343468, 2.4000003577e-05], [-75.81718974541036, -11.423141883291228, 2.4000003577e-05], [-75.81847164714878, -11.422668082665842, 2.4000003577e-05], [-75.82034196091274, -11.422824239147241, 2.4000003577e-05], [-75.82340743320646, -11.420999390609321, 2.4000003577e-05], [-75.82491009332608, -11.420787225250187, 2.4000003577e-05], [-75.83080058168144, -11.421125909932755, 2.4000003577e-05], [-75.8330604206019, -11.420602081820563, 2.4000003577e-05], [-75.83377088501828, -11.419794506811002, 2.4000003577e-05], [-75.83100714876088, -11.418165652922484, 2.4000003577e-05], [-75.83042707614862, -11.417263012378102, 2.4000003577e-05], [-75.82755027082828, -11.417732323587808, 2.4000003577e-05], [-75.82613727131798, -11.417238959110644, 2.4000003577e-05], [-75.82490917781627, -11.417305703195614, 2.4000003577e-05], [-75.825556406403, -11.416083070377342, 2.4000003577e-05], [-75.82729435794823, -11.41483928100796, 2.4000003577e-05], [-75.82738087722566, -11.413057590935013, 2.4000003577e-05], [-75.82819181839767, -11.411400430885125, 2.4000003577e-05], [-75.83218992182738, -11.408848139629866, 2.4000003577e-05], [-75.83164641744816, -11.407909232125286, 2.4000003577e-05], [-75.8316961076892, -11.405090457358655, 2.4000003577e-05]]}, "properties": {"cod": "JU-657", "nombre": "Emp. PE-22 B - Sacracancha - Emp. JU-656 (Casa Macha).", "tipo_influencia": "Indirecta", "DISTRITO": "TARMA", "PROVINCIA": "TARMA", "DEPARTAMEN": "JUNIN", "Zonas": "Todas Zonas", "sububigeo": "12070100", "long_km": 10.0530020355, "dist_min_m": 1496.8, "peligro": "Inundación", "nivel": "Medio", "pc_lng": -75.79776, "pc_lat": -11.45489, "pc_rio": ""}}, {"type": "Feature", "geometry": {"type": "MultiLineString", "coordinates": [[[-75.71410445675525, -11.193759803971721, -7.5999996625e-05], [-75.71432234629918, -11.196716452002597, -7.5999996625e-05], [-75.71125169121257, -11.199536194439755, -7.5999996625e-05], [-75.71133840744153, -11.201272296978853, -7.5999996625e-05], [-75.71099339512904, -11.202539185434995, -7.5999996625e-05], [-75.7113364487181, -11.204211297613256, -7.5999996625e-05], [-75.7108181460406, -11.205777055966333, -7.5999996625e-05], [-75.71099335555886, -11.206264964256658, -7.5999996625e-05], [-75.70959752860301, -11.208565251085414, -7.5999996625e-05], [-75.71161218535406, -11.206675958028995, -7.5999996625e-05], [-75.71171328533978, -11.207805078441588, -7.5999996625e-05], [-75.71017333663013, -11.209111157553826, -7.5999996625e-05], [-75.70785593030689, -11.211806839414063, -7.5999996625e-05], [-75.70732050723558, -11.213860956617799, -7.5999996625e-05], [-75.70743233883132, -11.214656515785519, -7.5999996625e-05], [-75.70627550760855, -11.217299886780317, -7.5999996625e-05], [-75.70485027102313, -11.218626919196927, -7.5999996625e-05], [-75.70279465824683, -11.219247939740573, -7.5999996625e-05], [-75.70047675639717, -11.220921802898836, -7.5999996625e-05], [-75.70044964093813, -11.221768594644859, -7.5999996625e-05], [-75.69965046469713, -11.223823773947972, -7.5999996625e-05], [-75.69827746613214, -11.22425202930764, -7.5999996625e-05], [-75.69738238079219, -11.22534831457302, -7.5999996625e-05], [-75.69621962213779, -11.22560428321106, -7.5999996625e-05], [-75.69540592544308, -11.226248212185222, -7.5999996625e-05], [-75.69420145083626, -11.228204416600471, -7.5999996625e-05], [-75.69358415618382, -11.230566113635172, -7.5999996625e-05], [-75.69229347796158, -11.232971238931501, -7.5999996625e-05], [-75.6913416301121, -11.233882471598747, -7.5999996625e-05], [-75.69099552961995, -11.234742390748702, -7.5999996625e-05], [-75.6894321140008, -11.23603016595933, -7.5999996625e-05], [-75.68838393257238, -11.238659120821694, -7.5999996625e-05], [-75.68591913006378, -11.23983504015495, -7.5999996625e-05], [-75.684854189769, -11.241335655216295, -7.5999996625e-05], [-75.68369969318627, -11.24214914236898, -7.5999996625e-05], [-75.6790204989968, -11.246907506576122, -7.5999996625e-05], [-75.67751915278666, -11.247363089634865, -7.5999996625e-05], [-75.67419105777105, -11.250174126634596, -7.5999996625e-05], [-75.67254357892301, -11.250819888427086, -7.5999996625e-05], [-75.67170354018617, -11.252015527194777, -7.5999996625e-05], [-75.66911171113651, -11.252337909866577, -7.5999996625e-05]], [[-75.71410445675525, -11.193759803971721, -7.5999996625e-05], [-75.71410441268847, -11.193741722202665, -7.5999996625e-05]], [[-75.72899373956938, -11.174000647311969, -7.5999996625e-05], [-75.72763945589611, -11.174492266205043, -7.5999996625e-05], [-75.72599102466603, -11.174532434424234, -7.5999996625e-05], [-75.72505101009602, -11.175864066873133, -7.5999996625e-05], [-75.721375375673, -11.178350739994585, -7.5999996625e-05], [-75.72094841533703, -11.179771539325028, -7.5999996625e-05], [-75.71991536859935, -11.180542725066692, -7.5999996625e-05], [-75.72002733689204, -11.181356360607541, -7.5999996625e-05], [-75.71839261222925, -11.183268386726644, -7.5999996625e-05], [-75.71869770543469, -11.184425223345327, -7.5999996625e-05], [-75.71790282525512, -11.185222955275101, -7.5999996625e-05], [-75.71796937238861, -11.186208488131165, -7.5999996625e-05], [-75.71736608737501, -11.186698261615444, -7.5999996625e-05], [-75.7182067016779, -11.18649905188971, -7.5999996625e-05], [-75.7175410936465, -11.187104794750438, -7.5999996625e-05], [-75.7170461814361, -11.186979402277524, -7.5999996625e-05], [-75.7155188394229, -11.187860256745415, -7.5999996625e-05], [-75.7145334009956, -11.189399922168601, -7.5999996625e-05], [-75.71461477525162, -11.192709601766643, -7.5999996625e-05], [-75.71410445675525, -11.193759803971721, -7.5999996625e-05]]]}, "properties": {"cod": "JU-574", "nombre": "Emp. JU-548 (Pisca) - Tiambra - Pta. Carretera.", "tipo_influencia": "Indirecta", "DISTRITO": "HUASAHUASI", "PROVINCIA": "TARMA", "DEPARTAMEN": "JUNIN", "Zonas": "Todas Zonas", "sububigeo": "12070400", "long_km": 13.3878918297, "dist_min_m": 1214.8, "peligro": "Erosión | Flujo de detritos | Inundación", "nivel": "Medio", "pc_lng": -75.66132, "pc_lat": -11.26019, "pc_rio": "Río Huasahuasi"}}, {"type": "Feature", "geometry": {"type": "MultiLineString", "coordinates": [[[-75.85252561771917, -11.314388298016445, -7.5999996625e-05], [-75.85180022180278, -11.314718999582121, -7.5999996625e-05], [-75.84935407662931, -11.314825483808983, -7.5999996625e-05], [-75.84711721268917, -11.314443039914291, -7.5999996625e-05], [-75.84658385356198, -11.313793519854984, -7.5999996625e-05], [-75.84379700562727, -11.313322213948997, -7.5999996625e-05], [-75.84119729671784, -11.311032730675937, -7.5999996625e-05], [-75.84102954167997, -11.310065541291639, -7.5999996625e-05], [-75.83898562818416, -11.309845315309019, -7.5999996625e-05], [-75.832831051212, -11.310794109060845, -7.5999996625e-05], [-75.83182254427498, -11.310579957998646, -7.5999996625e-05], [-75.8302528262069, -11.309553409762025, -7.5999996625e-05], [-75.82699006693798, -11.309273227777165, -7.5999996625e-05], [-75.82505998063358, -11.307189664971025, -7.5999996625e-05], [-75.82338936402789, -11.30613623509913, -7.5999996625e-05], [-75.81903093193193, -11.303923753578326, -7.5999996625e-05], [-75.81557381388035, -11.302911466790693, -7.5999996625e-05], [-75.81339309101827, -11.302890339917205, -7.5999996625e-05], [-75.81004145804684, -11.303541627144336, -7.5999996625e-05], [-75.80888626628814, -11.30330058275563, -7.5999996625e-05], [-75.80885665970703, -11.302550067931243, -7.5999996625e-05], [-75.80859990955815, -11.30246035875848, -7.5999996625e-05], [-75.8055967629802, -11.30323722102087, -7.5999996625e-05], [-75.80497823715586, -11.30156592722574, -7.5999996625e-05], [-75.80251319362895, -11.301455081286923, -7.5999996625e-05], [-75.8020388534103, -11.302206963080836, -7.5999996625e-05], [-75.80238001572513, -11.302983668861195, -7.5999996625e-05], [-75.80529432817065, -11.305185959264575, -7.5999996625e-05], [-75.80287898387797, -11.304483511404893, -7.5999996625e-05], [-75.80055622209193, -11.30280778125405, -7.5999996625e-05], [-75.80047216335959, -11.302247365123769, -7.5999996625e-05], [-75.80124668108942, -11.300680789286954, -7.5999996625e-05], [-75.80139674196602, -11.298645669362081, -7.5999996625e-05], [-75.80253078706613, -11.29789209324548, -7.5999996625e-05], [-75.80383997603406, -11.297526806616759, -7.5999996625e-05], [-75.80778919681393, -11.297615520240019, -7.5999996625e-05], [-75.81134949498318, -11.296258390212465, -7.5999996625e-05], [-75.81221109496602, -11.296373563688974, -7.5999996625e-05]], [[-75.81221109496602, -11.296373563688974, -7.5999996625e-05], [-75.81219093576306, -11.296351559077147, -7.5999996625e-05]], [[-75.81219093576306, -11.296351559077147, -7.5999996625e-05], [-75.81139505014141, -11.296176895447333, -7.5999996625e-05], [-75.80877573960868, -11.29656387372375, -7.5999996625e-05], [-75.8045298216939, -11.295191862614338, -7.5999996625e-05], [-75.80205534158068, -11.294954367849758, -7.5999996625e-05], [-75.80124063584663, -11.295209814880991, -7.5999996625e-05], [-75.79746301470635, -11.297525954958813, -7.5999996625e-05], [-75.79693176538865, -11.3009004657838, -7.5999996625e-05], [-75.79597283627731, -11.302042412327408, -7.5999996625e-05], [-75.7958122704199, -11.303158977304918, -7.5999996625e-05], [-75.79551306957245, -11.301455880784202, -7.5999996625e-05], [-75.79628803786262, -11.300043104305749, -7.5999996625e-05], [-75.7950402779864, -11.296112729718628, -7.5999996625e-05], [-75.79460882014092, -11.295815438131912, -7.5999996625e-05], [-75.79478176786427, -11.295408029956544, -7.5999996625e-05], [-75.79856263735581, -11.294267540314706, -7.5999996625e-05], [-75.7993092716056, -11.292592547607974, -7.5999996625e-05], [-75.80098232267602, -11.291285831775667, -7.5999996625e-05], [-75.80400820321597, -11.29211865075507, -7.5999996625e-05], [-75.80465779701967, -11.291800357300593, -7.5999996625e-05], [-75.806096423611, -11.291859736837354, -7.5999996625e-05], [-75.80782008133167, -11.291480470247446, -7.5999996625e-05], [-75.80263968867064, -11.290919613449383, -7.5999996625e-05], [-75.80106997599853, -11.289847778951804, -7.5999996625e-05], [-75.79978814081, -11.290149597725701, -7.5999996625e-05], [-75.79860898481678, -11.291138536314355, -7.5999996625e-05], [-75.79647744228009, -11.292237347775316, -7.5999996625e-05], [-75.79468203844527, -11.292469371963882, -7.5999996625e-05], [-75.79313551838942, -11.293151692996169, -7.5999996625e-05], [-75.79272307131265, -11.29308950667536, -7.5999996625e-05], [-75.7925753882435, -11.292682959151184, -7.5999996625e-05], [-75.79053314658739, -11.293023026991085, -7.5999996625e-05], [-75.79025903862367, -11.293322117221866, -7.5999996625e-05], [-75.79033287206437, -11.295813401167491, -7.5999996625e-05], [-75.78965934280438, -11.295898646105567, -7.5999996625e-05], [-75.78912394041748, -11.293668796877453, -7.5999996625e-05], [-75.78662707707792, -11.291948203147, -7.5999996625e-05], [-75.78087647197157, -11.29312999415385, -7.5999996625e-05], [-75.77911693220062, -11.2929990060992, -7.5999996625e-05], [-75.77542704442254, -11.293922025281168, -7.5999996625e-05], [-75.77167998764128, -11.29655900929077, -7.5999996625e-05]]]}, "properties": {"cod": "JU-557", "nombre": "Emp. PE-3N (Tilarnioc) - Emp. JU-105 (Palcamayo).", "tipo_influencia": "Indirecta", "DISTRITO": "PALCAMAYO", "PROVINCIA": "TARMA", "DEPARTAMEN": "JUNIN", "Zonas": "Todas Zonas", "sububigeo": "12070700", "long_km": 24.8087510287, "dist_min_m": 78.3, "peligro": "Erosión | Flujo de detritos | Inundación", "nivel": "Medio", "pc_lng": -75.77117, "pc_lat": -11.29606, "pc_rio": "Río Shaca"}}, {"type": "Feature", "geometry": {"type": "MultiLineString", "coordinates": [[[-75.5782317101253, -11.256543744098446, -7.5999996625e-05], [-75.57192248033817, -11.258048079655106, -7.5999996625e-05], [-75.57149271861402, -11.25847395181137, -7.5999996625e-05], [-75.56971635792354, -11.25896569840819, -7.5999996625e-05], [-75.56821554770931, -11.259827703085985, -7.5999996625e-05], [-75.56496919477246, -11.262899626216722, -7.5999996625e-05], [-75.56225049296586, -11.26408037131205, -7.5999996625e-05], [-75.56104932516622, -11.263540055029459, -7.5999996625e-05], [-75.56036219995553, -11.263559433620904, -7.5999996625e-05], [-75.55900758623108, -11.264222204291235, -7.5999996625e-05], [-75.55871220562298, -11.265210647152632, -7.5999996625e-05]], [[-75.5782317101253, -11.256543744098446, -7.5999996625e-05], [-75.57917456205638, -11.256162071822121, -7.5999996625e-05], [-75.57982265669023, -11.254958007306124, -7.5999996625e-05], [-75.5816896987206, -11.254013855854732, -7.5999996625e-05], [-75.58337061166435, -11.252216082306292, -7.5999996625e-05], [-75.58409257571174, -11.25210625619872, -7.5999996625e-05], [-75.58329389409789, -11.25384624830565, -7.5999996625e-05], [-75.58464701224977, -11.252458510751637, -7.5999996625e-05], [-75.58693457816821, -11.252155545342081, -7.5999996625e-05], [-75.58774802485141, -11.252792001849352, -7.5999996625e-05], [-75.58869105035166, -11.252768707609729, -7.5999996625e-05], [-75.591219694833, -11.255107356819002, -7.5999996625e-05], [-75.59173449734914, -11.255983545604124, -7.5999996625e-05], [-75.59606789771527, -11.260469446707523, -7.5999996625e-05], [-75.59786935039017, -11.26326030202125, -7.5999996625e-05], [-75.60040143477835, -11.264955369394729, -7.5999996625e-05], [-75.60275770170654, -11.265791551838626, -7.5999996625e-05], [-75.6061489561094, -11.266481032373685, -7.5999996625e-05], [-75.61220557802494, -11.26682132324544, -7.5999996625e-05], [-75.61537658126417, -11.26733926979142, -7.5999996625e-05], [-75.61728401184763, -11.268176354255274, -7.5999996625e-05], [-75.61975489377329, -11.26686896033419, -7.5999996625e-05], [-75.62400629755257, -11.267040890924305, -7.5999996625e-05], [-75.62762799243785, -11.26834454996094, -7.5999996625e-05], [-75.62956373098137, -11.269570368177881, -7.5999996625e-05], [-75.63142472057433, -11.270081872880104, -7.5999996625e-05], [-75.6329089203104, -11.270087756244893, -7.5999996625e-05], [-75.63683410401063, -11.267728126751596, -7.5999996625e-05], [-75.6408735789525, -11.26733960703718, -7.5999996625e-05], [-75.64383056872572, -11.266347511828142, -7.5999996625e-05], [-75.64600200069174, -11.266397047385789, -7.5999996625e-05], [-75.64762573923645, -11.26560572942083, -7.5999996625e-05], [-75.64958246435918, -11.26562053495968, -7.5999996625e-05], [-75.64951383439592, -11.264830822284589, -7.5999996625e-05], [-75.64916191079351, -11.264747504593632, -7.5999996625e-05], [-75.6512173338129, -11.2641433778146, -7.5999996625e-05], [-75.65208691527886, -11.264405571559845, -7.5999996625e-05], [-75.65254511086812, -11.266994222405394, -7.5999996625e-05], [-75.65338526741613, -11.267034869063924, -7.5999996625e-05], [-75.65787365244705, -11.264546702168493, -7.5999996625e-05], [-75.65960765057258, -11.26279966657131, -7.5999996625e-05], [-75.66063484272377, -11.262244681446871, -7.5999996625e-05], [-75.66110583566575, -11.260811287111146, -7.5999996625e-05], [-75.66211214915631, -11.260148841096115, -7.5999996625e-05], [-75.66210950335085, -11.258991268831956, -7.5999996625e-05], [-75.66545549937177, -11.255918207159478, -7.5999996625e-05], [-75.66672393466183, -11.253754008440685, -7.5999996625e-05], [-75.66814146675523, -11.252701747687471, -7.5999996625e-05], [-75.6690200378444, -11.252319943210757, -7.5999996625e-05], [-75.67098628588832, -11.253031053340415, -7.5999996625e-05], [-75.67157745073871, -11.25295630169193, -7.5999996625e-05], [-75.67275706538624, -11.251995064020951, -7.5999996625e-05], [-75.67428577976489, -11.251503274256669, -7.5999996625e-05], [-75.67498898755167, -11.250561189447296, -7.5999996625e-05], [-75.67893636562076, -11.250109085865573, -7.5999996625e-05], [-75.68033635913565, -11.249400476750562, -7.5999996625e-05], [-75.68179236602481, -11.249161975644599, -7.5999996625e-05], [-75.68279704364863, -11.247875609671603, -7.5999996625e-05], [-75.68224008721023, -11.248645497691543, -7.5999996625e-05], [-75.68241621583564, -11.24953133440351, -7.5999996625e-05], [-75.68131843499776, -11.25019405471182, -7.5999996625e-05], [-75.68100639992537, -11.250814919672742, -7.5999996625e-05], [-75.67817270090939, -11.251712426886971, -7.5999996625e-05], [-75.67691060673906, -11.252637707863862, -7.5999996625e-05], [-75.67679045101846, -11.253071065976886, -7.5999996625e-05], [-75.67806410057773, -11.252273333147738, -7.5999996625e-05], [-75.6794657155703, -11.252252051590858, -7.5999996625e-05], [-75.68278023621889, -11.251258947342468, -7.5999996625e-05], [-75.68372174006623, -11.251499818162014, -7.5999996625e-05], [-75.68590623918158, -11.249396729275592, -7.5999996625e-05], [-75.68627034859765, -11.248410194574777, -7.5999996625e-05], [-75.68724025393453, -11.247919628787773, -7.5999996625e-05], [-75.68906759539317, -11.245898717251976, -7.5999996625e-05], [-75.6896626812877, -11.245734592777179, -7.5999996625e-05], [-75.68989866069462, -11.244811641044354, -7.5999996625e-05], [-75.68944606968034, -11.243239123386788, -7.5999996625e-05], [-75.69067314604882, -11.243028325896494, -7.5999996625e-05], [-75.69086475470465, -11.242729423623935, -7.5999996625e-05], [-75.69200095637899, -11.242835282822002, -7.5999996625e-05], [-75.6929250979149, -11.2423628887363, -7.5999996625e-05], [-75.6909768722848, -11.243624445112, -7.5999996625e-05], [-75.6904109873771, -11.244502955047263, -7.5999996625e-05], [-75.6915127890839, -11.245576504552, -7.5999996625e-05], [-75.69166294708731, -11.247059307640878, -7.5999996625e-05]], [[-75.79421842052133, -11.191544440908888, -7.5999996625e-05], [-75.79263952159658, -11.19210595702423, -7.5999996625e-05], [-75.79090267891547, -11.193349387564119, -7.5999996625e-05], [-75.78879708092052, -11.1937166922715, -7.5999996625e-05], [-75.78961343331326, -11.194166689640953, -7.5999996625e-05], [-75.78948641756409, -11.194619179031855, -7.5999996625e-05], [-75.78886445632958, -11.19491927290607, -7.5999996625e-05], [-75.78978981734616, -11.195043406328066, -7.5999996625e-05], [-75.78744754566765, -11.195926769005158, -7.5999996625e-05], [-75.78899578162998, -11.19605839377982, -7.5999996625e-05], [-75.78836516532012, -11.196566458575145, -7.5999996625e-05], [-75.78871523901705, -11.197325090680359, -7.5999996625e-05], [-75.78782821160263, -11.197833830866548, -7.5999996625e-05], [-75.78847999795352, -11.19839285034971, -7.5999996625e-05], [-75.78776582922961, -11.198476105987488, -7.5999996625e-05], [-75.78830831377763, -11.199252402576299, -7.5999996625e-05], [-75.78383911128596, -11.202854264712524, -7.5999996625e-05], [-75.78194990816172, -11.20536409717528, -7.5999996625e-05], [-75.78178267742857, -11.204487351709878, -7.5999996625e-05], [-75.77978515456118, -11.204212294961389, -7.5999996625e-05], [-75.77750987787851, -11.202789436183474, -7.5999996625e-05], [-75.77377986414939, -11.202003309105399, -7.5999996625e-05], [-75.7714626691668, -11.202045468423599, -7.5999996625e-05], [-75.76787962894167, -11.201394504952413, -7.5999996625e-05], [-75.7644185556718, -11.201828414349793, -7.5999996625e-05], [-75.76401694902296, -11.202363058608228, -7.5999996625e-05], [-75.76321921619382, -11.20203952120686, -7.5999996625e-05], [-75.7620015026672, -11.202214414163848, -7.5999996625e-05], [-75.76064505882238, -11.201874212324988, -7.5999996625e-05], [-75.75955605536763, -11.202256808205108, -7.5999996625e-05], [-75.75618442776909, -11.201867454819133, -7.5999996625e-05], [-75.75315928557251, -11.200907495084772, -7.5999996625e-05], [-75.75334999940293, -11.203800868615135, -7.5999996625e-05], [-75.75274941055682, -11.205321596114736, -7.5999996625e-05], [-75.75182593541854, -11.205966036803082, -7.5999996625e-05], [-75.75058436467663, -11.207560702964026, -7.5999996625e-05], [-75.74890875593428, -11.207791034628489, -7.5999996625e-05], [-75.74781136180485, -11.20848101698527, -7.5999996625e-05], [-75.74485280631194, -11.212042378153162, -7.5999996625e-05], [-75.74439984207902, -11.214014970014835, -7.5999996625e-05], [-75.74552210336236, -11.21588408408315, -7.5999996625e-05], [-75.74639425868804, -11.216650596947424, -7.5999996625e-05], [-75.74551465517715, -11.216544209847365, -7.5999996625e-05], [-75.74489255095045, -11.216826134718298, -7.5999996625e-05], [-75.74405570660554, -11.219143255057132, -7.5999996625e-05], [-75.74263858370364, -11.220177768589105, -7.5999996625e-05], [-75.74100894200905, -11.220516351648257, -7.5999996625e-05], [-75.74073694655284, -11.22161129872239, -7.5999996625e-05], [-75.73985069974998, -11.222490689993323, -7.5999996625e-05], [-75.73916398373082, -11.2226189710886, -7.5999996625e-05], [-75.73879943994217, -11.223352404190047, -7.5999996625e-05], [-75.73830533712157, -11.223543495735672, -7.5999996625e-05], [-75.73680757021316, -11.225319663971279, -7.5999996625e-05], [-75.73665450380224, -11.2263780598995, -7.5999996625e-05], [-75.73633125957991, -11.225320841183823, -7.5999996625e-05], [-75.73717419503305, -11.221800954950087, -7.5999996625e-05], [-75.73678045565345, -11.221865216906163, -7.5999996625e-05], [-75.73513672697834, -11.223867862311973, -7.5999996625e-05], [-75.73410345900737, -11.2245938058594, -7.5999996625e-05], [-75.73197941771593, -11.225024062210643, -7.5999996625e-05], [-75.72979003168456, -11.225002304912373, -7.5999996625e-05], [-75.72779111037141, -11.224184247405056, -7.5999996625e-05], [-75.72732185941624, -11.223353497765695, -7.5999996625e-05], [-75.72668075521267, -11.223391227023445, -7.5999996625e-05], [-75.7258185562813, -11.222941167600773, -7.5999996625e-05], [-75.72515725510323, -11.222210246305798, -7.5999996625e-05], [-75.7252427761332, -11.22345801697383, -7.5999996625e-05], [-75.72382249481223, -11.223262468388151, -7.5999996625e-05], [-75.72131579738613, -11.220863087061787, -7.5999996625e-05], [-75.72073548285618, -11.2195532209044, -7.5999996625e-05], [-75.71953497515892, -11.219339125600126, -7.5999996625e-05], [-75.71655271623484, -11.217212088666935, -7.5999996625e-05], [-75.71671867082995, -11.217645766938574, -7.5999996625e-05], [-75.71603576793632, -11.219293208914396, -7.5999996625e-05], [-75.71474675795645, -11.220345371641537, -7.5999996625e-05], [-75.71433758081469, -11.221567210358444, -7.5999996625e-05], [-75.71449420944015, -11.221955613160956, -7.5999996625e-05], [-75.71390931376379, -11.222490636033958, -7.5999996625e-05], [-75.71286092998787, -11.224527817204933, -7.5999996625e-05], [-75.71259526485954, -11.225907896132474, -7.5999996625e-05], [-75.71051986969621, -11.226143132699354, -7.5999996625e-05], [-75.7082280301994, -11.225434136875885, -7.5999996625e-05], [-75.7073856136551, -11.225562715646795, -7.5999996625e-05], [-75.70682854300281, -11.226242323424453, -7.5999996625e-05], [-75.7064190960644, -11.227400861560461, -7.5999996625e-05], [-75.70661451694639, -11.228648292284786, -7.5999996625e-05], [-75.70620472376896, -11.229635046420182, -7.5999996625e-05], [-75.7045962692024, -11.231185202435087, -7.5999996625e-05], [-75.70380006791873, -11.231503622693992, -7.5999996625e-05], [-75.70406332915928, -11.234315416023597, -7.5999996625e-05], [-75.70300892262367, -11.233910953127918, -7.5999996625e-05], [-75.7028599571213, -11.236714768571682, -7.5999996625e-05], [-75.70187194933095, -11.237250631411484, -7.5999996625e-05], [-75.70198415144739, -11.238199893710096, -7.5999996625e-05], [-75.70043788140305, -11.238972235080553, -7.5999996625e-05], [-75.70015673084839, -11.240130374816891, -7.5999996625e-05], [-75.69961694966247, -11.240448182637465, -7.5999996625e-05], [-75.70005353544231, -11.242943124125823, -7.5999996625e-05], [-75.69878178165386, -11.243606223947996, -7.5999996625e-05], [-75.69770970973525, -11.243500242442167, -7.5999996625e-05], [-75.69667725025488, -11.244633015900938, -7.5999996625e-05], [-75.69659664132189, -11.245383822105678, -7.5999996625e-05], [-75.69564657233138, -11.246480233276092, -7.5999996625e-05], [-75.69502412186569, -11.246698772130562, -7.5999996625e-05], [-75.69483484515195, -11.248001446409601, -7.5999996625e-05], [-75.69371903560494, -11.248754667294008, -7.5999996625e-05], [-75.69288054190343, -11.250556220692998, -7.5999996625e-05], [-75.6905649540094, -11.251456886326189, -7.5999996625e-05], [-75.68965969463915, -11.252164305638122, -7.5999996625e-05], [-75.68945093771055, -11.253005821961098, -7.5999996625e-05], [-75.6881800823449, -11.254075921666418, -7.5999996625e-05], [-75.68742920059708, -11.254204237835276, -7.5999996625e-05], [-75.68873684902633, -11.253197436012844, -7.5999996625e-05], [-75.68966220914359, -11.249379005436703, -7.5999996625e-05], [-75.69071508413379, -11.249123311991184, -7.5999996625e-05], [-75.69144535971554, -11.24802742512554, -7.5999996625e-05], [-75.69166294708731, -11.247059307640878, -7.5999996625e-05]]]}, "properties": {"cod": "JU-548", "nombre": "Emp. PE-22 B - Huasahuasi - Patascancha - Emp. JU-543.", "tipo_influencia": "Indirecta", "DISTRITO": "HUASAHUASI", "PROVINCIA": "TARMA", "DEPARTAMEN": "JUNIN", "Zonas": "Todas Zonas", "sububigeo": "12070400", "long_km": 59.9521415248, "dist_min_m": 6.2, "peligro": "Erosión | Flujo de detritos | Inundación", "nivel": "Medio", "pc_lng": -75.6606, "pc_lat": -11.26219, "pc_rio": "Río Pongoyacu"}}, {"type": "Feature", "geometry": {"type": "LineString", "coordinates": [[-75.74524264802972, -11.305611288230288, -7.5999996625e-05], [-75.74605599129092, -11.305807663292963, -7.5999996625e-05], [-75.74581407725782, -11.307915339621156, -7.5999996625e-05], [-75.74605597240514, -11.30933448060176, -7.5999996625e-05], [-75.747668278768, -11.309203836088097, -7.5999996625e-05], [-75.74972821728335, -11.30853843220285, -7.5999996625e-05], [-75.74882217010702, -11.308947673196533, -7.5999996625e-05], [-75.74753328423367, -11.310144649256133, -7.5999996625e-05], [-75.7492271609047, -11.30965204740403, -7.5999996625e-05], [-75.75138050660507, -11.309691795639827, -7.5999996625e-05], [-75.74886369900048, -11.310828601658606, -7.5999996625e-05], [-75.74824306156802, -11.311779685983659, -7.5999996625e-05], [-75.748009718074, -11.313661218790177, -7.5999996625e-05], [-75.74832833888173, -11.31284651935135, -7.5999996625e-05], [-75.74871281434486, -11.312718969404832, -7.5999996625e-05], [-75.74873864826998, -11.312076793209362, -7.5999996625e-05], [-75.75081888898052, -11.312180109124718, -7.5999996625e-05], [-75.7498485213921, -11.31252613677174, -7.5999996625e-05], [-75.74983312499872, -11.313665645253256, -7.5999996625e-05], [-75.75064777677348, -11.313319921577094, -7.5999996625e-05], [-75.74979067969605, -11.314949883430291, -7.5999996625e-05], [-75.74987659822636, -11.316260918706405, -7.5999996625e-05], [-75.74868680505199, -11.317481788853403, -7.5999996625e-05], [-75.74959396468967, -11.316822282722113, -7.5999996625e-05], [-75.75053769435908, -11.316801807857079, -7.5999996625e-05], [-75.75080111567888, -11.315914915341002, -7.5999996625e-05], [-75.75135228228197, -11.316428957930032, -7.5999996625e-05], [-75.75158944969331, -11.316021408561083, -7.5999996625e-05], [-75.75420895088234, -11.31559875507844, -7.5999996625e-05], [-75.75442012698721, -11.315770091216683, -7.5999996625e-05], [-75.75416505317463, -11.316349472250291, -7.5999996625e-05], [-75.75499832181504, -11.316130356031062, -7.5999996625e-05], [-75.75338821609324, -11.317895153238673, -7.5999996625e-05], [-75.75522001998792, -11.316798932724513, -7.5999996625e-05], [-75.7559443006889, -11.316968865920389, -7.5999996625e-05], [-75.75598904825591, -11.31654381394583, -7.5999996625e-05], [-75.7569312301921, -11.31593546035316, -7.5999996625e-05], [-75.75798964500609, -11.3177232784065, -7.5999996625e-05], [-75.7595524113147, -11.316154864355443, -7.5999996625e-05], [-75.76088163807708, -11.316368438952223, -7.5999996625e-05], [-75.75901571390403, -11.317639276331477, -7.5999996625e-05], [-75.75996003802527, -11.31784480019735, -7.5999996625e-05], [-75.76051795583896, -11.317445550671613, -7.5999996625e-05], [-75.75926952057188, -11.320080209933687, -7.5999996625e-05], [-75.76030366628112, -11.319589236753808, -7.5999996625e-05], [-75.7618474946661, -11.31780378032016, -7.5999996625e-05], [-75.76294589513691, -11.317357837993761, -7.5999996625e-05], [-75.76446845455547, -11.31793272601448, -7.5999996625e-05], [-75.76481237509103, -11.318496190846469, -7.5999996625e-05], [-75.76487100009655, -11.31769652267632, -7.5999996625e-05], [-75.76431114963981, -11.317336230882285, -7.5999996625e-05], [-75.76442017265283, -11.316992383191856, -7.5999996625e-05], [-75.7657573458248, -11.316753761576752, -7.5999996625e-05], [-75.7678117786906, -11.317480956980539, -7.5999996625e-05], [-75.76929429759372, -11.316780751130693, -7.5999996625e-05], [-75.77057711574128, -11.316759330178908, -7.5999996625e-05], [-75.7716362823885, -11.315382032854464, -7.5999996625e-05], [-75.77218656136068, -11.315552380637833, -7.5999996625e-05], [-75.77315610696871, -11.314907832030766, -7.5999996625e-05], [-75.77324549598279, -11.314093708158042, -7.5999996625e-05], [-75.77396951408178, -11.314137022205774, -7.5999996625e-05], [-75.77506218856911, -11.314975175064212, -7.5999996625e-05], [-75.77491305489355, -11.314053181109383, -7.5999996625e-05], [-75.7751322916219, -11.313790320966511, -7.5999996625e-05], [-75.77614078237116, -11.314004758013139, -7.5999996625e-05], [-75.77628667668876, -11.3137511312097, -7.5999996625e-05], [-75.77839333138712, -11.31344723680047, -7.5999996625e-05], [-75.78656698168083, -11.31357932292735, -7.5999996625e-05], [-75.78831292280313, -11.31413360298336, -7.5999996625e-05], [-75.78747229231244, -11.312916819355673, -7.5999996625e-05], [-75.79096597589904, -11.31388413014844, -7.5999996625e-05], [-75.79267816636423, -11.313427398655454, -7.5999996625e-05], [-75.79395199219067, -11.31349631280455, -7.5999996625e-05], [-75.79566831863798, -11.314540658624423, -7.5999996625e-05], [-75.79605505679541, -11.315651048856743, -7.5999996625e-05], [-75.7953030248147, -11.3151492982015, -7.5999996625e-05], [-75.79458932104029, -11.315339361822044, -7.5999996625e-05], [-75.7951947887085, -11.315600020424547, -7.5999996625e-05], [-75.79654598680783, -11.317142694979335, -7.5999996625e-05], [-75.7972067402988, -11.317502653124905, -7.5999996625e-05], [-75.79919518271146, -11.317512657183332, -7.5999996625e-05], [-75.80093936925647, -11.316713492633543, -7.5999996625e-05], [-75.80154075670055, -11.31558642087656, -7.5999996625e-05], [-75.80133207261702, -11.313005104901604, -7.5999996625e-05], [-75.80193547903906, -11.312606200715543, -7.5999996625e-05], [-75.80771030738475, -11.311263708952941, -7.5999996625e-05], [-75.81186957741903, -11.309464804956741, -7.5999996625e-05], [-75.8127403208091, -11.308601791239658, -7.5999996625e-05], [-75.8124022503635, -11.307808272633617, -7.5999996625e-05], [-75.81125967339517, -11.307546592401248, -7.5999996625e-05], [-75.81119045887255, -11.306818518359867, -7.5999996625e-05], [-75.81176834793087, -11.304020419007083, -7.5999996625e-05], [-75.8122942498797, -11.30312851636791, -7.5999996625e-05]]}, "properties": {"cod": "JU-560", "nombre": "Emp. JU-105 (Palcamayo - Puente Choquehuayunca) - Emp. JU-557.", "tipo_influencia": "Indirecta", "DISTRITO": "PALCAMAYO", "PROVINCIA": "TARMA", "DEPARTAMEN": "JUNIN", "Zonas": "Todas Zonas", "sububigeo": "12070700", "long_km": 15.9438241975, "dist_min_m": 847.0, "peligro": "Inundación", "nivel": "Medio", "pc_lng": -75.73761, "pc_lat": -11.307, "pc_rio": "Rio Palcamayo"}}, {"type": "Feature", "geometry": {"type": "MultiLineString", "coordinates": [[[-75.65854868807145, -11.477359121726074, -7.5999996625e-05], [-75.66043961879336, -11.474565601721109, -7.5999996625e-05], [-75.66183036727762, -11.474084076818658, -7.5999996625e-05], [-75.66246157444209, -11.47477512037546, -7.5999996625e-05], [-75.66371466909663, -11.473750604606657, -7.5999996625e-05], [-75.66411835497809, -11.472935335896981, -7.5999996625e-05], [-75.66507097174792, -11.472833532641342, -7.5999996625e-05], [-75.66540356172493, -11.471456959271219, -7.5999996625e-05], [-75.66629161976238, -11.470133635658717, -7.5999996625e-05], [-75.6675460975743, -11.469937920698436, -7.5999996625e-05], [-75.66759779780011, -11.469483296317033, -7.5999996625e-05], [-75.6693097994077, -11.467812703093728, -7.5999996625e-05], [-75.66965434227404, -11.466643505293467, -7.5999996625e-05], [-75.67201458780295, -11.46476102010496, -7.5999996625e-05], [-75.67215737586218, -11.464210890420198, -7.5999996625e-05], [-75.67451978426061, -11.463192007105413, -7.5999996625e-05], [-75.67531141968624, -11.46156301472133, -7.5999996625e-05], [-75.676559002396, -11.460425990167264, -7.5999996625e-05], [-75.67700002363216, -11.459058285011798, -7.5999996625e-05], [-75.67973042022265, -11.45730128312767, -7.5999996625e-05], [-75.67885717761663, -11.457156119059622, -7.5999996625e-05], [-75.6788191866561, -11.45691661341096, -7.5999996625e-05], [-75.68069883268493, -11.456085506740687, -7.5999996625e-05], [-75.68059041671432, -11.455195192304242, -7.5999996625e-05]], [[-75.68059041671432, -11.455195192304242, -7.5999996625e-05], [-75.68263895542344, -11.45412499187483, -7.5999996625e-05], [-75.68443767056203, -11.452501763245728, -7.5999996625e-05], [-75.68560810493005, -11.45034276440703, -7.5999996625e-05], [-75.6864146430213, -11.449605002868566, -7.5999996625e-05], [-75.68704517119767, -11.446976485076673, -7.5999996625e-05], [-75.68849884704412, -11.445303323389622, -7.5999996625e-05], [-75.68969892036887, -11.441953774147295, -7.5999996625e-05], [-75.69068017604923, -11.440742369364788, -7.5999996625e-05]]]}, "properties": {"cod": "JU-663", "nombre": "Emp. PE-3S A (Huanuquillo) - Ingenio - Vicora Tambo - Vicora Congas - Vicora Cayao.", "tipo_influencia": "Indirecta", "DISTRITO": "TARMA", "PROVINCIA": "TARMA", "DEPARTAMEN": "JUNIN", "Zonas": "Todas Zonas", "sububigeo": "12070100", "long_km": 6.18354795117, "dist_min_m": 180.5, "peligro": "Inundación", "nivel": "Medio", "pc_lng": -75.68883, "pc_lat": -11.44031, "pc_rio": ""}}, {"type": "Feature", "geometry": {"type": "LineString", "coordinates": [[-75.63278306011107, -11.476976119050999, -7.5999996625e-05], [-75.63424960803297, -11.476457706957552, -7.5999996625e-05], [-75.63455191064213, -11.475769997187566, -7.5999996625e-05], [-75.63581218908121, -11.474865108338008, -7.5999996625e-05], [-75.63742145573553, -11.47437689158021, -7.5999996625e-05], [-75.63887440942642, -11.473398334765303, -7.5999996625e-05], [-75.63962317237144, -11.472366613628255, -7.5999996625e-05], [-75.64010892768482, -11.470667763706276, -7.5999996625e-05], [-75.64074198025816, -11.47059377288429, -7.5999996625e-05], [-75.64100448516882, -11.469766816585265, -7.5999996625e-05], [-75.64469881559785, -11.467417610234463, -7.5999996625e-05], [-75.64903618377281, -11.462447834300072, -7.5999996625e-05], [-75.64950087606456, -11.46145424171982, -7.5999996625e-05], [-75.6503620893389, -11.461395005175298, -7.5999996625e-05], [-75.65265115982311, -11.459520154331585, -7.5999996625e-05], [-75.65242602803876, -11.459022659268273, -7.5999996625e-05], [-75.6532195610339, -11.458760676863667, -7.5999996625e-05], [-75.654743035063, -11.455307454675218, -7.5999996625e-05], [-75.65428712105376, -11.454715001995684, -7.5999996625e-05], [-75.6556732101505, -11.45457663860093, -7.5999996625e-05], [-75.65652504079793, -11.453573761419927, -7.5999996625e-05], [-75.65673732037101, -11.452693651590717, -7.5999996625e-05], [-75.65865514531868, -11.451616043445592, -7.5999996625e-05], [-75.65843745542418, -11.450905613203417, -7.5999996625e-05], [-75.65958863530723, -11.451151203665054, -7.5999996625e-05], [-75.66187821300906, -11.449588663985601, -7.5999996625e-05], [-75.66286052179561, -11.449382828954349, -7.5999996625e-05], [-75.66384787398016, -11.449719278821583, -7.5999996625e-05], [-75.6648202677411, -11.449282002362459, -7.5999996625e-05], [-75.6651361096437, -11.44834957627188, -7.5999996625e-05], [-75.66773331394126, -11.448278020813973, -7.5999996625e-05], [-75.66810664770361, -11.447432256993014, -7.5999996625e-05], [-75.67001531395556, -11.446255324123857, -7.5999996625e-05], [-75.67155955962598, -11.443998959284487, -7.5999996625e-05], [-75.67284860377998, -11.443126043132342, -7.5999996625e-05], [-75.673188102349, -11.442301597740485, -7.5999996625e-05], [-75.67280221944685, -11.440673149446246, -7.5999996625e-05], [-75.67425012074642, -11.44049740033472, -7.5999996625e-05], [-75.67575497071527, -11.439281852375522, -7.5999996625e-05], [-75.67732031807816, -11.439482297769763, -7.5999996625e-05], [-75.67799854179924, -11.439144030372633, -7.5999996625e-05], [-75.68039936473883, -11.438954199676505, -7.5999996625e-05], [-75.68103029581147, -11.438249772409046, -7.5999996625e-05], [-75.68118707822106, -11.437557566928156, -7.5999996625e-05], [-75.68284891744355, -11.436105098871163, -7.5999996625e-05], [-75.6824994498897, -11.43518234319055, -7.5999996625e-05], [-75.68387425429336, -11.435051202251152, -7.5999996625e-05], [-75.68502779669541, -11.434035518724157, -7.5999996625e-05], [-75.68590195930796, -11.43157487288203, -7.5999996625e-05], [-75.68548008194017, -11.430812050835403, -7.5999996625e-05], [-75.68562754377609, -11.430147801679654, -7.5999996625e-05], [-75.68687700786757, -11.42659978105502, -7.5999996625e-05], [-75.68649246765324, -11.426335771578529, -7.5999996625e-05], [-75.68275162428802, -11.427229651826911, -7.5999996625e-05], [-75.6845652546827, -11.423478522915438, -7.5999996625e-05], [-75.68445173595882, -11.421876125282889, -7.5999996625e-05], [-75.68382922613785, -11.420966303651944, -7.5999996625e-05], [-75.68360140358186, -11.419921659257112, -7.5999996625e-05], [-75.68406498341221, -11.42087443610631, -7.5999996625e-05], [-75.6847638987349, -11.421022890793726, -7.5999996625e-05], [-75.6855647198359, -11.422531009798218, -7.5999996625e-05], [-75.68507111523974, -11.42510034680351, -7.5999996625e-05], [-75.68566220274842, -11.42409420508347, -7.5999996625e-05], [-75.68732000131695, -11.422950938335072, -7.5999996625e-05], [-75.6872654538376, -11.41982250180694, -7.5999996625e-05], [-75.69368934538693, -11.419958097088447, -7.5999996625e-05]]}, "properties": {"cod": "JU-661", "nombre": "Emp. PE-22 B (Mantarana) - Misarrurasha - Hda. Santa Ana.", "tipo_influencia": "Indirecta", "DISTRITO": "TARMA", "PROVINCIA": "TARMA", "DEPARTAMEN": "JUNIN", "Zonas": "Todas Zonas", "sububigeo": "12070100", "long_km": 15.6603143573, "dist_min_m": 3.9, "peligro": "Erosión | Inundación", "nivel": "Muy Alto", "pc_lng": -75.68736, "pc_lat": -11.42276, "pc_rio": "Quebrada Dique Seco"}}, {"type": "Feature", "geometry": {"type": "MultiLineString", "coordinates": [[[-75.67929413031982, -11.36813173958808, -7.5999996625e-05], [-75.68070083367651, -11.366994546860788, -7.5999996625e-05], [-75.68206149084511, -11.367120962762156, -7.5999996625e-05], [-75.68483000520052, -11.36650443073483, -7.5999996625e-05], [-75.68517868584763, -11.366155347191464, -7.5999996625e-05], [-75.68621968798817, -11.366697936060856, -7.5999996625e-05], [-75.68596892192818, -11.367036395013596, -7.5999996625e-05], [-75.68825409924722, -11.367344528826893, -7.5999996625e-05], [-75.68936580608704, -11.366832901816899, -7.5999996625e-05], [-75.6908421061782, -11.367155021886726, -7.5999996625e-05], [-75.68951334796259, -11.367221425128603, -7.5999996625e-05], [-75.68823712724156, -11.367861371005402, -7.5999996625e-05], [-75.68838936357821, -11.36800260233821, -7.5999996625e-05], [-75.68951454316158, -11.36771878619299, -7.5999996625e-05], [-75.69045891314829, -11.367888448692892, -7.5999996625e-05], [-75.69277447406267, -11.3665988730395, -7.5999996625e-05], [-75.69363567204859, -11.36647026818827, -7.5999996625e-05], [-75.6943144578459, -11.36566254389123, -7.5999996625e-05], [-75.69305680722584, -11.36587951342875, -7.5999996625e-05], [-75.69026760126877, -11.364542879849969, -7.5999996625e-05], [-75.68955836532626, -11.363061489596015, -7.5999996625e-05], [-75.68947284429629, -11.361813714431321, -7.5999996625e-05], [-75.68970833177406, -11.360655599875994, -7.5999996625e-05], [-75.69009665093967, -11.362056461236657, -7.5999996625e-05], [-75.6912268271563, -11.363292655831337, -7.5999996625e-05], [-75.69292248088772, -11.363361095138368, -7.5999996625e-05], [-75.69200532798345, -11.363064796403185, -7.5999996625e-05], [-75.69129499756606, -11.361131255802782, -7.5999996625e-05], [-75.69159581269656, -11.360461310341186, -7.5999996625e-05], [-75.69161566972735, -11.361112329570282, -7.5999996625e-05], [-75.69251623013986, -11.362114075404238, -7.5999996625e-05], [-75.69250077978711, -11.35950062305529, -7.5999996625e-05], [-75.69204995414202, -11.358787234942888, -7.5999996625e-05], [-75.69341953798124, -11.360466065956135, -7.5999996625e-05], [-75.69464666561112, -11.360074309581641, -7.5999996625e-05], [-75.69543218564684, -11.35900539967941, -7.5999996625e-05], [-75.69416751581815, -11.359026462701015, -7.5999996625e-05], [-75.69307419381897, -11.357871473289823, -7.5999996625e-05], [-75.69279548042704, -11.356298665151257, -7.5999996625e-05], [-75.69328641133876, -11.354687791408418, -7.5999996625e-05], [-75.69288049873597, -11.353576479370988, -7.5999996625e-05], [-75.6931166112426, -11.352653436806637, -7.5999996625e-05], [-75.69277528704981, -11.35174992391978, -7.5999996625e-05], [-75.69457841516169, -11.354603379242524, -7.5999996625e-05], [-75.69468171578853, -11.355634028387676, -7.5999996625e-05], [-75.69659560170561, -11.355032694902896, -7.5999996625e-05], [-75.69738425228138, -11.35522974085978, -7.5999996625e-05], [-75.69871648367877, -11.356646345752216, -7.5999996625e-05], [-75.69949490806351, -11.356427509222106, -7.5999996625e-05], [-75.70094927458933, -11.355275535237697, -7.5999996625e-05], [-75.70090523119143, -11.352246254361086, -7.5999996625e-05], [-75.7022825500996, -11.349602369853413, -7.5999996625e-05], [-75.70262125996317, -11.349456810982977, -7.5999996625e-05], [-75.70391460917182, -11.34993300830166, -7.5999996625e-05], [-75.70496343541419, -11.347886804232587, -7.5999996625e-05], [-75.7051340098267, -11.346448556255844, -7.5999996625e-05], [-75.70555415330148, -11.345986895578735, -7.5999996625e-05], [-75.70588637275785, -11.3460933321415, -7.5999996625e-05], [-75.70586885126642, -11.347143070296395, -7.5999996625e-05], [-75.70771044697949, -11.346984956890193, -7.5999996625e-05], [-75.7079048282452, -11.34776222474682, -7.5999996625e-05], [-75.709087127369, -11.347822676275426, -7.5999996625e-05], [-75.70886557218837, -11.347181093632512, -7.5999996625e-05], [-75.70820465502078, -11.346712441625812, -7.5999996625e-05], [-75.70835018061632, -11.346278018715557, -7.5999996625e-05], [-75.7095979234054, -11.346862796580755, -7.5999996625e-05], [-75.7099821137835, -11.346563510297706, -7.5999996625e-05], [-75.7092570102028, -11.346113097441446, -7.5999996625e-05], [-75.70953774077407, -11.344737872155013, -7.5999996625e-05], [-75.71028190908282, -11.345504683594239, -7.5999996625e-05], [-75.70985901727978, -11.344972173427035, -7.5999996625e-05], [-75.71069352788396, -11.345205329862035, -7.5999996625e-05], [-75.71021585567718, -11.344736240784803, -7.5999996625e-05], [-75.7109311557482, -11.344951509704337, -7.5999996625e-05], [-75.71139704503759, -11.344353570261031, -7.5999996625e-05], [-75.71080235574408, -11.344752912416947, -7.5999996625e-05], [-75.7106094547625, -11.344545335398886, -7.5999996625e-05], [-75.71187236731583, -11.343873144330068, -7.5999996625e-05], [-75.7107359210259, -11.343830675645112, -7.5999996625e-05], [-75.71075881956381, -11.341967658980252, -7.5999996625e-05], [-75.70914835411321, -11.342930182681751, -7.5999996625e-05], [-75.70834969588174, -11.34237135835144, -7.5999996625e-05], [-75.70889087731211, -11.342550975447127, -7.5999996625e-05], [-75.7100525136126, -11.341689077788658, -7.5999996625e-05], [-75.71091027169166, -11.340203966140061, -7.5999996625e-05], [-75.71062590785931, -11.340105107264833, -7.5999996625e-05], [-75.71105681981635, -11.340185441005254, -7.5999996625e-05], [-75.71183274228719, -11.341171174410139, -7.5999996625e-05]], [[-75.73629043375031, -11.343153270475442, -7.5999996625e-05], [-75.73526571943734, -11.343001902715567, -7.5999996625e-05], [-75.73425532212536, -11.342072986678941, -7.5999996625e-05], [-75.73309358420153, -11.339308701835073, -7.5999996625e-05], [-75.73249613309002, -11.338577660930246, -7.5999996625e-05], [-75.72750315932338, -11.336210018244625, -7.5999996625e-05]], [[-75.72491057474984, -11.335350095591924, -7.5999996625e-05], [-75.72339736639532, -11.335272171273637, -7.5999996625e-05], [-75.72272905500182, -11.335527054429974, -7.5999996625e-05], [-75.7225617506484, -11.335013730004379, -7.5999996625e-05]], [[-75.72201437531781, -11.33497706920241, -7.5999996625e-05], [-75.72095065464896, -11.33526911178007, -7.5999996625e-05], [-75.719657642686, -11.334910613234165, -7.5999996625e-05], [-75.71856874894854, -11.335528163294036, -7.5999996625e-05], [-75.71710955755998, -11.338344098001688, -7.5999996625e-05], [-75.71674332034792, -11.338471655142712, -7.5999996625e-05], [-75.71642474090902, -11.33934961559226, -7.5999996625e-05], [-75.71457978982541, -11.341813774186267, -7.5999996625e-05], [-75.7129485167606, -11.341754427924457, -7.5999996625e-05], [-75.7118474515986, -11.341196433668413, -7.5999996625e-05]]]}, "properties": {"cod": "JU-639", "nombre": "Emp. PE-22 B - Tupin - Pta. Carretera.", "tipo_influencia": "Indirecta", "DISTRITO": "ACOBAMBA", "PROVINCIA": "TARMA", "DEPARTAMEN": "JUNIN", "Zonas": "Todas Zonas", "sububigeo": "12070200", "long_km": 17.4727697892, "dist_min_m": 1611.1, "peligro": "Inundación", "nivel": "Medio", "pc_lng": -75.68935, "pc_lat": -11.38254, "pc_rio": ""}}, {"type": "Feature", "geometry": {"type": "LineString", "coordinates": [[-75.6240637066747, -11.238409547262739, -7.5999996625e-05], [-75.62331352370012, -11.238966718639116, -7.5999996625e-05], [-75.62277528305282, -11.240466206849925, -7.5999996625e-05], [-75.62191280892893, -11.241149198776444, -7.5999996625e-05], [-75.62165655430653, -11.242512109646098, -7.5999996625e-05], [-75.62182553871759, -11.247833597842192, -7.5999996625e-05], [-75.62217137031247, -11.249877796423108, -7.5999996625e-05], [-75.62274753267246, -11.25118327119094, -7.5999996625e-05], [-75.62454095170352, -11.25233365967063, -7.5999996625e-05], [-75.62590505867149, -11.254908618337991, -7.5999996625e-05], [-75.62876237658236, -11.255360272258718, -7.5999996625e-05], [-75.62922266129675, -11.255883524804808, -7.5999996625e-05], [-75.63067352766114, -11.256261731093963, -7.5999996625e-05], [-75.63475851369441, -11.256610448613282, -7.5999996625e-05], [-75.63572099692641, -11.25729455210183, -7.5999996625e-05]]}, "properties": {"cod": "JU-589", "nombre": "Emp. JU-578 (Hualacsha) - Emp. JU-588.", "tipo_influencia": "Indirecta", "DISTRITO": "HUASAHUASI", "PROVINCIA": "TARMA", "DEPARTAMEN": "JUNIN", "Zonas": "Todas Zonas", "sububigeo": "12070400", "long_km": 3.25990738616, "dist_min_m": 1450.7, "peligro": "Inundación", "nivel": "Medio", "pc_lng": -75.64616, "pc_lat": -11.26542, "pc_rio": "Río Huasahuasi"}}, {"type": "Feature", "geometry": {"type": "LineString", "coordinates": [[-75.64257849839896, -11.256856940195576, -7.5999996625e-05], [-75.64375615522232, -11.254859571112265, -7.5999996625e-05], [-75.64406530886686, -11.252325569369482, -7.5999996625e-05], [-75.64508479562676, -11.250720575394205, -7.5999996625e-05], [-75.64629171638956, -11.250821390294908, -7.5999996625e-05], [-75.64771084927622, -11.25032111272913, -7.5999996625e-05], [-75.64949518695329, -11.250549859788181, -7.5999996625e-05], [-75.6514879110382, -11.250157803939437, -7.5999996625e-05], [-75.65495517793909, -11.25009702685629, -7.5999996625e-05]]}, "properties": {"cod": "JU-580", "nombre": "Emp. JU-578 (Hualacsha) - Puculuyoc.", "tipo_influencia": "Indirecta", "DISTRITO": "HUASAHUASI", "PROVINCIA": "TARMA", "DEPARTAMEN": "JUNIN", "Zonas": "Todas Zonas", "sububigeo": "12070400", "long_km": 1.87545568935, "dist_min_m": 1024.2, "peligro": "Inundación", "nivel": "Medio", "pc_lng": -75.64616, "pc_lat": -11.26542, "pc_rio": "Río Huasahuasi"}}, {"type": "Feature", "geometry": {"type": "LineString", "coordinates": [[-75.63340329382692, -11.269914913742243, -7.5999996625e-05], [-75.63307548824315, -11.27066958163584, -7.5999996625e-05], [-75.63074348412448, -11.271833301665488, -7.5999996625e-05], [-75.62926155337794, -11.272109771248887, -7.5999996625e-05], [-75.62542766075791, -11.271465888140199, -7.5999996625e-05], [-75.62469029941775, -11.272084794377687, -7.5999996625e-05], [-75.62413320987969, -11.271836781142502, -7.5999996625e-05], [-75.62370756435257, -11.270498719440294, -7.5999996625e-05], [-75.6223563437702, -11.27018582371676, -7.5999996625e-05], [-75.62134333662567, -11.26916453741342, -7.5999996625e-05], [-75.61924520660097, -11.269102914967506, -7.5999996625e-05], [-75.61677353596986, -11.271645016903955, -7.5999996625e-05], [-75.61380481903711, -11.274021130970372, -7.5999996625e-05], [-75.61185499531177, -11.274907878695624, -7.5999996625e-05], [-75.6110573011535, -11.2747732672724, -7.5999996625e-05], [-75.6100538070375, -11.274096493258535, -7.5999996625e-05], [-75.60989060616652, -11.274804870348419, -7.5999996625e-05], [-75.60889864135919, -11.275979139425722, -7.5999996625e-05], [-75.60637149874566, -11.27292782336031, -7.5999996625e-05], [-75.60279473039247, -11.273594233586948, -7.5999996625e-05], [-75.60111283718767, -11.273461479263798, -7.5999996625e-05]]}, "properties": {"cod": "JU-592", "nombre": "Emp. JU-548 (Huasahuasi) - Cumutay.", "tipo_influencia": "Indirecta", "DISTRITO": "HUASAHUASI", "PROVINCIA": "TARMA", "DEPARTAMEN": "JUNIN", "Zonas": "Todas Zonas", "sububigeo": "12070400", "long_km": 4.49705237995, "dist_min_m": 1478.0, "peligro": "Inundación", "nivel": "Medio", "pc_lng": -75.64616, "pc_lat": -11.26542, "pc_rio": "Río Huasahuasi"}}, {"type": "Feature", "geometry": {"type": "LineString", "coordinates": [[-75.72179165116376, -11.311153215548414, -7.5999996625e-05], [-75.72065302311847, -11.311540657875016, -7.5999996625e-05], [-75.71681169580307, -11.310727044817213, -7.5999996625e-05], [-75.71575618310135, -11.309997162239192, -7.5999996625e-05], [-75.71689383358353, -11.306901643595953, -7.5999996625e-05], [-75.71805287713852, -11.305062994961201, -7.5999996625e-05], [-75.72111026003046, -11.303552627651579, -7.5999996625e-05], [-75.71939933491132, -11.303701359330201, -7.5999996625e-05], [-75.71565281862263, -11.305276844750557, -7.5999996625e-05], [-75.71412320582124, -11.305515612955105, -7.5999996625e-05], [-75.71309622591008, -11.305192599858561, -7.5999996625e-05], [-75.7116395193483, -11.305277476074599, -7.5999996625e-05], [-75.71412949118303, -11.30433100257369, -7.5999996625e-05], [-75.71474883269246, -11.302846369364422, -7.5999996625e-05], [-75.71783776919767, -11.303300096222404, -7.5999996625e-05], [-75.71826693826853, -11.302702238617373, -7.5999996625e-05], [-75.71882592627543, -11.302718964208792, -7.5999996625e-05], [-75.72107644732017, -11.30132990195335, -7.5999996625e-05], [-75.72146643113088, -11.29971923505463, -7.5999996625e-05], [-75.72228053341985, -11.299183722950419, -7.5999996625e-05], [-75.72339785292854, -11.298991130436272, -7.5999996625e-05], [-75.72390880364833, -11.298112693346074, -7.5999996625e-05], [-75.72494256984368, -11.297504217445635, -7.5999996625e-05], [-75.72556587196738, -11.297593194570247, -7.5999996625e-05], [-75.7261871281334, -11.296868187216994, -7.5999996625e-05]]}, "properties": {"cod": "JU-563", "nombre": "Emp. JU-105 (Palcamayo) - Calca - Ushimarca.", "tipo_influencia": "Indirecta", "DISTRITO": "PALCAMAYO", "PROVINCIA": "TARMA", "DEPARTAMEN": "JUNIN", "Zonas": "Todas Zonas", "sububigeo": "12070700", "long_km": 5.00846737204, "dist_min_m": 1667.3, "peligro": "Inundación", "nivel": "Medio", "pc_lng": -75.73761, "pc_lat": -11.307, "pc_rio": "Rio Palcamayo"}}, {"type": "Feature", "geometry": {"type": "LineString", "coordinates": [[-75.74869769314398, -11.317484744924963, -7.5999996625e-05], [-75.7481959613745, -11.318345114635294, -7.5999996625e-05], [-75.74812361721115, -11.319669932921036, -7.5999996625e-05], [-75.74728216923666, -11.319305979087636, -7.5999996625e-05], [-75.74684864924575, -11.319841593714553, -7.5999996625e-05], [-75.7454584205696, -11.3191839141063, -7.5999996625e-05], [-75.74513627801679, -11.31864215890845, -7.5999996625e-05], [-75.74448701786156, -11.319141154041002, -7.5999996625e-05], [-75.74302841642822, -11.318511841748034, -7.5999996625e-05], [-75.74234199538677, -11.318812018359884, -7.5999996625e-05], [-75.74142331183634, -11.317910015434794, -7.5999996625e-05], [-75.74032380789737, -11.317912769158903, -7.5999996625e-05], [-75.73876333935658, -11.316858570366662, -7.5999996625e-05], [-75.73742497818017, -11.316644918428207, -7.5999996625e-05], [-75.73700259809141, -11.316284229133828, -7.5999996625e-05], [-75.73582072434692, -11.316368542374274, -7.5999996625e-05], [-75.73481459881464, -11.317076443722843, -7.5999996625e-05], [-75.73461444210278, -11.317637591001978, -7.5999996625e-05], [-75.73429317998625, -11.317403224978824, -7.5999996625e-05], [-75.73307688738839, -11.318364798996246, -7.5999996625e-05], [-75.73081624087678, -11.319392330191826, -7.5999996625e-05], [-75.72983224855938, -11.321628409923115, -7.5999996625e-05], [-75.72933818171168, -11.321900867630925, -7.5999996625e-05], [-75.72932211082673, -11.322805217786543, -7.5999996625e-05], [-75.72833098598619, -11.325635234078721, -7.5999996625e-05]]}, "properties": {"cod": "JU-562", "nombre": "Emp. JU- 560 (Ochonga) - Palcuran.", "tipo_influencia": "Indirecta", "DISTRITO": "PALCAMAYO", "PROVINCIA": "TARMA", "DEPARTAMEN": "JUNIN", "Zonas": "Todas Zonas", "sububigeo": "12070700", "long_km": 3.40474012712, "dist_min_m": 1028.3, "peligro": "Inundación", "nivel": "Medio", "pc_lng": -75.73761, "pc_lat": -11.307, "pc_rio": "Rio Palcamayo"}}, {"type": "Feature", "geometry": {"type": "LineString", "coordinates": [[-75.77236506419632, -11.295417714755672, -7.5999996625e-05], [-75.77104378923946, -11.296236027670481, -7.5999996625e-05], [-75.77032371826493, -11.295486706246434, -7.5999996625e-05], [-75.7689346272312, -11.29721581835532, -7.5999996625e-05], [-75.76946363633772, -11.295660860859977, -7.5999996625e-05], [-75.76914393724287, -11.292725106778226, -7.5999996625e-05], [-75.76931123902244, -11.291446881468342, -7.5999996625e-05], [-75.76860498613115, -11.293133237109142, -7.5999996625e-05], [-75.76860805551729, -11.294199410374462, -7.5999996625e-05], [-75.76762080045955, -11.291545670196463, -7.5999996625e-05], [-75.76753329642446, -11.293537532730902, -7.5999996625e-05], [-75.76719428079139, -11.292857056208101, -7.5999996625e-05], [-75.76687699457761, -11.293196806587332, -7.5999996625e-05], [-75.76661111630995, -11.292668977391369, -7.5999996625e-05], [-75.76642926260035, -11.293537104653636, -7.5999996625e-05], [-75.76596634826831, -11.2924267773738, -7.5999996625e-05], [-75.76581396893948, -11.290385177833624, -7.5999996625e-05], [-75.76605805753331, -11.289291119289656, -7.5999996625e-05], [-75.76399860465182, -11.29262208314259, -7.5999996625e-05], [-75.7625171820223, -11.293195444114412, -7.5999996625e-05], [-75.76090618237436, -11.293281236739631, -7.5999996625e-05], [-75.76254063364331, -11.291785815263088, -7.5999996625e-05], [-75.76362883040616, -11.288177522974253, -7.5999996625e-05], [-75.76154758245491, -11.290279556056644, -7.5999996625e-05], [-75.75961877408713, -11.291287956873651, -7.5999996625e-05], [-75.7591771880767, -11.293737829736985, -7.5999996625e-05], [-75.75859288595291, -11.29429061152245, -7.5999996625e-05], [-75.7550954971594, -11.294228025003285, -7.5999996625e-05], [-75.75438904641732, -11.293687849914303, -7.5999996625e-05], [-75.75329974079034, -11.293717957417751, -7.5999996625e-05], [-75.75443397294947, -11.293371447734108, -7.5999996625e-05], [-75.7531876349014, -11.292941166201784, -7.5999996625e-05], [-75.75194483928288, -11.293739757883495, -7.5999996625e-05], [-75.75205299265144, -11.293116028581833, -7.5999996625e-05], [-75.75278385728916, -11.292598990351053, -7.5999996625e-05], [-75.75091740881135, -11.292983553048492, -7.5999996625e-05], [-75.75098343343865, -11.29367013147134, -7.5999996625e-05], [-75.75027549072126, -11.292596857159204, -7.5999996625e-05], [-75.7501232894582, -11.2938260721155, -7.5999996625e-05], [-75.74913927375843, -11.292238527685864, -7.5999996625e-05], [-75.74907287411384, -11.291416438517789, -7.5999996625e-05], [-75.74793486480212, -11.290416608239804, -7.5999996625e-05], [-75.74763778995202, -11.288953560558355, -7.5999996625e-05], [-75.74675703710756, -11.288269299688407, -7.5999996625e-05], [-75.74615860393641, -11.28706914812267, -7.5999996625e-05], [-75.7440111514934, -11.285186546921581, -7.5999996625e-05], [-75.74354126651622, -11.28411251358158, -7.5999996625e-05], [-75.74372485861528, -11.278701301823567, -7.5999996625e-05], [-75.74295807505507, -11.278511957660664, -7.5999996625e-05], [-75.74386263745073, -11.27789500744859, -7.5999996625e-05], [-75.74347610164074, -11.277146149175387, -7.5999996625e-05], [-75.74357845438215, -11.274462239440764, -7.5999996625e-05], [-75.74435344335673, -11.273348681796163, -7.5999996625e-05], [-75.74381987198944, -11.27238331803567, -7.5999996625e-05], [-75.7435584444666, -11.270558805844185, -7.5999996625e-05], [-75.74405015868786, -11.266337701123973, -7.5999996625e-05], [-75.74754633879247, -11.262822358265163, -7.5999996625e-05], [-75.74870408822306, -11.261129480740914, -7.5999996625e-05], [-75.74919852649077, -11.259607440231145, -7.5999996625e-05], [-75.74936973492527, -11.260206013696518, -7.5999996625e-05], [-75.74996527857473, -11.260394096110584, -7.5999996625e-05], [-75.749878672063, -11.258876356158853, -7.5999996625e-05], [-75.75071071312885, -11.255333846579738, -7.5999996625e-05], [-75.75258659999156, -11.258335744898657, -7.5999996625e-05], [-75.75294919225138, -11.257069813321214, -7.5999996625e-05], [-75.75465887540675, -11.256342212323197, -7.5999996625e-05], [-75.7556890847834, -11.254866567837778, -7.5999996625e-05], [-75.75611566290746, -11.253573264494483, -7.5999996625e-05], [-75.75641851949905, -11.253852481506781, -7.5999996625e-05], [-75.75824913898651, -11.24932990515094, -7.5999996625e-05], [-75.75807476583776, -11.248843095832179, -7.5999996625e-05], [-75.7568898793644, -11.248029065488943, -7.5999996625e-05], [-75.7583727031377, -11.24573296590358, -7.5999996625e-05], [-75.75935292909435, -11.246028465141531, -7.5999996625e-05], [-75.75978186524083, -11.245575489217401, -7.5999996625e-05], [-75.76244226579792, -11.245121112149544, -7.5999996625e-05], [-75.76241915681857, -11.245965760811139, -7.5999996625e-05], [-75.76297943445331, -11.246632805059843, -7.5999996625e-05], [-75.76431226929577, -11.245409244141289, -7.5999996625e-05], [-75.7648906844575, -11.246004053943865, -7.5999996625e-05], [-75.76535487402816, -11.245081117499517, -7.5999996625e-05], [-75.76658340190244, -11.24579146230609, -7.5999996625e-05], [-75.76805813807255, -11.246157824523939, -7.5999996625e-05], [-75.77131496181602, -11.245552367647571, -7.5999996625e-05], [-75.77150782322741, -11.245768640210539, -7.5999996625e-05], [-75.77082339328496, -11.246475389527573, -7.5999996625e-05], [-75.77147275506354, -11.247195558528182, -7.5999996625e-05], [-75.77221503839326, -11.246606989121235, -7.5999996625e-05], [-75.77333191723415, -11.246649018037706, -7.5999996625e-05], [-75.77547808724387, -11.24497133186144, -7.5999996625e-05], [-75.77648912847047, -11.243260795249455, -7.5999996625e-05], [-75.777705682771, -11.239805676390795, -7.5999996625e-05], [-75.77831067110054, -11.240111209364791, -7.5999996625e-05], [-75.7781166297786, -11.239488236392958, -7.5999996625e-05], [-75.77837113521969, -11.23886408440989, -7.5999996625e-05], [-75.77909685213797, -11.239783670879655, -7.5999996625e-05], [-75.78047193443217, -11.240511610922065, -7.5999996625e-05], [-75.78126772112842, -11.240710719024426, -7.5999996625e-05], [-75.7833453502077, -11.240277597433126, -7.5999996625e-05], [-75.78338458942721, -11.241181056360636, -7.5999996625e-05], [-75.7848514250532, -11.241972040677064, -7.5999996625e-05], [-75.78602648553385, -11.243152309131696, -7.5999996625e-05], [-75.7861346631841, -11.24259180846514, -7.5999996625e-05], [-75.78850490197959, -11.243106554323953, -7.5999996625e-05], [-75.78872764516467, -11.243496994090941, -7.5999996625e-05], [-75.79139949319206, -11.24272822033106, -7.5999996625e-05], [-75.79012492452563, -11.239309479049155, -7.5999996625e-05], [-75.78848845158075, -11.236829304428786, -7.5999996625e-05], [-75.78844824289207, -11.235600537334905, -7.5999996625e-05], [-75.78788756236105, -11.234807068191568, -7.5999996625e-05], [-75.79097990819616, -11.237463748253324, -7.5999996625e-05], [-75.79401981006612, -11.239363953683497, -7.5999996625e-05], [-75.7958853331416, -11.237250783396922, -7.5999996625e-05], [-75.79794973589156, -11.235862358760809, -7.5999996625e-05], [-75.79976610382262, -11.23414029643748, -7.5999996625e-05], [-75.80118350191702, -11.233534795494398, -7.5999996625e-05], [-75.79957849894852, -11.23262287754369, -7.5999996625e-05], [-75.79817896138991, -11.229807726145614, -7.5999996625e-05], [-75.79826871822672, -11.229229207561838, -7.5999996625e-05], [-75.79891233783411, -11.230194150439667, -7.5999996625e-05], [-75.79944820786847, -11.22880110868419, -7.5999996625e-05], [-75.80002424432337, -11.228609725758186, -7.5999996625e-05], [-75.79983381647742, -11.229215639490118, -7.5999996625e-05], [-75.80030326618277, -11.23010881287138, -7.5999996625e-05], [-75.79998527220249, -11.230886829863266, -7.5999996625e-05], [-75.80046909487277, -11.231384096498806, -7.5999996625e-05], [-75.80047034313179, -11.230737628738545, -7.5999996625e-05], [-75.8017998675698, -11.231676722402769, -7.5999996625e-05], [-75.80227861986236, -11.232624069145404, -7.5999996625e-05], [-75.80422770974099, -11.232473849988144, -7.5999996625e-05], [-75.8055111843936, -11.233174838248143, -7.5999996625e-05], [-75.80742534910053, -11.233584892228919, -7.5999996625e-05], [-75.80894271403497, -11.235965839252053, -7.5999996625e-05], [-75.80916255061118, -11.23601045371942, -7.5999996625e-05], [-75.80960764577617, -11.234888679868625, -7.5999996625e-05], [-75.81087205929805, -11.235318682611082, -7.5999996625e-05], [-75.81154288699457, -11.236202208964691, -7.5999996625e-05], [-75.8116921897427, -11.237159539980718, -7.5999996625e-05], [-75.81276269774027, -11.237029914398994, -7.5999996625e-05], [-75.8125264197584, -11.237590799975399, -7.5999996625e-05], [-75.8129586357324, -11.23825821204678, -7.5999996625e-05], [-75.81256589100303, -11.238666255143526, -7.5999996625e-05], [-75.81338171729237, -11.238399519821938, -7.5999996625e-05], [-75.8131275383052, -11.239631131471477, -7.5999996625e-05], [-75.81215982911277, -11.240465276950946, -7.5999996625e-05], [-75.8120603407121, -11.242588795736316, -7.5999996625e-05], [-75.81237324273093, -11.241431451000606, -7.5999996625e-05], [-75.81325057095705, -11.240959015546073, -7.5999996625e-05], [-75.81276054296467, -11.242370012266177, -7.5999996625e-05], [-75.81354661158684, -11.242392990843825, -7.5999996625e-05], [-75.81330226488757, -11.24595557598901, -7.5999996625e-05], [-75.8137264346272, -11.247002430917409, -7.5999996625e-05], [-75.81385654944019, -11.25067060186671, -7.5999996625e-05], [-75.81261058011417, -11.253348836879288, -7.5999996625e-05], [-75.81138963892067, -11.257208689329499, -7.5999996625e-05]]}, "properties": {"cod": "JU-554", "nombre": "Emp. JU-105 (Palcamayo) - Yaumanpata - Curutayo - Ricrican - Cauquiran - Tingo - Emp. JU-105.", "tipo_influencia": "Indirecta", "DISTRITO": "PALCAMAYO", "PROVINCIA": "TARMA", "DEPARTAMEN": "JUNIN", "Zonas": "Todas Zonas", "sububigeo": "12070700", "long_km": 29.5373718815, "dist_min_m": 7.4, "peligro": "Erosión | Flujo de detritos | Inundación", "nivel": "Medio", "pc_lng": -75.77117, "pc_lat": -11.29606, "pc_rio": "Río Shaca"}}, {"type": "Feature", "geometry": {"type": "LineString", "coordinates": [[-75.80065436318712, -11.28879240473268, -7.5999996625e-05], [-75.79635261727941, -11.290258388713589, -7.5999996625e-05], [-75.79452354372654, -11.291456913405801, -7.5999996625e-05], [-75.78892546184056, -11.291453781067107, -7.5999996625e-05], [-75.78662707707792, -11.291948203147, -7.5999996625e-05]]}, "properties": {"cod": "JU-558", "nombre": "Emp. PE-3N (Junin) - Huancapanteon - Viscamachay - Antipayarguna - Purhuaracra - Armachaca (Palcamayo) - Emp. JU-557.", "tipo_influencia": "Indirecta", "DISTRITO": "PALCAMAYO", "PROVINCIA": "TARMA", "DEPARTAMEN": "JUNIN", "Zonas": "Todas Zonas", "sububigeo": "12070700", "long_km": 19.6047126756, "dist_min_m": 1747.0, "peligro": "Erosión | Flujo de detritos | Inundación", "nivel": "Medio", "pc_lng": -75.77117, "pc_lat": -11.29606, "pc_rio": "Río Shaca"}}, {"type": "Feature", "geometry": {"type": "MultiLineString", "coordinates": [[[-75.72548317608312, -11.26444696484552, -7.5999996625e-05], [-75.72619534433966, -11.263476484652015, -7.5999996625e-05], [-75.72632130068746, -11.262071425256005, -7.5999996625e-05], [-75.72675267399666, -11.261900031561137, -7.5999996625e-05], [-75.72718557525405, -11.262367223068843, -7.5999996625e-05], [-75.72718696470662, -11.262920639775636, -7.5999996625e-05], [-75.72648686325043, -11.265394685086726, -7.5999996625e-05]], [[-75.72733641974231, -11.266317066560703, -7.5999996625e-05], [-75.72840240834444, -11.265514333119942, -7.5999996625e-05], [-75.72891759127378, -11.264363735997566, -7.5999996625e-05], [-75.72908178319767, -11.26095782714196, -7.5999996625e-05], [-75.72938373686992, -11.260871916705517, -7.5999996625e-05], [-75.73024951330433, -11.261763797761045, -7.5999996625e-05], [-75.7303870484235, -11.262920387066176, -7.5999996625e-05], [-75.7303917725622, -11.264793467144722, -7.5999996625e-05], [-75.72962217142606, -11.267775107335288, -7.5999996625e-05], [-75.73070014739386, -11.267219127560622, -7.5999996625e-05], [-75.7324198283124, -11.264320134166837, -7.5999996625e-05], [-75.73272358422601, -11.264915389133874, -7.5999996625e-05], [-75.73261217711024, -11.267818378215509, -7.5999996625e-05], [-75.73175140090638, -11.268884753828281, -7.5999996625e-05], [-75.73020527475359, -11.272166398860183, -7.5999996625e-05], [-75.73020677931936, -11.27276230943301, -7.5999996625e-05], [-75.73063848807574, -11.272718662636118, -7.5999996625e-05], [-75.7313287348332, -11.272504130261384, -7.5999996625e-05], [-75.73296281378282, -11.26986085189674, -7.5999996625e-05], [-75.73481388115567, -11.267685276754102, -7.5999996625e-05], [-75.73545524526332, -11.265214688007397, -7.5999996625e-05], [-75.7360593405661, -11.26508543924161, -7.5999996625e-05], [-75.73606464476751, -11.267171345680998, -7.5999996625e-05], [-75.73525145439106, -11.269982858422107, -7.5999996625e-05], [-75.73533964011227, -11.270706306350922, -7.5999996625e-05], [-75.73782163765839, -11.27223319420648, -7.5999996625e-05], [-75.73922715031267, -11.272672179377526, -7.5999996625e-05], [-75.73962384576384, -11.273236272835678, -7.5999996625e-05], [-75.74025800090595, -11.274397402817833, -7.5999996625e-05], [-75.74082108262684, -11.27963190498837, -7.5999996625e-05], [-75.74152978706996, -11.280896187209231, -7.5999996625e-05], [-75.74184703011633, -11.283110962001276, -7.5999996625e-05], [-75.74258192191814, -11.283859731241538, -7.5999996625e-05], [-75.74280010104377, -11.28576780214229, -7.5999996625e-05], [-75.74435666742625, -11.28639642735317, -7.5999996625e-05], [-75.74549579909183, -11.287569113623647, -7.5999996625e-05], [-75.74583723839777, -11.288517769779215, -7.5999996625e-05], [-75.74723603761299, -11.290211748972975, -7.5999996625e-05], [-75.7479865776184, -11.29060134337726, -7.5999996625e-05]]]}, "properties": {"cod": "JU-556", "nombre": "Emp. JU-554 (Palcamayo) - Yaumanpata - Cocon - Emp. JU-548 (San Juan).", "tipo_influencia": "Indirecta", "DISTRITO": "PALCAMAYO", "PROVINCIA": "TARMA", "DEPARTAMEN": "JUNIN", "Zonas": "Todas Zonas", "sububigeo": "12070700", "long_km": 23.757159137, "dist_min_m": 1991.6, "peligro": "Inundación", "nivel": "Medio", "pc_lng": -75.76163, "pc_lat": -11.30256, "pc_rio": ""}}, {"type": "Feature", "geometry": {"type": "LineString", "coordinates": [[-75.64181361060965, -11.278108144075533, -7.5999996625e-05], [-75.64219518935647, -11.277284454114236, -7.5999996625e-05], [-75.64292915215862, -11.27712002926592, -7.5999996625e-05], [-75.6431661666852, -11.276585977660709, -7.5999996625e-05], [-75.64412992335724, -11.277361635730871, -7.5999996625e-05], [-75.64617041043607, -11.276181538147407, -7.5999996625e-05], [-75.64728085642633, -11.277011115070877, -7.5999996625e-05], [-75.6484664272838, -11.277144601442162, -7.5999996625e-05], [-75.64904851527672, -11.276735919826812, -7.5999996625e-05], [-75.64979153335254, -11.277141250568206, -7.5999996625e-05], [-75.65080776816393, -11.276822574002553, -7.5999996625e-05], [-75.6515182271844, -11.275718862135703, -7.5999996625e-05], [-75.65200311465196, -11.277036403107445, -7.5999996625e-05], [-75.65513677264391, -11.278838696648501, -7.5999996625e-05], [-75.65623671635132, -11.279053352230385, -7.5999996625e-05], [-75.65723857190255, -11.280452830433722, -7.5999996625e-05], [-75.65938469065094, -11.281415684186408, -7.5999996625e-05], [-75.66000741720848, -11.281305802320905, -7.5999996625e-05], [-75.66145318621551, -11.282687367827698, -7.5999996625e-05], [-75.66131689935537, -11.281004427812034, -7.5999996625e-05], [-75.66230977337727, -11.278470069038413, -7.5999996625e-05]]}, "properties": {"cod": "JU-568", "nombre": "Emp. JU-567 (Chiras) - Huanchan - Emp. JU-577 (Punray).", "tipo_influencia": "Indirecta", "DISTRITO": "HUASAHUASI", "PROVINCIA": "TARMA", "DEPARTAMEN": "JUNIN", "Zonas": "Todas Zonas", "sububigeo": "12070400", "long_km": 3.47940616254, "dist_min_m": 1170.0, "peligro": "Inundación", "nivel": "Medio", "pc_lng": -75.64627, "pc_lat": -11.2656, "pc_rio": ""}}, {"type": "Feature", "geometry": {"type": "LineString", "coordinates": [[-75.70935106220175, -11.272855811046782, -7.5999996625e-05], [-75.70472777076998, -11.272970344205987, -7.5999996625e-05], [-75.70325541060868, -11.272456036316957, -7.5999996625e-05], [-75.70140910334743, -11.272284548193275, -7.5999996625e-05], [-75.69896068558711, -11.269576191288142, -7.5999996625e-05], [-75.69811049979967, -11.269420147221975, -7.5999996625e-05], [-75.69640606059119, -11.269771879268772, -7.5999996625e-05], [-75.6945378422476, -11.269308000863477, -7.5999996625e-05], [-75.69401657630391, -11.269716171663966, -7.5999996625e-05], [-75.6913157880931, -11.270491079699523, -7.5999996625e-05], [-75.688696694297, -11.270967498251427, -7.5999996625e-05], [-75.68790742318902, -11.27040858039164, -7.5999996625e-05], [-75.68723892023996, -11.270536797635039, -7.5999996625e-05], [-75.68599136361053, -11.269870437770466, -7.5999996625e-05], [-75.68577859030967, -11.268993731875181, -7.5999996625e-05], [-75.68339692203028, -11.269143882683972, -7.5999996625e-05], [-75.68297225496553, -11.267788378630716, -7.5999996625e-05], [-75.68247670333716, -11.267445943775218, -7.5999996625e-05], [-75.68116863042792, -11.268308060868266, -7.5999996625e-05], [-75.6798115822387, -11.267813710734112, -7.5999996625e-05], [-75.67902367360364, -11.266891842684348, -7.5999996625e-05], [-75.67788178821394, -11.267591272419217, -7.5999996625e-05], [-75.67642837407016, -11.266718199785041, -7.5999996625e-05], [-75.67679242503033, -11.265231595261866, -7.5999996625e-05], [-75.67848524319936, -11.264787326573813, -7.5999996625e-05], [-75.67940884963866, -11.264079804739149, -7.5999996625e-05]]}, "properties": {"cod": "JU-570", "nombre": "Emp. JU-569 - Emp. JU-556 (Chupas).", "tipo_influencia": "Indirecta", "DISTRITO": "HUASAHUASI", "PROVINCIA": "TARMA", "DEPARTAMEN": "JUNIN", "Zonas": "Todas Zonas", "sububigeo": "12070400", "long_km": 4.76735179348, "dist_min_m": 1776.6, "peligro": "Erosión | Flujo de detritos | Inundación", "nivel": "Medio", "pc_lng": -75.66132, "pc_lat": -11.26019, "pc_rio": "Río Huasahuasi"}}, {"type": "Feature", "geometry": {"type": "LineString", "coordinates": [[-75.67679045101846, -11.253071065976886, -7.5999996625e-05], [-75.67644177666659, -11.252854863561089, -7.5999996625e-05], [-75.6759749988471, -11.253045795926711, -7.5999996625e-05], [-75.67561081838454, -11.253987112715043, -7.5999996625e-05], [-75.67449550886062, -11.255020638791395, -7.5999996625e-05], [-75.67333238867877, -11.25514985428231, -7.5999996625e-05], [-75.67256567976227, -11.256372454724948, -7.5999996625e-05], [-75.67103805626124, -11.25737968642335, -7.5999996625e-05], [-75.66992099395867, -11.25763536458039, -7.5999996625e-05], [-75.66880529592765, -11.258515076909244, -7.5999996625e-05], [-75.66805935775312, -11.260795738732329, -7.5999996625e-05], [-75.66586877202616, -11.26435466363677, -7.5999996625e-05], [-75.66601752708715, -11.266394078723692, -7.5999996625e-05], [-75.6632885127546, -11.265789254970112, -7.5999996625e-05], [-75.6621998618341, -11.266460839895778, -7.5999996625e-05], [-75.66060976332989, -11.268236865139148, -7.5999996625e-05], [-75.65936497031709, -11.268755084179755, -7.5999996625e-05], [-75.65809932832134, -11.268179146650251, -7.5999996625e-05], [-75.65696364825374, -11.268344407868087, -7.5999996625e-05], [-75.65597036683891, -11.270807596093615, -7.5999996625e-05], [-75.65622890933668, -11.271583595006863, -7.5999996625e-05], [-75.65582920475396, -11.27442159458087, -7.5999996625e-05], [-75.65363663602187, -11.271797264931765, -7.5999996625e-05]]}, "properties": {"cod": "JU-575", "nombre": "Emp. JU-548 (Carita) - Vista Alegre - Emp. JU-567 (Chiras).", "tipo_influencia": "Indirecta", "DISTRITO": "HUASAHUASI", "PROVINCIA": "TARMA", "DEPARTAMEN": "JUNIN", "Zonas": "Todas Zonas", "sububigeo": "12070400", "long_km": 4.47100698166, "dist_min_m": 491.8, "peligro": "Erosión | Flujo de detritos | Inundación", "nivel": "Medio", "pc_lng": -75.6606, "pc_lat": -11.26219, "pc_rio": "Río Pongoyacu"}}, {"type": "Feature", "geometry": {"type": "LineString", "coordinates": [[-75.67112032624203, -11.257316209575372, -7.5999996625e-05], [-75.67106505480837, -11.258208363125393, -7.5999996625e-05], [-75.67027881171776, -11.25886383220007, -7.5999996625e-05], [-75.66932338906311, -11.260844613288212, -7.5999996625e-05], [-75.6696766877289, -11.266062894387012, -7.5999996625e-05]]}, "properties": {"cod": "JU-576", "nombre": "Emp. JU-575 (Carita) - Pongo.", "tipo_influencia": "Indirecta", "DISTRITO": "HUASAHUASI", "PROVINCIA": "TARMA", "DEPARTAMEN": "JUNIN", "Zonas": "Todas Zonas", "sububigeo": "12070400", "long_km": 1.04348342258, "dist_min_m": 876.2, "peligro": "Erosión | Flujo de detritos | Inundación", "nivel": "Medio", "pc_lng": -75.66132, "pc_lat": -11.26019, "pc_rio": "Río Huasahuasi"}}, {"type": "Feature", "geometry": {"type": "LineString", "coordinates": [[-75.64315398896537, -11.260602122789688, -7.5999996625e-05], [-75.6461365131895, -11.25978038615585, -7.5999996625e-05], [-75.6458213673622, -11.260365872686801, -7.5999996625e-05], [-75.64337204758193, -11.26204783603873, -7.5999996625e-05], [-75.64129652921139, -11.264018481767499, -7.5999996625e-05]]}, "properties": {"cod": "JU-579", "nombre": "Emp. JU-578 (Huasahuasi) - Emp. JU-578 (Hualacsha).", "tipo_influencia": "Indirecta", "DISTRITO": "HUASAHUASI", "PROVINCIA": "TARMA", "DEPARTAMEN": "JUNIN", "Zonas": "Todas Zonas", "sububigeo": "12070400", "long_km": 1.06600366423, "dist_min_m": 474.4, "peligro": "Inundación", "nivel": "Medio", "pc_lng": -75.64616, "pc_lat": -11.26542, "pc_rio": "Río Huasahuasi"}}, {"type": "Feature", "geometry": {"type": "LineString", "coordinates": [[-75.64001132156523, -11.271003989142736, -7.5999996625e-05], [-75.63804746212065, -11.27123153920411, -7.5999996625e-05], [-75.63808192683939, -11.270141967377864, -7.5999996625e-05], [-75.64359257573676, -11.266438442280222, -7.5999996625e-05]]}, "properties": {"cod": "JU-591", "nombre": "Emp. JU-548 (Huasahuasi) - Emp. JU-577 (Punray).", "tipo_influencia": "Indirecta", "DISTRITO": "HUASAHUASI", "PROVINCIA": "TARMA", "DEPARTAMEN": "JUNIN", "Zonas": "Todas Zonas", "sububigeo": "12070400", "long_km": 1.0820435726, "dist_min_m": 301.6, "peligro": "Inundación", "nivel": "Medio", "pc_lng": -75.64616, "pc_lat": -11.26542, "pc_rio": "Río Huasahuasi"}}, {"type": "Feature", "geometry": {"type": "LineString", "coordinates": [[-75.53180092337385, -11.387894784916337, -7.5999996625e-05], [-75.53120216464816, -11.388777783367964, -7.5999996625e-05], [-75.53030124090952, -11.388316209025795, -7.5999996625e-05], [-75.52733834528834, -11.388941426705466, -7.5999996625e-05], [-75.52686521106062, -11.388812981034222, -7.5999996625e-05], [-75.52702126771733, -11.388190097994597, -7.5999996625e-05], [-75.52672770831703, -11.388511780094513, -7.5999996625e-05], [-75.526253481413, -11.387664891221734, -7.5999996625e-05], [-75.52633023944895, -11.388306254430056, -7.5999996625e-05], [-75.52592786298044, -11.3886382571498, -7.5999996625e-05], [-75.52582548505808, -11.388202907038467, -7.5999996625e-05], [-75.52390639566357, -11.387380474329413, -7.5999996625e-05], [-75.5235987816584, -11.388408417414489, -7.5999996625e-05], [-75.52170879882198, -11.390450291247873, -7.5999996625e-05], [-75.52292059480959, -11.390550580045215, -7.5999996625e-05], [-75.52433381285516, -11.389620126167872, -7.5999996625e-05], [-75.52538448090905, -11.389519607144102, -7.5999996625e-05], [-75.52648041543875, -11.390279490206234, -7.5999996625e-05], [-75.5255648993006, -11.390595683743754, -7.5999996625e-05], [-75.52451836902748, -11.391883717059835, -7.5999996625e-05], [-75.52294286562073, -11.39227404621022, -7.5999996625e-05], [-75.52361018865925, -11.39262023573525, -7.5999996625e-05], [-75.52252516740253, -11.392497754367804, -7.5999996625e-05], [-75.52208234302566, -11.392082719042202, -7.5999996625e-05], [-75.5202292845538, -11.39242008981523, -7.5999996625e-05], [-75.51929070710042, -11.39165619937404, -7.5999996625e-05], [-75.51840756115996, -11.39144970963633, -7.5999996625e-05], [-75.51677360901482, -11.391829168681177, -7.5999996625e-05], [-75.51672072887851, -11.391341197438233, -7.5999996625e-05]]}, "properties": {"cod": "JU-617", "nombre": "Emp. JU-614 (Yaroka) - San Juan Ranra.", "tipo_influencia": "Indirecta", "DISTRITO": "TAPO", "PROVINCIA": "TARMA", "DEPARTAMEN": "JUNIN", "Zonas": "Todas Zonas", "sububigeo": "12070900", "long_km": 3.88599275598, "dist_min_m": 1854.0, "peligro": "Erosión | Inundación", "nivel": "Muy Alto", "pc_lng": -75.54315, "pc_lat": -11.37541, "pc_rio": "Río Ricran"}}, {"type": "Feature", "geometry": {"type": "LineString", "coordinates": [[-75.53141830321209, -11.465249156823058, -7.5999996625e-05], [-75.53010290532478, -11.466817095132793, -7.5999996625e-05], [-75.52776995421999, -11.467007755003866, -7.5999996625e-05], [-75.52716299367717, -11.467675391905736, -7.5999996625e-05], [-75.52856819516603, -11.467975111662048, -7.5999996625e-05], [-75.5274818357181, -11.469569650119176, -7.5999996625e-05], [-75.52778643789378, -11.470795583449387, -7.5999996625e-05], [-75.52767349293731, -11.471855724062376, -7.5999996625e-05], [-75.52826991612369, -11.473282393267766, -7.5999996625e-05], [-75.53054310817788, -11.474625638662253, -7.5999996625e-05], [-75.53299895973419, -11.474751454715832, -7.5999996625e-05], [-75.5348243676504, -11.47543780381153, -7.5999996625e-05], [-75.53580261959519, -11.475980669672131, -7.5999996625e-05], [-75.53694855193407, -11.477518154239366, -7.5999996625e-05], [-75.53793734303389, -11.478048248827575, -7.5999996625e-05]]}, "properties": {"cod": "JU-620", "nombre": "Emp. JU-614 (Pacchac) - Yuracmayo - Emp. JU-614.", "tipo_influencia": "Indirecta", "DISTRITO": "TAPO", "PROVINCIA": "TARMA", "DEPARTAMEN": "JUNIN", "Zonas": "Todas Zonas", "sububigeo": "12070900", "long_km": 2.67609752828, "dist_min_m": 2.5, "peligro": "Inundación", "nivel": "Medio", "pc_lng": -75.5272, "pc_lat": -11.46776, "pc_rio": ""}}, {"type": "Feature", "geometry": {"type": "LineString", "coordinates": [[-75.58972553510534, -11.344476364592486, -7.5999996625e-05], [-75.58749831189755, -11.344450970435904, -7.5999996625e-05], [-75.58645781157873, -11.343957202163097, -7.5999996625e-05], [-75.58677444758263, -11.341631184831279, -7.5999996625e-05], [-75.586097679864, -11.339110125232027, -7.5999996625e-05], [-75.58629093337981, -11.337977109855682, -7.5999996625e-05], [-75.5856417253853, -11.336843735649843, -7.5999996625e-05]]}, "properties": {"cod": "JU-610", "nombre": "Emp. JU-608 - Emp. JU-606 (Llaczacaca).", "tipo_influencia": "Directa", "DISTRITO": "PALCA", "PROVINCIA": "TARMA", "DEPARTAMEN": "JUNIN", "Zonas": "Todas Zonas", "sububigeo": "12070600", "long_km": 1.20172647925, "dist_min_m": 1181.0, "peligro": "Erosión | Flujo de detritos | Inundación", "nivel": "Medio", "pc_lng": -75.57596, "pc_lat": -11.34654, "pc_rio": "Río Tarma"}}, {"type": "Feature", "geometry": {"type": "LineString", "coordinates": [[-75.58443831377713, -11.345822224316189, -7.5999996625e-05], [-75.583194740245, -11.345837432751301, -7.5999996625e-05], [-75.58276828892537, -11.345488819553331, -7.5999996625e-05], [-75.58013577994222, -11.345532703771193, -7.5999996625e-05], [-75.5780761067269, -11.34477002381749, -7.5999996625e-05], [-75.57620566525918, -11.345253063178284, -7.5999996625e-05], [-75.57466957733908, -11.345006059881719, -7.5999996625e-05], [-75.5732435628401, -11.345578088058286, -7.5999996625e-05], [-75.57023111007766, -11.34555209765114, -7.5999996625e-05], [-75.57004230011205, -11.346560356375283, -7.5999996625e-05]]}, "properties": {"cod": "JU-611", "nombre": "Emp. PE-22 B (Palca) - San Luis - Emp. JU-606. (Llaczacaca).", "tipo_influencia": "Directa", "DISTRITO": "PALCA", "PROVINCIA": "TARMA", "DEPARTAMEN": "JUNIN", "Zonas": "Todas Zonas", "sububigeo": "12070600", "long_km": 1.75074584021, "dist_min_m": 143.4, "peligro": "Erosión | Flujo de detritos | Inundación", "nivel": "Medio", "pc_lng": -75.57596, "pc_lat": -11.34654, "pc_rio": "Río Tarma"}}, {"type": "Feature", "geometry": {"type": "LineString", "coordinates": [[-75.59031549936077, -11.322829518367538, -7.5999996625e-05], [-75.5898192219795, -11.323016945175821, -7.5999996625e-05], [-75.58919520489474, -11.322593146856201, -7.5999996625e-05], [-75.58840138501586, -11.324267771740207, -7.5999996625e-05], [-75.58737712735251, -11.325255516029184, -7.5999996625e-05], [-75.58308328006927, -11.32716319122823, -7.5999996625e-05], [-75.58310183488176, -11.328190994918435, -7.5999996625e-05], [-75.58173009356892, -11.328685105832912, -7.5999996625e-05], [-75.57909595861156, -11.331150028850692, -7.5999996625e-05], [-75.57688008215001, -11.332662944838997, -7.5999996625e-05], [-75.57508400292437, -11.332053248558516, -7.5999996625e-05], [-75.57430565678062, -11.33233505112168, -7.5999996625e-05], [-75.57297502257921, -11.331406173755845, -7.5999996625e-05], [-75.57110695981828, -11.332097129179148, -7.5999996625e-05], [-75.57206635387911, -11.331129365128042, -7.5999996625e-05], [-75.57105015863789, -11.331156646062318, -7.5999996625e-05], [-75.57114972168227, -11.330532496777268, -7.5999996625e-05], [-75.57059762877753, -11.329412230190197, -7.5999996625e-05], [-75.57177182411033, -11.330033918030828, -7.5999996625e-05], [-75.57304491608994, -11.329696825148286, -7.5999996625e-05], [-75.57538173967549, -11.329719408923546, -7.5999996625e-05], [-75.57636166705726, -11.329167682942172, -7.5999996625e-05]]}, "properties": {"cod": "JU-605", "nombre": "Emp. JU-606 (Yanama) - CIA. Minera de Agregados.", "tipo_influencia": "Directa", "DISTRITO": "PALCA", "PROVINCIA": "TARMA", "DEPARTAMEN": "JUNIN", "Zonas": "Todas Zonas", "sububigeo": "12070600", "long_km": 3.98693373101, "dist_min_m": 1535.8, "peligro": "Erosión | Flujo de detritos | Inundación", "nivel": "Medio", "pc_lng": -75.57596, "pc_lat": -11.34654, "pc_rio": "Río Tarma"}}, {"type": "Feature", "geometry": {"type": "LineString", "coordinates": [[-75.5481766560278, -11.367896808790654, -7.5999996625e-05], [-75.54773563389233, -11.368105947031772, -7.5999996625e-05], [-75.5467793586804, -11.367050674449043, -7.5999996625e-05], [-75.54634928399224, -11.367413225340048, -7.5999996625e-05], [-75.54388035089744, -11.372136223707692, -7.5999996625e-05], [-75.54377244484243, -11.372820688723776, -7.5999996625e-05], [-75.54468752660802, -11.373470208783093, -7.5999996625e-05]]}, "properties": {"cod": "JU-615", "nombre": "Emp. JU-614 - Yaroka.", "tipo_influencia": "Indirecta", "DISTRITO": "TAPO", "PROVINCIA": "TARMA", "DEPARTAMEN": "JUNIN", "Zonas": "Todas Zonas", "sububigeo": "12070900", "long_km": 1.06934419911, "dist_min_m": 11.3, "peligro": "Erosión | Inundación", "nivel": "Muy Alto", "pc_lng": -75.54742, "pc_lat": -11.36791, "pc_rio": "Río Ricran"}}, {"type": "Feature", "geometry": {"type": "LineString", "coordinates": [[-75.60390922874862, -11.349280284291327, -7.5999996625e-05], [-75.60254961837018, -11.350356456784997, -7.5999996625e-05], [-75.60192559768814, -11.349968856177718, -7.5999996625e-05], [-75.60186041842354, -11.34948065830571, -7.5999996625e-05], [-75.60138432632557, -11.349689583407487, -7.5999996625e-05], [-75.59878972196805, -11.349152279853797, -7.5999996625e-05], [-75.59828217608151, -11.349280976435864, -7.5999996625e-05], [-75.59882893061064, -11.349436827147827, -7.5999996625e-05], [-75.59721432288268, -11.349750223793757, -7.5999996625e-05], [-75.59604184435557, -11.349182166124024, -7.5999996625e-05], [-75.59522591014758, -11.349422961400482, -7.5999996625e-05], [-75.59546753909564, -11.348895173573338, -7.5999996625e-05], [-75.59620622333847, -11.34868174826402, -7.5999996625e-05], [-75.59436212031557, -11.348923351131699, -7.5999996625e-05], [-75.59322214058926, -11.347731985942351, -7.5999996625e-05], [-75.59362416542285, -11.347625120402931, -7.5999996625e-05], [-75.59214846517949, -11.34702763871451, -7.5999996625e-05], [-75.59367457332286, -11.346603147916884, -7.5999996625e-05], [-75.5945105830969, -11.346901191336874, -7.5999996625e-05], [-75.59572862937273, -11.346637434569917, -7.5999996625e-05], [-75.59694720714788, -11.347685052123442, -7.5999996625e-05], [-75.59669301467085, -11.34623693768446, -7.5999996625e-05], [-75.5948381089915, -11.34515787083905, -7.5999996625e-05], [-75.59291383860273, -11.345393838554738, -7.5999996625e-05], [-75.58972553510534, -11.344476364592486, -7.5999996625e-05], [-75.59179509186998, -11.343640945673021, -7.5999996625e-05], [-75.5937659021746, -11.343881108726114, -7.5999996625e-05], [-75.59569867835131, -11.343452174378294, -7.5999996625e-05], [-75.59679904384075, -11.343766494627976, -7.5999996625e-05], [-75.59760709998761, -11.344542608654413, -7.5999996625e-05], [-75.59923885329039, -11.344819587254108, -7.5999996625e-05], [-75.602608032035, -11.343257319169876, -7.5999996625e-05], [-75.60443257030681, -11.343687670849299, -7.5999996625e-05], [-75.60471551770695, -11.34312642914136, -7.5999996625e-05], [-75.60554951839549, -11.343151843982355, -7.5999996625e-05], [-75.60705159435838, -11.34212005889092, -7.5999996625e-05]]}, "properties": {"cod": "JU-608", "nombre": "Emp. JU-577 (Huaracayo) - Buenos Aires - Emp. JU-577 (Santa Fe).", "tipo_influencia": "Directa", "DISTRITO": "PALCA", "PROVINCIA": "TARMA", "DEPARTAMEN": "JUNIN", "Zonas": "Todas Zonas", "sububigeo": "12070600", "long_km": 10.9240519689, "dist_min_m": 1519.7, "peligro": "Erosión | Flujo de detritos | Inundación", "nivel": "Medio", "pc_lng": -75.57596, "pc_lat": -11.34654, "pc_rio": "Río Tarma"}}, {"type": "Feature", "geometry": {"type": "LineString", "coordinates": [[-75.58293603227202, -11.361936275838382, -7.5999996625e-05], [-75.58340275073631, -11.362675761377263, -7.5999996625e-05], [-75.5867239488511, -11.36440766857901, -7.5999996625e-05], [-75.58658173725735, -11.364599180108023, -7.5999996625e-05], [-75.58788823005773, -11.364566015808915, -7.5999996625e-05], [-75.58956336305874, -11.36357696480503, -7.5999996625e-05], [-75.59200600807077, -11.36593235129693, -7.5999996625e-05], [-75.59324836032351, -11.36656429410686, -7.5999996625e-05]]}, "properties": {"cod": "JU-631", "nombre": "Emp. JU-624 (Huaylahuychan) - Pta. Carretera.", "tipo_influencia": "Directa", "DISTRITO": "PALCA", "PROVINCIA": "TARMA", "DEPARTAMEN": "JUNIN", "Zonas": "Todas Zonas", "sububigeo": "12070600", "long_km": 1.47854670661, "dist_min_m": 1865.2, "peligro": "Erosión | Flujo de detritos | Inundación", "nivel": "Medio", "pc_lng": -75.57596, "pc_lat": -11.34654, "pc_rio": "Río Tarma"}}, {"type": "Feature", "geometry": {"type": "LineString", "coordinates": [[-75.60765496348496, -11.340961379240918, -7.5999996625e-05], [-75.60704860371004, -11.341367230213455, -7.5999996625e-05], [-75.60520481994644, -11.340511892210039, -7.5999996625e-05], [-75.60297888906445, -11.340941487559583, -7.5999996625e-05], [-75.60208336035873, -11.340434278918794, -7.5999996625e-05], [-75.60149337272094, -11.340483310856094, -7.5999996625e-05], [-75.60106287984797, -11.340592686403287, -7.5999996625e-05], [-75.6003775613753, -11.341561701411354, -7.5999996625e-05], [-75.59943424089744, -11.341834953220488, -7.5999996625e-05], [-75.59786630078914, -11.341385966688962, -7.5999996625e-05], [-75.59552961479983, -11.341472064184359, -7.5999996625e-05], [-75.59394216210109, -11.340462431296148, -7.5999996625e-05], [-75.59132209973507, -11.34087455911355, -7.5999996625e-05], [-75.59086413886888, -11.340637412386625, -7.5999996625e-05], [-75.59077767894667, -11.340042292317897, -7.5999996625e-05], [-75.5913453274249, -11.338830768824888, -7.5999996625e-05], [-75.59106871305062, -11.337999322210923, -7.5999996625e-05], [-75.59123946732751, -11.33637114641124, -7.5999996625e-05], [-75.59087056542421, -11.335232471601213, -7.5999996625e-05], [-75.59188051217586, -11.33168545192199, -7.5999996625e-05], [-75.59235632188671, -11.331349871699157, -7.5999996625e-05], [-75.59207012163876, -11.330337614589205, -7.5999996625e-05], [-75.59222451724764, -11.329649968671053, -7.5999996625e-05], [-75.59292870079885, -11.328961311914952, -7.5999996625e-05], [-75.59303622194403, -11.327785426756009, -7.5999996625e-05], [-75.59385965379994, -11.327141736102186, -7.5999996625e-05], [-75.59445304627104, -11.32604624763615, -7.5999996625e-05], [-75.59443197785345, -11.324734999220766, -7.5999996625e-05], [-75.59548242197616, -11.323086968188989, -7.5999996625e-05], [-75.59685503023542, -11.322161784338851, -7.5999996625e-05], [-75.59769437559493, -11.321988752978546, -7.5999996625e-05], [-75.59696260893719, -11.321022156247471, -7.5999996625e-05], [-75.59795393072926, -11.319406874927264, -7.5999996625e-05], [-75.59570082233506, -11.319630407717105, -7.5999996625e-05], [-75.59326970663165, -11.321073258424066, -7.5999996625e-05], [-75.59296874940821, -11.321586515904919, -7.5999996625e-05], [-75.5921188999672, -11.321134967204896, -7.5999996625e-05], [-75.59169616014964, -11.321880111278068, -7.5999996625e-05], [-75.5915142479841, -11.32171483387242, -7.5999996625e-05], [-75.59033656777837, -11.32274954885253, -7.5999996625e-05], [-75.59166059915731, -11.322409111391325, -7.5999996625e-05], [-75.59071795137231, -11.32309489661213, -7.5999996625e-05], [-75.59013062662706, -11.32472236914197, -7.5999996625e-05], [-75.5891549539379, -11.324968254581213, -7.5999996625e-05], [-75.58801709930964, -11.327088950394685, -7.5999996625e-05], [-75.58738902808113, -11.32768106313051, -7.5999996625e-05], [-75.58871044782887, -11.327122017567032, -7.5999996625e-05], [-75.59018278370849, -11.32723861197228, -7.5999996625e-05], [-75.58892184516696, -11.328513268772262, -7.5999996625e-05], [-75.58845582997253, -11.328687160783772, -7.5999996625e-05], [-75.58825865271461, -11.328448133574453, -7.5999996625e-05], [-75.58721837542765, -11.32977560036363, -7.5999996625e-05], [-75.58747926065934, -11.330315403133286, -7.5999996625e-05], [-75.58666484270827, -11.33242686111072, -7.5999996625e-05], [-75.58682320162939, -11.333194624931942, -7.5999996625e-05], [-75.58646038813635, -11.33369669844381, -7.5999996625e-05], [-75.58642566441284, -11.334937353675919, -7.5999996625e-05], [-75.58670476990915, -11.335479742895757, -7.5999996625e-05], [-75.58554449608158, -11.337045595677642, -7.5999996625e-05], [-75.58550068830607, -11.338280032097767, -7.5999996625e-05], [-75.58507921023732, -11.338960156985593, -7.5999996625e-05], [-75.58532249303857, -11.340352430720031, -7.5999996625e-05], [-75.58514923864642, -11.341772023160265, -7.5999996625e-05], [-75.58389459625857, -11.344736508782836, -7.5999996625e-05], [-75.58445891094993, -11.345880409553223, -7.5999996625e-05], [-75.58550786039939, -11.346773171044962, -7.5999996625e-05], [-75.58753977873778, -11.347620209205212, -7.5999996625e-05], [-75.58729660205648, -11.349024749692383, -7.5999996625e-05]]}, "properties": {"cod": "JU-606", "nombre": "Emp. PE-22 B - Llaczacaca - Yanama - Emp. JU-608 (Bellavista).", "tipo_influencia": "Directa", "DISTRITO": "PALCA", "PROVINCIA": "TARMA", "DEPARTAMEN": "JUNIN", "Zonas": "Todas Zonas", "sububigeo": "12070600", "long_km": 10.8790002458, "dist_min_m": 888.9, "peligro": "Erosión | Flujo de detritos | Inundación", "nivel": "Medio", "pc_lng": -75.57596, "pc_lat": -11.34654, "pc_rio": "Río Tarma"}}, {"type": "Feature", "geometry": {"type": "LineString", "coordinates": [[-75.57847240108043, -11.363426350845378, -7.5999996625e-05], [-75.58059445397083, -11.365294847978824, -7.5999996625e-05], [-75.58035721911034, -11.365810861881693, -7.5999996625e-05], [-75.5804431646203, -11.367501727622598, -7.5999996625e-05], [-75.5811701540793, -11.368983464115555, -7.5999996625e-05], [-75.58095401101878, -11.370846802737738, -7.5999996625e-05], [-75.58132142094678, -11.371280160850691, -7.5999996625e-05], [-75.58158094820215, -11.372699436729585, -7.5999996625e-05], [-75.58048394527782, -11.374094265437979, -7.5999996625e-05], [-75.58048932861959, -11.376752999551226, -7.5999996625e-05], [-75.58007938885265, -11.377974682685414, -7.5999996625e-05], [-75.5805053275588, -11.380099048632127, -7.5999996625e-05], [-75.57951885760917, -11.381792026880479, -7.5999996625e-05], [-75.57965209127093, -11.384215429998058, -7.5999996625e-05], [-75.57906786019356, -11.385401288638485, -7.5999996625e-05], [-75.5787857428677, -11.387090615639352, -7.5999996625e-05], [-75.57836310737144, -11.385891007264144, -7.5999996625e-05], [-75.57732924315003, -11.385121023016778, -7.5999996625e-05]]}, "properties": {"cod": "JU-629", "nombre": "Emp. JU-630 (Casacoto) - Paucarmarca - Emp. JU-628.", "tipo_influencia": "Indirecta", "DISTRITO": "TAPO", "PROVINCIA": "TARMA", "DEPARTAMEN": "JUNIN", "Zonas": "Todas Zonas", "sububigeo": "12070900", "long_km": 3.27731215458, "dist_min_m": 1887.5, "peligro": "Erosión | Flujo de detritos | Inundación", "nivel": "Medio", "pc_lng": -75.57596, "pc_lat": -11.34654, "pc_rio": "Río Tarma"}}, {"type": "Feature", "geometry": {"type": "MultiLineString", "coordinates": [[[-75.6906721610833, -11.370678052008977, -7.5999996625e-05], [-75.69101659893688, -11.371106488273767, -7.5999996625e-05], [-75.69181352957071, -11.370959957236215, -7.5999996625e-05], [-75.69258191482345, -11.37035219989406, -7.5999996625e-05], [-75.69391516874998, -11.368359608908793, -7.5999996625e-05], [-75.6969821132339, -11.367004939426351, -7.5999996625e-05], [-75.69637704756263, -11.36692499868969, -7.5999996625e-05], [-75.6961416950389, -11.366539132886103, -7.5999996625e-05]], [[-75.69650492680279, -11.366266430234814, -7.5999996625e-05], [-75.7004160260787, -11.365848277276147, -7.5999996625e-05], [-75.70167893233685, -11.365094661589298, -7.5999996625e-05], [-75.70382556729606, -11.36222290326436, -7.5999996625e-05], [-75.70582045964647, -11.360997283797584, -7.5999996625e-05], [-75.70888910924498, -11.360420226612126, -7.5999996625e-05], [-75.70820070699699, -11.362699115871454, -7.5999996625e-05]]]}, "properties": {"cod": "JU-641", "nombre": "Emp. JU-639 (Tupin) - Humancocha.", "tipo_influencia": "Indirecta", "DISTRITO": "TARMA", "PROVINCIA": "TARMA", "DEPARTAMEN": "JUNIN", "Zonas": "Todas Zonas", "sububigeo": "12070100", "long_km": 3.92919172471, "dist_min_m": 1276.9, "peligro": "Inundación", "nivel": "Medio", "pc_lng": -75.68935, "pc_lat": -11.38254, "pc_rio": ""}}, {"type": "Feature", "geometry": {"type": "MultiLineString", "coordinates": [[[-75.6961416950389, -11.366539132886103, -7.5999996625e-05], [-75.6961416950389, -11.366539132886103, -7.5999996625e-05]], [[-75.69650492680277, -11.366266430234814, -7.5999996625e-05], [-75.69650492680279, -11.366266430234814, -7.5999996625e-05]]]}, "properties": {"cod": "JU-641", "nombre": "Emp. JU-639 (Tupin) - Humancocha.", "tipo_influencia": "Indirecta", "DISTRITO": "TARMA", "PROVINCIA": "TARMA", "DEPARTAMEN": "JUNIN", "Zonas": "Todas Zonas", "sububigeo": "12070100", "long_km": 3.92919172471, "dist_min_m": 1918.5, "peligro": "Inundación", "nivel": "Medio", "pc_lng": -75.68935, "pc_lat": -11.38254, "pc_rio": ""}}, {"type": "Feature", "geometry": {"type": "MultiLineString", "coordinates": [[[-75.69166326904457, -11.36740887441999, -7.5999996625e-05], [-75.68860969388226, -11.368742845106164, -7.5999996625e-05], [-75.6885921553037, -11.36908645627488, -7.5999996625e-05], [-75.68960206788108, -11.369798540370311, -7.5999996625e-05], [-75.68934408026507, -11.36923849116341, -7.5999996625e-05], [-75.68959995897092, -11.368921354237049, -7.5999996625e-05], [-75.6906721610833, -11.370678052008977, -7.5999996625e-05]], [[-75.6961416950389, -11.366539132886103, -7.5999996625e-05], [-75.69618283716818, -11.366211011628813, -7.5999996625e-05], [-75.69650492680277, -11.366266430234814, -7.5999996625e-05]]]}, "properties": {"cod": "JU-641", "nombre": "Emp. JU-639 (Tupin) - Humancocha.", "tipo_influencia": "Indirecta", "DISTRITO": "ACOBAMBA", "PROVINCIA": "TARMA", "DEPARTAMEN": "JUNIN", "Zonas": "Todas Zonas", "sububigeo": "12070200", "long_km": 3.92919172471, "dist_min_m": 1319.7, "peligro": "Inundación", "nivel": "Medio", "pc_lng": -75.68935, "pc_lat": -11.38254, "pc_rio": ""}}, {"type": "Feature", "geometry": {"type": "LineString", "coordinates": [[-75.77159690377403, -11.296621843123487, -7.5999996625e-05], [-75.77236180055661, -11.297025654010664, -7.5999996625e-05], [-75.77300722959995, -11.296966830254979, -7.5999996625e-05], [-75.77358594063861, -11.297525965750657, -7.5999996625e-05], [-75.77164913370052, -11.299629032154078, -7.5999996625e-05], [-75.77163261315452, -11.300316297658975, -7.5999996625e-05], [-75.77085520320503, -11.300833763067661, -7.5999996625e-05], [-75.770794200392, -11.302009551999154, -7.5999996625e-05], [-75.77034567880999, -11.302164418852776, -7.5999996625e-05], [-75.76890310779214, -11.304076319066832, -7.5999996625e-05], [-75.76768665601435, -11.304911357573012, -7.5999996625e-05], [-75.76873902018957, -11.304393187095851, -7.5999996625e-05], [-75.7693804598403, -11.304418645104363, -7.5999996625e-05], [-75.77081640015672, -11.303447319737973, -7.5999996625e-05], [-75.76856819936285, -11.305614468233099, -7.5999996625e-05], [-75.76924954193277, -11.306860658792349, -7.5999996625e-05], [-75.76906048285497, -11.308127192915547, -7.5999996625e-05], [-75.7696587892217, -11.309511023814649, -7.5999996625e-05], [-75.76870027919449, -11.309813773386905, -7.5999996625e-05], [-75.76820275984943, -11.30947683338911, -7.5999996625e-05], [-75.76705595876547, -11.309550238752484, -7.5999996625e-05], [-75.76510447309295, -11.308987498774005, -7.5999996625e-05], [-75.76302913908347, -11.310729044909458, -7.5999996625e-05], [-75.76242767609631, -11.311969514881191, -7.5999996625e-05], [-75.76399170505313, -11.310898434914812, -7.5999996625e-05], [-75.76199933080443, -11.312847798187308, -7.5999996625e-05], [-75.76246908088336, -11.313768974658386, -7.5999996625e-05], [-75.76248151401063, -11.314870527252989, -7.5999996625e-05], [-75.7609880143853, -11.315020749108216, -7.5999996625e-05], [-75.76188861436805, -11.314980910040902, -7.5999996625e-05], [-75.75961586657894, -11.315892415202761, -7.5999996625e-05], [-75.75916867599358, -11.316562795036928, -7.5999996625e-05]]}, "properties": {"cod": "JU-559", "nombre": "Emp. JU-105 (Palcamayo) - Ochonga - Emp. JU-560.", "tipo_influencia": "Indirecta", "DISTRITO": "PALCAMAYO", "PROVINCIA": "TARMA", "DEPARTAMEN": "JUNIN", "Zonas": "Todas Zonas", "sububigeo": "12070700", "long_km": 5.12691301352, "dist_min_m": 77.7, "peligro": "Erosión | Flujo de detritos | Inundación", "nivel": "Medio", "pc_lng": -75.77117, "pc_lat": -11.29606, "pc_rio": "Río Shaca"}}, {"type": "Feature", "geometry": {"type": "LineString", "coordinates": [[-75.68059041671432, -11.455195192304242, -7.5999996625e-05], [-75.67919280460421, -11.454933078598629, -7.5999996625e-05], [-75.67814360874053, -11.455336947042435, -7.5999996625e-05], [-75.67515524072172, -11.457774346309005, -7.5999996625e-05], [-75.6749847319598, -11.45855319607307, -7.5999996625e-05], [-75.67456459927678, -11.458692135933294, -7.5999996625e-05], [-75.67479805428673, -11.458443684728191, -7.5999996625e-05], [-75.67467264922334, -11.4576499655734, -7.5999996625e-05], [-75.67450489418547, -11.458188582137321, -7.5999996625e-05], [-75.67370704894114, -11.458790222290872, -7.5999996625e-05], [-75.67437358237487, -11.457677057650018, -7.5999996625e-05], [-75.67452092280229, -11.456627111751743, -7.5999996625e-05], [-75.6738485617617, -11.458118941336012, -7.5999996625e-05], [-75.67272307101285, -11.459034795619283, -7.5999996625e-05], [-75.67161829165082, -11.459088600258665, -7.5999996625e-05], [-75.67157680862277, -11.459641300205814, -7.5999996625e-05], [-75.67066386544502, -11.460325562874406, -7.5999996625e-05], [-75.67127963214926, -11.459540449332225, -7.5999996625e-05], [-75.67136028424966, -11.458896522156747, -7.5999996625e-05], [-75.6706683323776, -11.45971915181736, -7.5999996625e-05], [-75.6709967054336, -11.459135775995213, -7.5999996625e-05], [-75.67065038460754, -11.459385568988743, -7.5999996625e-05], [-75.67062011882336, -11.458860698562315, -7.5999996625e-05], [-75.67095826391272, -11.458382631553148, -7.5999996625e-05], [-75.66985430922892, -11.459620206607221, -7.5999996625e-05], [-75.67024258792503, -11.458986153987775, -7.5999996625e-05], [-75.67014525340068, -11.458390554580369, -7.5999996625e-05], [-75.6692347608755, -11.460502883101528, -7.5999996625e-05], [-75.66874856579365, -11.460551462679806, -7.5999996625e-05], [-75.66781199922434, -11.461321392967873, -7.5999996625e-05], [-75.66652292898993, -11.461643313388148, -7.5999996625e-05], [-75.66605801276705, -11.462289741578282, -7.5999996625e-05], [-75.66621670983324, -11.461717425618648, -7.5999996625e-05], [-75.6654600733237, -11.462657909634808, -7.5999996625e-05], [-75.66529843817233, -11.46355861214022, -7.5999996625e-05], [-75.66435599363416, -11.463406783196431, -7.5999996625e-05], [-75.66370209567515, -11.46461148802967, -7.5999996625e-05], [-75.66342200542118, -11.46435101019091, -7.5999996625e-05], [-75.66355157074833, -11.463570089288158, -7.5999996625e-05], [-75.66323422877662, -11.463543865956582, -7.5999996625e-05], [-75.66255830102472, -11.464413184820554, -7.5999996625e-05], [-75.66255080787346, -11.46502584256854, -7.5999996625e-05]]}, "properties": {"cod": "JU-664", "nombre": "Emp. JU-663 (Ingenio) - Pampaya.", "tipo_influencia": "Indirecta", "DISTRITO": "TARMA", "PROVINCIA": "TARMA", "DEPARTAMEN": "JUNIN", "Zonas": "Todas Zonas", "sububigeo": "12070100", "long_km": 4.84324294927, "dist_min_m": 1873.5, "peligro": "Inundación", "nivel": "Medio", "pc_lng": -75.68883, "pc_lat": -11.44031, "pc_rio": ""}}, {"type": "Feature", "geometry": {"type": "LineString", "coordinates": [[-75.68672250434008, -11.439465824887863, -7.5999996625e-05], [-75.68892785873368, -11.439219693933692, -7.5999996625e-05], [-75.690330950413, -11.440056686666704, -7.5999996625e-05], [-75.690940494708, -11.438834403684723, -7.5999996625e-05], [-75.69183979157312, -11.439115815942102, -7.5999996625e-05], [-75.69264793315557, -11.43764157170113, -7.5999996625e-05]]}, "properties": {"cod": "JU-662", "nombre": "Emp. PE-3S A (Huanuquillo) - Ucuchpa.", "tipo_influencia": "Indirecta", "DISTRITO": "TARMA", "PROVINCIA": "TARMA", "DEPARTAMEN": "JUNIN", "Zonas": "Todas Zonas", "sububigeo": "12070100", "long_km": 0.90498037122, "dist_min_m": 25.9, "peligro": "Inundación", "nivel": "Medio", "pc_lng": -75.68803, "pc_lat": -11.43902, "pc_rio": ""}}, {"type": "Feature", "geometry": {"type": "LineString", "coordinates": [[-75.77489372486548, -11.470472192637544, -7.5999996625e-05], [-75.77508541805759, -11.47243188912034, -7.5999996625e-05], [-75.77551863857428, -11.473307817102018, -7.5999996625e-05], [-75.77641812609562, -11.473676201895154, -7.5999996625e-05], [-75.77618203966938, -11.474508793346105, -7.5999996625e-05], [-75.7766060987924, -11.475348670204932, -7.5999996625e-05], [-75.77601203902435, -11.476037553590169, -7.5999996625e-05], [-75.7754047673161, -11.478589211722685, -7.5999996625e-05], [-75.77502412566281, -11.476872140636718, -7.5999996625e-05], [-75.77467611501066, -11.476999640221152, -7.5999996625e-05], [-75.77463787134064, -11.476420930081813, -7.5999996625e-05], [-75.77408263800328, -11.477905506633762, -7.5999996625e-05], [-75.77317633092292, -11.478396219010275, -7.5999996625e-05], [-75.77345777465655, -11.47736460579188, -7.5999996625e-05], [-75.77315289099306, -11.476506327005323, -7.5999996625e-05], [-75.7727028486575, -11.47622715316055, -7.5999996625e-05], [-75.7713754457202, -11.476936051857251, -7.5999996625e-05], [-75.771542172833, -11.477559539241266, -7.5999996625e-05], [-75.76993472640646, -11.479851637742849, -7.5999996625e-05], [-75.76888672664109, -11.478805450111391, -7.5999996625e-05], [-75.76744986631826, -11.479749689696353, -7.5999996625e-05], [-75.76581744481916, -11.482946126662336, -7.5999996625e-05], [-75.76427174494506, -11.484360868159504, -7.5999996625e-05], [-75.76313262407132, -11.486932071258027, -7.5999996625e-05], [-75.76062747797567, -11.489552044591168, -7.5999996625e-05], [-75.75916188161551, -11.490044175198474, -7.5999996625e-05], [-75.75543272404093, -11.494421634250953, -7.5999996625e-05], [-75.7523374401207, -11.495822245600104, -7.5999996625e-05], [-75.7491467830975, -11.499339153279267, -7.5999996625e-05], [-75.7469318212465, -11.500818817734235, -7.5999996625e-05], [-75.74578936838458, -11.502954371247204, -7.5999996625e-05], [-75.74536436587277, -11.500733686110653, -7.5999996625e-05], [-75.74618172280822, -11.498832048060525, -7.5999996625e-05], [-75.74725244844171, -11.497543471553916, -7.5999996625e-05], [-75.74722994830341, -11.496895188062416, -7.5999996625e-05], [-75.74917352713653, -11.494582174927357, -7.5999996625e-05], [-75.75030460717187, -11.492427742846024, -7.5999996625e-05], [-75.75419484591538, -11.487591273418511, -7.5999996625e-05], [-75.75460454196599, -11.486485656787579, -7.5999996625e-05], [-75.75350675033621, -11.483532038572669, -7.5999996625e-05], [-75.7510818957129, -11.47903462165044, -7.5999996625e-05], [-75.7496881309025, -11.478230106134443, -7.5999996625e-05], [-75.74847631512978, -11.476440082943435, -7.5999996625e-05], [-75.74835672328413, -11.477274437065551, -7.5999996625e-05], [-75.74815805495024, -11.477219975021802, -7.5999996625e-05], [-75.74763500834894, -11.476051661255095, -7.5999996625e-05], [-75.74598263898758, -11.47400734036642, -7.5999996625e-05], [-75.74612163280705, -11.475262168913897, -7.5999996625e-05], [-75.74510441683532, -11.474615248794626, -7.5999996625e-05], [-75.74453913357411, -11.474747335820837, -7.5999996625e-05], [-75.7441554036489, -11.474433229609808, -7.5999996625e-05], [-75.74447993120384, -11.472695502895073, -7.5999996625e-05], [-75.74430334212548, -11.46868709683201, -7.5999996625e-05], [-75.74493778325206, -11.467688780113066, -7.5999996625e-05], [-75.74507935902517, -11.46508618887645, -7.5999996625e-05], [-75.74620030010374, -11.462955308240852, -7.5999996625e-05], [-75.74646985120262, -11.46136265026604, -7.5999996625e-05], [-75.74918468142789, -11.456332609861981, -7.5999996625e-05], [-75.75096352694516, -11.453572749682618, -7.5999996625e-05], [-75.7513363948587, -11.453446392237131, -7.5999996625e-05], [-75.75169747266017, -11.45274820986196, -7.5999996625e-05], [-75.75129349989504, -11.45308955743706, -7.5999996625e-05], [-75.75134786930869, -11.452695584233771, -7.5999996625e-05], [-75.75225498308095, -11.452037947793023, -7.5999996625e-05], [-75.75350127436428, -11.449866126420543, -7.5999996625e-05], [-75.75290148771347, -11.449193921861939, -7.5999996625e-05], [-75.75246390728347, -11.447370990678623, -7.5999996625e-05], [-75.752801237587, -11.446357512289294, -7.5999996625e-05], [-75.7524735920826, -11.445686597358522, -7.5999996625e-05], [-75.75268308285797, -11.444982383230348, -7.5999996625e-05], [-75.75244804863848, -11.443714420084348, -7.5999996625e-05], [-75.75207784091958, -11.442811072672846, -7.5999996625e-05], [-75.75126654991129, -11.442244647272616, -7.5999996625e-05], [-75.75150314085721, -11.44046591237191, -7.5999996625e-05], [-75.75218128363929, -11.439474523130679, -7.5999996625e-05], [-75.75156929768491, -11.435914322088259, -7.5999996625e-05], [-75.7524070242647, -11.434217402111361, -7.5999996625e-05], [-75.75237018263779, -11.433461110941488, -7.5999996625e-05], [-75.75572361245469, -11.431023816895559, -7.5999996625e-05]]}, "properties": {"cod": "JU-655", "nombre": "Emp. PE-22 B (Huasqui) - Duraznioc - Ayas - Sanyacancha.", "tipo_influencia": "Indirecta", "DISTRITO": "TARMA", "PROVINCIA": "TARMA", "DEPARTAMEN": "JUNIN", "Zonas": "Todas Zonas", "sububigeo": "12070100", "long_km": 16.7200988301, "dist_min_m": 1386.4, "peligro": "Inundación", "nivel": "Medio", "pc_lng": -75.75017, "pc_lat": -11.41975, "pc_rio": ""}}, {"type": "Feature", "geometry": {"type": "LineString", "coordinates": [[-75.71155485087564, -11.41656912876226, -7.5999996625e-05], [-75.71217563759558, -11.415484748722129, -7.5999996625e-05], [-75.71590236430262, -11.416000072845065, -7.5999996625e-05], [-75.71841707288957, -11.417459332582101, -7.5999996625e-05], [-75.71960059868866, -11.417712661709919, -7.5999996625e-05], [-75.72001919712818, -11.418227438145717, -7.5999996625e-05], [-75.72276458811518, -11.418745168854397, -7.5999996625e-05], [-75.72548237890862, -11.418332780233584, -7.5999996625e-05], [-75.72598373656018, -11.417385283304155, -7.5999996625e-05], [-75.72673653925983, -11.416934793106188, -7.5999996625e-05]]}, "properties": {"cod": "JU-654", "nombre": "Emp. JU-652 (Sacsamarca) - C.H. Electrocentro.", "tipo_influencia": "Indirecta", "DISTRITO": "TARMA", "PROVINCIA": "TARMA", "DEPARTAMEN": "JUNIN", "Zonas": "Todas Zonas", "sububigeo": "12070100", "long_km": 1.94598713113, "dist_min_m": 28.4, "peligro": "Inundación", "nivel": "Medio", "pc_lng": -75.71848, "pc_lat": -11.41777, "pc_rio": ""}}, {"type": "Feature", "geometry": {"type": "LineString", "coordinates": [[-75.73092990888813, -11.41808117510612, -7.5999996625e-05], [-75.73009131895918, -11.418590410818744, -7.5999996625e-05], [-75.72797589317287, -11.41868716707904, -7.5999996625e-05], [-75.72190359517475, -11.42002536008226, -7.5999996625e-05], [-75.72137976076732, -11.41965306413754, -7.5999996625e-05], [-75.72027692304152, -11.41992909125451, -7.5999996625e-05], [-75.7197928017963, -11.419598466296128, -7.5999996625e-05], [-75.71843916203767, -11.419629632301609, -7.5999996625e-05], [-75.71660284264703, -11.41872891360845, -7.5999996625e-05], [-75.71531457910453, -11.418666237157076, -7.5999996625e-05], [-75.71435852692446, -11.418219035779828, -7.5999996625e-05], [-75.71305929075362, -11.418392896315087, -7.5999996625e-05], [-75.71226626677475, -11.416698772330456, -7.5999996625e-05], [-75.71155485087564, -11.41656912876226, -7.5999996625e-05], [-75.71016354031508, -11.417008739861384, -7.5999996625e-05], [-75.7096005413319, -11.416897357926693, -7.5999996625e-05], [-75.70902178892436, -11.416286121107538, -7.5999996625e-05], [-75.70621046144363, -11.415832247660028, -7.5999996625e-05], [-75.7041043886066, -11.416503290294541, -7.5999996625e-05], [-75.70400450270557, -11.417070148268689, -7.5999996625e-05], [-75.69567964040306, -11.41749234399646, -7.5999996625e-05], [-75.69354726869149, -11.417235652303482, -7.5999996625e-05]]}, "properties": {"cod": "JU-652", "nombre": "Emp. PE-22 B (Tarma) - Sacsamarca - Emp. PE-22 B (Chuchopampa).", "tipo_influencia": "Indirecta", "DISTRITO": "TARMA", "PROVINCIA": "TARMA", "DEPARTAMEN": "JUNIN", "Zonas": "Todas Zonas", "sububigeo": "12070100", "long_km": 4.47334539212, "dist_min_m": 47.8, "peligro": "Inundación", "nivel": "Medio", "pc_lng": -75.71289, "pc_lat": -11.41707, "pc_rio": ""}}, {"type": "Feature", "geometry": {"type": "LineString", "coordinates": [[-75.66196016642851, -11.353575169058795, -7.5999996625e-05], [-75.66218616605869, -11.352942126377972, -7.5999996625e-05], [-75.66377973684536, -11.353072627899401, -7.5999996625e-05], [-75.66497694493, -11.353654909246645, -7.5999996625e-05], [-75.6665551606921, -11.355404741735416, -7.5999996625e-05], [-75.6676029347276, -11.357752949838705, -7.5999996625e-05], [-75.67221171020225, -11.360551270424766, -7.5999996625e-05], [-75.6751622716215, -11.363901764854507, -7.5999996625e-05], [-75.6772337187611, -11.364312101222424, -7.5999996625e-05], [-75.67973445727932, -11.365443383605228, -7.5999996625e-05], [-75.68399975378554, -11.365447165254418, -7.5999996625e-05], [-75.68516963866784, -11.366164228896025, -7.5999996625e-05]]}, "properties": {"cod": "JU-640", "nombre": "Emp. PE-22 A (Acobamba) - Matara - Emp. JU-639 (Tupin).", "tipo_influencia": "Indirecta", "DISTRITO": "ACOBAMBA", "PROVINCIA": "TARMA", "DEPARTAMEN": "JUNIN", "Zonas": "Todas Zonas", "sububigeo": "12070200", "long_km": 3.21097395931, "dist_min_m": 1867.5, "peligro": "Inundación", "nivel": "Medio", "pc_lng": -75.68935, "pc_lat": -11.38254, "pc_rio": ""}}, {"type": "Feature", "geometry": {"type": "MultiLineString", "coordinates": [[[-75.67983370825897, -11.368733093757212, -7.5999996625e-05], [-75.67507674159833, -11.365578682110431, -7.5999996625e-05], [-75.67089035790367, -11.363550319691457, -7.5999996625e-05], [-75.6690713081943, -11.3615428404297, -7.5999996625e-05]], [[-75.6690713081943, -11.3615428404297, -7.5999996625e-05], [-75.664701506869, -11.36054470357516, -7.5999996625e-05], [-75.66339759961949, -11.35879985063258, -7.5999996625e-05], [-75.66254346400962, -11.358253231001749, -7.5999996625e-05], [-75.66191070821259, -11.358345066171816, -7.5999996625e-05], [-75.66259511297403, -11.359087453822898, -7.5999996625e-05], [-75.66271435768141, -11.360002354824761, -7.5999996625e-05], [-75.66071727188455, -11.359112374036773, -7.5999996625e-05], [-75.65799540716228, -11.359109419763858, -7.5999996625e-05], [-75.65640721791874, -11.35791018370798, -7.5999996625e-05], [-75.65586735039784, -11.358273131200008, -7.5999996625e-05], [-75.65501230827135, -11.361098120281952, -7.5999996625e-05], [-75.6540210925993, -11.360483787097055, -7.5999996625e-05], [-75.65110750770526, -11.360788694142844, -7.5999996625e-05], [-75.64885153407101, -11.360160589639468, -7.5999996625e-05], [-75.64743550204673, -11.36213518339196, -7.5999996625e-05], [-75.64392042178997, -11.363987695076043, -7.5999996625e-05], [-75.64318644639735, -11.363636591655338, -7.5999996625e-05], [-75.64203193182817, -11.363729523998295, -7.5999996625e-05], [-75.64131795915642, -11.364110907592242, -7.5999996625e-05], [-75.64103992205474, -11.364883650959648, -7.5999996625e-05], [-75.63730610868993, -11.365159556668171, -7.5999996625e-05], [-75.63728308244828, -11.367176297148378, -7.5999996625e-05], [-75.63691863308838, -11.368144698818748, -7.5999996625e-05], [-75.63816694874566, -11.369001113310667, -7.5999996625e-05], [-75.63773191069907, -11.371190531717607, -7.5999996625e-05], [-75.6382938161067, -11.372455385007983, -7.5999996625e-05], [-75.63768959399954, -11.372755059798125, -7.5999996625e-05], [-75.63762782586343, -11.373831393603894, -7.5999996625e-05], [-75.63657603635494, -11.37483744898902, -7.5999996625e-05], [-75.63580933373373, -11.376231756090643, -7.5999996625e-05], [-75.63512187397527, -11.376215157303642, -7.5999996625e-05], [-75.63282900655338, -11.374734498198514, -7.5999996625e-05], [-75.63229739660757, -11.375100914375645, -7.5999996625e-05], [-75.63252276941023, -11.373770075128844, -7.5999996625e-05], [-75.6315368156715, -11.37554467314812, -7.5999996625e-05], [-75.63091476900132, -11.37606145866931, -7.5999996625e-05], [-75.62896295957292, -11.376255505387228, -7.5999996625e-05], [-75.62799244809298, -11.376709738563527, -7.5999996625e-05], [-75.62762886478026, -11.378057959906872, -7.5999996625e-05], [-75.6259552354457, -11.379707426256685, -7.5999996625e-05], [-75.62459996341755, -11.380270965732455, -7.5999996625e-05], [-75.62471292186382, -11.38164529619343, -7.5999996625e-05], [-75.6234623138347, -11.382696121628664, -7.5999996625e-05], [-75.62404889573992, -11.383961855355267, -7.5999996625e-05], [-75.62303324278986, -11.384213189786808, -7.5999996625e-05], [-75.62186661884937, -11.385176492301234, -7.5999996625e-05]]]}, "properties": {"cod": "JU-636", "nombre": "Emp. PE-22 B (La Florida) - Cantera - Cochayoc - Emp. JU-634 (Morocancha).", "tipo_influencia": "Indirecta", "DISTRITO": "ACOBAMBA", "PROVINCIA": "TARMA", "DEPARTAMEN": "JUNIN", "Zonas": "Todas Zonas", "sububigeo": "12070200", "long_km": 10.2859047407, "dist_min_m": 1846.4, "peligro": "Inundación", "nivel": "Medio", "pc_lng": -75.68935, "pc_lat": -11.38254, "pc_rio": ""}}, {"type": "Feature", "geometry": {"type": "MultiLineString", "coordinates": [[[-75.57461026006915, -11.360744132248582, -7.5999996625e-05], [-75.57832077088682, -11.360334531113661, -7.5999996625e-05], [-75.5815406019172, -11.361820408085297, -7.5999996625e-05], [-75.58239261512705, -11.361683012361077, -7.5999996625e-05], [-75.58342934009193, -11.36222354268233, -7.5999996625e-05], [-75.58722447103247, -11.362677212882996, -7.5999996625e-05], [-75.58561773057374, -11.361260622379744, -7.5999996625e-05], [-75.58452262162166, -11.359029089620725, -7.5999996625e-05], [-75.58394447535721, -11.358641360410388, -7.5999996625e-05], [-75.58345000921054, -11.358859426221507, -7.5999996625e-05], [-75.58289040966463, -11.358598238817653, -7.5999996625e-05], [-75.58297188464473, -11.35808262061642, -7.5999996625e-05], [-75.58419985763726, -11.358062107979839, -7.5999996625e-05], [-75.58563927922933, -11.358339627971416, -7.5999996625e-05], [-75.58804471479169, -11.360423789726045, -7.5999996625e-05], [-75.59038103925354, -11.360120749672834, -7.5999996625e-05], [-75.59142633835478, -11.360380857890213, -7.5999996625e-05], [-75.5946931517675, -11.362372909282271, -7.5999996625e-05], [-75.59612974679033, -11.361275713903009, -7.5999996625e-05], [-75.5990890873914, -11.360871797795195, -7.5999996625e-05], [-75.60076807578605, -11.361754627174262, -7.5999996625e-05], [-75.59999612022472, -11.360743371909049, -7.5999996625e-05], [-75.59898648373917, -11.360012974918789, -7.5999996625e-05], [-75.5984273779211, -11.359996028094208, -7.5999996625e-05], [-75.5991961723654, -11.359497003284044, -7.5999996625e-05], [-75.59690539856524, -11.359673529409793, -7.5999996625e-05], [-75.59853495662293, -11.358856310070614, -7.5999996625e-05], [-75.59994578876712, -11.35857306499492, -7.5999996625e-05], [-75.60325301321598, -11.362373593666351, -7.5999996625e-05]], [[-75.60398533684155, -11.362003893550755, -7.5999996625e-05], [-75.60325301321598, -11.362373593666351, -7.5999996625e-05]]]}, "properties": {"cod": "JU-624", "nombre": "Emp. JU-103 - Emp. JU-632.", "tipo_influencia": "Directa", "DISTRITO": "PALCA", "PROVINCIA": "TARMA", "DEPARTAMEN": "JUNIN", "Zonas": "Todas Zonas", "sububigeo": "12070600", "long_km": 13.1927459821, "dist_min_m": 1488.1, "peligro": "Erosión | Flujo de detritos | Inundación", "nivel": "Medio", "pc_lng": -75.57596, "pc_lat": -11.34654, "pc_rio": "Río Tarma"}}, {"type": "Feature", "geometry": {"type": "LineString", "coordinates": [[-75.57461026006915, -11.360744132248582, -7.5999996625e-05], [-75.57461026006915, -11.360744132248582, -7.5999996625e-05]]}, "properties": {"cod": "JU-624", "nombre": "Emp. JU-103 - Emp. JU-632.", "tipo_influencia": "Indirecta", "DISTRITO": "TAPO", "PROVINCIA": "TARMA", "DEPARTAMEN": "JUNIN", "Zonas": "Todas Zonas", "sububigeo": "12070900", "long_km": 13.1927459821, "dist_min_m": 1577.6, "peligro": "Erosión | Flujo de detritos | Inundación", "nivel": "Medio", "pc_lng": -75.57596, "pc_lat": -11.34654, "pc_rio": "Río Tarma"}}, {"type": "Feature", "geometry": {"type": "LineString", "coordinates": [[-75.56471574963211, -11.39061094793687, -7.5999996625e-05], [-75.56533878105984, -11.390465119269779, -7.5999996625e-05], [-75.56795632712277, -11.38853386924263, -7.5999996625e-05], [-75.5678703744182, -11.386770576600783, -7.5999996625e-05], [-75.56730886741025, -11.385568867409239, -7.5999996625e-05], [-75.56769442835514, -11.38589370792824, -7.5999996625e-05], [-75.56903085778782, -11.385013918257696, -7.5999996625e-05], [-75.56995365123998, -11.383528961292475, -7.5999996625e-05], [-75.57093808872179, -11.380823094610095, -7.5999996625e-05], [-75.57160606286948, -11.380270176127683, -7.5999996625e-05], [-75.57149400824187, -11.37922139665011, -7.5999996625e-05], [-75.57227213674969, -11.37876771655681, -7.5999996625e-05], [-75.57402736427139, -11.376494427375865, -7.5999996625e-05], [-75.5743899718197, -11.374495092374568, -7.5999996625e-05], [-75.57546813484652, -11.372847069436668, -7.5999996625e-05], [-75.5751629058434, -11.371874708051283, -7.5999996625e-05], [-75.57483157761516, -11.371943980130533, -7.5999996625e-05], [-75.57581347721015, -11.37061105985247, -7.5999996625e-05], [-75.57618359319821, -11.369047057875374, -7.5999996625e-05], [-75.57495394117143, -11.36780191142901, -7.5999996625e-05], [-75.576493655158, -11.367798902297455, -7.5999996625e-05], [-75.57469562979946, -11.366970415352345, -7.5999996625e-05], [-75.5743533856002, -11.36539758563003, -7.5999996625e-05], [-75.57316960439368, -11.364631179785073, -7.5999996625e-05], [-75.57346907683637, -11.363147426112794, -7.5999996625e-05], [-75.57323801132515, -11.362180251117644, -7.5999996625e-05], [-75.5741121028912, -11.363896800596825, -7.5999996625e-05], [-75.57439625178557, -11.363896246614448, -7.5999996625e-05], [-75.57437363473542, -11.361771081170383, -7.5999996625e-05], [-75.57417990727686, -11.361147502954843, -7.5999996625e-05], [-75.57368443658743, -11.360831923654295, -7.5999996625e-05], [-75.57461026006915, -11.360744132248582, -7.5999996625e-05]]}, "properties": {"cod": "JU-624", "nombre": "Emp. JU-103 - Emp. JU-632.", "tipo_influencia": "Indirecta", "DISTRITO": "TAPO", "PROVINCIA": "TARMA", "DEPARTAMEN": "JUNIN", "Zonas": "Todas Zonas", "sububigeo": "12070900", "long_km": 13.1927459821, "dist_min_m": 1577.6, "peligro": "Erosión | Flujo de detritos | Inundación", "nivel": "Medio", "pc_lng": -75.57596, "pc_lat": -11.34654, "pc_rio": "Río Tarma"}}, {"type": "Feature", "geometry": {"type": "MultiLineString", "coordinates": [[[-75.57530780191348, -11.360580660269203, -7.5999996625e-05], [-75.57571328412985, -11.361257544343765, -7.5999996625e-05]], [[-75.57729222015183, -11.362506964168457, -7.5999996625e-05], [-75.57809425434105, -11.3631113663415, -7.5999996625e-05]], [[-75.57851614850587, -11.363429298146688, -7.5999996625e-05], [-75.57930834700255, -11.363787175038048, -7.5999996625e-05], [-75.58106951724439, -11.36351228106684, -7.5999996625e-05], [-75.58214483031963, -11.364185107056986, -7.5999996625e-05], [-75.58295165709326, -11.365349506074773, -7.5999996625e-05], [-75.58380333395667, -11.365562193940029, -7.5999996625e-05], [-75.58516698137106, -11.366574035563247, -7.5999996625e-05], [-75.58750341465083, -11.369951178703893, -7.5999996625e-05], [-75.58726072270417, -11.370934294182286, -7.5999996625e-05], [-75.58831673738784, -11.37323081826367, -7.5999996625e-05]]]}, "properties": {"cod": "JU-630", "nombre": "Emp. JU-624 - Japatapa.", "tipo_influencia": "Directa", "DISTRITO": "PALCA", "PROVINCIA": "TARMA", "DEPARTAMEN": "JUNIN", "Zonas": "Todas Zonas", "sububigeo": "12070600", "long_km": 6.42222951789, "dist_min_m": 1554.3, "peligro": "Erosión | Flujo de detritos | Inundación", "nivel": "Medio", "pc_lng": -75.57596, "pc_lat": -11.34654, "pc_rio": "Río Tarma"}}, {"type": "Feature", "geometry": {"type": "LineString", "coordinates": [[-75.57729222015182, -11.362506964168457, -7.5999996625e-05], [-75.57729222015183, -11.362506964168457, -7.5999996625e-05]]}, "properties": {"cod": "JU-630", "nombre": "Emp. JU-624 - Japatapa.", "tipo_influencia": "Indirecta", "DISTRITO": "TAPO", "PROVINCIA": "TARMA", "DEPARTAMEN": "JUNIN", "Zonas": "Todas Zonas", "sububigeo": "12070900", "long_km": 6.42222951789, "dist_min_m": 1771.7, "peligro": "Erosión | Flujo de detritos | Inundación", "nivel": "Medio", "pc_lng": -75.57596, "pc_lat": -11.34654, "pc_rio": "Río Tarma"}}, {"type": "Feature", "geometry": {"type": "LineString", "coordinates": [[-75.57851614850586, -11.363429298146688, -7.5999996625e-05], [-75.57851614850587, -11.363429298146688, -7.5999996625e-05]]}, "properties": {"cod": "JU-630", "nombre": "Emp. JU-624 - Japatapa.", "tipo_influencia": "Directa", "DISTRITO": "PALCA", "PROVINCIA": "TARMA", "DEPARTAMEN": "JUNIN", "Zonas": "Todas Zonas", "sububigeo": "12070600", "long_km": 6.42222951789, "dist_min_m": 1888.5, "peligro": "Erosión | Flujo de detritos | Inundación", "nivel": "Medio", "pc_lng": -75.57596, "pc_lat": -11.34654, "pc_rio": "Río Tarma"}}, {"type": "Feature", "geometry": {"type": "MultiLineString", "coordinates": [[[-75.57571328412985, -11.361257544343765, -7.5999996625e-05], [-75.57571328412985, -11.361257544343765, -7.5999996625e-05]], [[-75.57571328412985, -11.361257544343765, -7.5999996625e-05], [-75.57729222015182, -11.362506964168457, -7.5999996625e-05]], [[-75.57809425434105, -11.3631113663415, -7.5999996625e-05], [-75.57809425434107, -11.3631113663415, -7.5999996625e-05]], [[-75.57809425434107, -11.3631113663415, -7.5999996625e-05], [-75.57851614850586, -11.363429298146688, -7.5999996625e-05]], [[-75.58831673738784, -11.37323081826367, -7.5999996625e-05], [-75.58818970079403, -11.374411066017844, -7.5999996625e-05], [-75.58768844026929, -11.37445989560763, -7.5999996625e-05], [-75.58721511808318, -11.372357064826641, -7.5999996625e-05], [-75.58632459680268, -11.371896638019392, -7.5999996625e-05], [-75.58626202467264, -11.37293273795547, -7.5999996625e-05], [-75.58707338223077, -11.374222066295266, -7.5999996625e-05], [-75.58816775823544, -11.377417950178195, -7.5999996625e-05], [-75.58806508083876, -11.377800519977992, -7.5999996625e-05], [-75.58754759024907, -11.377750559940353, -7.5999996625e-05], [-75.58692324401244, -11.376043956063649, -7.5999996625e-05], [-75.5865351388855, -11.375993736121986, -7.5999996625e-05], [-75.58764663258597, -11.37913307692992, -7.5999996625e-05], [-75.58798284773019, -11.381701003798247, -7.5999996625e-05], [-75.58847987064945, -11.382526584134498, -7.5999996625e-05], [-75.58869006739263, -11.384116199702817, -7.5999996625e-05], [-75.59059892789816, -11.385918953696708, -7.5999996625e-05], [-75.59114236482822, -11.388608698232813, -7.5999996625e-05], [-75.58996889794622, -11.394381511197759, -7.5999996625e-05], [-75.58917657004264, -11.396240130177825, -7.5999996625e-05], [-75.58796000315158, -11.39721913665381, -7.5999996625e-05]]]}, "properties": {"cod": "JU-630", "nombre": "Emp. JU-624 - Japatapa.", "tipo_influencia": "Indirecta", "DISTRITO": "TAPO", "PROVINCIA": "TARMA", "DEPARTAMEN": "JUNIN", "Zonas": "Todas Zonas", "sububigeo": "12070900", "long_km": 6.42222951789, "dist_min_m": 1627.8, "peligro": "Erosión | Flujo de detritos | Inundación", "nivel": "Medio", "pc_lng": -75.57596, "pc_lat": -11.34654, "pc_rio": "Río Tarma"}}, {"type": "Feature", "geometry": {"type": "LineString", "coordinates": [[-75.72129418757663, -11.419648845417834, -7.5999996625e-05], [-75.72103304513888, -11.418512368550914, -7.5999996625e-05]]}, "properties": {"cod": "JU-653", "nombre": "Emp. JU-652 (Sacsamarca) - Emp.JU-654.", "tipo_influencia": "Indirecta", "DISTRITO": "TARMA", "PROVINCIA": "TARMA", "DEPARTAMEN": "JUNIN", "Zonas": "Todas Zonas", "sububigeo": "12070100", "long_km": 0.13177925973, "dist_min_m": 289.7, "peligro": "Inundación", "nivel": "Medio", "pc_lng": -75.71848, "pc_lat": -11.41777, "pc_rio": ""}}, {"type": "Feature", "geometry": {"type": "LineString", "coordinates": [[-76.86270816935591, -12.17060155688363, -7.5999996625e-05], [-76.860786428251, -12.171777727160366, -7.5999996625e-05]]}, "properties": {"cod": "LM-796", "nombre": "Emp. LM-117 - Emp. LM-797 (Manchay Bajo).", "tipo_influencia": "Directa", "DISTRITO": "PACHACAMAC", "PROVINCIA": "LIMA", "DEPARTAMEN": "LIMA", "Zonas": "Centro Poblados Rurales", "sububigeo": "15012302", "long_km": 10.810163329, "dist_min_m": 1021.6, "peligro": "Inundación", "nivel": "Medio", "pc_lng": -76.85255, "pc_lat": -12.1762, "pc_rio": "Río Lurín"}}, {"type": "Feature", "geometry": {"type": "LineString", "coordinates": [[-76.87716386601954, -12.084443221477436, -7.5999996625e-05], [-76.87770844958521, -12.085505518664714, -7.5999996625e-05], [-76.8814773850732, -12.086103405947364, -7.5999996625e-05], [-76.88360592837086, -12.087882021238217, -7.5999996625e-05], [-76.88128661908218, -12.091283810299565, -7.5999996625e-05], [-76.88104251340121, -12.095615366156158, -7.5999996625e-05], [-76.88047025140094, -12.09781550628054, -7.5999996625e-05], [-76.87815095740075, -12.10174468387004, -7.5999996625e-05], [-76.87542727784654, -12.105279947611445, -7.5999996625e-05], [-76.87339023157386, -12.113663630072432, -7.5999996625e-05], [-76.87248995264918, -12.115314450801245, -7.5999996625e-05], [-76.87216184219523, -12.123026887380885, -7.5999996625e-05], [-76.8713378545583, -12.12647628655133, -7.5999996625e-05], [-76.87200161178492, -12.129210475582902, -7.5999996625e-05], [-76.8714523562412, -12.132595032734518, -7.5999996625e-05], [-76.87123106006533, -12.139773379038152, -7.5999996625e-05], [-76.87078859271935, -12.14304831692624, -7.5999996625e-05], [-76.87133026068295, -12.147446590787464, -7.5999996625e-05], [-76.86876678186144, -12.154052732647479, -7.5999996625e-05], [-76.86618041889119, -12.163181348740183, -7.5999996625e-05], [-76.86429595609349, -12.1681565862574, -7.5999996625e-05], [-76.86270816935591, -12.17060155688363, -7.5999996625e-05]]}, "properties": {"cod": "LM-796", "nombre": "Emp. LM-117 - Emp. LM-797 (Manchay Bajo).", "tipo_influencia": "Directa", "DISTRITO": "PACHACAMAC", "PROVINCIA": "LIMA", "DEPARTAMEN": "LIMA", "Zonas": "Quebrada de Manchay", "sububigeo": "15012304", "long_km": 10.810163329, "dist_min_m": 1267.6, "peligro": "Inundación", "nivel": "Medio", "pc_lng": -76.85255, "pc_lat": -12.1762, "pc_rio": "Río Lurín"}}, {"type": "Feature", "geometry": {"type": "LineString", "coordinates": [[-76.87825033158748, -12.283237318347522, -7.5999996625e-05], [-76.872379854047, -12.274216992320305, -7.5999996625e-05], [-76.88286989173207, -12.260385329319437, -7.5999996625e-05], [-76.87076571576512, -12.245331788031539, -7.5999996625e-05], [-76.86904142492176, -12.243653253794607, -7.5999996625e-05], [-76.86698529893725, -12.238726704680394, -7.5999996625e-05]]}, "properties": {"cod": "LM-797", "nombre": "Emp. PE-1S (Arica) - Lurin - Dv. Pachacamac - Pachacamac - Manchay - Emp. LM-119.", "tipo_influencia": "Directa", "DISTRITO": "LURIN", "PROVINCIA": "LIMA", "DEPARTAMEN": "LIMA", "Zonas": "Todas Zonas", "sububigeo": "15011900", "long_km": 22.9733060966, "dist_min_m": 1184.1, "peligro": "Inundación", "nivel": "Medio", "pc_lng": -76.89299, "pc_lat": -12.25645, "pc_rio": "Río Lurín"}}, {"type": "Feature", "geometry": {"type": "LineString", "coordinates": [[-76.86698529893725, -12.238726704680394, -7.5999996625e-05], [-76.86698529893725, -12.238726704680394, -7.5999996625e-05]]}, "properties": {"cod": "LM-797", "nombre": "Emp. PE-1S (Arica) - Lurin - Dv. Pachacamac - Pachacamac - Manchay - Emp. LM-119.", "tipo_influencia": "Directa", "DISTRITO": "PACHACAMAC", "PROVINCIA": "LIMA", "DEPARTAMEN": "LIMA", "Zonas": "Pachacamac histórico", "sububigeo": "15012301", "long_km": 22.9733060966, "dist_min_m": 1726.7, "peligro": "Inundación", "nivel": "Medio", "pc_lng": -76.88128, "pc_lat": -12.23195, "pc_rio": "Río Lurín"}}, {"type": "Feature", "geometry": {"type": "LineString", "coordinates": [[-76.86698529893725, -12.238726704680394, -7.5999996625e-05], [-76.86255642443939, -12.228114158641464, -7.5999996625e-05], [-76.86034392673082, -12.227279657929849, -7.5999996625e-05], [-76.85847471103904, -12.226153361388477, -7.5999996625e-05], [-76.8572921493132, -12.225195924252436, -7.5999996625e-05], [-76.85399627610724, -12.22134017990532, -7.5999996625e-05], [-76.85211181330948, -12.216716765266487, -7.5999996625e-05], [-76.85271450477052, -12.212937379656289, -7.5999996625e-05], [-76.85247803433379, -12.212274565818515, -7.5999996625e-05], [-76.85165406018672, -12.21151728989099, -7.5999996625e-05], [-76.85313418059792, -12.209601411076225, -7.5999996625e-05], [-76.85291289341525, -12.206556320118011, -7.5999996625e-05], [-76.8525390569319, -12.206078514811573, -7.5999996625e-05], [-76.85048674736544, -12.205607381575357, -7.5999996625e-05], [-76.85006196248756, -12.205112485387685, -7.5999996625e-05]]}, "properties": {"cod": "LM-797", "nombre": "Emp. PE-1S (Arica) - Lurin - Dv. Pachacamac - Pachacamac - Manchay - Emp. LM-119.", "tipo_influencia": "Directa", "DISTRITO": "PACHACAMAC", "PROVINCIA": "LIMA", "DEPARTAMEN": "LIMA", "Zonas": "Pachacamac histórico", "sububigeo": "15012301", "long_km": 22.9733060966, "dist_min_m": 1503.1, "peligro": "Erosión | Inundación", "nivel": "Alto", "pc_lng": -76.86532, "pc_lat": -12.20054, "pc_rio": "Río Lurín"}}, {"type": "Feature", "geometry": {"type": "LineString", "coordinates": [[-76.85434139731555, -12.17835676448563, -7.5999996625e-05], [-76.85463716537282, -12.177332897894873, -7.5999996625e-05], [-76.8556137445786, -12.176648101028997, -7.5999996625e-05], [-76.85792539973738, -12.173776653869425, -7.5999996625e-05], [-76.860786428251, -12.171777727160366, -7.5999996625e-05], [-76.86017609884783, -12.17026325084827, -7.5999996625e-05], [-76.85863491986561, -12.168583875745238, -7.5999996625e-05], [-76.85832980687508, -12.166235926646673, -7.5999996625e-05], [-76.8557510566659, -12.163984321019536, -7.5999996625e-05], [-76.85300443810428, -12.156762138162101, -7.5999996625e-05], [-76.84968568614545, -12.153828591915955, -7.5999996625e-05], [-76.84963987737842, -12.152011893933725, -7.5999996625e-05], [-76.84799191379574, -12.15017888404821, -7.5999996625e-05], [-76.84567257123211, -12.149543787315904, -7.5999996625e-05], [-76.84454347869854, -12.150437322224606, -7.5999996625e-05], [-76.84334567076604, -12.150571826628433, -7.5999996625e-05], [-76.84046936456947, -12.14886470294363, -7.5999996625e-05], [-76.83849331481457, -12.148642516438938, -7.5999996625e-05], [-76.8369827397616, -12.146438621645018, -7.5999996625e-05], [-76.83295692274895, -12.14545798994206, -7.5999996625e-05]]}, "properties": {"cod": "LM-797", "nombre": "Emp. PE-1S (Arica) - Lurin - Dv. Pachacamac - Pachacamac - Manchay - Emp. LM-119.", "tipo_influencia": "Directa", "DISTRITO": "PACHACAMAC", "PROVINCIA": "LIMA", "DEPARTAMEN": "LIMA", "Zonas": "Centro Poblados Rurales", "sububigeo": "15012302", "long_km": 22.9733060966, "dist_min_m": 38.7, "peligro": "Inundación", "nivel": "Medio", "pc_lng": -76.83262, "pc_lat": -12.14535, "pc_rio": "Rio Lurin"}}, {"type": "Feature", "geometry": {"type": "MultiLineString", "coordinates": [[[-76.85006196248756, -12.205112485387685, -7.5999996625e-05], [-76.85065460582535, -12.201999642369575, -7.5999996625e-05], [-76.85045622077791, -12.198808711952436, -7.5999996625e-05], [-76.8508758912094, -12.197410565645045, -7.5999996625e-05], [-76.85292056193435, -12.193595917617477, -7.5999996625e-05], [-76.85306547689021, -12.192512481865492, -7.5999996625e-05], [-76.85295867700131, -12.189058320784856, -7.5999996625e-05], [-76.85093686434476, -12.181733142170742, -7.5999996625e-05], [-76.85147859705955, -12.181059858425675, -7.5999996625e-05], [-76.85405733108092, -12.179587390345723, -7.5999996625e-05], [-76.85434139731555, -12.17835676448563, -7.5999996625e-05]], [[-76.83295692274895, -12.14545798994206, -7.5999996625e-05], [-76.83236701290572, -12.145724680844518, -7.5999996625e-05]], [[-76.8321958049372, -12.145901687753216, -7.5999996625e-05], [-76.83190921264003, -12.146092427623383, -7.5999996625e-05], [-76.83142876488984, -12.14571284329185, -7.5999996625e-05]], [[-76.83142876488984, -12.14571284329185, -7.5999996625e-05], [-76.83142876488984, -12.14571284329185, -7.5999996625e-05]]]}, "properties": {"cod": "LM-797", "nombre": "Emp. PE-1S (Arica) - Lurin - Dv. Pachacamac - Pachacamac - Manchay - Emp. LM-119.", "tipo_influencia": "Directa", "DISTRITO": "PACHACAMAC", "PROVINCIA": "LIMA", "DEPARTAMEN": "LIMA", "Zonas": "Paul Poblet Lind", "sububigeo": "15012303", "long_km": 22.9733060966, "dist_min_m": 6.1, "peligro": "Erosión", "nivel": "Muy Alto", "pc_lng": -76.83259, "pc_lat": -12.1456, "pc_rio": "Río Lurín"}}, {"type": "Feature", "geometry": {"type": "LineString", "coordinates": [[-76.84500692093263, -12.301719127435714, -7.5999996625e-05], [-76.84463570777166, -12.300885267940705, -7.5999996625e-05], [-76.84479492014941, -12.300336639224502, -7.5999996625e-05], [-76.84728401514514, -12.299762155898753, -7.5999996625e-05], [-76.85230142906767, -12.29483692068732, -7.5999996625e-05], [-76.84912872431113, -12.274818458005376, -7.5999996625e-05], [-76.8492584371271, -12.273314448902626, -7.5999996625e-05], [-76.84830397494846, -12.271525045344507, -7.5999996625e-05], [-76.84721539777236, -12.270944795565818, -7.5999996625e-05], [-76.84558639189845, -12.2693107525891, -7.5999996625e-05], [-76.8417545236523, -12.268107215075869, -7.5999996625e-05], [-76.84017753726351, -12.266011710172231, -7.5999996625e-05], [-76.83859647065054, -12.264657445384728, -7.5999996625e-05], [-76.83144833797036, -12.261017410624964, -7.5999996625e-05], [-76.8282801828841, -12.258742660045701, -7.5999996625e-05], [-76.8247040701367, -12.257274978157684, -7.5999996625e-05], [-76.8176582083596, -12.252404517054808, -7.5999996625e-05], [-76.81571599469737, -12.250618605564165, -7.5999996625e-05], [-76.81511861912895, -12.250622558084565, -7.5999996625e-05], [-76.81401081804478, -12.251244594862106, -7.5999996625e-05], [-76.81191268532211, -12.249504868954492, -7.5999996625e-05], [-76.81105292175488, -12.250116129155968, -7.5999996625e-05], [-76.81048974020928, -12.252433831356207, -7.5999996625e-05], [-76.8090533430373, -12.256095078425062, -7.5999996625e-05], [-76.81084585285379, -12.258831206395023, -7.5999996625e-05], [-76.8108120599286, -12.259265308247342, -7.5999996625e-05], [-76.81010908506619, -12.259956868914335, -7.5999996625e-05], [-76.80419852024545, -12.261189004868644, -7.5999996625e-05], [-76.79896928630347, -12.263962201094678, -7.5999996625e-05], [-76.79631000720104, -12.264865472963159, -7.5999996625e-05], [-76.79431558069945, -12.264869497429352, -7.5999996625e-05], [-76.79044794641555, -12.26378291944615, -7.5999996625e-05], [-76.78826412701423, -12.263829293195741, -7.5999996625e-05]]}, "properties": {"cod": "LM-801", "nombre": "Emp. PE-1S - Pampasica - Emp. PE-1S.", "tipo_influencia": "Directa", "DISTRITO": "LURIN", "PROVINCIA": "LIMA", "DEPARTAMEN": "LIMA", "Zonas": "Todas Zonas", "sububigeo": "15011900", "long_km": 41.1357742865, "dist_min_m": 200.1, "peligro": "Erosión | Inundación", "nivel": "Alto", "pc_lng": -76.79466, "pc_lat": -12.26677, "pc_rio": "Quebrada Lucumo"}}, {"type": "Feature", "geometry": {"type": "LineString", "coordinates": [[-76.93825468400644, -12.245490863712355, 0.000190249996194], [-76.934293657826, -12.247662834372253, 0.000190249996194], [-76.92702826434288, -12.253111325727057, 0.000190249996194], [-76.92127545409886, -12.256417576210147, 0.000190249996194], [-76.85917392673531, -12.2954253866722, 0.000190249996194], [-76.84326873736228, -12.30266656231197, 0.000190249996194], [-76.8407097767348, -12.30426517379868, 0.000190249996194], [-76.83841141175719, -12.306312869842996, 0.000190249996194]]}, "properties": {"cod": "PE-1S", "nombre": "I.V. Santa Anita - Chincha Alta - Ica - Nazca - Dv. Camaná - Dv. Quilca (PE-1S D) - La Repartición (Dv. Arequipa) - Dv. Pto. Matarani (PE- 34) - La Joya - Dv. Moquegua (PE-36 A) - Dv. Ilo (PE-36) - Tacna (PE-38) - La Concordia (fr. Chile).", "tipo_influencia": "Directa", "DISTRITO": "LURIN", "PROVINCIA": "LIMA", "DEPARTAMEN": "LIMA", "Zonas": "Todas Zonas", "sububigeo": "15011900", "long_km": 12.8072346468, "dist_min_m": 107.3, "peligro": "Inundación", "nivel": "Medio", "pc_lng": -76.9009, "pc_lat": -12.27039, "pc_rio": "Río Lurín"}}, {"type": "Feature", "geometry": {"type": "LineString", "coordinates": [[-76.83833474994873, -12.306207757082284, 0.000190249996194], [-76.84044160429659, -12.304313575311202, 0.000190249996194], [-76.84305425984616, -12.302637616732559, 0.000190249996194], [-76.85885542194012, -12.295401351391197, 0.000190249996194], [-76.92112348126363, -12.25629264958605, 0.000190249996194], [-76.92748530510914, -12.252584759015482, 0.000190249996194]]}, "properties": {"cod": "PE-1S", "nombre": "I.V. Santa Anita - Chincha Alta - Ica - Nazca - Dv. Camaná - Dv. Quilca (PE-1S D) - La Repartición (Dv. Arequipa) - Dv. Pto. Matarani (PE- 34) - La Joya - Dv. Moquegua (PE-36 A) - Dv. Ilo (PE-36) - Tacna (PE-38) - La Concordia (fr. Chile).", "tipo_influencia": "Directa", "DISTRITO": "LURIN", "PROVINCIA": "LIMA", "DEPARTAMEN": "LIMA", "Zonas": "Todas Zonas", "sububigeo": "15011900", "long_km": 11.9256099067, "dist_min_m": 127.0, "peligro": "Inundación", "nivel": "Medio", "pc_lng": -76.9009, "pc_lat": -12.27039, "pc_rio": "Río Lurín"}}, {"type": "Feature", "geometry": {"type": "LineString", "coordinates": [[-75.69264030420663, -11.437043087268593, 0.000190249996194], [-75.69235992347166, -11.42185401904771, 0.000190249996194], [-75.69377752301426, -11.421644378085551, 0.000190249996194], [-75.69369526742264, -11.419847270035467, 0.000190249996194]]}, "properties": {"cod": "PE-3SA", "nombre": "Emp. PE-3S (Ov. Aeropuerto Jauja) - Jauja (Via de Evitamiento) - Lomolargo - Huaricolca - Emp. PE- 22 B (Tarma).", "tipo_influencia": "Indirecta", "DISTRITO": "TARMA", "PROVINCIA": "TARMA", "DEPARTAMEN": "JUNIN", "Zonas": "Todas Zonas", "sububigeo": "12070100", "long_km": 2.04155894762, "dist_min_m": 86.6, "peligro": "Erosión | Inundación", "nivel": "Muy Alto", "pc_lng": -75.69168, "pc_lat": -11.42681, "pc_rio": "Río Seco"}}, {"type": "Feature", "geometry": {"type": "LineString", "coordinates": [[-75.66604791427977, -11.48938999934893, 0.000190249996194], [-75.66653251576298, -11.48767471341722, 0.000190249996194], [-75.66734695349908, -11.486450195619966, 0.000190249996194], [-75.6687641132732, -11.485338210889667, 0.000190249996194], [-75.67060661280487, -11.484739303775822, 0.000190249996194], [-75.67216873160163, -11.482921600351522, 0.000190249996194], [-75.67561912452294, -11.480413437030442, 0.000190249996194], [-75.67721378618722, -11.478878942708995, 0.000190249996194], [-75.67590484363359, -11.479423228599037, 0.000190249996194], [-75.67548371989773, -11.47997396982283, 0.000190249996194], [-75.67564201316833, -11.479141235379648, 0.000190249996194], [-75.67655341670678, -11.477884996695192, 0.000190249996194], [-75.67855262760162, -11.477312088082332, 0.000190249996194], [-75.68060874849493, -11.474836349817624, 0.000190249996194], [-75.67968750007805, -11.475261687776646, 0.000190249996194], [-75.68035125640534, -11.474338530998345, 0.000190249996194], [-75.68607258678043, -11.471156191804758, 0.000190249996194], [-75.68593215854224, -11.47024917695791, 0.000190249996194], [-75.68505287159269, -11.469419478625975, 0.000190249996194], [-75.68489265377292, -11.468677521750186, 0.000190249996194], [-75.6851611059003, -11.46787875380141, 0.000190249996194], [-75.68634510384345, -11.466455425577402, 0.000190249996194], [-75.68751958965731, -11.46119895386857, 0.000190249996194], [-75.68924574209728, -11.45878860710849, 0.000190249996194], [-75.6889648442521, -11.457431792742957, 0.000190249996194], [-75.68926212324834, -11.456501607762952, 0.000190249996194], [-75.68907737641973, -11.45473480236916, 0.000190249996194], [-75.68950080871531, -11.454147339128324, 0.000190249996194], [-75.68941497741923, -11.45290565507191, 0.000190249996194], [-75.69060516359741, -11.450103760580026, 0.000190249996194], [-75.69063377372964, -11.446907043924913, 0.000190249996194], [-75.6913757324041, -11.445468902967429, 0.000190249996194], [-75.69351454326153, -11.443557970423976, 0.000190249996194], [-75.69240570076244, -11.443185806679598, 0.000190249996194], [-75.69177265178644, -11.443329689213718, 0.000190249996194], [-75.68994903531967, -11.446962357626655, 0.000190249996194], [-75.68887329056986, -11.448036194914433, 0.000190249996194], [-75.68868827844125, -11.449586868938809, 0.000190249996194], [-75.68633460965447, -11.451841354195105, 0.000190249996194], [-75.68595504718763, -11.451831818683447, 0.000190249996194], [-75.68797492989904, -11.449480057358693, 0.000190249996194], [-75.68782806341437, -11.447734833895423, 0.000190249996194], [-75.68823623691276, -11.446565628001276, 0.000190249996194], [-75.68922648851162, -11.445242459072174, 0.000190249996194], [-75.69058227495196, -11.440916061726805, 0.000190249996194], [-75.69112968418756, -11.440294266866891, 0.000190249996194], [-75.69262123048537, -11.439598083684592, 0.000190249996194], [-75.69264030420663, -11.437043087268593, 0.000190249996194]]}, "properties": {"cod": "PE-3SA", "nombre": "Emp. PE-3S (Ov. Aeropuerto Jauja) - Jauja (Via de Evitamiento) - Lomolargo - Huaricolca - Emp. PE- 22 B (Tarma).", "tipo_influencia": "Indirecta", "DISTRITO": "TARMA", "PROVINCIA": "TARMA", "DEPARTAMEN": "JUNIN", "Zonas": "Todas Zonas", "sububigeo": "12070100", "long_km": 10.6904436375, "dist_min_m": 200.8, "peligro": "Inundación", "nivel": "Medio", "pc_lng": -75.68883, "pc_lat": -11.44031, "pc_rio": ""}}, {"type": "Feature", "geometry": {"type": "LineString", "coordinates": [[-75.75467999058907, -11.42416090600097, 0.000190249996194], [-75.75328916206513, -11.423421683064193, 0.000190249996194], [-75.7524700325659, -11.422015459046175, 0.000190249996194], [-75.75053076688135, -11.420219983265559, 0.000190249996194], [-75.74694360955988, -11.41792737844571, 0.000190249996194], [-75.74311700954235, -11.417859543483079, 0.000190249996194], [-75.74078647491586, -11.418230981474542, 0.000190249996194], [-75.73458894452415, -11.417038727755035, 0.000190249996194], [-75.73292731484366, -11.41720052478434, 0.000190249996194], [-75.7312446194436, -11.417781066842737, 0.000190249996194], [-75.73008376735197, -11.418680691061017, 0.000190249996194], [-75.72508284159983, -11.420073983727319, 0.000190249996194], [-75.72452048563184, -11.420748099345252, 0.000190249996194], [-75.72385611596695, -11.420890941363782, 0.000190249996194], [-75.72362246310615, -11.422373783123527, 0.000190249996194], [-75.72332051033322, -11.422682293752809, 0.000190249996194], [-75.7224074088748, -11.422199326337811, 0.000190249996194], [-75.72190611057852, -11.421374504130029, 0.000190249996194], [-75.72053008039887, -11.4214765834775, 0.000190249996194], [-75.71980990959963, -11.420510695412194, 0.000190249996194], [-75.71846642948208, -11.420122291710364, 0.000190249996194], [-75.7169090941793, -11.419125042486646, 0.000190249996194], [-75.71613035862913, -11.41916054951969, 0.000190249996194], [-75.71587969599113, -11.420010127365456, 0.000190249996194], [-75.71545533109861, -11.419904224100597, 0.000190249996194]]}, "properties": {"cod": "PE-22B", "nombre": "Emp. PE-3N (Dv. Tarma) - Tarma (PE-3S A) - Acobamba - Palca - Pte.Yanango - Pte. Pan de Azúcar - Pte. San Félix - San Ramón - Pte. La Herrería - La Merced - Pte. Río Colorado - Emp. PE-5N (Pte. Reither).", "tipo_influencia": "Indirecta", "DISTRITO": "TARMA", "PROVINCIA": "TARMA", "DEPARTAMEN": "JUNIN", "Zonas": "Todas Zonas", "sububigeo": "12070100", "long_km": 5.10486590392, "dist_min_m": 25.4, "peligro": "Inundación", "nivel": "Medio", "pc_lng": -75.75017, "pc_lat": -11.41975, "pc_rio": ""}}, {"type": "Feature", "geometry": {"type": "LineString", "coordinates": [[-75.69369526742264, -11.419847270035467, 0.000190249996194], [-75.69349404951073, -11.417012944191976, 0.000190249996194], [-75.68893076983915, -11.41646844066594, 0.000190249996194], [-75.68538998965624, -11.415262328393688, 0.000190249996194], [-75.68502570487233, -11.412934229131332, 0.000190249996194]]}, "properties": {"cod": "PE-22B", "nombre": "Emp. PE-3N (Dv. Tarma) - Tarma (PE-3S A) - Acobamba - Palca - Pte.Yanango - Pte. Pan de Azúcar - Pte. San Félix - San Ramón - Pte. La Herrería - La Merced - Pte. Río Colorado - Emp. PE-5N (Pte. Reither).", "tipo_influencia": "Indirecta", "DISTRITO": "TARMA", "PROVINCIA": "TARMA", "DEPARTAMEN": "JUNIN", "Zonas": "Todas Zonas", "sububigeo": "12070100", "long_km": 1.50057801274, "dist_min_m": 420.5, "peligro": "Inundación", "nivel": "Medio", "pc_lng": -75.69682, "pc_lat": -11.41509, "pc_rio": ""}}, {"type": "Feature", "geometry": {"type": "LineString", "coordinates": [[-75.68502570487233, -11.412934229131332, 0.000190249996194], [-75.68429420801124, -11.408481797197105, 0.000190249996194], [-75.68432968896394, -11.404402620784266, 0.000190249996194]]}, "properties": {"cod": "PE-22B", "nombre": "Emp. PE-3N (Dv. Tarma) - Tarma (PE-3S A) - Acobamba - Palca - Pte.Yanango - Pte. Pan de Azúcar - Pte. San Félix - San Ramón - Pte. La Herrería - La Merced - Pte. Río Colorado - Emp. PE-5N (Pte. Reither).", "tipo_influencia": "Indirecta", "DISTRITO": "TARMA", "PROVINCIA": "TARMA", "DEPARTAMEN": "JUNIN", "Zonas": "Todas Zonas", "sububigeo": "12070100", "long_km": 0.952301960542, "dist_min_m": 842.5, "peligro": "Erosión | Inundación", "nivel": "Muy Alto", "pc_lng": -75.67863, "pc_lat": -11.41721, "pc_rio": "Quebrada Agorajra"}}, {"type": "Feature", "geometry": {"type": "LineString", "coordinates": [[-75.76436152156691, -11.423781451452781, 0.000190249996194], [-75.75768793774807, -11.423361490540286, 0.000190249996194], [-75.75411665615871, -11.420000962374449, 0.000190249996194], [-75.752317555211, -11.419181996551858, 0.000190249996194], [-75.75388884439462, -11.420157648556591, 0.000190249996194], [-75.75645978399177, -11.423791942044433, 0.000190249996194], [-75.75698834973252, -11.427007530972721, 0.000190249996194], [-75.75797791964521, -11.428683930219165, 0.000190249996194], [-75.75780341969204, -11.429934290035414, 0.000190249996194], [-75.75824733314789, -11.431925902558296, 0.000190249996194], [-75.75777239488008, -11.432415260555787, 0.000190249996194], [-75.75728782487317, -11.432094419321961, 0.000190249996194], [-75.75652627176999, -11.43063122595027, 0.000190249996194], [-75.75539394077771, -11.43112474151355, 0.000190249996194], [-75.7551020837941, -11.430892679553487, 0.000190249996194], [-75.7556532351087, -11.430021515280654, 0.000190249996194], [-75.75670495087275, -11.429302561264143, 0.000190249996194], [-75.75467999058907, -11.42416090600097, 0.000190249996194]]}, "properties": {"cod": "PE-22B", "nombre": "Emp. PE-3N (Dv. Tarma) - Tarma (PE-3S A) - Acobamba - Palca - Pte.Yanango - Pte. Pan de Azúcar - Pte. San Félix - San Ramón - Pte. La Herrería - La Merced - Pte. Río Colorado - Emp. PE-5N (Pte. Reither).", "tipo_influencia": "Indirecta", "DISTRITO": "TARMA", "PROVINCIA": "TARMA", "DEPARTAMEN": "JUNIN", "Zonas": "Todas Zonas", "sububigeo": "12070100", "long_km": 4.55725656418, "dist_min_m": 235.6, "peligro": "Inundación", "nivel": "Medio", "pc_lng": -75.75017, "pc_lat": -11.41975, "pc_rio": ""}}, {"type": "Feature", "geometry": {"type": "LineString", "coordinates": [[-75.71545533109861, -11.419904224100597, 0.000190249996194], [-75.71427404101416, -11.419342544422824, 0.000190249996194], [-75.71326574811576, -11.419343055237785, 0.000190249996194], [-75.71280498945869, -11.418944474807624, 0.000190249996194], [-75.7120048977078, -11.419085665670872, 0.000190249996194], [-75.71151523214223, -11.418848688016517, 0.000190249996194], [-75.71025995753098, -11.419257082748123, 0.000190249996194], [-75.70830664353673, -11.418975256802636, 0.000190249996194], [-75.70745536507297, -11.419515807808233, 0.000190249996194], [-75.70522608151839, -11.419890032798717, 0.000190249996194], [-75.7036118631969, -11.419687750988885, 0.000190249996194], [-75.70277657917575, -11.420271290487614, 0.000190249996194], [-75.70109142862651, -11.42071447279466, 0.000190249996194], [-75.69753110977285, -11.419522790144585, 0.000190249996194], [-75.69369526742264, -11.419847270035467, 0.000190249996194]]}, "properties": {"cod": "PE-22B", "nombre": "Emp. PE-3N (Dv. Tarma) - Tarma (PE-3S A) - Acobamba - Palca - Pte.Yanango - Pte. Pan de Azúcar - Pte. San Félix - San Ramón - Pte. La Herrería - La Merced - Pte. Río Colorado - Emp. PE-5N (Pte. Reither).", "tipo_influencia": "Indirecta", "DISTRITO": "TARMA", "PROVINCIA": "TARMA", "DEPARTAMEN": "JUNIN", "Zonas": "Todas Zonas", "sububigeo": "12070100", "long_km": 2.51418197407, "dist_min_m": 206.5, "peligro": "Inundación", "nivel": "Medio", "pc_lng": -75.71289, "pc_lat": -11.41707, "pc_rio": ""}}, {"type": "Feature", "geometry": {"type": "LineString", "coordinates": [[-75.57009882789856, -11.346566542811674, 0.000190249996194], [-75.56785589713189, -11.346332228049844, 0.000190249996194], [-75.56664431158566, -11.345878627096914, 0.000190249996194], [-75.5567911234116, -11.336857655356473, 0.000190249996194], [-75.55452536875072, -11.329887794386144, 0.000190249996194], [-75.55558678280374, -11.32671431171605, 0.000190249996194], [-75.55472665860839, -11.324763298187632, 0.000190249996194], [-75.55238475745057, -11.321181917211682, 0.000190249996194], [-75.5527794015481, -11.32029714169971, 0.000190249996194], [-75.55269582485238, -11.31942922038218, 0.000190249996194], [-75.5536220501175, -11.315252740021897, 0.000190249996194], [-75.55426156611833, -11.314245859958419, 0.000190249996194], [-75.55430718962504, -11.310923132996143, 0.000190249996194], [-75.55683245175618, -11.307707248190919, 0.000190249996194], [-75.5579812304494, -11.303560123500851, 0.000190249996194], [-75.55893677990845, -11.303111520080567, 0.000190249996194], [-75.55994713765023, -11.30145218277198, 0.000190249996194], [-75.55977371598419, -11.29977011509868, 0.000190249996194], [-75.5605285979164, -11.298261217281315, 0.000190249996194], [-75.56036640788335, -11.29734214342512, 0.000190249996194], [-75.5607900793986, -11.296508339688103, 0.000190249996194], [-75.56204008398265, -11.29538860280172, 0.000190249996194], [-75.56268683053275, -11.293511901153298, 0.000190249996194], [-75.56269280742708, -11.292706899104079, 0.000190249996194], [-75.5620109405524, -11.291105410686091, 0.000190249996194], [-75.56317176116778, -11.288817373522924, 0.000190249996194], [-75.5629959104329, -11.28752692103051, 0.000190249996194], [-75.5651752609295, -11.286106255699107, 0.000190249996194], [-75.5658529801309, -11.28476927048542, 0.000190249996194], [-75.56544925557864, -11.283232879493767, 0.000190249996194], [-75.5641675193155, -11.281830940745289, 0.000190249996194], [-75.56418948975313, -11.28061535051797, 0.000190249996194], [-75.56370505014792, -11.278928179192071, 0.000190249996194], [-75.5627104431324, -11.278113879052228, 0.000190249996194], [-75.562534579807, -11.276532840318277, 0.000190249996194], [-75.55864618647229, -11.272723780677897, 0.000190249996194], [-75.55805342802324, -11.271763631186566, 0.000190249996194]]}, "properties": {"cod": "PE-22B", "nombre": "Emp. PE-3N (Dv. Tarma) - Tarma (PE-3S A) - Acobamba - Palca - Pte.Yanango - Pte. Pan de Azúcar - Pte. San Félix - San Ramón - Pte. La Herrería - La Merced - Pte. Río Colorado - Emp. PE-5N (Pte. Reither).", "tipo_influencia": "Directa", "DISTRITO": "PALCA", "PROVINCIA": "TARMA", "DEPARTAMEN": "JUNIN", "Zonas": "Todas Zonas", "sububigeo": "12070600", "long_km": 10.1412331246, "dist_min_m": 118.2, "peligro": "Inundación", "nivel": "Medio", "pc_lng": -75.56336, "pc_lat": -11.34438, "pc_rio": ""}}, {"type": "Feature", "geometry": {"type": "LineString", "coordinates": [[-75.57340986996951, -11.346233462704108, 0.000190249996194], [-75.57199758002429, -11.346555603458292, 0.000190249996194]]}, "properties": {"cod": "PE-22B", "nombre": "Emp. PE-3N (Dv. Tarma) - Tarma (PE-3S A) - Acobamba - Palca - Pte.Yanango - Pte. Pan de Azúcar - Pte. San Félix - San Ramón - Pte. La Herrería - La Merced - Pte. Río Colorado - Emp. PE-5N (Pte. Reither).", "tipo_influencia": "Directa", "DISTRITO": "PALCA", "PROVINCIA": "TARMA", "DEPARTAMEN": "JUNIN", "Zonas": "Todas Zonas", "sububigeo": "12070600", "long_km": 0.158204433794, "dist_min_m": 279.9, "peligro": "Erosión | Flujo de detritos | Inundación", "nivel": "Medio", "pc_lng": -75.57596, "pc_lat": -11.34654, "pc_rio": "Río Tarma"}}, {"type": "Feature", "geometry": {"type": "LineString", "coordinates": [[-75.57199758002429, -11.346555603458292, 0.000190249996194], [-75.57009882789856, -11.346566542811674, 0.000190249996194]]}, "properties": {"cod": "PE-22B", "nombre": "Emp. PE-3N (Dv. Tarma) - Tarma (PE-3S A) - Acobamba - Palca - Pte.Yanango - Pte. Pan de Azúcar - Pte. San Félix - San Ramón - Pte. La Herrería - La Merced - Pte. Río Colorado - Emp. PE-5N (Pte. Reither).", "tipo_influencia": "Directa", "DISTRITO": "PALCA", "PROVINCIA": "TARMA", "DEPARTAMEN": "JUNIN", "Zonas": "Todas Zonas", "sububigeo": "12070600", "long_km": 0.207661427686, "dist_min_m": 432.0, "peligro": "Erosión | Flujo de detritos | Inundación", "nivel": "Medio", "pc_lng": -75.57596, "pc_lat": -11.34654, "pc_rio": "Río Tarma"}}, {"type": "Feature", "geometry": {"type": "LineString", "coordinates": [[-75.60315952778996, -11.352938601035598, 0.000190249996194], [-75.5930376968322, -11.351012295480981, 0.000190249996194], [-75.5901078000349, -11.349896540792649, 0.000190249996194], [-75.58830546962167, -11.349747536619473, 0.000190249996194], [-75.58721130585707, -11.348980634348775, 0.000190249996194], [-75.58576577337169, -11.348647796158835, 0.000190249996194], [-75.58257730889562, -11.349412897087458, 0.000190249996194], [-75.57979421383186, -11.349129077344973, 0.000190249996194], [-75.57702334505132, -11.34720287701111, 0.000190249996194], [-75.57556277769999, -11.346850615263635, 0.000190249996194], [-75.57449596141947, -11.34608372018749, 0.000190249996194], [-75.57340986996951, -11.346233462704108, 0.000190249996194]]}, "properties": {"cod": "PE-22B", "nombre": "Emp. PE-3N (Dv. Tarma) - Tarma (PE-3S A) - Acobamba - Palca - Pte.Yanango - Pte. Pan de Azúcar - Pte. San Félix - San Ramón - Pte. La Herrería - La Merced - Pte. Río Colorado - Emp. PE-5N (Pte. Reither).", "tipo_influencia": "Directa", "DISTRITO": "PALCA", "PROVINCIA": "TARMA", "DEPARTAMEN": "JUNIN", "Zonas": "Todas Zonas", "sububigeo": "12070600", "long_km": 3.45125850611, "dist_min_m": 46.8, "peligro": "Erosión | Flujo de detritos | Inundación", "nivel": "Medio", "pc_lng": -75.57596, "pc_lat": -11.34654, "pc_rio": "Río Tarma"}}, {"type": "Feature", "geometry": {"type": "LineString", "coordinates": [[-75.68432968896394, -11.404402620784266, 0.000190249996194], [-75.6878312020483, -11.395852764293572, 0.000190249996194], [-75.68866735031793, -11.386278576395116, 0.000190249996194], [-75.68850409998419, -11.384279032751126, 0.000190249996194], [-75.68506528053206, -11.37628650624638, 0.000190249996194]]}, "properties": {"cod": "PE-22B", "nombre": "Emp. PE-3N (Dv. Tarma) - Tarma (PE-3S A) - Acobamba - Palca - Pte.Yanango - Pte. Pan de Azúcar - Pte. San Félix - San Ramón - Pte. La Herrería - La Merced - Pte. Río Colorado - Emp. PE-5N (Pte. Reither).", "tipo_influencia": "Indirecta", "DISTRITO": "TARMA", "PROVINCIA": "TARMA", "DEPARTAMEN": "JUNIN", "Zonas": "Todas Zonas", "sububigeo": "12070100", "long_km": 3.27444211424, "dist_min_m": 155.8, "peligro": "Inundación", "nivel": "Medio", "pc_lng": -75.68935, "pc_lat": -11.38254, "pc_rio": ""}}, {"type": "Feature", "geometry": {"type": "LineString", "coordinates": [[-75.68506528053206, -11.37628650624638, 0.000190249996194], [-75.68506528053206, -11.37628650624638, 0.000190249996194]]}, "properties": {"cod": "PE-22B", "nombre": "Emp. PE-3N (Dv. Tarma) - Tarma (PE-3S A) - Acobamba - Palca - Pte.Yanango - Pte. Pan de Azúcar - Pte. San Félix - San Ramón - Pte. La Herrería - La Merced - Pte. Río Colorado - Emp. PE-5N (Pte. Reither).", "tipo_influencia": "Indirecta", "DISTRITO": "ACOBAMBA", "PROVINCIA": "TARMA", "DEPARTAMEN": "JUNIN", "Zonas": "Todas Zonas", "sububigeo": "12070200", "long_km": 3.27444211424, "dist_min_m": 834.7, "peligro": "Inundación", "nivel": "Medio", "pc_lng": -75.68935, "pc_lat": -11.38254, "pc_rio": ""}}, {"type": "Feature", "geometry": {"type": "LineString", "coordinates": [[-75.68506528053206, -11.37628650624638, 0.000190249996194], [-75.68506528043832, -11.376286505917443, 0.000190249996194]]}, "properties": {"cod": "PE-22B", "nombre": "Emp. PE-3N (Dv. Tarma) - Tarma (PE-3S A) - Acobamba - Palca - Pte.Yanango - Pte. Pan de Azúcar - Pte. San Félix - San Ramón - Pte. La Herrería - La Merced - Pte. Río Colorado - Emp. PE-5N (Pte. Reither).", "tipo_influencia": "Indirecta", "DISTRITO": "ACOBAMBA", "PROVINCIA": "TARMA", "DEPARTAMEN": "JUNIN", "Zonas": "Todas Zonas", "sububigeo": "12070200", "long_km": 3.27444211424, "dist_min_m": 834.7, "peligro": "Inundación", "nivel": "Medio", "pc_lng": -75.68935, "pc_lat": -11.38254, "pc_rio": ""}}, {"type": "Feature", "geometry": {"type": "LineString", "coordinates": [[-75.68506528043832, -11.376286505917443, 0.000190249996194], [-75.68353346339859, -11.372605458475103, 0.000190249996194], [-75.68248132765109, -11.371375594208246, 0.000190249996194], [-75.67857869265248, -11.367368420216383, 0.000190249996194], [-75.67674080934086, -11.36589603127675, 0.000190249996194], [-75.67073671862465, -11.3624302041905, 0.000190249996194], [-75.66872169584957, -11.359012921609011, 0.000190249996194], [-75.66709164046682, -11.357884252656115, 0.000190249996194], [-75.66341474879158, -11.3539069685317, 0.000190249996194], [-75.66168935268144, -11.353560843757862, 0.000190249996194], [-75.65887722840131, -11.354379358120807, 0.000190249996194], [-75.65464498018167, -11.354158965763588, 0.000190249996194], [-75.65270558949135, -11.354591067523701, 0.000190249996194], [-75.64862416747133, -11.353394863981755, 0.000190249996194], [-75.64677930272262, -11.353724347700446, 0.000190249996194], [-75.64538833840106, -11.353236349477928, 0.000190249996194], [-75.64453737380074, -11.353558395803308, 0.000190249996194], [-75.6420863525031, -11.35560272928251, 0.000190249996194], [-75.64026811847884, -11.355792260504362, 0.000190249996194], [-75.63275839538358, -11.357684036588982, 0.000190249996194], [-75.62545947787254, -11.356539706841948, 0.000190249996194], [-75.62055692266381, -11.356450907783147, 0.000190249996194], [-75.61805449881604, -11.355400978072623, 0.000190249996194], [-75.61672031768848, -11.355628362658752, 0.000190249996194], [-75.61463216654124, -11.355274026175314, 0.000190249996194], [-75.61362850964798, -11.355462764195186, 0.000190249996194], [-75.61057570880189, -11.357443272788776, 0.000190249996194], [-75.60917251190187, -11.357038183065638, 0.000190249996194], [-75.60583491105228, -11.353909849060237, 0.000190249996194], [-75.60315955167898, -11.352938602797598, 0.000190249996194]]}, "properties": {"cod": "PE-22B", "nombre": "Emp. PE-3N (Dv. Tarma) - Tarma (PE-3S A) - Acobamba - Palca - Pte.Yanango - Pte. Pan de Azúcar - Pte. San Félix - San Ramón - Pte. La Herrería - La Merced - Pte. Río Colorado - Emp. PE-5N (Pte. Reither).", "tipo_influencia": "Indirecta", "DISTRITO": "ACOBAMBA", "PROVINCIA": "TARMA", "DEPARTAMEN": "JUNIN", "Zonas": "Todas Zonas", "sububigeo": "12070200", "long_km": 10.5691859176, "dist_min_m": 834.7, "peligro": "Inundación", "nivel": "Medio", "pc_lng": -75.68935, "pc_lat": -11.38254, "pc_rio": ""}}, {"type": "Feature", "geometry": {"type": "LineString", "coordinates": [[-75.7930490647625, -11.414119783800913, 0.000190249996194], [-75.79101289802679, -11.415574662040965, 0.000190249996194], [-75.78667509997587, -11.416164941059154, 0.000190249996194], [-75.78493030099258, -11.416739506223161, 0.000190249996194], [-75.78243313278278, -11.418827058421984, 0.000190249996194], [-75.77980508353772, -11.421680840198572, 0.000190249996194], [-75.77628420804973, -11.423856579017857, 0.000190249996194], [-75.77261200813763, -11.424825877312337, 0.000190249996194], [-75.76547067073483, -11.427955873264915, 0.000190249996194], [-75.76290914973742, -11.427882907669979, 0.000190249996194], [-75.76045196268791, -11.428512451988002, 0.000190249996194], [-75.76049071717284, -11.428209919152383, 0.000190249996194], [-75.76272437502985, -11.427429668244546, 0.000190249996194], [-75.76517473172845, -11.427084412215775, 0.000190249996194], [-75.76676312511808, -11.425842987164051, 0.000190249996194], [-75.7671435077666, -11.424968060127815, 0.000190249996194], [-75.76700494292373, -11.424392484125795, 0.000190249996194], [-75.76569011790457, -11.423666051347144, 0.000190249996194], [-75.76436152156691, -11.423781451452781, 0.000190249996194]]}, "properties": {"cod": "PE-22B", "nombre": "Emp. PE-3N (Dv. Tarma) - Tarma (PE-3S A) - Acobamba - Palca - Pte.Yanango - Pte. Pan de Azúcar - Pte. San Félix - San Ramón - Pte. La Herrería - La Merced - Pte. Río Colorado - Emp. PE-5N (Pte. Reither).", "tipo_influencia": "Indirecta", "DISTRITO": "TARMA", "PROVINCIA": "TARMA", "DEPARTAMEN": "JUNIN", "Zonas": "Todas Zonas", "sububigeo": "12070100", "long_km": 5.32082849862, "dist_min_m": 1461.7, "peligro": "Inundación", "nivel": "Medio", "pc_lng": -75.75017, "pc_lat": -11.41975, "pc_rio": ""}}]}