{"type": "FeatureCollection", "features": [{"type": "Feature", "properties": {"ruta": "PE-22", "nombre": "Emp. PE-1N (I.V. La Menacho) – Pte. Carlos Graña – I.V. Huachipa - Pte. Huachipa – Dv. Sta. Anita (Av. Las Torres – Av. Nicolas Ayllón) - Sta. Clara - Pte. Los Angeles - Chosica (Av. Nicolas Ayllón) - Ricardo Palma - Pte. Ricardo Palma - Pte.", "jerarquia": "nacional", "departamento": "Lima", "provincia": " ", "distrito": "", "motivo": "last_mile_progresol", "progresol_servido": "FERRETERIA PERFILES", "progresol_direccion": "CAR CENTRAL KM 95 MZ A LT 8 BARRIO PITE", "progresol_dist_m": 1.7, "puntos_criticos_1km": 64, "pc_lng": -76.26755, "pc_lat": -11.70709, "long_km": 38.736000059999995, "dist_min_m": 5.0, "peligro": "inundación, flujo de detritos, erosión fluvial", "nivel": "Muy alto", "fid": 0}, "geometry": {"type": "LineString", "coordinates": [[-76.302244, -11.761781], [-76.295925, -11.755068], [-76.294809, -11.752371], [-76.291626, -11.749242], [-76.289896, -11.745558], [-76.285643, -11.741022], [-76.278408, -11.740057], [-76.271025, -11.737223], [-76.268333, -11.730091], [-76.267994, -11.732629], [-76.26496, -11.73278], [-76.26349, -11.733983], [-76.259687, -11.734388], [-76.257139, -11.73568], [-76.257576, -11.734346], [-76.26276, -11.733187], [-76.266113, -11.730841], [-76.266741, -11.726355], [-76.268369, -11.72345], [-76.268232, -11.718685], [-76.270304, -11.712109], [-76.26984, -11.710732], [-76.267577, -11.710487], [-76.266876, -11.708965], [-76.267508, -11.705099], [-76.268909, -11.70283], [-76.265987, -11.697529], [-76.266369, -11.69232], [-76.265495, -11.693222], [-76.265095, -11.691734], [-76.261066, -11.689721], [-76.260467, -11.685532], [-76.257109, -11.681761], [-76.258169, -11.678832], [-76.256601, -11.67663], [-76.257166, -11.673542], [-76.256315, -11.672787], [-76.255489, -11.669086], [-76.251621, -11.666449], [-76.253263, -11.665735], [-76.251476, -11.665756], [-76.249119, -11.663727], [-76.245525, -11.662748], [-76.242243, -11.660137], [-76.245768, -11.662298], [-76.249028, -11.662154], [-76.245361, -11.661739], [-76.242287, -11.657955], [-76.240965, -11.653605], [-76.234623, -11.647163], [-76.233757, -11.645411], [-76.232864, -11.642435], [-76.232809, -11.634661], [-76.234259, -11.631239], [-76.234547, -11.6236], [-76.232249, -11.630275], [-76.230477, -11.632568], [-76.226971, -11.632635], [-76.22209, -11.628515], [-76.21933, -11.621445], [-76.212519, -11.616064], [-76.21023, -11.612373], [-76.208315, -11.6108], [-76.207875, -11.617342], [-76.206945, -11.614626], [-76.207174, -11.61274], [-76.20602, -11.610695], [-76.204123, -11.610016], [-76.204138, -11.608358], [-76.203539, -11.609787], [-76.204054, -11.610751], [-76.203468, -11.610664], [-76.202922, -11.608898], [-76.203875, -11.606728], [-76.202269, -11.609114], [-76.202333, -11.61078], [-76.199068, -11.610312], [-76.198448, -11.607233], [-76.197036, -11.605121], [-76.198336, -11.601435], [-76.19683, -11.60307], [-76.19628, -11.605061], [-76.195006, -11.605178], [-76.194092, -11.604086], [-76.194431, -11.600664], [-76.193132, -11.598736], [-76.191496, -11.598047], [-76.190372, -11.594343], [-76.192316, -11.592024], [-76.18899, -11.595177], [-76.186966, -11.595577]]}}, {"type": "Feature", "properties": {"ruta": "PE-22A", "nombre": "Emp. PE-1S (I.V. Mala) - Calango - La Capilla - San Juan de Viscas – Alloca  Huancata – Sangallaya - San Lorenzo de Quinti - San Juan de Tantarache – Carhuapampa – Chicllapata – Chayanca – Yuracmayo – Emp. PE-22 (Río Blanco)", "jerarquia": "nacional", "departamento": "Lima", "provincia": " ", "distrito": "", "motivo": "last_mile_progresol", "progresol_servido": "FERRETERIA PERU CONSTRUCTOR DEL SUR", "progresol_direccion": "OTR.ANEXO LA HUACA NRO. S/N  LOSSIO PREDIO RUSTICO EL PINO ANEXO LA HUACA", "progresol_dist_m": 5.3, "puntos_criticos_1km": 54, "pc_lng": -76.59944, "pc_lat": -12.56169, "long_km": 17.97900009, "dist_min_m": 51.7, "peligro": "", "nivel": "", "fid": 1}, "geometry": {"type": "LineString", "coordinates": [[-76.630155, -12.633835], [-76.619735, -12.608129], [-76.617778, -12.605523], [-76.61705, -12.600737], [-76.615706, -12.598935], [-76.615893, -12.596704], [-76.611825, -12.590833], [-76.605787, -12.574785], [-76.599157, -12.562113], [-76.59165, -12.55256], [-76.589567, -12.54843], [-76.58884, -12.542731], [-76.585474, -12.537757], [-76.583682, -12.533466], [-76.57865, -12.530647], [-76.577303, -12.527594], [-76.572404, -12.527757], [-76.568944, -12.524575], [-76.564288, -12.523909], [-76.5602, -12.525389], [-76.547837, -12.527412], [-76.545608, -12.526899], [-76.544389, -12.524725]]}}, {"type": "Feature", "properties": {"ruta": "AP-670", "nombre": "Emp. PE-3S (San Jerónimo) - Emp. PE-30 B.", "jerarquia": "departamental/vecinal", "departamento": "Apurímac", "provincia": "Andahuaylas", "distrito": "", "motivo": "last_mile_progresol", "progresol_servido": "NUTREX", "progresol_direccion": "AV. AVENIDA PERU NRO. 128 URB. AVENIDA PERU", "progresol_dist_m": 2054.6, "puntos_criticos_1km": 48, "pc_lng": -73.35967, "pc_lat": -13.65307, "long_km": 12.32999992, "dist_min_m": 118.0, "peligro": "Inundación, flujo de detritos, erosión", "nivel": null, "fid": 2}, "geometry": {"type": "LineString", "coordinates": [[-73.366551, -13.652008], [-73.362658, -13.650879], [-73.361885, -13.653177], [-73.350373, -13.659407], [-73.349873, -13.664604], [-73.347615, -13.667878], [-73.347985, -13.668912], [-73.347106, -13.670299], [-73.347209, -13.672794], [-73.346191, -13.674233], [-73.346429, -13.677013], [-73.345441, -13.680798], [-73.341643, -13.684815], [-73.339444, -13.686002], [-73.342327, -13.686229], [-73.345868, -13.684834], [-73.344456, -13.685846], [-73.344532, -13.687846], [-73.343152, -13.687202], [-73.340487, -13.687636], [-73.342372, -13.687631], [-73.343853, -13.688707], [-73.342258, -13.688073], [-73.340563, -13.688531], [-73.338665, -13.690263], [-73.342592, -13.689223], [-73.33923, -13.69156], [-73.342851, -13.690571], [-73.338358, -13.693244], [-73.34259, -13.69226], [-73.344248, -13.693075], [-73.342436, -13.693136], [-73.344091, -13.694367], [-73.344324, -13.696737], [-73.345209, -13.697746]]}}, {"type": "Feature", "properties": {"ruta": "LM-683", "nombre": "Emp. PE-1N B - Lunavilca - PE-1N.", "jerarquia": "departamental/vecinal", "departamento": "Lima", "provincia": "Huaral", "distrito": "", "motivo": "last_mile_progresol", "progresol_servido": "FERRETERIA GRAMADALES", "progresol_direccion": "AV. MARISCAL SUCRE MZ. C LT. 4 ", "progresol_dist_m": 2601.8, "puntos_criticos_1km": 47, "pc_lng": -77.2339, "pc_lat": -11.60331, "long_km": 7.71000004, "dist_min_m": 4.1, "peligro": "Inundación, flujo de detritos", "nivel": "Muy alto", "fid": 3}, "geometry": {"type": "LineString", "coordinates": [[-77.241815, -11.605553], [-77.240343, -11.604264], [-77.234389, -11.603707], [-77.233903, -11.601918], [-77.231786, -11.600017], [-77.229716, -11.599893], [-77.229634, -11.596635], [-77.224684, -11.588423], [-77.222285, -11.585834], [-77.219515, -11.584345], [-77.22242, -11.578739], [-77.221754, -11.575586], [-77.215843, -11.569101], [-77.207499, -11.565078], [-77.203214, -11.560573]]}}, {"type": "Feature", "properties": {"ruta": "PE-22", "nombre": "Emp. PE-1N (I.V. La Menacho) – Pte. Carlos Graña – I.V. Huachipa - Pte. Huachipa – Dv. Sta. Anita (Av. Las Torres – Av. Nicolas Ayllón) - Sta. Clara - Pte. Los Angeles - Chosica (Av. Nicolas Ayllón) - Ricardo Palma - Pte. Ricardo Palma - Pte.", "jerarquia": "nacional", "departamento": "Lima", "provincia": " ", "distrito": "", "motivo": "last_mile_progresol", "progresol_servido": "VALERY", "progresol_direccion": "AV. LIMA SUR NRO. S/N CHOSICA (LT A2-1 A1-9)", "progresol_dist_m": 98.7, "puntos_criticos_1km": 40, "pc_lng": -76.70292, "pc_lat": -11.94126, "long_km": 2.5380001100000005, "dist_min_m": 115.7, "peligro": "Inundación", "nivel": null, "fid": 4}, "geometry": {"type": "LineString", "coordinates": [[-76.714035, -11.946726], [-76.710377, -11.945921], [-76.708945, -11.943835], [-76.703339, -11.942438], [-76.699128, -11.940258], [-76.695119, -11.935429]]}}, {"type": "Feature", "properties": {"ruta": "PE-22", "nombre": "Emp. PE-1N (I.V. La Menacho) – Pte. Carlos Graña – I.V. Huachipa - Pte. Huachipa – Dv. Sta. Anita (Av. Las Torres – Av. Nicolas Ayllón) - Sta. Clara - Pte. Los Angeles - Chosica (Av. Nicolas Ayllón) - Ricardo Palma - Pte. Ricardo Palma - Pte.", "jerarquia": "nacional", "departamento": "Lima", "provincia": " ", "distrito": "", "motivo": "last_mile_progresol", "progresol_servido": "CONSORCIO HUACHIPA", "progresol_direccion": "MZA. L LOTE. 4 ASOC.DIG.NACIONAL  (AV.CIRCUNVALACION)", "progresol_dist_m": 68.6, "puntos_criticos_1km": 39, "pc_lng": -76.95257, "pc_lat": -12.02065, "long_km": 9.8409996, "dist_min_m": 19.0, "peligro": "Inundación", "nivel": null, "fid": 5}, "geometry": {"type": "LineString", "coordinates": [[-76.989085, -12.035575], [-76.989805, -12.033428], [-76.988985, -12.03224], [-76.973385, -12.027868], [-76.952051, -12.020336], [-76.943253, -12.019821], [-76.93082, -12.021294], [-76.922972, -12.021091], [-76.913784, -12.019129], [-76.905279, -12.01543]]}}, {"type": "Feature", "properties": {"ruta": "AP-560", "nombre": "Emp. PE-3S (San Jerónimo) - Emp. PE-3S (Andahuaylas) - Emp. AP-102 (Talavera).", "jerarquia": "departamental/vecinal", "departamento": "Apurímac", "provincia": "Andahuaylas", "distrito": "", "motivo": "last_mile_progresol", "progresol_servido": "SERCAM", "progresol_direccion": "AV. PERU NRO. 140 (CT COMISARIA C4P GRIS 2DO PISO)", "progresol_dist_m": 7.2, "puntos_criticos_1km": 38, "pc_lng": -73.36574, "pc_lat": -13.65293, "long_km": 2.71099997, "dist_min_m": 135.0, "peligro": "Inundación", "nivel": null, "fid": 6}, "geometry": {"type": "LineString", "coordinates": [[-73.390373, -13.656772], [-73.374267, -13.656267], [-73.366551, -13.652008]]}}, {"type": "Feature", "properties": {"ruta": "LM-723", "nombre": "Emp. PE-22 - Virgen del Rosario - Cochahuaura -  Guspany - Emp. LM-116.", "jerarquia": "departamental/vecinal", "departamento": "Lima", "provincia": "Huarochirí", "distrito": "", "motivo": "last_mile_progresol", "progresol_servido": "FERRETERIA REYES", "progresol_direccion": "AV. SAN MARTIN # 1839 ", "progresol_dist_m": 496.6, "puntos_criticos_1km": 37, "pc_lng": -76.68082, "pc_lat": -11.92276, "long_km": 6.59000015, "dist_min_m": 20.2, "peligro": "Inundación", "nivel": null, "fid": 7}, "geometry": {"type": "LineString", "coordinates": [[-76.652972, -11.887343], [-76.659475, -11.894805], [-76.661226, -11.894433], [-76.661549, -11.896239], [-76.663296, -11.896735], [-76.669065, -11.902138], [-76.670263, -11.905849], [-76.672427, -11.907041], [-76.672715, -11.908874], [-76.669587, -11.910732], [-76.669628, -11.911831], [-76.67134, -11.912127], [-76.672965, -11.9137], [-76.674217, -11.913594], [-76.676505, -11.919478], [-76.681331, -11.92356], [-76.683176, -11.923454], [-76.682899, -11.924181]]}}, {"type": "Feature", "properties": {"ruta": "PE-22", "nombre": "Emp. PE-1N (I.V. La Menacho) – Pte. Carlos Graña – I.V. Huachipa - Pte. Huachipa – Dv. Sta. Anita (Av. Las Torres – Av. Nicolas Ayllón) - Sta. Clara - Pte. Los Angeles - Chosica (Av. Nicolas Ayllón) - Ricardo Palma - Pte. Ricardo Palma - Pte.", "jerarquia": "nacional", "departamento": "Lima", "provincia": " ", "distrito": "", "motivo": "last_mile_progresol", "progresol_servido": "GRUPO GILMAR", "progresol_direccion": "CARRETERA CENTRAL KM 38.500 ", "progresol_dist_m": 241.9, "puntos_criticos_1km": 37, "pc_lng": -76.68002, "pc_lat": -11.9238, "long_km": 2.9119999400000003, "dist_min_m": 7.2, "peligro": "Inundación", "nivel": " ", "fid": 8}, "geometry": {"type": "LineString", "coordinates": [[-76.686581, -11.926409], [-76.683403, -11.92391], [-76.680205, -11.923812], [-76.677993, -11.922104], [-76.674022, -11.920754], [-76.66514, -11.921566], [-76.662518, -11.922878]]}}, {"type": "Feature", "properties": {"ruta": "PE-3N", "nombre": "Repartición La Oroya (PE-22) - Huánuco (PE-18 A) - Conococha (PE-16) - Huaraz (PE-14 y PE-14 A) - Santiago de Chuco - Cajabamba - Cajamarca (PE-08 y PE-08 B) - Bambamarca - Cutervo (PE-3N C) - Huancabamba (PE-02 A) - Vado Grande (Fr. Ecuador)", "jerarquia": "nacional", "departamento": "Huánuco", "provincia": " ", "distrito": "", "motivo": "last_mile_progresol", "progresol_servido": "FERRETERIA KEVIN", "progresol_direccion": "CARRETERA CENTRAL KM 7.5YANAGROSAVE ", "progresol_dist_m": 1023.7, "puntos_criticos_1km": 37, "pc_lng": -76.23356, "pc_lat": -10.02451, "long_km": 12.07699966, "dist_min_m": 6.6, "peligro": "Inundación, flujo de detritos, erosión fluvial", "nivel": "Muy alto", "fid": 9}, "geometry": {"type": "LineString", "coordinates": [[-76.210678, -10.102681], [-76.211056, -10.098937], [-76.217136, -10.090286], [-76.216949, -10.083786], [-76.218673, -10.078978], [-76.21772, -10.07088], [-76.224609, -10.052484], [-76.225966, -10.045198], [-76.235017, -10.032132], [-76.235393, -10.029794], [-76.233968, -10.026974], [-76.233178, -10.020766], [-76.239575, -10.00197]]}}, {"type": "Feature", "properties": {"ruta": "AP-665", "nombre": "Emp. PE-3S - Emp. AP-670.", "jerarquia": "departamental/vecinal", "departamento": "Apurímac", "provincia": "Andahuaylas", "distrito": "", "motivo": "last_mile_progresol", "progresol_servido": "NUTREX", "progresol_direccion": "AV. AVENIDA PERU NRO. 128 URB. AVENIDA PERU", "progresol_dist_m": 2493.3, "puntos_criticos_1km": 36, "pc_lng": -73.36378, "pc_lat": -13.65117, "long_km": 0.9900000100000002, "dist_min_m": 124.8, "peligro": "Inundación", "nivel": "", "fid": 10}, "geometry": {"type": "LineString", "coordinates": [[-73.362658, -13.650879], [-73.360746, -13.650324], [-73.358581, -13.647261], [-73.356337, -13.647753]]}}, {"type": "Feature", "properties": {"ruta": "PE-3S", "nombre": "Repartición La Oroya (PE-22) - Huancayo - Izcuchaca (PE-26) - Mayoc - Ayacucho - Andahuaylas (PE-30 B) - Abancay - Anta - Cusco - Urcos - Ayaviri (PE-3S G) - Calapuja - Puno (PE-36 B) - Ilave - Pte. Internacional Desaguadero (fr. Bolivia).", "jerarquia": "nacional", "departamento": "Apurímac", "provincia": " ", "distrito": "", "motivo": "last_mile_progresol", "progresol_servido": "NUTREX", "progresol_direccion": "AV. AVENIDA PERU NRO. 128 URB. AVENIDA PERU", "progresol_dist_m": 902.8, "puntos_criticos_1km": 36, "pc_lng": -73.3723, "pc_lat": -13.65746, "long_km": 1.7070000200000002, "dist_min_m": 7.2, "peligro": "Inundación, Erosión Fluvial", "nivel": "Alto", "fid": 11}, "geometry": {"type": "LineString", "coordinates": [[-73.376961, -13.658817], [-73.37296, -13.65804], [-73.36703, -13.653643], [-73.36654, -13.651921], [-73.36709, -13.65034]]}}, {"type": "Feature", "properties": {"ruta": "AP-667", "nombre": "Emp. PE-30 B - Emp. AP-670.", "jerarquia": "departamental/vecinal", "departamento": "Apurímac", "provincia": "Andahuaylas", "distrito": "", "motivo": "last_mile_progresol", "progresol_servido": "NUTREX", "progresol_direccion": "AV. AVENIDA PERU NRO. 128 URB. AVENIDA PERU", "progresol_dist_m": 2686.8, "puntos_criticos_1km": 33, "pc_lng": -73.35885, "pc_lat": -13.66025, "long_km": 4.46999979, "dist_min_m": 5.1, "peligro": "Inundación, erosión", "nivel": "", "fid": 12}, "geometry": {"type": "LineString", "coordinates": [[-73.357706, -13.655195], [-73.358316, -13.65863], [-73.356864, -13.659346], [-73.35883, -13.660299], [-73.360294, -13.659517], [-73.358538, -13.661774], [-73.360374, -13.662222], [-73.358659, -13.663645], [-73.35696, -13.662289], [-73.35602, -13.662745], [-73.354349, -13.666973], [-73.356703, -13.666479], [-73.358986, -13.668071], [-73.356731, -13.668372], [-73.355567, -13.671057], [-73.357211, -13.670237]]}}, {"type": "Feature", "properties": {"ruta": "PE-3S", "nombre": "Repartición La Oroya (PE-22) - Huancayo - Izcuchaca (PE-26) - Mayoc - Ayacucho - Andahuaylas (PE-30 B) - Abancay - Anta - Cusco - Urcos - Ayaviri (PE-3S G) - Calapuja - Puno (PE-36 B) - Ilave - Pte. Internacional Desaguadero (fr. Bolivia).", "jerarquia": "nacional", "departamento": "Apurímac", "provincia": " ", "distrito": "", "motivo": "last_mile_progresol", "progresol_servido": "NUTREX", "progresol_direccion": "AV. AVENIDA PERU NRO. 128 URB. AVENIDA PERU", "progresol_dist_m": 1550.1, "puntos_criticos_1km": 33, "pc_lng": -73.3692, "pc_lat": -13.64939, "long_km": 7.477000240000001, "dist_min_m": 2.7, "peligro": "Inundación", "nivel": null, "fid": 13}, "geometry": {"type": "LineString", "coordinates": [[-73.36709, -13.65034], [-73.36944, -13.64939], [-73.372176, -13.65016], [-73.370913, -13.648261], [-73.36941, -13.647997], [-73.368812, -13.646968], [-73.365932, -13.647482], [-73.363511, -13.646074], [-73.363847, -13.644358], [-73.36163, -13.64493], [-73.358502, -13.642952], [-73.355457, -13.642371], [-73.350146, -13.635995], [-73.339895, -13.641604], [-73.335989, -13.641372], [-73.335119, -13.64279], [-73.327369, -13.648674]]}}, {"type": "Feature", "properties": {"ruta": "AP-666", "nombre": "Emp. PE-3S (San Jerónimo) - Emp. PE-3S.", "jerarquia": "departamental/vecinal", "departamento": "Apurímac", "provincia": "Andahuaylas", "distrito": "", "motivo": "last_mile_progresol", "progresol_servido": "NUTREX", "progresol_direccion": "AV. AVENIDA PERU NRO. 128 URB. AVENIDA PERU", "progresol_dist_m": 1918.9, "puntos_criticos_1km": 32, "pc_lng": -73.36221, "pc_lat": -13.64713, "long_km": 1.62, "dist_min_m": 11.5, "peligro": "Inundación, flujo de detritos, erosión", "nivel": null, "fid": 14}, "geometry": {"type": "LineString", "coordinates": [[-73.368755, -13.649538], [-73.360253, -13.646719], [-73.356563, -13.642923]]}}, {"type": "Feature", "properties": {"ruta": "PE-22", "nombre": "Emp. PE-1N (I.V. La Menacho) – Pte. Carlos Graña – I.V. Huachipa - Pte. Huachipa – Dv. Sta. Anita (Av. Las Torres – Av. Nicolas Ayllón) - Sta. Clara - Pte. Los Angeles - Chosica (Av. Nicolas Ayllón) - Ricardo Palma - Pte. Ricardo Palma - Pte.", "jerarquia": "nacional", "departamento": "Lima", "provincia": " ", "distrito": "", "motivo": "last_mile_progresol", "progresol_servido": "VALERY", "progresol_direccion": "AV. LIMA SUR NRO. S/N CHOSICA (LT A2-1 A1-9)", "progresol_dist_m": 773.7, "puntos_criticos_1km": 32, "pc_lng": -76.72837, "pc_lat": -11.95315, "long_km": 3.19199991, "dist_min_m": 35.6, "peligro": "Erosión fluvial", "nivel": "Muy alto", "fid": 15}, "geometry": {"type": "LineString", "coordinates": [[-76.738294, -11.96189], [-76.726396, -11.951267], [-76.714035, -11.946726]]}}, {"type": "Feature", "properties": {"ruta": "PE-22", "nombre": "Emp. PE-1N (I.V. La Menacho) – Pte. Carlos Graña – I.V. Huachipa - Pte. Huachipa – Dv. Sta. Anita (Av. Las Torres – Av. Nicolas Ayllón) - Sta. Clara - Pte. Los Angeles - Chosica (Av. Nicolas Ayllón) - Ricardo Palma - Pte. Ricardo Palma - Pte.", "jerarquia": "nacional", "departamento": "Lima", "provincia": " ", "distrito": "", "motivo": "last_mile_progresol", "progresol_servido": "MEDINA TERRAZO NADIA MASIEL ", "progresol_direccion": "AV. LIMA NORTE NRO. 358 URB. MOYOPAMPA", "progresol_dist_m": 253.4, "puntos_criticos_1km": 32, "pc_lng": -76.69029, "pc_lat": -11.93045, "long_km": 1.00399995, "dist_min_m": 126.0, "peligro": "", "nivel": "", "fid": 16}, "geometry": {"type": "LineString", "coordinates": [[-76.695119, -11.935429], [-76.68934, -11.928362]]}}, {"type": "Feature", "properties": {"ruta": "HU-108", "nombre": "Emp. PE-3N (Huanuco) - Colpa Baja - Conchumayo - Lascay - Churubamba - Vinchos.", "jerarquia": "departamental/vecinal", "departamento": "Huánuco", "provincia": "Huánuco", "distrito": "", "motivo": "last_mile_progresol", "progresol_servido": "FERRETERIA FERRO VISION", "progresol_direccion": "ABTAO NRO 1434 ", "progresol_dist_m": 287.7, "puntos_criticos_1km": 32, "pc_lng": -76.23462, "pc_lat": -9.91007, "long_km": 7.60500002, "dist_min_m": 35.2, "peligro": "Flujo de detritos, erosión fluvial", "nivel": "Alto", "fid": 17}, "geometry": {"type": "LineString", "coordinates": [[-76.250201, -9.941194], [-76.243486, -9.936422], [-76.239628, -9.9357], [-76.234437, -9.930141], [-76.235573, -9.927621], [-76.233826, -9.919205], [-76.23438, -9.917791], [-76.236537, -9.916978], [-76.23602, -9.913159], [-76.234508, -9.906989], [-76.231703, -9.904262], [-76.229824, -9.901057], [-76.228886, -9.897152], [-76.229578, -9.89417], [-76.2261, -9.889927]]}}, {"type": "Feature", "properties": {"ruta": "LM-745", "nombre": "Emp. PE-22 - Ricardo Palma - Nueve  de Octubre - Pta. Carretera.", "jerarquia": "departamental/vecinal", "departamento": "Lima", "provincia": "Huarochirí", "distrito": "", "motivo": "last_mile_progresol", "progresol_servido": "GRUPO GILMAR", "progresol_direccion": "CARRETERA CENTRAL KM 38.500 ", "progresol_dist_m": 877.4, "puntos_criticos_1km": 30, "pc_lng": -76.6754, "pc_lat": -11.93347, "long_km": 2.6400001, "dist_min_m": 21.5, "peligro": "Inundación", "nivel": null, "fid": 18}, "geometry": {"type": "LineString", "coordinates": [[-76.668489, -11.923907], [-76.67261, -11.924649], [-76.678926, -11.927703], [-76.675857, -11.933299], [-76.671425, -11.936052]]}}, {"type": "Feature", "properties": {"ruta": "PE-22", "nombre": "Emp. PE-1N (I.V. La Menacho) – Pte. Carlos Graña – I.V. Huachipa - Pte. Huachipa – Dv. Sta. Anita (Av. Las Torres – Av. Nicolas Ayllón) - Sta. Clara - Pte. Los Angeles - Chosica (Av. Nicolas Ayllón) - Ricardo Palma - Pte. Ricardo Palma - Pte.", "jerarquia": "nacional", "departamento": "Lima", "provincia": " ", "distrito": "", "motivo": "last_mile_progresol", "progresol_servido": "MEDINA TERRAZO NADIA MASIEL ", "progresol_direccion": "AV. LIMA NORTE NRO. 358 URB. MOYOPAMPA", "progresol_dist_m": 393.1, "puntos_criticos_1km": 30, "pc_lng": -76.68621, "pc_lat": -11.92716, "long_km": 0.373, "dist_min_m": 91.7, "peligro": "Inundación", "nivel": null, "fid": 19}, "geometry": {"type": "LineString", "coordinates": [[-76.68934, -11.928362], [-76.686581, -11.926409]]}}, {"type": "Feature", "properties": {"ruta": "PE-30A", "nombre": "Emp. PE-1S (Vista Alegre) - Huallhua - Abra Condorcencca - Lucanas - Puquio (PE-32) - Dv. Andamarca (PE-32 A) - Abra Yauriviri - Negromayo - Dv. Andahuaylas (PE-30 B) - Pampamarca - Abra Huashuaccasa - Abra Occe Occe - Abra Chicurumi - Dv. Caraybamba - C", "jerarquia": "nacional", "departamento": "Ica", "provincia": " ", "distrito": "", "motivo": "last_mile_progresol", "progresol_servido": "COMERCIALIZADORA CONTRERAS", "progresol_direccion": "CAR. PANAMERICANA NRO. S/N (COST. GRIFO TODA 1 VIDA)", "progresol_dist_m": 415.9, "puntos_criticos_1km": 29, "pc_lng": -74.83428, "pc_lat": -14.81659, "long_km": 13.22799969, "dist_min_m": 279.1, "peligro": "Inundación, flujo de detritos, erosión", "nivel": null, "fid": 20}, "geometry": {"type": "LineString", "coordinates": [[-74.942278, -14.841061], [-74.941239, -14.842144], [-74.937967, -14.8422], [-74.934901, -14.840764], [-74.930385, -14.840398], [-74.926213, -14.836358], [-74.9157, -14.831124], [-74.907504, -14.831034], [-74.89927, -14.832438], [-74.88584, -14.829518], [-74.882727, -14.83005], [-74.877886, -14.826043], [-74.873521, -14.825247], [-74.861209, -14.82697], [-74.844768, -14.820372], [-74.840238, -14.820659], [-74.829377, -14.818087]]}}, {"type": "Feature", "properties": {"ruta": "PE-1NE", "nombre": "Emp. PE-1N (Huaura) - Dv. Sayán (PE-18)", "jerarquia": "nacional", "departamento": "Lima", "provincia": " ", "distrito": "", "motivo": "last_mile_progresol", "progresol_servido": "FERRETERIA PALMA", "progresol_direccion": "AV. VICTOR RAMIREZ HORNA ANDAHUASI MZA. A LOTE. 02", "progresol_dist_m": 925.9, "puntos_criticos_1km": 27, "pc_lng": -77.26512, "pc_lat": -11.14082, "long_km": 17.52400017, "dist_min_m": 76.9, "peligro": "Inundación", "nivel": "Alto", "fid": 21}, "geometry": {"type": "LineString", "coordinates": [[-77.401237, -11.101373], [-77.348801, -11.109605], [-77.275718, -11.136989], [-77.270098, -11.141651], [-77.265824, -11.14011], [-77.263229, -11.140708], [-77.257485, -11.138547], [-77.250707, -11.138218]]}}, {"type": "Feature", "properties": {"ruta": "PE-3N", "nombre": "Repartición La Oroya (PE-22) - Huánuco (PE-18 A) - Conococha (PE-16) - Huaraz (PE-14 y PE-14 A) - Santiago de Chuco - Cajabamba - Cajamarca (PE-08 y PE-08 B) - Bambamarca - Cutervo (PE-3N C) - Huancabamba (PE-02 A) - Vado Grande (Fr. Ecuador)", "jerarquia": "nacional", "departamento": "Áncash", "provincia": " ", "distrito": "", "motivo": "last_mile_progresol", "progresol_servido": "DISTRIBUIDORA KANASHIRO", "progresol_direccion": "CAR.HUARAZ PATIVILCA NRO. S/N BAR. TACLLAN", "progresol_dist_m": 12.1, "puntos_criticos_1km": 26, "pc_lng": -77.53178, "pc_lat": -9.54114, "long_km": 17.45100021, "dist_min_m": 1.7, "peligro": "Inundación", "nivel": " ", "fid": 22}, "geometry": {"type": "LineString", "coordinates": [[-77.480025, -9.669693], [-77.480632, -9.667493], [-77.482445, -9.666094], [-77.483316, -9.662996], [-77.48495, -9.660753], [-77.48468, -9.654736], [-77.487995, -9.643326], [-77.491403, -9.638176], [-77.496528, -9.632986], [-77.499284, -9.626462], [-77.505831, -9.618522], [-77.507958, -9.61276], [-77.50852, -9.608157], [-77.510677, -9.603662], [-77.511463, -9.598094], [-77.516469, -9.592157], [-77.519563, -9.590025], [-77.523459, -9.582999], [-77.525404, -9.581904], [-77.526638, -9.579744], [-77.530939, -9.578529], [-77.530152, -9.574935], [-77.538924, -9.564579], [-77.539172, -9.559278], [-77.536964, -9.553428], [-77.536896, -9.549669], [-77.533893, -9.543302], [-77.531877, -9.541798], [-77.531792, -9.540462]]}}, {"type": "Feature", "properties": {"ruta": "PE-18A", "nombre": "Emp. PE-3N (Ovalo Cayhuana) Av Universitaria - Pte. Huallaga - Pte. Rancho - Acomayo - Pte. Cayumba - Las Palmas - Tingo María (PE-14 A) - Emp. PE-5N (Pte. Pumahuasi)", "jerarquia": "nacional", "departamento": "Huánuco", "provincia": " ", "distrito": "", "motivo": "last_mile_progresol", "progresol_servido": "FERRETERIA FERRO VISION", "progresol_direccion": "ABTAO NRO 1434 ", "progresol_dist_m": 489.7, "puntos_criticos_1km": 26, "pc_lng": -76.23456, "pc_lat": -9.93104, "long_km": 5.593999859999999, "dist_min_m": 66.7, "peligro": "Flujo de detritos, erosión fluvial", "nivel": "Alto", "fid": 23}, "geometry": {"type": "LineString", "coordinates": [[-76.23884, -9.942089], [-76.238966, -9.936708], [-76.236813, -9.935169], [-76.233362, -9.930187], [-76.232294, -9.918493], [-76.230968, -9.912855], [-76.225149, -9.904577], [-76.221771, -9.896467]]}}, {"type": "Feature", "properties": {"ruta": "PE-22", "nombre": "Emp. PE-1N (I.V. La Menacho) – Pte. Carlos Graña – I.V. Huachipa - Pte. Huachipa – Dv. Sta. Anita (Av. Las Torres – Av. Nicolas Ayllón) - Sta. Clara - Pte. Los Angeles - Chosica (Av. Nicolas Ayllón) - Ricardo Palma - Pte. Ricardo Palma - Pte.", "jerarquia": "nacional", "departamento": "Lima", "provincia": " ", "distrito": "", "motivo": "last_mile_progresol", "progresol_servido": "FERRETERIA JASVAL", "progresol_direccion": "VÍA MZ. B LT. 4 ASOC. SOL DE CUPICH PARADERO LA SUBIDA RICARDO PALMA", "progresol_dist_m": 4.1, "puntos_criticos_1km": 25, "pc_lng": -76.54227, "pc_lat": -11.91186, "long_km": 33.41199875, "dist_min_m": 3.6, "peligro": "Flujo de detritos", "nivel": "Muy alto", "fid": 24}, "geometry": {"type": "LineString", "coordinates": [[-76.654257, -11.925079], [-76.649273, -11.926725], [-76.640673, -11.925488], [-76.633772, -11.922726], [-76.627501, -11.922606], [-76.621296, -11.919637], [-76.613462, -11.913698], [-76.60825, -11.914278], [-76.599695, -11.911964], [-76.593433, -11.908659], [-76.585388, -11.911961], [-76.578848, -11.909981], [-76.574148, -11.910063], [-76.57024, -11.912313], [-76.565187, -11.917784], [-76.562344, -11.918812], [-76.559072, -11.918818], [-76.55097, -11.91501], [-76.543905, -11.912876], [-76.530041, -11.902208], [-76.527586, -11.902719], [-76.52285, -11.906723], [-76.518686, -11.904947], [-76.515359, -11.904936], [-76.512311, -11.903312], [-76.507277, -11.903249], [-76.504534, -11.901649], [-76.502188, -11.897772], [-76.4984, -11.895842], [-76.497023, -11.891693], [-76.490307, -11.887512], [-76.486294, -11.8878], [-76.480408, -11.885216], [-76.476076, -11.886883], [-76.474413, -11.885525], [-76.469595, -11.885042], [-76.466417, -11.882799], [-76.463015, -11.885551], [-76.456587, -11.888223], [-76.454273, -11.887636], [-76.451107, -11.887775], [-76.45267, -11.888728], [-76.449423, -11.888275], [-76.447367, -11.887293], [-76.447004, -11.884844], [-76.441771, -11.882318], [-76.437515, -11.881365], [-76.432518, -11.877081], [-76.430479, -11.876446], [-76.42601, -11.87007], [-76.425348, -11.866291], [-76.421848, -11.861465], [-76.413034, -11.857611], [-76.411551, -11.855228], [-76.404215, -11.854179], [-76.402353, -11.85194]]}}, {"type": "Feature", "properties": {"ruta": "PE-3SB", "nombre": "Emp. PE-3S (Dv. Pte. Stuart) - Muqui - Huancani - Sincos - Mito - Orcotuna - Sicaya - Pilcomayo (PE-24) - Huamancaca Chico - Tres de Diciembre - Chupuro - Viques - Emp. PE-3S (Huayucachi)", "jerarquia": "nacional", "departamento": "Junín", "provincia": " ", "distrito": "", "motivo": "last_mile_progresol", "progresol_servido": "MC ALVAREZ", "progresol_direccion": "BRUNO TERREROS Nº 145 ", "progresol_dist_m": 2912.8, "puntos_criticos_1km": 24, "pc_lng": -75.48711, "pc_lat": -11.80133, "long_km": 17.749000549999998, "dist_min_m": 276.4, "peligro": "", "nivel": "", "fid": 25}, "geometry": {"type": "LineString", "coordinates": [[-75.486558, -11.803754], [-75.468662, -11.814714], [-75.460884, -11.815071], [-75.452517, -11.819933], [-75.419048, -11.853626], [-75.410406, -11.867413], [-75.40449, -11.874201], [-75.381355, -11.894945], [-75.377491, -11.896942], [-75.374136, -11.897488], [-75.365004, -11.905857]]}}, {"type": "Feature", "properties": {"ruta": "PE-3N", "nombre": "Repartición La Oroya (PE-22) - Huánuco (PE-18 A) - Conococha (PE-16) - Huaraz (PE-14 y PE-14 A) - Santiago de Chuco - Cajabamba - Cajamarca (PE-08 y PE-08 B) - Bambamarca - Cutervo (PE-3N C) - Huancabamba (PE-02 A) - Vado Grande (Fr. Ecuador)", "jerarquia": "nacional", "departamento": "Áncash", "provincia": " ", "distrito": "", "motivo": "last_mile_progresol", "progresol_servido": "FERRETRIA MIKY", "progresol_direccion": "AV. PROGRESO NRO. S.N ", "progresol_dist_m": 499.6, "puntos_criticos_1km": 24, "pc_lng": -77.60394, "pc_lat": -9.32459, "long_km": 28.75300026, "dist_min_m": 7.1, "peligro": "Inundación", "nivel": " ", "fid": 26}, "geometry": {"type": "LineString", "coordinates": [[-77.536264, -9.491095], [-77.537042, -9.482523], [-77.535522, -9.478874], [-77.537092, -9.476014], [-77.538653, -9.469163], [-77.53884, -9.461882], [-77.54026, -9.45492], [-77.543156, -9.450907], [-77.546635, -9.448927], [-77.550183, -9.444408], [-77.549897, -9.441762], [-77.548205, -9.438017], [-77.548973, -9.431722], [-77.553585, -9.422621], [-77.555188, -9.420915], [-77.559168, -9.418238], [-77.564997, -9.416673], [-77.56445, -9.414348], [-77.566824, -9.407891], [-77.573033, -9.399357], [-77.579647, -9.398476], [-77.584173, -9.391498], [-77.591694, -9.372174], [-77.597815, -9.353019], [-77.600525, -9.347301], [-77.603315, -9.33734], [-77.603667, -9.332867], [-77.601477, -9.328014], [-77.605194, -9.322713], [-77.607751, -9.320894], [-77.608816, -9.308883], [-77.611777, -9.306472], [-77.61981, -9.302848], [-77.624414, -9.299367], [-77.625727, -9.297424], [-77.627532, -9.296932], [-77.638269, -9.288854], [-77.646955, -9.28431]]}}, {"type": "Feature", "properties": {"ruta": "PE-22", "nombre": "Emp. PE-1N (I.V. La Menacho) – Pte. Carlos Graña – I.V. Huachipa - Pte. Huachipa – Dv. Sta. Anita (Av. Las Torres – Av. Nicolas Ayllón) - Sta. Clara - Pte. Los Angeles - Chosica (Av. Nicolas Ayllón) - Ricardo Palma - Pte. Ricardo Palma - Pte.", "jerarquia": "nacional", "departamento": "Lima", "provincia": " ", "distrito": "", "motivo": "last_mile_progresol", "progresol_servido": "FERRETERIA EL NIÑO JESUS", "progresol_direccion": "JR. LOS SAUCES MZA. I LOTE. 10 COO. FRENTE MARTERIA CARRETERA CENTRAL", "progresol_dist_m": 557.2, "puntos_criticos_1km": 24, "pc_lng": -76.80735, "pc_lat": -11.98393, "long_km": 5.00600004, "dist_min_m": 93.9, "peligro": null, "nivel": "", "fid": 27}, "geometry": {"type": "LineString", "coordinates": [[-76.818562, -11.989437], [-76.805252, -11.984024], [-76.788223, -11.979942]]}}, {"type": "Feature", "properties": {"ruta": "LM-722", "nombre": "Emp. PE-22 - Chaclacayo - California.", "jerarquia": "departamental/vecinal", "departamento": "Lima", "provincia": "Lima", "distrito": "", "motivo": "last_mile_progresol", "progresol_servido": "FERRETERIA EL BOSQUE", "progresol_direccion": "MZA. A-3 LOTE. 04 A.V. LA RINCONADA ", "progresol_dist_m": 1297.4, "puntos_criticos_1km": 23, "pc_lng": -76.74566, "pc_lat": -11.96776, "long_km": 2.82999992, "dist_min_m": 74.5, "peligro": "Inundación", "nivel": "", "fid": 28}, "geometry": {"type": "LineString", "coordinates": [[-76.746051, -11.968393], [-76.740716, -11.966506], [-76.732477, -11.96089], [-76.728349, -11.955911], [-76.725412, -11.957978]]}}, {"type": "Feature", "properties": {"ruta": "IC-803", "nombre": "Emp. PE-1S (Nazca) - Orcona - Trigales.", "jerarquia": "departamental/vecinal", "departamento": "Ica", "provincia": "Nasca", "distrito": "", "motivo": "last_mile_progresol", "progresol_servido": "FERRETERIA FERP", "progresol_direccion": "CALLE LIMA NRO. 316 (FTE A TELEFONICA)", "progresol_dist_m": 202.2, "puntos_criticos_1km": 23, "pc_lng": -74.9452, "pc_lat": -14.83268, "long_km": 5.96999979, "dist_min_m": 220.6, "peligro": "Inundación", "nivel": "", "fid": 29}, "geometry": {"type": "LineString", "coordinates": [[-74.943213, -14.832179], [-74.919783, -14.82359], [-74.917862, -14.82125], [-74.915602, -14.819972], [-74.907731, -14.817854], [-74.905485, -14.81625], [-74.903373, -14.816107], [-74.898402, -14.812786], [-74.893614, -14.811628]]}}, {"type": "Feature", "properties": {"ruta": "PE-20C", "nombre": "Emp. PE-1N (Dv. Huaral) - Huaral (PE-1N B Av. Julio C. Tello, Av. Principal Huando) - Acos - Dv. Pirca - Abra Antajirca - Emp. PE-20 A (Dv. Huayllay)", "jerarquia": "nacional", "departamento": "Lima", "provincia": " ", "distrito": "", "motivo": "last_mile_progresol", "progresol_servido": "INVERSIONES SAN CRISTOBAL", "progresol_direccion": "OTR.SCT. JESUS DEL VALLE LOTE. 11 HAC. JESUS DEL VALLE", "progresol_dist_m": 694.3, "puntos_criticos_1km": 23, "pc_lng": -77.20316, "pc_lat": -11.56193, "long_km": 11.26399994, "dist_min_m": 2.3, "peligro": "Inundación", "nivel": null, "fid": 30}, "geometry": {"type": "LineString", "coordinates": [[-77.197007, -11.601688], [-77.200148, -11.598825], [-77.201456, -11.594477], [-77.206236, -11.502596]]}}, {"type": "Feature", "properties": {"ruta": "PE-22", "nombre": "Emp. PE-1N (I.V. La Menacho) – Pte. Carlos Graña – I.V. Huachipa - Pte. Huachipa – Dv. Sta. Anita (Av. Las Torres – Av. Nicolas Ayllón) - Sta. Clara - Pte. Los Angeles - Chosica (Av. Nicolas Ayllón) - Ricardo Palma - Pte. Ricardo Palma - Pte.", "jerarquia": "nacional", "departamento": "Lima", "provincia": " ", "distrito": "", "motivo": "last_mile_progresol", "progresol_servido": "FERRETERIA MALVINITAS", "progresol_direccion": "ASOC. LAS MERCEDES DE ATE 2 DA ETAP ", "progresol_dist_m": 286.6, "puntos_criticos_1km": 23, "pc_lng": -76.84746, "pc_lat": -12.00456, "long_km": 4.8309998499999995, "dist_min_m": 149.5, "peligro": null, "nivel": "", "fid": 31}, "geometry": {"type": "LineString", "coordinates": [[-76.880567, -12.013096], [-76.872892, -12.010618], [-76.846968, -12.005831], [-76.841551, -12.002382]]}}, {"type": "Feature", "properties": {"ruta": "LM-958", "nombre": "Emp. PE-24 - Hualcara - Sta. Sofía - Monte Jato - Emp. LM-958.", "jerarquia": "departamental/vecinal", "departamento": "Lima", "provincia": "Cañete", "distrito": "", "motivo": "last_mile_progresol", "progresol_servido": "FERRETERIA ALBERT", "progresol_direccion": "MZA. P LOTE. 36 URB. SINDICATO DE CHOFERES", "progresol_dist_m": 53.4, "puntos_criticos_1km": 22, "pc_lng": -76.31106, "pc_lat": -13.11589, "long_km": 14.619999889999999, "dist_min_m": 133.8, "peligro": "Erosión fluvial", "nivel": "Alto", "fid": 32}, "geometry": {"type": "LineString", "coordinates": [[-76.349111, -13.106692], [-76.330269, -13.107673], [-76.324525, -13.110472], [-76.321352, -13.109605], [-76.319141, -13.109863], [-76.317259, -13.112418], [-76.312267, -13.115641], [-76.319836, -13.114565], [-76.323264, -13.116156], [-76.326719, -13.115154], [-76.329792, -13.116185], [-76.332017, -13.115571], [-76.334163, -13.116546], [-76.341073, -13.114375], [-76.344179, -13.114868], [-76.346857, -13.114356], [-76.348281, -13.111618], [-76.349541, -13.105633], [-76.349329, -13.10088], [-76.348091, -13.100125], [-76.348271, -13.098611], [-76.347517, -13.09809], [-76.348015, -13.09483], [-76.350837, -13.089577], [-76.350256, -13.084761], [-76.351152, -13.077817], [-76.352661, -13.077564], [-76.358506, -13.066501]]}}, {"type": "Feature", "properties": {"ruta": "PE-1SE", "nombre": "Emp. PE-1S (Dv. Chincha Alta) - I.V. Tambo de Mora - Pte. Chincha I - Pte. ChinchaII - Pte. Pisco - Emp. PE-28 A (Dv. San Clemente) - I.V. Pisco – Emp. PE-1S.", "jerarquia": "nacional", "departamento": "Ica", "provincia": " ", "distrito": "", "motivo": "last_mile_progresol", "progresol_servido": "MAKAFI", "progresol_direccion": "AV. LOS LIBERTADORES NRO. 911 (A 1 CDR I.E JOSE CARLOS MARIATEGUI)", "progresol_dist_m": 1086.5, "puntos_criticos_1km": 22, "pc_lng": -76.16305, "pc_lat": -13.69074, "long_km": 13.9090004, "dist_min_m": 102.2, "peligro": "Inundación", "nivel": "", "fid": 33}, "geometry": {"type": "LineString", "coordinates": [[-76.16661, -13.588182], [-76.16596, -13.593066], [-76.166894, -13.606484], [-76.172642, -13.625713], [-76.17403, -13.657722], [-76.172816, -13.663737], [-76.16553, -13.674328], [-76.16377, -13.679029], [-76.163758, -13.693682], [-76.165482, -13.701593], [-76.165193, -13.712415]]}}, {"type": "Feature", "properties": {"ruta": "IC-798", "nombre": "Emp. PE-1S (Nazca) - La Tiza - Santa Catalina - Pirca (L. D. Ayacucho).", "jerarquia": "departamental/vecinal", "departamento": "Ica", "provincia": "Nasca", "distrito": "", "motivo": "last_mile_progresol", "progresol_servido": "FERRETERIA SARITA", "progresol_direccion": "CAL.IGNACIO MORSEZQUI NRO. 417  (A MEDIA CUADRA DE LA PLAZUELA BOLOGNES", "progresol_dist_m": 1286.9, "puntos_criticos_1km": 21, "pc_lng": -74.92343, "pc_lat": -14.81578, "long_km": 1.74000001, "dist_min_m": 174.7, "peligro": "Inundación, flujo de detritos, erosión", "nivel": null, "fid": 34}, "geometry": {"type": "LineString", "coordinates": [[-74.939216, -14.8164], [-74.938146, -14.814664], [-74.935168, -14.813349], [-74.924571, -14.814662]]}}, {"type": "Feature", "properties": {"ruta": "IC-559", "nombre": "Emp. PE-1S - Huamani - Pta de Carretera.", "jerarquia": "departamental/vecinal", "departamento": "Ica", "provincia": "Pisco", "distrito": "", "motivo": "last_mile_progresol", "progresol_servido": "PROGRESOL GABRIEL", "progresol_direccion": "MZA. B LOTE. 09 URB. RESID PARACAS ", "progresol_dist_m": 976.1, "puntos_criticos_1km": 21, "pc_lng": -76.15795, "pc_lat": -13.68782, "long_km": 4.9499998100000004, "dist_min_m": 129.1, "peligro": "Inundación", "nivel": "", "fid": 35}, "geometry": {"type": "LineString", "coordinates": [[-76.19394, -13.711125], [-76.189027, -13.70742], [-76.18506, -13.705577], [-76.182683, -13.705471], [-76.167672, -13.700859], [-76.1643, -13.697765], [-76.162226, -13.693354], [-76.157477, -13.688907]]}}, {"type": "Feature", "properties": {"ruta": "PE-22", "nombre": "Emp. PE-1N (I.V. La Menacho) – Pte. Carlos Graña – I.V. Huachipa - Pte. Huachipa – Dv. Sta. Anita (Av. Las Torres – Av. Nicolas Ayllón) - Sta. Clara - Pte. Los Angeles - Chosica (Av. Nicolas Ayllón) - Ricardo Palma - Pte. Ricardo Palma - Pte.", "jerarquia": "nacional", "departamento": "Lima", "provincia": " ", "distrito": "", "motivo": "last_mile_progresol", "progresol_servido": "FERRETERIA EL NIÑO JESUS", "progresol_direccion": "JR. LOS SAUCES MZA. I LOTE. 10 COO. FRENTE MARTERIA CARRETERA CENTRAL", "progresol_dist_m": 4.3, "puntos_criticos_1km": 21, "pc_lng": -76.84318, "pc_lat": -12.00164, "long_km": 1.1169999800000001, "dist_min_m": 195.6, "peligro": "Inundación", "nivel": null, "fid": 36}, "geometry": {"type": "LineString", "coordinates": [[-76.841551, -12.002382], [-76.833538, -11.995783], [-76.818562, -11.989437]]}}, {"type": "Feature", "properties": {"ruta": "PE-20F", "nombre": "Emp. PE-1N (Dv. Pte. Chillón) – Av. Canta Callao – Emp. Av. Naranjal (Ov. Canta Callao)", "jerarquia": "nacional", "departamento": "Lima", "provincia": " ", "distrito": "", "motivo": "last_mile_progresol", "progresol_servido": "ADOLFO ELMER HURTADO LINO", "progresol_direccion": "AV. CANTA CALLAO MZ. V LT. 11 ", "progresol_dist_m": 100.7, "puntos_criticos_1km": 21, "pc_lng": -77.08241, "pc_lat": -11.93485, "long_km": 2.8829999, "dist_min_m": 70.3, "peligro": "Inundación", "nivel": null, "fid": 37}, "geometry": {"type": "LineString", "coordinates": [[-77.072356, -11.930704], [-77.078193, -11.931724], [-77.081337, -11.934273], [-77.085687, -11.946884], [-77.085205, -11.950231]]}}, {"type": "Feature", "properties": {"ruta": "AP-567", "nombre": "Emp. AP-560 - Pta. Carretera.", "jerarquia": "departamental/vecinal", "departamento": "Apurímac", "provincia": "Andahuaylas", "distrito": "", "motivo": "last_mile_progresol", "progresol_servido": "NUTREX", "progresol_direccion": "AV. AVENIDA PERU NRO. 128 URB. AVENIDA PERU", "progresol_dist_m": 810.2, "puntos_criticos_1km": 20, "pc_lng": -73.3723, "pc_lat": -13.65746, "long_km": 2.3499999, "dist_min_m": 225.0, "peligro": "Inundación, Erosión Fluvial", "nivel": "Alto", "fid": 38}, "geometry": {"type": "LineString", "coordinates": [[-73.373898, -13.656155], [-73.373231, -13.651767], [-73.374677, -13.650586], [-73.375641, -13.653812], [-73.376325, -13.652634], [-73.376509, -13.653176], [-73.379038, -13.652092], [-73.379287, -13.647656]]}}, {"type": "Feature", "properties": {"ruta": "IC-798", "nombre": "Emp. PE-1S (Nazca) - La Tiza - Santa Catalina - Pirca (L. D. Ayacucho).", "jerarquia": "departamental/vecinal", "departamento": "Ica", "provincia": "Nasca", "distrito": "", "motivo": "last_mile_progresol", "progresol_servido": "FERRETERIA SARITA", "progresol_direccion": "CAL.IGNACIO MORSEZQUI NRO. 417  (A MEDIA CUADRA DE LA PLAZUELA BOLOGNES", "progresol_dist_m": 207.7, "puntos_criticos_1km": 20, "pc_lng": -74.94052, "pc_lat": -14.82125, "long_km": 1.11000001, "dist_min_m": 54.2, "peligro": "Inundación", "nivel": "", "fid": 39}, "geometry": {"type": "LineString", "coordinates": [[-74.94396, -14.828598], [-74.943017, -14.828107], [-74.943184, -14.826955], [-74.941901, -14.826625], [-74.941066, -14.824301], [-74.940003, -14.824001], [-74.940427, -14.821725]]}}, {"type": "Feature", "properties": {"ruta": "IC-527", "nombre": "Emp. PE-1S - Camacho - Dv. Playa San Clemente - Caucato - La Joya - Emp. PE-1S.", "jerarquia": "departamental/vecinal", "departamento": "Ica", "provincia": "Pisco", "distrito": "", "motivo": "last_mile_progresol", "progresol_servido": "MAKAFI", "progresol_direccion": "AV. LOS LIBERTADORES NRO. 911 (A 1 CDR I.E JOSE CARLOS MARIATEGUI)", "progresol_dist_m": 679.7, "puntos_criticos_1km": 20, "pc_lng": -76.17692, "pc_lat": -13.68556, "long_km": 6.15999985, "dist_min_m": 550.5, "peligro": "Inundación", "nivel": "", "fid": 40}, "geometry": {"type": "LineString", "coordinates": [[-76.202637, -13.670822], [-76.188803, -13.675662], [-76.189319, -13.678959], [-76.166293, -13.68189], [-76.164917, -13.680278], [-76.165768, -13.678448], [-76.165607, -13.675917], [-76.162287, -13.677569], [-76.16098, -13.676843], [-76.158857, -13.677474]]}}, {"type": "Feature", "properties": {"ruta": "R", "nombre": "EMP. IC-798 - EMP. CA. SIMÓN RODRIGUEZ", "jerarquia": "departamental/vecinal", "departamento": "Ica", "provincia": "Nasca", "distrito": "", "motivo": "last_mile_progresol", "progresol_servido": "FERRETERIA SARITA", "progresol_direccion": "CAL.IGNACIO MORSEZQUI NRO. 417  (A MEDIA CUADRA DE LA PLAZUELA BOLOGNES", "progresol_dist_m": 727.0, "puntos_criticos_1km": 20, "pc_lng": -74.94052, "pc_lat": -14.82125, "long_km": 0.89999998, "dist_min_m": 9.7, "peligro": "Inundación", "nivel": "", "fid": 41}, "geometry": {"type": "LineString", "coordinates": [[-74.940552, -14.821327], [-74.932809, -14.820822], [-74.932696, -14.821495]]}}, {"type": "Feature", "properties": {"ruta": "AP-568", "nombre": "Emp. PE-3S - Pta. Carretera.", "jerarquia": "departamental/vecinal", "departamento": "Apurímac", "provincia": "Andahuaylas", "distrito": "", "motivo": "last_mile_progresol", "progresol_servido": "NUTREX", "progresol_direccion": "AV. AVENIDA PERU NRO. 128 URB. AVENIDA PERU", "progresol_dist_m": 1381.1, "puntos_criticos_1km": 20, "pc_lng": -73.37109, "pc_lat": -13.64843, "long_km": 3.52999997, "dist_min_m": 53.2, "peligro": "Inundación, erosión", "nivel": "", "fid": 42}, "geometry": {"type": "LineString", "coordinates": [[-73.372177, -13.650185], [-73.372321, -13.649098], [-73.371528, -13.648673], [-73.372626, -13.647228], [-73.373859, -13.648183], [-73.374435, -13.64657], [-73.375259, -13.647255], [-73.376892, -13.646927], [-73.376412, -13.646463], [-73.377116, -13.646162], [-73.375831, -13.645032], [-73.378477, -13.644493], [-73.376136, -13.643171], [-73.377012, -13.642143], [-73.375799, -13.642144], [-73.377028, -13.64118], [-73.37868, -13.641734], [-73.380002, -13.640038], [-73.376744, -13.639582], [-73.377552, -13.63909]]}}, {"type": "Feature", "properties": {"ruta": "PE-28A", "nombre": "Emp.PE-1S E (Dv. Huaytará) - Independencia - Humay - Huáncano - Pámpano (PE 28 D) - Pte. Huaytara - Pte. Cuyahuasi - Pte. Tullpa - Pte. Dos de Mayo - Pte. Muchic - Pte. Ana Teresa - Pte. Tsej Tsi - Pte. Tranca - Huaytará - Pte. Suyacuna - Pte. Mollep", "jerarquia": "nacional", "departamento": "Ica", "provincia": " ", "distrito": "", "motivo": "last_mile_progresol", "progresol_servido": "PROGRESOL GABRIEL", "progresol_direccion": "MZA. B LOTE. 09 URB. RESID PARACAS ", "progresol_dist_m": 736.8, "puntos_criticos_1km": 20, "pc_lng": -76.15892, "pc_lat": -13.68738, "long_km": 0.40000001, "dist_min_m": 443.0, "peligro": "Inundación, erosión", "nivel": "", "fid": 43}, "geometry": {"type": "LineString", "coordinates": [[-76.163621, -13.683458], [-76.159797, -13.683492]]}}, {"type": "Feature", "properties": {"ruta": "PE-1S", "nombre": "I.V. Santa Anita - Chincha Alta - Ica - Nazca - Dv. Camaná - Dv. Quilca (PE-1S D) - La Repartición (Dv. Arequipa) - Dv. Pto. Matarani (PE- 34) - La Joya - Dv. Moquegua (PE-36 A) - Dv. Ilo (PE-36) - Tacna (PE-38) - La Concordia (fr. Chile).", "jerarquia": "nacional", "departamento": "Ica", "provincia": " ", "distrito": "", "motivo": "last_mile_progresol", "progresol_servido": "FERRETERIA SARITA", "progresol_direccion": "CAL.IGNACIO MORSEZQUI NRO. 417  (A MEDIA CUADRA DE LA PLAZUELA BOLOGNES", "progresol_dist_m": 543.4, "puntos_criticos_1km": 20, "pc_lng": -74.95699, "pc_lat": -14.82494, "long_km": 2.54099989, "dist_min_m": 13.6, "peligro": "Inundación, flujo de detritos, erosión", "nivel": null, "fid": 44}, "geometry": {"type": "LineString", "coordinates": [[-74.967732, -14.821006], [-74.958367, -14.824072], [-74.955739, -14.825891], [-74.945551, -14.827937]]}}, {"type": "Feature", "properties": {"ruta": "LM-711", "nombre": "Emp. LM-114 - Comunidad Campesina Jicamarca - El Valle - El Trebol - Pta. Carretera.", "jerarquia": "departamental/vecinal", "departamento": "Lima", "provincia": "Lima", "distrito": "", "motivo": "last_mile_progresol", "progresol_servido": "FERRETERIA TORRES", "progresol_direccion": "AV. LAS TORRES MZA. B LOTE. 1 URB. (CHOSICA)", "progresol_dist_m": 31.7, "puntos_criticos_1km": 19, "pc_lng": -76.91891, "pc_lat": -12.00285, "long_km": 5.40999985, "dist_min_m": 16.1, "peligro": null, "nivel": "", "fid": 45}, "geometry": {"type": "LineString", "coordinates": [[-76.905402, -12.00977], [-76.927932, -11.997667], [-76.941507, -11.981653], [-76.942542, -11.979357]]}}, {"type": "Feature", "properties": {"ruta": "PE-1SC", "nombre": "Emp. PE-1S (Pte. Los Maestros) - Ica (Acomayo – Miguel Grau – Armando Revoredo) - La Tinguiña - San Jose de Los Molinos - Huamani - Ramadillas - Dv. Ayaviri - Tambo - Emp. PE-28 A (Huaytara)", "jerarquia": "nacional", "departamento": "Ica", "provincia": " ", "distrito": "", "motivo": "last_mile_progresol", "progresol_servido": "FERRETERIA CAHUA", "progresol_direccion": "PP.JJ . CONFRATERNIDAD  A-25 ", "progresol_dist_m": 719.9, "puntos_criticos_1km": 19, "pc_lng": -75.71778, "pc_lat": -14.08608, "long_km": 2.3599999, "dist_min_m": 18.5, "peligro": "Inundación, flujo de detritos, erosión", "nivel": null, "fid": 46}, "geometry": {"type": "LineString", "coordinates": [[-75.718377, -14.090541], [-75.71763, -14.082018], [-75.720525, -14.069897]]}}, {"type": "Feature", "properties": {"ruta": "PE-1S", "nombre": "I.V. Santa Anita - Chincha Alta - Ica - Nazca - Dv. Camaná - Dv. Quilca (PE-1S D) - La Repartición (Dv. Arequipa) - Dv. Pto. Matarani (PE- 34) - La Joya - Dv. Moquegua (PE-36 A) - Dv. Ilo (PE-36) - Tacna (PE-38) - La Concordia (fr. Chile).", "jerarquia": "nacional", "departamento": "Ica", "provincia": " ", "distrito": "", "motivo": "last_mile_progresol", "progresol_servido": "DISTRIBUIDORA Y FERRETERIA TOTO", "progresol_direccion": "CAL.LAS TROTUGAS MZA. B LOTE. 04 URB. SANTA MONICA", "progresol_dist_m": 643.7, "puntos_criticos_1km": 19, "pc_lng": -76.15795, "pc_lat": -13.68782, "long_km": 2.0309999, "dist_min_m": 11.5, "peligro": "Inundación", "nivel": "", "fid": 47}, "geometry": {"type": "LineString", "coordinates": [[-76.159797, -13.683492], [-76.151156, -13.700779]]}}, {"type": "Feature", "properties": {"ruta": "AN-108", "nombre": "Emp. PE-14 A (Dv. Llamellin) - Yaracyacu - Aczo - Chingas - Llamellín - Chaccho - Mirgas.", "jerarquia": "departamental/vecinal", "departamento": "Áncash", "provincia": "Huari", "distrito": "", "motivo": "last_mile_progresol", "progresol_servido": "INVERSIONES JM FAMASA IMPORT Y EXPORT S.A.C.", "progresol_direccion": "AV. PRIMAVERA NRO. S/N ", "progresol_dist_m": 1896.6, "puntos_criticos_1km": 19, "pc_lng": -77.07277, "pc_lat": -9.355, "long_km": 12.873999600000001, "dist_min_m": 1.1, "peligro": "Erosión fluvial", "nivel": "Muy alto", "fid": 48}, "geometry": {"type": "LineString", "coordinates": [[-77.079975, -9.357997], [-77.074975, -9.355018], [-77.072527, -9.354966], [-77.070066, -9.352201], [-77.06031, -9.347421], [-77.059323, -9.345378], [-77.057043, -9.343719], [-77.049453, -9.335056], [-77.044801, -9.3332], [-77.044528, -9.330726], [-77.041688, -9.328721], [-77.041423, -9.325799], [-77.038356, -9.323115], [-77.037029, -9.320493], [-77.029133, -9.314404], [-77.027113, -9.310225], [-77.028024, -9.310877], [-77.024471, -9.307047], [-77.023881, -9.305773], [-77.026079, -9.307658], [-77.024934, -9.306969], [-77.024422, -9.304859], [-77.022795, -9.30306], [-77.024657, -9.303464], [-77.030578, -9.301673], [-77.032143, -9.298669], [-77.032061, -9.295427], [-77.034365, -9.294367], [-77.035958, -9.292269]]}}, {"type": "Feature", "properties": {"ruta": "LM-721", "nombre": "Emp. PE-22 - Carapongo.", "jerarquia": "departamental/vecinal", "departamento": "Lima", "provincia": "Lima", "distrito": "", "motivo": "last_mile_progresol", "progresol_servido": "FERRETERIA PHOENIX MATERIALS E.I.R.L.", "progresol_direccion": "JR. BERNARDO BALAGUER MZA. I LOTE. 4 URB. ALAMEDA DE ÑAÑA (A 2 CDRAS UNIV", "progresol_dist_m": 9.7, "puntos_criticos_1km": 18, "pc_lng": -76.81989, "pc_lat": -11.9859, "long_km": 3.30999994, "dist_min_m": 42.1, "peligro": "Erosión fluvial", "nivel": "Muy alto", "fid": 49}, "geometry": {"type": "LineString", "coordinates": [[-76.818737, -11.989455], [-76.820543, -11.985], [-76.821474, -11.984698], [-76.822557, -11.982147], [-76.823457, -11.982049], [-76.827074, -11.982627], [-76.838884, -11.987969], [-76.838579, -11.990357], [-76.839487, -11.991701]]}}, {"type": "Feature", "properties": {"ruta": "PE-1N", "nombre": "I.V. Santa Anita - I.V. Huacho - Chimbote - Ov. La Marina (PE-10 A) - Ov. El Milagro - Paiján - Mocupe - Reque - Chiclayo - Lambayeque - Pte. Grau - Pte. Sullana Dv. Talara - Máncora - Zorritos - Tumbes - Pte. Internacional de La Paz (fr. Ecuador).", "jerarquia": "nacional", "departamento": "Lima", "provincia": " ", "distrito": "", "motivo": "last_mile_progresol", "progresol_servido": "MALPASO VASQUEZ NEMECIO FAUSTO MALPASO", "progresol_direccion": "CL.B MZA.F LOTE. 33 ASOC CHILLON 1RA ETAPA", "progresol_dist_m": 924.1, "puntos_criticos_1km": 18, "pc_lng": -77.07028, "pc_lat": -11.91012, "long_km": 0.685, "dist_min_m": 106.8, "peligro": "Inundación", "nivel": null, "fid": 50}, "geometry": {"type": "LineString", "coordinates": [[-77.0725, -11.911534], [-77.069078, -11.90622]]}}, {"type": "Feature", "properties": {"ruta": "PE-3N", "nombre": "Repartición La Oroya (PE-22) - Huánuco (PE-18 A) - Conococha (PE-16) - Huaraz (PE-14 y PE-14 A) - Santiago de Chuco - Cajabamba - Cajamarca (PE-08 y PE-08 B) - Bambamarca - Cutervo (PE-3N C) - Huancabamba (PE-02 A) - Vado Grande (Fr. Ecuador)", "jerarquia": "nacional", "departamento": "Huánuco", "provincia": " ", "distrito": "", "motivo": "last_mile_progresol", "progresol_servido": "FERRETERIA KEVIN", "progresol_direccion": "CARRETERA CENTRAL KM 7.5YANAGROSAVE ", "progresol_dist_m": 18.7, "puntos_criticos_1km": 18, "pc_lng": -76.24507, "pc_lat": -9.98202, "long_km": 1.75600004, "dist_min_m": 38.0, "peligro": "Flujo de detritos", "nivel": "Alto", "fid": 51}, "geometry": {"type": "LineString", "coordinates": [[-76.241139, -9.997207], [-76.245477, -9.984014], [-76.245411, -9.982073]]}}, {"type": "Feature", "properties": {"ruta": "LM-724", "nombre": "Emp. LM-116 - Pomatilca - Buenos Aires - Emp. LM-723.", "jerarquia": "departamental/vecinal", "departamento": "Lima", "provincia": "Huarochirí", "distrito": "", "motivo": "last_mile_progresol", "progresol_servido": "FERRETERIA REYES", "progresol_direccion": "AV. SAN MARTIN # 1839 ", "progresol_dist_m": 546.3, "puntos_criticos_1km": 17, "pc_lng": -76.66538, "pc_lat": -11.9171, "long_km": 0.9400000000000001, "dist_min_m": 496.9, "peligro": "Inundación, Erosión fluvial", "nivel": "Alto", "fid": 52}, "geometry": {"type": "LineString", "coordinates": [[-76.675389, -11.916628], [-76.670598, -11.913582], [-76.667967, -11.913413]]}}, {"type": "Feature", "properties": {"ruta": "IC-798", "nombre": "Emp. PE-1S (Nazca) - La Tiza - Santa Catalina - Pirca (L. D. Ayacucho).", "jerarquia": "departamental/vecinal", "departamento": "Ica", "provincia": "Nasca", "distrito": "", "motivo": "last_mile_progresol", "progresol_servido": "FERRETERIA SARITA", "progresol_direccion": "CAL.IGNACIO MORSEZQUI NRO. 417  (A MEDIA CUADRA DE LA PLAZUELA BOLOGNES", "progresol_dist_m": 687.5, "puntos_criticos_1km": 17, "pc_lng": -74.94052, "pc_lat": -14.82125, "long_km": 0.23, "dist_min_m": 9.7, "peligro": "Inundación", "nivel": "", "fid": 53}, "geometry": {"type": "LineString", "coordinates": [[-74.940427, -14.821725], [-74.941202, -14.819752]]}}, {"type": "Feature", "properties": {"ruta": "IC-798", "nombre": "Emp. PE-1S (Nazca) - La Tiza - Santa Catalina - Pirca (L. D. Ayacucho).", "jerarquia": "departamental/vecinal", "departamento": "Ica", "provincia": "Nasca", "distrito": "", "motivo": "last_mile_progresol", "progresol_servido": "FERRETERIA SARITA", "progresol_direccion": "CAL.IGNACIO MORSEZQUI NRO. 417  (A MEDIA CUADRA DE LA PLAZUELA BOLOGNES", "progresol_dist_m": 910.0, "puntos_criticos_1km": 17, "pc_lng": -74.94123, "pc_lat": -14.82071, "long_km": 0.08, "dist_min_m": 106.9, "peligro": "Inundación, erosión", "nivel": "", "fid": 54}, "geometry": {"type": "LineString", "coordinates": [[-74.941202, -14.819752], [-74.941368, -14.819056]]}}, {"type": "Feature", "properties": {"ruta": "IC-798", "nombre": "Emp. PE-1S (Nazca) - La Tiza - Santa Catalina - Pirca (L. D. Ayacucho).", "jerarquia": "departamental/vecinal", "departamento": "Ica", "provincia": "Nasca", "distrito": "", "motivo": "last_mile_progresol", "progresol_servido": "FERRETERIA SARITA", "progresol_direccion": "CAL.IGNACIO MORSEZQUI NRO. 417  (A MEDIA CUADRA DE LA PLAZUELA BOLOGNES", "progresol_dist_m": 988.7, "puntos_criticos_1km": 17, "pc_lng": -74.94123, "pc_lat": -14.82071, "long_km": 0.43000001, "dist_min_m": 184.8, "peligro": "Inundación, erosión", "nivel": "", "fid": 55}, "geometry": {"type": "LineString", "coordinates": [[-74.941368, -14.819056], [-74.941235, -14.817846], [-74.939216, -14.8164]]}}, {"type": "Feature", "properties": {"ruta": "IC-798", "nombre": "Emp. PE-1S (Nazca) - La Tiza - Santa Catalina - Pirca (L. D. Ayacucho).", "jerarquia": "departamental/vecinal", "departamento": "Ica", "provincia": "Nasca", "distrito": "", "motivo": "last_mile_progresol", "progresol_servido": "FERRETERIA SARITA", "progresol_direccion": "CAL.IGNACIO MORSEZQUI NRO. 417  (A MEDIA CUADRA DE LA PLAZUELA BOLOGNES", "progresol_dist_m": 2258.2, "puntos_criticos_1km": 17, "pc_lng": -74.90284, "pc_lat": -14.8115, "long_km": 4.57000017, "dist_min_m": 64.8, "peligro": "Inundación, flujo de detritos, erosión", "nivel": null, "fid": 56}, "geometry": {"type": "LineString", "coordinates": [[-74.924571, -14.814662], [-74.917529, -14.8118], [-74.908533, -14.812864], [-74.897874, -14.80973], [-74.896268, -14.808555], [-74.894806, -14.809941], [-74.893241, -14.809981], [-74.89218, -14.808284], [-74.886966, -14.804857]]}}, {"type": "Feature", "properties": {"ruta": "R", "nombre": "EMP. IC-798 - AJA ALTO", "jerarquia": "departamental/vecinal", "departamento": "Ica", "provincia": "Nasca", "distrito": "", "motivo": "last_mile_progresol", "progresol_servido": "FERRETERIA SARITA", "progresol_direccion": "CAL.IGNACIO MORSEZQUI NRO. 417  (A MEDIA CUADRA DE LA PLAZUELA BOLOGNES", "progresol_dist_m": 1052.5, "puntos_criticos_1km": 17, "pc_lng": -74.94182, "pc_lat": -14.82069, "long_km": 2.29999995, "dist_min_m": 246.4, "peligro": "", "nivel": "Medio", "fid": 57}, "geometry": {"type": "LineString", "coordinates": [[-74.941476, -14.818489], [-74.944406, -14.815074], [-74.946808, -14.815328], [-74.952392, -14.813705], [-74.954261, -14.81226], [-74.956515, -14.811889], [-74.958484, -14.814026]]}}, {"type": "Feature", "properties": {"ruta": "PE-18", "nombre": "Emp. PE-1N (Ov. Río Seco) - El Ahorcado - Sta Rosa - Sayán (PE-1N E) - Churín (Vía de Evitamiento) - Oyón (Jr. Cajatambo, Av Huánuco) - Abra Uchucchacua - Yanahuanca - Emp. PE-3N (Ambo)", "jerarquia": "nacional", "departamento": "Lima", "provincia": " ", "distrito": "", "motivo": "last_mile_progresol", "progresol_servido": "FERRETERIA PALMA", "progresol_direccion": "AV. VICTOR RAMIREZ HORNA ANDAHUASI MZA. A LOTE. 02", "progresol_dist_m": 713.2, "puntos_criticos_1km": 17, "pc_lng": -77.20155, "pc_lat": -11.13783, "long_km": 5.222000120000001, "dist_min_m": 8.7, "peligro": "Inundación", "nivel": "Alto", "fid": 58}, "geometry": {"type": "LineString", "coordinates": [[-77.243782, -11.139567], [-77.233442, -11.140483], [-77.212375, -11.140454], [-77.207619, -11.138325], [-77.202449, -11.138309], [-77.19831, -11.13428]]}}, {"type": "Feature", "properties": {"ruta": "PE-22", "nombre": "Emp. PE-1N (I.V. La Menacho) – Pte. Carlos Graña – I.V. Huachipa - Pte. Huachipa – Dv. Sta. Anita (Av. Las Torres – Av. Nicolas Ayllón) - Sta. Clara - Pte. Los Angeles - Chosica (Av. Nicolas Ayllón) - Ricardo Palma - Pte. Ricardo Palma - Pte.", "jerarquia": "nacional", "departamento": "Lima", "provincia": " ", "distrito": "", "motivo": "last_mile_progresol", "progresol_servido": "FERRETERIA SANTA CLARA", "progresol_direccion": "AV SAN MARTIN DE PORRES 303 URB SAN ", "progresol_dist_m": 422.9, "puntos_criticos_1km": 17, "pc_lng": -76.89074, "pc_lat": -12.01342, "long_km": 1.38, "dist_min_m": 314.9, "peligro": "Inundación", "nivel": "", "fid": 59}, "geometry": {"type": "LineString", "coordinates": [[-76.897452, -12.018705], [-76.885588, -12.014685]]}}, {"type": "Feature", "properties": {"ruta": "PE-30B", "nombre": "Emp. PE-30 A (Dv. Andahuaylas) - Dv. San Pedro de Lircay - Pampachiri - Abra Campanayoc - Abra Ayalaylla - Catala - Huarocopata - Emp. PE-3S (Andahuaylas)", "jerarquia": "nacional", "departamento": "Apurímac", "provincia": " ", "distrito": "", "motivo": "last_mile_progresol", "progresol_servido": "NUTREX", "progresol_direccion": "AV. AVENIDA PERU NRO. 128 URB. AVENIDA PERU", "progresol_dist_m": 248.6, "puntos_criticos_1km": 17, "pc_lng": -73.38104, "pc_lat": -13.65905, "long_km": 10, "dist_min_m": 135.3, "peligro": "Inundación, Erosión Fluvial", "nivel": "Alto", "fid": 60}, "geometry": {"type": "LineString", "coordinates": [[-73.361383, -13.674019], [-73.358433, -13.674797], [-73.356647, -13.673469], [-73.356549, -13.670975], [-73.35845, -13.670283], [-73.358178, -13.672485], [-73.358915, -13.673079], [-73.36203, -13.671099], [-73.365351, -13.670567], [-73.365653, -13.667202], [-73.36718, -13.665757], [-73.366472, -13.664162], [-73.369383, -13.664851], [-73.372427, -13.666898], [-73.371645, -13.668057], [-73.374354, -13.6678], [-73.375657, -13.66639], [-73.3759, -13.668861], [-73.376939, -13.667329], [-73.379801, -13.666497], [-73.383581, -13.663623], [-73.385725, -13.661005], [-73.387035, -13.660888], [-73.387352, -13.661528], [-73.383933, -13.665499], [-73.385471, -13.663916], [-73.390139, -13.662188], [-73.390197, -13.660888], [-73.389225, -13.659921], [-73.386184, -13.658757], [-73.382398, -13.659029], [-73.382242, -13.658428]]}}, {"type": "Feature", "properties": {"ruta": "PE-3S", "nombre": "Repartición La Oroya (PE-22) - Huancayo - Izcuchaca (PE-26) - Mayoc - Ayacucho - Andahuaylas (PE-30 B) - Abancay - Anta - Cusco - Urcos - Ayaviri (PE-3S G) - Calapuja - Puno (PE-36 B) - Ilave - Pte. Internacional Desaguadero (fr. Bolivia).", "jerarquia": "nacional", "departamento": "Ayacucho", "provincia": " ", "distrito": "", "motivo": "last_mile_progresol", "progresol_servido": "FERRETERIA KARINA", "progresol_direccion": "TOTORA - CARRETERA HUANTA (REFERENCIA: AL COSTADO DE LA TERMINAL", "progresol_dist_m": 22.3, "puntos_criticos_1km": 17, "pc_lng": -74.20661, "pc_lat": -13.09796, "long_km": 13.39000034, "dist_min_m": 34.5, "peligro": null, "nivel": "", "fid": 61}, "geometry": {"type": "LineString", "coordinates": [[-74.228091, -13.080782], [-74.227498, -13.082496], [-74.22803, -13.084691], [-74.222421, -13.087119], [-74.214124, -13.094532], [-74.2071, -13.097752], [-74.199005, -13.110419], [-74.197779, -13.114269], [-74.195398, -13.117377], [-74.195234, -13.119067], [-74.193219, -13.119211], [-74.190833, -13.121081], [-74.189755, -13.122967], [-74.190024, -13.124414], [-74.18831, -13.130256], [-74.186196, -13.13303], [-74.186326, -13.136198], [-74.18765, -13.137704], [-74.189032, -13.136004], [-74.193553, -13.135753], [-74.19474, -13.134231], [-74.20351, -13.133217], [-74.205955, -13.134442], [-74.206851, -13.136294], [-74.210463, -13.136938], [-74.210697, -13.139184], [-74.213047, -13.140197], [-74.214241, -13.141755], [-74.214001, -13.142637], [-74.212737, -13.142309], [-74.21117, -13.144068], [-74.210324, -13.146506], [-74.211173, -13.147509]]}}, {"type": "Feature", "properties": {"ruta": "PE-3SZ", "nombre": "Emp PE-24 (Pilcomayo) - Huamancaca Chico - Tres de Diciembre - Chupuro - Viques - Emp. PE3S (Huayucachi)", "jerarquia": "nacional", "departamento": "Junín", "provincia": " ", "distrito": "", "motivo": "last_mile_progresol", "progresol_servido": "DISTRIBUIDORA HENRY", "progresol_direccion": "AV 9 DE OCTUBRE S/ N ", "progresol_dist_m": 624.2, "puntos_criticos_1km": 17, "pc_lng": -75.24072, "pc_lat": -12.06499, "long_km": 2.38899994, "dist_min_m": 205.1, "peligro": "Inundación", "nivel": "", "fid": 62}, "geometry": {"type": "LineString", "coordinates": [[-75.240436, -12.053954], [-75.239769, -12.056303], [-75.241999, -12.060841], [-75.242739, -12.065178], [-75.242495, -12.074715]]}}, {"type": "Feature", "properties": {"ruta": "LM-797", "nombre": "Emp. PE-1S (Arica) - Lurin - Dv. Pachacamac - Pachacamac - Manchay - Emp. LM-119.", "jerarquia": "departamental/vecinal", "departamento": "Lima", "provincia": "Lima", "distrito": "", "motivo": "last_mile_progresol", "progresol_servido": "FERRETERIA LESCANO", "progresol_direccion": "JR. SUSPIROS N° 497 ", "progresol_dist_m": 23.2, "puntos_criticos_1km": 16, "pc_lng": -76.83259, "pc_lat": -12.1456, "long_km": 12.26000023, "dist_min_m": 1.5, "peligro": "Erosión fluvial", "nivel": "Muy Alto", "fid": 63}, "geometry": {"type": "LineString", "coordinates": [[-76.859941, -12.227018], [-76.854105, -12.221329], [-76.85222, -12.216705], [-76.852823, -12.212926], [-76.851762, -12.211506], [-76.853242, -12.20959], [-76.853021, -12.206545], [-76.850046, -12.204905], [-76.850725, -12.198138], [-76.853174, -12.192501], [-76.853067, -12.189047], [-76.85106, -12.181649], [-76.854166, -12.179576], [-76.854745, -12.177321], [-76.860895, -12.171766], [-76.858743, -12.168572], [-76.858438, -12.166224], [-76.855859, -12.163973], [-76.853258, -12.156985], [-76.849748, -12.153754], [-76.849786, -12.1521], [-76.848726, -12.15067], [-76.845956, -12.149531], [-76.843454, -12.15056], [-76.840578, -12.148853], [-76.838685, -12.148685], [-76.837091, -12.146427], [-76.832434, -12.145756]]}}, {"type": "Feature", "properties": {"ruta": "LM-684", "nombre": "Emp. PE-1N B - Emp. PE-1N.", "jerarquia": "departamental/vecinal", "departamento": "Lima", "provincia": "Huaral", "distrito": "", "motivo": "last_mile_progresol", "progresol_servido": "FERRETERIA GRAMADALES", "progresol_direccion": "AV. MARISCAL SUCRE MZ. C LT. 4 ", "progresol_dist_m": 1601.1, "puntos_criticos_1km": 16, "pc_lng": -77.23712, "pc_lat": -11.60715, "long_km": 1.87, "dist_min_m": 491.1, "peligro": "Inundación", "nivel": null, "fid": 64}, "geometry": {"type": "LineString", "coordinates": [[-77.235322, -11.611215], [-77.220657, -11.602838]]}}, {"type": "Feature", "properties": {"ruta": "JU-898", "nombre": "Emp. PE-3SZ (Barrio Norte) - Emp. JU-899 (Huamancaca Chico).", "jerarquia": "departamental/vecinal", "departamento": "Junín", "provincia": "Chupaca", "distrito": "", "motivo": "last_mile_progresol", "progresol_servido": "DISTRIBUIDORA HENRY", "progresol_direccion": "AV 9 DE OCTUBRE S/ N ", "progresol_dist_m": 1094.0, "puntos_criticos_1km": 16, "pc_lng": -75.23854, "pc_lat": -12.06566, "long_km": 2.1259999300000003, "dist_min_m": 147.9, "peligro": "Inundación", "nivel": "Medio", "fid": 65}, "geometry": {"type": "LineString", "coordinates": [[-75.242757, -12.066611], [-75.239533, -12.066585], [-75.236488, -12.082116]]}}, {"type": "Feature", "properties": {"ruta": "IC-646", "nombre": "Emp. PE-1S C (San Idelfonso) - Emp. IC-622.", "jerarquia": "departamental/vecinal", "departamento": "Ica", "provincia": "Ica", "distrito": "", "motivo": "last_mile_progresol", "progresol_servido": "FERRETERIA MAX", "progresol_direccion": "PROLONG. GRAU 240 ", "progresol_dist_m": 196.0, "puntos_criticos_1km": 16, "pc_lng": -75.72606, "pc_lat": -14.05668, "long_km": 0.78899997, "dist_min_m": 6.9, "peligro": null, "nivel": "", "fid": 66}, "geometry": {"type": "LineString", "coordinates": [[-75.723865, -14.062066], [-75.726512, -14.055426]]}}, {"type": "Feature", "properties": {"ruta": "PE-22D", "nombre": "AUTOPISTA Emp. PE-22 - Cieneguilla - San Mateo - Emp. PE-22", "jerarquia": "nacional", "departamento": "Lima", "provincia": " ", "distrito": "", "motivo": "last_mile_progresol", "progresol_servido": "FERRETERIA LUNA", "progresol_direccion": "AV. MIRAFLORES MZ. A LT. 10 SAN JUA ", "progresol_dist_m": 604.0, "puntos_criticos_1km": 16, "pc_lng": -76.871, "pc_lat": -12.00757, "long_km": 159.63600159, "dist_min_m": 214.7, "peligro": "Inundación, flujo de detritos, erosión", "nivel": null, "fid": 67}, "geometry": {"type": "LineString", "coordinates": [[-76.869279, -12.006627], [-76.866682, -12.009582], [-76.862563, -12.023613], [-76.86224, -12.053609], [-76.861276, -12.057955], [-76.858048, -12.065198], [-76.859009, -12.071994], [-76.855676, -12.081335], [-76.849883, -12.084014], [-76.846195, -12.088142], [-76.845641, -12.095647], [-76.840723, -12.102101], [-76.840172, -12.107023], [-76.841674, -12.118225], [-76.841381, -12.12091], [-76.840478, -12.12299], [-76.836393, -12.127237], [-76.828444, -12.129635], [-76.816422, -12.135485], [-76.805382, -12.1363], [-76.792155, -12.138715], [-76.78661, -12.135495], [-76.783078, -12.135348], [-76.780657, -12.13378], [-76.775827, -12.134093], [-76.772985, -12.13086], [-76.771099, -12.129977], [-76.765152, -12.12931], [-76.753481, -12.132108], [-76.750082, -12.131945], [-76.741499, -12.12749], [-76.731287, -12.119747], [-76.720714, -12.114988], [-76.710693, -12.113028], [-76.706159, -12.105562], [-76.703852, -12.104239], [-76.693999, -12.107942], [-76.680798, -12.107717], [-76.677296, -12.109936], [-76.673105, -12.109437], [-76.671789, -12.110404], [-76.670462, -12.113567], [-76.6674, -12.114506], [-76.665241, -12.113829], [-76.662471, -12.109582], [-76.66118, -12.109074], [-76.659877, -12.110438], [-76.660623, -12.113288], [-76.660345, -12.125785], [-76.66098, -12.129946], [-76.659939, -12.133575], [-76.662787, -12.137088], [-76.661015, -12.141093], [-76.65883, -12.141998], [-76.654275, -12.138977], [-76.648173, -12.138942], [-76.647462, -12.140239], [-76.649097, -12.143795], [-76.64864, -12.145263], [-76.647406, -12.14563], [-76.643776, -12.144468], [-76.643056, -12.145373], [-76.643143, -12.147507], [-76.642058, -12.148275], [-76.638231, -12.146296], [-76.633986, -12.147087], [-76.633224, -12.149071], [-76.635707, -12.150804], [-76.635754, -12.152456], [-76.631108, -12.154447], [-76.63041, -12.15789], [-76.625846, -12.158744], [-76.624736, -12.157881], [-76.624921, -12.156587], [-76.628961, -12.155281], [-76.629911, -12.152818], [-76.631465, -12.151467], [-76.631699, -12.144617], [-76.638603, -12.143376], [-76.641246, -12.14079], [-76.641006, -12.139209], [-76.639135, -12.138265], [-76.627944, -12.14207], [-76.625056, -12.138408], [-76.625561, -12.135486], [-76.624667, -12.132407], [-76.623391, -12.131719], [-76.622251, -12.132281], [-76.620287, -12.135975], [-76.617511, -12.134663], [-76.616316, -12.134915], [-76.613185, -12.140176], [-76.609938, -12.13984], [-76.607845, -12.137112], [-76.604178, -12.139612], [-76.60252, -12.139618], [-76.6015, -12.138332], [-76.602067, -12.134674], [-76.600975, -12.132475], [-76.603062, -12.129536], [-76.600216, -12.126962], [-76.599967, -12.12567], [-76.600817, -12.124817], [-76.606915, -12.123236], [-76.607103, -12.119847], [-76.610155, -12.117663], [-76.61018, -12.115548], [-76.604076, -12.114014], [-76.584362, -12.113157], [-76.579936, -12.116278], [-76.579991, -12.119313], [-76.578158, -12.122103], [-76.577559, -12.127835], [-76.576093, -12.12826], [-76.573409, -12.127224], [-76.571729, -12.12167], [-76.568478, -12.12236], [-76.565701, -12.127334], [-76.55282, -12.134155], [-76.552144, -12.137991], [-76.552863, -12.141027], [-76.548092, -12.144122], [-76.537075, -12.143872], [-76.534825, -12.148904], [-76.531393, -12.148865], [-76.530212, -12.151547], [-76.529054, -12.152151], [-76.524735, -12.151106], [-76.521283, -12.147033], [-76.518595, -12.146197], [-76.517337, -12.144114], [-76.513406, -12.144616], [-76.510589, -12.15257], [-76.511879, -12.155275], [-76.511737, -12.156603], [-76.508398, -12.159086], [-76.502501, -12.16598], [-76.500592, -12.172824], [-76.496655, -12.176814], [-76.494425, -12.176956], [-76.491749, -12.173727], [-76.486265, -12.172723], [-76.483091, -12.17608], [-76.480019, -12.176529], [-76.478049, -12.17836], [-76.473726, -12.178007], [-76.47158, -12.182775], [-76.464808, -12.182754], [-76.462183, -12.186925], [-76.460687, -12.18789], [-76.455947, -12.186568], [-76.443355, -12.187616], [-76.439162, -12.186283], [-76.433622, -12.185895], [-76.427064, -12.181987], [-76.413261, -12.178176], [-76.410938, -12.178348], [-76.40579, -12.180904], [-76.403705, -12.181035], [-76.39927, -12.17809], [-76.37782, -12.174859], [-76.376097, -12.173313], [-76.374845, -12.16943], [-76.372578, -12.168046], [-76.366711, -12.169439], [-76.36329, -12.171481], [-76.359731, -12.171028], [-76.35319, -12.166433], [-76.352522, -12.164811], [-76.353331, -12.16192], [-76.352925, -12.160366], [-76.348973, -12.158962], [-76.343183, -12.151818], [-76.341599, -12.151428], [-76.339169, -12.152781], [-76.337622, -12.152143], [-76.335047, -12.14538], [-76.335793, -12.142583], [-76.335014, -12.141173], [-76.329247, -12.137974], [-76.325901, -12.137331], [-76.321671, -12.133671], [-76.317649, -12.134842], [-76.314841, -12.132173], [-76.310789, -12.131006], [-76.307974, -12.128997], [-76.300491, -12.128931], [-76.298107, -12.127407], [-76.297488, -12.11976], [-76.293339, -12.114093], [-76.294981, -12.103155], [-76.293692, -12.097217], [-76.292129, -12.095285], [-76.28631, -12.091646], [-76.280024, -12.082372], [-76.269986, -12.07103], [-76.269651, -12.068639], [-76.27082, -12.060079], [-76.267463, -12.056329], [-76.266819, -12.054548], [-76.269653, -12.048349], [-76.268278, -12.043582], [-76.265721, -12.041734], [-76.260203, -12.041995], [-76.256318, -12.037694], [-76.253339, -12.030036], [-76.24815, -12.025283], [-76.245852, -12.012876], [-76.242021, -12.007789], [-76.229701, -11.996248], [-76.22381, -11.987993], [-76.221058, -11.981966], [-76.217989, -11.978328], [-76.213331, -11.967137], [-76.206446, -11.959919], [-76.203082, -11.94804], [-76.200927, -11.934827], [-76.199798, -11.932028], [-76.194451, -11.923963], [-76.188557, -11.918904], [-76.184933, -11.912915], [-76.179358, -11.909575], [-76.17725, -11.906814], [-76.174039, -11.896897], [-76.176222, -11.889254], [-76.176856, -11.883227], [-76.173883, -11.876936], [-76.174198, -11.874122], [-76.176316, -11.872438], [-76.182931, -11.871856], [-76.192053, -11.869138], [-76.203489, -11.861036], [-76.209671, -11.850762], [-76.211397, -11.844151], [-76.218415, -11.836437], [-76.223725, -11.832125], [-76.226087, -11.825886], [-76.225532, -11.822931], [-76.223734, -11.820502], [-76.208826, -11.8118], [-76.205759, -11.80821], [-76.191493, -11.773254], [-76.190021, -11.757764], [-76.184475, -11.740728]]}}, {"type": "Feature", "properties": {"ruta": "PE-22A", "nombre": "Emp. PE-1S (I.V. Mala) - Calango - La Capilla - San Juan de Viscas – Alloca  Huancata – Sangallaya - San Lorenzo de Quinti - San Juan de Tantarache – Carhuapampa – Chicllapata – Chayanca – Yuracmayo – Emp. PE-22 (Río Blanco)", "jerarquia": "nacional", "departamento": "Lima", "provincia": " ", "distrito": "", "motivo": "last_mile_progresol", "progresol_servido": "FERRETERIA PERU CONSTRUCTOR DEL SUR", "progresol_direccion": "OTR.ANEXO LA HUACA NRO. S/N  LOSSIO PREDIO RUSTICO EL PINO ANEXO LA HUACA", "progresol_dist_m": 199.3, "puntos_criticos_1km": 16, "pc_lng": -76.52248, "pc_lat": -12.52569, "long_km": 3.2009999799999997, "dist_min_m": 35.5, "peligro": "Flujo de detritos", "nivel": "Alto", "fid": 68}, "geometry": {"type": "LineString", "coordinates": [[-76.544389, -12.524725], [-76.541141, -12.523869], [-76.536304, -12.524552], [-76.532199, -12.521941], [-76.529166, -12.521635], [-76.52552, -12.52229], [-76.523541, -12.52522], [-76.519481, -12.525705]]}}, {"type": "Feature", "properties": {"ruta": "PE-3N", "nombre": "Repartición La Oroya (PE-22) - Huánuco (PE-18 A) - Conococha (PE-16) - Huaraz (PE-14 y PE-14 A) - Santiago de Chuco - Cajabamba - Cajamarca (PE-08 y PE-08 B) - Bambamarca - Cutervo (PE-3N C) - Huancabamba (PE-02 A) - Vado Grande (Fr. Ecuador)", "jerarquia": "nacional", "departamento": "Huánuco", "provincia": " ", "distrito": "", "motivo": "last_mile_progresol", "progresol_servido": "FERRETERA ALVA", "progresol_direccion": "UNIVERSITARIA N°1308 ", "progresol_dist_m": 21.4, "puntos_criticos_1km": 16, "pc_lng": -76.24488, "pc_lat": -9.97467, "long_km": 4.0500001899999996, "dist_min_m": 191.0, "peligro": "Inundación, erosión fluvial", "nivel": "Alto", "fid": 69}, "geometry": {"type": "LineString", "coordinates": [[-76.244552, -9.979262], [-76.243073, -9.975934], [-76.243568, -9.968343], [-76.24893, -9.954164]]}}, {"type": "Feature", "properties": {"ruta": "PE-3N", "nombre": "Repartición La Oroya (PE-22) - Huánuco (PE-18 A) - Conococha (PE-16) - Huaraz (PE-14 y PE-14 A) - Santiago de Chuco - Cajabamba - Cajamarca (PE-08 y PE-08 B) - Bambamarca - Cutervo (PE-3N C) - Huancabamba (PE-02 A) - Vado Grande (Fr. Ecuador)", "jerarquia": "nacional", "departamento": "Áncash", "provincia": " ", "distrito": "", "motivo": "last_mile_progresol", "progresol_servido": "GRUPO REGIONAL S.A.C", "progresol_direccion": "CAL.INDUSTRIAL NRO. S/N CENT. YUNGAY", "progresol_dist_m": 62.4, "puntos_criticos_1km": 16, "pc_lng": -77.71159, "pc_lat": -9.19165, "long_km": 25.181999209999997, "dist_min_m": 8.6, "peligro": "", "nivel": null, "fid": 70}, "geometry": {"type": "LineString", "coordinates": [[-77.646955, -9.28431], [-77.650181, -9.281635], [-77.650177, -9.27855], [-77.651975, -9.273244], [-77.657239, -9.269946], [-77.671436, -9.272383], [-77.677186, -9.267801], [-77.67997, -9.266795], [-77.680813, -9.261922], [-77.678008, -9.257587], [-77.677361, -9.245416], [-77.680786, -9.241313], [-77.684242, -9.227437], [-77.686469, -9.223674], [-77.688178, -9.21659], [-77.68952, -9.214897], [-77.691733, -9.207513], [-77.695812, -9.204646], [-77.700401, -9.199755], [-77.706681, -9.195967], [-77.713219, -9.194064], [-77.713261, -9.192991], [-77.711511, -9.191633], [-77.713094, -9.191363], [-77.714343, -9.189511], [-77.717649, -9.182733], [-77.718261, -9.178976], [-77.724808, -9.17176], [-77.725383, -9.169045], [-77.729795, -9.163429], [-77.733504, -9.15956], [-77.737633, -9.158302], [-77.738639, -9.15603], [-77.740407, -9.155307], [-77.744459, -9.148982], [-77.745288, -9.143327], [-77.751152, -9.136132], [-77.75072, -9.134117], [-77.756529, -9.13197], [-77.760736, -9.123931]]}}, {"type": "Feature", "properties": {"ruta": "LM-127", "nombre": "Emp. PE-1S - Pte. Clarita - Emp. PE-24 (San Vicente de Cañete).", "jerarquia": "departamental/vecinal", "departamento": "Lima", "provincia": "Cañete", "distrito": "", "motivo": "last_mile_progresol", "progresol_servido": "GHP", "progresol_direccion": "AV. LIBERTADORES MZA. A1 LOTE. 17 TERCER MUNDO (ANTES DEL GRIFO AUTOPASA)", "progresol_dist_m": 246.9, "puntos_criticos_1km": 16, "pc_lng": -76.36191, "pc_lat": -13.12406, "long_km": 10.5, "dist_min_m": 6.9, "peligro": "", "nivel": "Medio", "fid": 71}, "geometry": {"type": "LineString", "coordinates": [[-76.3725, -13.158728], [-76.374808, -13.155787], [-76.37504, -13.153404], [-76.373544, -13.151732], [-76.368926, -13.149944], [-76.367492, -13.148239], [-76.365557, -13.13653], [-76.361413, -13.120796], [-76.363007, -13.118408], [-76.383417, -13.107182], [-76.385114, -13.105588], [-76.387856, -13.097985], [-76.389214, -13.088851], [-76.387635, -13.0809], [-76.389949, -13.077818]]}}, {"type": "Feature", "properties": {"ruta": "LM-116", "nombre": "Emp. PE-22 (Dv. Sta. Eulalia) - Sta. Eulalia – Dv. San Lorenzo de Huachupampa – Dv. Huanza - Emp. PE-3N G.", "jerarquia": "departamental/vecinal", "departamento": "Lima", "provincia": "Huarochirí", "distrito": "", "motivo": "last_mile_progresol", "progresol_servido": "FERRETERIA REYES", "progresol_direccion": "AV. SAN MARTIN # 1839 ", "progresol_dist_m": 15.5, "puntos_criticos_1km": 16, "pc_lng": -76.6665, "pc_lat": -11.91844, "long_km": 2.74600005, "dist_min_m": 66.0, "peligro": "Inundación, Erosión fluvial", "nivel": "Alto", "fid": 72}, "geometry": {"type": "LineString", "coordinates": [[-76.668345, -11.921095], [-76.666175, -11.916457], [-76.666648, -11.915534], [-76.668236, -11.915752], [-76.666475, -11.914698], [-76.665066, -11.90932], [-76.663989, -11.907973], [-76.665535, -11.904685], [-76.66401, -11.902733], [-76.664116, -11.901706]]}}, {"type": "Feature", "properties": {"ruta": "LM-746", "nombre": "Emp. PE-22 - Nuevo Cupiche - Pta. Carretera.", "jerarquia": "departamental/vecinal", "departamento": "Lima", "provincia": "Huarochirí", "distrito": "", "motivo": "last_mile_progresol", "progresol_servido": "FERRETERIA JASVAL", "progresol_direccion": "VÍA MZ. B LT. 4 ASOC. SOL DE CUPICH PARADERO LA SUBIDA RICARDO PALMA", "progresol_dist_m": 49.8, "puntos_criticos_1km": 15, "pc_lng": -76.61239, "pc_lat": -11.91486, "long_km": 2.63000011, "dist_min_m": 27.7, "peligro": "Erosión fluvial", "nivel": "Muy alto", "fid": 73}, "geometry": {"type": "LineString", "coordinates": [[-76.605484, -11.934083], [-76.609898, -11.925973], [-76.61079, -11.918299], [-76.612141, -11.914827], [-76.611629, -11.914059]]}}, {"type": "Feature", "properties": {"ruta": "LM-684", "nombre": "Emp. PE-1N B - Emp. PE-1N.", "jerarquia": "departamental/vecinal", "departamento": "Lima", "provincia": "Huaral", "distrito": "", "motivo": "last_mile_progresol", "progresol_servido": "FERRETERIA GRAMADALES", "progresol_direccion": "AV. MARISCAL SUCRE MZ. C LT. 4 ", "progresol_dist_m": 1314.6, "puntos_criticos_1km": 15, "pc_lng": -77.22474, "pc_lat": -11.59635, "long_km": 3.7000000500000003, "dist_min_m": 595.5, "peligro": "Inundación, flujo de detritos, erosión", "nivel": "Alto", "fid": 74}, "geometry": {"type": "LineString", "coordinates": [[-77.201933, -11.585617], [-77.208939, -11.590364], [-77.210221, -11.592545], [-77.221607, -11.60076], [-77.2179, -11.60832]]}}, {"type": "Feature", "properties": {"ruta": "HU-768", "nombre": "EMP. HU-108 (HUÁNUCO) - PAMPA COCHA - EMP. HU-767 (YACUPUNTA).", "jerarquia": "departamental/vecinal", "departamento": "Huánuco", "provincia": "Huánuco", "distrito": "", "motivo": "last_mile_progresol", "progresol_servido": "FERRETERIA EL CASERITO", "progresol_direccion": "HEROES DE JACTAY NRO 503 ", "progresol_dist_m": 335.9, "puntos_criticos_1km": 15, "pc_lng": -76.24576, "pc_lat": -9.91767, "long_km": 13.77999973, "dist_min_m": 29.0, "peligro": "Inundación", "nivel": "", "fid": 75}, "geometry": {"type": "LineString", "coordinates": [[-76.234333, -9.92146], [-76.237137, -9.919697], [-76.245478, -9.917664], [-76.243533, -9.917278], [-76.243225, -9.916029], [-76.24394, -9.916593], [-76.24587, -9.9157], [-76.245058, -9.915615], [-76.244825, -9.91394], [-76.245576, -9.914743], [-76.245574, -9.912917], [-76.246279, -9.914143], [-76.247722, -9.913481], [-76.246676, -9.9133], [-76.246641, -9.911527], [-76.249111, -9.912873], [-76.247789, -9.911327], [-76.247801, -9.910406], [-76.248835, -9.911424], [-76.248545, -9.909047], [-76.250263, -9.910912], [-76.24959, -9.908606], [-76.250702, -9.90988], [-76.250668, -9.908099], [-76.251973, -9.909674], [-76.251708, -9.907997], [-76.252393, -9.908583], [-76.254729, -9.907674], [-76.252954, -9.90667], [-76.254824, -9.906233], [-76.25455, -9.904919], [-76.255576, -9.905356], [-76.254364, -9.903908], [-76.255399, -9.90375], [-76.255811, -9.901766], [-76.257489, -9.901099], [-76.258163, -9.902597], [-76.257968, -9.901232], [-76.259499, -9.901245], [-76.258759, -9.901053], [-76.25913, -9.899619], [-76.26332, -9.899088], [-76.262539, -9.897903], [-76.26102, -9.897832], [-76.261097, -9.896442], [-76.261657, -9.896983], [-76.263462, -9.896289], [-76.266166, -9.89724], [-76.26743, -9.899015], [-76.268488, -9.899213], [-76.268281, -9.903124], [-76.267168, -9.905533], [-76.269205, -9.905723], [-76.269657, -9.908418], [-76.271877, -9.908619], [-76.275936, -9.905357]]}}, {"type": "Feature", "properties": {"ruta": "R", "nombre": "PE-1S - RIO NASCA", "jerarquia": "departamental/vecinal", "departamento": "Ica", "provincia": "Nasca", "distrito": "", "motivo": "last_mile_progresol", "progresol_servido": "TEITO", "progresol_direccion": "CAR. PANAMERICANA SUR KM. 535 (FTE SINDIC.CHOFERES 2DO PISO)", "progresol_dist_m": 2333.8, "puntos_criticos_1km": 15, "pc_lng": -74.96528, "pc_lat": -14.82733, "long_km": 2.2000000500000003, "dist_min_m": 12.7, "peligro": "Erosión fluvial", "nivel": "Alto", "fid": 76}, "geometry": {"type": "LineString", "coordinates": [[-74.965864, -14.821684], [-74.963886, -14.826458], [-74.967405, -14.828314], [-74.967688, -14.835042], [-74.966558, -14.839606]]}}, {"type": "Feature", "properties": {"ruta": "PE-1N", "nombre": "I.V. Santa Anita - I.V. Huacho - Chimbote - Ov. La Marina (PE-10 A) - Ov. El Milagro - Paiján - Mocupe - Reque - Chiclayo - Lambayeque - Pte. Grau - Pte. Sullana Dv. Talara - Máncora - Zorritos - Tumbes - Pte. Internacional de La Paz (fr. Ecuador).", "jerarquia": "nacional", "departamento": "Lima", "provincia": " ", "distrito": "", "motivo": "last_mile_progresol", "progresol_servido": "MALPASO VASQUEZ NEMECIO FAUSTO MALPASO", "progresol_direccion": "CL.B MZA.F LOTE. 33 ASOC CHILLON 1RA ETAPA", "progresol_dist_m": 253.9, "puntos_criticos_1km": 15, "pc_lng": -77.07362, "pc_lat": -11.91775, "long_km": 0.8989999900000001, "dist_min_m": 2.8, "peligro": "Inundación", "nivel": "", "fid": 77}, "geometry": {"type": "LineString", "coordinates": [[-77.073458, -11.919213], [-77.073827, -11.914147], [-77.0725, -11.911534]]}}, {"type": "Feature", "properties": {"ruta": "PE-1SC", "nombre": "Emp. PE-1S (Pte. Los Maestros) - Ica (Acomayo – Miguel Grau – Armando Revoredo) - La Tinguiña - San Jose de Los Molinos - Huamani - Ramadillas - Dv. Ayaviri - Tambo - Emp. PE-28 A (Huaytara)", "jerarquia": "nacional", "departamento": "Ica", "provincia": " ", "distrito": "", "motivo": "last_mile_progresol", "progresol_servido": "FERRETERIA MAX", "progresol_direccion": "PROLONG. GRAU 240 ", "progresol_dist_m": 5.1, "puntos_criticos_1km": 15, "pc_lng": -75.72329, "pc_lat": -14.06439, "long_km": 2.2690000500000003, "dist_min_m": 29.2, "peligro": "Inundación", "nivel": "", "fid": 78}, "geometry": {"type": "LineString", "coordinates": [[-75.722579, -14.065345], [-75.723799, -14.062085], [-75.710825, -14.058338], [-75.70735, -14.055006]]}}, {"type": "Feature", "properties": {"ruta": "PE-3S", "nombre": "Repartición La Oroya (PE-22) - Huancayo - Izcuchaca (PE-26) - Mayoc - Ayacucho - Andahuaylas (PE-30 B) - Abancay - Anta - Cusco - Urcos - Ayaviri (PE-3S G) - Calapuja - Puno (PE-36 B) - Ilave - Pte. Internacional Desaguadero (fr. Bolivia).", "jerarquia": "nacional", "departamento": "Apurímac", "provincia": " ", "distrito": "", "motivo": "last_mile_progresol", "progresol_servido": "FERRETERIA CEYCOR", "progresol_direccion": "JR. EL BOSQUE LOTE. 03 PALTACC ", "progresol_dist_m": 11.4, "puntos_criticos_1km": 15, "pc_lng": -73.44823, "pc_lat": -13.65443, "long_km": 12.05300045, "dist_min_m": 43.8, "peligro": "Inundación, Erosión Fluvial", "nivel": "Alto", "fid": 79}, "geometry": {"type": "LineString", "coordinates": [[-73.476257, -13.646542], [-73.472752, -13.64615], [-73.470142, -13.648039], [-73.468774, -13.648012], [-73.468429, -13.649063], [-73.465679, -13.649216], [-73.463272, -13.65186], [-73.461317, -13.652022], [-73.461316, -13.653424], [-73.457529, -13.653688], [-73.45184, -13.656926], [-73.450111, -13.657172], [-73.448021, -13.659385], [-73.447983, -13.661684], [-73.447213, -13.659361], [-73.448965, -13.655933], [-73.450263, -13.654933], [-73.448738, -13.655611], [-73.445102, -13.659736], [-73.44874, -13.653027], [-73.44358, -13.658447], [-73.443218, -13.660164], [-73.440597, -13.658296], [-73.438309, -13.659674], [-73.4337, -13.658518], [-73.431733, -13.659701], [-73.430377, -13.658111], [-73.418171, -13.661655], [-73.414353, -13.664742], [-73.394696, -13.663099], [-73.392668, -13.662275]]}}, {"type": "Feature", "properties": {"ruta": "PE-1S", "nombre": "I.V. Santa Anita - Chincha Alta - Ica - Nazca - Dv. Camaná - Dv. Quilca (PE-1S D) - La Repartición (Dv. Arequipa) - Dv. Pto. Matarani (PE- 34) - La Joya - Dv. Moquegua (PE-36 A) - Dv. Ilo (PE-36) - Tacna (PE-38) - La Concordia (fr. Chile).", "jerarquia": "nacional", "departamento": "Ica", "provincia": " ", "distrito": "", "motivo": "last_mile_progresol", "progresol_servido": "COMERCIALIZADORA CONTRERAS", "progresol_direccion": "CAR. PANAMERICANA NRO. S/N (COST. GRIFO TODA 1 VIDA)", "progresol_dist_m": 169.0, "puntos_criticos_1km": 15, "pc_lng": -74.9452, "pc_lat": -14.83268, "long_km": 1.00600004, "dist_min_m": 220.4, "peligro": "Inundación", "nivel": "", "fid": 80}, "geometry": {"type": "LineString", "coordinates": [[-74.945551, -14.827937], [-74.943897, -14.828732], [-74.942501, -14.835807]]}}, {"type": "Feature", "properties": {"ruta": "LM-646", "nombre": "Emp. PE-18 (Andahuasi) - Emp. PE-18 (Sayán).", "jerarquia": "departamental/vecinal", "departamento": "Lima", "provincia": "Huaura", "distrito": "", "motivo": "last_mile_progresol", "progresol_servido": "FERRETERIA PALMA", "progresol_direccion": "AV. VICTOR RAMIREZ HORNA ANDAHUASI MZA. A LOTE. 02", "progresol_dist_m": 60.4, "puntos_criticos_1km": 14, "pc_lng": -77.20132, "pc_lat": -11.14304, "long_km": 7, "dist_min_m": 3.1, "peligro": "Inundación, erosión fluvial", "nivel": "Alto", "fid": 81}, "geometry": {"type": "LineString", "coordinates": [[-77.202065, -11.13811], [-77.201431, -11.143307], [-77.206053, -11.143942], [-77.210203, -11.147779], [-77.21516, -11.147816], [-77.216882, -11.148671], [-77.216747, -11.147514], [-77.222622, -11.147652], [-77.229461, -11.146561], [-77.240698, -11.151204], [-77.24198, -11.147661], [-77.243727, -11.147889], [-77.244006, -11.149274], [-77.246253, -11.148766], [-77.24661, -11.145942]]}}, {"type": "Feature", "properties": {"ruta": "IC-646", "nombre": "Emp. PE-1S C (San Idelfonso) - Emp. IC-622.", "jerarquia": "departamental/vecinal", "departamento": "Ica", "provincia": "Ica", "distrito": "", "motivo": "last_mile_progresol", "progresol_servido": "FERRETERIA SOVELY", "progresol_direccion": "MZA. G LOTE. 08A URB. PALAZUELOS  (A 1CASA DEL JARDIN - EN LA MISMA AVENI", "progresol_dist_m": 667.2, "puntos_criticos_1km": 14, "pc_lng": -75.72843, "pc_lat": -14.0486, "long_km": 2.74399996, "dist_min_m": 14.2, "peligro": "Inundación", "nivel": "", "fid": 82}, "geometry": {"type": "LineString", "coordinates": [[-75.726512, -14.055426], [-75.727948, -14.051616], [-75.728807, -14.044449], [-75.729121, -14.035718], [-75.728471, -14.030985]]}}, {"type": "Feature", "properties": {"ruta": "PE-1SC", "nombre": "Emp. PE-1S (Pte. Los Maestros) - Ica (Acomayo – Miguel Grau – Armando Revoredo) - La Tinguiña - San Jose de Los Molinos - Huamani - Ramadillas - Dv. Ayaviri - Tambo - Emp. PE-28 A (Huaytara)", "jerarquia": "nacional", "departamento": "Ica", "provincia": " ", "distrito": "", "motivo": "last_mile_progresol", "progresol_servido": "FERRETERIA MAX", "progresol_direccion": "PROLONG. GRAU 240 ", "progresol_dist_m": 415.5, "puntos_criticos_1km": 14, "pc_lng": -75.72242, "pc_lat": -14.06701, "long_km": 0.6399999900000001, "dist_min_m": 56.2, "peligro": "Inundación", "nivel": "", "fid": 83}, "geometry": {"type": "LineString", "coordinates": [[-75.720525, -14.069897], [-75.722579, -14.065345]]}}, {"type": "Feature", "properties": {"ruta": "PE-22", "nombre": "Emp. PE-1N (I.V. La Menacho) – Pte. Carlos Graña – I.V. Huachipa - Pte. Huachipa – Dv. Sta. Anita (Av. Las Torres – Av. Nicolas Ayllón) - Sta. Clara - Pte. Los Angeles - Chosica (Av. Nicolas Ayllón) - Ricardo Palma - Pte. Ricardo Palma - Pte.", "jerarquia": "nacional", "departamento": "Lima", "provincia": " ", "distrito": "", "motivo": "last_mile_progresol", "progresol_servido": "FERRETERIA EL BOSQUE", "progresol_direccion": "MZA. A-3 LOTE. 04 A.V. LA RINCONADA ", "progresol_dist_m": 2577.5, "puntos_criticos_1km": 14, "pc_lng": -76.74201, "pc_lat": -11.96549, "long_km": 0.6809999900000001, "dist_min_m": 142.1, "peligro": "Inundación", "nivel": null, "fid": 84}, "geometry": {"type": "LineString", "coordinates": [[-76.743318, -11.965536], [-76.738294, -11.96189]]}}, {"type": "Feature", "properties": {"ruta": "PE-1N", "nombre": "I.V. Santa Anita - I.V. Huacho - Chimbote - Ov. La Marina (PE-10 A) - Ov. El Milagro - Paiján - Mocupe - Reque - Chiclayo - Lambayeque - Pte. Grau - Pte. Sullana Dv. Talara - Máncora - Zorritos - Tumbes - Pte. Internacional de La Paz (fr. Ecuador).", "jerarquia": "nacional", "departamento": "Lima", "provincia": " ", "distrito": "", "motivo": "last_mile_progresol", "progresol_servido": "FERRETERIA GRAMADALES", "progresol_direccion": "AV. MARISCAL SUCRE MZ. C LT. 4 ", "progresol_dist_m": 2794.9, "puntos_criticos_1km": 14, "pc_lng": -77.23983, "pc_lat": -11.60734, "long_km": 2.96700001, "dist_min_m": 4.5, "peligro": "Inundación", "nivel": null, "fid": 85}, "geometry": {"type": "LineString", "coordinates": [[-77.230059, -11.61293], [-77.232059, -11.61313], [-77.234339, -11.611913], [-77.25176, -11.59789]]}}, {"type": "Feature", "properties": {"ruta": "PE-24", "nombre": "Emp. PE-1S (Dv. San Vicente de Cañete) – Dv. Quilmana - Imperial - Pontón Socsi - Lunahuana - Zúñiga - Catahuasi - Dv. Yauyos - Tomas - Abra Negro Bueno - San José de Quero - Colpa - Chupaca - Pte. La Breña - Pilcomayo (PE-3SB) - Emp. PE-3S (El T", "jerarquia": "nacional", "departamento": "Junín", "provincia": " ", "distrito": "", "motivo": "last_mile_progresol", "progresol_servido": "FERRETERIA INCOMEY", "progresol_direccion": "AV ARGENTINA S/N FRENTE AL MERCADO ", "progresol_dist_m": 128.7, "puntos_criticos_1km": 14, "pc_lng": -75.2722, "pc_lat": -12.057, "long_km": 4.146999839999999, "dist_min_m": 11.8, "peligro": "Inundación, flujo de detritos, erosión", "nivel": "Alto", "fid": 86}, "geometry": {"type": "LineString", "coordinates": [[-75.282845, -12.053966], [-75.277102, -12.054893], [-75.271125, -12.057172], [-75.245634, -12.053105]]}}, {"type": "Feature", "properties": {"ruta": "LM-838", "nombre": "Emp. PE-22 A - Emp. PE-22 A (La Capilla).", "jerarquia": "departamental/vecinal", "departamento": "Lima", "provincia": "Cañete", "distrito": "", "motivo": "last_mile_progresol", "progresol_servido": "FERRETERIA PERU CONSTRUCTOR DEL SUR", "progresol_direccion": "OTR.ANEXO LA HUACA NRO. S/N  LOSSIO PREDIO RUSTICO EL PINO ANEXO LA HUACA", "progresol_dist_m": 2282.5, "puntos_criticos_1km": 13, "pc_lng": -76.50251, "pc_lat": -12.52169, "long_km": 3.4000000999999997, "dist_min_m": 59.5, "peligro": "Inundación, erosión fluvial", "nivel": "Alto", "fid": 87}, "geometry": {"type": "LineString", "coordinates": [[-76.497717, -12.523602], [-76.496954, -12.522335], [-76.497642, -12.521013], [-76.50127, -12.52135], [-76.510111, -12.520226], [-76.514493, -12.520972], [-76.52434, -12.524733]]}}, {"type": "Feature", "properties": {"ruta": "AP-560", "nombre": "Emp. PE-3S (San Jerónimo) - Emp. PE-3S (Andahuaylas) - Emp. AP-102 (Talavera).", "jerarquia": "departamental/vecinal", "departamento": "Apurímac", "provincia": "Andahuaylas", "distrito": "", "motivo": "last_mile_progresol", "progresol_servido": "DISTRIBUIDORA CHUMBAO", "progresol_direccion": "AV. CONFRATERNIDAD NRO. 1060 (FT A CASA LINDA)", "progresol_dist_m": 7.0, "puntos_criticos_1km": 13, "pc_lng": -73.3952, "pc_lat": -13.65996, "long_km": 4.55999994, "dist_min_m": 17.6, "peligro": "Inundación, Erosión Fluvial", "nivel": "Alto", "fid": 88}, "geometry": {"type": "LineString", "coordinates": [[-73.428738, -13.654082], [-73.41575, -13.658567], [-73.400335, -13.65886], [-73.396204, -13.659959], [-73.388822, -13.658354]]}}, {"type": "Feature", "properties": {"ruta": "R", "nombre": "Emp. PE-1S - Emp. IC-107", "jerarquia": "departamental/vecinal", "departamento": "Ica", "provincia": "Ica", "distrito": "", "motivo": "last_mile_progresol", "progresol_servido": "FERRETERIA CAHUA", "progresol_direccion": "PP.JJ . CONFRATERNIDAD  A-25 ", "progresol_dist_m": 768.3, "puntos_criticos_1km": 13, "pc_lng": -75.71415, "pc_lat": -14.10302, "long_km": 1.62899995, "dist_min_m": 224.5, "peligro": "Inundación", "nivel": "", "fid": 89}, "geometry": {"type": "LineString", "coordinates": [[-75.717928, -14.090487], [-75.715119, -14.090257], [-75.714515, -14.090833], [-75.714111, -14.093468], [-75.715028, -14.095547], [-75.715492, -14.101476]]}}, {"type": "Feature", "properties": {"ruta": "IC-658", "nombre": "Emp. PE-1S C (Acomayo) - Emp. IC-655.", "jerarquia": "departamental/vecinal", "departamento": "Ica", "provincia": "Ica", "distrito": "", "motivo": "last_mile_progresol", "progresol_servido": "FERRETERIA MAX", "progresol_direccion": "PROLONG. GRAU 240 ", "progresol_dist_m": 603.1, "puntos_criticos_1km": 13, "pc_lng": -75.72242, "pc_lat": -14.06701, "long_km": 0.435, "dist_min_m": 63.0, "peligro": "Inundación", "nivel": "", "fid": 90}, "geometry": {"type": "LineString", "coordinates": [[-75.72184, -14.067072], [-75.717969, -14.066415]]}}, {"type": "Feature", "properties": {"ruta": "PE-22", "nombre": "Emp. PE-1N (I.V. La Menacho) – Pte. Carlos Graña – I.V. Huachipa - Pte. Huachipa – Dv. Sta. Anita (Av. Las Torres – Av. Nicolas Ayllón) - Sta. Clara - Pte. Los Angeles - Chosica (Av. Nicolas Ayllón) - Ricardo Palma - Pte. Ricardo Palma - Pte.", "jerarquia": "nacional", "departamento": "Lima", "provincia": " ", "distrito": "", "motivo": "last_mile_progresol", "progresol_servido": "CONSORCIO HUACHIPA", "progresol_direccion": "MZA. L LOTE. 4 ASOC.DIG.NACIONAL  (AV.CIRCUNVALACION)", "progresol_dist_m": 65.6, "puntos_criticos_1km": 13, "pc_lng": -76.90061, "pc_lat": -12.01479, "long_km": 0.41000000000000003, "dist_min_m": 158.5, "peligro": "Inundación, erosión fluvial", "nivel": "Muy alto", "fid": 91}, "geometry": {"type": "LineString", "coordinates": [[-76.905279, -12.01543], [-76.901688, -12.013836]]}}, {"type": "Feature", "properties": {"ruta": "PE-1N", "nombre": "I.V. Santa Anita - I.V. Huacho - Chimbote - Ov. La Marina (PE-10 A) - Ov. El Milagro - Paiján - Mocupe - Reque - Chiclayo - Lambayeque - Pte. Grau - Pte. Sullana Dv. Talara - Máncora - Zorritos - Tumbes - Pte. Internacional de La Paz (fr. Ecuador).", "jerarquia": "nacional", "departamento": "Lima", "provincia": " ", "distrito": "", "motivo": "last_mile_progresol", "progresol_servido": "DON FERRO SAC", "progresol_direccion": "CAL ALAMEDA MZA. D LOTE 14 URB. ALAMEDA DE EL PINAR 3ERA ETAPA", "progresol_dist_m": 806.7, "puntos_criticos_1km": 13, "pc_lng": -77.06564, "pc_lat": -11.90407, "long_km": 0.50300002, "dist_min_m": 246.2, "peligro": "Inundación, erosión fluvial", "nivel": "Muy alto", "fid": 92}, "geometry": {"type": "LineString", "coordinates": [[-77.068246, -11.90442], [-77.067689, -11.899999]]}}, {"type": "Feature", "properties": {"ruta": "PE-22", "nombre": "Emp. PE-1N (I.V. La Menacho) – Pte. Carlos Graña – I.V. Huachipa - Pte. Huachipa – Dv. Sta. Anita (Av. Las Torres – Av. Nicolas Ayllón) - Sta. Clara - Pte. Los Angeles - Chosica (Av. Nicolas Ayllón) - Ricardo Palma - Pte. Ricardo Palma - Pte.", "jerarquia": "nacional", "departamento": "Lima", "provincia": " ", "distrito": "", "motivo": "last_mile_progresol", "progresol_servido": "FERRETERIA SANTA CLARA", "progresol_direccion": "AV SAN MARTIN DE PORRES 303 URB SAN ", "progresol_dist_m": 450.0, "puntos_criticos_1km": 13, "pc_lng": -76.88055, "pc_lat": -12.00961, "long_km": 0.5749999900000001, "dist_min_m": 387.2, "peligro": "Erosión fluvial", "nivel": "Muy alto", "fid": 93}, "geometry": {"type": "LineString", "coordinates": [[-76.885588, -12.014685], [-76.880567, -12.013096]]}}, {"type": "Feature", "properties": {"ruta": "PE-1N", "nombre": "I.V. Santa Anita - I.V. Huacho - Chimbote - Ov. La Marina (PE-10 A) - Ov. El Milagro - Paiján - Mocupe - Reque - Chiclayo - Lambayeque - Pte. Grau - Pte. Sullana Dv. Talara - Máncora - Zorritos - Tumbes - Pte. Internacional de La Paz (fr. Ecuador).", "jerarquia": "nacional", "departamento": "Lima", "provincia": " ", "distrito": "", "motivo": "last_mile_progresol", "progresol_servido": "DON FERRO SAC", "progresol_direccion": "CAL ALAMEDA MZA. D LOTE 14 URB. ALAMEDA DE EL PINAR 3ERA ETAPA", "progresol_dist_m": 854.7, "puntos_criticos_1km": 13, "pc_lng": -77.06894, "pc_lat": -11.90871, "long_km": 0.219, "dist_min_m": 277.5, "peligro": "Inundación, erosión fluvial", "nivel": "Muy alto", "fid": 94}, "geometry": {"type": "LineString", "coordinates": [[-77.069078, -11.90622], [-77.068246, -11.90442]]}}, {"type": "Feature", "properties": {"ruta": "PE-1N", "nombre": "I.V. Santa Anita - I.V. Huacho - Chimbote - Ov. La Marina (PE-10 A) - Ov. El Milagro - Paiján - Mocupe - Reque - Chiclayo - Lambayeque - Pte. Grau - Pte. Sullana Dv. Talara - Máncora - Zorritos - Tumbes - Pte. Internacional de La Paz (fr. Ecuador).", "jerarquia": "nacional", "departamento": "Lima", "provincia": " ", "distrito": "", "motivo": "last_mile_progresol", "progresol_servido": "FERRETERIA SULCA SANCHEZ", "progresol_direccion": "JR.LIBERTAD 107 ", "progresol_dist_m": 466.0, "puntos_criticos_1km": 13, "pc_lng": -77.02526, "pc_lat": -12.04357, "long_km": 2.06800008, "dist_min_m": 46.1, "peligro": "Inundación", "nivel": null, "fid": 95}, "geometry": {"type": "LineString", "coordinates": [[-77.009509, -12.034357], [-77.018118, -12.040957], [-77.02251, -12.042905], [-77.025696, -12.043141]]}}, {"type": "Feature", "properties": {"ruta": "PE-1S", "nombre": "I.V. Santa Anita - Chincha Alta - Ica - Nazca - Dv. Camaná - Dv. Quilca (PE-1S D) - La Repartición (Dv. Arequipa) - Dv. Pto. Matarani (PE- 34) - La Joya - Dv. Moquegua (PE-36 A) - Dv. Ilo (PE-36) - Tacna (PE-38) - La Concordia (fr. Chile).", "jerarquia": "nacional", "departamento": "Ica", "provincia": " ", "distrito": "", "motivo": "last_mile_progresol", "progresol_servido": "FERRETERIA CAHUA", "progresol_direccion": "PP.JJ . CONFRATERNIDAD  A-25 ", "progresol_dist_m": 896.5, "puntos_criticos_1km": 13, "pc_lng": -75.71857, "pc_lat": -14.09468, "long_km": 1.2999999500000001, "dist_min_m": 146.8, "peligro": null, "nivel": "", "fid": 96}, "geometry": {"type": "LineString", "coordinates": [[-75.717396, -14.093552], [-75.716551, -14.099271], [-75.717846, -14.105098]]}}, {"type": "Feature", "properties": {"ruta": "LM-845", "nombre": "Emp. PE-22 A (La Huaca) - Emp. LM-843 (San Antonio).", "jerarquia": "departamental/vecinal", "departamento": "Lima", "provincia": "Cañete", "distrito": "", "motivo": "last_mile_progresol", "progresol_servido": "FERRETERIA CAROLINA", "progresol_direccion": "PJ. BENJAMIN DOIG LOSSIO MZA. J LOTE. 27 (ALTURA DEL MERCADO DE PUCUSANA", "progresol_dist_m": 1257.5, "puntos_criticos_1km": 12, "pc_lng": -76.65011, "pc_lat": -12.66209, "long_km": 3.21000004, "dist_min_m": 3.6, "peligro": "", "nivel": "", "fid": 97}, "geometry": {"type": "LineString", "coordinates": [[-76.642352, -12.667909], [-76.650631, -12.662173], [-76.651658, -12.659703], [-76.648704, -12.644036]]}}, {"type": "Feature", "properties": {"ruta": "LM-679", "nombre": "Emp. PE-1N B - La Huaca - San José - Aucallama - Emp. PE-1N B.", "jerarquia": "departamental/vecinal", "departamento": "Lima", "provincia": "Huaral", "distrito": "", "motivo": "last_mile_progresol", "progresol_servido": "INVERSIONES SAN CRISTOBAL", "progresol_direccion": "OTR.SCT. JESUS DEL VALLE LOTE. 11 HAC. JESUS DEL VALLE", "progresol_dist_m": 1615.9, "puntos_criticos_1km": 12, "pc_lng": -77.1872, "pc_lat": -11.52596, "long_km": 5.44000006, "dist_min_m": 4.2, "peligro": "Inundación, flujo de detritos", "nivel": "Muy alto", "fid": 98}, "geometry": {"type": "LineString", "coordinates": [[-77.179203, -11.559296], [-77.181759, -11.547148], [-77.186279, -11.537056], [-77.185989, -11.530748], [-77.187183, -11.526011], [-77.190978, -11.526067], [-77.196498, -11.528801], [-77.199219, -11.526315]]}}, {"type": "Feature", "properties": {"ruta": "LM-844", "nombre": "Emp. LM-841 - Emp. LM-843 (San Antonio).", "jerarquia": "departamental/vecinal", "departamento": "Lima", "provincia": "Cañete", "distrito": "", "motivo": "last_mile_progresol", "progresol_servido": "FERRETERIA SAN VICENTE DE AZPITIA", "progresol_direccion": "AV. PEDRO ABURTO NRO. 108 SANTA CRU ", "progresol_dist_m": 563.3, "puntos_criticos_1km": 12, "pc_lng": -76.64057, "pc_lat": -12.64184, "long_km": 2.72000003, "dist_min_m": 663.1, "peligro": "", "nivel": null, "fid": 99}, "geometry": {"type": "LineString", "coordinates": [[-76.649929, -12.642543], [-76.648249, -12.641931], [-76.646287, -12.639689], [-76.640678, -12.62771], [-76.640288, -12.624331], [-76.642453, -12.623205]]}}, {"type": "Feature", "properties": {"ruta": "HU-1025", "nombre": "EMP. PE-3N - CHICCHUY - EMP. HU-1024.", "jerarquia": "departamental/vecinal", "departamento": "Huánuco", "provincia": "Huánuco", "distrito": "", "motivo": "last_mile_progresol", "progresol_servido": "FERRETERIA KEVIN", "progresol_direccion": "CARRETERA CENTRAL KM 7.5YANAGROSAVE ", "progresol_dist_m": 1307.1, "puntos_criticos_1km": 12, "pc_lng": -76.24479, "pc_lat": -9.9813, "long_km": 0.15800001, "dist_min_m": 3.1, "peligro": "Inundación, Erosión fluvial", "nivel": "Muy Alto", "fid": 100}, "geometry": {"type": "LineString", "coordinates": [[-76.245102, -9.981218], [-76.243706, -9.981489]]}}, {"type": "Feature", "properties": {"ruta": "LM-797", "nombre": "Emp. PE-1S (Arica) - Lurin - Dv. Pachacamac - Pachacamac - Manchay - Emp. LM-119.", "jerarquia": "departamental/vecinal", "departamento": "Lima", "provincia": "Lima", "distrito": "", "motivo": "last_mile_progresol", "progresol_servido": "FERRETERIA CHALITO", "progresol_direccion": "AV. SAN MARTIN MZA. H LOTE. 03 C.P. ", "progresol_dist_m": 2451.9, "puntos_criticos_1km": 12, "pc_lng": -76.83259, "pc_lat": -12.1456, "long_km": 3.04999995, "dist_min_m": 24.6, "peligro": "Erosión fluvial", "nivel": "Muy Alto", "fid": 101}, "geometry": {"type": "LineString", "coordinates": [[-76.832434, -12.145756], [-76.83146, -12.145605], [-76.83085, -12.143666], [-76.828134, -12.142473], [-76.825494, -12.138694], [-76.823373, -12.137605], [-76.822412, -12.135351], [-76.81904, -12.131731], [-76.81307, -12.12868]]}}, {"type": "Feature", "properties": {"ruta": "AN-667", "nombre": "Emp. AN-108 - Matibamba - Arhuay.", "jerarquia": "departamental/vecinal", "departamento": "Áncash", "provincia": "Huari", "distrito": "", "motivo": "last_mile_progresol", "progresol_servido": "INVERSIONES JM FAMASA IMPORT Y EXPORT S.A.C.", "progresol_direccion": "AV. PRIMAVERA NRO. S/N ", "progresol_dist_m": 1698.6, "puntos_criticos_1km": 12, "pc_lng": -77.07993, "pc_lat": -9.35817, "long_km": 7.579999920000001, "dist_min_m": 64.8, "peligro": "Inundación, Erosión fluvial", "nivel": "Alto", "fid": 102}, "geometry": {"type": "LineString", "coordinates": [[-77.080347, -9.357731], [-77.081464, -9.358936], [-77.079079, -9.355786], [-77.079928, -9.356197], [-77.07837, -9.35288], [-77.077209, -9.351965], [-77.076727, -9.347393], [-77.07309, -9.349593], [-77.070237, -9.348778], [-77.072122, -9.349066], [-77.071373, -9.347027], [-77.072052, -9.346472], [-77.071152, -9.346604], [-77.071212, -9.346016], [-77.070662, -9.346868], [-77.070604, -9.34469], [-77.072527, -9.343667], [-77.069944, -9.34398], [-77.071672, -9.34369], [-77.073619, -9.34206], [-77.071449, -9.342959], [-77.071816, -9.341863], [-77.070872, -9.342393], [-77.07173, -9.341267], [-77.070123, -9.341954], [-77.07319, -9.340255], [-77.076221, -9.340328], [-77.07756, -9.338982], [-77.076532, -9.339151]]}}, {"type": "Feature", "properties": {"ruta": "JU-1102", "nombre": "Emp. JU-1098 - Hualianta - Chimpamarca.", "jerarquia": "departamental/vecinal", "departamento": "Junín", "provincia": "Concepción", "distrito": "", "motivo": "last_mile_progresol", "progresol_servido": "FERRETERIA CADEMA", "progresol_direccion": "CARRETERA CENTRAL 1696 ", "progresol_dist_m": 2876.8, "puntos_criticos_1km": 12, "pc_lng": -75.3288, "pc_lat": -11.88403, "long_km": 0.9300000100000001, "dist_min_m": 562.2, "peligro": "Erosión fluvial", "nivel": "Muy alto", "fid": 103}, "geometry": {"type": "LineString", "coordinates": [[-75.322783, -11.895464], [-75.323399, -11.892217], [-75.325509, -11.887929]]}}, {"type": "Feature", "properties": {"ruta": "PE-20A", "nombre": "Emp. PE-1N (Dv. Trapiche) - Yangas -  Dv. Sta. Rosa de Quives - Canta - Abra La Viuda - Abra La Cruzada - Huayllay – Cochamarca – Vicco - Emp.PE-3N (Villa de Pasco)", "jerarquia": "nacional", "departamento": "Lima", "provincia": " ", "distrito": "", "motivo": "last_mile_progresol", "progresol_servido": "PROGRESOL HUASCARAN", "progresol_direccion": "AV. TRAPICHE CHILLON MZA. F LOTE. 1 (PDRO.OF.LINEA 78)", "progresol_dist_m": 34.2, "puntos_criticos_1km": 12, "pc_lng": -77.07731, "pc_lat": -11.92795, "long_km": 5.46799994, "dist_min_m": 659.4, "peligro": "Inundación", "nivel": null, "fid": 104}, "geometry": {"type": "LineString", "coordinates": [[-77.072279, -11.931637], [-77.071831, -11.930752], [-77.067465, -11.929361], [-77.065471, -11.927397], [-77.04492, -11.89149]]}}, {"type": "Feature", "properties": {"ruta": "PE-1S", "nombre": "I.V. Santa Anita - Chincha Alta - Ica - Nazca - Dv. Camaná - Dv. Quilca (PE-1S D) - La Repartición (Dv. Arequipa) - Dv. Pto. Matarani (PE- 34) - La Joya - Dv. Moquegua (PE-36 A) - Dv. Ilo (PE-36) - Tacna (PE-38) - La Concordia (fr. Chile).", "jerarquia": "nacional", "departamento": "Ica", "provincia": " ", "distrito": "", "motivo": "last_mile_progresol", "progresol_servido": "MAKAFI", "progresol_direccion": "AV. LOS LIBERTADORES NRO. 911 (A 1 CDR I.E JOSE CARLOS MARIATEGUI)", "progresol_dist_m": 625.2, "puntos_criticos_1km": 12, "pc_lng": -76.15892, "pc_lat": -13.68738, "long_km": 0.9580000000000001, "dist_min_m": 443.0, "peligro": "Inundación, erosión", "nivel": "", "fid": 105}, "geometry": {"type": "LineString", "coordinates": [[-76.158577, -13.675912], [-76.159797, -13.683492]]}}, {"type": "Feature", "properties": {"ruta": "PE-22A", "nombre": "Emp. PE-1S (I.V. Mala) - Calango - La Capilla - San Juan de Viscas – Alloca  Huancata – Sangallaya - San Lorenzo de Quinti - San Juan de Tantarache – Carhuapampa – Chicllapata – Chayanca – Yuracmayo – Emp. PE-22 (Río Blanco)", "jerarquia": "nacional", "departamento": "Lima", "provincia": " ", "distrito": "", "motivo": "last_mile_progresol", "progresol_servido": "FERRETERIA PERU CONSTRUCTOR DEL SUR", "progresol_direccion": "OTR.ANEXO LA HUACA NRO. S/N  LOSSIO PREDIO RUSTICO EL PINO ANEXO LA HUACA", "progresol_dist_m": 2804.2, "puntos_criticos_1km": 12, "pc_lng": -76.50605, "pc_lat": -12.5221, "long_km": 2.38800001, "dist_min_m": 122.3, "peligro": "Flujo de detritos", "nivel": "Alto", "fid": 106}, "geometry": {"type": "LineString", "coordinates": [[-76.519481, -12.525705], [-76.510186, -12.523271], [-76.499006, -12.523344]]}}, {"type": "Feature", "properties": {"ruta": "PE-14A", "nombre": "Emp. PE-3N (Huaraz) - Anyanga (PE-14 B) - Huantar - Succha - Pte. Pomachaca (PE-14 B) - Masin - Pte. Rahuapampa - Dv. Llamellín - Anra - Uco - Dv. Paucas - Huacaybamba - Cochabamba - Arancay - Jircan - Carpa - Monzón - Tasogrande - Sachavaca - Emp. PE-", "jerarquia": "nacional", "departamento": "Áncash", "provincia": " ", "distrito": "", "motivo": "last_mile_progresol", "progresol_servido": "INVERSIONES JM FAMASA IMPORT Y EXPORT S.A.C.", "progresol_direccion": "AV. PRIMAVERA NRO. S/N ", "progresol_dist_m": 365.2, "puntos_criticos_1km": 12, "pc_lng": -77.08224, "pc_lat": -9.36076, "long_km": 1.28600001, "dist_min_m": 8.3, "peligro": "Inundación, Erosión fluvial", "nivel": "Alto", "fid": 107}, "geometry": {"type": "LineString", "coordinates": [[-77.09202, -9.365412], [-77.086981, -9.363848], [-77.082454, -9.360675], [-77.082142, -9.36117]]}}, {"type": "Feature", "properties": {"ruta": "PE-3N", "nombre": "Repartición La Oroya (PE-22) - Huánuco (PE-18 A) - Conococha (PE-16) - Huaraz (PE-14 y PE-14 A) - Santiago de Chuco - Cajabamba - Cajamarca (PE-08 y PE-08 B) - Bambamarca - Cutervo (PE-3N C) - Huancabamba (PE-02 A) - Vado Grande (Fr. Ecuador)", "jerarquia": "nacional", "departamento": "Huánuco", "provincia": " ", "distrito": "", "motivo": "last_mile_progresol", "progresol_servido": "FERRETERIA KEVIN", "progresol_direccion": "CARRETERA CENTRAL KM 7.5YANAGROSAVE ", "progresol_dist_m": 1444.4, "puntos_criticos_1km": 12, "pc_lng": -76.24479, "pc_lat": -9.9813, "long_km": 0.12899999, "dist_min_m": 99.6, "peligro": "Inundación, Erosión fluvial", "nivel": "Muy Alto", "fid": 108}, "geometry": {"type": "LineString", "coordinates": [[-76.244782, -9.980405], [-76.244552, -9.979262]]}}, {"type": "Feature", "properties": {"ruta": "PE-18A", "nombre": "Emp. PE-3N (Ovalo Cayhuana) Av Universitaria - Pte. Huallaga - Pte. Rancho - Acomayo - Pte. Cayumba - Las Palmas - Tingo María (PE-14 A) - Emp. PE-5N (Pte. Pumahuasi)", "jerarquia": "nacional", "departamento": "Huánuco", "provincia": " ", "distrito": "", "motivo": "last_mile_progresol", "progresol_servido": "FERRETERIA VARGAS", "progresol_direccion": "AV.UNIVERSITARIA MZA. D LOTE 12 URB ", "progresol_dist_m": 194.4, "puntos_criticos_1km": 12, "pc_lng": -76.24902, "pc_lat": -9.94696, "long_km": 1.75, "dist_min_m": 339.1, "peligro": "Inundación, flujo de detritos, erosión fluvial", "nivel": "Muy alto", "fid": 109}, "geometry": {"type": "LineString", "coordinates": [[-76.249598, -9.95251], [-76.248909, -9.950716], [-76.240889, -9.94573], [-76.23884, -9.942089]]}}, {"type": "Feature", "properties": {"ruta": "PE-1N", "nombre": "I.V. Santa Anita - I.V. Huacho - Chimbote - Ov. La Marina (PE-10 A) - Ov. El Milagro - Paiján - Mocupe - Reque - Chiclayo - Lambayeque - Pte. Grau - Pte. Sullana Dv. Talara - Máncora - Zorritos - Tumbes - Pte. Internacional de La Paz (fr. Ecuador).", "jerarquia": "nacional", "departamento": "Lima", "provincia": " ", "distrito": "", "motivo": "last_mile_progresol", "progresol_servido": "CORPORACION ALROFER E.I.R.L", "progresol_direccion": "AV. ZARUMILLA NO. 785 ", "progresol_dist_m": 35.6, "puntos_criticos_1km": 12, "pc_lng": -77.02673, "pc_lat": -12.04352, "long_km": 5.19500017, "dist_min_m": 45.1, "peligro": "Inundación", "nivel": null, "fid": 110}, "geometry": {"type": "LineString", "coordinates": [[-77.025696, -12.043141], [-77.029517, -12.04287], [-77.038278, -12.038053], [-77.049249, -12.035018], [-77.054736, -12.032478], [-77.057927, -12.028236], [-77.059679, -12.017772]]}}, {"type": "Feature", "properties": {"ruta": "PE-22", "nombre": "Emp. PE-1N (I.V. La Menacho) – Pte. Carlos Graña – I.V. Huachipa - Pte. Huachipa – Dv. Sta. Anita (Av. Las Torres – Av. Nicolas Ayllón) - Sta. Clara - Pte. Los Angeles - Chosica (Av. Nicolas Ayllón) - Ricardo Palma - Pte. Ricardo Palma - Pte.", "jerarquia": "nacional", "departamento": "Lima", "provincia": " ", "distrito": "", "motivo": "last_mile_progresol", "progresol_servido": "CONSORCIO HUACHIPA", "progresol_direccion": "MZA. L LOTE. 4 ASOC.DIG.NACIONAL  (AV.CIRCUNVALACION)", "progresol_dist_m": 416.9, "puntos_criticos_1km": 12, "pc_lng": -76.90043, "pc_lat": -12.01464, "long_km": 0.8500000200000001, "dist_min_m": 11.0, "peligro": "Inundación", "nivel": null, "fid": 111}, "geometry": {"type": "LineString", "coordinates": [[-76.901688, -12.013836], [-76.898381, -12.016254], [-76.897452, -12.018705]]}}, {"type": "Feature", "properties": {"ruta": "PE-28A", "nombre": "Emp.PE-1S E (Dv. Huaytará) - Independencia - Humay - Huáncano - Pámpano (PE 28 D) - Pte. Huaytara - Pte. Cuyahuasi - Pte. Tullpa - Pte. Dos de Mayo - Pte. Muchic - Pte. Ana Teresa - Pte. Tsej Tsi - Pte. Tranca - Huaytará - Pte. Suyacuna - Pte. Mollep", "jerarquia": "nacional", "departamento": "Ica", "provincia": " ", "distrito": "", "motivo": "last_mile_progresol", "progresol_servido": "PROGRESOL GABRIEL", "progresol_direccion": "MZA. B LOTE. 09 URB. RESID PARACAS ", "progresol_dist_m": 353.7, "puntos_criticos_1km": 12, "pc_lng": -76.15892, "pc_lat": -13.68738, "long_km": 0.35699999, "dist_min_m": 432.3, "peligro": "Inundación, erosión", "nivel": "", "fid": 112}, "geometry": {"type": "LineString", "coordinates": [[-76.159797, -13.683492], [-76.156538, -13.682127]]}}, {"type": "Feature", "properties": {"ruta": "PE-3N", "nombre": "Repartición La Oroya (PE-22) - Huánuco (PE-18 A) - Conococha (PE-16) - Huaraz (PE-14 y PE-14 A) - Santiago de Chuco - Cajabamba - Cajamarca (PE-08 y PE-08 B) - Bambamarca - Cutervo (PE-3N C) - Huancabamba (PE-02 A) - Vado Grande (Fr. Ecuador)", "jerarquia": "nacional", "departamento": "Huánuco", "provincia": " ", "distrito": "", "motivo": "last_mile_progresol", "progresol_servido": "FERRETERIA KEVIN", "progresol_direccion": "CARRETERA CENTRAL KM 7.5YANAGROSAVE ", "progresol_dist_m": 1279.4, "puntos_criticos_1km": 12, "pc_lng": -76.24488, "pc_lat": -9.98142, "long_km": 0.197, "dist_min_m": 30.7, "peligro": "Inundación, Erosión fluvial", "nivel": "Muy Alto", "fid": 113}, "geometry": {"type": "LineString", "coordinates": [[-76.245411, -9.982073], [-76.244782, -9.980405]]}}, {"type": "Feature", "properties": {"ruta": "PE-3N", "nombre": "Repartición La Oroya (PE-22) - Huánuco (PE-18 A) - Conococha (PE-16) - Huaraz (PE-14 y PE-14 A) - Santiago de Chuco - Cajabamba - Cajamarca (PE-08 y PE-08 B) - Bambamarca - Cutervo (PE-3N C) - Huancabamba (PE-02 A) - Vado Grande (Fr. Ecuador)", "jerarquia": "nacional", "departamento": "Huánuco", "provincia": " ", "distrito": "", "motivo": "last_mile_progresol", "progresol_servido": "FERRETERIA VARGAS", "progresol_direccion": "AV.UNIVERSITARIA MZA. D LOTE 12 URB ", "progresol_dist_m": 194.4, "puntos_criticos_1km": 12, "pc_lng": -76.25037, "pc_lat": -9.94269, "long_km": 1.07299995, "dist_min_m": 89.2, "peligro": "Inundación, flujo de detritos, erosión fluvial", "nivel": "Muy alto", "fid": 114}, "geometry": {"type": "LineString", "coordinates": [[-76.249598, -9.95251], [-76.252701, -9.944492], [-76.252456, -9.943299], [-76.250141, -9.94123]]}}, {"type": "Feature", "properties": {"ruta": "PE-1N", "nombre": "I.V. Santa Anita - I.V. Huacho - Chimbote - Ov. La Marina (PE-10 A) - Ov. El Milagro - Paiján - Mocupe - Reque - Chiclayo - Lambayeque - Pte. Grau - Pte. Sullana Dv. Talara - Máncora - Zorritos - Tumbes - Pte. Internacional de La Paz (fr. Ecuador).", "jerarquia": "nacional", "departamento": "Lima", "provincia": " ", "distrito": "", "motivo": "last_mile_progresol", "progresol_servido": "MALPASO VASQUEZ NEMECIO FAUSTO MALPASO", "progresol_direccion": "CL.B MZA.F LOTE. 33 ASOC CHILLON 1RA ETAPA", "progresol_dist_m": 255.0, "puntos_criticos_1km": 12, "pc_lng": -77.07467, "pc_lat": -11.91913, "long_km": 1.3279999500000002, "dist_min_m": 132.6, "peligro": "Inundación", "nivel": null, "fid": 115}, "geometry": {"type": "LineString", "coordinates": [[-77.072307, -11.931224], [-77.073458, -11.919213]]}}, {"type": "Feature", "properties": {"ruta": "LM-795", "nombre": "Emp. LM-119 - Emp. LM-117.", "jerarquia": "departamental/vecinal", "departamento": "Lima", "provincia": "Lima", "distrito": "", "motivo": "last_mile_progresol", "progresol_servido": "FERRETERIA CHALITO", "progresol_direccion": "AV. SAN MARTIN MZA. H LOTE. 03 C.P. ", "progresol_dist_m": 2265.9, "puntos_criticos_1km": 11, "pc_lng": -76.80411, "pc_lat": -12.11165, "long_km": 5.5, "dist_min_m": 186.2, "peligro": "Inundación", "nivel": null, "fid": 116}, "geometry": {"type": "LineString", "coordinates": [[-76.773547, -12.094039], [-76.773881, -12.097175], [-76.776453, -12.097571], [-76.778131, -12.100494], [-76.789644, -12.103765], [-76.794633, -12.10601], [-76.797914, -12.110622], [-76.802942, -12.112873], [-76.80314, -12.116364], [-76.808573, -12.122366]]}}, {"type": "Feature", "properties": {"ruta": "LM-841", "nombre": "Emp. PE-1S - Sta. Cruz Flores - Azpitia - Emp. LM-840.", "jerarquia": "departamental/vecinal", "departamento": "Lima", "provincia": "Cañete", "distrito": "", "motivo": "last_mile_progresol", "progresol_servido": "FERRETERIA SAN VICENTE DE AZPITIA", "progresol_direccion": "AV. PEDRO ABURTO NRO. 108 SANTA CRU ", "progresol_dist_m": 13.6, "puntos_criticos_1km": 11, "pc_lng": -76.61712, "pc_lat": -12.5864, "long_km": 12.119999889999999, "dist_min_m": 89.2, "peligro": null, "nivel": "", "fid": 117}, "geometry": {"type": "LineString", "coordinates": [[-76.647541, -12.584266], [-76.640569, -12.584235], [-76.63564, -12.586497], [-76.632799, -12.586718], [-76.632496, -12.587482], [-76.633387, -12.58821], [-76.63267, -12.588445], [-76.630254, -12.587988], [-76.623876, -12.582916], [-76.620173, -12.581872], [-76.617224, -12.583447], [-76.619041, -12.588505], [-76.623104, -12.593656], [-76.624153, -12.596597], [-76.626816, -12.599982], [-76.628378, -12.600762], [-76.631501, -12.606996], [-76.633022, -12.60785], [-76.63269, -12.609207], [-76.634582, -12.614224], [-76.640664, -12.618507], [-76.642693, -12.62384], [-76.644321, -12.625961], [-76.646666, -12.627614], [-76.647676, -12.62618], [-76.64919, -12.625958], [-76.649148, -12.624877], [-76.649748, -12.628259], [-76.651573, -12.630128], [-76.65616, -12.631158]]}}, {"type": "Feature", "properties": {"ruta": "LM-745", "nombre": "Emp. PE-22 - Ricardo Palma - Nueve  de Octubre - Pta. Carretera.", "jerarquia": "departamental/vecinal", "departamento": "Lima", "provincia": "Huarochirí", "distrito": "", "motivo": "last_mile_progresol", "progresol_servido": "GRUPO GILMAR", "progresol_direccion": "CARRETERA CENTRAL KM 38.500 ", "progresol_dist_m": 138.4, "puntos_criticos_1km": 11, "pc_lng": -76.66925, "pc_lat": -11.92319, "long_km": 0.75, "dist_min_m": 114.9, "peligro": "Inundación, Erosión fluvial", "nivel": "Alto", "fid": 118}, "geometry": {"type": "LineString", "coordinates": [[-76.661701, -11.923586], [-76.668488, -11.923902]]}}, {"type": "Feature", "properties": {"ruta": "LM-846", "nombre": "Emp. PE-1S - Emp. LM-845.", "jerarquia": "departamental/vecinal", "departamento": "Lima", "provincia": "Cañete", "distrito": "", "motivo": "last_mile_progresol", "progresol_servido": "DMC JUAN PABLO II", "progresol_direccion": "AV. PANAMERICANA NRO. 602 ", "progresol_dist_m": 1818.0, "puntos_criticos_1km": 11, "pc_lng": -76.65067, "pc_lat": -12.66222, "long_km": 1.3999999800000003, "dist_min_m": 6.8, "peligro": "", "nivel": null, "fid": 119}, "geometry": {"type": "LineString", "coordinates": [[-76.657631, -12.665485], [-76.654479, -12.668882], [-76.650942, -12.664591], [-76.650631, -12.662173]]}}, {"type": "Feature", "properties": {"ruta": "HU-1025", "nombre": "EMP. PE-3N - CHICCHUY - EMP. HU-1024.", "jerarquia": "departamental/vecinal", "departamento": "Huánuco", "provincia": "Huánuco", "distrito": "", "motivo": "last_mile_progresol", "progresol_servido": "FERRETERIA KEVIN", "progresol_direccion": "CARRETERA CENTRAL KM 7.5YANAGROSAVE ", "progresol_dist_m": 1227.5, "puntos_criticos_1km": 11, "pc_lng": -76.2368, "pc_lat": -9.98241, "long_km": 15.68000031, "dist_min_m": 68.9, "peligro": "Erosión fluvial", "nivel": "Medio", "fid": 120}, "geometry": {"type": "LineString", "coordinates": [[-76.243706, -9.981489], [-76.23918, -9.98122], [-76.23554, -9.984274], [-76.229327, -9.986835], [-76.228396, -9.98673], [-76.22797, -9.985682], [-76.226791, -9.986247], [-76.227657, -9.986888], [-76.225286, -9.987969], [-76.223216, -9.987617], [-76.218018, -9.991195], [-76.216655, -9.989789], [-76.21512, -9.989277], [-76.216153, -9.990441], [-76.211141, -9.987823], [-76.211636, -9.983184], [-76.210096, -9.984701], [-76.210231, -9.98369], [-76.208431, -9.985008], [-76.208811, -9.983981], [-76.207917, -9.982225], [-76.207169, -9.984126], [-76.206084, -9.982914], [-76.203764, -9.982914], [-76.203979, -9.979583], [-76.2028, -9.983267], [-76.202561, -9.982245], [-76.201484, -9.982216], [-76.201353, -9.980578], [-76.200038, -9.981605], [-76.200429, -9.9828], [-76.19946, -9.984434], [-76.198618, -9.981572], [-76.196512, -9.979569], [-76.19565, -9.979989], [-76.196822, -9.982272], [-76.195267, -9.982739], [-76.194815, -9.984409], [-76.193619, -9.983634], [-76.194393, -9.981962], [-76.193222, -9.980924], [-76.191705, -9.980567], [-76.192681, -9.982301], [-76.191631, -9.982644], [-76.191465, -9.981428], [-76.189255, -9.980077], [-76.189867, -9.981635], [-76.188174, -9.980159], [-76.187457, -9.979342], [-76.188672, -9.978737], [-76.188215, -9.978119], [-76.189069, -9.977198], [-76.187411, -9.974622], [-76.187566, -9.971887], [-76.188948, -9.970944], [-76.190784, -9.967696], [-76.193481, -9.967728]]}}, {"type": "Feature", "properties": {"ruta": "HU-1026", "nombre": "EMP. HU-1025 (COLLPA) - QUITA SOL - MOYOPUCRO - EMP. HU-1024.", "jerarquia": "departamental/vecinal", "departamento": "Huánuco", "provincia": "Huánuco", "distrito": "", "motivo": "last_mile_progresol", "progresol_servido": "FERRETERIA KEVIN", "progresol_direccion": "CARRETERA CENTRAL KM 7.5YANAGROSAVE ", "progresol_dist_m": 1340.9, "puntos_criticos_1km": 11, "pc_lng": -76.2368, "pc_lat": -9.98241, "long_km": 6.257999900000001, "dist_min_m": 113.7, "peligro": "Erosión fluvial", "nivel": "Medio", "fid": 121}, "geometry": {"type": "LineString", "coordinates": [[-76.240062, -9.981304], [-76.239041, -9.980817], [-76.238904, -9.979484], [-76.236021, -9.981664], [-76.234924, -9.980783], [-76.233029, -9.982699], [-76.228785, -9.983265], [-76.228207, -9.981865], [-76.229926, -9.981847], [-76.23059, -9.979881], [-76.229478, -9.98083], [-76.228464, -9.980557], [-76.228656, -9.979012], [-76.226978, -9.977739], [-76.226858, -9.976666], [-76.229842, -9.975122], [-76.230506, -9.975684], [-76.229651, -9.974006], [-76.231807, -9.974557], [-76.229274, -9.971702], [-76.227827, -9.972845], [-76.223546, -9.971705], [-76.22235, -9.972445], [-76.222082, -9.971316], [-76.220724, -9.972879], [-76.221046, -9.971787]]}}, {"type": "Feature", "properties": {"ruta": "IC-576", "nombre": "Emp. IC-574 - Río Pisco.", "jerarquia": "departamental/vecinal", "departamento": "Ica", "provincia": "Pisco", "distrito": "", "motivo": "last_mile_progresol", "progresol_servido": "DISTRIBUIDORA Y FERRETERIA TOTO", "progresol_direccion": "CAL.LAS TROTUGAS MZA. B LOTE. 04 URB. SANTA MONICA", "progresol_dist_m": 1933.2, "puntos_criticos_1km": 11, "pc_lng": -76.13366, "pc_lat": -13.69135, "long_km": 1.13, "dist_min_m": 222.6, "peligro": "Inundación", "nivel": "", "fid": 122}, "geometry": {"type": "LineString", "coordinates": [[-76.133425, -13.703306], [-76.133109, -13.693281]]}}, {"type": "Feature", "properties": {"ruta": "IC-655", "nombre": "Emp. IC-107 (El Arenal) - La Salcedo - Los Escates.", "jerarquia": "departamental/vecinal", "departamento": "Ica", "provincia": "Ica", "distrito": "", "motivo": "last_mile_progresol", "progresol_servido": "CAPITAL RBG SERVICIOS GENERALES E.I ", "progresol_direccion": "AV. MIGUEL GRAU NRO. 459 C.P. PARCONA (A 20 METROS DEL GIMNASIO)", "progresol_dist_m": 337.0, "puntos_criticos_1km": 11, "pc_lng": -75.72329, "pc_lat": -14.06439, "long_km": 0.7689999900000001, "dist_min_m": 868.3, "peligro": "Inundación", "nivel": "", "fid": 123}, "geometry": {"type": "LineString", "coordinates": [[-75.716446, -14.059983], [-75.712982, -14.065885]]}}, {"type": "Feature", "properties": {"ruta": "IC-655", "nombre": "Emp. IC-107 (El Arenal) - La Salcedo - Los Escates.", "jerarquia": "departamental/vecinal", "departamento": "Ica", "provincia": "Ica", "distrito": "", "motivo": "last_mile_progresol", "progresol_servido": "CAPITAL RBG SERVICIOS GENERALES E.I ", "progresol_direccion": "AV. MIGUEL GRAU NRO. 459 C.P. PARCONA (A 20 METROS DEL GIMNASIO)", "progresol_dist_m": 338.8, "puntos_criticos_1km": 11, "pc_lng": -75.72418, "pc_lat": -14.06244, "long_km": 1.27100003, "dist_min_m": 877.4, "peligro": "Inundación, Erosión fluvial", "nivel": "Muy alto", "fid": 124}, "geometry": {"type": "LineString", "coordinates": [[-75.716446, -14.059983], [-75.716754, -14.058246], [-75.7123, -14.056714], [-75.711782, -14.055444], [-75.712608, -14.052124]]}}, {"type": "Feature", "properties": {"ruta": "R", "nombre": "PE-1S - SAN MARCELO", "jerarquia": "departamental/vecinal", "departamento": "Ica", "provincia": "Nasca", "distrito": "", "motivo": "last_mile_progresol", "progresol_servido": "FERRETERIA FERP", "progresol_direccion": "CALLE LIMA NRO. 316 (FTE A TELEFONICA)", "progresol_dist_m": 420.6, "puntos_criticos_1km": 11, "pc_lng": -74.94543, "pc_lat": -14.83252, "long_km": 2.0999999, "dist_min_m": 178.5, "peligro": "", "nivel": "", "fid": 125}, "geometry": {"type": "LineString", "coordinates": [[-74.943586, -14.830254], [-74.95142, -14.83158], [-74.960354, -14.827048], [-74.961638, -14.827367]]}}, {"type": "Feature", "properties": {"ruta": "PE-1N", "nombre": "I.V. Santa Anita - I.V. Huacho - Chimbote - Ov. La Marina (PE-10 A) - Ov. El Milagro - Paiján - Mocupe - Reque - Chiclayo - Lambayeque - Pte. Grau - Pte. Sullana Dv. Talara - Máncora - Zorritos - Tumbes - Pte. Internacional de La Paz (fr. Ecuador).", "jerarquia": "nacional", "departamento": "Lima", "provincia": " ", "distrito": "", "motivo": "last_mile_progresol", "progresol_servido": "FERRETERIA SOY DE ACERO", "progresol_direccion": "AV JOSE CARLOS MARIATEGUI 2457 COO. (ALTURA DE PUENTE NUEVO)", "progresol_dist_m": 236.6, "puntos_criticos_1km": 11, "pc_lng": -77.00117, "pc_lat": -12.02828, "long_km": 1.6219999800000002, "dist_min_m": 200.5, "peligro": "Erosión fluvial", "nivel": "Muy alto", "fid": 126}, "geometry": {"type": "LineString", "coordinates": [[-76.995849, -12.029117], [-76.998135, -12.029047], [-77.00433, -12.031374], [-77.009509, -12.034357]]}}, {"type": "Feature", "properties": {"ruta": "PE-14A", "nombre": "Emp. PE-3N (Huaraz) - Anyanga (PE-14 B) - Huantar - Succha - Pte. Pomachaca (PE-14 B) - Masin - Pte. Rahuapampa - Dv. Llamellín - Anra - Uco - Dv. Paucas - Huacaybamba - Cochabamba - Arancay - Jircan - Carpa - Monzón - Tasogrande - Sachavaca - Emp. PE-", "jerarquia": "nacional", "departamento": "Áncash", "provincia": " ", "distrito": "", "motivo": "last_mile_progresol", "progresol_servido": "INVERSIONES JM FAMASA IMPORT Y EXPORT S.A.C.", "progresol_direccion": "AV. PRIMAVERA NRO. S/N ", "progresol_dist_m": 1536.6, "puntos_criticos_1km": 11, "pc_lng": -77.08224, "pc_lat": -9.36076, "long_km": 1.11199999, "dist_min_m": 47.1, "peligro": "Inundación, Erosión fluvial", "nivel": "Alto", "fid": 127}, "geometry": {"type": "LineString", "coordinates": [[-77.082142, -9.36117], [-77.074252, -9.357425]]}}, {"type": "Feature", "properties": {"ruta": "LM-114", "nombre": "Emp. PE-22 (Pte. Huachipa) - Huachipa - Nieveria - Huaycoloro – Dv. Jicamarca – San Juan de Collata - Emp. LM- 111 (Arahuay).", "jerarquia": "departamental/vecinal", "departamento": "Lima", "provincia": "Lima", "distrito": "", "motivo": "last_mile_progresol", "progresol_servido": "CONSORCIO HUACHIPA", "progresol_direccion": "MZA. L LOTE. 4 ASOC.DIG.NACIONAL  (AV.CIRCUNVALACION)", "progresol_dist_m": 355.6, "puntos_criticos_1km": 11, "pc_lng": -76.90043, "pc_lat": -12.01464, "long_km": 0.5469999900000001, "dist_min_m": 4.7, "peligro": "Inundación", "nivel": null, "fid": 128}, "geometry": {"type": "LineString", "coordinates": [[-76.900388, -12.01475], [-76.904291, -12.011736]]}}, {"type": "Feature", "properties": {"ruta": "LM-117", "nombre": "Emp. PE-1S - La Molina - Cieneguilla – Dv. San Martín - Santa Rosa de Chontay - Pte. Chacra Alta - Nieve Nieve - Antapucro - Antioquía - Langa - San Lazaro de Escomarca -Huarochiri - Emp. PE-22 A (San Lorenzo de Quinti).", "jerarquia": "departamental/vecinal", "departamento": "Lima", "provincia": "Lima", "distrito": "", "motivo": "last_mile_progresol", "progresol_servido": "FERRETERIA CHALITO", "progresol_direccion": "AV. SAN MARTIN MZA. H LOTE. 03 C.P. ", "progresol_dist_m": 1533.9, "puntos_criticos_1km": 11, "pc_lng": -76.79675, "pc_lat": -12.10235, "long_km": 5.83500004, "dist_min_m": 57.4, "peligro": "Inundación", "nivel": "", "fid": 129}, "geometry": {"type": "LineString", "coordinates": [[-76.814031, -12.118591], [-76.807394, -12.10779], [-76.798665, -12.102443], [-76.773115, -12.093928], [-76.772059, -12.091299]]}}, {"type": "Feature", "properties": {"ruta": "LM-748", "nombre": "Emp. PE-22 (Cupiche) - Doncella - San Miguel de Tapicara - Ticapampa.", "jerarquia": "departamental/vecinal", "departamento": "Lima", "provincia": "Huarochirí", "distrito": "", "motivo": "last_mile_progresol", "progresol_servido": "FERRETERIA JASVAL", "progresol_direccion": "VÍA MZ. B LT. 4 ASOC. SOL DE CUPICH PARADERO LA SUBIDA RICARDO PALMA", "progresol_dist_m": 142.1, "puntos_criticos_1km": 10, "pc_lng": -76.60932, "pc_lat": -11.91412, "long_km": 22.5, "dist_min_m": 31.9, "peligro": "Erosión fluvial", "nivel": "Alto", "fid": 130}, "geometry": {"type": "LineString", "coordinates": [[-76.509425, -11.875027], [-76.510088, -11.876572], [-76.510938, -11.87665], [-76.5156, -11.882044], [-76.51907, -11.883253], [-76.522997, -11.883334], [-76.523757, -11.882986], [-76.522154, -11.880172], [-76.523254, -11.881696], [-76.522887, -11.879817], [-76.525402, -11.881811], [-76.525068, -11.881116], [-76.526026, -11.881654], [-76.525773, -11.880548], [-76.526538, -11.880584], [-76.525112, -11.879724], [-76.524537, -11.877826], [-76.526167, -11.87891], [-76.524805, -11.876188], [-76.525392, -11.876667], [-76.525241, -11.875899], [-76.523735, -11.875013], [-76.51902, -11.874785], [-76.516974, -11.872442], [-76.517371, -11.87143], [-76.515805, -11.87083], [-76.515611, -11.869412], [-76.516484, -11.870608], [-76.518545, -11.870522], [-76.521448, -11.87177], [-76.521445, -11.872429], [-76.526325, -11.872684], [-76.531344, -11.876063], [-76.535855, -11.881383], [-76.53825, -11.882772], [-76.538229, -11.883929], [-76.539302, -11.883788], [-76.539361, -11.882992], [-76.540015, -11.883386], [-76.540266, -11.88238], [-76.543514, -11.884612], [-76.544615, -11.884572], [-76.544298, -11.888951], [-76.545293, -11.892391], [-76.547115, -11.893193], [-76.548011, -11.892609], [-76.550926, -11.893124], [-76.552153, -11.892215], [-76.551206, -11.893417], [-76.549062, -11.893756], [-76.549153, -11.894411], [-76.555602, -11.894261], [-76.554513, -11.895666], [-76.565531, -11.898198], [-76.576208, -11.897851], [-76.580204, -11.899954], [-76.5825, -11.899909], [-76.583644, -11.900945], [-76.584554, -11.899741], [-76.585773, -11.902827], [-76.588179, -11.903432], [-76.586337, -11.904079], [-76.593414, -11.90681], [-76.59695, -11.90738], [-76.600759, -11.90964], [-76.608209, -11.910392], [-76.611273, -11.911679], [-76.609631, -11.914484]]}}, {"type": "Feature", "properties": {"ruta": "HU-1102", "nombre": "EMP. PE-3N (HUÁNUCO) - MARABAMBA - EMP. PE-3N.", "jerarquia": "departamental/vecinal", "departamento": "Huánuco", "provincia": "Huánuco", "distrito": "", "motivo": "last_mile_progresol", "progresol_servido": "FERRETERIA LIAM Y CHRISTIAN", "progresol_direccion": "PREDIO TINGO MZ. E LT. 2 ", "progresol_dist_m": 504.4, "puntos_criticos_1km": 10, "pc_lng": -76.25789, "pc_lat": -9.94879, "long_km": 1.33700001, "dist_min_m": 40.7, "peligro": "Inundación", "nivel": "", "fid": 131}, "geometry": {"type": "LineString", "coordinates": [[-76.252643, -9.943777], [-76.254131, -9.946187], [-76.255981, -9.946653], [-76.25599, -9.947667], [-76.259208, -9.948885], [-76.2577, -9.950271]]}}, {"type": "Feature", "properties": {"ruta": "R", "nombre": "Emp. PE-3S (Ayacucho) - Planta Eléctrica", "jerarquia": "departamental/vecinal", "departamento": "Ayacucho", "provincia": "Huamanga", "distrito": "", "motivo": "last_mile_progresol", "progresol_servido": "FERRETERIA TANTA", "progresol_direccion": "Av. San Francisco MZ.A2 Lt.4 Los Ol ", "progresol_dist_m": 210.4, "puntos_criticos_1km": 10, "pc_lng": -74.21565, "pc_lat": -13.16586, "long_km": 1.5499999500000001, "dist_min_m": 21.6, "peligro": "Inundación, erosión fluvial", "nivel": "Alto", "fid": 132}, "geometry": {"type": "LineString", "coordinates": [[-74.222567, -13.168864], [-74.218217, -13.166779], [-74.216002, -13.170362], [-74.215842, -13.165821]]}}, {"type": "Feature", "properties": {"ruta": "AN-708", "nombre": "Emp. PE-14A (Rahuapampa) - Chupan.", "jerarquia": "departamental/vecinal", "departamento": "Áncash", "provincia": "Huari", "distrito": "", "motivo": "last_mile_progresol", "progresol_servido": "INVERSIONES JM FAMASA IMPORT Y EXPORT S.A.C.", "progresol_direccion": "AV. PRIMAVERA NRO. S/N ", "progresol_dist_m": 1487.3, "puntos_criticos_1km": 10, "pc_lng": -77.0802, "pc_lat": -9.35964, "long_km": 13.01000023, "dist_min_m": 25.1, "peligro": "Inundación, Erosión fluvial", "nivel": "Alto", "fid": 133}, "geometry": {"type": "LineString", "coordinates": [[-77.080065, -9.359819], [-77.079012, -9.359863], [-77.078536, -9.360942], [-77.082011, -9.362051], [-77.08044, -9.36263], [-77.082098, -9.362882], [-77.079387, -9.363169], [-77.081102, -9.363837], [-77.077779, -9.363703], [-77.081245, -9.364876], [-77.076855, -9.364378], [-77.076297, -9.365493], [-77.075268, -9.365399], [-77.073837, -9.369584], [-77.072048, -9.370353], [-77.074353, -9.370684], [-77.075832, -9.36837], [-77.075561, -9.370288], [-77.071973, -9.374494], [-77.069496, -9.375937], [-77.068839, -9.37406], [-77.067449, -9.372902], [-77.067768, -9.374555], [-77.066638, -9.372826], [-77.066719, -9.377236], [-77.064842, -9.372258], [-77.06436, -9.378579], [-77.063068, -9.380159], [-77.06205, -9.374281], [-77.060294, -9.380456], [-77.059758, -9.379193], [-77.060205, -9.376244], [-77.058661, -9.378305], [-77.057891, -9.380488], [-77.05832, -9.382329], [-77.056999, -9.380466], [-77.057067, -9.376588], [-77.055201, -9.376544]]}}, {"type": "Feature", "properties": {"ruta": "JU-839", "nombre": "Emp. PE-3S B - Balsa - Emp. JU-840.", "jerarquia": "departamental/vecinal", "departamento": "Junín", "provincia": "Concepción", "distrito": "", "motivo": "last_mile_progresol", "progresol_servido": "FERRETERIA CADEMA", "progresol_direccion": "CARRETERA CENTRAL 1696 ", "progresol_dist_m": 1770.2, "puntos_criticos_1km": 10, "pc_lng": -75.31944, "pc_lat": -11.93865, "long_km": 2.4500000500000003, "dist_min_m": 15.8, "peligro": "Inundación, flujo de detritos, erosión", "nivel": " ", "fid": 134}, "geometry": {"type": "LineString", "coordinates": [[-75.335261, -11.937116], [-75.332968, -11.93629], [-75.332154, -11.937131], [-75.327848, -11.936181], [-75.324837, -11.936436], [-75.314573, -11.940346]]}}, {"type": "Feature", "properties": {"ruta": "JU-1094", "nombre": "Emp. PE-3S - Paccha - Lulin - Emp. JU-840 (Balsas).", "jerarquia": "departamental/vecinal", "departamento": "Junín", "provincia": "Concepción", "distrito": "", "motivo": "last_mile_progresol", "progresol_servido": "FERRETERIA CADEMA", "progresol_direccion": "CARRETERA CENTRAL 1696 ", "progresol_dist_m": 402.0, "puntos_criticos_1km": 10, "pc_lng": -75.31357, "pc_lat": -11.93873, "long_km": 1.7999999500000001, "dist_min_m": 89.5, "peligro": "Inundación, erosión fluvial", "nivel": "Muy alto", "fid": 135}, "geometry": {"type": "LineString", "coordinates": [[-75.313053, -11.938106], [-75.314518, -11.936077], [-75.31558, -11.930493], [-75.321117, -11.924662]]}}, {"type": "Feature", "properties": {"ruta": "R", "nombre": "Emp. JU-899 (Huamancaca Chico) - Puente Mantaro (Rio Mantaro)", "jerarquia": "departamental/vecinal", "departamento": "Junín", "provincia": "Chupaca", "distrito": "", "motivo": "last_mile_progresol", "progresol_servido": "DISTRIBUIDORA HENRY", "progresol_direccion": "AV 9 DE OCTUBRE S/ N ", "progresol_dist_m": 1050.5, "puntos_criticos_1km": 10, "pc_lng": -75.23335, "pc_lat": -12.0926, "long_km": 1.66499996, "dist_min_m": 314.6, "peligro": "Erosión fluvial", "nivel": "Muy alto", "fid": 136}, "geometry": {"type": "LineString", "coordinates": [[-75.239264, -12.082398], [-75.239104, -12.087054], [-75.23988, -12.090756], [-75.237856, -12.090317], [-75.235668, -12.090905]]}}, {"type": "Feature", "properties": {"ruta": "IC-572", "nombre": "Emp. IC-573 - Pta. Carretera.", "jerarquia": "departamental/vecinal", "departamento": "Ica", "provincia": "Pisco", "distrito": "", "motivo": "last_mile_progresol", "progresol_servido": "PROGRESOL GABRIEL", "progresol_direccion": "MZA. B LOTE. 09 URB. RESID PARACAS ", "progresol_dist_m": 1014.0, "puntos_criticos_1km": 10, "pc_lng": -76.15099, "pc_lat": -13.69059, "long_km": 0.74000001, "dist_min_m": 165.0, "peligro": "Inundación", "nivel": "", "fid": 137}, "geometry": {"type": "LineString", "coordinates": [[-76.152579, -13.696536], [-76.153156, -13.69534], [-76.152529, -13.690118]]}}, {"type": "Feature", "properties": {"ruta": "IC-658", "nombre": "Emp. PE-1S C (Acomayo) - Emp. IC-655.", "jerarquia": "departamental/vecinal", "departamento": "Ica", "provincia": "Ica", "distrito": "", "motivo": "last_mile_progresol", "progresol_servido": "CAPITAL RBG SERVICIOS GENERALES E.I ", "progresol_direccion": "AV. MIGUEL GRAU NRO. 459 C.P. PARCONA (A 20 METROS DEL GIMNASIO)", "progresol_dist_m": 659.0, "puntos_criticos_1km": 10, "pc_lng": -75.72242, "pc_lat": -14.06701, "long_km": 0.5320000100000001, "dist_min_m": 484.8, "peligro": "Inundación", "nivel": "", "fid": 138}, "geometry": {"type": "LineString", "coordinates": [[-75.717969, -14.066415], [-75.713066, -14.066155]]}}, {"type": "Feature", "properties": {"ruta": "PE-1N", "nombre": "I.V. Santa Anita - I.V. Huacho - Chimbote - Ov. La Marina (PE-10 A) - Ov. El Milagro - Paiján - Mocupe - Reque - Chiclayo - Lambayeque - Pte. Grau - Pte. Sullana Dv. Talara - Máncora - Zorritos - Tumbes - Pte. Internacional de La Paz (fr. Ecuador).", "jerarquia": "nacional", "departamento": "Lima", "provincia": " ", "distrito": "", "motivo": "last_mile_progresol", "progresol_servido": "DON FERRO SAC", "progresol_direccion": "CAL ALAMEDA MZA. D LOTE 14 URB. ALAMEDA DE EL PINAR 3ERA ETAPA", "progresol_dist_m": 929.4, "puntos_criticos_1km": 10, "pc_lng": -77.06508, "pc_lat": -11.90305, "long_km": 0.38800001, "dist_min_m": 441.8, "peligro": "Inundación, erosión fluvial", "nivel": "Muy alto", "fid": 139}, "geometry": {"type": "LineString", "coordinates": [[-77.067689, -11.899999], [-77.067872, -11.896491]]}}, {"type": "Feature", "properties": {"ruta": "PE-14A", "nombre": "Emp. PE-3N (Huaraz) - Anyanga (PE-14 B) - Huantar - Succha - Pte. Pomachaca (PE-14 B) - Masin - Pte. Rahuapampa - Dv. Llamellín - Anra - Uco - Dv. Paucas - Huacaybamba - Cochabamba - Arancay - Jircan - Carpa - Monzón - Tasogrande - Sachavaca - Emp. PE-", "jerarquia": "nacional", "departamento": "Áncash", "provincia": " ", "distrito": "", "motivo": "last_mile_progresol", "progresol_servido": "INVERSIONES JM FAMASA IMPORT Y EXPORT S.A.C.", "progresol_direccion": "AV. PRIMAVERA NRO. S/N ", "progresol_dist_m": 2494.1, "puntos_criticos_1km": 10, "pc_lng": -77.0677, "pc_lat": -9.35196, "long_km": 0.87300003, "dist_min_m": 139.7, "peligro": "Inundación, erosión fluvial", "nivel": "Muy alto", "fid": 140}, "geometry": {"type": "LineString", "coordinates": [[-77.074252, -9.357425], [-77.070561, -9.355569], [-77.068261, -9.353084]]}}, {"type": "Feature", "properties": {"ruta": "PE-1N", "nombre": "I.V. Santa Anita - I.V. Huacho - Chimbote - Ov. La Marina (PE-10 A) - Ov. El Milagro - Paiján - Mocupe - Reque - Chiclayo - Lambayeque - Pte. Grau - Pte. Sullana Dv. Talara - Máncora - Zorritos - Tumbes - Pte. Internacional de La Paz (fr. Ecuador).", "jerarquia": "nacional", "departamento": "Áncash", "provincia": " ", "distrito": "", "motivo": "last_mile_progresol", "progresol_servido": "CORPORACION CAF S.A.C", "progresol_direccion": "AV. LIBERTAD MZA. B2 LOTE. 17 URB. PV CASMA ZONA ESTE", "progresol_dist_m": 213.8, "puntos_criticos_1km": 10, "pc_lng": -78.27316, "pc_lat": -9.48562, "long_km": 4.68200016, "dist_min_m": 74.3, "peligro": null, "nivel": "", "fid": 141}, "geometry": {"type": "LineString", "coordinates": [[-78.273451, -9.48502], [-78.275085, -9.484514], [-78.277438, -9.48522], [-78.292269, -9.48101], [-78.295957, -9.47429], [-78.305812, -9.475683], [-78.306577, -9.473701], [-78.309196, -9.472359]]}}, {"type": "Feature", "properties": {"ruta": "PE-3S", "nombre": "Repartición La Oroya (PE-22) - Huancayo - Izcuchaca (PE-26) - Mayoc - Ayacucho - Andahuaylas (PE-30 B) - Abancay - Anta - Cusco - Urcos - Ayaviri (PE-3S G) - Calapuja - Puno (PE-36 B) - Ilave - Pte. Internacional Desaguadero (fr. Bolivia).", "jerarquia": "nacional", "departamento": "Junín", "provincia": " ", "distrito": "", "motivo": "last_mile_progresol", "progresol_servido": "DISTRIBUIDORA INVERSIONES CRISTINA", "progresol_direccion": "CARRETERA CENTRAL  KM 8.8 CAJAS ", "progresol_dist_m": 48.0, "puntos_criticos_1km": 10, "pc_lng": -75.27179, "pc_lat": -11.97471, "long_km": 11.07400036, "dist_min_m": 488.3, "peligro": "Inundación", "nivel": "", "fid": 142}, "geometry": {"type": "LineString", "coordinates": [[-75.304877, -11.939554], [-75.299789, -11.94133], [-75.279052, -11.954709], [-75.276629, -11.956991], [-75.242998, -12.017077]]}}, {"type": "Feature", "properties": {"ruta": "PE-3S", "nombre": "Repartición La Oroya (PE-22) - Huancayo - Izcuchaca (PE-26) - Mayoc - Ayacucho - Andahuaylas (PE-30 B) - Abancay - Anta - Cusco - Urcos - Ayaviri (PE-3S G) - Calapuja - Puno (PE-36 B) - Ilave - Pte. Internacional Desaguadero (fr. Bolivia).", "jerarquia": "nacional", "departamento": "Ayacucho", "provincia": " ", "distrito": "", "motivo": "last_mile_progresol", "progresol_servido": "FERRETERÍA QUINTERO", "progresol_direccion": "JR. CORDOVA NRO. 120 ", "progresol_dist_m": 528.7, "puntos_criticos_1km": 10, "pc_lng": -74.25169, "pc_lat": -12.94582, "long_km": 1.2999999500000001, "dist_min_m": 425.1, "peligro": "Inundación", "nivel": "Alto", "fid": 143}, "geometry": {"type": "LineString", "coordinates": [[-74.247796, -12.946247], [-74.247448, -12.946887], [-74.240849, -12.940459], [-74.23914, -12.940351]]}}, {"type": "Feature", "properties": {"ruta": "PE-3N", "nombre": "Repartición La Oroya (PE-22) - Huánuco (PE-18 A) - Conococha (PE-16) - Huaraz (PE-14 y PE-14 A) - Santiago de Chuco - Cajabamba - Cajamarca (PE-08 y PE-08 B) - Bambamarca - Cutervo (PE-3N C) - Huancabamba (PE-02 A) - Vado Grande (Fr. Ecuador)", "jerarquia": "nacional", "departamento": "Huánuco", "provincia": " ", "distrito": "", "motivo": "last_mile_progresol", "progresol_servido": "FERRETERIA LIAM Y CHRISTIAN", "progresol_direccion": "PREDIO TINGO MZ. E LT. 2 ", "progresol_dist_m": 440.1, "puntos_criticos_1km": 10, "pc_lng": -76.24916, "pc_lat": -9.94098, "long_km": 0.6259999900000001, "dist_min_m": 111.1, "peligro": "Inundación, erosión", "nivel": "", "fid": 144}, "geometry": {"type": "LineString", "coordinates": [[-76.250141, -9.94123], [-76.253035, -9.939365], [-76.252804, -9.938555], [-76.254613, -9.937925]]}}, {"type": "Feature", "properties": {"ruta": "PE-3S", "nombre": "Repartición La Oroya (PE-22) - Huancayo - Izcuchaca (PE-26) - Mayoc - Ayacucho - Andahuaylas (PE-30 B) - Abancay - Anta - Cusco - Urcos - Ayaviri (PE-3S G) - Calapuja - Puno (PE-36 B) - Ilave - Pte. Internacional Desaguadero (fr. Bolivia).", "jerarquia": "nacional", "departamento": "Ayacucho", "provincia": " ", "distrito": "", "motivo": "last_mile_progresol", "progresol_servido": "DISTRIBUIDORA FAMEGU", "progresol_direccion": "AV. CUZCO NRO 366 ", "progresol_dist_m": 16.0, "puntos_criticos_1km": 10, "pc_lng": -74.21562, "pc_lat": -13.16609, "long_km": 0.6869999800000001, "dist_min_m": 370.3, "peligro": "Inundación", "nivel": "", "fid": 145}, "geometry": {"type": "LineString", "coordinates": [[-74.212619, -13.167696], [-74.208236, -13.172149]]}}, {"type": "Feature", "properties": {"ruta": "PE-1S", "nombre": "I.V. Santa Anita - Chincha Alta - Ica - Nazca - Dv. Camaná - Dv. Quilca (PE-1S D) - La Repartición (Dv. Arequipa) - Dv. Pto. Matarani (PE- 34) - La Joya - Dv. Moquegua (PE-36 A) - Dv. Ilo (PE-36) - Tacna (PE-38) - La Concordia (fr. Chile).", "jerarquia": "nacional", "departamento": "Ica", "provincia": " ", "distrito": "", "motivo": "last_mile_progresol", "progresol_servido": "FERRETERIA CAHUA", "progresol_direccion": "PP.JJ . CONFRATERNIDAD  A-25 ", "progresol_dist_m": 719.9, "puntos_criticos_1km": 10, "pc_lng": -75.71857, "pc_lat": -14.09468, "long_km": 0.36000001000000004, "dist_min_m": 178.4, "peligro": null, "nivel": "", "fid": 146}, "geometry": {"type": "LineString", "coordinates": [[-75.718377, -14.090541], [-75.717396, -14.093552]]}}, {"type": "Feature", "properties": {"ruta": "AN-108", "nombre": "Emp. PE-14 A (Dv. Llamellin) - Yaracyacu - Aczo - Chingas - Llamellín - Chaccho - Mirgas.", "jerarquia": "departamental/vecinal", "departamento": "Áncash", "provincia": "Huari", "distrito": "", "motivo": "last_mile_progresol", "progresol_servido": "INVERSIONES JM FAMASA IMPORT Y EXPORT S.A.C.", "progresol_direccion": "AV. PRIMAVERA NRO. S/N ", "progresol_dist_m": 1536.1, "puntos_criticos_1km": 10, "pc_lng": -77.07993, "pc_lat": -9.35817, "long_km": 0.40200001, "dist_min_m": 14.5, "peligro": "Inundación, Erosión fluvial", "nivel": "Alto", "fid": 147}, "geometry": {"type": "LineString", "coordinates": [[-77.08237, -9.360599], [-77.079975, -9.357997]]}}, {"type": "Feature", "properties": {"ruta": "LM-718", "nombre": "Emp. PE-22 (Sta. Clara) - Hotel El Pueblo.", "jerarquia": "departamental/vecinal", "departamento": "Lima", "provincia": "Lima", "distrito": "", "motivo": "last_mile_progresol", "progresol_servido": "FERRETERIA LIZ", "progresol_direccion": "AV. ALFONSO UGARTE MZ. A LT. 5 URB. ", "progresol_dist_m": 391.7, "puntos_criticos_1km": 9, "pc_lng": -76.89431, "pc_lat": -12.01304, "long_km": 2.52999997, "dist_min_m": 567.9, "peligro": "Inundación, erosión fluvial", "nivel": "Muy alto", "fid": 148}, "geometry": {"type": "LineString", "coordinates": [[-76.895379, -12.018041], [-76.891931, -12.032195], [-76.888422, -12.033472], [-76.887681, -12.031701], [-76.88508, -12.032495]]}}, {"type": "Feature", "properties": {"ruta": "LM-801", "nombre": "Emp. PE-1S - Pampasica - Emp. PE-1S.", "jerarquia": "departamental/vecinal", "departamento": "Lima", "provincia": "Lima", "distrito": "", "motivo": "last_mile_progresol", "progresol_servido": "FERRETERIA MILAGROS", "progresol_direccion": "AV. JOSE CARLOS MARIATEGUI MZA. Z3 LOTE. 20 C.P. PAMPA PACTA SECTOR LAS", "progresol_dist_m": 377.0, "puntos_criticos_1km": 9, "pc_lng": -76.78857, "pc_lat": -12.3067, "long_km": 14.90999985, "dist_min_m": 429.9, "peligro": "Inundación, flujo de detritos, erosión fluvial", "nivel": "Alto", "fid": 149}, "geometry": {"type": "LineString", "coordinates": [[-76.772992, -12.318653], [-76.783302, -12.314955], [-76.787516, -12.315452], [-76.790004, -12.314984], [-76.793877, -12.312735], [-76.798707, -12.312361], [-76.795631, -12.309713], [-76.796792, -12.308792], [-76.790281, -12.303032], [-76.783882, -12.301483], [-76.78224, -12.299288], [-76.774909, -12.295847], [-76.774105, -12.293818], [-76.767027, -12.292445], [-76.76157, -12.290112], [-76.75995, -12.288477], [-76.756026, -12.287146], [-76.751981, -12.280266], [-76.759808, -12.272686], [-76.760056, -12.271211], [-76.76209, -12.268893], [-76.7621, -12.267573], [-76.763648, -12.266732], [-76.767739, -12.266841], [-76.770812, -12.264543], [-76.777743, -12.263377], [-76.783, -12.264654], [-76.788264, -12.263829]]}}, {"type": "Feature", "properties": {"ruta": "HU-1024", "nombre": "EMP. PE-3N (AMARILIS) - MOYOPUCRO - CHICCHUY - CERRO ALEGRE - MACCHI - EMP. HU-112 (SAN ANTONIO DE PAUCAR).", "jerarquia": "departamental/vecinal", "departamento": "Huánuco", "provincia": "Huánuco", "distrito": "", "motivo": "last_mile_progresol", "progresol_servido": "FERRETERIA VARGAS", "progresol_direccion": "AV.UNIVERSITARIA MZA. D LOTE 12 URB ", "progresol_dist_m": 1071.9, "puntos_criticos_1km": 9, "pc_lng": -76.24468, "pc_lat": -9.95194, "long_km": 0.025, "dist_min_m": 590.7, "peligro": "Inundación, flujo de detritos, erosión fluvial", "nivel": "Muy alto", "fid": 150}, "geometry": {"type": "LineString", "coordinates": [[-76.242772, -9.946779], [-76.242701, -9.946997]]}}, {"type": "Feature", "properties": {"ruta": "HU-1028", "nombre": "EMP. PE-3N (MATIBAMBA) - EMP. HU-1025 (PALTAYNIO).", "jerarquia": "departamental/vecinal", "departamento": "Huánuco", "provincia": "Huánuco", "distrito": "", "motivo": "last_mile_progresol", "progresol_servido": "FERRETERIA KEVIN", "progresol_direccion": "CARRETERA CENTRAL KM 7.5YANAGROSAVE ", "progresol_dist_m": 2205.7, "puntos_criticos_1km": 9, "pc_lng": -76.2323, "pc_lat": -10.01215, "long_km": 16.71999931, "dist_min_m": 3.3, "peligro": "Inundación, Erosión fluvial", "nivel": "Muy Alto", "fid": 151}, "geometry": {"type": "LineString", "coordinates": [[-76.235243, -10.015169], [-76.233943, -10.014917], [-76.234003, -10.01311], [-76.231503, -10.011395], [-76.231484, -10.009903], [-76.229223, -10.009066], [-76.228474, -10.00952], [-76.229108, -10.010804], [-76.227876, -10.012104], [-76.228146, -10.012934], [-76.227239, -10.011905], [-76.227568, -10.010571], [-76.226451, -10.012109], [-76.224547, -10.012657], [-76.225628, -10.010256], [-76.223913, -10.011796], [-76.223559, -10.008293], [-76.220086, -10.007172], [-76.219484, -10.008311], [-76.218431, -10.00715], [-76.217862, -10.003754], [-76.216881, -10.004451], [-76.21423, -10.002449], [-76.210419, -10.003092], [-76.211627, -10.006167], [-76.211089, -10.006864], [-76.210699, -10.005921], [-76.208613, -10.0076], [-76.20846, -10.006027], [-76.207176, -10.004865], [-76.205976, -10.00527], [-76.205163, -10.003799], [-76.203389, -10.00351], [-76.204261, -10.002866], [-76.203961, -10.001552], [-76.201511, -10.001819], [-76.202534, -10.00099], [-76.201355, -10.000334], [-76.201286, -9.999162], [-76.198972, -10.000385], [-76.199879, -9.998529], [-76.198801, -9.999458], [-76.198998, -9.997558], [-76.200556, -9.996871], [-76.200567, -9.995831], [-76.200226, -9.996726], [-76.198831, -9.996947], [-76.198057, -9.995744], [-76.196668, -9.995556], [-76.196776, -9.996401], [-76.195333, -9.997631], [-76.195119, -9.995272], [-76.193834, -9.996192], [-76.193005, -9.995604], [-76.192861, -9.99335], [-76.191723, -9.994813], [-76.191306, -9.992518], [-76.189342, -9.993485], [-76.190896, -9.990918], [-76.192177, -9.990924], [-76.190928, -9.989939], [-76.186664, -9.990948], [-76.188696, -9.987346], [-76.19035, -9.986773], [-76.191901, -9.988063], [-76.192884, -9.987727], [-76.191937, -9.987694], [-76.190629, -9.986029], [-76.189615, -9.982971], [-76.187044, -9.979791], [-76.188054, -9.98043], [-76.18795, -9.979742]]}}, {"type": "Feature", "properties": {"ruta": "HU-1093", "nombre": "EMP. PE-3N - HUANCACHUPA - EMP. HU-1095 (CAYRAN).", "jerarquia": "departamental/vecinal", "departamento": "Huánuco", "provincia": "Huánuco", "distrito": "", "motivo": "last_mile_progresol", "progresol_servido": "FERRETERIA KEVIN", "progresol_direccion": "CARRETERA CENTRAL KM 7.5YANAGROSAVE ", "progresol_dist_m": 1724.9, "puntos_criticos_1km": 9, "pc_lng": -76.24488, "pc_lat": -9.97467, "long_km": 5.214000230000001, "dist_min_m": 24.0, "peligro": "Inundación, erosión fluvial", "nivel": "Alto", "fid": 152}, "geometry": {"type": "LineString", "coordinates": [[-76.243173, -9.974001], [-76.243979, -9.973954], [-76.248181, -9.978631], [-76.255204, -9.981591], [-76.259729, -9.986356], [-76.270283, -9.981514], [-76.275707, -9.980553], [-76.27846, -9.981287], [-76.282152, -9.980627]]}}, {"type": "Feature", "properties": {"ruta": "AY-624", "nombre": "Emp. AY-619 - Pampacancha - Pta. Carretera.", "jerarquia": "departamental/vecinal", "departamento": "Ayacucho", "provincia": "Huanta", "distrito": "", "motivo": "last_mile_progresol", "progresol_servido": "DISTRIBUIDORA SANTA ROSA", "progresol_direccion": "JR. MAXIMO VELANDO NRO. 260 ", "progresol_dist_m": 163.6, "puntos_criticos_1km": 9, "pc_lng": -74.24844, "pc_lat": -12.94236, "long_km": 1.21000004, "dist_min_m": 347.3, "peligro": "Inundación", "nivel": "Alto", "fid": 153}, "geometry": {"type": "LineString", "coordinates": [[-74.249057, -12.939292], [-74.244629, -12.935457], [-74.246034, -12.934133], [-74.244107, -12.932528]]}}, {"type": "Feature", "properties": {"ruta": "JU-840", "nombre": "Emp. PE-3S B (La Huaycha) - Emp. JU-1089.", "jerarquia": "departamental/vecinal", "departamento": "Junín", "provincia": "Concepción", "distrito": "", "motivo": "last_mile_progresol", "progresol_servido": "FERRETERIA CADEMA", "progresol_direccion": "CARRETERA CENTRAL 1696 ", "progresol_dist_m": 2211.2, "puntos_criticos_1km": 9, "pc_lng": -75.31357, "pc_lat": -11.93873, "long_km": 1.9700000300000002, "dist_min_m": 210.0, "peligro": "Inundación, erosión fluvial", "nivel": "Muy alto", "fid": 154}, "geometry": {"type": "LineString", "coordinates": [[-75.330136, -11.944555], [-75.327016, -11.941538], [-75.318305, -11.942748], [-75.316201, -11.942051], [-75.314573, -11.940346]]}}, {"type": "Feature", "properties": {"ruta": "JU-1091", "nombre": "Emp. PE-3S (San Jerónimo) - Emp. JU-1090.", "jerarquia": "departamental/vecinal", "departamento": "Junín", "provincia": "Concepción", "distrito": "", "motivo": "last_mile_progresol", "progresol_servido": "FERRETERIA CADEMA", "progresol_direccion": "CARRETERA CENTRAL 1696 ", "progresol_dist_m": 1716.5, "puntos_criticos_1km": 9, "pc_lng": -75.31357, "pc_lat": -11.93873, "long_km": 0.60000002, "dist_min_m": 282.8, "peligro": "Inundación, erosión fluvial", "nivel": "Muy alto", "fid": 155}, "geometry": {"type": "LineString", "coordinates": [[-75.309657, -11.938159], [-75.31161, -11.936167], [-75.313221, -11.936157], [-75.31354, -11.935256]]}}, {"type": "Feature", "properties": {"ruta": "JU-1091", "nombre": "Emp. PE-3S (San Jerónimo) - Emp. JU-1090.", "jerarquia": "departamental/vecinal", "departamento": "Junín", "provincia": "Concepción", "distrito": "", "motivo": "last_mile_progresol", "progresol_servido": "FERRETERIA CADEMA", "progresol_direccion": "CARRETERA CENTRAL 1696 ", "progresol_dist_m": 1511.7, "puntos_criticos_1km": 9, "pc_lng": -75.31357, "pc_lat": -11.93873, "long_km": 0.54000002, "dist_min_m": 386.4, "peligro": "Inundación, erosión fluvial", "nivel": "Muy alto", "fid": 156}, "geometry": {"type": "LineString", "coordinates": [[-75.31354, -11.935256], [-75.310867, -11.931394]]}}, {"type": "Feature", "properties": {"ruta": "AY-628", "nombre": "Emp. AY-619 - Soccosccocha - Huancayocc - Chula.", "jerarquia": "departamental/vecinal", "departamento": "Ayacucho", "provincia": "Huanta", "distrito": "", "motivo": "last_mile_progresol", "progresol_servido": "FERRETERÍA QUINTERO", "progresol_direccion": "JR. CORDOVA NRO. 120 ", "progresol_dist_m": 88.0, "puntos_criticos_1km": 9, "pc_lng": -74.24844, "pc_lat": -12.94236, "long_km": 1, "dist_min_m": 286.6, "peligro": "Inundación", "nivel": "Alto", "fid": 157}, "geometry": {"type": "LineString", "coordinates": [[-74.241432, -12.934013], [-74.248523, -12.939781]]}}, {"type": "Feature", "properties": {"ruta": "AN-665", "nombre": "Emp. PE-14 A (Masin) - Huayo - Shocshi.", "jerarquia": "departamental/vecinal", "departamento": "Áncash", "provincia": "Huari", "distrito": "", "motivo": "last_mile_progresol", "progresol_servido": "INVERSIONES JM FAMASA IMPORT Y EXPORT S.A.C.", "progresol_direccion": "AV. PRIMAVERA NRO. S/N ", "progresol_dist_m": 74.0, "puntos_criticos_1km": 9, "pc_lng": -77.09808, "pc_lat": -9.36072, "long_km": 13.57999992, "dist_min_m": 149.5, "peligro": "Erosión fluvial", "nivel": "Muy alto", "fid": 158}, "geometry": {"type": "LineString", "coordinates": [[-77.096405, -9.366095], [-77.096629, -9.365355], [-77.095571, -9.365018], [-77.097041, -9.364195], [-77.096556, -9.363755], [-77.097612, -9.363749], [-77.0964, -9.363512], [-77.096743, -9.363094], [-77.0978, -9.363206], [-77.09664, -9.362562], [-77.098125, -9.362887], [-77.097575, -9.362131], [-77.101478, -9.360463], [-77.1015, -9.360987], [-77.10253, -9.359734], [-77.102448, -9.358216], [-77.102034, -9.357477], [-77.101877, -9.35868], [-77.101366, -9.356966], [-77.102601, -9.353424], [-77.099963, -9.355193], [-77.100632, -9.354412], [-77.098244, -9.355321], [-77.096635, -9.357292], [-77.097042, -9.358356], [-77.096204, -9.356616], [-77.095333, -9.357155], [-77.096101, -9.356201], [-77.094913, -9.356823], [-77.094845, -9.357691], [-77.094503, -9.356843], [-77.09417, -9.357514], [-77.095226, -9.355935], [-77.095734, -9.351169], [-77.094194, -9.355345], [-77.092622, -9.355752], [-77.091182, -9.35859], [-77.091174, -9.357116], [-77.090508, -9.358431], [-77.091137, -9.353971], [-77.093594, -9.352402], [-77.093252, -9.351608], [-77.093247, -9.352331], [-77.091355, -9.352406], [-77.090225, -9.353786], [-77.091441, -9.351682], [-77.091519, -9.349386], [-77.09265, -9.348312], [-77.090383, -9.349763], [-77.089648, -9.351647], [-77.08968, -9.349279], [-77.091162, -9.34758], [-77.089127, -9.348143], [-77.08873, -9.350216], [-77.088336, -9.34822], [-77.089111, -9.347041], [-77.0877, -9.34854], [-77.087439, -9.345993], [-77.090142, -9.341358]]}}, {"type": "Feature", "properties": {"ruta": "JU-889", "nombre": "Emp. PE-3S B - Pilcomayo - Huancayo - Emp. PE-24.", "jerarquia": "departamental/vecinal", "departamento": "Junín", "provincia": "Huancayo", "distrito": "", "motivo": "last_mile_progresol", "progresol_servido": "FERRETERIA CONSORCIO D & M", "progresol_direccion": "AV LAS AMERICAS S/N ", "progresol_dist_m": 95.1, "puntos_criticos_1km": 9, "pc_lng": -75.27234, "pc_lat": -12.05696, "long_km": 3.33999991, "dist_min_m": 425.0, "peligro": "Inundación, flujo de detritos, erosión", "nivel": null, "fid": 159}, "geometry": {"type": "LineString", "coordinates": [[-75.254302, -12.042703], [-75.256712, -12.043764], [-75.254816, -12.050906], [-75.259609, -12.052235], [-75.26191, -12.050686], [-75.265522, -12.052726], [-75.27359, -12.052875]]}}, {"type": "Feature", "properties": {"ruta": "R", "nombre": "Emp. JU-900 (San Isidro) - Puente Mantaro (Rio Mantaro)", "jerarquia": "departamental/vecinal", "departamento": "Junín", "provincia": "Chupaca", "distrito": "", "motivo": "last_mile_progresol", "progresol_servido": "DIOS JIREH-DIOS PROVEEDOR", "progresol_direccion": "AV PANAMERICANA SUR S/N ", "progresol_dist_m": 1981.1, "puntos_criticos_1km": 9, "pc_lng": -75.23446, "pc_lat": -12.09428, "long_km": 1.68099999, "dist_min_m": 36.8, "peligro": "Inundación", "nivel": "", "fid": 160}, "geometry": {"type": "LineString", "coordinates": [[-75.242117, -12.099509], [-75.23322, -12.099028], [-75.23369, -12.095828], [-75.23467, -12.09552], [-75.234938, -12.093551]]}}, {"type": "Feature", "properties": {"ruta": "IC-804", "nombre": "Emp. PE-30 A - Cantalloc - Tierra Blanca - Emp. PE-30 A.", "jerarquia": "departamental/vecinal", "departamento": "Ica", "provincia": "Nasca", "distrito": "", "motivo": "last_mile_progresol", "progresol_servido": "FERRETERIA FERP", "progresol_direccion": "CALLE LIMA NRO. 316 (FTE A TELEFONICA)", "progresol_dist_m": 2620.6, "puntos_criticos_1km": 9, "pc_lng": -74.90425, "pc_lat": -14.82662, "long_km": 2.38000011, "dist_min_m": 29.8, "peligro": "Inundación", "nivel": "", "fid": 161}, "geometry": {"type": "LineString", "coordinates": [[-74.915878, -14.825074], [-74.915118, -14.824225], [-74.913509, -14.824185], [-74.907541, -14.826777], [-74.900979, -14.827118], [-74.895029, -14.826204]]}}, {"type": "Feature", "properties": {"ruta": "LM-812", "nombre": "Emp. PE-1S - Sta. Rosa - Sto. Domingo de Los Olleros - Emp. LM-119.", "jerarquia": "departamental/vecinal", "departamento": "Lima", "provincia": "Cañete", "distrito": "", "motivo": "last_mile_progresol", "progresol_servido": "INDUSFERR", "progresol_direccion": "CARRETERA PANAMERICANA SUR KM. 63 MZA. 03 LOTE. 14", "progresol_dist_m": 206.7, "puntos_criticos_1km": 9, "pc_lng": -76.6703, "pc_lat": -12.46853, "long_km": 10.60999966, "dist_min_m": 41.4, "peligro": "Flujo de detritos, Erosión fluvial", "nivel": "Muy Alto", "fid": 162}, "geometry": {"type": "LineString", "coordinates": [[-76.737398, -12.507646], [-76.72347, -12.496237], [-76.721904, -12.49406], [-76.713719, -12.490975], [-76.7081, -12.487468], [-76.707008, -12.4843], [-76.704292, -12.481601], [-76.693462, -12.478357], [-76.682578, -12.477158], [-76.674317, -12.469706], [-76.66805, -12.468689], [-76.663389, -12.465752], [-76.65592, -12.463251]]}}, {"type": "Feature", "properties": {"ruta": "PE-20A", "nombre": "Emp. PE-1N (Dv. Trapiche) - Yangas -  Dv. Sta. Rosa de Quives - Canta - Abra La Viuda - Abra La Cruzada - Huayllay – Cochamarca – Vicco - Emp.PE-3N (Villa de Pasco)", "jerarquia": "nacional", "departamento": "Lima", "provincia": " ", "distrito": "", "motivo": "last_mile_progresol", "progresol_servido": "FERRETERIA ROEM", "progresol_direccion": "MZ LL LOTE 6 ASOCIACION LOS JARDINE ", "progresol_dist_m": 20.7, "puntos_criticos_1km": 9, "pc_lng": -77.04234, "pc_lat": -11.87939, "long_km": 4.47800016, "dist_min_m": 626.0, "peligro": "Inundación", "nivel": null, "fid": 163}, "geometry": {"type": "LineString", "coordinates": [[-77.04492, -11.89149], [-77.028804, -11.872552], [-77.028491, -11.873004], [-77.021291, -11.862733], [-77.019157, -11.862718]]}}, {"type": "Feature", "properties": {"ruta": "PE-22", "nombre": "Emp. PE-1N (I.V. La Menacho) – Pte. Carlos Graña – I.V. Huachipa - Pte. Huachipa – Dv. Sta. Anita (Av. Las Torres – Av. Nicolas Ayllón) - Sta. Clara - Pte. Los Angeles - Chosica (Av. Nicolas Ayllón) - Ricardo Palma - Pte. Ricardo Palma - Pte.", "jerarquia": "nacional", "departamento": "Lima", "provincia": " ", "distrito": "", "motivo": "last_mile_progresol", "progresol_servido": "FERRETERIA PERFILES", "progresol_direccion": "CAR CENTRAL KM 95 MZ A LT 8 BARRIO PITE", "progresol_dist_m": 1093.3, "puntos_criticos_1km": 9, "pc_lng": -76.34057, "pc_lat": -11.80404, "long_km": 17.97999954, "dist_min_m": 6.7, "peligro": "Inundación, Erosión fluvial", "nivel": "Alto", "fid": 164}, "geometry": {"type": "LineString", "coordinates": [[-76.380903, -11.841869], [-76.37742, -11.839022], [-76.372736, -11.831404], [-76.368359, -11.828032], [-76.366285, -11.824726], [-76.363426, -11.823242], [-76.357135, -11.81531], [-76.355209, -11.814569], [-76.354248, -11.810646], [-76.345901, -11.811234], [-76.347254, -11.810585], [-76.344341, -11.810047], [-76.342358, -11.808056], [-76.342103, -11.805753], [-76.338892, -11.802576], [-76.337858, -11.792187], [-76.336058, -11.790693], [-76.334732, -11.788021], [-76.335243, -11.786545], [-76.33398, -11.788413], [-76.334652, -11.786132], [-76.332878, -11.78344], [-76.32983, -11.782101], [-76.32345, -11.78457], [-76.320734, -11.784113], [-76.319494, -11.7863], [-76.316112, -11.787381], [-76.314882, -11.788574], [-76.313948, -11.787912], [-76.312515, -11.789278], [-76.311561, -11.789098], [-76.311018, -11.785627], [-76.308157, -11.783373], [-76.305265, -11.775877], [-76.304516, -11.771267], [-76.303417, -11.769884], [-76.30508, -11.770133], [-76.307181, -11.775846], [-76.305733, -11.766529], [-76.304874, -11.764687], [-76.302908, -11.76362], [-76.302244, -11.761781]]}}, {"type": "Feature", "properties": {"ruta": "PE-1S", "nombre": "I.V. Santa Anita - Chincha Alta - Ica - Nazca - Dv. Camaná - Dv. Quilca (PE-1S D) - La Repartición (Dv. Arequipa) - Dv. Pto. Matarani (PE- 34) - La Joya - Dv. Moquegua (PE-36 A) - Dv. Ilo (PE-36) - Tacna (PE-38) - La Concordia (fr. Chile).", "jerarquia": "nacional", "departamento": "Lima", "provincia": " ", "distrito": "", "motivo": "last_mile_progresol", "progresol_servido": "FERRETERIA CAROLINA", "progresol_direccion": "PJ. BENJAMIN DOIG LOSSIO MZA. J LOTE. 27 (ALTURA DEL MERCADO DE PUCUSANA", "progresol_dist_m": 2443.9, "puntos_criticos_1km": 9, "pc_lng": -76.65333, "pc_lat": -12.67065, "long_km": 2.9509999799999997, "dist_min_m": 38.5, "peligro": null, "nivel": "", "fid": 165}, "geometry": {"type": "LineString", "coordinates": [[-76.663766, -12.654958], [-76.661222, -12.660621], [-76.651894, -12.673252], [-76.65042, -12.677851]]}}, {"type": "Feature", "properties": {"ruta": "PE-3S", "nombre": "Repartición La Oroya (PE-22) - Huancayo - Izcuchaca (PE-26) - Mayoc - Ayacucho - Andahuaylas (PE-30 B) - Abancay - Anta - Cusco - Urcos - Ayaviri (PE-3S G) - Calapuja - Puno (PE-36 B) - Ilave - Pte. Internacional Desaguadero (fr. Bolivia).", "jerarquia": "nacional", "departamento": "Junín", "provincia": " ", "distrito": "", "motivo": "last_mile_progresol", "progresol_servido": "FERRETERIA CADEMA", "progresol_direccion": "CARRETERA CENTRAL 1696 ", "progresol_dist_m": 84.0, "puntos_criticos_1km": 9, "pc_lng": -75.31357, "pc_lat": -11.93873, "long_km": 3.5840001100000003, "dist_min_m": 192.5, "peligro": "Inundación, erosión fluvial", "nivel": "Muy alto", "fid": 166}, "geometry": {"type": "LineString", "coordinates": [[-75.324652, -11.915192], [-75.315187, -11.927455], [-75.313678, -11.936382], [-75.308437, -11.938515]]}}, {"type": "Feature", "properties": {"ruta": "PE-1S", "nombre": "I.V. Santa Anita - Chincha Alta - Ica - Nazca - Dv. Camaná - Dv. Quilca (PE-1S D) - La Repartición (Dv. Arequipa) - Dv. Pto. Matarani (PE- 34) - La Joya - Dv. Moquegua (PE-36 A) - Dv. Ilo (PE-36) - Tacna (PE-38) - La Concordia (fr. Chile).", "jerarquia": "nacional", "departamento": "Ica", "provincia": " ", "distrito": "", "motivo": "last_mile_progresol", "progresol_servido": "FERRETERIA CAHUA", "progresol_direccion": "PP.JJ . CONFRATERNIDAD  A-25 ", "progresol_dist_m": 633.0, "puntos_criticos_1km": 9, "pc_lng": -75.71842, "pc_lat": -14.08832, "long_km": 0.08600000000000001, "dist_min_m": 227.9, "peligro": "Inundación", "nivel": null, "fid": 167}, "geometry": {"type": "LineString", "coordinates": [[-75.719183, -14.090284], [-75.718377, -14.090541]]}}, {"type": "Feature", "properties": {"ruta": "PE-1S", "nombre": "I.V. Santa Anita - Chincha Alta - Ica - Nazca - Dv. Camaná - Dv. Quilca (PE-1S D) - La Repartición (Dv. Arequipa) - Dv. Pto. Matarani (PE- 34) - La Joya - Dv. Moquegua (PE-36 A) - Dv. Ilo (PE-36) - Tacna (PE-38) - La Concordia (fr. Chile).", "jerarquia": "nacional", "departamento": "Ica", "provincia": " ", "distrito": "", "motivo": "last_mile_progresol", "progresol_servido": "FERRETERIA CAHUA", "progresol_direccion": "PP.JJ . CONFRATERNIDAD  A-25 ", "progresol_dist_m": 233.0, "puntos_criticos_1km": 9, "pc_lng": -75.71842, "pc_lat": -14.08832, "long_km": 1.2389999600000001, "dist_min_m": 232.8, "peligro": "Inundación", "nivel": null, "fid": 168}, "geometry": {"type": "LineString", "coordinates": [[-75.729726, -14.086165], [-75.719183, -14.090284]]}}, {"type": "Feature", "properties": {"ruta": "IC-107", "nombre": "Emp PE-1S (Dv. Los Aquijes) - Los Aquijes - La Solano - Dv. Cocharcas - Tingüe - Huarangal - Molletambo - La Candera - San Isidro - L.D. Huancavelica (HV-119 a Huambo).", "jerarquia": "departamental/vecinal", "departamento": "Ica", "provincia": "Ica", "distrito": "", "motivo": "last_mile_progresol", "progresol_servido": "HUAMANI VALENCIA DE LOURDES", "progresol_direccion": "CP EL HUARANGAL MZ D LT27 ", "progresol_dist_m": 478.2, "puntos_criticos_1km": 9, "pc_lng": -75.71415, "pc_lat": -14.10302, "long_km": 2.9860000600000003, "dist_min_m": 83.5, "peligro": "Inundación", "nivel": "", "fid": 169}, "geometry": {"type": "LineString", "coordinates": [[-75.691527, -14.096623], [-75.705544, -14.096989], [-75.713304, -14.102343], [-75.716639, -14.100445]]}}, {"type": "Feature", "properties": {"ruta": "LM-747", "nombre": "Emp. LM-748 (Cupiche) - Huachinga - Pta. Carretera.", "jerarquia": "departamental/vecinal", "departamento": "Lima", "provincia": "Huarochirí", "distrito": "", "motivo": "last_mile_progresol", "progresol_servido": "FERRETERIA JASVAL", "progresol_direccion": "VÍA MZ. B LT. 4 ASOC. SOL DE CUPICH PARADERO LA SUBIDA RICARDO PALMA", "progresol_dist_m": 205.4, "puntos_criticos_1km": 8, "pc_lng": -76.62233, "pc_lat": -11.91979, "long_km": 2.61999989, "dist_min_m": 149.5, "peligro": "Inundación", "nivel": "", "fid": 170}, "geometry": {"type": "LineString", "coordinates": [[-76.611397, -11.91241], [-76.613571, -11.912103], [-76.618548, -11.913855], [-76.621514, -11.917174], [-76.623868, -11.917703], [-76.62372, -11.919801], [-76.624711, -11.920663], [-76.628956, -11.921396], [-76.629899, -11.922363]]}}, {"type": "Feature", "properties": {"ruta": "LM-744", "nombre": "Emp. PE-22 - Huallaringa Media - Sta. Rosa - Huallaringa Alta.", "jerarquia": "departamental/vecinal", "departamento": "Lima", "provincia": "Huarochirí", "distrito": "", "motivo": "last_mile_progresol", "progresol_servido": "GRUPO GILMAR", "progresol_direccion": "CARRETERA CENTRAL KM 38.500 ", "progresol_dist_m": 150.3, "puntos_criticos_1km": 8, "pc_lng": -76.66708, "pc_lat": -11.92143, "long_km": 1.9700000300000002, "dist_min_m": 460.4, "peligro": "Inundación, Erosión fluvial", "nivel": "Alto", "fid": 171}, "geometry": {"type": "LineString", "coordinates": [[-76.662979, -11.922442], [-76.65967, -11.922348], [-76.657047, -11.921243], [-76.653685, -11.92232], [-76.652809, -11.92181], [-76.651619, -11.923878], [-76.648313, -11.923681]]}}, {"type": "Feature", "properties": {"ruta": "LM-724", "nombre": "Emp. LM-116 - Pomatilca - Buenos Aires - Emp. LM-723.", "jerarquia": "departamental/vecinal", "departamento": "Lima", "provincia": "Huarochirí", "distrito": "", "motivo": "last_mile_progresol", "progresol_servido": "FERRETERIA REYES", "progresol_direccion": "AV. SAN MARTIN # 1839 ", "progresol_dist_m": 544.4, "puntos_criticos_1km": 8, "pc_lng": -76.66538, "pc_lat": -11.9171, "long_km": 0.41000000000000003, "dist_min_m": 334.5, "peligro": "Inundación, Erosión fluvial", "nivel": "Alto", "fid": 172}, "geometry": {"type": "LineString", "coordinates": [[-76.66807, -11.915634], [-76.668718, -11.914286], [-76.667642, -11.913921], [-76.667967, -11.913413]]}}, {"type": "Feature", "properties": {"ruta": "HU-767", "nombre": "EMP. PE-3N (AMARILIS) - SANTO DOMINGO - CHINCHAN - HUANCAN - YANACCHA.", "jerarquia": "departamental/vecinal", "departamento": "Huánuco", "provincia": "Huánuco", "distrito": "", "motivo": "last_mile_progresol", "progresol_servido": "FERRETERIA TORRES", "progresol_direccion": "JR TARAPACA NRO 162 ", "progresol_dist_m": 80.6, "puntos_criticos_1km": 8, "pc_lng": -76.24488, "pc_lat": -9.93767, "long_km": 1.02900004, "dist_min_m": 391.3, "peligro": "Flujo de detritos, Erosión fluvial", "nivel": "Muy Alto", "fid": 173}, "geometry": {"type": "LineString", "coordinates": [[-76.24122, -9.936076], [-76.248707, -9.930632]]}}, {"type": "Feature", "properties": {"ruta": "AN-740", "nombre": "Emp. PE-3N (Huaraz) - Ucramaran -  Paria (Ruinas Wilcahuain).", "jerarquia": "departamental/vecinal", "departamento": "Áncash", "provincia": "Huaraz", "distrito": "", "motivo": "last_mile_progresol", "progresol_servido": "FERRETERIA MANOLO", "progresol_direccion": "CARRETERA WILLCAHUAIN N° 364 ", "progresol_dist_m": 933.5, "puntos_criticos_1km": 8, "pc_lng": -77.51758, "pc_lat": -9.50321, "long_km": 11.31000042, "dist_min_m": 3.4, "peligro": "Erosión fluvial", "nivel": "Alto", "fid": 174}, "geometry": {"type": "LineString", "coordinates": [[-77.474174, -9.491087], [-77.478848, -9.494797], [-77.478607, -9.493362], [-77.479801, -9.490488], [-77.481296, -9.489627], [-77.48266, -9.489859], [-77.480938, -9.488645], [-77.489096, -9.488836], [-77.489537, -9.487617], [-77.491865, -9.488378], [-77.491605, -9.486492], [-77.495003, -9.486138], [-77.496278, -9.486754], [-77.497097, -9.484967], [-77.497127, -9.486486], [-77.496238, -9.487391], [-77.497817, -9.486477], [-77.497772, -9.485283], [-77.498996, -9.486151], [-77.502538, -9.486076], [-77.505422, -9.487731], [-77.505566, -9.486835], [-77.507074, -9.48806], [-77.50738, -9.486527], [-77.510637, -9.484647], [-77.510754, -9.483786], [-77.511719, -9.484225], [-77.511624, -9.485103], [-77.514128, -9.484802], [-77.517866, -9.489496], [-77.515646, -9.490551], [-77.514632, -9.492674], [-77.513956, -9.499367], [-77.512294, -9.499748], [-77.519277, -9.503886], [-77.524613, -9.502366]]}}, {"type": "Feature", "properties": {"ruta": "AP-561", "nombre": "Emp. AP-560 (Talavera) - Llantuyhuanca - Chaccamarca - Salinas - Emp. AP-560 (Pte. Accosta).", "jerarquia": "departamental/vecinal", "departamento": "Apurímac", "provincia": "Andahuaylas", "distrito": "", "motivo": "last_mile_progresol", "progresol_servido": "FERRETERIA CEYCOR", "progresol_direccion": "JR. EL BOSQUE LOTE. 03 PALTACC ", "progresol_dist_m": 891.8, "puntos_criticos_1km": 8, "pc_lng": -73.42948, "pc_lat": -13.65784, "long_km": 4.46000004, "dist_min_m": 463.2, "peligro": "Inundación", "nivel": "", "fid": 175}, "geometry": {"type": "LineString", "coordinates": [[-73.426506, -13.654842], [-73.42499, -13.650428], [-73.423121, -13.649982], [-73.422401, -13.648716], [-73.423013, -13.645755], [-73.421859, -13.646931], [-73.421444, -13.646126], [-73.419978, -13.646142], [-73.41882, -13.648115], [-73.41821, -13.647984], [-73.417984, -13.645904], [-73.416789, -13.645654], [-73.415226, -13.647757], [-73.414544, -13.651278], [-73.413885, -13.65197], [-73.412331, -13.65134], [-73.412677, -13.654568], [-73.411393, -13.655507], [-73.411334, -13.658583]]}}, {"type": "Feature", "properties": {"ruta": "JU-1036", "nombre": "Emp. PE-3SZ - Huayucachi - Barrio Chancas - Chilca.", "jerarquia": "departamental/vecinal", "departamento": "Junín", "provincia": "Huancayo", "distrito": "", "motivo": "last_mile_progresol", "progresol_servido": "FERRETERIA RAUL", "progresol_direccion": "AV LEONCIO PRADO # 2552 ", "progresol_dist_m": 75.7, "puntos_criticos_1km": 8, "pc_lng": -75.22776, "pc_lat": -12.10327, "long_km": 6.239999770000001, "dist_min_m": 413.3, "peligro": "Inundación", "nivel": "", "fid": 176}, "geometry": {"type": "LineString", "coordinates": [[-75.224024, -12.139832], [-75.224565, -12.139461], [-75.223639, -12.134831], [-75.224332, -12.128997], [-75.223816, -12.115912], [-75.22453, -12.105946], [-75.222508, -12.099273], [-75.222116, -12.093586], [-75.21871, -12.086318]]}}, {"type": "Feature", "properties": {"ruta": "JU-841", "nombre": "Emp. PE-3S B - Emp. JU-840.", "jerarquia": "departamental/vecinal", "departamento": "Junín", "provincia": "Concepción", "distrito": "", "motivo": "last_mile_progresol", "progresol_servido": "FERRETERIA CADEMA", "progresol_direccion": "CARRETERA CENTRAL 1696 ", "progresol_dist_m": 2211.2, "puntos_criticos_1km": 8, "pc_lng": -75.31357, "pc_lat": -11.93873, "long_km": 0.76999998, "dist_min_m": 203.4, "peligro": "Inundación, erosión fluvial", "nivel": "Muy alto", "fid": 177}, "geometry": {"type": "LineString", "coordinates": [[-75.314573, -11.940346], [-75.312287, -11.940505], [-75.310287, -11.944674]]}}, {"type": "Feature", "properties": {"ruta": "AN-1028", "nombre": "Emp. PE-1N - El Carmen - 3 de Septiembre - Emp. AN-1031.", "jerarquia": "departamental/vecinal", "departamento": "Áncash", "provincia": "Casma", "distrito": "", "motivo": "last_mile_progresol", "progresol_servido": "CORPORACION CAF S.A.C", "progresol_direccion": "AV. LIBERTAD MZA. B2 LOTE. 17 URB. PV CASMA ZONA ESTE", "progresol_dist_m": 1001.8, "puntos_criticos_1km": 8, "pc_lng": -78.31109, "pc_lat": -9.48208, "long_km": 3.40199995, "dist_min_m": 28.3, "peligro": "Inundación, flujo de detritos, erosión", "nivel": null, "fid": 178}, "geometry": {"type": "LineString", "coordinates": [[-78.314673, -9.468636], [-78.313816, -9.470716], [-78.315553, -9.46988], [-78.318278, -9.472377], [-78.313525, -9.479683], [-78.308392, -9.483196], [-78.301896, -9.484749]]}}, {"type": "Feature", "properties": {"ruta": "JU-892", "nombre": "Emp. JU-890 (Chupaca - Av. Castilla) - Emp. JU-896 (Huamancaca Chico).", "jerarquia": "departamental/vecinal", "departamento": "Junín", "provincia": "Chupaca", "distrito": "", "motivo": "last_mile_progresol", "progresol_servido": "DISTRIBUIDORA HENRY", "progresol_direccion": "AV 9 DE OCTUBRE S/ N ", "progresol_dist_m": 651.0, "puntos_criticos_1km": 8, "pc_lng": -75.24999, "pc_lat": -12.06278, "long_km": 2.29900002, "dist_min_m": 214.6, "peligro": "Inundación", "nivel": "", "fid": 179}, "geometry": {"type": "LineString", "coordinates": [[-75.26339, -12.061724], [-75.254055, -12.064495], [-75.251229, -12.064278], [-75.249267, -12.066477], [-75.248159, -12.071642]]}}, {"type": "Feature", "properties": {"ruta": "JU-897", "nombre": "Emp. PE-3SZ (Barrio Norte) - Emp. PE-3SZ (Huamancaca Chico).", "jerarquia": "departamental/vecinal", "departamento": "Junín", "provincia": "Chupaca", "distrito": "", "motivo": "last_mile_progresol", "progresol_servido": "DISTRIBUIDORA HENRY", "progresol_direccion": "AV 9 DE OCTUBRE S/ N ", "progresol_dist_m": 644.7, "puntos_criticos_1km": 8, "pc_lng": -75.24072, "pc_lat": -12.06499, "long_km": 1.09099996, "dist_min_m": 285.6, "peligro": "Inundación", "nivel": "", "fid": 180}, "geometry": {"type": "LineString", "coordinates": [[-75.242757, -12.066611], [-75.247975, -12.066801], [-75.24778, -12.07167]]}}, {"type": "Feature", "properties": {"ruta": "R", "nombre": "Emp. PE-3S-Z (Huamancaca Chico) - JU-899", "jerarquia": "departamental/vecinal", "departamento": "Junín", "provincia": "Chupaca", "distrito": "", "motivo": "last_mile_progresol", "progresol_servido": "DISTRIBUIDORA HENRY", "progresol_direccion": "AV 9 DE OCTUBRE S/ N ", "progresol_dist_m": 628.0, "puntos_criticos_1km": 8, "pc_lng": -75.2358, "pc_lat": -12.07413, "long_km": 0.5690000100000001, "dist_min_m": 411.1, "peligro": "Inundación", "nivel": "Alto", "fid": 181}, "geometry": {"type": "LineString", "coordinates": [[-75.242476, -12.074678], [-75.239554, -12.074731], [-75.239533, -12.076974]]}}, {"type": "Feature", "properties": {"ruta": "IC-575", "nombre": "Emp. IC-574 - Río Pisco.", "jerarquia": "departamental/vecinal", "departamento": "Ica", "provincia": "Pisco", "distrito": "", "motivo": "last_mile_progresol", "progresol_servido": "DISTRIBUIDORA Y FERRETERIA TOTO", "progresol_direccion": "CAL.LAS TROTUGAS MZA. B LOTE. 04 URB. SANTA MONICA", "progresol_dist_m": 1077.1, "puntos_criticos_1km": 8, "pc_lng": -76.14222, "pc_lat": -13.69325, "long_km": 1.30999994, "dist_min_m": 249.7, "peligro": "Erosión fluvial", "nivel": "Alto", "fid": 182}, "geometry": {"type": "LineString", "coordinates": [[-76.139861, -13.705184], [-76.139867, -13.702589], [-76.142038, -13.702326], [-76.141505, -13.695385]]}}, {"type": "Feature", "properties": {"ruta": "IC-674", "nombre": "Emp. PE-1S - Emp. IC-673 (Cachiche).", "jerarquia": "departamental/vecinal", "departamento": "Ica", "provincia": "Ica", "distrito": "", "motivo": "last_mile_progresol", "progresol_servido": "FERRETERIA CAHUA", "progresol_direccion": "PP.JJ . CONFRATERNIDAD  A-25 ", "progresol_dist_m": 6.4, "puntos_criticos_1km": 8, "pc_lng": -75.71842, "pc_lat": -14.08832, "long_km": 0.6990000000000001, "dist_min_m": 637.8, "peligro": "Inundación", "nivel": null, "fid": 183}, "geometry": {"type": "LineString", "coordinates": [[-75.724335, -14.088412], [-75.726561, -14.094343]]}}, {"type": "Feature", "properties": {"ruta": "IC-675", "nombre": "Emp. PE-1S - Emp. IC-676.", "jerarquia": "departamental/vecinal", "departamento": "Ica", "provincia": "Ica", "distrito": "", "motivo": "last_mile_progresol", "progresol_servido": "JESUS MARTINEZ", "progresol_direccion": "MZA. E LOTE. 71A URB. VALLE ESMERALDA (COST. GRIFO PRIMAVERA-SUB LOT", "progresol_dist_m": 1623.6, "puntos_criticos_1km": 8, "pc_lng": -75.72325, "pc_lat": -14.11505, "long_km": 1.64400005, "dist_min_m": 3.3, "peligro": "Inundación, flujo de detritos, erosión", "nivel": null, "fid": 184}, "geometry": {"type": "LineString", "coordinates": [[-75.718505, -14.105626], [-75.719622, -14.10597], [-75.724564, -14.118727]]}}, {"type": "Feature", "properties": {"ruta": "AP-680", "nombre": "Emp. PE-30 B - Emp. AP-104.", "jerarquia": "departamental/vecinal", "departamento": "Apurímac", "provincia": "Andahuaylas", "distrito": "", "motivo": "last_mile_progresol", "progresol_servido": "FERRETERIA CEYCOR", "progresol_direccion": "JR. EL BOSQUE LOTE. 03 PALTACC ", "progresol_dist_m": 1503.9, "puntos_criticos_1km": 8, "pc_lng": -73.42233, "pc_lat": -13.6601, "long_km": 1.22800004, "dist_min_m": 599.9, "peligro": "Inundación, Erosión Fluvial", "nivel": "Alto", "fid": 185}, "geometry": {"type": "LineString", "coordinates": [[-73.417111, -13.670809], [-73.420388, -13.6699], [-73.420762, -13.66864], [-73.422849, -13.667764], [-73.425253, -13.664719]]}}, {"type": "Feature", "properties": {"ruta": "PE-1N", "nombre": "I.V. Santa Anita - I.V. Huacho - Chimbote - Ov. La Marina (PE-10 A) - Ov. El Milagro - Paiján - Mocupe - Reque - Chiclayo - Lambayeque - Pte. Grau - Pte. Sullana Dv. Talara - Máncora - Zorritos - Tumbes - Pte. Internacional de La Paz (fr. Ecuador).", "jerarquia": "nacional", "departamento": "Lima", "provincia": " ", "distrito": "", "motivo": "last_mile_progresol", "progresol_servido": "FERRETERIA HEIDY", "progresol_direccion": "MZA. F LOTE. 15 ASOC.DE VIV.SANTA I PARADERO ESTABLO PANAMERICANA NORTE)", "progresol_dist_m": 874.7, "puntos_criticos_1km": 8, "pc_lng": -77.06307, "pc_lat": -11.90007, "long_km": 0.22400001, "dist_min_m": 686.5, "peligro": "Inundación", "nivel": null, "fid": 186}, "geometry": {"type": "LineString", "coordinates": [[-77.067891, -11.896083], [-77.068021, -11.894171]]}}, {"type": "Feature", "properties": {"ruta": "PE-3S", "nombre": "Repartición La Oroya (PE-22) - Huancayo - Izcuchaca (PE-26) - Mayoc - Ayacucho - Andahuaylas (PE-30 B) - Abancay - Anta - Cusco - Urcos - Ayaviri (PE-3S G) - Calapuja - Puno (PE-36 B) - Ilave - Pte. Internacional Desaguadero (fr. Bolivia).", "jerarquia": "nacional", "departamento": "Apurímac", "provincia": " ", "distrito": "", "motivo": "last_mile_progresol", "progresol_servido": "NUTREX", "progresol_direccion": "AV. AVENIDA PERU NRO. 128 URB. AVENIDA PERU", "progresol_dist_m": 197.1, "puntos_criticos_1km": 8, "pc_lng": -73.38104, "pc_lat": -13.65905, "long_km": 1.97399998, "dist_min_m": 44.2, "peligro": "Inundación, Erosión Fluvial", "nivel": "Alto", "fid": 187}, "geometry": {"type": "LineString", "coordinates": [[-73.386985, -13.658336], [-73.376961, -13.658817]]}}, {"type": "Feature", "properties": {"ruta": "PE-3S", "nombre": "Repartición La Oroya (PE-22) - Huancayo - Izcuchaca (PE-26) - Mayoc - Ayacucho - Andahuaylas (PE-30 B) - Abancay - Anta - Cusco - Urcos - Ayaviri (PE-3S G) - Calapuja - Puno (PE-36 B) - Ilave - Pte. Internacional Desaguadero (fr. Bolivia).", "jerarquia": "nacional", "departamento": "Ayacucho", "provincia": " ", "distrito": "", "motivo": "last_mile_progresol", "progresol_servido": "FERRETERÍA QUINTERO", "progresol_direccion": "JR. CORDOVA NRO. 120 ", "progresol_dist_m": 948.6, "puntos_criticos_1km": 8, "pc_lng": -74.23823, "pc_lat": -12.94651, "long_km": 1.83599997, "dist_min_m": 427.8, "peligro": "", "nivel": "", "fid": 188}, "geometry": {"type": "LineString", "coordinates": [[-74.23914, -12.940351], [-74.231972, -12.945906], [-74.231363, -12.949766], [-74.229751, -12.952748]]}}, {"type": "Feature", "properties": {"ruta": "PE-1S", "nombre": "I.V. Santa Anita - Chincha Alta - Ica - Nazca - Dv. Camaná - Dv. Quilca (PE-1S D) - La Repartición (Dv. Arequipa) - Dv. Pto. Matarani (PE- 34) - La Joya - Dv. Moquegua (PE-36 A) - Dv. Ilo (PE-36) - Tacna (PE-38) - La Concordia (fr. Chile).", "jerarquia": "nacional", "departamento": "Ica", "provincia": " ", "distrito": "", "motivo": "last_mile_progresol", "progresol_servido": "JESUS MARTINEZ", "progresol_direccion": "MZA. E LOTE. 71A URB. VALLE ESMERALDA (COST. GRIFO PRIMAVERA-SUB LOT", "progresol_dist_m": 289.2, "puntos_criticos_1km": 8, "pc_lng": -75.71977, "pc_lat": -14.10592, "long_km": 3.54200006, "dist_min_m": 180.2, "peligro": "Inundación", "nivel": null, "fid": 189}, "geometry": {"type": "LineString", "coordinates": [[-75.717846, -14.105098], [-75.718238, -14.107713], [-75.716273, -14.126382], [-75.717529, -14.136882]]}}, {"type": "Feature", "properties": {"ruta": "PE-3S", "nombre": "Repartición La Oroya (PE-22) - Huancayo - Izcuchaca (PE-26) - Mayoc - Ayacucho - Andahuaylas (PE-30 B) - Abancay - Anta - Cusco - Urcos - Ayaviri (PE-3S G) - Calapuja - Puno (PE-36 B) - Ilave - Pte. Internacional Desaguadero (fr. Bolivia).", "jerarquia": "nacional", "departamento": "Ayacucho", "provincia": " ", "distrito": "", "motivo": "last_mile_progresol", "progresol_servido": "MULTINEGOCIOS TITO", "progresol_direccion": "JR. GERVACIO SANTILLANA N° 926 ", "progresol_dist_m": 2697.0, "puntos_criticos_1km": 8, "pc_lng": -74.32794, "pc_lat": -12.86676, "long_km": 15.80000019, "dist_min_m": 33.7, "peligro": "Inundación, erosión fluvial", "nivel": "Alto", "fid": 190}, "geometry": {"type": "LineString", "coordinates": [[-74.332113, -12.850282], [-74.329142, -12.855542], [-74.330478, -12.859774], [-74.329619, -12.864016], [-74.328084, -12.865662], [-74.32576, -12.872133], [-74.323492, -12.873443], [-74.316601, -12.88446], [-74.316325, -12.88862], [-74.313901, -12.89125], [-74.313887, -12.894412], [-74.319106, -12.904589], [-74.317974, -12.906865], [-74.316833, -12.905142], [-74.315142, -12.905479], [-74.314176, -12.904662], [-74.312965, -12.905071], [-74.311814, -12.907184], [-74.308325, -12.907576], [-74.306863, -12.910814], [-74.30833, -12.913331], [-74.306834, -12.914481], [-74.305664, -12.91713], [-74.304003, -12.917427], [-74.303368, -12.918707], [-74.299757, -12.914771], [-74.299038, -12.919178], [-74.298296, -12.919936], [-74.29554, -12.918002], [-74.293826, -12.91492], [-74.292241, -12.916919], [-74.290656, -12.916148], [-74.287791, -12.917802], [-74.285575, -12.915802], [-74.285019, -12.913255], [-74.279774, -12.915455], [-74.271978, -12.916945], [-74.270936, -12.918883]]}}, {"type": "Feature", "properties": {"ruta": "PE-22A", "nombre": "Emp. PE-1S (I.V. Mala) - Calango - La Capilla - San Juan de Viscas – Alloca  Huancata – Sangallaya - San Lorenzo de Quinti - San Juan de Tantarache – Carhuapampa – Chicllapata – Chayanca – Yuracmayo – Emp. PE-22 (Río Blanco)", "jerarquia": "nacional", "departamento": "Lima", "provincia": " ", "distrito": "", "motivo": "last_mile_progresol", "progresol_servido": "DMC JUAN PABLO II", "progresol_direccion": "AV. PANAMERICANA NRO. 602 ", "progresol_dist_m": 1619.2, "puntos_criticos_1km": 8, "pc_lng": -76.63572, "pc_lat": -12.63343, "long_km": 0.80299997, "dist_min_m": 571.1, "peligro": "Inundación", "nivel": "", "fid": 191}, "geometry": {"type": "LineString", "coordinates": [[-76.634136, -12.64506], [-76.630155, -12.633835]]}}, {"type": "Feature", "properties": {"ruta": "PE-1N", "nombre": "I.V. Santa Anita - I.V. Huacho - Chimbote - Ov. La Marina (PE-10 A) - Ov. El Milagro - Paiján - Mocupe - Reque - Chiclayo - Lambayeque - Pte. Grau - Pte. Sullana Dv. Talara - Máncora - Zorritos - Tumbes - Pte. Internacional de La Paz (fr. Ecuador).", "jerarquia": "nacional", "departamento": "Lima", "provincia": " ", "distrito": "", "motivo": "last_mile_progresol", "progresol_servido": "FERRETERIA HEIDY", "progresol_direccion": "MZA. F LOTE. 15 ASOC.DE VIV.SANTA I PARADERO ESTABLO PANAMERICANA NORTE)", "progresol_dist_m": 1023.7, "puntos_criticos_1km": 8, "pc_lng": -77.06307, "pc_lat": -11.90007, "long_km": 0.045000000000000005, "dist_min_m": 656.4, "peligro": "Inundación", "nivel": null, "fid": 192}, "geometry": {"type": "LineString", "coordinates": [[-77.067872, -11.896491], [-77.067891, -11.896083]]}}, {"type": "Feature", "properties": {"ruta": "PE-22", "nombre": "Emp. PE-1N (I.V. La Menacho) – Pte. Carlos Graña – I.V. Huachipa - Pte. Huachipa – Dv. Sta. Anita (Av. Las Torres – Av. Nicolas Ayllón) - Sta. Clara - Pte. Los Angeles - Chosica (Av. Nicolas Ayllón) - Ricardo Palma - Pte. Ricardo Palma - Pte.", "jerarquia": "nacional", "departamento": "Lima", "provincia": " ", "distrito": "", "motivo": "last_mile_progresol", "progresol_servido": "GRUPO GILMAR", "progresol_direccion": "CARRETERA CENTRAL KM 38.500 ", "progresol_dist_m": 9.7, "puntos_criticos_1km": 8, "pc_lng": -76.6556, "pc_lat": -11.92708, "long_km": 0.9679999900000001, "dist_min_m": 264.9, "peligro": "Erosión fluvial", "nivel": "Muy alto", "fid": 193}, "geometry": {"type": "LineString", "coordinates": [[-76.662518, -11.922878], [-76.661289, -11.923712], [-76.657321, -11.923654], [-76.654257, -11.925079]]}}, {"type": "Feature", "properties": {"ruta": "LM-114", "nombre": "Emp. PE-22 (Pte. Huachipa) - Huachipa - Nieveria - Huaycoloro – Dv. Jicamarca – San Juan de Collata - Emp. LM- 111 (Arahuay).", "jerarquia": "departamental/vecinal", "departamento": "Lima", "provincia": "Lima", "distrito": "", "motivo": "last_mile_progresol", "progresol_servido": "CONSORCIO HUACHIPA", "progresol_direccion": "MZA. L LOTE. 4 ASOC.DIG.NACIONAL  (AV.CIRCUNVALACION)", "progresol_dist_m": 431.8, "puntos_criticos_1km": 8, "pc_lng": -76.90061, "pc_lat": -12.01479, "long_km": 0.35200000000000004, "dist_min_m": 627.2, "peligro": "Inundación, erosión fluvial", "nivel": "Muy alto", "fid": 194}, "geometry": {"type": "LineString", "coordinates": [[-76.904851, -12.010974], [-76.905128, -12.007842]]}}, {"type": "Feature", "properties": {"ruta": "LM-114", "nombre": "Emp. PE-22 (Pte. Huachipa) - Huachipa - Nieveria - Huaycoloro – Dv. Jicamarca – San Juan de Collata - Emp. LM- 111 (Arahuay).", "jerarquia": "departamental/vecinal", "departamento": "Lima", "provincia": "Lima", "distrito": "", "motivo": "last_mile_progresol", "progresol_servido": "CONSORCIO HUACHIPA", "progresol_direccion": "MZA. L LOTE. 4 ASOC.DIG.NACIONAL  (AV.CIRCUNVALACION)", "progresol_dist_m": 363.2, "puntos_criticos_1km": 8, "pc_lng": -76.90061, "pc_lat": -12.01479, "long_km": 0.10700000000000001, "dist_min_m": 525.4, "peligro": "Inundación, erosión fluvial", "nivel": "Muy alto", "fid": 195}, "geometry": {"type": "LineString", "coordinates": [[-76.904291, -12.011736], [-76.904851, -12.010974]]}}, {"type": "Feature", "properties": {"ruta": "LM-653", "nombre": "Emp. LM-652 - Sta. Rosalia Bajo - Nininga Chica.", "jerarquia": "departamental/vecinal", "departamento": "Lima", "provincia": "Huaura", "distrito": "", "motivo": "last_mile_progresol", "progresol_servido": "COMERCIAL Y DISTRIBUIDORA CENTENARIO S.A.C.", "progresol_direccion": "AV. CENTENARIO NRO. 702 INT. 1 A.H. ", "progresol_dist_m": 1217.6, "puntos_criticos_1km": 7, "pc_lng": -77.53648, "pc_lat": -11.10669, "long_km": 19.81999969, "dist_min_m": 142.7, "peligro": "Inundación", "nivel": "", "fid": 196}, "geometry": {"type": "LineString", "coordinates": [[-77.576545, -11.107521], [-77.537234, -11.107759], [-77.534661, -11.11147], [-77.533964, -11.115201], [-77.53144, -11.117783], [-77.529707, -11.121752], [-77.524174, -11.122818], [-77.520543, -11.120484], [-77.514294, -11.108665], [-77.511982, -11.102332], [-77.507803, -11.097317], [-77.505975, -11.093259], [-77.501213, -11.089795], [-77.500197, -11.088127], [-77.49769, -11.087455], [-77.493437, -11.091341], [-77.486647, -11.095249], [-77.485471, -11.095757], [-77.483695, -11.094757], [-77.480812, -11.095388], [-77.474474, -11.099299], [-77.475594, -11.101047], [-77.474937, -11.102164], [-77.473445, -11.102513], [-77.470987, -11.105402], [-77.467917, -11.105772], [-77.465925, -11.108052], [-77.460849, -11.109059], [-77.456723, -11.11141], [-77.446391, -11.113191], [-77.44327, -11.115518], [-77.441987, -11.115282], [-77.441708, -11.113715]]}}, {"type": "Feature", "properties": {"ruta": "HU-1023", "nombre": "EMP. PE-18 A (HUÁNUCO) - MITO PAMPA - EMP. HU-112.", "jerarquia": "departamental/vecinal", "departamento": "Huánuco", "provincia": "Huánuco", "distrito": "", "motivo": "last_mile_progresol", "progresol_servido": "FERRETERIA FERRO VISION", "progresol_direccion": "ABTAO NRO 1434 ", "progresol_dist_m": 491.2, "puntos_criticos_1km": 7, "pc_lng": -76.23029, "pc_lat": -9.92761, "long_km": 12.44999981, "dist_min_m": 194.2, "peligro": "Inundación", "nivel": "", "fid": 197}, "geometry": {"type": "LineString", "coordinates": [[-76.232806, -9.924083], [-76.230637, -9.924737], [-76.229203, -9.926234], [-76.229031, -9.925596], [-76.226983, -9.928875], [-76.22685, -9.926626], [-76.22627, -9.927287], [-76.226689, -9.926012], [-76.225218, -9.928255], [-76.22441, -9.928359], [-76.224837, -9.927872], [-76.224028, -9.927783], [-76.224416, -9.927087], [-76.223774, -9.927461], [-76.223273, -9.925824], [-76.22167, -9.924715], [-76.221532, -9.925665], [-76.220952, -9.924831], [-76.221258, -9.927117], [-76.220677, -9.927532], [-76.218459, -9.925536], [-76.218169, -9.926798], [-76.217385, -9.923965], [-76.215974, -9.923208], [-76.216872, -9.924454], [-76.216459, -9.926909], [-76.215336, -9.931723], [-76.213486, -9.93433], [-76.214004, -9.925842], [-76.212419, -9.922802], [-76.210648, -9.922674], [-76.208416, -9.924965], [-76.205918, -9.925252], [-76.205831, -9.924367], [-76.204972, -9.926871], [-76.203879, -9.926776], [-76.203564, -9.928002], [-76.20087, -9.927243], [-76.196972, -9.928022], [-76.195329, -9.926604], [-76.191296, -9.926454], [-76.185513, -9.928328], [-76.185711, -9.926399], [-76.1872, -9.925371], [-76.186594, -9.922079]]}}, {"type": "Feature", "properties": {"ruta": "HU-1024", "nombre": "EMP. PE-3N (AMARILIS) - MOYOPUCRO - CHICCHUY - CERRO ALEGRE - MACCHI - EMP. HU-112 (SAN ANTONIO DE PAUCAR).", "jerarquia": "departamental/vecinal", "departamento": "Huánuco", "provincia": "Huánuco", "distrito": "", "motivo": "last_mile_progresol", "progresol_servido": "FERRETERA ALVA", "progresol_direccion": "UNIVERSITARIA N°1308 ", "progresol_dist_m": 835.3, "puntos_criticos_1km": 7, "pc_lng": -76.24468, "pc_lat": -9.95194, "long_km": 0.39300001, "dist_min_m": 309.8, "peligro": "Inundación, flujo de detritos, erosión fluvial", "nivel": "Muy alto", "fid": 198}, "geometry": {"type": "LineString", "coordinates": [[-76.242701, -9.946997], [-76.243034, -9.949671]]}}, {"type": "Feature", "properties": {"ruta": "AY-624", "nombre": "Emp. AY-619 - Pampacancha - Pta. Carretera.", "jerarquia": "departamental/vecinal", "departamento": "Ayacucho", "provincia": "Huanta", "distrito": "", "motivo": "last_mile_progresol", "progresol_servido": "CENTRO CERÁMICO TITO", "progresol_direccion": "Jr. TARAPACÁ N° 591-593 ", "progresol_dist_m": 1391.1, "puntos_criticos_1km": 7, "pc_lng": -74.24772, "pc_lat": -12.92867, "long_km": 0.14, "dist_min_m": 494.5, "peligro": "Inundación, flujo de detritos, erosión fluvial", "nivel": " ", "fid": 199}, "geometry": {"type": "LineString", "coordinates": [[-74.242452, -12.928526], [-74.243212, -12.927665]]}}, {"type": "Feature", "properties": {"ruta": "AY-624", "nombre": "Emp. AY-619 - Pampacancha - Pta. Carretera.", "jerarquia": "departamental/vecinal", "departamento": "Ayacucho", "provincia": "Huanta", "distrito": "", "motivo": "last_mile_progresol", "progresol_servido": "FERRETERÍA QUINTERO", "progresol_direccion": "JR. CORDOVA NRO. 120 ", "progresol_dist_m": 960.9, "puntos_criticos_1km": 7, "pc_lng": -74.23874, "pc_lat": -12.93194, "long_km": 0.44999999, "dist_min_m": 477.1, "peligro": "Inundación", "nivel": "", "fid": 200}, "geometry": {"type": "LineString", "coordinates": [[-74.244107, -12.932528], [-74.242452, -12.928526]]}}, {"type": "Feature", "properties": {"ruta": "R", "nombre": "Emp. PE-3S (Ayacucho) - Planta Eléctrica", "jerarquia": "departamental/vecinal", "departamento": "Ayacucho", "provincia": "Huamanga", "distrito": "", "motivo": "last_mile_progresol", "progresol_servido": "FERRETERIA J-ABNER", "progresol_direccion": "AV LOS LIBERTADORES.MZ B LOTE 4 F ", "progresol_dist_m": 264.8, "puntos_criticos_1km": 7, "pc_lng": -74.23025, "pc_lat": -13.16736, "long_km": 0.8500000200000001, "dist_min_m": 711.6, "peligro": "Inundación, erosión fluvial", "nivel": "Alto", "fid": 201}, "geometry": {"type": "LineString", "coordinates": [[-74.221528, -13.176467], [-74.224453, -13.171961], [-74.224242, -13.169987]]}}, {"type": "Feature", "properties": {"ruta": "R", "nombre": "Emp. PE-3S (Ayacucho) - Planta Eléctrica", "jerarquia": "departamental/vecinal", "departamento": "Ayacucho", "provincia": "Huamanga", "distrito": "", "motivo": "last_mile_progresol", "progresol_servido": "FERRETERIA TANTA", "progresol_direccion": "Av. San Francisco MZ.A2 Lt.4 Los Ol ", "progresol_dist_m": 777.9, "puntos_criticos_1km": 7, "pc_lng": -74.23025, "pc_lat": -13.16736, "long_km": 0.22, "dist_min_m": 712.9, "peligro": "Inundación, erosión fluvial", "nivel": "Alto", "fid": 202}, "geometry": {"type": "LineString", "coordinates": [[-74.224242, -13.169987], [-74.222567, -13.168864]]}}, {"type": "Feature", "properties": {"ruta": "JU-840", "nombre": "Emp. PE-3S B (La Huaycha) - Emp. JU-1089.", "jerarquia": "departamental/vecinal", "departamento": "Junín", "provincia": "Concepción", "distrito": "", "motivo": "last_mile_progresol", "progresol_servido": "FERRETERIA CADEMA", "progresol_direccion": "CARRETERA CENTRAL 1696 ", "progresol_dist_m": 2022.3, "puntos_criticos_1km": 7, "pc_lng": -75.31357, "pc_lat": -11.93873, "long_km": 0.47999999000000004, "dist_min_m": 89.6, "peligro": "Inundación, erosión fluvial", "nivel": "Muy alto", "fid": 203}, "geometry": {"type": "LineString", "coordinates": [[-75.313053, -11.938106], [-75.309533, -11.938195]]}}, {"type": "Feature", "properties": {"ruta": "JU-840", "nombre": "Emp. PE-3S B (La Huaycha) - Emp. JU-1089.", "jerarquia": "departamental/vecinal", "departamento": "Junín", "provincia": "Concepción", "distrito": "", "motivo": "last_mile_progresol", "progresol_servido": "FERRETERIA CADEMA", "progresol_direccion": "CARRETERA CENTRAL 1696 ", "progresol_dist_m": 2087.5, "puntos_criticos_1km": 7, "pc_lng": -75.31357, "pc_lat": -11.93873, "long_km": 0.2, "dist_min_m": 15.6, "peligro": "Inundación, erosión fluvial", "nivel": "Muy alto", "fid": 204}, "geometry": {"type": "LineString", "coordinates": [[-75.314573, -11.940346], [-75.313585, -11.938871]]}}, {"type": "Feature", "properties": {"ruta": "JU-840", "nombre": "Emp. PE-3S B (La Huaycha) - Emp. JU-1089.", "jerarquia": "departamental/vecinal", "departamento": "Junín", "provincia": "Concepción", "distrito": "", "motivo": "last_mile_progresol", "progresol_servido": "FERRETERIA CADEMA", "progresol_direccion": "CARRETERA CENTRAL 1696 ", "progresol_dist_m": 2028.7, "puntos_criticos_1km": 7, "pc_lng": -75.31357, "pc_lat": -11.93873, "long_km": 0.1, "dist_min_m": 7.4, "peligro": "Inundación, erosión fluvial", "nivel": "Muy alto", "fid": 205}, "geometry": {"type": "LineString", "coordinates": [[-75.313585, -11.938871], [-75.313053, -11.938106]]}}, {"type": "Feature", "properties": {"ruta": "AP-558", "nombre": "Emp. PE-3S (Talavera) - Uchuhuancaray - Orjón Marca - Pta. Carretera.", "jerarquia": "departamental/vecinal", "departamento": "Apurímac", "provincia": "Andahuaylas", "distrito": "", "motivo": "last_mile_progresol", "progresol_servido": "FERRETERIA CEYCOR", "progresol_direccion": "JR. EL BOSQUE LOTE. 03 PALTACC ", "progresol_dist_m": 2869.2, "puntos_criticos_1km": 7, "pc_lng": -73.44592, "pc_lat": -13.64134, "long_km": 19.64999962, "dist_min_m": 189.6, "peligro": "Inundación", "nivel": "", "fid": 206}, "geometry": {"type": "LineString", "coordinates": [[-73.429291, -13.653147], [-73.42919, -13.652311], [-73.440614, -13.648189], [-73.441351, -13.64569], [-73.444126, -13.642498], [-73.443988, -13.639605], [-73.446122, -13.638452], [-73.445455, -13.635745], [-73.448093, -13.636602], [-73.450533, -13.633824], [-73.451163, -13.626488], [-73.44421, -13.625541], [-73.44265, -13.624482], [-73.446278, -13.624415], [-73.449862, -13.621915], [-73.449506, -13.61404], [-73.448805, -13.612417], [-73.449351, -13.610893], [-73.448631, -13.609397], [-73.449842, -13.609332], [-73.449627, -13.606909], [-73.448247, -13.605869], [-73.44768, -13.603561], [-73.443913, -13.603022], [-73.443285, -13.600937], [-73.44385, -13.598484], [-73.440048, -13.597719], [-73.43756, -13.595272], [-73.438616, -13.592097], [-73.437895, -13.590637], [-73.434234, -13.588137], [-73.432367, -13.58785], [-73.433146, -13.586313], [-73.435415, -13.585532], [-73.436608, -13.584003], [-73.436147, -13.5824], [-73.437442, -13.580881], [-73.435884, -13.581603], [-73.434509, -13.579922], [-73.434788, -13.581153], [-73.433686, -13.580125], [-73.430948, -13.580478], [-73.433178, -13.58107], [-73.433015, -13.582281], [-73.432429, -13.581455], [-73.432154, -13.582556], [-73.431135, -13.582956], [-73.430856, -13.581861], [-73.430175, -13.582787], [-73.429288, -13.581417], [-73.428903, -13.582409], [-73.426621, -13.583696], [-73.426803, -13.585691], [-73.425317, -13.58517], [-73.425453, -13.584258], [-73.424057, -13.583011], [-73.419912, -13.584692], [-73.422374, -13.581717], [-73.418656, -13.579406], [-73.41669, -13.574928]]}}, {"type": "Feature", "properties": {"ruta": "AY-627", "nombre": "Emp. AY-624 - Uchcumarca - Pta. Carretera.", "jerarquia": "departamental/vecinal", "departamento": "Ayacucho", "provincia": "Huanta", "distrito": "", "motivo": "last_mile_progresol", "progresol_servido": "CENTRO CERÁMICO TITO", "progresol_direccion": "Jr. TARAPACÁ N° 591-593 ", "progresol_dist_m": 1466.5, "puntos_criticos_1km": 7, "pc_lng": -74.24772, "pc_lat": -12.92867, "long_km": 1.13, "dist_min_m": 514.1, "peligro": "Inundación, flujo de detritos, erosión fluvial", "nivel": " ", "fid": 207}, "geometry": {"type": "LineString", "coordinates": [[-74.243218, -12.927207], [-74.241151, -12.927864], [-74.242319, -12.92696], [-74.238856, -12.926957], [-74.236794, -12.925225]]}}, {"type": "Feature", "properties": {"ruta": "AN-727", "nombre": "Emp. AN-110 - Nunupata - Lanchan - Chichucancha.", "jerarquia": "departamental/vecinal", "departamento": "Áncash", "provincia": "Huari", "distrito": "", "motivo": "last_mile_progresol", "progresol_servido": "MULTISERVICIO CUEVA", "progresol_direccion": "JR. SAN MARTIN S/N ", "progresol_dist_m": 1030.9, "puntos_criticos_1km": 7, "pc_lng": -77.1784, "pc_lat": -9.60392, "long_km": 8.90999985, "dist_min_m": 96.6, "peligro": "Inundación, Erosión fluvial", "nivel": "Alto", "fid": 208}, "geometry": {"type": "LineString", "coordinates": [[-77.178977, -9.604571], [-77.180212, -9.602557], [-77.179982, -9.604954], [-77.182274, -9.601685], [-77.181406, -9.599802], [-77.181823, -9.595352], [-77.186307, -9.591455], [-77.186888, -9.58978], [-77.18816, -9.590712], [-77.190308, -9.590508], [-77.194037, -9.59269], [-77.196806, -9.592699], [-77.202537, -9.590394], [-77.202878, -9.591007], [-77.206567, -9.589727], [-77.207804, -9.588002], [-77.210063, -9.588057], [-77.209155, -9.587098], [-77.211908, -9.583267], [-77.216524, -9.580363], [-77.217946, -9.580553], [-77.219359, -9.579423], [-77.222905, -9.580627], [-77.226297, -9.579759], [-77.229564, -9.580248]]}}, {"type": "Feature", "properties": {"ruta": "AN-1031", "nombre": "Emp. PE-1N (Grifo Delusa) - Urb. Piers - Carrizal – Emp. PE-1N.", "jerarquia": "departamental/vecinal", "departamento": "Áncash", "provincia": "Casma", "distrito": "", "motivo": "last_mile_progresol", "progresol_servido": "CORPORACION CAF S.A.C", "progresol_direccion": "AV. LIBERTAD MZA. B2 LOTE. 17 URB. PV CASMA ZONA ESTE", "progresol_dist_m": 575.6, "puntos_criticos_1km": 7, "pc_lng": -78.28394, "pc_lat": -9.49013, "long_km": 2.75699997, "dist_min_m": 130.9, "peligro": "Inundación, erosión", "nivel": "", "fid": 209}, "geometry": {"type": "LineString", "coordinates": [[-78.295504, -9.480939], [-78.297028, -9.484441], [-78.296705, -9.488077], [-78.293823, -9.487672], [-78.289562, -9.488693], [-78.287218, -9.488087], [-78.282995, -9.489267], [-78.281442, -9.488527], [-78.281124, -9.487506]]}}, {"type": "Feature", "properties": {"ruta": "JU-892", "nombre": "Emp. JU-890 (Chupaca - Av. Castilla) - Emp. JU-896 (Huamancaca Chico).", "jerarquia": "departamental/vecinal", "departamento": "Junín", "provincia": "Chupaca", "distrito": "", "motivo": "last_mile_progresol", "progresol_servido": "FERRETERIA YAUYINITO", "progresol_direccion": "JR PETRONA APOLAYA # 602 ", "progresol_dist_m": 763.2, "puntos_criticos_1km": 7, "pc_lng": -75.26951, "pc_lat": -12.05991, "long_km": 2.08999991, "dist_min_m": 205.7, "peligro": "Inundación, flujo de detritos, erosión", "nivel": "Alto", "fid": 210}, "geometry": {"type": "LineString", "coordinates": [[-75.282491, -12.061713], [-75.276092, -12.062299], [-75.26339, -12.061724]]}}, {"type": "Feature", "properties": {"ruta": "JU-895", "nombre": "Emp. JU-892 - Emp. JU-896 (Áreas Agrícolas).", "jerarquia": "departamental/vecinal", "departamento": "Junín", "provincia": "Chupaca", "distrito": "", "motivo": "last_mile_progresol", "progresol_servido": "FERRETERIA ROCIO II", "progresol_direccion": "AV RAYMUNDO S/N ALTO MIRAFLORES ", "progresol_dist_m": 1203.6, "puntos_criticos_1km": 7, "pc_lng": -75.26951, "pc_lat": -12.05991, "long_km": 0.83999997, "dist_min_m": 219.0, "peligro": "Inundación, flujo de detritos, erosión", "nivel": "Alto", "fid": 211}, "geometry": {"type": "LineString", "coordinates": [[-75.269772, -12.061864], [-75.269068, -12.064177], [-75.269759, -12.065502], [-75.268364, -12.068419]]}}, {"type": "Feature", "properties": {"ruta": "R", "nombre": "Emp. PE-3S-Z (Huamancaca Chico) - JU-899", "jerarquia": "departamental/vecinal", "departamento": "Junín", "provincia": "Chupaca", "distrito": "", "motivo": "last_mile_progresol", "progresol_servido": "DISTRIBUIDORA HENRY", "progresol_direccion": "AV 9 DE OCTUBRE S/ N ", "progresol_dist_m": 868.1, "puntos_criticos_1km": 7, "pc_lng": -75.23563, "pc_lat": -12.07838, "long_km": 0.602, "dist_min_m": 414.7, "peligro": "Inundación", "nivel": "", "fid": 212}, "geometry": {"type": "LineString", "coordinates": [[-75.239533, -12.076974], [-75.239264, -12.082398]]}}, {"type": "Feature", "properties": {"ruta": "IC-574", "nombre": "Emp. PE-1S - Casalla Chica - Nuñez - Monte Fuerte - Cuchilla Nueva - Huarangal - Murga - Bernales - Buenos Aires - Fundo Abril - Polvareda - Pta. Carretera.", "jerarquia": "departamental/vecinal", "departamento": "Ica", "provincia": "Pisco", "distrito": "", "motivo": "last_mile_progresol", "progresol_servido": "DISTRIBUIDORA Y FERRETERIA TOTO", "progresol_direccion": "CAL.LAS TROTUGAS MZA. B LOTE. 04 URB. SANTA MONICA", "progresol_dist_m": 1933.2, "puntos_criticos_1km": 7, "pc_lng": -76.12075, "pc_lat": -13.69273, "long_km": 2.04999995, "dist_min_m": 686.8, "peligro": "Erosión fluvial", "nivel": "Alto", "fid": 213}, "geometry": {"type": "LineString", "coordinates": [[-76.118257, -13.698701], [-76.119414, -13.698876], [-76.121107, -13.701111], [-76.122341, -13.700047], [-76.123134, -13.7014], [-76.124769, -13.701148], [-76.130616, -13.70332], [-76.133425, -13.703306]]}}, {"type": "Feature", "properties": {"ruta": "PE-28A", "nombre": "Emp.PE-1S E (Dv. Huaytará) - Independencia - Humay - Huáncano - Pámpano (PE 28 D) - Pte. Huaytara - Pte. Cuyahuasi - Pte. Tullpa - Pte. Dos de Mayo - Pte. Muchic - Pte. Ana Teresa - Pte. Tsej Tsi - Pte. Tranca - Huaytará - Pte. Suyacuna - Pte. Mollep", "jerarquia": "nacional", "departamento": "Ica", "provincia": " ", "distrito": "", "motivo": "last_mile_progresol", "progresol_servido": "PROGRESOL GABRIEL", "progresol_direccion": "MZA. B LOTE. 09 URB. RESID PARACAS ", "progresol_dist_m": 9.0, "puntos_criticos_1km": 7, "pc_lng": -76.15892, "pc_lat": -13.68738, "long_km": 0.9079999900000001, "dist_min_m": 638.9, "peligro": "Inundación, erosión", "nivel": "", "fid": 214}, "geometry": {"type": "LineString", "coordinates": [[-76.156538, -13.682127], [-76.14848, -13.68012]]}}, {"type": "Feature", "properties": {"ruta": "PE-14", "nombre": "Emp. PE-1N (Pte. Carrizales) - Dv. Buena Vista Alta - Yaután - Pariacoto - Yupash - Emp. PE-3N (Huaraz - Bolognesi)", "jerarquia": "nacional", "departamento": "Áncash", "provincia": " ", "distrito": "", "motivo": "last_mile_progresol", "progresol_servido": "CORPORACION CAF S.A.C", "progresol_direccion": "AV. LIBERTAD MZA. B2 LOTE. 17 URB. PV CASMA ZONA ESTE", "progresol_dist_m": 2862.3, "puntos_criticos_1km": 7, "pc_lng": -78.27316, "pc_lat": -9.48562, "long_km": 5.08500004, "dist_min_m": 72.9, "peligro": null, "nivel": "", "fid": 215}, "geometry": {"type": "LineString", "coordinates": [[-78.273444, -9.485031], [-78.270622, -9.484281], [-78.247359, -9.472135], [-78.241525, -9.470301], [-78.235165, -9.462264]]}}, {"type": "Feature", "properties": {"ruta": "PE-3SL", "nombre": "Emp. PE-3S (Ayacucho) - Tambillo - Tambochuco - Matará - Emp. PE-3S (Dv. Ocros)", "jerarquia": "nacional", "departamento": "Ayacucho", "provincia": " ", "distrito": "", "motivo": "last_mile_progresol", "progresol_servido": "FERRETERIA YANINA MANTILLA", "progresol_direccion": "JR. JOSE SANTOS ATAHUALPA SIN NUMER ", "progresol_dist_m": 56.2, "puntos_criticos_1km": 7, "pc_lng": -74.21562, "pc_lat": -13.16609, "long_km": 1.2000000499999999, "dist_min_m": 370.3, "peligro": "Inundación", "nivel": "", "fid": 216}, "geometry": {"type": "LineString", "coordinates": [[-74.212619, -13.167696], [-74.202064, -13.171046]]}}, {"type": "Feature", "properties": {"ruta": "PE-22A", "nombre": "Emp. PE-1S (I.V. Mala) - Calango - La Capilla - San Juan de Viscas – Alloca  Huancata – Sangallaya - San Lorenzo de Quinti - San Juan de Tantarache – Carhuapampa – Chicllapata – Chayanca – Yuracmayo – Emp. PE-22 (Río Blanco)", "jerarquia": "nacional", "departamento": "Lima", "provincia": " ", "distrito": "", "motivo": "last_mile_progresol", "progresol_servido": "DMC JUAN PABLO II", "progresol_direccion": "AV. PANAMERICANA NRO. 602 ", "progresol_dist_m": 957.4, "puntos_criticos_1km": 7, "pc_lng": -76.64198, "pc_lat": -12.64499, "long_km": 1.12899995, "dist_min_m": 684.4, "peligro": "Inundación", "nivel": "", "fid": 217}, "geometry": {"type": "LineString", "coordinates": [[-76.638925, -12.652426], [-76.634136, -12.64506]]}}, {"type": "Feature", "properties": {"ruta": "PE-18", "nombre": "Emp. PE-1N (Ov. Río Seco) - El Ahorcado - Sta Rosa - Sayán (PE-1N E) - Churín (Vía de Evitamiento) - Oyón (Jr. Cajatambo, Av Huánuco) - Abra Uchucchacua - Yanahuanca - Emp. PE-3N (Ambo)", "jerarquia": "nacional", "departamento": "Lima", "provincia": " ", "distrito": "", "motivo": "last_mile_progresol", "progresol_servido": "FERRETERIA PALMA", "progresol_direccion": "AV. VICTOR RAMIREZ HORNA ANDAHUASI MZA. A LOTE. 02", "progresol_dist_m": 1669.2, "puntos_criticos_1km": 7, "pc_lng": -77.2693, "pc_lat": -11.14263, "long_km": 13.147000310000001, "dist_min_m": 394.0, "peligro": "Inundación", "nivel": "", "fid": 218}, "geometry": {"type": "LineString", "coordinates": [[-77.310632, -11.218625], [-77.303331, -11.191299], [-77.302756, -11.183784], [-77.301323, -11.179197], [-77.300543, -11.164894], [-77.30193, -11.156977], [-77.2959, -11.143723], [-77.295975, -11.13961], [-77.288816, -11.14333], [-77.274536, -11.145838], [-77.261695, -11.146705]]}}, {"type": "Feature", "properties": {"ruta": "PE-20", "nombre": "Emp. PE-1N (I.V. Zapallal) - Ventanilla - Ov. 200 millas - Av. Gambetta - Pto. Callao", "jerarquia": "nacional", "departamento": "Callao", "provincia": " ", "distrito": "", "motivo": "last_mile_progresol", "progresol_servido": "FERRETERIA SANDOVAL", "progresol_direccion": "AV. JOSE CARLOS MARIATEGUI MZ 44 LT ALFRENTE DEL MERCADO VIRGEN DE LAS MERCE", "progresol_dist_m": 304.9, "puntos_criticos_1km": 7, "pc_lng": -77.13136, "pc_lat": -11.93745, "long_km": 8.65200043, "dist_min_m": 42.1, "peligro": "Inundación", "nivel": "", "fid": 219}, "geometry": {"type": "LineString", "coordinates": [[-77.129025, -11.917102], [-77.131877, -11.948426], [-77.125358, -11.970617], [-77.126139, -11.995181]]}}, {"type": "Feature", "properties": {"ruta": "PE-3S", "nombre": "Repartición La Oroya (PE-22) - Huancayo - Izcuchaca (PE-26) - Mayoc - Ayacucho - Andahuaylas (PE-30 B) - Abancay - Anta - Cusco - Urcos - Ayaviri (PE-3S G) - Calapuja - Puno (PE-36 B) - Ilave - Pte. Internacional Desaguadero (fr. Bolivia).", "jerarquia": "nacional", "departamento": "Junín", "provincia": " ", "distrito": "", "motivo": "last_mile_progresol", "progresol_servido": "DISTRIBUIDORA CARRION", "progresol_direccion": "JR. 28 DE JULIO NRO. 440 ", "progresol_dist_m": 2349.5, "puntos_criticos_1km": 7, "pc_lng": -75.46095, "pc_lat": -11.79589, "long_km": 18.15800095, "dist_min_m": 314.6, "peligro": "Inundación", "nivel": "", "fid": 220}, "geometry": {"type": "LineString", "coordinates": [[-75.475097, -11.787045], [-75.462796, -11.792327], [-75.449417, -11.796637], [-75.446069, -11.796522], [-75.442906, -11.800047], [-75.394801, -11.83543], [-75.376965, -11.85807], [-75.370845, -11.869511], [-75.348297, -11.886886]]}}, {"type": "Feature", "properties": {"ruta": "PE-3N", "nombre": "Repartición La Oroya (PE-22) - Huánuco (PE-18 A) - Conococha (PE-16) - Huaraz (PE-14 y PE-14 A) - Santiago de Chuco - Cajabamba - Cajamarca (PE-08 y PE-08 B) - Bambamarca - Cutervo (PE-3N C) - Huancabamba (PE-02 A) - Vado Grande (Fr. Ecuador)", "jerarquia": "nacional", "departamento": "Huánuco", "provincia": " ", "distrito": "", "motivo": "last_mile_progresol", "progresol_servido": "FERRETERIA LIAM Y CHRISTIAN", "progresol_direccion": "PREDIO TINGO MZ. E LT. 2 ", "progresol_dist_m": 439.4, "puntos_criticos_1km": 7, "pc_lng": -76.25353, "pc_lat": -9.94269, "long_km": 0.097, "dist_min_m": 542.9, "peligro": "Inundación, flujo de detritos, erosión fluvial", "nivel": "Muy alto", "fid": 221}, "geometry": {"type": "LineString", "coordinates": [[-76.254613, -9.937925], [-76.255323, -9.937405]]}}, {"type": "Feature", "properties": {"ruta": "PE-3N", "nombre": "Repartición La Oroya (PE-22) - Huánuco (PE-18 A) - Conococha (PE-16) - Huaraz (PE-14 y PE-14 A) - Santiago de Chuco - Cajabamba - Cajamarca (PE-08 y PE-08 B) - Bambamarca - Cutervo (PE-3N C) - Huancabamba (PE-02 A) - Vado Grande (Fr. Ecuador)", "jerarquia": "nacional", "departamento": "Huánuco", "provincia": " ", "distrito": "", "motivo": "last_mile_progresol", "progresol_servido": "FERRETERIA LIAM Y CHRISTIAN", "progresol_direccion": "PREDIO TINGO MZ. E LT. 2 ", "progresol_dist_m": 454.7, "puntos_criticos_1km": 7, "pc_lng": -76.26267, "pc_lat": -9.93787, "long_km": 0.266, "dist_min_m": 559.4, "peligro": "Flujo de detritos, erosión fluvial", "nivel": null, "fid": 222}, "geometry": {"type": "LineString", "coordinates": [[-76.255323, -9.937405], [-76.257658, -9.936918]]}}, {"type": "Feature", "properties": {"ruta": "PE-1N", "nombre": "I.V. Santa Anita - I.V. Huacho - Chimbote - Ov. La Marina (PE-10 A) - Ov. El Milagro - Paiján - Mocupe - Reque - Chiclayo - Lambayeque - Pte. Grau - Pte. Sullana Dv. Talara - Máncora - Zorritos - Tumbes - Pte. Internacional de La Paz (fr. Ecuador).", "jerarquia": "nacional", "departamento": "Lima", "provincia": " ", "distrito": "", "motivo": "last_mile_progresol", "progresol_servido": "FERRETERIA SOY DE ACERO", "progresol_direccion": "AV JOSE CARLOS MARIATEGUI 2457 COO. (ALTURA DE PUENTE NUEVO)", "progresol_dist_m": 462.7, "puntos_criticos_1km": 7, "pc_lng": -76.99626, "pc_lat": -12.02711, "long_km": 0.98699999, "dist_min_m": 227.1, "peligro": "Inundación", "nivel": null, "fid": 223}, "geometry": {"type": "LineString", "coordinates": [[-76.989292, -12.035068], [-76.99196, -12.031501], [-76.995849, -12.029117]]}}, {"type": "Feature", "properties": {"ruta": "PE-20C", "nombre": "Emp. PE-1N (Dv. Huaral) - Huaral (PE-1N B Av. Julio C. Tello, Av. Principal Huando) - Acos - Dv. Pirca - Abra Antajirca - Emp. PE-20 A (Dv. Huayllay)", "jerarquia": "nacional", "departamento": "Lima", "provincia": " ", "distrito": "", "motivo": "last_mile_progresol", "progresol_servido": "INVERSIONES SAN CRISTOBAL", "progresol_direccion": "OTR.SCT. JESUS DEL VALLE LOTE. 11 HAC. JESUS DEL VALLE", "progresol_dist_m": 1976.8, "puntos_criticos_1km": 7, "pc_lng": -77.16474, "pc_lat": -11.4927, "long_km": 4.49800014, "dist_min_m": 831.3, "peligro": "", "nivel": "", "fid": 224}, "geometry": {"type": "LineString", "coordinates": [[-77.209069, -11.496566], [-77.202192, -11.493364], [-77.197608, -11.493293], [-77.194689, -11.491383], [-77.180897, -11.487146], [-77.17107, -11.488534]]}}, {"type": "Feature", "properties": {"ruta": "PE-3S", "nombre": "Repartición La Oroya (PE-22) - Huancayo - Izcuchaca (PE-26) - Mayoc - Ayacucho - Andahuaylas (PE-30 B) - Abancay - Anta - Cusco - Urcos - Ayaviri (PE-3S G) - Calapuja - Puno (PE-36 B) - Ilave - Pte. Internacional Desaguadero (fr. Bolivia).", "jerarquia": "nacional", "departamento": "Ayacucho", "provincia": " ", "distrito": "", "motivo": "last_mile_progresol", "progresol_servido": "MULTINEGOCIOS TITO", "progresol_direccion": "JR. GERVACIO SANTILLANA N° 926 ", "progresol_dist_m": 118.3, "puntos_criticos_1km": 7, "pc_lng": -74.25855, "pc_lat": -12.93234, "long_km": 2.3680000299999997, "dist_min_m": 9.5, "peligro": "Inundación", "nivel": "Alto", "fid": 225}, "geometry": {"type": "LineString", "coordinates": [[-74.258694, -12.9321], [-74.258462, -12.936216], [-74.251784, -12.943368], [-74.24864, -12.943092], [-74.247796, -12.946247]]}}, {"type": "Feature", "properties": {"ruta": "PE-3S", "nombre": "Repartición La Oroya (PE-22) - Huancayo - Izcuchaca (PE-26) - Mayoc - Ayacucho - Andahuaylas (PE-30 B) - Abancay - Anta - Cusco - Urcos - Ayaviri (PE-3S G) - Calapuja - Puno (PE-36 B) - Ilave - Pte. Internacional Desaguadero (fr. Bolivia).", "jerarquia": "nacional", "departamento": "Junín", "provincia": " ", "distrito": "", "motivo": "last_mile_progresol", "progresol_servido": "DISTRIBUIDORA CARRION", "progresol_direccion": "JR. 28 DE JULIO NRO. 440 ", "progresol_dist_m": 2175.1, "puntos_criticos_1km": 7, "pc_lng": -75.48947, "pc_lat": -11.80253, "long_km": 2.60599995, "dist_min_m": 24.5, "peligro": "Inundación", "nivel": "", "fid": 226}, "geometry": {"type": "LineString", "coordinates": [[-75.490157, -11.804196], [-75.489441, -11.80184], [-75.486573, -11.799776], [-75.482051, -11.793544], [-75.475097, -11.787045]]}}, {"type": "Feature", "properties": {"ruta": "PE-3S", "nombre": "Repartición La Oroya (PE-22) - Huancayo - Izcuchaca (PE-26) - Mayoc - Ayacucho - Andahuaylas (PE-30 B) - Abancay - Anta - Cusco - Urcos - Ayaviri (PE-3S G) - Calapuja - Puno (PE-36 B) - Ilave - Pte. Internacional Desaguadero (fr. Bolivia).", "jerarquia": "nacional", "departamento": "Ayacucho", "provincia": " ", "distrito": "", "motivo": "last_mile_progresol", "progresol_servido": "FERRETERIA YANINA MANTILLA", "progresol_direccion": "JR. JOSE SANTOS ATAHUALPA SIN NUMER ", "progresol_dist_m": 56.2, "puntos_criticos_1km": 7, "pc_lng": -74.21567, "pc_lat": -13.16596, "long_km": 0.56, "dist_min_m": 2.9, "peligro": "Inundación, flujo de detritos, erosión fluvial", "nivel": " ", "fid": 227}, "geometry": {"type": "LineString", "coordinates": [[-74.216854, -13.164963], [-74.212619, -13.167696]]}}, {"type": "Feature", "properties": {"ruta": "PE-1N", "nombre": "I.V. Santa Anita - I.V. Huacho - Chimbote - Ov. La Marina (PE-10 A) - Ov. El Milagro - Paiján - Mocupe - Reque - Chiclayo - Lambayeque - Pte. Grau - Pte. Sullana Dv. Talara - Máncora - Zorritos - Tumbes - Pte. Internacional de La Paz (fr. Ecuador).", "jerarquia": "nacional", "departamento": "Áncash", "provincia": " ", "distrito": "", "motivo": "last_mile_progresol", "progresol_servido": "CORPORACION CAF S.A.C", "progresol_direccion": "AV. LIBERTAD MZA. B2 LOTE. 17 URB. PV CASMA ZONA ESTE", "progresol_dist_m": 1300.3, "puntos_criticos_1km": 7, "pc_lng": -78.32482, "pc_lat": -9.46724, "long_km": 2.33899999, "dist_min_m": 428.2, "peligro": "Inundación", "nivel": "", "fid": 228}, "geometry": {"type": "LineString", "coordinates": [[-78.309196, -9.472359], [-78.327307, -9.461341]]}}, {"type": "Feature", "properties": {"ruta": "AP-104", "nombre": "Emp. PE-3S (Talavera) - Huacoto - Huancaray - San Antonio de Cachi - Chiara - Chaccrampa - Huayana - Umamarca - Pomacocha - Emp. PE-30 B (Pucaccasa).", "jerarquia": "departamental/vecinal", "departamento": "Apurímac", "provincia": "Andahuaylas", "distrito": "", "motivo": "last_mile_progresol", "progresol_servido": "FERRETERIA CEYCOR", "progresol_direccion": "JR. EL BOSQUE LOTE. 03 PALTACC ", "progresol_dist_m": 2153.1, "puntos_criticos_1km": 7, "pc_lng": -73.42381, "pc_lat": -13.65915, "long_km": 15.07999992, "dist_min_m": 120.3, "peligro": "Inundación, Erosión Fluvial", "nivel": "Alto", "fid": 229}, "geometry": {"type": "LineString", "coordinates": [[-73.467862, -13.713927], [-73.465957, -13.712443], [-73.464024, -13.709521], [-73.464326, -13.708931], [-73.463123, -13.709143], [-73.462899, -13.71145], [-73.461812, -13.7084], [-73.463544, -13.706867], [-73.460984, -13.707738], [-73.461224, -13.710383], [-73.460188, -13.706766], [-73.461366, -13.705441], [-73.454659, -13.70388], [-73.453053, -13.702388], [-73.452669, -13.697598], [-73.455925, -13.695944], [-73.452063, -13.696192], [-73.450784, -13.697575], [-73.451106, -13.699288], [-73.450485, -13.699617], [-73.450585, -13.697998], [-73.449506, -13.697891], [-73.449233, -13.696471], [-73.449562, -13.692799], [-73.446763, -13.691688], [-73.449484, -13.690446], [-73.447093, -13.685995], [-73.44571, -13.685684], [-73.446509, -13.68367], [-73.446367, -13.679992], [-73.442588, -13.672312], [-73.433229, -13.666231], [-73.431485, -13.668248], [-73.43209, -13.665803], [-73.43461, -13.664331], [-73.433563, -13.664089], [-73.429891, -13.666753], [-73.428801, -13.67177], [-73.425258, -13.664736], [-73.424641, -13.659868]]}}, {"type": "Feature", "properties": {"ruta": "LM-770", "nombre": "Emp. PE-22 (Tornamesa) - San Bartolomé - Huallay - Emp. LM-118.", "jerarquia": "departamental/vecinal", "departamento": "Lima", "provincia": "Huarochirí", "distrito": "", "motivo": "last_mile_progresol", "progresol_servido": "FERRETERIA COCACHACRA", "progresol_direccion": "AV. NICOLAS DE PIEROLA NRO. 320 ", "progresol_dist_m": 2368.3, "puntos_criticos_1km": 6, "pc_lng": -76.54227, "pc_lat": -11.91186, "long_km": 1.85800004, "dist_min_m": 274.8, "peligro": "Flujo de detritos", "nivel": "Muy alto", "fid": 230}, "geometry": {"type": "LineString", "coordinates": [[-76.539747, -11.911719], [-76.538348, -11.912269], [-76.535816, -11.911451], [-76.535781, -11.912097], [-76.530568, -11.909113], [-76.529659, -11.909298], [-76.529004, -11.911932], [-76.528387, -11.911991]]}}, {"type": "Feature", "properties": {"ruta": "HU-767", "nombre": "EMP. PE-3N (AMARILIS) - SANTO DOMINGO - CHINCHAN - HUANCAN - YANACCHA.", "jerarquia": "departamental/vecinal", "departamento": "Huánuco", "provincia": "Huánuco", "distrito": "", "motivo": "last_mile_progresol", "progresol_servido": "FERRETERIA TORRES", "progresol_direccion": "JR TARAPACA NRO 162 ", "progresol_dist_m": 152.3, "puntos_criticos_1km": 6, "pc_lng": -76.24682, "pc_lat": -9.93881, "long_km": 35.38999939, "dist_min_m": 801.5, "peligro": "Inundación, flujo de detritos, erosión fluvial", "nivel": "Muy alto", "fid": 231}, "geometry": {"type": "LineString", "coordinates": [[-76.251618, -9.933362], [-76.252823, -9.928254], [-76.251341, -9.929847], [-76.250544, -9.92958], [-76.250472, -9.928566], [-76.250919, -9.927827], [-76.251199, -9.929026], [-76.252946, -9.927159], [-76.252544, -9.92642], [-76.253484, -9.926736], [-76.25334, -9.9257], [-76.254608, -9.925749], [-76.253941, -9.924239], [-76.255185, -9.924712], [-76.254311, -9.92358], [-76.255926, -9.923937], [-76.253716, -9.921781], [-76.25811, -9.921333], [-76.257167, -9.920843], [-76.261191, -9.918368], [-76.261521, -9.916833], [-76.262181, -9.921966], [-76.26246, -9.922385], [-76.262926, -9.921307], [-76.263243, -9.923475], [-76.264747, -9.924757], [-76.263959, -9.923805], [-76.264112, -9.922157], [-76.26492, -9.92377], [-76.266784, -9.92322], [-76.265666, -9.922732], [-76.265176, -9.921393], [-76.266312, -9.922334], [-76.268202, -9.922151], [-76.271948, -9.919708], [-76.270742, -9.919736], [-76.273037, -9.916918], [-76.275653, -9.909008], [-76.276994, -9.907396], [-76.276377, -9.906097], [-76.277045, -9.905], [-76.275728, -9.905905], [-76.276258, -9.90423], [-76.278608, -9.901791], [-76.278565, -9.899942], [-76.280766, -9.897883], [-76.281534, -9.895612], [-76.282464, -9.895621], [-76.283992, -9.897425], [-76.287439, -9.898507], [-76.288393, -9.899668], [-76.292239, -9.900008], [-76.293011, -9.896331], [-76.295413, -9.891683], [-76.298608, -9.889667], [-76.300328, -9.89025], [-76.302428, -9.889122], [-76.304879, -9.890091], [-76.304202, -9.88535], [-76.305142, -9.884425], [-76.306551, -9.88455], [-76.308187, -9.883024], [-76.312141, -9.884944], [-76.314214, -9.883731], [-76.315908, -9.884029], [-76.316988, -9.882267], [-76.31943, -9.881571], [-76.320015, -9.880404], [-76.32124, -9.880432], [-76.323982, -9.876685], [-76.327701, -9.875837], [-76.327191, -9.873836], [-76.328248, -9.872553], [-76.330604, -9.872266], [-76.331479, -9.872873], [-76.335181, -9.86794], [-76.335627, -9.865176], [-76.334968, -9.864346], [-76.336635, -9.862863], [-76.336087, -9.8604], [-76.337377, -9.858447], [-76.338902, -9.859653], [-76.340668, -9.857756], [-76.341533, -9.85889], [-76.343918, -9.85878], [-76.345845, -9.86028], [-76.349979, -9.859929], [-76.347395, -9.854926], [-76.344759, -9.854182], [-76.345902, -9.849646], [-76.348824, -9.851903], [-76.350921, -9.851717], [-76.351185, -9.850907], [-76.353376, -9.851617], [-76.355592, -9.850879], [-76.353839, -9.848541], [-76.351281, -9.847484], [-76.351179, -9.84662], [-76.358343, -9.844789], [-76.360312, -9.840371], [-76.36492, -9.839344], [-76.368414, -9.839476], [-76.37083, -9.837423], [-76.371928, -9.837489], [-76.374965, -9.832442], [-76.381087, -9.829638], [-76.382143, -9.827428], [-76.384743, -9.826982], [-76.382986, -9.828082], [-76.380516, -9.833337], [-76.378493, -9.834295], [-76.379923, -9.834396], [-76.382944, -9.832849]]}}, {"type": "Feature", "properties": {"ruta": "AY-624", "nombre": "Emp. AY-619 - Pampacancha - Pta. Carretera.", "jerarquia": "departamental/vecinal", "departamento": "Ayacucho", "provincia": "Huanta", "distrito": "", "motivo": "last_mile_progresol", "progresol_servido": "CENTRO CERÁMICO TITO", "progresol_direccion": "Jr. TARAPACÁ N° 591-593 ", "progresol_dist_m": 1425.9, "puntos_criticos_1km": 6, "pc_lng": -74.24772, "pc_lat": -12.92867, "long_km": 0.05, "dist_min_m": 500.9, "peligro": "Inundación, flujo de detritos, erosión fluvial", "nivel": " ", "fid": 232}, "geometry": {"type": "LineString", "coordinates": [[-74.243212, -12.927665], [-74.243218, -12.927207]]}}, {"type": "Feature", "properties": {"ruta": "AN-1121", "nombre": "Emp. PE-3N - Chigney - Chontayoc - Collana - Emp. PE-1123 .", "jerarquia": "departamental/vecinal", "departamento": "Áncash", "provincia": "Huaraz", "distrito": "", "motivo": "last_mile_progresol", "progresol_servido": "FERRETERIA MANOLO", "progresol_direccion": "CARRETERA WILLCAHUAIN N° 364 ", "progresol_dist_m": 706.9, "puntos_criticos_1km": 6, "pc_lng": -77.5361, "pc_lat": -9.5052, "long_km": 7.150000100000001, "dist_min_m": 56.8, "peligro": "Erosión fluvial", "nivel": "Alto", "fid": 233}, "geometry": {"type": "LineString", "coordinates": [[-77.544053, -9.461574], [-77.545708, -9.462348], [-77.545191, -9.463168], [-77.543266, -9.463304], [-77.542054, -9.46528], [-77.542685, -9.470222], [-77.543265, -9.470975], [-77.54454, -9.47091], [-77.544022, -9.472367], [-77.542813, -9.472711], [-77.544004, -9.47385], [-77.543032, -9.475686], [-77.543777, -9.475712], [-77.543084, -9.477619], [-77.543939, -9.478826], [-77.542635, -9.480327], [-77.543393, -9.482475], [-77.542217, -9.482523], [-77.541348, -9.48126], [-77.541201, -9.48272], [-77.540444, -9.483105], [-77.540898, -9.484122], [-77.542202, -9.483906], [-77.541567, -9.484812], [-77.542285, -9.494153], [-77.541323, -9.497706], [-77.53897, -9.500501], [-77.536585, -9.505385]]}}, {"type": "Feature", "properties": {"ruta": "AN-740", "nombre": "Emp. PE-3N (Huaraz) - Ucramaran -  Paria (Ruinas Wilcahuain).", "jerarquia": "departamental/vecinal", "departamento": "Áncash", "provincia": "Huaraz", "distrito": "", "motivo": "last_mile_progresol", "progresol_servido": "FERRETERIA MANOLO", "progresol_direccion": "CARRETERA WILLCAHUAIN N° 364 ", "progresol_dist_m": 41.0, "puntos_criticos_1km": 6, "pc_lng": -77.52997, "pc_lat": -9.50256, "long_km": 1.42999995, "dist_min_m": 100.6, "peligro": "Erosión fluvial", "nivel": "Alto", "fid": 234}, "geometry": {"type": "LineString", "coordinates": [[-77.524613, -9.502366], [-77.530505, -9.503891], [-77.531168, -9.505243], [-77.530927, -9.507572], [-77.532196, -9.510068]]}}, {"type": "Feature", "properties": {"ruta": "AY-628", "nombre": "Emp. AY-619 - Soccosccocha - Huancayocc - Chula.", "jerarquia": "departamental/vecinal", "departamento": "Ayacucho", "provincia": "Huanta", "distrito": "", "motivo": "last_mile_progresol", "progresol_servido": "FERRETERÍA QUINTERO", "progresol_direccion": "JR. CORDOVA NRO. 120 ", "progresol_dist_m": 992.7, "puntos_criticos_1km": 6, "pc_lng": -74.23771, "pc_lat": -12.93453, "long_km": 0.5799999800000001, "dist_min_m": 74.8, "peligro": "Inundación, flujo de detritos, erosión fluvial", "nivel": " ", "fid": 235}, "geometry": {"type": "LineString", "coordinates": [[-74.236675, -12.933879], [-74.239536, -12.932943], [-74.241432, -12.934013]]}}, {"type": "Feature", "properties": {"ruta": "AY-617", "nombre": "Emp. AY-100 - Pichiurara - Chancaray - Emp. AY-619.", "jerarquia": "departamental/vecinal", "departamento": "Ayacucho", "provincia": "Huanta", "distrito": "", "motivo": "last_mile_progresol", "progresol_servido": "MULTINEGOCIOS TITO", "progresol_direccion": "JR. GERVACIO SANTILLANA N° 926 ", "progresol_dist_m": 1454.6, "puntos_criticos_1km": 6, "pc_lng": -74.26292, "pc_lat": -12.91276, "long_km": 0.9900000100000002, "dist_min_m": 665.5, "peligro": "Inundación, flujo de detritos, erosión fluvial", "nivel": " ", "fid": 236}, "geometry": {"type": "LineString", "coordinates": [[-74.25394, -12.924595], [-74.259922, -12.917983]]}}, {"type": "Feature", "properties": {"ruta": "JU-1077", "nombre": "Emp. PE-3S - Emp. JU-1076.", "jerarquia": "departamental/vecinal", "departamento": "Junín", "provincia": "Huancayo", "distrito": "", "motivo": "last_mile_progresol", "progresol_servido": "DISTRIBUIDORA INVERSIONES CRISTINA", "progresol_direccion": "CARRETERA CENTRAL  KM 8.8 CAJAS ", "progresol_dist_m": 1821.3, "puntos_criticos_1km": 6, "pc_lng": -75.26394, "pc_lat": -11.98952, "long_km": 1.30999994, "dist_min_m": 595.6, "peligro": "Inundación, Erosión fluvial", "nivel": "Muy Alto", "fid": 237}, "geometry": {"type": "LineString", "coordinates": [[-75.260858, -11.9851], [-75.250088, -11.979808]]}}, {"type": "Feature", "properties": {"ruta": "JU-1070", "nombre": "Emp. PE-3S - Río Mantaro.", "jerarquia": "departamental/vecinal", "departamento": "Junín", "provincia": "Huancayo", "distrito": "", "motivo": "last_mile_progresol", "progresol_servido": "DISTRIBUIDORA INVERSIONES CRISTINA", "progresol_direccion": "CARRETERA CENTRAL  KM 8.8 CAJAS ", "progresol_dist_m": 840.0, "puntos_criticos_1km": 6, "pc_lng": -75.25647, "pc_lat": -12.01445, "long_km": 1.8500000200000002, "dist_min_m": 167.1, "peligro": "Inundación", "nivel": "", "fid": 238}, "geometry": {"type": "LineString", "coordinates": [[-75.249102, -12.006149], [-75.252844, -12.007768], [-75.251414, -12.009312], [-75.259264, -12.01446], [-75.260375, -12.014486]]}}, {"type": "Feature", "properties": {"ruta": "JU-889", "nombre": "Emp. PE-3S B - Pilcomayo - Huancayo - Emp. PE-24.", "jerarquia": "departamental/vecinal", "departamento": "Junín", "provincia": "Huancayo", "distrito": "", "motivo": "last_mile_progresol", "progresol_servido": "FERRETERIA ROCIO II", "progresol_direccion": "AV RAYMUNDO S/N ALTO MIRAFLORES ", "progresol_dist_m": 555.0, "puntos_criticos_1km": 6, "pc_lng": -75.27368, "pc_lat": -12.05686, "long_km": 0.62, "dist_min_m": 367.8, "peligro": "Inundación, flujo de detritos, erosión", "nivel": null, "fid": 239}, "geometry": {"type": "LineString", "coordinates": [[-75.27359, -12.052875], [-75.274303, -12.052742], [-75.274408, -12.053631], [-75.276402, -12.053439], [-75.27672, -12.055063]]}}, {"type": "Feature", "properties": {"ruta": "JU-725", "nombre": "Emp. PE-3S A - Emp. JU-104.", "jerarquia": "departamental/vecinal", "departamento": "Junín", "provincia": "Jauja", "distrito": "", "motivo": "last_mile_progresol", "progresol_servido": "DISTRIBUIDORA CARRION", "progresol_direccion": "JR. 28 DE JULIO NRO. 440 ", "progresol_dist_m": 877.0, "puntos_criticos_1km": 6, "pc_lng": -75.45139, "pc_lat": -11.7437, "long_km": 5.51000023, "dist_min_m": 61.4, "peligro": "Inundación, erosión fluvial", "nivel": "Muy alto", "fid": 240}, "geometry": {"type": "LineString", "coordinates": [[-75.4918, -11.770874], [-75.47734, -11.764709], [-75.466932, -11.759128], [-75.450772, -11.743831]]}}, {"type": "Feature", "properties": {"ruta": "JU-733", "nombre": "Emp. PE-3S B - Huaripampa - Emp. JU-736.", "jerarquia": "departamental/vecinal", "departamento": "Junín", "provincia": "Jauja", "distrito": "", "motivo": "last_mile_progresol", "progresol_servido": "MC ALVAREZ", "progresol_direccion": "BRUNO TERREROS Nº 145 ", "progresol_dist_m": 2924.0, "puntos_criticos_1km": 6, "pc_lng": -75.48711, "pc_lat": -11.80133, "long_km": 6.19000006, "dist_min_m": 285.6, "peligro": "", "nivel": "", "fid": 241}, "geometry": {"type": "LineString", "coordinates": [[-75.438544, -11.828074], [-75.442344, -11.82352], [-75.456024, -11.811823], [-75.458803, -11.810697], [-75.468182, -11.809199], [-75.475336, -11.805353], [-75.486448, -11.803822]]}}, {"type": "Feature", "properties": {"ruta": "AN-1031", "nombre": "Emp. PE-1N (Grifo Delusa) - Urb. Piers - Carrizal – Emp. PE-1N.", "jerarquia": "departamental/vecinal", "departamento": "Áncash", "provincia": "Casma", "distrito": "", "motivo": "last_mile_progresol", "progresol_servido": "CORPORACION CAF S.A.C", "progresol_direccion": "AV. LIBERTAD MZA. B2 LOTE. 17 URB. PV CASMA ZONA ESTE", "progresol_dist_m": 2191.8, "puntos_criticos_1km": 6, "pc_lng": -78.28394, "pc_lat": -9.49013, "long_km": 0.36199999, "dist_min_m": 424.3, "peligro": "Inundación, erosión", "nivel": "", "fid": 242}, "geometry": {"type": "LineString", "coordinates": [[-78.281124, -9.487506], [-78.279891, -9.48459]]}}, {"type": "Feature", "properties": {"ruta": "JU-891", "nombre": "Emp. JU-890 (Chupaca - Av. Eternidad) - La Perla.", "jerarquia": "departamental/vecinal", "departamento": "Junín", "provincia": "Chupaca", "distrito": "", "motivo": "last_mile_progresol", "progresol_servido": "FERRETERIA ROCIO II", "progresol_direccion": "AV RAYMUNDO S/N ALTO MIRAFLORES ", "progresol_dist_m": 730.7, "puntos_criticos_1km": 6, "pc_lng": -75.27121, "pc_lat": -12.0574, "long_km": 0.030000000000000002, "dist_min_m": 20.8, "peligro": "Inundación", "nivel": "", "fid": 243}, "geometry": {"type": "LineString", "coordinates": [[-75.27124, -12.057212], [-75.271513, -12.057244]]}}, {"type": "Feature", "properties": {"ruta": "JU-891", "nombre": "Emp. JU-890 (Chupaca - Av. Eternidad) - La Perla.", "jerarquia": "departamental/vecinal", "departamento": "Junín", "provincia": "Chupaca", "distrito": "", "motivo": "last_mile_progresol", "progresol_servido": "FERRETERIA YAUYINITO", "progresol_direccion": "JR PETRONA APOLAYA # 602 ", "progresol_dist_m": 520.5, "puntos_criticos_1km": 6, "pc_lng": -75.27134, "pc_lat": -12.05739, "long_km": 1.71599996, "dist_min_m": 24.4, "peligro": "Inundación", "nivel": "", "fid": 244}, "geometry": {"type": "LineString", "coordinates": [[-75.271513, -12.057244], [-75.287056, -12.059831]]}}, {"type": "Feature", "properties": {"ruta": "IC-577", "nombre": "Emp. IC-574 - Pta. Carretera.", "jerarquia": "departamental/vecinal", "departamento": "Ica", "provincia": "Pisco", "distrito": "", "motivo": "last_mile_progresol", "progresol_servido": "DISTRIBUIDORA Y FERRETERIA TOTO", "progresol_direccion": "CAL.LAS TROTUGAS MZA. B LOTE. 04 URB. SANTA MONICA", "progresol_dist_m": 2573.7, "puntos_criticos_1km": 6, "pc_lng": -76.12831, "pc_lat": -13.69214, "long_km": 0.37, "dist_min_m": 757.1, "peligro": "Erosión fluvial", "nivel": "Alto", "fid": 245}, "geometry": {"type": "LineString", "coordinates": [[-76.127529, -13.702157], [-76.128467, -13.698944]]}}, {"type": "Feature", "properties": {"ruta": "IC-639", "nombre": "Emp. IC-638 (Pte. San Juan) - Emp. IC-622.", "jerarquia": "departamental/vecinal", "departamento": "Ica", "provincia": "Ica", "distrito": "", "motivo": "last_mile_progresol", "progresol_servido": "LA POSITIBA", "progresol_direccion": "AV. RENAN ELIAS NRO. 704 ", "progresol_dist_m": 2301.6, "puntos_criticos_1km": 6, "pc_lng": -75.7281, "pc_lat": -14.0301, "long_km": 1.8980000000000001, "dist_min_m": 34.0, "peligro": null, "nivel": "", "fid": 246}, "geometry": {"type": "LineString", "coordinates": [[-75.729513, -14.012867], [-75.729685, -14.022154], [-75.728321, -14.029877]]}}, {"type": "Feature", "properties": {"ruta": "IC-644", "nombre": "Emp. IC-622 (Chanchajalla) - Emp. IC-627.", "jerarquia": "departamental/vecinal", "departamento": "Ica", "provincia": "Ica", "distrito": "", "motivo": "last_mile_progresol", "progresol_servido": "LA POSITIBA", "progresol_direccion": "AV. RENAN ELIAS NRO. 704 ", "progresol_dist_m": 1346.5, "puntos_criticos_1km": 6, "pc_lng": -75.7117, "pc_lat": -14.02484, "long_km": 1.2999999500000001, "dist_min_m": 160.1, "peligro": "Flujo de detritos, Erosión fluvial", "nivel": "Muy Alto", "fid": 247}, "geometry": {"type": "LineString", "coordinates": [[-75.723761, -14.029267], [-75.718701, -14.028038], [-75.713075, -14.025369]]}}, {"type": "Feature", "properties": {"ruta": "R", "nombre": "EMP. IC-638 - CH. LA ANGOSTURA III ETAPA", "jerarquia": "departamental/vecinal", "departamento": "Ica", "provincia": "Ica", "distrito": "", "motivo": "last_mile_progresol", "progresol_servido": "LA POSITIBA", "progresol_direccion": "AV. RENAN ELIAS NRO. 704 ", "progresol_dist_m": 2715.4, "puntos_criticos_1km": 6, "pc_lng": -75.73013, "pc_lat": -14.0136, "long_km": 2.0999999, "dist_min_m": 13.5, "peligro": "Erosión fluvial", "nivel": "Alto", "fid": 248}, "geometry": {"type": "LineString", "coordinates": [[-75.730039, -14.012795], [-75.731755, -14.017258], [-75.733742, -14.019499], [-75.732324, -14.029844]]}}, {"type": "Feature", "properties": {"ruta": "IC-622", "nombre": "Emp. PE-1S C (Santa Rosa) - Manco Capac - Señor de Luren - Santa Bárbara - Chalet - Fundición Baja - La Vela - Chanchajalla - Emp. PE-1S C (Los Lunas).", "jerarquia": "departamental/vecinal", "departamento": "Ica", "provincia": "Ica", "distrito": "", "motivo": "last_mile_progresol", "progresol_servido": "LA POSITIBA", "progresol_direccion": "AV. RENAN ELIAS NRO. 704 ", "progresol_dist_m": 2148.7, "puntos_criticos_1km": 6, "pc_lng": -75.72849, "pc_lat": -14.03023, "long_km": 2.2090001100000003, "dist_min_m": 9.3, "peligro": "Flujo de detritos, Erosión fluvial", "nivel": "Muy Alto", "fid": 249}, "geometry": {"type": "LineString", "coordinates": [[-75.726171, -14.014058], [-75.724124, -14.014761], [-75.723895, -14.018834], [-75.726538, -14.029169], [-75.728441, -14.030164]]}}, {"type": "Feature", "properties": {"ruta": "PE-3N", "nombre": "Repartición La Oroya (PE-22) - Huánuco (PE-18 A) - Conococha (PE-16) - Huaraz (PE-14 y PE-14 A) - Santiago de Chuco - Cajabamba - Cajamarca (PE-08 y PE-08 B) - Bambamarca - Cutervo (PE-3N C) - Huancabamba (PE-02 A) - Vado Grande (Fr. Ecuador)", "jerarquia": "nacional", "departamento": "Áncash", "provincia": " ", "distrito": "", "motivo": "last_mile_progresol", "progresol_servido": "GRUPO PAOLA S.A.C.", "progresol_direccion": "JR. AUGUSTO B LEGUIA NRO. 295 ", "progresol_dist_m": 539.1, "puntos_criticos_1km": 6, "pc_lng": -77.53324, "pc_lat": -9.53614, "long_km": 1.06200004, "dist_min_m": 142.4, "peligro": "Inundación", "nivel": "", "fid": 250}, "geometry": {"type": "LineString", "coordinates": [[-77.531843, -9.538936], [-77.532551, -9.528715]]}}, {"type": "Feature", "properties": {"ruta": "PE-20K", "nombre": "Emp. PE-20 B (Av. Elmer Faucett) – Límite provincial de Callao-Lima", "jerarquia": "nacional", "departamento": "Callao", "provincia": " ", "distrito": "", "motivo": "last_mile_progresol", "progresol_servido": "FERRETERIA 333", "progresol_direccion": "JR. JORGUE CHAVEZ 333 ", "progresol_dist_m": 148.6, "puntos_criticos_1km": 6, "pc_lng": -77.09727, "pc_lat": -12.03932, "long_km": 1.89699996, "dist_min_m": 40.0, "peligro": "Erosión fluvial", "nivel": "Muy alto", "fid": 251}, "geometry": {"type": "LineString", "coordinates": [[-77.099261, -12.040238], [-77.08295, -12.036951]]}}, {"type": "Feature", "properties": {"ruta": "PE-3N", "nombre": "Repartición La Oroya (PE-22) - Huánuco (PE-18 A) - Conococha (PE-16) - Huaraz (PE-14 y PE-14 A) - Santiago de Chuco - Cajabamba - Cajamarca (PE-08 y PE-08 B) - Bambamarca - Cutervo (PE-3N C) - Huancabamba (PE-02 A) - Vado Grande (Fr. Ecuador)", "jerarquia": "nacional", "departamento": "Huánuco", "provincia": " ", "distrito": "", "motivo": "last_mile_progresol", "progresol_servido": "FERRETERIA KEVIN", "progresol_direccion": "CARRETERA CENTRAL KM 7.5YANAGROSAVE ", "progresol_dist_m": 467.2, "puntos_criticos_1km": 6, "pc_lng": -76.24069, "pc_lat": -9.99698, "long_km": 0.5550000100000001, "dist_min_m": 55.7, "peligro": "", "nivel": "", "fid": 252}, "geometry": {"type": "LineString", "coordinates": [[-76.239575, -10.00197], [-76.241139, -9.997207]]}}, {"type": "Feature", "properties": {"ruta": "PE-22A", "nombre": "Emp. PE-1S (I.V. Mala) - Calango - La Capilla - San Juan de Viscas – Alloca  Huancata – Sangallaya - San Lorenzo de Quinti - San Juan de Tantarache – Carhuapampa – Chicllapata – Chayanca – Yuracmayo – Emp. PE-22 (Río Blanco)", "jerarquia": "nacional", "departamento": "Lima", "provincia": " ", "distrito": "", "motivo": "last_mile_progresol", "progresol_servido": "FERRETERIA CAROLINA", "progresol_direccion": "PJ. BENJAMIN DOIG LOSSIO MZA. J LOTE. 27 (ALTURA DEL MERCADO DE PUCUSANA", "progresol_dist_m": 2519.1, "puntos_criticos_1km": 6, "pc_lng": -76.65517, "pc_lat": -12.672, "long_km": 0.226, "dist_min_m": 716.8, "peligro": "", "nivel": null, "fid": 253}, "geometry": {"type": "LineString", "coordinates": [[-76.650653, -12.676704], [-76.650051, -12.676561]]}}, {"type": "Feature", "properties": {"ruta": "PE-22A", "nombre": "Emp. PE-1S (I.V. Mala) - Calango - La Capilla - San Juan de Viscas – Alloca  Huancata – Sangallaya - San Lorenzo de Quinti - San Juan de Tantarache – Carhuapampa – Chicllapata – Chayanca – Yuracmayo – Emp. PE-22 (Río Blanco)", "jerarquia": "nacional", "departamento": "Lima", "provincia": " ", "distrito": "", "motivo": "last_mile_progresol", "progresol_servido": "FERRETERIA CAROLINA", "progresol_direccion": "PJ. BENJAMIN DOIG LOSSIO MZA. J LOTE. 27 (ALTURA DEL MERCADO DE PUCUSANA", "progresol_dist_m": 2242.2, "puntos_criticos_1km": 6, "pc_lng": -76.65309, "pc_lat": -12.6704, "long_km": 0.38100001, "dist_min_m": 640.7, "peligro": "Inundación", "nivel": "", "fid": 254}, "geometry": {"type": "LineString", "coordinates": [[-76.650051, -12.676561], [-76.648728, -12.67428]]}}, {"type": "Feature", "properties": {"ruta": "PE-3S", "nombre": "Repartición La Oroya (PE-22) - Huancayo - Izcuchaca (PE-26) - Mayoc - Ayacucho - Andahuaylas (PE-30 B) - Abancay - Anta - Cusco - Urcos - Ayaviri (PE-3S G) - Calapuja - Puno (PE-36 B) - Ilave - Pte. Internacional Desaguadero (fr. Bolivia).", "jerarquia": "nacional", "departamento": "Ayacucho", "provincia": " ", "distrito": "", "motivo": "last_mile_progresol", "progresol_servido": "FERRETERIA LUIS FABRICIO", "progresol_direccion": "JR. LOS CIPRECES 240 ", "progresol_dist_m": 290.2, "puntos_criticos_1km": 6, "pc_lng": -74.21035, "pc_lat": -13.18401, "long_km": 36.01699829, "dist_min_m": 361.9, "peligro": "Inundación", "nivel": " ", "fid": 255}, "geometry": {"type": "LineString", "coordinates": [[-74.203155, -13.175806], [-74.201733, -13.176157], [-74.196708, -13.180194], [-74.198588, -13.181411], [-74.203657, -13.181541], [-74.20825, -13.186647], [-74.20551, -13.18675], [-74.20234, -13.18535], [-74.20132, -13.18622], [-74.203481, -13.188108], [-74.201013, -13.1906], [-74.200601, -13.192686], [-74.20331, -13.19569], [-74.203894, -13.198982], [-74.205304, -13.200068], [-74.208188, -13.199945], [-74.20989, -13.20075], [-74.211146, -13.203182], [-74.21487, -13.205893], [-74.218893, -13.202702], [-74.221544, -13.203174], [-74.222284, -13.204985], [-74.225144, -13.207861], [-74.228965, -13.215916], [-74.227355, -13.2158], [-74.226098, -13.217654], [-74.22398, -13.21692], [-74.222492, -13.219373], [-74.22472, -13.21836], [-74.226719, -13.218773], [-74.228417, -13.217526], [-74.229526, -13.218956], [-74.229339, -13.221177], [-74.225713, -13.222122], [-74.226171, -13.223517], [-74.225588, -13.225597], [-74.227522, -13.228562], [-74.232395, -13.228056], [-74.231765, -13.229248], [-74.232235, -13.231928], [-74.233602, -13.233029], [-74.235458, -13.232875], [-74.235446, -13.236098], [-74.237999, -13.236213], [-74.24001, -13.240398], [-74.242126, -13.241488], [-74.239923, -13.241957], [-74.237023, -13.240179], [-74.236293, -13.244151], [-74.233028, -13.248853], [-74.235032, -13.248881], [-74.232712, -13.250206], [-74.232846, -13.25122], [-74.234423, -13.25247], [-74.235014, -13.255132], [-74.236414, -13.255077], [-74.232483, -13.25699], [-74.231903, -13.261229], [-74.232647, -13.264682], [-74.230283, -13.268691], [-74.2291, -13.274784], [-74.230057, -13.276721], [-74.231187, -13.274822], [-74.230251, -13.279158], [-74.23088, -13.29026], [-74.229219, -13.288905], [-74.22921, -13.296769], [-74.227018, -13.297049], [-74.228405, -13.301033], [-74.226401, -13.306565], [-74.226441, -13.308913], [-74.219465, -13.320878], [-74.21901, -13.32324], [-74.219569, -13.325386], [-74.216824, -13.326981], [-74.214407, -13.326085], [-74.212461, -13.327887], [-74.214354, -13.327382], [-74.215515, -13.328359], [-74.218459, -13.337305], [-74.214767, -13.331798], [-74.213601, -13.331643], [-74.209208, -13.337015], [-74.2065, -13.337492], [-74.204635, -13.340629], [-74.203821, -13.344273], [-74.197096, -13.35074], [-74.188715, -13.351169]]}}, {"type": "Feature", "properties": {"ruta": "PE-1S", "nombre": "I.V. Santa Anita - Chincha Alta - Ica - Nazca - Dv. Camaná - Dv. Quilca (PE-1S D) - La Repartición (Dv. Arequipa) - Dv. Pto. Matarani (PE- 34) - La Joya - Dv. Moquegua (PE-36 A) - Dv. Ilo (PE-36) - Tacna (PE-38) - La Concordia (fr. Chile).", "jerarquia": "nacional", "departamento": "Lima", "provincia": " ", "distrito": "", "motivo": "last_mile_progresol", "progresol_servido": "FERRETERIA CAROLINA", "progresol_direccion": "PJ. BENJAMIN DOIG LOSSIO MZA. J LOTE. 27 (ALTURA DEL MERCADO DE PUCUSANA", "progresol_dist_m": 2647.9, "puntos_criticos_1km": 6, "pc_lng": -76.65695, "pc_lat": -12.67414, "long_km": 6.77699995, "dist_min_m": 819.8, "peligro": "Inundación", "nivel": null, "fid": 256}, "geometry": {"type": "LineString", "coordinates": [[-76.65042, -12.677851], [-76.647495, -12.689403], [-76.636714, -12.706206], [-76.633712, -12.709511], [-76.620873, -12.720065], [-76.616691, -12.72699]]}}, {"type": "Feature", "properties": {"ruta": "PE-3S", "nombre": "Repartición La Oroya (PE-22) - Huancayo - Izcuchaca (PE-26) - Mayoc - Ayacucho - Andahuaylas (PE-30 B) - Abancay - Anta - Cusco - Urcos - Ayaviri (PE-3S G) - Calapuja - Puno (PE-36 B) - Ilave - Pte. Internacional Desaguadero (fr. Bolivia).", "jerarquia": "nacional", "departamento": "Ayacucho", "provincia": " ", "distrito": "", "motivo": "last_mile_progresol", "progresol_servido": "FERRETERIA PP", "progresol_direccion": "PASAJE LA MERCEDES N 104 ", "progresol_dist_m": 485.8, "puntos_criticos_1km": 6, "pc_lng": -74.21963, "pc_lat": -13.16282, "long_km": 0.98699999, "dist_min_m": 457.2, "peligro": "Inundación, Erosión Fluvial", "nivel": "Alto", "fid": 257}, "geometry": {"type": "LineString", "coordinates": [[-74.213973, -13.156243], [-74.21892, -13.15869], [-74.216529, -13.159382], [-74.215842, -13.158728]]}}, {"type": "Feature", "properties": {"ruta": "PE-3SB", "nombre": "Emp. PE-3S (Dv. Pte. Stuart) - Muqui - Huancani - Sincos - Mito - Orcotuna - Sicaya - Pilcomayo (PE-24) - Huamancaca Chico - Tres de Diciembre - Chupuro - Viques - Emp. PE-3S (Huayucachi)", "jerarquia": "nacional", "departamento": "Junín", "provincia": " ", "distrito": "", "motivo": "last_mile_progresol", "progresol_servido": "FERRETERIA CONSORCIO D & M", "progresol_direccion": "AV LAS AMERICAS S/N ", "progresol_dist_m": 52.8, "puntos_criticos_1km": 6, "pc_lng": -75.24513, "pc_lat": -12.04821, "long_km": 4.275000100000001, "dist_min_m": 370.7, "peligro": "", "nivel": "", "fid": 258}, "geometry": {"type": "LineString", "coordinates": [[-75.271372, -12.023864], [-75.249598, -12.047699], [-75.245809, -12.053024]]}}, {"type": "Feature", "properties": {"ruta": "PE-1N", "nombre": "I.V. Santa Anita - I.V. Huacho - Chimbote - Ov. La Marina (PE-10 A) - Ov. El Milagro - Paiján - Mocupe - Reque - Chiclayo - Lambayeque - Pte. Grau - Pte. Sullana Dv. Talara - Máncora - Zorritos - Tumbes - Pte. Internacional de La Paz (fr. Ecuador).", "jerarquia": "nacional", "departamento": "Áncash", "provincia": " ", "distrito": "", "motivo": "last_mile_progresol", "progresol_servido": "CORPORACION CAF S.A.C", "progresol_direccion": "AV. LIBERTAD MZA. B2 LOTE. 17 URB. PV CASMA ZONA ESTE", "progresol_dist_m": 2865.3, "puntos_criticos_1km": 6, "pc_lng": -78.27316, "pc_lat": -9.48562, "long_km": 3.09599996, "dist_min_m": 3.4, "peligro": null, "nivel": "", "fid": 259}, "geometry": {"type": "LineString", "coordinates": [[-78.284384, -9.510143], [-78.272742, -9.488355], [-78.273451, -9.48502]]}}, {"type": "Feature", "properties": {"ruta": "PE-3S", "nombre": "Repartición La Oroya (PE-22) - Huancayo - Izcuchaca (PE-26) - Mayoc - Ayacucho - Andahuaylas (PE-30 B) - Abancay - Anta - Cusco - Urcos - Ayaviri (PE-3S G) - Calapuja - Puno (PE-36 B) - Ilave - Pte. Internacional Desaguadero (fr. Bolivia).", "jerarquia": "nacional", "departamento": "Ayacucho", "provincia": " ", "distrito": "", "motivo": "last_mile_progresol", "progresol_servido": "FERRETERIA ARCE Y MAQUINARIAS", "progresol_direccion": "AV. EJERCITO NRO. 598 ", "progresol_dist_m": 5.0, "puntos_criticos_1km": 6, "pc_lng": -74.21963, "pc_lat": -13.16282, "long_km": 3.49099994, "dist_min_m": 145.6, "peligro": "Inundación, Erosión Fluvial", "nivel": "Alto", "fid": 260}, "geometry": {"type": "LineString", "coordinates": [[-74.215842, -13.158728], [-74.214655, -13.157925], [-74.218707, -13.161873], [-74.211892, -13.159609], [-74.20861, -13.15765], [-74.207616, -13.157883], [-74.208731, -13.159341], [-74.214566, -13.161793], [-74.216854, -13.164963]]}}, {"type": "Feature", "properties": {"ruta": "AN-107", "nombre": "Emp. PE-3N (Carhuaz) - Pte. Pucarami - Shilla – Tunel Punta Olimpica - Pte. Armas - Pte. Toma - Chacas – Acochaca - Pte. Acochaca - Emp. PE-14 C (San Luis).", "jerarquia": "departamental/vecinal", "departamento": "Áncash", "provincia": "Carhuaz", "distrito": "", "motivo": "last_mile_progresol", "progresol_servido": "FERRETRIA MIKY", "progresol_direccion": "AV. PROGRESO NRO. S.N ", "progresol_dist_m": 286.4, "puntos_criticos_1km": 6, "pc_lng": -77.63313, "pc_lat": -9.23871, "long_km": 8.48799992, "dist_min_m": 150.2, "peligro": "Erosión fluvial", "nivel": "Alto", "fid": 261}, "geometry": {"type": "LineString", "coordinates": [[-77.647194, -9.277401], [-77.649304, -9.274434], [-77.648004, -9.271174], [-77.649434, -9.272251], [-77.652031, -9.271409], [-77.65978, -9.262726], [-77.657732, -9.264413], [-77.658445, -9.262658], [-77.655775, -9.261523], [-77.652756, -9.256635], [-77.651102, -9.254829], [-77.649836, -9.254693], [-77.65041, -9.252066], [-77.648647, -9.250993], [-77.64882, -9.249072], [-77.644143, -9.242895], [-77.63878, -9.241344], [-77.636098, -9.242122], [-77.631313, -9.239649], [-77.627294, -9.236464]]}}, {"type": "Feature", "properties": {"ruta": "AN-110", "nombre": "Emp. PE-3N (Catac) - Buenos Aires - Tambillos - Chavin de Huantar - San Marcos - Emp. PE-14 A (Succha).", "jerarquia": "departamental/vecinal", "departamento": "Áncash", "provincia": "Huari", "distrito": "", "motivo": "last_mile_progresol", "progresol_servido": "CORPORACION CAF S.A.C", "progresol_direccion": "AV. FLORIDA NRO. S/N CENT SAN MARCOS", "progresol_dist_m": 129.6, "puntos_criticos_1km": 6, "pc_lng": -77.15143, "pc_lat": -9.52512, "long_km": 2.0079998999999997, "dist_min_m": 478.8, "peligro": "Inundación, Erosión fluvial", "nivel": "Alto", "fid": 262}, "geometry": {"type": "LineString", "coordinates": [[-77.159814, -9.531], [-77.155826, -9.525085], [-77.155722, -9.522766], [-77.156673, -9.521402], [-77.154856, -9.517289], [-77.155386, -9.518901]]}}, {"type": "Feature", "properties": {"ruta": "AP-102", "nombre": "Emp. PE-3S (Talavera) - Omaca - Ocobamba - Rocchac - Ongoy - Huaccana - Maramora - Pulcay L.D. Ayacucho (Ccanchy, AY-102 a Chungui).", "jerarquia": "departamental/vecinal", "departamento": "Apurímac", "provincia": "Andahuaylas", "distrito": "", "motivo": "last_mile_progresol", "progresol_servido": "FERRETERIA CEYCOR", "progresol_direccion": "JR. EL BOSQUE LOTE. 03 PALTACC ", "progresol_dist_m": 2813.3, "puntos_criticos_1km": 6, "pc_lng": -73.42948, "pc_lat": -13.65784, "long_km": 0.053000000000000005, "dist_min_m": 101.3, "peligro": "Inundación", "nivel": "", "fid": 263}, "geometry": {"type": "LineString", "coordinates": [[-73.43051, -13.658163], [-73.430365, -13.657555]]}}, {"type": "Feature", "properties": {"ruta": "AP-102", "nombre": "Emp. PE-3S (Talavera) - Omaca - Ocobamba - Rocchac - Ongoy - Huaccana - Maramora - Pulcay L.D. Ayacucho (Ccanchy, AY-102 a Chungui).", "jerarquia": "departamental/vecinal", "departamento": "Apurímac", "provincia": "Andahuaylas", "distrito": "", "motivo": "last_mile_progresol", "progresol_servido": "FERRETERIA CEYCOR", "progresol_direccion": "JR. EL BOSQUE LOTE. 03 PALTACC ", "progresol_dist_m": 2772.4, "puntos_criticos_1km": 6, "pc_lng": -73.42948, "pc_lat": -13.65784, "long_km": 1.472, "dist_min_m": 101.3, "peligro": "Inundación", "nivel": "", "fid": 264}, "geometry": {"type": "LineString", "coordinates": [[-73.430365, -13.657555], [-73.429413, -13.653856], [-73.428738, -13.654082], [-73.428566, -13.653421], [-73.436545, -13.650749]]}}, {"type": "Feature", "properties": {"ruta": "LM-752", "nombre": "Emp. PE-22 - Pensa - Minas Revoredo.", "jerarquia": "departamental/vecinal", "departamento": "Lima", "provincia": "Huarochirí", "distrito": "", "motivo": "last_mile_progresol", "progresol_servido": "FERRETERIA COCACHACRA", "progresol_direccion": "AV. NICOLAS DE PIEROLA NRO. 320 ", "progresol_dist_m": 442.7, "puntos_criticos_1km": 5, "pc_lng": -76.55426, "pc_lat": -11.92736, "long_km": 7.65999985, "dist_min_m": 58.8, "peligro": "Flujo de detritos, erosión fluvial", "nivel": "Muy alto", "fid": 265}, "geometry": {"type": "LineString", "coordinates": [[-76.5677, -11.928592], [-76.566615, -11.927664], [-76.566479, -11.926092], [-76.559847, -11.925795], [-76.561382, -11.927861], [-76.561283, -11.929045], [-76.558701, -11.926125], [-76.558067, -11.924094], [-76.560599, -11.924004], [-76.556488, -11.923424], [-76.557075, -11.92699], [-76.558633, -11.92934], [-76.558807, -11.932599], [-76.557436, -11.929647], [-76.556535, -11.929417], [-76.55321, -11.924502], [-76.553287, -11.921954], [-76.554753, -11.919756], [-76.556339, -11.919485], [-76.554795, -11.919433], [-76.552542, -11.916242], [-76.548691, -11.914374]]}}, {"type": "Feature", "properties": {"ruta": "LM-678", "nombre": "Emp. PE-20 C (Huando) - Esperanza Alto - Emp. LM-667.", "jerarquia": "departamental/vecinal", "departamento": "Lima", "provincia": "Huaral", "distrito": "", "motivo": "last_mile_progresol", "progresol_servido": "INVERSIONES SAN CRISTOBAL", "progresol_direccion": "OTR.SCT. JESUS DEL VALLE LOTE. 11 HAC. JESUS DEL VALLE", "progresol_dist_m": 2570.0, "puntos_criticos_1km": 5, "pc_lng": -77.1338, "pc_lat": -11.46917, "long_km": 10.630000110000001, "dist_min_m": 641.8, "peligro": "Inundación, flujo de detritos", "nivel": "Muy alto", "fid": 266}, "geometry": {"type": "LineString", "coordinates": [[-77.209517, -11.490881], [-77.209616, -11.48994], [-77.203835, -11.489038], [-77.207921, -11.480208], [-77.208339, -11.477465], [-77.193152, -11.467145], [-77.164358, -11.458478], [-77.147978, -11.462666], [-77.144742, -11.464812], [-77.136692, -11.464144]]}}, {"type": "Feature", "properties": {"ruta": "LM-771", "nombre": "Emp. LM-118 - Masipa.", "jerarquia": "departamental/vecinal", "departamento": "Lima", "provincia": "Huarochirí", "distrito": "", "motivo": "last_mile_progresol", "progresol_servido": "FERRETERIA COCACHACRA", "progresol_direccion": "AV. NICOLAS DE PIEROLA NRO. 320 ", "progresol_dist_m": 1432.9, "puntos_criticos_1km": 5, "pc_lng": -76.54152, "pc_lat": -11.91832, "long_km": 2.8599999, "dist_min_m": 114.5, "peligro": "Flujo de detritos", "nivel": "Muy alto", "fid": 267}, "geometry": {"type": "LineString", "coordinates": [[-76.54859, -11.924527], [-76.54946, -11.927196], [-76.547982, -11.9294], [-76.546958, -11.92923], [-76.547178, -11.926508], [-76.54612, -11.926918], [-76.545548, -11.925213], [-76.544538, -11.925173], [-76.545516, -11.924158], [-76.545936, -11.920672], [-76.542811, -11.920057], [-76.542289, -11.919027]]}}, {"type": "Feature", "properties": {"ruta": "LM-753", "nombre": "Emp. LM-118 - Emp. LM-752.", "jerarquia": "departamental/vecinal", "departamento": "Lima", "provincia": "Huarochirí", "distrito": "", "motivo": "last_mile_progresol", "progresol_servido": "FERRETERIA COCACHACRA", "progresol_direccion": "AV. NICOLAS DE PIEROLA NRO. 320 ", "progresol_dist_m": 779.6, "puntos_criticos_1km": 5, "pc_lng": -76.54409, "pc_lat": -11.9131, "long_km": 1.44000006, "dist_min_m": 99.2, "peligro": "Flujo de detritos", "nivel": "Muy alto", "fid": 268}, "geometry": {"type": "LineString", "coordinates": [[-76.553264, -11.917461], [-76.552117, -11.916316], [-76.541525, -11.913029]]}}, {"type": "Feature", "properties": {"ruta": "LM-843", "nombre": "Emp. LM-841 - San Antonio - Emp. PE-22 A (Mala).", "jerarquia": "departamental/vecinal", "departamento": "Lima", "provincia": "Cañete", "distrito": "", "motivo": "last_mile_progresol", "progresol_servido": "DMC JUAN PABLO II", "progresol_direccion": "AV. PANAMERICANA NRO. 602 ", "progresol_dist_m": 944.8, "puntos_criticos_1km": 5, "pc_lng": -76.64426, "pc_lat": -12.64798, "long_km": 3.08999991, "dist_min_m": 7.4, "peligro": "Inundación", "nivel": null, "fid": 269}, "geometry": {"type": "LineString", "coordinates": [[-76.638921, -12.65256], [-76.647492, -12.645367], [-76.652117, -12.640423], [-76.653777, -12.637963], [-76.65616, -12.631158]]}}, {"type": "Feature", "properties": {"ruta": "HU-767", "nombre": "EMP. PE-3N (AMARILIS) - SANTO DOMINGO - CHINCHAN - HUANCAN - YANACCHA.", "jerarquia": "departamental/vecinal", "departamento": "Huánuco", "provincia": "Huánuco", "distrito": "", "motivo": "last_mile_progresol", "progresol_servido": "FERRETERIA TORRES", "progresol_direccion": "JR TARAPACA NRO 162 ", "progresol_dist_m": 2.3, "puntos_criticos_1km": 5, "pc_lng": -76.24682, "pc_lat": -9.93881, "long_km": 0.36500001, "dist_min_m": 822.6, "peligro": "Inundación, flujo de detritos, erosión fluvial", "nivel": "Muy alto", "fid": 270}, "geometry": {"type": "LineString", "coordinates": [[-76.248707, -9.930632], [-76.249251, -9.930138], [-76.250218, -9.93221]]}}, {"type": "Feature", "properties": {"ruta": "HU-767", "nombre": "EMP. PE-3N (AMARILIS) - SANTO DOMINGO - CHINCHAN - HUANCAN - YANACCHA.", "jerarquia": "departamental/vecinal", "departamento": "Huánuco", "provincia": "Huánuco", "distrito": "", "motivo": "last_mile_progresol", "progresol_servido": "FERRETERIA TORRES", "progresol_direccion": "JR TARAPACA NRO 162 ", "progresol_dist_m": 241.6, "puntos_criticos_1km": 5, "pc_lng": -76.24682, "pc_lat": -9.93881, "long_km": 0.226, "dist_min_m": 795.1, "peligro": "Inundación, flujo de detritos, erosión fluvial", "nivel": "Muy alto", "fid": 271}, "geometry": {"type": "LineString", "coordinates": [[-76.250218, -9.93221], [-76.251618, -9.933362]]}}, {"type": "Feature", "properties": {"ruta": "HU-1095", "nombre": "EMP. PE-3N (CAYHUAYNA) - CAYRAN - PARARA - EMP. HU-111.", "jerarquia": "departamental/vecinal", "departamento": "Huánuco", "provincia": "Huánuco", "distrito": "", "motivo": "last_mile_progresol", "progresol_servido": "FERRETERA ALVA", "progresol_direccion": "UNIVERSITARIA N°1308 ", "progresol_dist_m": 632.5, "puntos_criticos_1km": 5, "pc_lng": -76.27834, "pc_lat": -9.98092, "long_km": 5.69700003, "dist_min_m": 279.9, "peligro": "Inundación, erosión fluvial", "nivel": "Muy alto", "fid": 272}, "geometry": {"type": "LineString", "coordinates": [[-76.248985, -9.960697], [-76.247479, -9.965243], [-76.250547, -9.966992], [-76.25088, -9.969376], [-76.252772, -9.970145], [-76.254387, -9.972781], [-76.257205, -9.974366], [-76.258136, -9.975764], [-76.267357, -9.974492], [-76.276316, -9.975513], [-76.275355, -9.976596], [-76.278319, -9.978329], [-76.282351, -9.979332], [-76.282163, -9.980632]]}}, {"type": "Feature", "properties": {"ruta": "HU-1102", "nombre": "EMP. PE-3N (HUÁNUCO) - MARABAMBA - EMP. PE-3N.", "jerarquia": "departamental/vecinal", "departamento": "Huánuco", "provincia": "Huánuco", "distrito": "", "motivo": "last_mile_progresol", "progresol_servido": "FERRETERIA LIAM Y CHRISTIAN", "progresol_direccion": "PREDIO TINGO MZ. E LT. 2 ", "progresol_dist_m": 997.9, "puntos_criticos_1km": 5, "pc_lng": -76.25789, "pc_lat": -9.94879, "long_km": 14.68000031, "dist_min_m": 166.1, "peligro": "Inundación", "nivel": "", "fid": 273}, "geometry": {"type": "LineString", "coordinates": [[-76.2577, -9.950271], [-76.258772, -9.951362], [-76.261499, -9.951339], [-76.270125, -9.949512], [-76.274339, -9.947831], [-76.276101, -9.948963], [-76.275373, -9.944633], [-76.277276, -9.944422], [-76.278899, -9.945489], [-76.278628, -9.943542], [-76.279871, -9.942294], [-76.281813, -9.941155], [-76.283125, -9.94255], [-76.283499, -9.941318], [-76.284689, -9.941158], [-76.284188, -9.939899], [-76.284888, -9.937791], [-76.284281, -9.936795], [-76.286373, -9.934248], [-76.294663, -9.930945], [-76.297481, -9.932062], [-76.299629, -9.930948], [-76.301979, -9.931463], [-76.30127, -9.929916], [-76.301797, -9.929747], [-76.30352, -9.930411], [-76.304844, -9.934375], [-76.306301, -9.927363], [-76.308112, -9.926253], [-76.313041, -9.926828], [-76.315671, -9.925281], [-76.317668, -9.925604], [-76.318357, -9.926888], [-76.319312, -9.926071], [-76.322381, -9.926171], [-76.323343, -9.9269], [-76.326081, -9.926204], [-76.328025, -9.926522], [-76.328065, -9.927811], [-76.331852, -9.927797], [-76.334513, -9.925754], [-76.336516, -9.92635], [-76.336978, -9.927296], [-76.339559, -9.926108], [-76.340435, -9.926701], [-76.339038, -9.928772], [-76.340892, -9.927733], [-76.342014, -9.925741], [-76.341698, -9.924193]]}}, {"type": "Feature", "properties": {"ruta": "AY-667", "nombre": "Emp. PE-3S (Huanta) - Maynay - Emp. PE-26 B (Compañia).", "jerarquia": "departamental/vecinal", "departamento": "Ayacucho", "provincia": "Huanta", "distrito": "", "motivo": "last_mile_progresol", "progresol_servido": "FERRETERÍA QUINTERO", "progresol_direccion": "JR. CORDOVA NRO. 120 ", "progresol_dist_m": 1139.9, "puntos_criticos_1km": 5, "pc_lng": -74.23932, "pc_lat": -12.94858, "long_km": 0.9900000100000002, "dist_min_m": 160.6, "peligro": "", "nivel": "", "fid": 274}, "geometry": {"type": "LineString", "coordinates": [[-74.240778, -12.948855], [-74.24109, -12.949778], [-74.243822, -12.95045], [-74.249076, -12.950568]]}}, {"type": "Feature", "properties": {"ruta": "AY-667", "nombre": "Emp. PE-3S (Huanta) - Maynay - Emp. PE-26 B (Compañia).", "jerarquia": "departamental/vecinal", "departamento": "Ayacucho", "provincia": "Huanta", "distrito": "", "motivo": "last_mile_progresol", "progresol_servido": "FERRETERÍA QUINTERO", "progresol_direccion": "JR. CORDOVA NRO. 120 ", "progresol_dist_m": 1631.4, "puntos_criticos_1km": 5, "pc_lng": -74.24767, "pc_lat": -12.96314, "long_km": 1.12, "dist_min_m": 7.5, "peligro": "", "nivel": null, "fid": 275}, "geometry": {"type": "LineString", "coordinates": [[-74.249011, -12.954973], [-74.248152, -12.958788], [-74.249253, -12.962177], [-74.248632, -12.963368], [-74.247705, -12.9632]]}}, {"type": "Feature", "properties": {"ruta": "AY-667", "nombre": "Emp. PE-3S (Huanta) - Maynay - Emp. PE-26 B (Compañia).", "jerarquia": "departamental/vecinal", "departamento": "Ayacucho", "provincia": "Huanta", "distrito": "", "motivo": "last_mile_progresol", "progresol_servido": "FERRETERÍA QUINTERO", "progresol_direccion": "JR. CORDOVA NRO. 120 ", "progresol_dist_m": 886.6, "puntos_criticos_1km": 5, "pc_lng": -74.23932, "pc_lat": -12.94858, "long_km": 0.31, "dist_min_m": 153.7, "peligro": "", "nivel": "", "fid": 276}, "geometry": {"type": "LineString", "coordinates": [[-74.242596, -12.946419], [-74.24074, -12.948526]]}}, {"type": "Feature", "properties": {"ruta": "AY-667", "nombre": "Emp. PE-3S (Huanta) - Maynay - Emp. PE-26 B (Compañia).", "jerarquia": "departamental/vecinal", "departamento": "Ayacucho", "provincia": "Huanta", "distrito": "", "motivo": "last_mile_progresol", "progresol_servido": "FERRETERÍA QUINTERO", "progresol_direccion": "JR. CORDOVA NRO. 120 ", "progresol_dist_m": 547.1, "puntos_criticos_1km": 5, "pc_lng": -74.23961, "pc_lat": -12.94655, "long_km": 0.34, "dist_min_m": 324.4, "peligro": "", "nivel": "", "fid": 277}, "geometry": {"type": "LineString", "coordinates": [[-74.244727, -12.944175], [-74.242596, -12.946419]]}}, {"type": "Feature", "properties": {"ruta": "AY-667", "nombre": "Emp. PE-3S (Huanta) - Maynay - Emp. PE-26 B (Compañia).", "jerarquia": "departamental/vecinal", "departamento": "Ayacucho", "provincia": "Huanta", "distrito": "", "motivo": "last_mile_progresol", "progresol_servido": "FERRETERÍA QUINTERO", "progresol_direccion": "JR. CORDOVA NRO. 120 ", "progresol_dist_m": 2541.8, "puntos_criticos_1km": 5, "pc_lng": -74.24767, "pc_lat": -12.96314, "long_km": 0.6399999900000001, "dist_min_m": 7.4, "peligro": "", "nivel": null, "fid": 278}, "geometry": {"type": "LineString", "coordinates": [[-74.247705, -12.9632], [-74.24743, -12.968732]]}}, {"type": "Feature", "properties": {"ruta": "AP-559", "nombre": "Emp. AP-560- Pomaluri", "jerarquia": "departamental/vecinal", "departamento": "Apurímac", "provincia": "Andahuaylas", "distrito": "", "motivo": "last_mile_progresol", "progresol_servido": "FERRETERIA CEYCOR", "progresol_direccion": "JR. EL BOSQUE LOTE. 03 PALTACC ", "progresol_dist_m": 2765.0, "puntos_criticos_1km": 5, "pc_lng": -73.42948, "pc_lat": -13.65784, "long_km": 6.46999979, "dist_min_m": 501.7, "peligro": "Inundación", "nivel": "", "fid": 279}, "geometry": {"type": "LineString", "coordinates": [[-73.429579, -13.636739], [-73.42987, -13.637376], [-73.428054, -13.636774], [-73.429718, -13.639461], [-73.43296, -13.640103], [-73.428986, -13.641228], [-73.426279, -13.638209], [-73.425906, -13.644282], [-73.426699, -13.644522], [-73.425364, -13.645128], [-73.424391, -13.644172], [-73.424725, -13.64544], [-73.42734, -13.646831], [-73.429721, -13.645987], [-73.42744, -13.648585], [-73.426544, -13.648416], [-73.426919, -13.649015], [-73.42831, -13.648328], [-73.428876, -13.649371], [-73.43006, -13.649343], [-73.431044, -13.648644], [-73.429546, -13.650117], [-73.426862, -13.650685], [-73.427904, -13.651014], [-73.428566, -13.653421]]}}, {"type": "Feature", "properties": {"ruta": "AN-738", "nombre": "Emp. AN-110 (Huantar) - Emp. PE-14 A.", "jerarquia": "departamental/vecinal", "departamento": "Áncash", "provincia": "Huari", "distrito": "", "motivo": "last_mile_progresol", "progresol_servido": "CORPORACION CAF S.A.C", "progresol_direccion": "AV. FLORIDA NRO. S/N CENT SAN MARCOS", "progresol_dist_m": 365.6, "puntos_criticos_1km": 5, "pc_lng": -77.16257, "pc_lat": -9.53462, "long_km": 17.36000061, "dist_min_m": 62.0, "peligro": "Inundación, Erosión fluvial", "nivel": "Alto", "fid": 280}, "geometry": {"type": "LineString", "coordinates": [[-77.175486, -9.457342], [-77.177237, -9.458012], [-77.178389, -9.460274], [-77.178154, -9.46192], [-77.17652, -9.462626], [-77.172458, -9.468138], [-77.171257, -9.468353], [-77.170944, -9.467704], [-77.172908, -9.470196], [-77.172878, -9.471344], [-77.174089, -9.471328], [-77.174505, -9.472292], [-77.175116, -9.478263], [-77.174599, -9.480083], [-77.176543, -9.480785], [-77.177464, -9.479649], [-77.17891, -9.479405], [-77.179453, -9.480197], [-77.180975, -9.479022], [-77.181168, -9.480801], [-77.183442, -9.483444], [-77.184197, -9.486178], [-77.187133, -9.485392], [-77.190944, -9.489182], [-77.187717, -9.489962], [-77.186592, -9.489092], [-77.184145, -9.489387], [-77.177687, -9.491895], [-77.172353, -9.489081], [-77.16916, -9.490981], [-77.168904, -9.489365], [-77.166299, -9.489227], [-77.164038, -9.490118], [-77.161397, -9.48717], [-77.15758, -9.488305], [-77.157652, -9.496819], [-77.158926, -9.501123], [-77.157723, -9.502314], [-77.157967, -9.506407], [-77.157188, -9.509991], [-77.15774, -9.512338], [-77.15693, -9.512343], [-77.159788, -9.519493], [-77.160533, -9.525065], [-77.163169, -9.528538], [-77.162809, -9.533575], [-77.163464, -9.534899], [-77.162435, -9.536352]]}}, {"type": "Feature", "properties": {"ruta": "AN-746", "nombre": "Emp. PE-3N (Palmira) - Chequio.", "jerarquia": "departamental/vecinal", "departamento": "Áncash", "provincia": "Huaraz", "distrito": "", "motivo": "last_mile_progresol", "progresol_servido": "FERRETERIA MANOLO", "progresol_direccion": "CARRETERA WILLCAHUAIN N° 364 ", "progresol_dist_m": 919.2, "puntos_criticos_1km": 5, "pc_lng": -77.53514, "pc_lat": -9.50336, "long_km": 1.2999999500000001, "dist_min_m": 279.6, "peligro": "Erosión fluvial", "nivel": "Alto", "fid": 281}, "geometry": {"type": "LineString", "coordinates": [[-77.534858, -9.500859], [-77.533769, -9.50041], [-77.53344, -9.49852], [-77.53166, -9.497157], [-77.532307, -9.49632], [-77.532297, -9.491809]]}}, {"type": "Feature", "properties": {"ruta": "AN-1182", "nombre": "Emp. PE-3N (Huaraz) -  Planta de Agua - Coyllur.", "jerarquia": "departamental/vecinal", "departamento": "Áncash", "provincia": "Huaraz", "distrito": "", "motivo": "last_mile_progresol", "progresol_servido": "EL GRAN MAESTRO", "progresol_direccion": "AV.CONFRETERNIDAD INTERNACIONAL EST ", "progresol_dist_m": 5.3, "puntos_criticos_1km": 5, "pc_lng": -77.48048, "pc_lat": -9.5218, "long_km": 9.42000008, "dist_min_m": 19.4, "peligro": "Erosión fluvial", "nivel": "Alto", "fid": 282}, "geometry": {"type": "LineString", "coordinates": [[-77.53237, -9.530514], [-77.527748, -9.530908], [-77.527479, -9.529672], [-77.519408, -9.531992], [-77.514789, -9.530324], [-77.511311, -9.531103], [-77.509762, -9.530692], [-77.508434, -9.531912], [-77.508083, -9.530459], [-77.504754, -9.531049], [-77.502911, -9.529313], [-77.495105, -9.526948], [-77.488348, -9.523758], [-77.479628, -9.521949], [-77.477424, -9.520076], [-77.466694, -9.515257], [-77.45734, -9.516004]]}}, {"type": "Feature", "properties": {"ruta": "AN-1123", "nombre": "Emp. PE-3N (Palmira) -  Ucru - Pongor - Ancomarca - Quispachilpa - Emp. PE-14.", "jerarquia": "departamental/vecinal", "departamento": "Áncash", "provincia": "Huaraz", "distrito": "", "motivo": "last_mile_progresol", "progresol_servido": "FERRETERIA MANOLO", "progresol_direccion": "CARRETERA WILLCAHUAIN N° 364 ", "progresol_dist_m": 551.4, "puntos_criticos_1km": 5, "pc_lng": -77.5361, "pc_lat": -9.5052, "long_km": 24.32999992, "dist_min_m": 29.8, "peligro": "Erosión fluvial", "nivel": "Alto", "fid": 283}, "geometry": {"type": "LineString", "coordinates": [[-77.600629, -9.555313], [-77.602603, -9.555665], [-77.602879, -9.554568], [-77.60129, -9.551999], [-77.603792, -9.54942], [-77.603129, -9.548532], [-77.604821, -9.54613], [-77.602307, -9.544498], [-77.60044, -9.540262], [-77.600569, -9.538285], [-77.60165, -9.53686], [-77.601202, -9.535545], [-77.60258, -9.533643], [-77.601234, -9.531883], [-77.603871, -9.528747], [-77.598923, -9.529879], [-77.598036, -9.527764], [-77.594934, -9.525446], [-77.59165, -9.520852], [-77.589498, -9.519556], [-77.589364, -9.518373], [-77.587786, -9.519046], [-77.586425, -9.516355], [-77.585813, -9.512966], [-77.586389, -9.511663], [-77.585159, -9.510725], [-77.58325, -9.510838], [-77.583965, -9.508915], [-77.582974, -9.507792], [-77.582998, -9.505043], [-77.580715, -9.504523], [-77.579429, -9.502948], [-77.580261, -9.501013], [-77.584037, -9.500064], [-77.583495, -9.498051], [-77.585487, -9.498075], [-77.584506, -9.496119], [-77.585051, -9.494444], [-77.584231, -9.491034], [-77.583294, -9.492926], [-77.583822, -9.494011], [-77.583219, -9.495688], [-77.5826, -9.495091], [-77.579563, -9.496004], [-77.58182, -9.494289], [-77.58089, -9.492787], [-77.580674, -9.494241], [-77.577976, -9.495374], [-77.577976, -9.496652], [-77.573846, -9.498371], [-77.57278, -9.499947], [-77.566156, -9.503503], [-77.565144, -9.510079], [-77.562319, -9.504081], [-77.560174, -9.512665], [-77.560134, -9.510846], [-77.558795, -9.51027], [-77.558329, -9.507868], [-77.557306, -9.511465], [-77.55578, -9.511787], [-77.554995, -9.512873], [-77.555102, -9.510324], [-77.551298, -9.506484], [-77.547361, -9.507487], [-77.546765, -9.508315], [-77.546624, -9.507283], [-77.545808, -9.507082], [-77.544326, -9.508637], [-77.543311, -9.5083], [-77.544175, -9.507347], [-77.544057, -9.506006], [-77.542605, -9.505295], [-77.540731, -9.506712], [-77.539794, -9.506328], [-77.539858, -9.507938], [-77.537455, -9.506407], [-77.536386, -9.507009], [-77.536295, -9.506035], [-77.535486, -9.506402], [-77.536585, -9.505385], [-77.535593, -9.502428], [-77.53466, -9.502174]]}}, {"type": "Feature", "properties": {"ruta": "AN-745", "nombre": "Emp. AN-740 - Curhuas - Caururo.", "jerarquia": "departamental/vecinal", "departamento": "Áncash", "provincia": "Huaraz", "distrito": "", "motivo": "last_mile_progresol", "progresol_servido": "FERRETERIA MANOLO", "progresol_direccion": "CARRETERA WILLCAHUAIN N° 364 ", "progresol_dist_m": 933.4, "puntos_criticos_1km": 5, "pc_lng": -77.52997, "pc_lat": -9.50256, "long_km": 2.7699999799999997, "dist_min_m": 379.2, "peligro": "Erosión fluvial", "nivel": "Alto", "fid": 284}, "geometry": {"type": "LineString", "coordinates": [[-77.524613, -9.502366], [-77.522896, -9.502075], [-77.526699, -9.500785], [-77.528032, -9.499466], [-77.52727, -9.498592], [-77.523262, -9.497831], [-77.521844, -9.495997], [-77.524283, -9.493416], [-77.524716, -9.491267], [-77.523006, -9.488729]]}}, {"type": "Feature", "properties": {"ruta": "AY-836", "nombre": "Emp. PE-3S - Pte. Huarpapicchu - Campanayocc - Tambopuquio - Emp. AY-841.", "jerarquia": "departamental/vecinal", "departamento": "Ayacucho", "provincia": "Huamanga", "distrito": "", "motivo": "last_mile_progresol", "progresol_servido": "FERRETERIA J-ABNER", "progresol_direccion": "AV LOS LIBERTADORES.MZ B LOTE 4 F ", "progresol_dist_m": 164.6, "puntos_criticos_1km": 5, "pc_lng": -74.2147, "pc_lat": -13.19134, "long_km": 1.7200000300000002, "dist_min_m": 70.6, "peligro": "Inundación, erosión fluvial", "nivel": "Alto", "fid": 285}, "geometry": {"type": "LineString", "coordinates": [[-74.221321, -13.180315], [-74.220112, -13.180321], [-74.217212, -13.183938], [-74.213058, -13.18737], [-74.213189, -13.189685], [-74.21423, -13.190901]]}}, {"type": "Feature", "properties": {"ruta": "AY-628", "nombre": "Emp. AY-619 - Soccosccocha - Huancayocc - Chula.", "jerarquia": "departamental/vecinal", "departamento": "Ayacucho", "provincia": "Huanta", "distrito": "", "motivo": "last_mile_progresol", "progresol_servido": "FERRETERÍA QUINTERO", "progresol_direccion": "JR. CORDOVA NRO. 120 ", "progresol_dist_m": 1412.2, "puntos_criticos_1km": 5, "pc_lng": -74.23592, "pc_lat": -12.93383, "long_km": 1.0499999500000001, "dist_min_m": 43.8, "peligro": "Inundación, flujo de detritos, erosión fluvial", "nivel": " ", "fid": 286}, "geometry": {"type": "LineString", "coordinates": [[-74.234193, -12.931855], [-74.235875, -12.931756], [-74.232846, -12.933999], [-74.236675, -12.933879]]}}, {"type": "Feature", "properties": {"ruta": "AY-628", "nombre": "Emp. AY-619 - Soccosccocha - Huancayocc - Chula.", "jerarquia": "departamental/vecinal", "departamento": "Ayacucho", "provincia": "Huanta", "distrito": "", "motivo": "last_mile_progresol", "progresol_servido": "FERRETERÍA QUINTERO", "progresol_direccion": "JR. CORDOVA NRO. 120 ", "progresol_dist_m": 1759.2, "puntos_criticos_1km": 5, "pc_lng": -74.23592, "pc_lat": -12.93383, "long_km": 1.2000000499999999, "dist_min_m": 288.6, "peligro": "Inundación, flujo de detritos, erosión fluvial", "nivel": " ", "fid": 287}, "geometry": {"type": "LineString", "coordinates": [[-74.226821, -12.93598], [-74.228322, -12.934862], [-74.230208, -12.935425], [-74.230736, -12.933545], [-74.234193, -12.931855]]}}, {"type": "Feature", "properties": {"ruta": "AY-626", "nombre": "Emp. AY-624 - Callqui - Emp. AY-628.", "jerarquia": "departamental/vecinal", "departamento": "Ayacucho", "provincia": "Huanta", "distrito": "", "motivo": "last_mile_progresol", "progresol_servido": "FERRETERÍA QUINTERO", "progresol_direccion": "JR. CORDOVA NRO. 120 ", "progresol_dist_m": 1635.0, "puntos_criticos_1km": 5, "pc_lng": -74.23874, "pc_lat": -12.93194, "long_km": 3.5, "dist_min_m": 277.8, "peligro": "Inundación", "nivel": "", "fid": 288}, "geometry": {"type": "LineString", "coordinates": [[-74.22898, -12.920213], [-74.229656, -12.919118], [-74.229961, -12.921334], [-74.230596, -12.920498], [-74.230536, -12.9215], [-74.231077, -12.920855], [-74.231116, -12.921898], [-74.231998, -12.921714], [-74.231322, -12.922314], [-74.233662, -12.926049], [-74.233978, -12.929422], [-74.234832, -12.929316], [-74.234009, -12.930061], [-74.235743, -12.929111], [-74.236079, -12.93002], [-74.235012, -12.930444], [-74.236533, -12.930635], [-74.234193, -12.931855]]}}, {"type": "Feature", "properties": {"ruta": "AN-666", "nombre": "Emp. AN-665 - Huaripampa.", "jerarquia": "departamental/vecinal", "departamento": "Áncash", "provincia": "Huari", "distrito": "", "motivo": "last_mile_progresol", "progresol_servido": "INVERSIONES JM FAMASA IMPORT Y EXPORT S.A.C.", "progresol_direccion": "AV. PRIMAVERA NRO. S/N ", "progresol_dist_m": 719.2, "puntos_criticos_1km": 5, "pc_lng": -77.09966, "pc_lat": -9.35877, "long_km": 7.28000021, "dist_min_m": 318.9, "peligro": "Erosión fluvial", "nivel": "Muy alto", "fid": 289}, "geometry": {"type": "LineString", "coordinates": [[-77.102552, -9.358512], [-77.102314, -9.357114], [-77.103102, -9.359568], [-77.102624, -9.361884], [-77.101091, -9.362743], [-77.101749, -9.363074], [-77.102957, -9.362633], [-77.104668, -9.358193], [-77.104819, -9.356014], [-77.104158, -9.355069], [-77.105465, -9.355938], [-77.106402, -9.358861], [-77.106165, -9.354388], [-77.108123, -9.353075], [-77.106885, -9.354583], [-77.108243, -9.357919], [-77.109134, -9.357733], [-77.108312, -9.357196], [-77.108464, -9.355251], [-77.109387, -9.354423], [-77.109007, -9.356306], [-77.110193, -9.35666], [-77.109369, -9.355915], [-77.109895, -9.355532], [-77.111352, -9.357223], [-77.112415, -9.3569], [-77.11122, -9.356482], [-77.112504, -9.356601], [-77.114172, -9.356953], [-77.114469, -9.357909], [-77.119003, -9.358235], [-77.119992, -9.360778]]}}, {"type": "Feature", "properties": {"ruta": "JU-1089", "nombre": "Emp. PE-3S - Emp. PE-3S (San Jerónimo de Tunan).", "jerarquia": "departamental/vecinal", "departamento": "Junín", "provincia": "Huancayo", "distrito": "", "motivo": "last_mile_progresol", "progresol_servido": "FERRETERIA CADEMA", "progresol_direccion": "CARRETERA CENTRAL 1696 ", "progresol_dist_m": 2250.0, "puntos_criticos_1km": 5, "pc_lng": -75.31357, "pc_lat": -11.93873, "long_km": 3.7699999799999997, "dist_min_m": 469.2, "peligro": "Inundación, erosión fluvial", "nivel": "Muy alto", "fid": 290}, "geometry": {"type": "LineString", "coordinates": [[-75.280807, -11.953613], [-75.282717, -11.955155], [-75.309268, -11.93846]]}}, {"type": "Feature", "properties": {"ruta": "JU-722", "nombre": "Emp. JU-103 - Emp. JU-104.", "jerarquia": "departamental/vecinal", "departamento": "Junín", "provincia": "Jauja", "distrito": "", "motivo": "last_mile_progresol", "progresol_servido": "DISTRIBUIDORA CARRION", "progresol_direccion": "JR. 28 DE JULIO NRO. 440 ", "progresol_dist_m": 1995.6, "puntos_criticos_1km": 5, "pc_lng": -75.44958, "pc_lat": -11.73833, "long_km": 6.239999770000001, "dist_min_m": 111.9, "peligro": "Inundación, erosión fluvial", "nivel": "Muy alto", "fid": 291}, "geometry": {"type": "LineString", "coordinates": [[-75.489981, -11.760889], [-75.481161, -11.750505], [-75.470086, -11.746535], [-75.465773, -11.746642], [-75.458776, -11.744193], [-75.454511, -11.739968], [-75.44696, -11.735802], [-75.445439, -11.737777]]}}, {"type": "Feature", "properties": {"ruta": "JU-698", "nombre": "Emp. JU-697 - Emp. JU-699.", "jerarquia": "departamental/vecinal", "departamento": "Junín", "provincia": "Jauja", "distrito": "", "motivo": "last_mile_progresol", "progresol_servido": "MC ALVAREZ", "progresol_direccion": "BRUNO TERREROS Nº 145 ", "progresol_dist_m": 282.4, "puntos_criticos_1km": 5, "pc_lng": -75.49019, "pc_lat": -11.80287, "long_km": 13.14000034, "dist_min_m": 342.6, "peligro": null, "nivel": "", "fid": 292}, "geometry": {"type": "LineString", "coordinates": [[-75.534367, -11.772256], [-75.537546, -11.78014], [-75.535876, -11.780594], [-75.533653, -11.784891], [-75.5268, -11.793117], [-75.525819, -11.795478], [-75.524306, -11.794641], [-75.528715, -11.790784], [-75.525212, -11.789484], [-75.519781, -11.789956], [-75.514935, -11.795002], [-75.512896, -11.794634], [-75.507914, -11.800965], [-75.505876, -11.805689], [-75.504939, -11.805428], [-75.502806, -11.808434], [-75.501329, -11.808826], [-75.498544, -11.806633], [-75.498797, -11.804942], [-75.497469, -11.800992], [-75.496008, -11.80028], [-75.495258, -11.80181], [-75.494331, -11.801866], [-75.492382, -11.800368], [-75.494553, -11.797859], [-75.494268, -11.792452], [-75.50011, -11.784529], [-75.501304, -11.781058], [-75.500853, -11.780291], [-75.498177, -11.779942]]}}, {"type": "Feature", "properties": {"ruta": "JU-723", "nombre": "Emp. JU-725 - Emp. JU-725.", "jerarquia": "departamental/vecinal", "departamento": "Junín", "provincia": "Jauja", "distrito": "", "motivo": "last_mile_progresol", "progresol_servido": "DISTRIBUIDORA CARRION", "progresol_direccion": "JR. 28 DE JULIO NRO. 440 ", "progresol_dist_m": 1576.9, "puntos_criticos_1km": 5, "pc_lng": -75.48247, "pc_lat": -11.7581, "long_km": 4.527999879999999, "dist_min_m": 206.2, "peligro": "Inundación", "nivel": " ", "fid": 293}, "geometry": {"type": "LineString", "coordinates": [[-75.453741, -11.746507], [-75.456099, -11.745952], [-75.462813, -11.748934], [-75.470538, -11.753353], [-75.476549, -11.758181], [-75.481654, -11.759773], [-75.484269, -11.764534], [-75.484052, -11.766551], [-75.484807, -11.76788]]}}, {"type": "Feature", "properties": {"ruta": "JU-1090", "nombre": "Emp. PE-24 A - Emp. JU-1087.", "jerarquia": "departamental/vecinal", "departamento": "Junín", "provincia": "Huancayo", "distrito": "", "motivo": "last_mile_progresol", "progresol_servido": "FERRETERIA CADEMA", "progresol_direccion": "CARRETERA CENTRAL 1696 ", "progresol_dist_m": 1785.0, "puntos_criticos_1km": 5, "pc_lng": -75.31357, "pc_lat": -11.93873, "long_km": 0.18000001000000002, "dist_min_m": 515.8, "peligro": "Inundación, erosión fluvial", "nivel": "Muy alto", "fid": 294}, "geometry": {"type": "LineString", "coordinates": [[-75.310713, -11.934392], [-75.309867, -11.935633]]}}, {"type": "Feature", "properties": {"ruta": "JU-1090", "nombre": "Emp. PE-24 A - Emp. JU-1087.", "jerarquia": "departamental/vecinal", "departamento": "Junín", "provincia": "Huancayo", "distrito": "", "motivo": "last_mile_progresol", "progresol_servido": "FERRETERIA CADEMA", "progresol_direccion": "CARRETERA CENTRAL 1696 ", "progresol_dist_m": 1511.7, "puntos_criticos_1km": 5, "pc_lng": -75.31357, "pc_lat": -11.93873, "long_km": 0.34, "dist_min_m": 574.1, "peligro": "Inundación, erosión fluvial", "nivel": "Muy alto", "fid": 295}, "geometry": {"type": "LineString", "coordinates": [[-75.310713, -11.934392], [-75.310867, -11.931394]]}}, {"type": "Feature", "properties": {"ruta": "R", "nombre": "Emp. PE32 - Huaccepampa - Emp. AY118 (Cora Cora)", "jerarquia": "departamental/vecinal", "departamento": "Ayacucho", "provincia": "Parinacochas", "distrito": "", "motivo": "last_mile_progresol", "progresol_servido": "FERRETERIA RUBIMAR", "progresol_direccion": "JR. PUMAHUIRI NRO. S/N (FRENTE AL GRIFO)", "progresol_dist_m": 372.9, "puntos_criticos_1km": 5, "pc_lng": -73.776, "pc_lat": -15.01641, "long_km": 1.53999996, "dist_min_m": 246.3, "peligro": "Inundación, erosión", "nivel": "", "fid": 296}, "geometry": {"type": "LineString", "coordinates": [[-73.766149, -15.026501], [-73.768906, -15.024732], [-73.773709, -15.019309], [-73.776984, -15.018523]]}}, {"type": "Feature", "properties": {"ruta": "R", "nombre": "Emp. PE32 (Cora Cora) -  Taccra - Punta de Carretera", "jerarquia": "departamental/vecinal", "departamento": "Ayacucho", "provincia": "Parinacochas", "distrito": "", "motivo": "last_mile_progresol", "progresol_servido": "FERRETERIA RUBIMAR", "progresol_direccion": "JR. PUMAHUIRI NRO. S/N (FRENTE AL GRIFO)", "progresol_dist_m": 617.2, "puntos_criticos_1km": 5, "pc_lng": -73.7774, "pc_lat": -15.0158, "long_km": 2.1500000999999997, "dist_min_m": 660.3, "peligro": "Inundación", "nivel": "Alto", "fid": 297}, "geometry": {"type": "LineString", "coordinates": [[-73.779487, -15.010012], [-73.775332, -15.009628], [-73.774746, -15.006084], [-73.775982, -15.005825], [-73.775738, -15.003538], [-73.774516, -15.004108], [-73.77479, -15.002935], [-73.774102, -15.003601], [-73.7754, -15.000766]]}}, {"type": "Feature", "properties": {"ruta": "JU-896", "nombre": "Emp. JU-897 (Huamancaca Chico) - Emp. JU-894 (Av. Los Héroes).", "jerarquia": "departamental/vecinal", "departamento": "Junín", "provincia": "Chupaca", "distrito": "", "motivo": "last_mile_progresol", "progresol_servido": "DISTRIBUIDORA HENRY", "progresol_direccion": "AV 9 DE OCTUBRE S/ N ", "progresol_dist_m": 644.7, "puntos_criticos_1km": 5, "pc_lng": -75.24999, "pc_lat": -12.06278, "long_km": 2.54900002, "dist_min_m": 714.4, "peligro": "Inundación", "nivel": "", "fid": 298}, "geometry": {"type": "LineString", "coordinates": [[-75.24778, -12.07167], [-75.25005, -12.070958], [-75.252948, -12.068576], [-75.2684, -12.068413], [-75.269327, -12.069088]]}}, {"type": "Feature", "properties": {"ruta": "JU-899", "nombre": "Emp. JU-900 (Huamancaca Chico) - Urb. La Rivera (Huancayo).", "jerarquia": "departamental/vecinal", "departamento": "Junín", "provincia": "Chupaca", "distrito": "", "motivo": "last_mile_progresol", "progresol_servido": "DISTRIBUIDORA HENRY", "progresol_direccion": "AV 9 DE OCTUBRE S/ N ", "progresol_dist_m": 807.2, "puntos_criticos_1km": 5, "pc_lng": -75.23449, "pc_lat": -12.08091, "long_km": 0.73500001, "dist_min_m": 151.9, "peligro": "Erosión fluvial", "nivel": "Muy alto", "fid": 299}, "geometry": {"type": "LineString", "coordinates": [[-75.242177, -12.08252], [-75.235705, -12.081583]]}}, {"type": "Feature", "properties": {"ruta": "JU-973", "nombre": "Emp. PE-3SZ (3 de Diciembre) - Extracción de Arena (Río Mantaro).", "jerarquia": "departamental/vecinal", "departamento": "Junín", "provincia": "Chupaca", "distrito": "", "motivo": "last_mile_progresol", "progresol_servido": "FERRETERIA E INVERSIONES KALIMAX", "progresol_direccion": "AV HEROES DE LA BREÑA S/N HUAMANMAR ", "progresol_dist_m": 2113.0, "puntos_criticos_1km": 5, "pc_lng": -75.23366, "pc_lat": -12.12636, "long_km": 2.2739999300000004, "dist_min_m": 406.5, "peligro": "Inundación", "nivel": "", "fid": 300}, "geometry": {"type": "LineString", "coordinates": [[-75.246401, -12.113548], [-75.243358, -12.114071], [-75.243198, -12.115585], [-75.240698, -12.119191], [-75.238311, -12.119512], [-75.239707, -12.125217], [-75.237161, -12.125078]]}}, {"type": "Feature", "properties": {"ruta": "AY-1201", "nombre": "Emp. PE-32 - Coracora - Asnaccocha - Lomaspata.", "jerarquia": "departamental/vecinal", "departamento": "Ayacucho", "provincia": "Parinacochas", "distrito": "", "motivo": "last_mile_progresol", "progresol_servido": "FERRETERIA RUBIMAR", "progresol_direccion": "JR. PUMAHUIRI NRO. S/N (FRENTE AL GRIFO)", "progresol_dist_m": 512.5, "puntos_criticos_1km": 5, "pc_lng": -73.77746, "pc_lat": -15.016, "long_km": 0.191, "dist_min_m": 610.5, "peligro": "Inundación, flujo de detritos, erosión fluvial", "nivel": " ", "fid": 301}, "geometry": {"type": "LineString", "coordinates": [[-73.783145, -15.015989], [-73.783511, -15.014674]]}}, {"type": "Feature", "properties": {"ruta": "AY-1201", "nombre": "Emp. PE-32 - Coracora - Asnaccocha - Lomaspata.", "jerarquia": "departamental/vecinal", "departamento": "Ayacucho", "provincia": "Parinacochas", "distrito": "", "motivo": "last_mile_progresol", "progresol_servido": "FERRETERIA RUBIMAR", "progresol_direccion": "JR. PUMAHUIRI NRO. S/N (FRENTE AL GRIFO)", "progresol_dist_m": 555.3, "puntos_criticos_1km": 5, "pc_lng": -73.77746, "pc_lat": -15.016, "long_km": 3.47300005, "dist_min_m": 666.3, "peligro": "Inundación, flujo de detritos, erosión fluvial", "nivel": " ", "fid": 302}, "geometry": {"type": "LineString", "coordinates": [[-73.783511, -15.014674], [-73.783552, -15.012934], [-73.786656, -15.009531], [-73.786653, -15.010982], [-73.788396, -15.012592], [-73.790879, -15.012877], [-73.796077, -15.011373], [-73.796893, -15.010464], [-73.799164, -15.010544], [-73.800134, -15.008676], [-73.803024, -15.007264], [-73.804674, -15.006799], [-73.806043, -15.007992]]}}, {"type": "Feature", "properties": {"ruta": "IC-574", "nombre": "Emp. PE-1S - Casalla Chica - Nuñez - Monte Fuerte - Cuchilla Nueva - Huarangal - Murga - Bernales - Buenos Aires - Fundo Abril - Polvareda - Pta. Carretera.", "jerarquia": "departamental/vecinal", "departamento": "Ica", "provincia": "Pisco", "distrito": "", "motivo": "last_mile_progresol", "progresol_servido": "DISTRIBUIDORA Y FERRETERIA TOTO", "progresol_direccion": "CAL.LAS TROTUGAS MZA. B LOTE. 04 URB. SANTA MONICA", "progresol_dist_m": 696.1, "puntos_criticos_1km": 5, "pc_lng": -76.14322, "pc_lat": -13.69342, "long_km": 2.8199999300000003, "dist_min_m": 647.9, "peligro": "Inundación", "nivel": "", "fid": 303}, "geometry": {"type": "LineString", "coordinates": [[-76.133425, -13.703306], [-76.140732, -13.705541], [-76.145832, -13.70283], [-76.145221, -13.698939], [-76.152533, -13.697977]]}}, {"type": "Feature", "properties": {"ruta": "IC-622", "nombre": "Emp. PE-1S C (Santa Rosa) - Manco Capac - Señor de Luren - Santa Bárbara - Chalet - Fundición Baja - La Vela - Chanchajalla - Emp. PE-1S C (Los Lunas).", "jerarquia": "departamental/vecinal", "departamento": "Ica", "provincia": "Ica", "distrito": "", "motivo": "last_mile_progresol", "progresol_servido": "LA POSITIBA", "progresol_direccion": "AV. RENAN ELIAS NRO. 704 ", "progresol_dist_m": 702.1, "puntos_criticos_1km": 5, "pc_lng": -75.72768, "pc_lat": -14.02972, "long_km": 3.59800005, "dist_min_m": 402.4, "peligro": "Flujo de detritos, Erosión fluvial", "nivel": "Muy Alto", "fid": 304}, "geometry": {"type": "LineString", "coordinates": [[-75.723761, -14.029267], [-75.725574, -14.033756], [-75.725557, -14.037321], [-75.72415, -14.039361], [-75.723705, -14.044696], [-75.721949, -14.04796], [-75.718321, -14.046152], [-75.717359, -14.043361], [-75.713338, -14.040219]]}}, {"type": "Feature", "properties": {"ruta": "IC-643", "nombre": "Emp. IC-635 (El Limón) - Los Patos.", "jerarquia": "departamental/vecinal", "departamento": "Ica", "provincia": "Ica", "distrito": "", "motivo": "last_mile_progresol", "progresol_servido": "FERRETERIA SOVELY", "progresol_direccion": "MZA. G LOTE. 08A URB. PALAZUELOS  (A 1CASA DEL JARDIN - EN LA MISMA AVENI", "progresol_dist_m": 897.6, "puntos_criticos_1km": 5, "pc_lng": -75.72843, "pc_lat": -14.0486, "long_km": 2.55599999, "dist_min_m": 413.4, "peligro": "Inundación", "nivel": "", "fid": 305}, "geometry": {"type": "LineString", "coordinates": [[-75.73468, -14.025914], [-75.735764, -14.028777], [-75.732733, -14.042117], [-75.732251, -14.048317]]}}, {"type": "Feature", "properties": {"ruta": "IC-675", "nombre": "Emp. PE-1S - Emp. IC-676.", "jerarquia": "departamental/vecinal", "departamento": "Ica", "provincia": "Ica", "distrito": "", "motivo": "last_mile_progresol", "progresol_servido": "FERRETERIA CAHUA", "progresol_direccion": "PP.JJ . CONFRATERNIDAD  A-25 ", "progresol_dist_m": 1832.6, "puntos_criticos_1km": 5, "pc_lng": -75.71977, "pc_lat": -14.10592, "long_km": 0.060000000000000005, "dist_min_m": 140.5, "peligro": "Inundación", "nivel": null, "fid": 306}, "geometry": {"type": "LineString", "coordinates": [[-75.717979, -14.105688], [-75.718505, -14.105626]]}}, {"type": "Feature", "properties": {"ruta": "PE-14A", "nombre": "Emp. PE-3N (Huaraz) - Anyanga (PE-14 B) - Huantar - Succha - Pte. Pomachaca (PE-14 B) - Masin - Pte. Rahuapampa - Dv. Llamellín - Anra - Uco - Dv. Paucas - Huacaybamba - Cochabamba - Arancay - Jircan - Carpa - Monzón - Tasogrande - Sachavaca - Emp. PE-", "jerarquia": "nacional", "departamento": "Áncash", "provincia": " ", "distrito": "", "motivo": "last_mile_progresol", "progresol_servido": "INVERSIONES JM FAMASA IMPORT Y EXPORT S.A.C.", "progresol_direccion": "AV. PRIMAVERA NRO. S/N ", "progresol_dist_m": 35.1, "puntos_criticos_1km": 5, "pc_lng": -77.09167, "pc_lat": -9.36609, "long_km": 1.3279999500000002, "dist_min_m": 94.8, "peligro": "Erosión fluvial", "nivel": "Muy alto", "fid": 307}, "geometry": {"type": "LineString", "coordinates": [[-77.101622, -9.367466], [-77.092271, -9.365473]]}}, {"type": "Feature", "properties": {"ruta": "PE-1N", "nombre": "I.V. Santa Anita - I.V. Huacho - Chimbote - Ov. La Marina (PE-10 A) - Ov. El Milagro - Paiján - Mocupe - Reque - Chiclayo - Lambayeque - Pte. Grau - Pte. Sullana Dv. Talara - Máncora - Zorritos - Tumbes - Pte. Internacional de La Paz (fr. Ecuador).", "jerarquia": "nacional", "departamento": "Lima", "provincia": " ", "distrito": "", "motivo": "last_mile_progresol", "progresol_servido": "SANTA ANA CIRICIA RUA S.C.R.LT", "progresol_direccion": "AV. ALFREDO MENDIOLA MZA E LOTE 10 ASOC.PRO.VIV.LA ESTRELLA", "progresol_dist_m": 794.7, "puntos_criticos_1km": 5, "pc_lng": -77.07731, "pc_lat": -11.92795, "long_km": 0.003, "dist_min_m": 655.1, "peligro": "Inundación", "nivel": null, "fid": 308}, "geometry": {"type": "LineString", "coordinates": [[-77.072306, -11.931235], [-77.072307, -11.931224]]}}, {"type": "Feature", "properties": {"ruta": "PE-1S", "nombre": "I.V. Santa Anita - Chincha Alta - Ica - Nazca - Dv. Camaná - Dv. Quilca (PE-1S D) - La Repartición (Dv. Arequipa) - Dv. Pto. Matarani (PE- 34) - La Joya - Dv. Moquegua (PE-36 A) - Dv. Ilo (PE-36) - Tacna (PE-38) - La Concordia (fr. Chile).", "jerarquia": "nacional", "departamento": "Ica", "provincia": " ", "distrito": "", "motivo": "last_mile_progresol", "progresol_servido": "FERRETERIA JOEL", "progresol_direccion": "CAR.PANAMERICANA SUR NRO. 533 (PASANDO RESTAURANT EL REGIONAL)", "progresol_dist_m": 2545.6, "puntos_criticos_1km": 5, "pc_lng": -76.14412, "pc_lat": -13.51284, "long_km": 5.40700006, "dist_min_m": 474.3, "peligro": "Inundación", "nivel": "", "fid": 309}, "geometry": {"type": "LineString", "coordinates": [[-76.13606, -13.44993], [-76.136402, -13.463819], [-76.141502, -13.509422]]}}, {"type": "Feature", "properties": {"ruta": "PE-3S", "nombre": "Repartición La Oroya (PE-22) - Huancayo - Izcuchaca (PE-26) - Mayoc - Ayacucho - Andahuaylas (PE-30 B) - Abancay - Anta - Cusco - Urcos - Ayaviri (PE-3S G) - Calapuja - Puno (PE-36 B) - Ilave - Pte. Internacional Desaguadero (fr. Bolivia).", "jerarquia": "nacional", "departamento": "Ayacucho", "provincia": " ", "distrito": "", "motivo": "last_mile_progresol", "progresol_servido": "FERRETERIA LUIS FABRICIO", "progresol_direccion": "JR. LOS CIPRECES 240 ", "progresol_dist_m": 488.8, "puntos_criticos_1km": 5, "pc_lng": -74.21245, "pc_lat": -13.17704, "long_km": 0.26300001, "dist_min_m": 724.4, "peligro": "Inundación", "nivel": "", "fid": 310}, "geometry": {"type": "LineString", "coordinates": [[-74.206737, -13.173643], [-74.205727, -13.174653]]}}, {"type": "Feature", "properties": {"ruta": "PE-3SZ", "nombre": "Emp PE-24 (Pilcomayo) - Huamancaca Chico - Tres de Diciembre - Chupuro - Viques - Emp. PE3S (Huayucachi)", "jerarquia": "nacional", "departamento": "Junín", "provincia": " ", "distrito": "", "motivo": "last_mile_progresol", "progresol_servido": "FERRETERIA CONSORCIO D & M", "progresol_direccion": "AV LAS AMERICAS S/N ", "progresol_dist_m": 1699.7, "puntos_criticos_1km": 5, "pc_lng": -75.23846, "pc_lat": -12.04871, "long_km": 0.185, "dist_min_m": 519.8, "peligro": "Inundación", "nivel": "", "fid": 311}, "geometry": {"type": "LineString", "coordinates": [[-75.241287, -12.052502], [-75.240436, -12.053954]]}}, {"type": "Feature", "properties": {"ruta": "PE-1N", "nombre": "I.V. Santa Anita - I.V. Huacho - Chimbote - Ov. La Marina (PE-10 A) - Ov. El Milagro - Paiján - Mocupe - Reque - Chiclayo - Lambayeque - Pte. Grau - Pte. Sullana Dv. Talara - Máncora - Zorritos - Tumbes - Pte. Internacional de La Paz (fr. Ecuador).", "jerarquia": "nacional", "departamento": "Lima", "provincia": " ", "distrito": "", "motivo": "last_mile_progresol", "progresol_servido": "SANTA ANA CIRICIA RUA S.C.R.LT", "progresol_direccion": "AV. ALFREDO MENDIOLA MZA E LOTE 10 ASOC.PRO.VIV.LA ESTRELLA", "progresol_dist_m": 428.5, "puntos_criticos_1km": 5, "pc_lng": -77.07731, "pc_lat": -11.92795, "long_km": 0.37099999, "dist_min_m": 655.9, "peligro": "Inundación", "nivel": null, "fid": 312}, "geometry": {"type": "LineString", "coordinates": [[-77.071999, -11.934539], [-77.072306, -11.931235]]}}, {"type": "Feature", "properties": {"ruta": "PE-3SZ", "nombre": "Emp PE-24 (Pilcomayo) - Huamancaca Chico - Tres de Diciembre - Chupuro - Viques - Emp. PE3S (Huayucachi)", "jerarquia": "nacional", "departamento": "Junín", "provincia": " ", "distrito": "", "motivo": "last_mile_progresol", "progresol_servido": "DISTRIBUIDORA HENRY", "progresol_direccion": "AV 9 DE OCTUBRE S/ N ", "progresol_dist_m": 7.8, "puntos_criticos_1km": 5, "pc_lng": -75.2358, "pc_lat": -12.07413, "long_km": 4.27699995, "dist_min_m": 730.9, "peligro": "Inundación", "nivel": "Alto", "fid": 313}, "geometry": {"type": "LineString", "coordinates": [[-75.242495, -12.074715], [-75.247635, -12.075153], [-75.246155, -12.106674], [-75.246944, -12.107052], [-75.246916, -12.108019]]}}, {"type": "Feature", "properties": {"ruta": "PE-24", "nombre": "Emp. PE-1S (Dv. San Vicente de Cañete) – Dv. Quilmana - Imperial - Pontón Socsi - Lunahuana - Zúñiga - Catahuasi - Dv. Yauyos - Tomas - Abra Negro Bueno - San José de Quero - Colpa - Chupaca - Pte. La Breña - Pilcomayo (PE-3SB) - Emp. PE-3S (El T", "jerarquia": "nacional", "departamento": "Junín", "provincia": " ", "distrito": "", "motivo": "last_mile_progresol", "progresol_servido": "FERRETERIA CONSORCIO D & M", "progresol_direccion": "AV LAS AMERICAS S/N ", "progresol_dist_m": 1417.5, "puntos_criticos_1km": 5, "pc_lng": -75.23846, "pc_lat": -12.04871, "long_km": 0.50199997, "dist_min_m": 521.9, "peligro": "Inundación", "nivel": "", "fid": 314}, "geometry": {"type": "LineString", "coordinates": [[-75.245634, -12.053105], [-75.243927, -12.053392], [-75.241287, -12.052502]]}}, {"type": "Feature", "properties": {"ruta": "PE-24", "nombre": "Emp. PE-1S (Dv. San Vicente de Cañete) – Dv. Quilmana - Imperial - Pontón Socsi - Lunahuana - Zúñiga - Catahuasi - Dv. Yauyos - Tomas - Abra Negro Bueno - San José de Quero - Colpa - Chupaca - Pte. La Breña - Pilcomayo (PE-3SB) - Emp. PE-3S (El T", "jerarquia": "nacional", "departamento": "Junín", "provincia": " ", "distrito": "", "motivo": "last_mile_progresol", "progresol_servido": "EMPRESA", "progresol_direccion": "JR. FRANCISCO BOLOGNESI NRO. 501 ", "progresol_dist_m": 809.1, "puntos_criticos_1km": 5, "pc_lng": -75.23846, "pc_lat": -12.04871, "long_km": 1.8259999800000002, "dist_min_m": 395.3, "peligro": "Inundación", "nivel": "", "fid": 315}, "geometry": {"type": "LineString", "coordinates": [[-75.241287, -12.052502], [-75.239817, -12.052011], [-75.237248, -12.053409], [-75.225831, -12.053359]]}}, {"type": "Feature", "properties": {"ruta": "PE-3N", "nombre": "Repartición La Oroya (PE-22) - Huánuco (PE-18 A) - Conococha (PE-16) - Huaraz (PE-14 y PE-14 A) - Santiago de Chuco - Cajabamba - Cajamarca (PE-08 y PE-08 B) - Bambamarca - Cutervo (PE-3N C) - Huancabamba (PE-02 A) - Vado Grande (Fr. Ecuador)", "jerarquia": "nacional", "departamento": "Huánuco", "provincia": " ", "distrito": "", "motivo": "last_mile_progresol", "progresol_servido": "FERRETERIA LIAM Y CHRISTIAN", "progresol_direccion": "PREDIO TINGO MZ. E LT. 2 ", "progresol_dist_m": 507.3, "puntos_criticos_1km": 5, "pc_lng": -76.26267, "pc_lat": -9.93787, "long_km": 0.42300001000000004, "dist_min_m": 167.8, "peligro": "Flujo de detritos, erosión fluvial", "nivel": null, "fid": 316}, "geometry": {"type": "LineString", "coordinates": [[-76.257658, -9.936918], [-76.259863, -9.937889], [-76.261164, -9.937611]]}}, {"type": "Feature", "properties": {"ruta": "PE-32", "nombre": "Emp. PE-1S (Dv. Achanizo) - Achanizo – El Convento – Quicacha - Yanamachay - Incuyo - Coracora - Abra Tablacruz - Emp. PE-30 A (Puquio)", "jerarquia": "nacional", "departamento": "Ayacucho", "provincia": " ", "distrito": "", "motivo": "last_mile_progresol", "progresol_servido": "FERRETERIA RUBIMAR", "progresol_direccion": "JR. PUMAHUIRI NRO. S/N (FRENTE AL GRIFO)", "progresol_dist_m": 1.9, "puntos_criticos_1km": 5, "pc_lng": -73.7774, "pc_lat": -15.0158, "long_km": 1.6000000200000002, "dist_min_m": 43.3, "peligro": "Inundación", "nivel": "Alto", "fid": 317}, "geometry": {"type": "LineString", "coordinates": [[-73.785057, -15.018198], [-73.784737, -15.016214], [-73.783321, -15.016504], [-73.782707, -15.014233], [-73.777728, -15.015545]]}}, {"type": "Feature", "properties": {"ruta": "PE-3N", "nombre": "Repartición La Oroya (PE-22) - Huánuco (PE-18 A) - Conococha (PE-16) - Huaraz (PE-14 y PE-14 A) - Santiago de Chuco - Cajabamba - Cajamarca (PE-08 y PE-08 B) - Bambamarca - Cutervo (PE-3N C) - Huancabamba (PE-02 A) - Vado Grande (Fr. Ecuador)", "jerarquia": "nacional", "departamento": "Huánuco", "provincia": " ", "distrito": "", "motivo": "last_mile_progresol", "progresol_servido": "FERRETERIA VARGAS", "progresol_direccion": "AV.UNIVERSITARIA MZA. D LOTE 12 URB ", "progresol_dist_m": 28.6, "puntos_criticos_1km": 5, "pc_lng": -76.24474, "pc_lat": -9.95201, "long_km": 0.197, "dist_min_m": 514.6, "peligro": "Inundación, Erosión fluvial", "nivel": "Muy Alto", "fid": 318}, "geometry": {"type": "LineString", "coordinates": [[-76.24893, -9.954164], [-76.249598, -9.95251]]}}, {"type": "Feature", "properties": {"ruta": "PE-3SB", "nombre": "Emp. PE-3S (Dv. Pte. Stuart) - Muqui - Huancani - Sincos - Mito - Orcotuna - Sicaya - Pilcomayo (PE-24) - Huamancaca Chico - Tres de Diciembre - Chupuro - Viques - Emp. PE-3S (Huayucachi)", "jerarquia": "nacional", "departamento": "Junín", "provincia": " ", "distrito": "", "motivo": "last_mile_progresol", "progresol_servido": "FERRETERIA CONSORCIO D & M", "progresol_direccion": "AV LAS AMERICAS S/N ", "progresol_dist_m": 1398.9, "puntos_criticos_1km": 5, "pc_lng": -75.24513, "pc_lat": -12.04821, "long_km": 0.021, "dist_min_m": 540.9, "peligro": "", "nivel": "", "fid": 319}, "geometry": {"type": "LineString", "coordinates": [[-75.245809, -12.053024], [-75.245634, -12.053105]]}}, {"type": "Feature", "properties": {"ruta": "PE-3S", "nombre": "Repartición La Oroya (PE-22) - Huancayo - Izcuchaca (PE-26) - Mayoc - Ayacucho - Andahuaylas (PE-30 B) - Abancay - Anta - Cusco - Urcos - Ayaviri (PE-3S G) - Calapuja - Puno (PE-36 B) - Ilave - Pte. Internacional Desaguadero (fr. Bolivia).", "jerarquia": "nacional", "departamento": "Apurímac", "provincia": " ", "distrito": "", "motivo": "last_mile_progresol", "progresol_servido": "SERCAM", "progresol_direccion": "AV. PERU NRO. 140 (CT COMISARIA C4P GRIS 2DO PISO)", "progresol_dist_m": 292.0, "puntos_criticos_1km": 5, "pc_lng": -73.39433, "pc_lat": -13.65988, "long_km": 1.93700004, "dist_min_m": 321.2, "peligro": "Inundación, Erosión Fluvial", "nivel": "Alto", "fid": 320}, "geometry": {"type": "LineString", "coordinates": [[-73.392668, -13.662275], [-73.391248, -13.661598], [-73.39063, -13.659522], [-73.38886, -13.658365], [-73.386985, -13.658336]]}}, {"type": "Feature", "properties": {"ruta": "PE-3N", "nombre": "Repartición La Oroya (PE-22) - Huánuco (PE-18 A) - Conococha (PE-16) - Huaraz (PE-14 y PE-14 A) - Santiago de Chuco - Cajabamba - Cajamarca (PE-08 y PE-08 B) - Bambamarca - Cutervo (PE-3N C) - Huancabamba (PE-02 A) - Vado Grande (Fr. Ecuador)", "jerarquia": "nacional", "departamento": "Áncash", "provincia": " ", "distrito": "", "motivo": "last_mile_progresol", "progresol_servido": "FERRETERIA ANGEL", "progresol_direccion": "JR.RAUCA ROSARIO MZ.23 LT.2 ", "progresol_dist_m": 660.4, "puntos_criticos_1km": 5, "pc_lng": -77.53178, "pc_lat": -9.54114, "long_km": 0.15800001, "dist_min_m": 75.0, "peligro": "Inundación", "nivel": " ", "fid": 321}, "geometry": {"type": "LineString", "coordinates": [[-77.531792, -9.540462], [-77.531843, -9.538936]]}}, {"type": "Feature", "properties": {"ruta": "PE-22A", "nombre": "Emp. PE-1S (I.V. Mala) - Calango - La Capilla - San Juan de Viscas – Alloca  Huancata – Sangallaya - San Lorenzo de Quinti - San Juan de Tantarache – Carhuapampa – Chicllapata – Chayanca – Yuracmayo – Emp. PE-22 (Río Blanco)", "jerarquia": "nacional", "departamento": "Lima", "provincia": " ", "distrito": "", "motivo": "last_mile_progresol", "progresol_servido": "DMC JUAN PABLO II", "progresol_direccion": "AV. PANAMERICANA NRO. 602 ", "progresol_dist_m": 349.0, "puntos_criticos_1km": 5, "pc_lng": -76.65309, "pc_lat": -12.6704, "long_km": 2.68400002, "dist_min_m": 640.7, "peligro": "Inundación", "nivel": "", "fid": 322}, "geometry": {"type": "LineString", "coordinates": [[-76.648728, -12.67428], [-76.642698, -12.668423], [-76.638525, -12.661848], [-76.636278, -12.656218]]}}, {"type": "Feature", "properties": {"ruta": "PE-32", "nombre": "Emp. PE-1S (Dv. Achanizo) - Achanizo – El Convento – Quicacha - Yanamachay - Incuyo - Coracora - Abra Tablacruz - Emp. PE-30 A (Puquio)", "jerarquia": "nacional", "departamento": "Ayacucho", "provincia": " ", "distrito": "", "motivo": "last_mile_progresol", "progresol_servido": "FERRETERIA RUBIMAR", "progresol_direccion": "JR. PUMAHUIRI NRO. S/N (FRENTE AL GRIFO)", "progresol_dist_m": 65.1, "puntos_criticos_1km": 5, "pc_lng": -73.7774, "pc_lat": -15.0158, "long_km": 3.9370000400000005, "dist_min_m": 45.5, "peligro": "Inundación", "nivel": "Alto", "fid": 323}, "geometry": {"type": "LineString", "coordinates": [[-73.777728, -15.015545], [-73.777484, -15.011885], [-73.779354, -15.011738], [-73.779509, -15.009918], [-73.781349, -15.008394], [-73.780716, -15.007901], [-73.781828, -15.007019], [-73.78368, -15.001625], [-73.788576, -14.996984], [-73.788315, -14.99474], [-73.792965, -14.9916], [-73.794445, -14.991823]]}}, {"type": "Feature", "properties": {"ruta": "PE-32", "nombre": "Emp. PE-1S (Dv. Achanizo) - Achanizo – El Convento – Quicacha - Yanamachay - Incuyo - Coracora - Abra Tablacruz - Emp. PE-30 A (Puquio)", "jerarquia": "nacional", "departamento": "Ayacucho", "provincia": " ", "distrito": "", "motivo": "last_mile_progresol", "progresol_servido": "FERRETERIA RUBIMAR", "progresol_direccion": "JR. PUMAHUIRI NRO. S/N (FRENTE AL GRIFO)", "progresol_dist_m": 700.9, "puntos_criticos_1km": 5, "pc_lng": -73.77746, "pc_lat": -15.016, "long_km": 6.352000240000001, "dist_min_m": 728.7, "peligro": "Inundación, flujo de detritos, erosión fluvial", "nivel": " ", "fid": 324}, "geometry": {"type": "LineString", "coordinates": [[-73.75688, -15.04421], [-73.757006, -15.044824], [-73.758323, -15.043725], [-73.761642, -15.046263], [-73.765534, -15.044346], [-73.763213, -15.037308], [-73.764346, -15.035907], [-73.762484, -15.032015], [-73.763133, -15.029488], [-73.76705, -15.027817], [-73.768265, -15.025835], [-73.771135, -15.025011], [-73.776546, -15.025696], [-73.779588, -15.027399], [-73.78052, -15.02587], [-73.78204, -15.026283], [-73.783733, -15.024099], [-73.782486, -15.020445], [-73.785057, -15.018198]]}}, {"type": "Feature", "properties": {"ruta": "PE-3N", "nombre": "Repartición La Oroya (PE-22) - Huánuco (PE-18 A) - Conococha (PE-16) - Huaraz (PE-14 y PE-14 A) - Santiago de Chuco - Cajabamba - Cajamarca (PE-08 y PE-08 B) - Bambamarca - Cutervo (PE-3N C) - Huancabamba (PE-02 A) - Vado Grande (Fr. Ecuador)", "jerarquia": "nacional", "departamento": "Áncash", "provincia": " ", "distrito": "", "motivo": "last_mile_progresol", "progresol_servido": "FERRETERIA MANOLO", "progresol_direccion": "CARRETERA WILLCAHUAIN N° 364 ", "progresol_dist_m": 147.9, "puntos_criticos_1km": 5, "pc_lng": -77.53514, "pc_lat": -9.50336, "long_km": 2.14100003, "dist_min_m": 77.9, "peligro": "Erosión fluvial", "nivel": "Alto", "fid": 325}, "geometry": {"type": "LineString", "coordinates": [[-77.532181, -9.50953], [-77.532289, -9.506746], [-77.534562, -9.502784], [-77.536264, -9.491095]]}}, {"type": "Feature", "properties": {"ruta": "PE-3S", "nombre": "Repartición La Oroya (PE-22) - Huancayo - Izcuchaca (PE-26) - Mayoc - Ayacucho - Andahuaylas (PE-30 B) - Abancay - Anta - Cusco - Urcos - Ayaviri (PE-3S G) - Calapuja - Puno (PE-36 B) - Ilave - Pte. Internacional Desaguadero (fr. Bolivia).", "jerarquia": "nacional", "departamento": "Ayacucho", "provincia": " ", "distrito": "", "motivo": "last_mile_progresol", "progresol_servido": "EMPRESA", "progresol_direccion": "AV. CUZCO NRO. 485 ", "progresol_dist_m": 349.0, "puntos_criticos_1km": 5, "pc_lng": -74.21401, "pc_lat": -13.17355, "long_km": 0.389, "dist_min_m": 643.8, "peligro": "Inundación", "nivel": "", "fid": 326}, "geometry": {"type": "LineString", "coordinates": [[-74.208236, -13.172149], [-74.206737, -13.173643]]}}, {"type": "Feature", "properties": {"ruta": "IC-102", "nombre": "Emp. PE-1S (Dv. Sunampe) - Sunampe - Tambo de Mora - Pte. Cruz Verde - Chincha Baja - Emp. PE-1S (Dv. Chincha Baja).", "jerarquia": "departamental/vecinal", "departamento": "Ica", "provincia": "Chincha", "distrito": "", "motivo": "last_mile_progresol", "progresol_servido": "FERRETERIA JOEL", "progresol_direccion": "CAR.PANAMERICANA SUR NRO. 533 (PASANDO RESTAURANT EL REGIONAL)", "progresol_dist_m": 2667.6, "puntos_criticos_1km": 5, "pc_lng": -76.18584, "pc_lat": -13.46093, "long_km": 6.15399981, "dist_min_m": 290.4, "peligro": "Inundación", "nivel": null, "fid": 327}, "geometry": {"type": "LineString", "coordinates": [[-76.182222, -13.456581], [-76.183269, -13.460111], [-76.182518, -13.460418], [-76.178842, -13.458905], [-76.172542, -13.460026], [-76.162548, -13.459507], [-76.155785, -13.450405], [-76.136212, -13.451018]]}}, {"type": "Feature", "properties": {"ruta": "AY-116", "nombre": "Emp. PE-32 (Coracora) - Upahuacho - Pacapausa - San Francisco de Rivacayco - Santa Rosa de Cascara - Huallhua - San Javier de Alpabamba - Dv. Vilcar - Marcabamba - Lampa - Pte. Mirmarca - PE-32 C (Pausa).", "jerarquia": "departamental/vecinal", "departamento": "Ayacucho", "provincia": "Parinacochas", "distrito": "", "motivo": "last_mile_progresol", "progresol_servido": "FERRETERIA RUBIMAR", "progresol_direccion": "JR. PUMAHUIRI NRO. S/N (FRENTE AL GRIFO)", "progresol_dist_m": 71.5, "puntos_criticos_1km": 5, "pc_lng": -73.77746, "pc_lat": -15.016, "long_km": 0.65899998, "dist_min_m": 177.4, "peligro": "Inundación, flujo de detritos, erosión fluvial", "nivel": " ", "fid": 328}, "geometry": {"type": "LineString", "coordinates": [[-73.779058, -15.015336], [-73.77962, -15.019016], [-73.777416, -15.018601]]}}, {"type": "Feature", "properties": {"ruta": "AY-116", "nombre": "Emp. PE-32 (Coracora) - Upahuacho - Pacapausa - San Francisco de Rivacayco - Santa Rosa de Cascara - Huallhua - San Javier de Alpabamba - Dv. Vilcar - Marcabamba - Lampa - Pte. Mirmarca - PE-32 C (Pausa).", "jerarquia": "departamental/vecinal", "departamento": "Ayacucho", "provincia": "Parinacochas", "distrito": "", "motivo": "last_mile_progresol", "progresol_servido": "FERRETERIA RUBIMAR", "progresol_direccion": "JR. PUMAHUIRI NRO. S/N (FRENTE AL GRIFO)", "progresol_dist_m": 364.7, "puntos_criticos_1km": 5, "pc_lng": -73.776, "pc_lat": -15.01641, "long_km": 0.38800001, "dist_min_m": 170.6, "peligro": "Inundación, erosión", "nivel": "", "fid": 329}, "geometry": {"type": "LineString", "coordinates": [[-73.777416, -15.018601], [-73.774105, -15.017429]]}}, {"type": "Feature", "properties": {"ruta": "AY-116", "nombre": "Emp. PE-32 (Coracora) - Upahuacho - Pacapausa - San Francisco de Rivacayco - Santa Rosa de Cascara - Huallhua - San Javier de Alpabamba - Dv. Vilcar - Marcabamba - Lampa - Pte. Mirmarca - PE-32 C (Pausa).", "jerarquia": "departamental/vecinal", "departamento": "Ayacucho", "provincia": "Parinacochas", "distrito": "", "motivo": "last_mile_progresol", "progresol_servido": "FERRETERIA RUBIMAR", "progresol_direccion": "JR. PUMAHUIRI NRO. S/N (FRENTE AL GRIFO)", "progresol_dist_m": 510.8, "puntos_criticos_1km": 5, "pc_lng": -73.776, "pc_lat": -15.01641, "long_km": 10.03999996, "dist_min_m": 232.9, "peligro": "Inundación, erosión", "nivel": "", "fid": 330}, "geometry": {"type": "LineString", "coordinates": [[-73.774105, -15.017429], [-73.772123, -15.018888], [-73.771629, -15.017445], [-73.77254, -15.016704], [-73.771228, -15.017103], [-73.770598, -15.015391], [-73.768782, -15.01498], [-73.767886, -15.0159], [-73.768562, -15.017612], [-73.767172, -15.016303], [-73.765064, -15.015879], [-73.765189, -15.011205], [-73.762438, -15.011152], [-73.760081, -15.012119], [-73.757374, -15.009677], [-73.755852, -15.010756], [-73.754989, -15.010466], [-73.75667, -15.008352], [-73.75457, -15.006801], [-73.75555, -15.00518], [-73.754078, -15.002918], [-73.755413, -15.002218], [-73.755752, -15.000646], [-73.754145, -14.999589], [-73.756596, -14.99843], [-73.757672, -14.996652], [-73.756224, -14.993651], [-73.757401, -14.989749], [-73.756488, -14.987979], [-73.752007, -14.986077], [-73.753641, -14.988257], [-73.750133, -14.987559], [-73.748488, -14.989199], [-73.743884, -14.990296], [-73.743041, -14.99218]]}}, {"type": "Feature", "properties": {"ruta": "AY-115", "nombre": "Emp. PE-32 (Coracora) - Otcune - Pueblo Nuevo de Huilcallama - Dv. Ccaccilla - San Juan - L.D. Arequipa (AR-103 a Yauca).", "jerarquia": "departamental/vecinal", "departamento": "Ayacucho", "provincia": "Parinacochas", "distrito": "", "motivo": "last_mile_progresol", "progresol_servido": "FERRETERIA RUBIMAR", "progresol_direccion": "JR. PUMAHUIRI NRO. S/N (FRENTE AL GRIFO)", "progresol_dist_m": 772.2, "puntos_criticos_1km": 5, "pc_lng": -73.77746, "pc_lat": -15.016, "long_km": 0.35100001000000003, "dist_min_m": 850.4, "peligro": "Inundación, flujo de detritos, erosión fluvial", "nivel": " ", "fid": 331}, "geometry": {"type": "LineString", "coordinates": [[-73.785118, -15.017949], [-73.788179, -15.017212]]}}, {"type": "Feature", "properties": {"ruta": "UC-103", "nombre": "Emp. PE-18 C (Campoverde) – Nueva Requena – Palmeras – Agrícola del Sol – Unión Zapotillo – Nueva Esperanza de Panaillo – Puerto Firmeza – San Francisco – San Juan – Puerto Callao – Emp. PE - 18 C (Pucallpa).", "jerarquia": "departamental/vecinal", "departamento": "Ucayali", "provincia": "Coronel Portillo", "distrito": "", "motivo": "last_mile_progresol", "progresol_servido": "INVERSIONES TICSE ESMARBRIAN", "progresol_direccion": "JR. CONTAMANA /3 DE OCTUBRE MZ 107 ", "progresol_dist_m": 517.4, "puntos_criticos_1km": 5, "pc_lng": -74.5949, "pc_lat": -8.34725, "long_km": 51.11999893, "dist_min_m": 92.6, "peligro": "Inundación, erosión", "nivel": null, "fid": 332}, "geometry": {"type": "LineString", "coordinates": [[-74.863404, -8.311606], [-74.859105, -8.309799], [-74.856055, -8.310497], [-74.853611, -8.309866], [-74.832392, -8.296479], [-74.831497, -8.293092], [-74.827664, -8.291157], [-74.82293, -8.285202], [-74.816883, -8.282288], [-74.812232, -8.2815], [-74.8092, -8.279373], [-74.805671, -8.273282], [-74.80295, -8.26209], [-74.800962, -8.260383], [-74.799012, -8.255174], [-74.788106, -8.250902], [-74.78186, -8.238243], [-74.779304, -8.236518], [-74.777655, -8.23341], [-74.774668, -8.232673], [-74.773555, -8.230347], [-74.770038, -8.22709], [-74.764784, -8.226009], [-74.76116, -8.223765], [-74.757836, -8.223714], [-74.755542, -8.225424], [-74.753527, -8.225201], [-74.747486, -8.219508], [-74.743357, -8.218923], [-74.742357, -8.216856], [-74.744229, -8.213313], [-74.744486, -8.210315], [-74.741591, -8.206834], [-74.740128, -8.202973], [-74.738315, -8.202183], [-74.737181, -8.204289], [-74.718972, -8.210319], [-74.71398, -8.215227], [-74.707139, -8.218687], [-74.704052, -8.222962], [-74.702155, -8.223707], [-74.69751, -8.227986], [-74.694585, -8.228486], [-74.691045, -8.23027], [-74.689454, -8.232344], [-74.690365, -8.233443], [-74.687868, -8.236352], [-74.686102, -8.235188], [-74.682276, -8.239924], [-74.680245, -8.239819], [-74.670293, -8.247364], [-74.663256, -8.250012], [-74.659215, -8.255294], [-74.652225, -8.258761], [-74.649773, -8.263125], [-74.647868, -8.262724], [-74.646141, -8.263584], [-74.644318, -8.266915], [-74.648159, -8.269649], [-74.647337, -8.274935], [-74.644468, -8.275175], [-74.642279, -8.274317], [-74.641622, -8.275199], [-74.637185, -8.273304], [-74.63218, -8.283492], [-74.631696, -8.288539], [-74.630416, -8.289963], [-74.62773, -8.290423], [-74.624523, -8.298469], [-74.621694, -8.301839], [-74.615835, -8.306195], [-74.604007, -8.322038], [-74.604689, -8.322738], [-74.603482, -8.324412], [-74.613341, -8.333095], [-74.611666, -8.339893], [-74.609052, -8.340672], [-74.605435, -8.339664], [-74.603233, -8.339866], [-74.601409, -8.343692], [-74.597095, -8.345452], [-74.594124, -8.351974], [-74.591785, -8.350758], [-74.588109, -8.350665], [-74.585174, -8.351407], [-74.583792, -8.353219], [-74.577912, -8.353277]]}}, {"type": "Feature", "properties": {"ruta": "LM-119", "nombre": "Emp. LM-117 (Cieneguilla) - Buena Vista - Emp. LM- 117 (Dv. Buena Vista).", "jerarquia": "departamental/vecinal", "departamento": "Lima", "provincia": "Lima", "distrito": "", "motivo": "last_mile_progresol", "progresol_servido": "FERRETERIA CHALITO", "progresol_direccion": "AV. SAN MARTIN MZA. H LOTE. 03 C.P. ", "progresol_dist_m": 2491.9, "puntos_criticos_1km": 5, "pc_lng": -76.8167, "pc_lat": -12.12741, "long_km": 3.44400001, "dist_min_m": 426.6, "peligro": "Inundación", "nivel": null, "fid": 333}, "geometry": {"type": "LineString", "coordinates": [[-76.813, -12.128682], [-76.810827, -12.131096], [-76.811281, -12.132748], [-76.809894, -12.135668], [-76.805252, -12.13592], [-76.796487, -12.139114], [-76.787905, -12.14012]]}}, {"type": "Feature", "properties": {"ruta": "LM-654", "nombre": "Emp. LM-653 - Zapata - Huayabal.", "jerarquia": "departamental/vecinal", "departamento": "Lima", "provincia": "Huaura", "distrito": "", "motivo": "last_mile_progresol", "progresol_servido": "COMERCIAL Y DISTRIBUIDORA CENTENARIO S.A.C.", "progresol_direccion": "AV. CENTENARIO NRO. 702 INT. 1 A.H. ", "progresol_dist_m": 2417.3, "puntos_criticos_1km": 4, "pc_lng": -77.5454, "pc_lat": -11.06954, "long_km": 4.8000001899999996, "dist_min_m": 213.8, "peligro": "Inundación", "nivel": "", "fid": 334}, "geometry": {"type": "LineString", "coordinates": [[-77.54726, -11.070138], [-77.560236, -11.073295], [-77.563764, -11.074834], [-77.567509, -11.075113], [-77.571317, -11.081648], [-77.57184, -11.087896], [-77.572999, -11.091079], [-77.5731, -11.092017], [-77.570112, -11.09228]]}}, {"type": "Feature", "properties": {"ruta": "HU-1024", "nombre": "EMP. PE-3N (AMARILIS) - MOYOPUCRO - CHICCHUY - CERRO ALEGRE - MACCHI - EMP. HU-112 (SAN ANTONIO DE PAUCAR).", "jerarquia": "departamental/vecinal", "departamento": "Huánuco", "provincia": "Huánuco", "distrito": "", "motivo": "last_mile_progresol", "progresol_servido": "FERRETERA ALVA", "progresol_direccion": "UNIVERSITARIA N°1308 ", "progresol_dist_m": 689.6, "puntos_criticos_1km": 4, "pc_lng": -76.24468, "pc_lat": -9.95194, "long_km": 8.84300041, "dist_min_m": 165.4, "peligro": "Inundación, flujo de detritos, erosión fluvial", "nivel": "Muy alto", "fid": 335}, "geometry": {"type": "LineString", "coordinates": [[-76.243034, -9.949671], [-76.241944, -9.950408], [-76.24334, -9.951052], [-76.241441, -9.955325], [-76.23846, -9.958456], [-76.238871, -9.955936], [-76.237129, -9.956601], [-76.234833, -9.956093], [-76.232901, -9.957453], [-76.234535, -9.954048], [-76.23284, -9.954874], [-76.231896, -9.954233], [-76.232284, -9.955307], [-76.231355, -9.95631], [-76.231073, -9.954818], [-76.22962, -9.956535], [-76.228084, -9.955059], [-76.22587, -9.956767], [-76.226983, -9.95775], [-76.224912, -9.957225], [-76.223402, -9.954535], [-76.223089, -9.955629], [-76.221422, -9.953589], [-76.221393, -9.95256], [-76.220678, -9.953886], [-76.221536, -9.954263], [-76.223336, -9.959309], [-76.22808, -9.963261], [-76.229607, -9.963638], [-76.230013, -9.967822], [-76.229141, -9.968278]]}}, {"type": "Feature", "properties": {"ruta": "AY-624", "nombre": "Emp. AY-619 - Pampacancha - Pta. Carretera.", "jerarquia": "departamental/vecinal", "departamento": "Ayacucho", "provincia": "Huanta", "distrito": "", "motivo": "last_mile_progresol", "progresol_servido": "CENTRO CERÁMICO TITO", "progresol_direccion": "Jr. TARAPACÁ N° 591-593 ", "progresol_dist_m": 1466.5, "puntos_criticos_1km": 4, "pc_lng": -74.24772, "pc_lat": -12.92867, "long_km": 0.27000001, "dist_min_m": 511.0, "peligro": "Inundación, flujo de detritos, erosión fluvial", "nivel": " ", "fid": 336}, "geometry": {"type": "LineString", "coordinates": [[-74.243218, -12.927207], [-74.242888, -12.924963]]}}, {"type": "Feature", "properties": {"ruta": "AY-836", "nombre": "Emp. PE-3S - Pte. Huarpapicchu - Campanayocc - Tambopuquio - Emp. AY-841.", "jerarquia": "departamental/vecinal", "departamento": "Ayacucho", "provincia": "Huamanga", "distrito": "", "motivo": "last_mile_progresol", "progresol_servido": "FERRETERIA J-ABNER", "progresol_direccion": "AV LOS LIBERTADORES.MZ B LOTE 4 F ", "progresol_dist_m": 4.8, "puntos_criticos_1km": 4, "pc_lng": -74.21401, "pc_lat": -13.17355, "long_km": 1, "dist_min_m": 873.6, "peligro": "Inundación", "nivel": "", "fid": 337}, "geometry": {"type": "LineString", "coordinates": [[-74.221523, -13.17644], [-74.221674, -13.185307]]}}, {"type": "Feature", "properties": {"ruta": "R", "nombre": "Emp. PE-3S (Ayacucho) - Planta Eléctrica", "jerarquia": "departamental/vecinal", "departamento": "Ayacucho", "provincia": "Huamanga", "distrito": "", "motivo": "last_mile_progresol", "progresol_servido": "FERRETERIA J-ABNER", "progresol_direccion": "AV LOS LIBERTADORES.MZ B LOTE 4 F ", "progresol_dist_m": 233.4, "puntos_criticos_1km": 4, "pc_lng": -74.21401, "pc_lat": -13.17355, "long_km": 0.54000002, "dist_min_m": 876.6, "peligro": "Inundación", "nivel": "", "fid": 338}, "geometry": {"type": "LineString", "coordinates": [[-74.226125, -13.177663], [-74.221528, -13.176467]]}}, {"type": "Feature", "properties": {"ruta": "JU-699", "nombre": "Emp. PE-3S - Emp. JU-697.", "jerarquia": "departamental/vecinal", "departamento": "Junín", "provincia": "Jauja", "distrito": "", "motivo": "last_mile_progresol", "progresol_servido": "MC ALVAREZ", "progresol_direccion": "BRUNO TERREROS Nº 145 ", "progresol_dist_m": 1204.5, "puntos_criticos_1km": 4, "pc_lng": -75.48922, "pc_lat": -11.78855, "long_km": 1.0900000300000001, "dist_min_m": 57.7, "peligro": "Inundación", "nivel": " ", "fid": 339}, "geometry": {"type": "LineString", "coordinates": [[-75.482827, -11.794602], [-75.486533, -11.793112], [-75.489827, -11.788312]]}}, {"type": "Feature", "properties": {"ruta": "AN-820", "nombre": "Emp. PE-3N (Aura) - Ongo - Emp. AN-106.", "jerarquia": "departamental/vecinal", "departamento": "Áncash", "provincia": "Yungay", "distrito": "", "motivo": "last_mile_progresol", "progresol_servido": "GRUPO B & T S.R.L.", "progresol_direccion": "CAL. INDUSTRIAL S/N (ESPALDA DE MERCADO CAS.VERDE 1 PISO)", "progresol_dist_m": 1492.8, "puntos_criticos_1km": 4, "pc_lng": -77.73654, "pc_lat": -9.14041, "long_km": 2.08999991, "dist_min_m": 612.0, "peligro": "Inundación", "nivel": " ", "fid": 340}, "geometry": {"type": "LineString", "coordinates": [[-77.734048, -9.145676], [-77.734638, -9.145832], [-77.732977, -9.147067], [-77.73304, -9.149352], [-77.731768, -9.150617], [-77.734522, -9.15291], [-77.733987, -9.154332], [-77.732729, -9.15501], [-77.733317, -9.159685]]}}, {"type": "Feature", "properties": {"ruta": "AN-828", "nombre": "Emp. PE-3N (Yungay) - Erapampa - Emp. AN-825.", "jerarquia": "departamental/vecinal", "departamento": "Áncash", "provincia": "Yungay", "distrito": "", "motivo": "last_mile_progresol", "progresol_servido": "GRUPO B & T S.R.L.", "progresol_direccion": "CAL. INDUSTRIAL S/N (ESPALDA DE MERCADO CAS.VERDE 1 PISO)", "progresol_dist_m": 112.1, "puntos_criticos_1km": 4, "pc_lng": -77.73654, "pc_lat": -9.14041, "long_km": 6.25, "dist_min_m": 81.6, "peligro": "Inundación", "nivel": " ", "fid": 341}, "geometry": {"type": "LineString", "coordinates": [[-77.725246, -9.139553], [-77.724519, -9.139513], [-77.725006, -9.140187], [-77.729083, -9.139606], [-77.730201, -9.138377], [-77.729608, -9.140487], [-77.73079, -9.140424], [-77.729768, -9.141118], [-77.731339, -9.14089], [-77.730229, -9.141955], [-77.732415, -9.142463], [-77.730142, -9.143709], [-77.731168, -9.143484], [-77.731382, -9.144088], [-77.735356, -9.1431], [-77.736723, -9.14112], [-77.737445, -9.141594], [-77.73759, -9.140328], [-77.738682, -9.140554], [-77.73942, -9.139546], [-77.740146, -9.140174], [-77.74182, -9.138957], [-77.741584, -9.136174], [-77.742196, -9.137471], [-77.742277, -9.136346], [-77.74541, -9.139721], [-77.748501, -9.139014]]}}, {"type": "Feature", "properties": {"ruta": "AN-1077", "nombre": "Emp. PE-14 - Pariacoto Viejo - Chauca - Cochabamba - Miramar - Tambra - (Prov. De Yungay) - Maya - Emp. PE-3N - (Prov. Carhuaz).", "jerarquia": "departamental/vecinal", "departamento": "Áncash", "provincia": "Huaraz", "distrito": "", "motivo": "last_mile_progresol", "progresol_servido": "FERRETRIA MIKY", "progresol_direccion": "AV. PROGRESO NRO. S.N ", "progresol_dist_m": 556.3, "puntos_criticos_1km": 4, "pc_lng": -77.65188, "pc_lat": -9.2818, "long_km": 1.58000004, "dist_min_m": 96.7, "peligro": "Inundación", "nivel": " ", "fid": 342}, "geometry": {"type": "LineString", "coordinates": [[-77.649784, -9.284829], [-77.653755, -9.281775], [-77.653506, -9.280744], [-77.656795, -9.277444], [-77.659454, -9.27637]]}}, {"type": "Feature", "properties": {"ruta": "AN-744", "nombre": "Emp. AN-740 - Lirio - Emp. AN-745.", "jerarquia": "departamental/vecinal", "departamento": "Áncash", "provincia": "Huaraz", "distrito": "", "motivo": "last_mile_progresol", "progresol_servido": "FERRETERIA EVELIN", "progresol_direccion": "CALLE UNION Y PROGRESO #245 SHANCAY ", "progresol_dist_m": 1332.6, "puntos_criticos_1km": 4, "pc_lng": -77.51758, "pc_lat": -9.50321, "long_km": 0.9800000200000001, "dist_min_m": 105.1, "peligro": "Erosión fluvial", "nivel": "Alto", "fid": 343}, "geometry": {"type": "LineString", "coordinates": [[-77.516664, -9.502585], [-77.518332, -9.501692], [-77.519553, -9.498759], [-77.521863, -9.49603]]}}, {"type": "Feature", "properties": {"ruta": "AN-743", "nombre": "Emp. AN-740 -  Huanchac - Emp. PE-14A", "jerarquia": "departamental/vecinal", "departamento": "Áncash", "provincia": "Huaraz", "distrito": "", "motivo": "last_mile_progresol", "progresol_servido": "FERRETERIA EVELIN", "progresol_direccion": "CALLE UNION Y PROGRESO #245 SHANCAY ", "progresol_dist_m": 737.4, "puntos_criticos_1km": 4, "pc_lng": -77.5134, "pc_lat": -9.50044, "long_km": 1.63999999, "dist_min_m": 87.5, "peligro": "Erosión fluvial", "nivel": "Alto", "fid": 344}, "geometry": {"type": "LineString", "coordinates": [[-77.517953, -9.51032], [-77.518581, -9.509571], [-77.517284, -9.509807], [-77.516568, -9.509109], [-77.51728, -9.50908], [-77.514112, -9.506844], [-77.513451, -9.50273], [-77.51398, -9.500997]]}}, {"type": "Feature", "properties": {"ruta": "JU-838", "nombre": "Emp. PE-3S (Mito) - Emp. JU-1094.", "jerarquia": "departamental/vecinal", "departamento": "Junín", "provincia": "Concepción", "distrito": "", "motivo": "last_mile_progresol", "progresol_servido": "FERRETERIA CADEMA", "progresol_direccion": "CARRETERA CENTRAL 1696 ", "progresol_dist_m": 402.0, "puntos_criticos_1km": 4, "pc_lng": -75.32697, "pc_lat": -11.93069, "long_km": 1.74000001, "dist_min_m": 90.7, "peligro": "Inundación", "nivel": "", "fid": 345}, "geometry": {"type": "LineString", "coordinates": [[-75.321117, -11.924662], [-75.324726, -11.927105], [-75.326115, -11.926337], [-75.325883, -11.930155], [-75.328944, -11.928752], [-75.329307, -11.930087]]}}, {"type": "Feature", "properties": {"ruta": "AP-564", "nombre": "Emp. AP-560 (Andahuaylas) - Pta. Carretera.", "jerarquia": "departamental/vecinal", "departamento": "Apurímac", "provincia": "Andahuaylas", "distrito": "", "motivo": "last_mile_progresol", "progresol_servido": "DISTRIBUIDORA CHUMBAO", "progresol_direccion": "AV. CONFRATERNIDAD NRO. 1060 (FT A CASA LINDA)", "progresol_dist_m": 585.7, "puntos_criticos_1km": 4, "pc_lng": -73.39433, "pc_lat": -13.65988, "long_km": 3.5, "dist_min_m": 249.6, "peligro": "Inundación, Erosión Fluvial", "nivel": "Alto", "fid": 346}, "geometry": {"type": "LineString", "coordinates": [[-73.390345, -13.658266], [-73.392661, -13.658326], [-73.392136, -13.657858], [-73.392816, -13.657368], [-73.395032, -13.656834], [-73.396447, -13.653957], [-73.397191, -13.655426], [-73.39934, -13.653571], [-73.401834, -13.653297], [-73.402039, -13.652545], [-73.402805, -13.653392], [-73.407012, -13.652114], [-73.409166, -13.649966], [-73.407626, -13.648846], [-73.409014, -13.648247], [-73.410264, -13.645909]]}}, {"type": "Feature", "properties": {"ruta": "AP-678", "nombre": "Emp. AP-680 - Emp. AP-682.", "jerarquia": "departamental/vecinal", "departamento": "Apurímac", "provincia": "Andahuaylas", "distrito": "", "motivo": "last_mile_progresol", "progresol_servido": "FERRETERIA CEYCOR", "progresol_direccion": "JR. EL BOSQUE LOTE. 03 PALTACC ", "progresol_dist_m": 1001.8, "puntos_criticos_1km": 4, "pc_lng": -73.39581, "pc_lat": -13.66461, "long_km": 3.4119999400000003, "dist_min_m": 91.0, "peligro": "Inundación", "nivel": "", "fid": 347}, "geometry": {"type": "LineString", "coordinates": [[-73.400278, -13.679713], [-73.39974, -13.677826], [-73.398027, -13.675943], [-73.397063, -13.677559], [-73.395908, -13.677537], [-73.39592, -13.678424], [-73.39536, -13.678593], [-73.395267, -13.677522], [-73.394974, -13.678012], [-73.396381, -13.675157], [-73.395711, -13.67377], [-73.396033, -13.672181], [-73.395162, -13.6733], [-73.396131, -13.667097], [-73.395697, -13.665418]]}}, {"type": "Feature", "properties": {"ruta": "AP-677", "nombre": "Emp. PE-30 B - Emp. AP-676.", "jerarquia": "departamental/vecinal", "departamento": "Apurímac", "provincia": "Andahuaylas", "distrito": "", "motivo": "last_mile_progresol", "progresol_servido": "NUTREX", "progresol_direccion": "AV. AVENIDA PERU NRO. 128 URB. AVENIDA PERU", "progresol_dist_m": 986.1, "puntos_criticos_1km": 4, "pc_lng": -73.39581, "pc_lat": -13.66461, "long_km": 4.19000006, "dist_min_m": 528.0, "peligro": "Inundación", "nivel": "", "fid": 348}, "geometry": {"type": "LineString", "coordinates": [[-73.38213, -13.691481], [-73.382515, -13.68713], [-73.381659, -13.685351], [-73.382992, -13.682105], [-73.382927, -13.676301], [-73.38217, -13.668771], [-73.380928, -13.66849], [-73.384235, -13.665462], [-73.385238, -13.665929], [-73.387537, -13.665108], [-73.388714, -13.666098], [-73.391004, -13.665452]]}}, {"type": "Feature", "properties": {"ruta": "AP-679", "nombre": "Emp. AP-680 - Ccolluhuaco - Emp. AP-685.", "jerarquia": "departamental/vecinal", "departamento": "Apurímac", "provincia": "Andahuaylas", "distrito": "", "motivo": "last_mile_progresol", "progresol_servido": "FERRETERIA CEYCOR", "progresol_direccion": "JR. EL BOSQUE LOTE. 03 PALTACC ", "progresol_dist_m": 694.9, "puntos_criticos_1km": 4, "pc_lng": -73.39581, "pc_lat": -13.66461, "long_km": 14.25, "dist_min_m": 150.8, "peligro": "Inundación", "nivel": "", "fid": 349}, "geometry": {"type": "LineString", "coordinates": [[-73.409508, -13.722944], [-73.409426, -13.721316], [-73.41066, -13.720375], [-73.410375, -13.718454], [-73.412524, -13.719836], [-73.414548, -13.718934], [-73.415718, -13.719251], [-73.414546, -13.718165], [-73.413134, -13.718529], [-73.411811, -13.717287], [-73.411299, -13.716069], [-73.411828, -13.714751], [-73.410879, -13.71291], [-73.409926, -13.713416], [-73.409463, -13.70791], [-73.407838, -13.704709], [-73.409365, -13.705001], [-73.406482, -13.701411], [-73.406411, -13.700019], [-73.404078, -13.700094], [-73.404128, -13.695928], [-73.402834, -13.693958], [-73.401275, -13.693351], [-73.403427, -13.692735], [-73.401444, -13.691725], [-73.402446, -13.69118], [-73.404014, -13.690932], [-73.405477, -13.692763], [-73.408617, -13.690426], [-73.409801, -13.690613], [-73.408929, -13.689459], [-73.40619, -13.689848], [-73.404046, -13.685586], [-73.404858, -13.685781], [-73.403501, -13.684817], [-73.402829, -13.685163], [-73.402679, -13.684014], [-73.402989, -13.683293], [-73.403891, -13.683967], [-73.403263, -13.6826], [-73.408709, -13.680907], [-73.407873, -13.678687], [-73.408658, -13.67749], [-73.406001, -13.675567], [-73.404603, -13.675951], [-73.404832, -13.674016], [-73.401403, -13.668973], [-73.400111, -13.67014], [-73.398584, -13.668857], [-73.397288, -13.6692], [-73.39777, -13.668397], [-73.399714, -13.668343], [-73.397798, -13.667558], [-73.396207, -13.668856], [-73.397616, -13.666382], [-73.397028, -13.665275]]}}, {"type": "Feature", "properties": {"ruta": "AP-676", "nombre": "Emp. PE-3S - Emp. AP-674.", "jerarquia": "departamental/vecinal", "departamento": "Apurímac", "provincia": "Andahuaylas", "distrito": "", "motivo": "last_mile_progresol", "progresol_servido": "SERCAM", "progresol_direccion": "AV. PERU NRO. 140 (CT COMISARIA C4P GRIS 2DO PISO)", "progresol_dist_m": 864.4, "puntos_criticos_1km": 4, "pc_lng": -73.39433, "pc_lat": -13.65988, "long_km": 8.380000110000001, "dist_min_m": 383.4, "peligro": "Inundación, Erosión Fluvial", "nivel": "Alto", "fid": 350}, "geometry": {"type": "LineString", "coordinates": [[-73.38946, -13.719226], [-73.386822, -13.714534], [-73.384204, -13.712269], [-73.383122, -13.708491], [-73.380908, -13.706918], [-73.379543, -13.703431], [-73.38121, -13.699944], [-73.379838, -13.697363], [-73.379984, -13.6954], [-73.381425, -13.693962], [-73.383689, -13.685358], [-73.385683, -13.683818], [-73.386542, -13.680758], [-73.389753, -13.677669], [-73.388467, -13.672002], [-73.388804, -13.669882], [-73.389605, -13.669328], [-73.388986, -13.669034], [-73.39016, -13.668019], [-73.389135, -13.667902], [-73.390281, -13.667445], [-73.388711, -13.667439], [-73.391262, -13.665024], [-73.391189, -13.661485]]}}, {"type": "Feature", "properties": {"ruta": "AY-780", "nombre": "Emp. PE-28 A - Hda. Mollepata - Pongora.", "jerarquia": "departamental/vecinal", "departamento": "Ayacucho", "provincia": "Huamanga", "distrito": "", "motivo": "last_mile_progresol", "progresol_servido": "FERRETERIA RAMIREZ G&O", "progresol_direccion": "ASOC. SANTA ISABEL MZ K LTE 10 ", "progresol_dist_m": 884.5, "puntos_criticos_1km": 4, "pc_lng": -74.22923, "pc_lat": -13.08468, "long_km": 4.90999985, "dist_min_m": 810.6, "peligro": "Inundación, erosión fluvial", "nivel": "Alto", "fid": 351}, "geometry": {"type": "LineString", "coordinates": [[-74.226442, -13.112643], [-74.226486, -13.110428], [-74.22773, -13.110848], [-74.22658, -13.10975], [-74.2289, -13.111204], [-74.226167, -13.108944], [-74.227523, -13.109138], [-74.226935, -13.108486], [-74.225691, -13.108066], [-74.225513, -13.10878], [-74.22511, -13.107965], [-74.227723, -13.107095], [-74.226822, -13.106143], [-74.229286, -13.105717], [-74.229886, -13.102789], [-74.229338, -13.101033], [-74.230663, -13.098948], [-74.231143, -13.09593], [-74.230416, -13.095602], [-74.23197, -13.094006], [-74.230185, -13.092464], [-74.230688, -13.091827]]}}, {"type": "Feature", "properties": {"ruta": "AY-662", "nombre": "Emp. PE-3S - Quinrapa - Pta. Carretera.", "jerarquia": "departamental/vecinal", "departamento": "Ayacucho", "provincia": "Huanta", "distrito": "", "motivo": "last_mile_progresol", "progresol_servido": "MULTINEGOCIOS TITO", "progresol_direccion": "JR. GERVACIO SANTILLANA N° 926 ", "progresol_dist_m": 226.5, "puntos_criticos_1km": 4, "pc_lng": -74.25169, "pc_lat": -12.94582, "long_km": 0.41999999, "dist_min_m": 770.1, "peligro": "Inundación", "nivel": "Alto", "fid": 352}, "geometry": {"type": "LineString", "coordinates": [[-74.258724, -12.940347], [-74.254992, -12.939656]]}}, {"type": "Feature", "properties": {"ruta": "AY-617", "nombre": "Emp. AY-100 - Pichiurara - Chancaray - Emp. AY-619.", "jerarquia": "departamental/vecinal", "departamento": "Ayacucho", "provincia": "Huanta", "distrito": "", "motivo": "last_mile_progresol", "progresol_servido": "MULTINEGOCIOS TITO", "progresol_direccion": "JR. GERVACIO SANTILLANA N° 926 ", "progresol_dist_m": 740.9, "puntos_criticos_1km": 4, "pc_lng": -74.25124, "pc_lat": -12.93106, "long_km": 0.20999999, "dist_min_m": 279.6, "peligro": "Inundación, flujo de detritos, erosión fluvial", "nivel": " ", "fid": 353}, "geometry": {"type": "LineString", "coordinates": [[-74.255335, -12.930964], [-74.253621, -12.930091]]}}, {"type": "Feature", "properties": {"ruta": "AN-726", "nombre": "Emp. AN-110 - Chullush - Challhuayacu - Laguna.", "jerarquia": "departamental/vecinal", "departamento": "Áncash", "provincia": "Huari", "distrito": "", "motivo": "last_mile_progresol", "progresol_servido": "MULTISERVICIO CUEVA", "progresol_direccion": "JR. SAN MARTIN S/N ", "progresol_dist_m": 2516.5, "puntos_criticos_1km": 4, "pc_lng": -77.18184, "pc_lat": -9.61055, "long_km": 13.93000031, "dist_min_m": 1.4, "peligro": "Inundación, Erosión fluvial", "nivel": "Alto", "fid": 354}, "geometry": {"type": "LineString", "coordinates": [[-77.182275, -9.610317], [-77.181176, -9.610893], [-77.182286, -9.616391], [-77.181589, -9.617091], [-77.183473, -9.618309], [-77.179262, -9.619221], [-77.178737, -9.619649], [-77.179685, -9.619869], [-77.177284, -9.620345], [-77.174572, -9.62208], [-77.172684, -9.621685], [-77.168444, -9.622671], [-77.162538, -9.621902], [-77.153969, -9.623587], [-77.149528, -9.627084], [-77.145292, -9.626563], [-77.140695, -9.627231], [-77.138341, -9.626013], [-77.132817, -9.625545], [-77.129116, -9.62285], [-77.120808, -9.620277], [-77.115641, -9.620309], [-77.110645, -9.618789], [-77.105477, -9.618701], [-77.098883, -9.621186], [-77.095731, -9.626512], [-77.089513, -9.631559], [-77.086694, -9.632411], [-77.082063, -9.631723]]}}, {"type": "Feature", "properties": {"ruta": "AN-1101", "nombre": "Emp. AN-1077 - Chancho Punta - Pta. Carretera.", "jerarquia": "departamental/vecinal", "departamento": "Áncash", "provincia": "Carhuaz", "distrito": "", "motivo": "last_mile_progresol", "progresol_servido": "FERRETRIA MIKY", "progresol_direccion": "AV. PROGRESO NRO. S.N ", "progresol_dist_m": 1311.8, "puntos_criticos_1km": 4, "pc_lng": -77.66269, "pc_lat": -9.27182, "long_km": 13.34000015, "dist_min_m": 618.2, "peligro": "Inundación", "nivel": " ", "fid": 355}, "geometry": {"type": "LineString", "coordinates": [[-77.659454, -9.27637], [-77.661219, -9.281265], [-77.659843, -9.280588], [-77.659524, -9.282477], [-77.660438, -9.281698], [-77.65974, -9.283148], [-77.660614, -9.282363], [-77.65998, -9.283379], [-77.660744, -9.282789], [-77.661803, -9.283829], [-77.660708, -9.283307], [-77.659028, -9.285311], [-77.660904, -9.284162], [-77.659876, -9.285221], [-77.660775, -9.2848], [-77.661513, -9.285529], [-77.660715, -9.285222], [-77.660067, -9.286173], [-77.660933, -9.285701], [-77.661868, -9.287214], [-77.660866, -9.286773], [-77.660425, -9.287856], [-77.661221, -9.287412], [-77.662875, -9.288555], [-77.664283, -9.286757], [-77.66499, -9.287706], [-77.664381, -9.287347], [-77.663675, -9.288206], [-77.664243, -9.289876], [-77.659073, -9.291915], [-77.658544, -9.295924], [-77.660105, -9.293287], [-77.663187, -9.293631], [-77.661998, -9.29485], [-77.660011, -9.295351], [-77.661052, -9.295664], [-77.664615, -9.294254], [-77.660265, -9.299016], [-77.661151, -9.300783], [-77.661398, -9.305598], [-77.66229, -9.305929], [-77.661543, -9.31055], [-77.662116, -9.311222], [-77.660407, -9.30903], [-77.660138, -9.310656], [-77.661561, -9.312255], [-77.659881, -9.313334], [-77.658961, -9.319118], [-77.657568, -9.321609], [-77.654777, -9.323543], [-77.6532, -9.325828], [-77.653106, -9.325102]]}}, {"type": "Feature", "properties": {"ruta": "AN-728", "nombre": "Emp. AN-110 - Trancas - Millhuish - Lucma - Emp. AN-110 (Chavin de Huantar)", "jerarquia": "departamental/vecinal", "departamento": "Áncash", "provincia": "Huari", "distrito": "", "motivo": "last_mile_progresol", "progresol_servido": "CORPORACION CAF S.A.C", "progresol_direccion": "AV. FLORIDA NRO. S/N CENT SAN MARCOS", "progresol_dist_m": 1252.6, "puntos_criticos_1km": 4, "pc_lng": -77.16257, "pc_lat": -9.53462, "long_km": 2.29999995, "dist_min_m": 126.8, "peligro": "Inundación, Erosión fluvial", "nivel": "Alto", "fid": 356}, "geometry": {"type": "LineString", "coordinates": [[-77.166743, -9.55245], [-77.164442, -9.547104], [-77.164324, -9.542893], [-77.161849, -9.540251], [-77.161365, -9.534171]]}}, {"type": "Feature", "properties": {"ruta": "JU-1090", "nombre": "Emp. PE-24 A - Emp. JU-1087.", "jerarquia": "departamental/vecinal", "departamento": "Junín", "provincia": "Huancayo", "distrito": "", "motivo": "last_mile_progresol", "progresol_servido": "FERRETERIA CADEMA", "progresol_direccion": "CARRETERA CENTRAL 1696 ", "progresol_dist_m": 1950.8, "puntos_criticos_1km": 4, "pc_lng": -75.31357, "pc_lat": -11.93873, "long_km": 3.36899996, "dist_min_m": 530.2, "peligro": "Inundación, erosión fluvial", "nivel": "Muy alto", "fid": 357}, "geometry": {"type": "LineString", "coordinates": [[-75.309867, -11.935633], [-75.288156, -11.944615], [-75.282674, -11.94943]]}}, {"type": "Feature", "properties": {"ruta": "JU-1103", "nombre": "Emp. PE-24 A - Emp. JU-1107.", "jerarquia": "departamental/vecinal", "departamento": "Junín", "provincia": "Concepción", "distrito": "", "motivo": "last_mile_progresol", "progresol_servido": "FERRETERIA CADEMA", "progresol_direccion": "CARRETERA CENTRAL 1696 ", "progresol_dist_m": 2638.9, "puntos_criticos_1km": 4, "pc_lng": -75.32058, "pc_lat": -11.87884, "long_km": 1.87, "dist_min_m": 291.9, "peligro": "Inundación, Erosión fluvial", "nivel": "Muy Alto", "fid": 358}, "geometry": {"type": "LineString", "coordinates": [[-75.318033, -11.897549], [-75.31798, -11.886927], [-75.318844, -11.880838]]}}, {"type": "Feature", "properties": {"ruta": "AN-1009", "nombre": "Emp. PE-1N - Cementerio Casma - Villa Hermosa - Santa Elena - Tabon Alto- Emp. PE-1N.", "jerarquia": "departamental/vecinal", "departamento": "Áncash", "provincia": "Casma", "distrito": "", "motivo": "last_mile_progresol", "progresol_servido": "CORPORACION CAF S.A.C", "progresol_direccion": "AV. LIBERTAD MZA. B2 LOTE. 17 URB. PV CASMA ZONA ESTE", "progresol_dist_m": 1910.9, "puntos_criticos_1km": 4, "pc_lng": -78.31834, "pc_lat": -9.47292, "long_km": 0.9269999900000001, "dist_min_m": 616.4, "peligro": "Inundación", "nivel": "", "fid": 359}, "geometry": {"type": "LineString", "coordinates": [[-78.315131, -9.46837], [-78.309901, -9.462933], [-78.309149, -9.463157]]}}, {"type": "Feature", "properties": {"ruta": "IC-802", "nombre": "Emp. PE-1S - Pueblo Viejo - Emp. IC-792.", "jerarquia": "departamental/vecinal", "departamento": "Ica", "provincia": "Nasca", "distrito": "", "motivo": "last_mile_progresol", "progresol_servido": "TEITO", "progresol_direccion": "CAR. PANAMERICANA SUR KM. 535 (FTE SINDIC.CHOFERES 2DO PISO)", "progresol_dist_m": 2345.4, "puntos_criticos_1km": 4, "pc_lng": -74.97858, "pc_lat": -14.84085, "long_km": 2.6400001, "dist_min_m": 838.4, "peligro": "Inundación", "nivel": " ", "fid": 360}, "geometry": {"type": "LineString", "coordinates": [[-74.964615, -14.854525], [-74.972817, -14.848798], [-74.986882, -14.847159]]}}, {"type": "Feature", "properties": {"ruta": "IC-573", "nombre": "Emp. PE-1S - Pta. Carretera.", "jerarquia": "departamental/vecinal", "departamento": "Ica", "provincia": "Pisco", "distrito": "", "motivo": "last_mile_progresol", "progresol_servido": "DISTRIBUIDORA Y FERRETERIA TOTO", "progresol_direccion": "CAL.LAS TROTUGAS MZA. B LOTE. 04 URB. SANTA MONICA", "progresol_dist_m": 1053.3, "puntos_criticos_1km": 4, "pc_lng": -76.15099, "pc_lat": -13.69059, "long_km": 0.33000001, "dist_min_m": 682.4, "peligro": "Inundación", "nivel": "", "fid": 361}, "geometry": {"type": "LineString", "coordinates": [[-76.1533, -13.696568], [-76.150427, -13.69708]]}}, {"type": "Feature", "properties": {"ruta": "IC-622", "nombre": "Emp. PE-1S C (Santa Rosa) - Manco Capac - Señor de Luren - Santa Bárbara - Chalet - Fundición Baja - La Vela - Chanchajalla - Emp. PE-1S C (Los Lunas).", "jerarquia": "departamental/vecinal", "departamento": "Ica", "provincia": "Ica", "distrito": "", "motivo": "last_mile_progresol", "progresol_servido": "LA POSITIBA", "progresol_direccion": "AV. RENAN ELIAS NRO. 704 ", "progresol_dist_m": 2287.0, "puntos_criticos_1km": 4, "pc_lng": -75.72849, "pc_lat": -14.03023, "long_km": 0.08900000000000001, "dist_min_m": 4.3, "peligro": "Flujo de detritos, Erosión fluvial", "nivel": "Muy Alto", "fid": 362}, "geometry": {"type": "LineString", "coordinates": [[-75.728441, -14.030164], [-75.728522, -14.030959]]}}, {"type": "Feature", "properties": {"ruta": "IC-622", "nombre": "Emp. PE-1S C (Santa Rosa) - Manco Capac - Señor de Luren - Santa Bárbara - Chalet - Fundición Baja - La Vela - Chanchajalla - Emp. PE-1S C (Los Lunas).", "jerarquia": "departamental/vecinal", "departamento": "Ica", "provincia": "Ica", "distrito": "", "motivo": "last_mile_progresol", "progresol_servido": "LA POSITIBA", "progresol_direccion": "AV. RENAN ELIAS NRO. 704 ", "progresol_dist_m": 1870.1, "puntos_criticos_1km": 4, "pc_lng": -75.7281, "pc_lat": -14.0301, "long_km": 0.59399998, "dist_min_m": 8.6, "peligro": null, "nivel": "", "fid": 363}, "geometry": {"type": "LineString", "coordinates": [[-75.728522, -14.030959], [-75.726728, -14.029549], [-75.723761, -14.029267]]}}, {"type": "Feature", "properties": {"ruta": "IC-640", "nombre": "Emp. IC-635 - Fonavi II Etapa.", "jerarquia": "departamental/vecinal", "departamento": "Ica", "provincia": "Ica", "distrito": "", "motivo": "last_mile_progresol", "progresol_servido": "FERRETERIA SOVELY", "progresol_direccion": "MZA. G LOTE. 08A URB. PALAZUELOS  (A 1CASA DEL JARDIN - EN LA MISMA AVENI", "progresol_dist_m": 2948.7, "puntos_criticos_1km": 4, "pc_lng": -75.72858, "pc_lat": -14.03059, "long_km": 0.7099999800000001, "dist_min_m": 862.9, "peligro": null, "nivel": "", "fid": 364}, "geometry": {"type": "LineString", "coordinates": [[-75.741307, -14.028314], [-75.741297, -14.03009], [-75.73656, -14.030113]]}}, {"type": "Feature", "properties": {"ruta": "IC-640", "nombre": "Emp. IC-635 - Fonavi II Etapa.", "jerarquia": "departamental/vecinal", "departamento": "Ica", "provincia": "Ica", "distrito": "", "motivo": "last_mile_progresol", "progresol_servido": "FERRETERIA SOVELY", "progresol_direccion": "MZA. G LOTE. 08A URB. PALAZUELOS  (A 1CASA DEL JARDIN - EN LA MISMA AVENI", "progresol_dist_m": 2912.9, "puntos_criticos_1km": 4, "pc_lng": -75.72858, "pc_lat": -14.03059, "long_km": 0.037000000000000005, "dist_min_m": 857.5, "peligro": null, "nivel": "", "fid": 365}, "geometry": {"type": "LineString", "coordinates": [[-75.73656, -14.030113], [-75.736524, -14.030433]]}}, {"type": "Feature", "properties": {"ruta": "IC-651", "nombre": "Emp. PE-1S C (La Tinguiña) - Minas Cansas.", "jerarquia": "departamental/vecinal", "departamento": "Ica", "provincia": "Ica", "distrito": "", "motivo": "last_mile_progresol", "progresol_servido": "LA POSITIBA", "progresol_direccion": "AV. RENAN ELIAS NRO. 704 ", "progresol_dist_m": 902.9, "puntos_criticos_1km": 4, "pc_lng": -75.67229, "pc_lat": -14.02782, "long_km": 9.55000019, "dist_min_m": 326.2, "peligro": "Inundación, flujo de detritos, erosión fluvial", "nivel": " ", "fid": 366}, "geometry": {"type": "LineString", "coordinates": [[-75.699905, -14.038137], [-75.686322, -14.03536], [-75.685056, -14.033582], [-75.682941, -14.033243], [-75.682976, -14.032469], [-75.677465, -14.032231], [-75.67731, -14.031049], [-75.669024, -14.030151], [-75.666807, -14.032405], [-75.667716, -14.029928], [-75.657306, -14.024744], [-75.651807, -14.023442], [-75.648796, -14.02488], [-75.642924, -14.024422], [-75.637033, -14.021376], [-75.627468, -14.01846], [-75.624297, -14.018214]]}}, {"type": "Feature", "properties": {"ruta": "IC-674", "nombre": "Emp. PE-1S - Emp. IC-673 (Cachiche).", "jerarquia": "departamental/vecinal", "departamento": "Ica", "provincia": "Ica", "distrito": "", "motivo": "last_mile_progresol", "progresol_servido": "FERRETERIA CAHUA", "progresol_direccion": "PP.JJ . CONFRATERNIDAD  A-25 ", "progresol_dist_m": 466.8, "puntos_criticos_1km": 4, "pc_lng": -75.71878, "pc_lat": -14.09466, "long_km": 0.87300003, "dist_min_m": 840.4, "peligro": "Inundación", "nivel": "", "fid": 367}, "geometry": {"type": "LineString", "coordinates": [[-75.726561, -14.094343], [-75.733724, -14.093559], [-75.733946, -14.094293]]}}, {"type": "Feature", "properties": {"ruta": "JU-893", "nombre": "Emp. JU-892 (Chupaca) - Emp. JU-892 (Huamancaca Chico).", "jerarquia": "departamental/vecinal", "departamento": "Junín", "provincia": "Chupaca", "distrito": "", "motivo": "last_mile_progresol", "progresol_servido": "DISTRIBUIDORA HENRY", "progresol_direccion": "AV 9 DE OCTUBRE S/ N ", "progresol_dist_m": 1539.2, "puntos_criticos_1km": 4, "pc_lng": -75.24999, "pc_lat": -12.06278, "long_km": 0.43000001, "dist_min_m": 247.1, "peligro": "Inundación", "nivel": "", "fid": 368}, "geometry": {"type": "LineString", "coordinates": [[-75.254347, -12.061505], [-75.251697, -12.064241]]}}, {"type": "Feature", "properties": {"ruta": "JU-893", "nombre": "Emp. JU-892 (Chupaca) - Emp. JU-892 (Huamancaca Chico).", "jerarquia": "departamental/vecinal", "departamento": "Junín", "provincia": "Chupaca", "distrito": "", "motivo": "last_mile_progresol", "progresol_servido": "FERRETERIA ROCIO II", "progresol_direccion": "AV RAYMUNDO S/N ALTO MIRAFLORES ", "progresol_dist_m": 1316.4, "puntos_criticos_1km": 4, "pc_lng": -75.26074, "pc_lat": -12.05963, "long_km": 1.1319999699999999, "dist_min_m": 59.8, "peligro": "Erosión fluvial", "nivel": "Alto", "fid": 369}, "geometry": {"type": "LineString", "coordinates": [[-75.263106, -12.061759], [-75.260456, -12.060098], [-75.256797, -12.059473], [-75.254347, -12.061505]]}}, {"type": "Feature", "properties": {"ruta": "PE-14A", "nombre": "Emp. PE-3N (Huaraz) - Anyanga (PE-14 B) - Huantar - Succha - Pte. Pomachaca (PE-14 B) - Masin - Pte. Rahuapampa - Dv. Llamellín - Anra - Uco - Dv. Paucas - Huacaybamba - Cochabamba - Arancay - Jircan - Carpa - Monzón - Tasogrande - Sachavaca - Emp. PE-", "jerarquia": "nacional", "departamento": "Áncash", "provincia": " ", "distrito": "", "motivo": "last_mile_progresol", "progresol_servido": "INVERSIONES JM FAMASA IMPORT Y EXPORT S.A.C.", "progresol_direccion": "AV. PRIMAVERA NRO. S/N ", "progresol_dist_m": 337.1, "puntos_criticos_1km": 4, "pc_lng": -77.09167, "pc_lat": -9.36609, "long_km": 0.132, "dist_min_m": 84.4, "peligro": "Erosión fluvial", "nivel": "Muy alto", "fid": 370}, "geometry": {"type": "LineString", "coordinates": [[-77.092271, -9.365473], [-77.09202, -9.365412]]}}, {"type": "Feature", "properties": {"ruta": "PE-3SB", "nombre": "Emp. PE-3S (Dv. Pte. Stuart) - Muqui - Huancani - Sincos - Mito - Orcotuna - Sicaya - Pilcomayo (PE-24) - Huamancaca Chico - Tres de Diciembre - Chupuro - Viques - Emp. PE-3S (Huayucachi)", "jerarquia": "nacional", "departamento": "Junín", "provincia": " ", "distrito": "", "motivo": "last_mile_progresol", "progresol_servido": "MC ALVAREZ", "progresol_direccion": "BRUNO TERREROS Nº 145 ", "progresol_dist_m": 2809.2, "puntos_criticos_1km": 4, "pc_lng": -75.48947, "pc_lat": -11.80253, "long_km": 0.41700000000000004, "dist_min_m": 125.8, "peligro": "Inundación", "nivel": "", "fid": 371}, "geometry": {"type": "LineString", "coordinates": [[-75.489852, -11.80405], [-75.488035, -11.803291], [-75.486558, -11.803754]]}}, {"type": "Feature", "properties": {"ruta": "PE-3N", "nombre": "Repartición La Oroya (PE-22) - Huánuco (PE-18 A) - Conococha (PE-16) - Huaraz (PE-14 y PE-14 A) - Santiago de Chuco - Cajabamba - Cajamarca (PE-08 y PE-08 B) - Bambamarca - Cutervo (PE-3N C) - Huancabamba (PE-02 A) - Vado Grande (Fr. Ecuador)", "jerarquia": "nacional", "departamento": "Huánuco", "provincia": " ", "distrito": "", "motivo": "last_mile_progresol", "progresol_servido": "FERRETERIA LIAM Y CHRISTIAN", "progresol_direccion": "PREDIO TINGO MZ. E LT. 2 ", "progresol_dist_m": 650.4, "puntos_criticos_1km": 4, "pc_lng": -76.26267, "pc_lat": -9.93787, "long_km": 2.65400004, "dist_min_m": 86.4, "peligro": "Flujo de detritos, erosión fluvial", "nivel": null, "fid": 372}, "geometry": {"type": "LineString", "coordinates": [[-76.261164, -9.937611], [-76.263509, -9.936578], [-76.264877, -9.934641], [-76.270216, -9.934351], [-76.274306, -9.93198], [-76.275899, -9.932166], [-76.278075, -9.92986], [-76.281747, -9.928244]]}}, {"type": "Feature", "properties": {"ruta": "PE-3SZ", "nombre": "Emp PE-24 (Pilcomayo) - Huamancaca Chico - Tres de Diciembre - Chupuro - Viques - Emp. PE3S (Huayucachi)", "jerarquia": "nacional", "departamento": "Junín", "provincia": " ", "distrito": "", "motivo": "last_mile_progresol", "progresol_servido": "FERRETERIA E INVERSIONES KALIMAX", "progresol_direccion": "AV HEROES DE LA BREÑA S/N HUAMANMAR ", "progresol_dist_m": 2134.8, "puntos_criticos_1km": 4, "pc_lng": -75.24356, "pc_lat": -12.1557, "long_km": 3.71700001, "dist_min_m": 131.9, "peligro": "Inundación, flujo de detritos, erosión", "nivel": " ", "fid": 373}, "geometry": {"type": "LineString", "coordinates": [[-75.243486, -12.154353], [-75.238173, -12.155622], [-75.235605, -12.157385], [-75.232412, -12.158134], [-75.230284, -12.148565], [-75.223205, -12.139372]]}}, {"type": "Feature", "properties": {"ruta": "PE-3N", "nombre": "Repartición La Oroya (PE-22) - Huánuco (PE-18 A) - Conococha (PE-16) - Huaraz (PE-14 y PE-14 A) - Santiago de Chuco - Cajabamba - Cajamarca (PE-08 y PE-08 B) - Bambamarca - Cutervo (PE-3N C) - Huancabamba (PE-02 A) - Vado Grande (Fr. Ecuador)", "jerarquia": "nacional", "departamento": "Áncash", "provincia": " ", "distrito": "", "motivo": "last_mile_progresol", "progresol_servido": "EMPRESA DE SERVICIOS BARRETO", "progresol_direccion": "AV. CENTENARIO N° 1298 ", "progresol_dist_m": 4.5, "puntos_criticos_1km": 4, "pc_lng": -77.5361, "pc_lat": -9.5052, "long_km": 0.2, "dist_min_m": 645.2, "peligro": "Erosión fluvial", "nivel": "Alto", "fid": 374}, "geometry": {"type": "LineString", "coordinates": [[-77.532212, -9.511502], [-77.532181, -9.50953]]}}, {"type": "Feature", "properties": {"ruta": "PE-22A", "nombre": "Emp. PE-1S (I.V. Mala) - Calango - La Capilla - San Juan de Viscas – Alloca  Huancata – Sangallaya - San Lorenzo de Quinti - San Juan de Tantarache – Carhuapampa – Chicllapata – Chayanca – Yuracmayo – Emp. PE-22 (Río Blanco)", "jerarquia": "nacional", "departamento": "Lima", "provincia": " ", "distrito": "", "motivo": "last_mile_progresol", "progresol_servido": "DMC JUAN PABLO II", "progresol_direccion": "AV. PANAMERICANA NRO. 602 ", "progresol_dist_m": 447.4, "puntos_criticos_1km": 4, "pc_lng": -76.64457, "pc_lat": -12.64843, "long_km": 0.53100002, "dist_min_m": 756.2, "peligro": "", "nivel": null, "fid": 375}, "geometry": {"type": "LineString", "coordinates": [[-76.636278, -12.656218], [-76.638925, -12.652426]]}}, {"type": "Feature", "properties": {"ruta": "PE-3N", "nombre": "Repartición La Oroya (PE-22) - Huánuco (PE-18 A) - Conococha (PE-16) - Huaraz (PE-14 y PE-14 A) - Santiago de Chuco - Cajabamba - Cajamarca (PE-08 y PE-08 B) - Bambamarca - Cutervo (PE-3N C) - Huancabamba (PE-02 A) - Vado Grande (Fr. Ecuador)", "jerarquia": "nacional", "departamento": "Áncash", "provincia": " ", "distrito": "", "motivo": "last_mile_progresol", "progresol_servido": "GRUPO SANTA INES S.A.C.", "progresol_direccion": "AV. CONF. INTER. OESTE NRO. 400 BR PATAY", "progresol_dist_m": 5.0, "puntos_criticos_1km": 4, "pc_lng": -77.53609, "pc_lat": -9.52469, "long_km": 1.23599994, "dist_min_m": 424.8, "peligro": "Inundación, Erosión fluvial", "nivel": "Alto", "fid": 376}, "geometry": {"type": "LineString", "coordinates": [[-77.533015, -9.522363], [-77.533008, -9.514622], [-77.531955, -9.512695], [-77.532212, -9.511502]]}}, {"type": "Feature", "properties": {"ruta": "PE-1N", "nombre": "I.V. Santa Anita - I.V. Huacho - Chimbote - Ov. La Marina (PE-10 A) - Ov. El Milagro - Paiján - Mocupe - Reque - Chiclayo - Lambayeque - Pte. Grau - Pte. Sullana Dv. Talara - Máncora - Zorritos - Tumbes - Pte. Internacional de La Paz (fr. Ecuador).", "jerarquia": "nacional", "departamento": "Lima", "provincia": " ", "distrito": "", "motivo": "last_mile_progresol", "progresol_servido": "COMERCIAL Y DISTRIBUIDORA CENTENARIO S.A.C.", "progresol_direccion": "AV. CENTENARIO NRO. 702 INT. 1 A.H. ", "progresol_dist_m": 390.9, "puntos_criticos_1km": 4, "pc_lng": -77.5844, "pc_lat": -11.07223, "long_km": 6.28000021, "dist_min_m": 23.7, "peligro": "Erosión fluvial", "nivel": "Alto", "fid": 377}, "geometry": {"type": "LineString", "coordinates": [[-77.593844, -11.11839], [-77.590025, -11.103495], [-77.584595, -11.09259], [-77.583105, -11.087146], [-77.582462, -11.078778], [-77.586496, -11.067544], [-77.586143, -11.064622]]}}, {"type": "Feature", "properties": {"ruta": "PE-28A", "nombre": "Emp.PE-1S E (Dv. Huaytará) - Independencia - Humay - Huáncano - Pámpano (PE 28 D) - Pte. Huaytara - Pte. Cuyahuasi - Pte. Tullpa - Pte. Dos de Mayo - Pte. Muchic - Pte. Ana Teresa - Pte. Tsej Tsi - Pte. Tranca - Huaytará - Pte. Suyacuna - Pte. Mollep", "jerarquia": "nacional", "departamento": "Ayacucho", "provincia": " ", "distrito": "", "motivo": "last_mile_progresol", "progresol_servido": "CONSTRUCCIONES ANDY ANTONY", "progresol_direccion": "VIA LOS LIBERTADORES MZ. Y1 LTE. 8 ", "progresol_dist_m": 35.1, "puntos_criticos_1km": 4, "pc_lng": -74.23481, "pc_lat": -13.15517, "long_km": 9.64500046, "dist_min_m": 38.8, "peligro": "Inundación, flujo de detritos, erosión fluvial", "nivel": " ", "fid": 378}, "geometry": {"type": "LineString", "coordinates": [[-74.263434, -13.191213], [-74.258521, -13.187858], [-74.258763, -13.186441], [-74.257278, -13.184697], [-74.254359, -13.174267], [-74.253113, -13.173292], [-74.252223, -13.169812], [-74.250275, -13.169707], [-74.248026, -13.170837], [-74.247935, -13.169298], [-74.249778, -13.164964], [-74.247981, -13.164702], [-74.244863, -13.166279], [-74.244503, -13.167783], [-74.244382, -13.165034], [-74.242159, -13.168717], [-74.241659, -13.167926], [-74.242476, -13.16452], [-74.23843, -13.165748], [-74.239898, -13.163191], [-74.239463, -13.161481], [-74.237188, -13.159688], [-74.238135, -13.158849], [-74.237007, -13.158094], [-74.236101, -13.15843], [-74.23491, -13.157108], [-74.235488, -13.155892], [-74.231619, -13.146742]]}}, {"type": "Feature", "properties": {"ruta": "PE-3SB", "nombre": "Emp. PE-3S (Dv. Pte. Stuart) - Muqui - Huancani - Sincos - Mito - Orcotuna - Sicaya - Pilcomayo (PE-24) - Huamancaca Chico - Tres de Diciembre - Chupuro - Viques - Emp. PE-3S (Huayucachi)", "jerarquia": "nacional", "departamento": "Junín", "provincia": " ", "distrito": "", "motivo": "last_mile_progresol", "progresol_servido": "FERRETERIA CADEMA", "progresol_direccion": "CARRETERA CENTRAL 1696 ", "progresol_dist_m": 2352.3, "puntos_criticos_1km": 4, "pc_lng": -75.34796, "pc_lat": -11.91016, "long_km": 11.88199997, "dist_min_m": 926.1, "peligro": "Inundación, flujo de detritos, erosión", "nivel": " ", "fid": 379}, "geometry": {"type": "LineString", "coordinates": [[-75.365004, -11.905857], [-75.347109, -11.922413], [-75.340101, -11.930059], [-75.330297, -11.944395], [-75.317688, -11.953821], [-75.29213, -11.985075]]}}, {"type": "Feature", "properties": {"ruta": "PE-1N", "nombre": "I.V. Santa Anita - I.V. Huacho - Chimbote - Ov. La Marina (PE-10 A) - Ov. El Milagro - Paiján - Mocupe - Reque - Chiclayo - Lambayeque - Pte. Grau - Pte. Sullana Dv. Talara - Máncora - Zorritos - Tumbes - Pte. Internacional de La Paz (fr. Ecuador).", "jerarquia": "nacional", "departamento": "Lima", "provincia": " ", "distrito": "", "motivo": "last_mile_progresol", "progresol_servido": "FERRETERIA HEIDY", "progresol_direccion": "MZA. F LOTE. 15 ASOC.DE VIV.SANTA I PARADERO ESTABLO PANAMERICANA NORTE)", "progresol_dist_m": 843.1, "puntos_criticos_1km": 4, "pc_lng": -77.06307, "pc_lat": -11.90007, "long_km": 0.041, "dist_min_m": 848.5, "peligro": "Inundación", "nivel": null, "fid": 380}, "geometry": {"type": "LineString", "coordinates": [[-77.068021, -11.894171], [-77.068042, -11.893697]]}}, {"type": "Feature", "properties": {"ruta": "PE-1S", "nombre": "I.V. Santa Anita - Chincha Alta - Ica - Nazca - Dv. Camaná - Dv. Quilca (PE-1S D) - La Repartición (Dv. Arequipa) - Dv. Pto. Matarani (PE- 34) - La Joya - Dv. Moquegua (PE-36 A) - Dv. Ilo (PE-36) - Tacna (PE-38) - La Concordia (fr. Chile).", "jerarquia": "nacional", "departamento": "Lima", "provincia": " ", "distrito": "", "motivo": "last_mile_progresol", "progresol_servido": "DEPOSITO DE MATERIALES LARA", "progresol_direccion": "MZA. S1 LOTE. 1 ASOC DE VIV COSTA AZUL(ALT KM 46.6 CARR ANTIGUA PANAM SUR)", "progresol_dist_m": 290.7, "puntos_criticos_1km": 4, "pc_lng": -76.82039, "pc_lat": -12.33425, "long_km": 11.60999966, "dist_min_m": 85.7, "peligro": "Inundación, erosión", "nivel": "", "fid": 381}, "geometry": {"type": "LineString", "coordinates": [[-76.847255, -12.300901], [-76.841233, -12.303929], [-76.837363, -12.307547], [-76.812486, -12.344514], [-76.777169, -12.378626]]}}, {"type": "Feature", "properties": {"ruta": "PE-1S", "nombre": "I.V. Santa Anita - Chincha Alta - Ica - Nazca - Dv. Camaná - Dv. Quilca (PE-1S D) - La Repartición (Dv. Arequipa) - Dv. Pto. Matarani (PE- 34) - La Joya - Dv. Moquegua (PE-36 A) - Dv. Ilo (PE-36) - Tacna (PE-38) - La Concordia (fr. Chile).", "jerarquia": "nacional", "departamento": "Ica", "provincia": " ", "distrito": "", "motivo": "last_mile_progresol", "progresol_servido": "COMERCIALIZADORA CONTRERAS", "progresol_direccion": "CAR. PANAMERICANA NRO. S/N (COST. GRIFO TODA 1 VIDA)", "progresol_dist_m": 3.4, "puntos_criticos_1km": 4, "pc_lng": -74.9452, "pc_lat": -14.83268, "long_km": 0.5820000200000001, "dist_min_m": 453.2, "peligro": "Inundación", "nivel": "", "fid": 382}, "geometry": {"type": "LineString", "coordinates": [[-74.942501, -14.835807], [-74.942278, -14.841061]]}}, {"type": "Feature", "properties": {"ruta": "PE-1N", "nombre": "I.V. Santa Anita - I.V. Huacho - Chimbote - Ov. La Marina (PE-10 A) - Ov. El Milagro - Paiján - Mocupe - Reque - Chiclayo - Lambayeque - Pte. Grau - Pte. Sullana Dv. Talara - Máncora - Zorritos - Tumbes - Pte. Internacional de La Paz (fr. Ecuador).", "jerarquia": "nacional", "departamento": "Lima", "provincia": " ", "distrito": "", "motivo": "last_mile_progresol", "progresol_servido": "DIREPOR", "progresol_direccion": "CAR.PANAMERICANA NORTE KM.28 MZ.B LOTE 6 Z.I COMPLEJO INDUSTRIAL", "progresol_dist_m": 51.4, "puntos_criticos_1km": 4, "pc_lng": -77.06307, "pc_lat": -11.90007, "long_km": 2.0820000199999997, "dist_min_m": 891.3, "peligro": "Inundación", "nivel": null, "fid": 383}, "geometry": {"type": "LineString", "coordinates": [[-77.068042, -11.893697], [-77.069109, -11.874879]]}}, {"type": "Feature", "properties": {"ruta": "PE-3SB", "nombre": "Emp. PE-3S (Dv. Pte. Stuart) - Muqui - Huancani - Sincos - Mito - Orcotuna - Sicaya - Pilcomayo (PE-24) - Huamancaca Chico - Tres de Diciembre - Chupuro - Viques - Emp. PE-3S (Huayucachi)", "jerarquia": "nacional", "departamento": "Junín", "provincia": " ", "distrito": "", "motivo": "last_mile_progresol", "progresol_servido": "MC ALVAREZ", "progresol_direccion": "BRUNO TERREROS Nº 145 ", "progresol_dist_m": 2842.4, "puntos_criticos_1km": 4, "pc_lng": -75.49019, "pc_lat": -11.80287, "long_km": 0.048, "dist_min_m": 136.6, "peligro": null, "nivel": "", "fid": 384}, "geometry": {"type": "LineString", "coordinates": [[-75.490157, -11.804196], [-75.489852, -11.80405]]}}, {"type": "Feature", "properties": {"ruta": "PE-3S", "nombre": "Repartición La Oroya (PE-22) - Huancayo - Izcuchaca (PE-26) - Mayoc - Ayacucho - Andahuaylas (PE-30 B) - Abancay - Anta - Cusco - Urcos - Ayaviri (PE-3S G) - Calapuja - Puno (PE-36 B) - Ilave - Pte. Internacional Desaguadero (fr. Bolivia).", "jerarquia": "nacional", "departamento": "Junín", "provincia": " ", "distrito": "", "motivo": "last_mile_progresol", "progresol_servido": "MC ALVAREZ", "progresol_direccion": "BRUNO TERREROS Nº 145 ", "progresol_dist_m": 2851.0, "puntos_criticos_1km": 4, "pc_lng": -75.49019, "pc_lat": -11.80287, "long_km": 2.54900002, "dist_min_m": 147.8, "peligro": null, "nivel": "", "fid": 385}, "geometry": {"type": "LineString", "coordinates": [[-75.489424, -11.822544], [-75.488468, -11.818663], [-75.491193, -11.816741], [-75.493042, -11.816811], [-75.493454, -11.815922], [-75.492039, -11.814082], [-75.492382, -11.807546], [-75.490157, -11.804196]]}}, {"type": "Feature", "properties": {"ruta": "PE-1SH", "nombre": "Emp. PE-1S G - Aeropuerto Internacional Pisco - Emp. PE-1S G (San Andres).", "jerarquia": "nacional", "departamento": "Ica", "provincia": " ", "distrito": "", "motivo": "last_mile_progresol", "progresol_servido": "FERRETERIA PAKITO", "progresol_direccion": "CAL.BEATITA DE HUMAY NRO. 785 DPTO. ", "progresol_dist_m": 1010.2, "puntos_criticos_1km": 4, "pc_lng": -76.20367, "pc_lat": -13.72539, "long_km": 2.0940000999999997, "dist_min_m": 4.1, "peligro": "Inundación, flujo de detritos, erosión", "nivel": null, "fid": 386}, "geometry": {"type": "LineString", "coordinates": [[-76.203537, -13.725375], [-76.209471, -13.727129], [-76.222509, -13.727306]]}}, {"type": "Feature", "properties": {"ruta": "PE-3S", "nombre": "Repartición La Oroya (PE-22) - Huancayo - Izcuchaca (PE-26) - Mayoc - Ayacucho - Andahuaylas (PE-30 B) - Abancay - Anta - Cusco - Urcos - Ayaviri (PE-3S G) - Calapuja - Puno (PE-36 B) - Ilave - Pte. Internacional Desaguadero (fr. Bolivia).", "jerarquia": "nacional", "departamento": "Ayacucho", "provincia": " ", "distrito": "", "motivo": "last_mile_progresol", "progresol_servido": "FERRETERIA LUIS FABRICIO", "progresol_direccion": "JR. LOS CIPRECES 240 ", "progresol_dist_m": 290.2, "puntos_criticos_1km": 4, "pc_lng": -74.21245, "pc_lat": -13.17704, "long_km": 0.32300001, "dist_min_m": 774.4, "peligro": "Inundación", "nivel": "", "fid": 387}, "geometry": {"type": "LineString", "coordinates": [[-74.205727, -13.174653], [-74.203155, -13.175806]]}}, {"type": "Feature", "properties": {"ruta": "PE-20K", "nombre": "Emp. PE-20 B (Av. Elmer Faucett) – Límite provincial de Callao-Lima", "jerarquia": "nacional", "departamento": "Callao", "provincia": " ", "distrito": "", "motivo": "last_mile_progresol", "progresol_servido": "PROGRESOL 333", "progresol_direccion": "JR. PEREZ DE TUDELA NRO. 3237 (ALT DUAREZ)", "progresol_dist_m": 216.1, "puntos_criticos_1km": 4, "pc_lng": -77.08673, "pc_lat": -12.03711, "long_km": 0.007, "dist_min_m": 412.0, "peligro": "Inundación", "nivel": null, "fid": 388}, "geometry": {"type": "LineString", "coordinates": [[-77.082947, -12.036951], [-77.082884, -12.03694]]}}, {"type": "Feature", "properties": {"ruta": "PE-20K", "nombre": "Emp. PE-20 B (Av. Elmer Faucett) – Límite provincial de Callao-Lima", "jerarquia": "nacional", "departamento": "Callao", "provincia": " ", "distrito": "", "motivo": "last_mile_progresol", "progresol_servido": "PROGRESOL 333", "progresol_direccion": "JR. PEREZ DE TUDELA NRO. 3237 (ALT DUAREZ)", "progresol_dist_m": 221.5, "puntos_criticos_1km": 4, "pc_lng": -77.08673, "pc_lat": -12.03711, "long_km": 0.001, "dist_min_m": 411.6, "peligro": "Inundación", "nivel": null, "fid": 389}, "geometry": {"type": "LineString", "coordinates": [[-77.08295, -12.036951], [-77.082947, -12.036951]]}}, {"type": "Feature", "properties": {"ruta": "AN-111", "nombre": "Emp. PE-3N - Hda. Palmar - Mashra - Llaullina - Collachico - Dv. Llata - Minas Antamina - Carhuayoc - Emp. AN- 110 (San Marcos).", "jerarquia": "departamental/vecinal", "departamento": "Áncash", "provincia": "Huari", "distrito": "", "motivo": "last_mile_progresol", "progresol_servido": "CORPORACION CAF S.A.C", "progresol_direccion": "AV. FLORIDA NRO. S/N CENT SAN MARCOS", "progresol_dist_m": 447.0, "puntos_criticos_1km": 4, "pc_lng": -77.14898, "pc_lat": -9.52468, "long_km": 1.3660000600000002, "dist_min_m": 22.1, "peligro": "Inundación", "nivel": "", "fid": 390}, "geometry": {"type": "LineString", "coordinates": [[-77.14536, -9.52552], [-77.145753, -9.52506], [-77.146382, -9.526051], [-77.146579, -9.524111], [-77.148133, -9.523893], [-77.148132, -9.52498], [-77.149159, -9.524255], [-77.153119, -9.525032]]}}, {"type": "Feature", "properties": {"ruta": "AN-110", "nombre": "Emp. PE-3N (Catac) - Buenos Aires - Tambillos - Chavin de Huantar - San Marcos - Emp. PE-14 A (Succha).", "jerarquia": "departamental/vecinal", "departamento": "Áncash", "provincia": "Huari", "distrito": "", "motivo": "last_mile_progresol", "progresol_servido": "MULTISERVICIO CUEVA", "progresol_direccion": "JR. SAN MARTIN S/N ", "progresol_dist_m": 2486.6, "puntos_criticos_1km": 4, "pc_lng": -77.18184, "pc_lat": -9.61055, "long_km": 1.6599999699999999, "dist_min_m": 46.3, "peligro": "Inundación, Erosión fluvial", "nivel": "Alto", "fid": 391}, "geometry": {"type": "LineString", "coordinates": [[-77.18858, -9.622927], [-77.181818, -9.609775]]}}, {"type": "Feature", "properties": {"ruta": "AN-110", "nombre": "Emp. PE-3N (Catac) - Buenos Aires - Tambillos - Chavin de Huantar - San Marcos - Emp. PE-14 A (Succha).", "jerarquia": "departamental/vecinal", "departamento": "Áncash", "provincia": "Huari", "distrito": "", "motivo": "last_mile_progresol", "progresol_servido": "MULTISERVICIO CUEVA", "progresol_direccion": "JR. SAN MARTIN S/N ", "progresol_dist_m": 1310.2, "puntos_criticos_1km": 4, "pc_lng": -77.1784, "pc_lat": -9.60392, "long_km": 1.2530000200000002, "dist_min_m": 56.6, "peligro": "Inundación, Erosión fluvial", "nivel": "Alto", "fid": 392}, "geometry": {"type": "LineString", "coordinates": [[-77.181818, -9.609775], [-77.179765, -9.607523], [-77.178233, -9.599778]]}}, {"type": "Feature", "properties": {"ruta": "AN-111", "nombre": "Emp. PE-3N - Hda. Palmar - Mashra - Llaullina - Collachico - Dv. Llata - Minas Antamina - Carhuayoc - Emp. AN- 110 (San Marcos).", "jerarquia": "departamental/vecinal", "departamento": "Áncash", "provincia": "Huari", "distrito": "", "motivo": "last_mile_progresol", "progresol_servido": "CORPORACION CAF S.A.C", "progresol_direccion": "AV. FLORIDA NRO. S/N CENT SAN MARCOS", "progresol_dist_m": 1290.0, "puntos_criticos_1km": 4, "pc_lng": -77.14772, "pc_lat": -9.52745, "long_km": 0.81300002, "dist_min_m": 287.7, "peligro": "Inundación", "nivel": "", "fid": 393}, "geometry": {"type": "LineString", "coordinates": [[-77.139477, -9.526288], [-77.140792, -9.52574], [-77.143639, -9.526918], [-77.145301, -9.52638], [-77.14536, -9.52552]]}}, {"type": "Feature", "properties": {"ruta": "AN-111", "nombre": "Emp. PE-3N - Hda. Palmar - Mashra - Llaullina - Collachico - Dv. Llata - Minas Antamina - Carhuayoc - Emp. AN- 110 (San Marcos).", "jerarquia": "departamental/vecinal", "departamento": "Áncash", "provincia": "Huari", "distrito": "", "motivo": "last_mile_progresol", "progresol_servido": "CORPORACION CAF S.A.C", "progresol_direccion": "AV. FLORIDA NRO. S/N CENT SAN MARCOS", "progresol_dist_m": 137.3, "puntos_criticos_1km": 4, "pc_lng": -77.15143, "pc_lat": -9.52512, "long_km": 0.37099999, "dist_min_m": 185.7, "peligro": "Inundación, Erosión fluvial", "nivel": "Alto", "fid": 394}, "geometry": {"type": "LineString", "coordinates": [[-77.153119, -9.525032], [-77.155775, -9.52346]]}}, {"type": "Feature", "properties": {"ruta": "AN-106", "nombre": "Emp. PE-3N (Yungay) - Shillcop - Llanganuco - Vaqueria - Yanama - Emp. PE-14 C (Llacma).", "jerarquia": "departamental/vecinal", "departamento": "Áncash", "provincia": "Yungay", "distrito": "", "motivo": "last_mile_progresol", "progresol_servido": "GRUPO B & T S.R.L.", "progresol_direccion": "CAL. INDUSTRIAL S/N (ESPALDA DE MERCADO CAS.VERDE 1 PISO)", "progresol_dist_m": 282.5, "puntos_criticos_1km": 4, "pc_lng": -77.74073, "pc_lat": -9.14086, "long_km": 0.91799998, "dist_min_m": 3.5, "peligro": "Inundación", "nivel": " ", "fid": 395}, "geometry": {"type": "LineString", "coordinates": [[-77.745074, -9.144429], [-77.744539, -9.140931], [-77.740563, -9.141002]]}}, {"type": "Feature", "properties": {"ruta": "AN-106", "nombre": "Emp. PE-3N (Yungay) - Shillcop - Llanganuco - Vaqueria - Yanama - Emp. PE-14 C (Llacma).", "jerarquia": "departamental/vecinal", "departamento": "Áncash", "provincia": "Yungay", "distrito": "", "motivo": "last_mile_progresol", "progresol_servido": "GRUPO B & T S.R.L.", "progresol_direccion": "CAL. INDUSTRIAL S/N (ESPALDA DE MERCADO CAS.VERDE 1 PISO)", "progresol_dist_m": 696.7, "puntos_criticos_1km": 4, "pc_lng": -77.73982, "pc_lat": -9.1414, "long_km": 17.95299911, "dist_min_m": 4.0, "peligro": "Inundación", "nivel": " ", "fid": 396}, "geometry": {"type": "LineString", "coordinates": [[-77.740563, -9.141002], [-77.736848, -9.144739], [-77.732255, -9.1466], [-77.731855, -9.146048], [-77.730312, -9.147461], [-77.72982, -9.146706], [-77.728807, -9.148148], [-77.724787, -9.146828], [-77.723929, -9.147705], [-77.72179, -9.147817], [-77.72455, -9.153485], [-77.721651, -9.150284], [-77.716446, -9.149907], [-77.71429, -9.14839], [-77.712359, -9.14805], [-77.712819, -9.148863], [-77.711007, -9.147953], [-77.711344, -9.146284], [-77.714507, -9.143136], [-77.710869, -9.145459], [-77.710489, -9.143304], [-77.71143, -9.144243], [-77.712379, -9.143191], [-77.711382, -9.142363], [-77.711769, -9.140709], [-77.712994, -9.139941], [-77.712959, -9.13893], [-77.715655, -9.139341], [-77.713782, -9.138067], [-77.712262, -9.13826], [-77.711607, -9.139751], [-77.709762, -9.139058], [-77.711257, -9.138824], [-77.712009, -9.136909], [-77.71317, -9.137118], [-77.71205, -9.136579], [-77.710483, -9.138086], [-77.709451, -9.137583], [-77.707985, -9.135598], [-77.710417, -9.135856], [-77.708256, -9.131518], [-77.706567, -9.133843], [-77.703051, -9.133139], [-77.701107, -9.131594], [-77.702078, -9.127966], [-77.701759, -9.125141], [-77.700493, -9.123045], [-77.698841, -9.122252], [-77.698372, -9.124351], [-77.696428, -9.124562], [-77.695897, -9.123948], [-77.692484, -9.113894], [-77.691207, -9.113914], [-77.687458, -9.10666], [-77.688539, -9.105297], [-77.68638, -9.105226], [-77.685502, -9.106591], [-77.685739, -9.108442], [-77.683399, -9.105913]]}}, {"type": "Feature", "properties": {"ruta": "LM-119", "nombre": "Emp. LM-117 (Cieneguilla) - Buena Vista - Emp. LM- 117 (Dv. Buena Vista).", "jerarquia": "departamental/vecinal", "departamento": "Lima", "provincia": "Lima", "distrito": "", "motivo": "last_mile_progresol", "progresol_servido": "FERRETERIA CHALITO", "progresol_direccion": "AV. SAN MARTIN MZA. H LOTE. 03 C.P. ", "progresol_dist_m": 1550.5, "puntos_criticos_1km": 4, "pc_lng": -76.81081, "pc_lat": -12.12059, "long_km": 0.389, "dist_min_m": 28.3, "peligro": "Inundación", "nivel": "Muy alto", "fid": 397}, "geometry": {"type": "LineString", "coordinates": [[-76.814042, -12.11862], [-76.811022, -12.120442]]}}, {"type": "Feature", "properties": {"ruta": "LM-118", "nombre": "Emp. PE-22 (Cocachacra) - Santiago de Tuna - San Andrés de Tupicocha - San Damián - Sunicancha - Lahuaytambo - Emp. LM-117 (Langa).", "jerarquia": "departamental/vecinal", "departamento": "Lima", "provincia": "Huarochirí", "distrito": "", "motivo": "last_mile_progresol", "progresol_servido": "FERRETERIA COCACHACRA", "progresol_direccion": "AV. NICOLAS DE PIEROLA NRO. 320 ", "progresol_dist_m": 1741.6, "puntos_criticos_1km": 4, "pc_lng": -76.54152, "pc_lat": -11.91832, "long_km": 18.04899979, "dist_min_m": 27.0, "peligro": "Flujo de detritos", "nivel": "Muy alto", "fid": 398}, "geometry": {"type": "LineString", "coordinates": [[-76.541643, -11.918532], [-76.542212, -11.919691], [-76.541301, -11.921467], [-76.544589, -11.921644], [-76.541624, -11.923635], [-76.541595, -11.924354], [-76.540069, -11.924589], [-76.540439, -11.927293], [-76.536607, -11.93142], [-76.538017, -11.929067], [-76.538357, -11.926055], [-76.535944, -11.929955], [-76.533929, -11.929831], [-76.53656, -11.926728], [-76.536663, -11.925245], [-76.535946, -11.927094], [-76.534657, -11.927643], [-76.535832, -11.926608], [-76.535157, -11.924748], [-76.535232, -11.926562], [-76.534792, -11.92498], [-76.534769, -11.926522], [-76.534418, -11.925302], [-76.533601, -11.926814], [-76.534001, -11.925762], [-76.533136, -11.926769], [-76.533331, -11.925997], [-76.531682, -11.924651], [-76.53039, -11.926751], [-76.529046, -11.927278], [-76.529001, -11.928228], [-76.524674, -11.930849], [-76.521486, -11.930115], [-76.525727, -11.932139], [-76.527392, -11.931742], [-76.527721, -11.933618], [-76.526298, -11.939635], [-76.522859, -11.944161], [-76.522128, -11.946266], [-76.523449, -11.951217], [-76.523161, -11.953582], [-76.524088, -11.952802], [-76.525725, -11.952934], [-76.52864, -11.950937], [-76.531571, -11.953763], [-76.533633, -11.9525], [-76.534592, -11.954283], [-76.536257, -11.952396], [-76.538142, -11.95347], [-76.537934, -11.954812], [-76.537812, -11.953972], [-76.53673, -11.954265], [-76.535366, -11.956909], [-76.532451, -11.957759], [-76.535202, -11.958567], [-76.535678, -11.959733], [-76.53381, -11.959435], [-76.535051, -11.961966], [-76.532852, -11.960391], [-76.531501, -11.960424], [-76.532735, -11.961273], [-76.533218, -11.964154], [-76.535524, -11.96557]]}}, {"type": "Feature", "properties": {"ruta": "LM-118", "nombre": "Emp. PE-22 (Cocachacra) - Santiago de Tuna - San Andrés de Tupicocha - San Damián - Sunicancha - Lahuaytambo - Emp. LM-117 (Langa).", "jerarquia": "departamental/vecinal", "departamento": "Lima", "provincia": "Huarochirí", "distrito": "", "motivo": "last_mile_progresol", "progresol_servido": "FERRETERIA COCACHACRA", "progresol_direccion": "AV. NICOLAS DE PIEROLA NRO. 320 ", "progresol_dist_m": 1803.0, "puntos_criticos_1km": 4, "pc_lng": -76.54152, "pc_lat": -11.91832, "long_km": 1.69500005, "dist_min_m": 23.1, "peligro": "Flujo de detritos", "nivel": "Muy alto", "fid": 399}, "geometry": {"type": "LineString", "coordinates": [[-76.540607, -11.910576], [-76.539836, -11.912053], [-76.543429, -11.914197], [-76.542789, -11.915322], [-76.544008, -11.915612], [-76.543271, -11.919513], [-76.541643, -11.918532]]}}, {"type": "Feature", "properties": {"ruta": "LM-119", "nombre": "Emp. LM-117 (Cieneguilla) - Buena Vista - Emp. LM- 117 (Dv. Buena Vista).", "jerarquia": "departamental/vecinal", "departamento": "Lima", "provincia": "Lima", "distrito": "", "motivo": "last_mile_progresol", "progresol_servido": "FERRETERIA CHALITO", "progresol_direccion": "AV. SAN MARTIN MZA. H LOTE. 03 C.P. ", "progresol_dist_m": 1932.2, "puntos_criticos_1km": 4, "pc_lng": -76.81081, "pc_lat": -12.12059, "long_km": 1.4500000499999999, "dist_min_m": 14.5, "peligro": "Inundación", "nivel": "Muy alto", "fid": 400}, "geometry": {"type": "LineString", "coordinates": [[-76.811022, -12.120442], [-76.810293, -12.120184], [-76.808062, -12.123788], [-76.813, -12.128682]]}}, {"type": "Feature", "properties": {"ruta": "JU-103", "nombre": "Emp. PE-22 B (Palca) - Tapo - Antacucho - Ricran - Abra Cayan - Yauli - Pancan - Emp. PE-3S A (Jauja).", "jerarquia": "departamental/vecinal", "departamento": "Junín", "provincia": "Jauja", "distrito": "", "motivo": "last_mile_progresol", "progresol_servido": "DISTRIBUIDORA CARRION", "progresol_direccion": "JR. 28 DE JULIO NRO. 440 ", "progresol_dist_m": 1153.5, "puntos_criticos_1km": 4, "pc_lng": -75.48035, "pc_lat": -11.73889, "long_km": 30.940000530000002, "dist_min_m": 3.9, "peligro": "Inundación", "nivel": " ", "fid": 401}, "geometry": {"type": "LineString", "coordinates": [[-75.499074, -11.584562], [-75.495148, -11.588553], [-75.494696, -11.591392], [-75.491954, -11.59458], [-75.490269, -11.599812], [-75.498196, -11.611164], [-75.497119, -11.620706], [-75.494226, -11.623904], [-75.490979, -11.631389], [-75.491545, -11.633449], [-75.49433, -11.630894], [-75.496019, -11.631488], [-75.494176, -11.631952], [-75.492814, -11.634649], [-75.493083, -11.636158], [-75.489813, -11.639502], [-75.487864, -11.637208], [-75.489, -11.641755], [-75.487645, -11.642824], [-75.488941, -11.644233], [-75.487007, -11.645611], [-75.486835, -11.646741], [-75.486576, -11.645738], [-75.485596, -11.649898], [-75.486458, -11.651553], [-75.487513, -11.651714], [-75.487392, -11.653364], [-75.488645, -11.653557], [-75.488364, -11.6558], [-75.489507, -11.658864], [-75.490847, -11.659998], [-75.491197, -11.663867], [-75.494133, -11.666515], [-75.494886, -11.665866], [-75.494198, -11.668121], [-75.492619, -11.665901], [-75.489416, -11.664353], [-75.492254, -11.666239], [-75.494234, -11.670142], [-75.494509, -11.672605], [-75.493918, -11.673111], [-75.493692, -11.670566], [-75.493051, -11.673375], [-75.494967, -11.674708], [-75.495473, -11.677749], [-75.496355, -11.67646], [-75.496786, -11.671621], [-75.497917, -11.678133], [-75.496099, -11.679196], [-75.496295, -11.681729], [-75.494404, -11.682447], [-75.494358, -11.684283], [-75.493443, -11.685062], [-75.493963, -11.686968], [-75.492956, -11.687835], [-75.494341, -11.686751], [-75.494333, -11.687455], [-75.493547, -11.687807], [-75.493334, -11.689469], [-75.484921, -11.69642], [-75.483554, -11.699056], [-75.474246, -11.710355], [-75.474595, -11.724268], [-75.473475, -11.730628], [-75.477384, -11.736528], [-75.480866, -11.739291], [-75.486418, -11.747274], [-75.489908, -11.760765], [-75.493307, -11.767946]]}}, {"type": "Feature", "properties": {"ruta": "LM-720", "nombre": "Emp. PE-22 - Ruinas Huaycán.", "jerarquia": "departamental/vecinal", "departamento": "Lima", "provincia": "Lima", "distrito": "", "motivo": "last_mile_progresol", "progresol_servido": "FERRETERIA UNION DE PARIACHI", "progresol_direccion": "MZA. W LOTE. 1 AS.CIV DE PARIACHI 3 (PARADERO HORACIO ZEVALLOS A 2 CDRAS)", "progresol_dist_m": 155.3, "puntos_criticos_1km": 3, "pc_lng": -76.84746, "pc_lat": -12.00456, "long_km": 2.1500000999999997, "dist_min_m": 193.3, "peligro": null, "nivel": "", "fid": 402}, "geometry": {"type": "LineString", "coordinates": [[-76.848302, -12.006093], [-76.847131, -12.008533], [-76.839921, -12.008309], [-76.837045, -12.009799], [-76.838449, -12.012061], [-76.840822, -12.013103], [-76.840867, -12.014133]]}}, {"type": "Feature", "properties": {"ruta": "LM-650", "nombre": "Emp. LM-649 - Calle Huaura (Caleta Carquin).", "jerarquia": "departamental/vecinal", "departamento": "Lima", "provincia": "Huaura", "distrito": "", "motivo": "last_mile_progresol", "progresol_servido": "EMPRESA D Y M EL COLORADO E.I.R.L. ", "progresol_direccion": "AV. ANTONIO RAYMONDI NRO. SN (AV.RAYMONDI NRO. 641-X URB.LAS PALMAS)", "progresol_dist_m": 1871.6, "puntos_criticos_1km": 3, "pc_lng": -77.62847, "pc_lat": -11.08499, "long_km": 1.21000004, "dist_min_m": 435.2, "peligro": "Inundación", "nivel": "Medio", "fid": 403}, "geometry": {"type": "LineString", "coordinates": [[-77.615872, -11.086766], [-77.621873, -11.086219], [-77.622051, -11.087507], [-77.625368, -11.087457]]}}, {"type": "Feature", "properties": {"ruta": "LM-557", "nombre": "Emp. LM-101 (Huaura) - Chacaca - Centinela (Playa).", "jerarquia": "departamental/vecinal", "departamento": "Lima", "provincia": "Huaura", "distrito": "", "motivo": "last_mile_progresol", "progresol_servido": "DISTRIBUIDORA FERRETERA ANTHONY S.R.L.", "progresol_direccion": "AV. CRUZ BLANCA NRO. 2380 ", "progresol_dist_m": 2620.3, "puntos_criticos_1km": 3, "pc_lng": -77.5844, "pc_lat": -11.07223, "long_km": 6.0999999, "dist_min_m": 886.6, "peligro": "Erosión fluvial", "nivel": "Alto", "fid": 404}, "geometry": {"type": "LineString", "coordinates": [[-77.587564, -11.064882], [-77.60087, -11.068192], [-77.607879, -11.065947], [-77.611688, -11.065927], [-77.614249, -11.068546], [-77.615602, -11.068839], [-77.62298, -11.06774], [-77.623632, -11.06509], [-77.625447, -11.063213], [-77.628137, -11.06378], [-77.62873, -11.063198], [-77.632002, -11.065913], [-77.636125, -11.065923]]}}, {"type": "Feature", "properties": {"ruta": "HU-1095", "nombre": "EMP. PE-3N (CAYHUAYNA) - CAYRAN - PARARA - EMP. HU-111.", "jerarquia": "departamental/vecinal", "departamento": "Huánuco", "provincia": "Huánuco", "distrito": "", "motivo": "last_mile_progresol", "progresol_servido": "FERRETERA ALVA", "progresol_direccion": "UNIVERSITARIA N°1308 ", "progresol_dist_m": 608.0, "puntos_criticos_1km": 3, "pc_lng": -76.25718, "pc_lat": -9.95817, "long_km": 0.27000001, "dist_min_m": 940.2, "peligro": "Inundación, erosión", "nivel": null, "fid": 405}, "geometry": {"type": "LineString", "coordinates": [[-76.246569, -9.960275], [-76.248985, -9.960697]]}}, {"type": "Feature", "properties": {"ruta": "AY-667", "nombre": "Emp. PE-3S (Huanta) - Maynay - Emp. PE-26 B (Compañia).", "jerarquia": "departamental/vecinal", "departamento": "Ayacucho", "provincia": "Huanta", "distrito": "", "motivo": "last_mile_progresol", "progresol_servido": "FERRETERÍA QUINTERO", "progresol_direccion": "JR. CORDOVA NRO. 120 ", "progresol_dist_m": 1369.1, "puntos_criticos_1km": 3, "pc_lng": -74.25169, "pc_lat": -12.94582, "long_km": 0.28999999, "dist_min_m": 775.1, "peligro": "Inundación", "nivel": "Alto", "fid": 406}, "geometry": {"type": "LineString", "coordinates": [[-74.249731, -12.952524], [-74.249011, -12.954973]]}}, {"type": "Feature", "properties": {"ruta": "AY-667", "nombre": "Emp. PE-3S (Huanta) - Maynay - Emp. PE-26 B (Compañia).", "jerarquia": "departamental/vecinal", "departamento": "Ayacucho", "provincia": "Huanta", "distrito": "", "motivo": "last_mile_progresol", "progresol_servido": "FERRETERÍA QUINTERO", "progresol_direccion": "JR. CORDOVA NRO. 120 ", "progresol_dist_m": 1195.4, "puntos_criticos_1km": 3, "pc_lng": -74.23932, "pc_lat": -12.94858, "long_km": 0.04, "dist_min_m": 152.8, "peligro": "", "nivel": "", "fid": 407}, "geometry": {"type": "LineString", "coordinates": [[-74.24074, -12.948526], [-74.240778, -12.948855]]}}, {"type": "Feature", "properties": {"ruta": "AY-624", "nombre": "Emp. AY-619 - Pampacancha - Pta. Carretera.", "jerarquia": "departamental/vecinal", "departamento": "Ayacucho", "provincia": "Huanta", "distrito": "", "motivo": "last_mile_progresol", "progresol_servido": "CENTRO CERÁMICO TITO", "progresol_direccion": "Jr. TARAPACÁ N° 591-593 ", "progresol_dist_m": 1674.4, "puntos_criticos_1km": 3, "pc_lng": -74.24772, "pc_lat": -12.92867, "long_km": 4.42999983, "dist_min_m": 612.1, "peligro": "Inundación, flujo de detritos, erosión fluvial", "nivel": " ", "fid": 408}, "geometry": {"type": "LineString", "coordinates": [[-74.235038, -12.912979], [-74.233074, -12.912497], [-74.238329, -12.917151], [-74.239152, -12.915524], [-74.238949, -12.916694], [-74.239628, -12.915834], [-74.239366, -12.916692], [-74.240041, -12.916312], [-74.240471, -12.917575], [-74.24385, -12.915292], [-74.243152, -12.91825], [-74.245093, -12.91806], [-74.244462, -12.918929], [-74.246599, -12.918058], [-74.243872, -12.923965], [-74.244624, -12.923657], [-74.243498, -12.924697]]}}, {"type": "Feature", "properties": {"ruta": "AY-624", "nombre": "Emp. AY-619 - Pampacancha - Pta. Carretera.", "jerarquia": "departamental/vecinal", "departamento": "Ayacucho", "provincia": "Huanta", "distrito": "", "motivo": "last_mile_progresol", "progresol_servido": "CENTRO CERÁMICO TITO", "progresol_direccion": "Jr. TARAPACÁ N° 591-593 ", "progresol_dist_m": 1685.5, "puntos_criticos_1km": 3, "pc_lng": -74.24772, "pc_lat": -12.92867, "long_km": 0.07, "dist_min_m": 636.1, "peligro": "Inundación, flujo de detritos, erosión fluvial", "nivel": " ", "fid": 409}, "geometry": {"type": "LineString", "coordinates": [[-74.242888, -12.924963], [-74.243498, -12.924697]]}}, {"type": "Feature", "properties": {"ruta": "AP-565", "nombre": "Emp. AP-560 (Andahuaylas) - Pta. Carretera.", "jerarquia": "departamental/vecinal", "departamento": "Apurímac", "provincia": "Andahuaylas", "distrito": "", "motivo": "last_mile_progresol", "progresol_servido": "SERCAM", "progresol_direccion": "AV. PERU NRO. 140 (CT COMISARIA C4P GRIS 2DO PISO)", "progresol_dist_m": 568.4, "puntos_criticos_1km": 3, "pc_lng": -73.39433, "pc_lat": -13.65988, "long_km": 5.691999910000001, "dist_min_m": 549.6, "peligro": "Inundación, Erosión Fluvial", "nivel": "Alto", "fid": 410}, "geometry": {"type": "LineString", "coordinates": [[-73.390373, -13.656772], [-73.390189, -13.654609], [-73.390898, -13.654676], [-73.390856, -13.653845], [-73.393738, -13.654093], [-73.394351, -13.653485], [-73.394082, -13.652385], [-73.391559, -13.65086], [-73.394551, -13.650803], [-73.395603, -13.649222], [-73.392333, -13.648166], [-73.394026, -13.647169], [-73.395199, -13.644661], [-73.395847, -13.644887], [-73.395596, -13.644009], [-73.39389, -13.64366], [-73.392149, -13.644824], [-73.391758, -13.643949], [-73.393573, -13.642622], [-73.39552, -13.642329], [-73.392474, -13.642018], [-73.391603, -13.640685], [-73.394299, -13.64063], [-73.395504, -13.639728], [-73.393134, -13.639454], [-73.391657, -13.637197]]}}, {"type": "Feature", "properties": {"ruta": "AP-566", "nombre": "Emp. AP-565 (Dv. Andahuaylas) - Pta.  Carretera.", "jerarquia": "departamental/vecinal", "departamento": "Apurímac", "provincia": "Andahuaylas", "distrito": "", "motivo": "last_mile_progresol", "progresol_servido": "DISTRIBUIDORA CHUMBAO", "progresol_direccion": "AV. CONFRATERNIDAD NRO. 1060 (FT A CASA LINDA)", "progresol_dist_m": 858.4, "puntos_criticos_1km": 3, "pc_lng": -73.39918, "pc_lat": -13.65728, "long_km": 5.03999996, "dist_min_m": 541.4, "peligro": "Inundación", "nivel": "", "fid": 411}, "geometry": {"type": "LineString", "coordinates": [[-73.39433, -13.653519], [-73.395959, -13.653548], [-73.396375, -13.651703], [-73.39687, -13.652489], [-73.398562, -13.651953], [-73.401523, -13.649172], [-73.403223, -13.649137], [-73.401982, -13.648077], [-73.403137, -13.647174], [-73.402195, -13.646701], [-73.403658, -13.645109], [-73.404774, -13.645152], [-73.404097, -13.644532], [-73.403173, -13.643892], [-73.400445, -13.645803], [-73.398888, -13.645691], [-73.401427, -13.643672], [-73.402616, -13.640683], [-73.403717, -13.641852], [-73.405382, -13.639443], [-73.403542, -13.637867], [-73.404039, -13.636313]]}}, {"type": "Feature", "properties": {"ruta": "AN-734", "nombre": "Emp. AN-110 (Machcas) - Sala.", "jerarquia": "departamental/vecinal", "departamento": "Áncash", "provincia": "Huari", "distrito": "", "motivo": "last_mile_progresol", "progresol_servido": "MULTISERVICIO CUEVA", "progresol_direccion": "JR. SAN MARTIN S/N ", "progresol_dist_m": 2741.9, "puntos_criticos_1km": 3, "pc_lng": -77.17355, "pc_lat": -9.56414, "long_km": 2.54999995, "dist_min_m": 200.6, "peligro": "Inundación, Erosión fluvial", "nivel": "Alto", "fid": 412}, "geometry": {"type": "LineString", "coordinates": [[-77.175329, -9.563695], [-77.175987, -9.562597], [-77.17566, -9.559851], [-77.174228, -9.555314], [-77.17593, -9.550811], [-77.175664, -9.547577], [-77.177567, -9.5462], [-77.176857, -9.54436]]}}, {"type": "Feature", "properties": {"ruta": "AN-792", "nombre": "Emp. AN-107 (Carhuaz) -  Obraje - Coyrocshu - Dv. Hualcan - Pariacaca.", "jerarquia": "departamental/vecinal", "departamento": "Áncash", "provincia": "Carhuaz", "distrito": "", "motivo": "last_mile_progresol", "progresol_servido": "FERRETRIA MIKY", "progresol_direccion": "AV. PROGRESO NRO. S.N ", "progresol_dist_m": 1943.8, "puntos_criticos_1km": 3, "pc_lng": -77.63086, "pc_lat": -9.27704, "long_km": 4.38000011, "dist_min_m": 116.2, "peligro": "Inundación, erosión", "nivel": "", "fid": 413}, "geometry": {"type": "LineString", "coordinates": [[-77.630179, -9.281392], [-77.629512, -9.280888], [-77.626892, -9.282246], [-77.630072, -9.277751], [-77.626524, -9.276451], [-77.620054, -9.271127], [-77.619228, -9.266227], [-77.6187, -9.267103], [-77.61571, -9.260707], [-77.61437, -9.259861]]}}, {"type": "Feature", "properties": {"ruta": "AN-792", "nombre": "Emp. AN-107 (Carhuaz) -  Obraje - Coyrocshu - Dv. Hualcan - Pariacaca.", "jerarquia": "departamental/vecinal", "departamento": "Áncash", "provincia": "Carhuaz", "distrito": "", "motivo": "last_mile_progresol", "progresol_servido": "FERRETRIA MIKY", "progresol_direccion": "AV. PROGRESO NRO. S.N ", "progresol_dist_m": 303.2, "puntos_criticos_1km": 3, "pc_lng": -77.65188, "pc_lat": -9.2818, "long_km": 0.41999999, "dist_min_m": 778.7, "peligro": "Inundación", "nivel": " ", "fid": 414}, "geometry": {"type": "LineString", "coordinates": [[-77.645065, -9.279847], [-77.642083, -9.282118]]}}, {"type": "Feature", "properties": {"ruta": "AN-792", "nombre": "Emp. AN-107 (Carhuaz) -  Obraje - Coyrocshu - Dv. Hualcan - Pariacaca.", "jerarquia": "departamental/vecinal", "departamento": "Áncash", "provincia": "Carhuaz", "distrito": "", "motivo": "last_mile_progresol", "progresol_servido": "FERRETRIA MIKY", "progresol_direccion": "AV. PROGRESO NRO. S.N ", "progresol_dist_m": 1109.4, "puntos_criticos_1km": 3, "pc_lng": -77.63315, "pc_lat": -9.28085, "long_km": 1.0499999500000001, "dist_min_m": 6.1, "peligro": "Inundación", "nivel": " ", "fid": 415}, "geometry": {"type": "LineString", "coordinates": [[-77.637989, -9.282197], [-77.634394, -9.281772], [-77.633031, -9.280796], [-77.631178, -9.282418], [-77.630179, -9.281392]]}}, {"type": "Feature", "properties": {"ruta": "AN-1077", "nombre": "Emp. PE-14 - Pariacoto Viejo - Chauca - Cochabamba - Miramar - Tambra - (Prov. De Yungay) - Maya - Emp. PE-3N - (Prov. Carhuaz).", "jerarquia": "departamental/vecinal", "departamento": "Áncash", "provincia": "Huaraz", "distrito": "", "motivo": "last_mile_progresol", "progresol_servido": "FERRETRIA MIKY", "progresol_direccion": "AV. PROGRESO NRO. S.N ", "progresol_dist_m": 1335.0, "puntos_criticos_1km": 3, "pc_lng": -77.66269, "pc_lat": -9.27182, "long_km": 1.9700000300000002, "dist_min_m": 352.2, "peligro": "Inundación", "nivel": " ", "fid": 416}, "geometry": {"type": "LineString", "coordinates": [[-77.659454, -9.27637], [-77.661256, -9.27599], [-77.662122, -9.274938], [-77.663904, -9.277406], [-77.667101, -9.278798], [-77.674568, -9.278176]]}}, {"type": "Feature", "properties": {"ruta": "AN-894", "nombre": "Emp. PE-3N (Choquechaca) - Huata - Pamparomas - Emp. AN-104", "jerarquia": "departamental/vecinal", "departamento": "Áncash", "provincia": "Huaylas", "distrito": "", "motivo": "last_mile_progresol", "progresol_servido": "DISMAD CARAZ E.I.R.L", "progresol_direccion": "BARRIO YURACOTO S/ N ", "progresol_dist_m": 2782.8, "puntos_criticos_1km": 3, "pc_lng": -77.82175, "pc_lat": -8.99046, "long_km": 3.04999995, "dist_min_m": 655.5, "peligro": "Inundación", "nivel": " ", "fid": 417}, "geometry": {"type": "LineString", "coordinates": [[-77.835823, -9.007378], [-77.836198, -9.003831], [-77.835456, -9.003609], [-77.835945, -9.003206], [-77.835021, -8.999331], [-77.833092, -8.997433], [-77.832735, -8.995834], [-77.831331, -8.997689], [-77.829545, -8.996511], [-77.829298, -8.992111], [-77.827603, -8.989306]]}}, {"type": "Feature", "properties": {"ruta": "AN-1124", "nombre": "Emp. AN-1123 (Picup) -  Emp. PE-14.", "jerarquia": "departamental/vecinal", "departamento": "Áncash", "provincia": "Huaraz", "distrito": "", "motivo": "last_mile_progresol", "progresol_servido": "EMPRESA DE SERVICIOS BARRETO", "progresol_direccion": "AV. CENTENARIO N° 1298 ", "progresol_dist_m": 421.1, "puntos_criticos_1km": 3, "pc_lng": -77.5361, "pc_lat": -9.5052, "long_km": 0.74000001, "dist_min_m": 388.6, "peligro": "Erosión fluvial", "nivel": "Alto", "fid": 418}, "geometry": {"type": "LineString", "coordinates": [[-77.536115, -9.51148], [-77.536503, -9.509145], [-77.539092, -9.507656]]}}, {"type": "Feature", "properties": {"ruta": "AN-1124", "nombre": "Emp. AN-1123 (Picup) -  Emp. PE-14.", "jerarquia": "departamental/vecinal", "departamento": "Áncash", "provincia": "Huaraz", "distrito": "", "motivo": "last_mile_progresol", "progresol_servido": "EMPRESA DE SERVICIOS BARRETO", "progresol_direccion": "AV. CENTENARIO N° 1298 ", "progresol_dist_m": 424.1, "puntos_criticos_1km": 3, "pc_lng": -77.53609, "pc_lat": -9.52469, "long_km": 1.16999996, "dist_min_m": 477.9, "peligro": "Inundación, Erosión fluvial", "nivel": "Alto", "fid": 419}, "geometry": {"type": "LineString", "coordinates": [[-77.538247, -9.520952], [-77.53728, -9.519039], [-77.537327, -9.515074], [-77.535914, -9.512606], [-77.536115, -9.51148]]}}, {"type": "Feature", "properties": {"ruta": "AN-1183", "nombre": "Emp. AN-1182 (Huaraz Soledad) -  Mirador Rataquehua - Mulluhuanca.", "jerarquia": "departamental/vecinal", "departamento": "Áncash", "provincia": "Huaraz", "distrito": "", "motivo": "last_mile_progresol", "progresol_servido": "EL GRAN MAESTRO", "progresol_direccion": "AV.CONFRETERNIDAD INTERNACIONAL EST ", "progresol_dist_m": 72.9, "puntos_criticos_1km": 3, "pc_lng": -77.51856, "pc_lat": -9.54326, "long_km": 5.150000100000001, "dist_min_m": 237.0, "peligro": "Inundación", "nivel": " ", "fid": 420}, "geometry": {"type": "LineString", "coordinates": [[-77.521677, -9.531812], [-77.521306, -9.539523], [-77.519476, -9.5395], [-77.517956, -9.541147], [-77.516584, -9.535424], [-77.514648, -9.534346], [-77.516045, -9.535496], [-77.516405, -9.538894], [-77.514918, -9.535938], [-77.515691, -9.537555], [-77.514018, -9.537754], [-77.514345, -9.539572], [-77.513222, -9.538741], [-77.51364, -9.539448], [-77.511364, -9.539371], [-77.512121, -9.540027], [-77.51099, -9.539921], [-77.511459, -9.54082], [-77.510046, -9.540776]]}}, {"type": "Feature", "properties": {"ruta": "JU-838", "nombre": "Emp. PE-3S (Mito) - Emp. JU-1094.", "jerarquia": "departamental/vecinal", "departamento": "Junín", "provincia": "Concepción", "distrito": "", "motivo": "last_mile_progresol", "progresol_servido": "FERRETERIA CADEMA", "progresol_direccion": "CARRETERA CENTRAL 1696 ", "progresol_dist_m": 1410.5, "puntos_criticos_1km": 3, "pc_lng": -75.32697, "pc_lat": -11.93069, "long_km": 0.9700000300000001, "dist_min_m": 263.0, "peligro": "Inundación", "nivel": "", "fid": 421}, "geometry": {"type": "LineString", "coordinates": [[-75.336644, -11.935018], [-75.329307, -11.930087]]}}, {"type": "Feature", "properties": {"ruta": "AY-776", "nombre": "Emp. PE-3S - Cementerio Jesús Nazareno - Pta. Carretera.", "jerarquia": "departamental/vecinal", "departamento": "Ayacucho", "provincia": "Huamanga", "distrito": "", "motivo": "last_mile_progresol", "progresol_servido": "FERRETERIA KARINA", "progresol_direccion": "TOTORA - CARRETERA HUANTA (REFERENCIA: AL COSTADO DE LA TERMINAL", "progresol_dist_m": 774.7, "puntos_criticos_1km": 3, "pc_lng": -74.21328, "pc_lat": -13.13516, "long_km": 1.19000006, "dist_min_m": 374.6, "peligro": "Inundación", "nivel": "Medio", "fid": 422}, "geometry": {"type": "LineString", "coordinates": [[-74.210229, -13.133512], [-74.21151, -13.131848], [-74.211769, -13.128222], [-74.210906, -13.127344], [-74.208359, -13.127788], [-74.208287, -13.127173]]}}, {"type": "Feature", "properties": {"ruta": "AY-836", "nombre": "Emp. PE-3S - Pte. Huarpapicchu - Campanayocc - Tambopuquio - Emp. AY-841.", "jerarquia": "departamental/vecinal", "departamento": "Ayacucho", "provincia": "Huamanga", "distrito": "", "motivo": "last_mile_progresol", "progresol_servido": "WIÑAY PEREZ", "progresol_direccion": "AV. LA PAZ MZ. D LT. 4 ", "progresol_dist_m": 567.4, "puntos_criticos_1km": 3, "pc_lng": -74.2147, "pc_lat": -13.19134, "long_km": 1.05999994, "dist_min_m": 37.4, "peligro": "Inundación, erosión fluvial", "nivel": "Alto", "fid": 423}, "geometry": {"type": "LineString", "coordinates": [[-74.21423, -13.190901], [-74.211795, -13.191301], [-74.211449, -13.189944], [-74.208265, -13.186737]]}}, {"type": "Feature", "properties": {"ruta": "AY-777", "nombre": "Emp. PE-3S - Huichccana - Emp. AY-779.", "jerarquia": "departamental/vecinal", "departamento": "Ayacucho", "provincia": "Huamanga", "distrito": "", "motivo": "last_mile_progresol", "progresol_servido": "FERRETERIA KARINA", "progresol_direccion": "TOTORA - CARRETERA HUANTA (REFERENCIA: AL COSTADO DE LA TERMINAL", "progresol_dist_m": 364.7, "puntos_criticos_1km": 3, "pc_lng": -74.21328, "pc_lat": -13.13516, "long_km": 0.09000000000000001, "dist_min_m": 286.5, "peligro": "Inundación", "nivel": "Medio", "fid": 424}, "geometry": {"type": "LineString", "coordinates": [[-74.210593, -13.137094], [-74.211437, -13.137011]]}}, {"type": "Feature", "properties": {"ruta": "AY-777", "nombre": "Emp. PE-3S - Huichccana - Emp. AY-779.", "jerarquia": "departamental/vecinal", "departamento": "Ayacucho", "provincia": "Huamanga", "distrito": "", "motivo": "last_mile_progresol", "progresol_servido": "FERRETERIA KARINA", "progresol_direccion": "TOTORA - CARRETERA HUANTA (REFERENCIA: AL COSTADO DE LA TERMINAL", "progresol_dist_m": 350.1, "puntos_criticos_1km": 3, "pc_lng": -74.21328, "pc_lat": -13.13516, "long_km": 0.38999999, "dist_min_m": 18.4, "peligro": "Inundación", "nivel": "Medio", "fid": 425}, "geometry": {"type": "LineString", "coordinates": [[-74.211437, -13.137011], [-74.213048, -13.135669], [-74.213091, -13.134388]]}}, {"type": "Feature", "properties": {"ruta": "AY-776", "nombre": "Emp. PE-3S - Cementerio Jesús Nazareno - Pta. Carretera.", "jerarquia": "departamental/vecinal", "departamento": "Ayacucho", "provincia": "Huamanga", "distrito": "", "motivo": "last_mile_progresol", "progresol_servido": "FERRETERIA KARINA", "progresol_direccion": "TOTORA - CARRETERA HUANTA (REFERENCIA: AL COSTADO DE LA TERMINAL", "progresol_dist_m": 710.4, "puntos_criticos_1km": 3, "pc_lng": -74.21328, "pc_lat": -13.13516, "long_km": 0.6600000300000001, "dist_min_m": 378.0, "peligro": "Inundación", "nivel": "Medio", "fid": 426}, "geometry": {"type": "LineString", "coordinates": [[-74.210229, -13.133512], [-74.210051, -13.132205], [-74.208008, -13.133523], [-74.208538, -13.13513]]}}, {"type": "Feature", "properties": {"ruta": "AY-776", "nombre": "Emp. PE-3S - Cementerio Jesús Nazareno - Pta. Carretera.", "jerarquia": "departamental/vecinal", "departamento": "Ayacucho", "provincia": "Huamanga", "distrito": "", "motivo": "last_mile_progresol", "progresol_servido": "FERRETERIA KARINA", "progresol_direccion": "TOTORA - CARRETERA HUANTA (REFERENCIA: AL COSTADO DE LA TERMINAL", "progresol_dist_m": 511.1, "puntos_criticos_1km": 3, "pc_lng": -74.21328, "pc_lat": -13.13516, "long_km": 0.46000001, "dist_min_m": 446.7, "peligro": "Inundación", "nivel": "Medio", "fid": 427}, "geometry": {"type": "LineString", "coordinates": [[-74.208538, -13.13513], [-74.209198, -13.136157], [-74.208586, -13.136386], [-74.209476, -13.136717]]}}, {"type": "Feature", "properties": {"ruta": "AY-661", "nombre": "Emp. PE-3S - Ishpico - Pta. Carretera.", "jerarquia": "departamental/vecinal", "departamento": "Ayacucho", "provincia": "Huanta", "distrito": "", "motivo": "last_mile_progresol", "progresol_servido": "MULTINEGOCIOS TITO", "progresol_direccion": "JR. GERVACIO SANTILLANA N° 926 ", "progresol_dist_m": 423.4, "puntos_criticos_1km": 3, "pc_lng": -74.26371, "pc_lat": -12.93359, "long_km": 0.62, "dist_min_m": 166.8, "peligro": "Inundación", "nivel": "Alto", "fid": 428}, "geometry": {"type": "LineString", "coordinates": [[-74.258348, -12.935452], [-74.261442, -12.934287], [-74.263553, -12.935101]]}}, {"type": "Feature", "properties": {"ruta": "AY-662", "nombre": "Emp. PE-3S - Quinrapa - Pta. Carretera.", "jerarquia": "departamental/vecinal", "departamento": "Ayacucho", "provincia": "Huanta", "distrito": "", "motivo": "last_mile_progresol", "progresol_servido": "MULTINEGOCIOS TITO", "progresol_direccion": "JR. GERVACIO SANTILLANA N° 926 ", "progresol_dist_m": 492.5, "puntos_criticos_1km": 3, "pc_lng": -74.26371, "pc_lat": -12.93359, "long_km": 0.6900000000000001, "dist_min_m": 782.5, "peligro": "Inundación", "nivel": "Alto", "fid": 429}, "geometry": {"type": "LineString", "coordinates": [[-74.264877, -12.941069], [-74.258724, -12.940347]]}}, {"type": "Feature", "properties": {"ruta": "AY-622", "nombre": "Emp. AY-617 - Cedro Pata - Pta. Carretera.", "jerarquia": "departamental/vecinal", "departamento": "Ayacucho", "provincia": "Huanta", "distrito": "", "motivo": "last_mile_progresol", "progresol_servido": "MULTINEGOCIOS TITO", "progresol_direccion": "JR. GERVACIO SANTILLANA N° 926 ", "progresol_dist_m": 853.7, "puntos_criticos_1km": 3, "pc_lng": -74.25124, "pc_lat": -12.93106, "long_km": 0.37, "dist_min_m": 189.1, "peligro": "Inundación, flujo de detritos, erosión fluvial", "nivel": " ", "fid": 430}, "geometry": {"type": "LineString", "coordinates": [[-74.253621, -12.930091], [-74.250544, -12.928789]]}}, {"type": "Feature", "properties": {"ruta": "AY-617", "nombre": "Emp. AY-100 - Pichiurara - Chancaray - Emp. AY-619.", "jerarquia": "departamental/vecinal", "departamento": "Ayacucho", "provincia": "Huanta", "distrito": "", "motivo": "last_mile_progresol", "progresol_servido": "MULTINEGOCIOS TITO", "progresol_direccion": "JR. GERVACIO SANTILLANA N° 926 ", "progresol_dist_m": 2244.7, "puntos_criticos_1km": 3, "pc_lng": -74.26292, "pc_lat": -12.91276, "long_km": 1.16999996, "dist_min_m": 30.0, "peligro": "Inundación, flujo de detritos, erosión fluvial", "nivel": " ", "fid": 431}, "geometry": {"type": "LineString", "coordinates": [[-74.259922, -12.917983], [-74.262857, -12.913121], [-74.265234, -12.911879], [-74.266262, -12.90996]]}}, {"type": "Feature", "properties": {"ruta": "AY-617", "nombre": "Emp. AY-100 - Pichiurara - Chancaray - Emp. AY-619.", "jerarquia": "departamental/vecinal", "departamento": "Ayacucho", "provincia": "Huanta", "distrito": "", "motivo": "last_mile_progresol", "progresol_servido": "MULTINEGOCIOS TITO", "progresol_direccion": "JR. GERVACIO SANTILLANA N° 926 ", "progresol_dist_m": 1389.3, "puntos_criticos_1km": 3, "pc_lng": -74.25124, "pc_lat": -12.93106, "long_km": 0.08, "dist_min_m": 694.0, "peligro": "Inundación, flujo de detritos, erosión fluvial", "nivel": " ", "fid": 432}, "geometry": {"type": "LineString", "coordinates": [[-74.25352, -12.92523], [-74.25394, -12.924595]]}}, {"type": "Feature", "properties": {"ruta": "AY-617", "nombre": "Emp. AY-100 - Pichiurara - Chancaray - Emp. AY-619.", "jerarquia": "departamental/vecinal", "departamento": "Ayacucho", "provincia": "Huanta", "distrito": "", "motivo": "last_mile_progresol", "progresol_servido": "MULTINEGOCIOS TITO", "progresol_direccion": "JR. GERVACIO SANTILLANA N° 926 ", "progresol_dist_m": 1248.3, "puntos_criticos_1km": 3, "pc_lng": -74.25124, "pc_lat": -12.93106, "long_km": 0.16, "dist_min_m": 539.7, "peligro": "Inundación, flujo de detritos, erosión fluvial", "nivel": " ", "fid": 433}, "geometry": {"type": "LineString", "coordinates": [[-74.253127, -12.926571], [-74.25352, -12.92523]]}}, {"type": "Feature", "properties": {"ruta": "AY-617", "nombre": "Emp. AY-100 - Pichiurara - Chancaray - Emp. AY-619.", "jerarquia": "departamental/vecinal", "departamento": "Ayacucho", "provincia": "Huanta", "distrito": "", "motivo": "last_mile_progresol", "progresol_servido": "MULTINEGOCIOS TITO", "progresol_direccion": "JR. GERVACIO SANTILLANA N° 926 ", "progresol_dist_m": 947.3, "puntos_criticos_1km": 3, "pc_lng": -74.25124, "pc_lat": -12.93106, "long_km": 0.31, "dist_min_m": 348.2, "peligro": "Inundación, flujo de detritos, erosión fluvial", "nivel": " ", "fid": 434}, "geometry": {"type": "LineString", "coordinates": [[-74.253824, -12.929202], [-74.253127, -12.926571]]}}, {"type": "Feature", "properties": {"ruta": "AY-617", "nombre": "Emp. AY-100 - Pichiurara - Chancaray - Emp. AY-619.", "jerarquia": "departamental/vecinal", "departamento": "Ayacucho", "provincia": "Huanta", "distrito": "", "motivo": "last_mile_progresol", "progresol_servido": "MULTINEGOCIOS TITO", "progresol_direccion": "JR. GERVACIO SANTILLANA N° 926 ", "progresol_dist_m": 853.7, "puntos_criticos_1km": 3, "pc_lng": -74.25124, "pc_lat": -12.93106, "long_km": 0.1, "dist_min_m": 279.8, "peligro": "Inundación, flujo de detritos, erosión fluvial", "nivel": " ", "fid": 435}, "geometry": {"type": "LineString", "coordinates": [[-74.253621, -12.930091], [-74.253824, -12.929202]]}}, {"type": "Feature", "properties": {"ruta": "AY-621", "nombre": "Emp. AY-617 - Pta. Carretera.", "jerarquia": "departamental/vecinal", "departamento": "Ayacucho", "provincia": "Huanta", "distrito": "", "motivo": "last_mile_progresol", "progresol_servido": "MULTINEGOCIOS TITO", "progresol_direccion": "JR. GERVACIO SANTILLANA N° 926 ", "progresol_dist_m": 1389.3, "puntos_criticos_1km": 3, "pc_lng": -74.25124, "pc_lat": -12.93106, "long_km": 0.5500000100000001, "dist_min_m": 694.0, "peligro": "Inundación, flujo de detritos, erosión fluvial", "nivel": " ", "fid": 436}, "geometry": {"type": "LineString", "coordinates": [[-74.252884, -12.920741], [-74.252264, -12.922104], [-74.25352, -12.92523]]}}, {"type": "Feature", "properties": {"ruta": "AY-620", "nombre": "Emp. AY-617 - Seccllas - Pta. Carretera.", "jerarquia": "departamental/vecinal", "departamento": "Ayacucho", "provincia": "Huanta", "distrito": "", "motivo": "last_mile_progresol", "progresol_servido": "MULTINEGOCIOS TITO", "progresol_direccion": "JR. GERVACIO SANTILLANA N° 926 ", "progresol_dist_m": 1454.7, "puntos_criticos_1km": 3, "pc_lng": -74.25124, "pc_lat": -12.93106, "long_km": 0.40000001, "dist_min_m": 776.6, "peligro": "Inundación, flujo de detritos, erosión fluvial", "nivel": " ", "fid": 437}, "geometry": {"type": "LineString", "coordinates": [[-74.253941, -12.924594], [-74.25474, -12.921228]]}}, {"type": "Feature", "properties": {"ruta": "AY-622", "nombre": "Emp. AY-617 - Cedro Pata - Pta. Carretera.", "jerarquia": "departamental/vecinal", "departamento": "Ayacucho", "provincia": "Huanta", "distrito": "", "motivo": "last_mile_progresol", "progresol_servido": "CENTRO CERÁMICO TITO", "progresol_direccion": "Jr. TARAPACÁ N° 591-593 ", "progresol_dist_m": 1014.9, "puntos_criticos_1km": 3, "pc_lng": -74.25124, "pc_lat": -12.93106, "long_km": 0.1, "dist_min_m": 263.8, "peligro": "Inundación, flujo de detritos, erosión fluvial", "nivel": " ", "fid": 438}, "geometry": {"type": "LineString", "coordinates": [[-74.250544, -12.928789], [-74.251122, -12.928059]]}}, {"type": "Feature", "properties": {"ruta": "AY-622", "nombre": "Emp. AY-617 - Cedro Pata - Pta. Carretera.", "jerarquia": "departamental/vecinal", "departamento": "Ayacucho", "provincia": "Huanta", "distrito": "", "motivo": "last_mile_progresol", "progresol_servido": "CENTRO CERÁMICO TITO", "progresol_direccion": "Jr. TARAPACÁ N° 591-593 ", "progresol_dist_m": 1094.0, "puntos_criticos_1km": 3, "pc_lng": -74.24772, "pc_lat": -12.92867, "long_km": 0.23999999, "dist_min_m": 324.5, "peligro": "Inundación, flujo de detritos, erosión fluvial", "nivel": " ", "fid": 439}, "geometry": {"type": "LineString", "coordinates": [[-74.251122, -12.928059], [-74.249903, -12.926559]]}}, {"type": "Feature", "properties": {"ruta": "AY-665", "nombre": "Emp. AY-662 - San Luis - Pampa Chacra - Emp. AY-668.", "jerarquia": "departamental/vecinal", "departamento": "Ayacucho", "provincia": "Huanta", "distrito": "", "motivo": "last_mile_progresol", "progresol_servido": "MULTINEGOCIOS TITO", "progresol_direccion": "JR. GERVACIO SANTILLANA N° 926 ", "progresol_dist_m": 492.5, "puntos_criticos_1km": 3, "pc_lng": -74.25855, "pc_lat": -12.93234, "long_km": 1.00999999, "dist_min_m": 890.5, "peligro": "Inundación", "nivel": "Alto", "fid": 440}, "geometry": {"type": "LineString", "coordinates": [[-74.258724, -12.940347], [-74.260544, -12.941242], [-74.262158, -12.944612], [-74.26256, -12.946224], [-74.261674, -12.947316]]}}, {"type": "Feature", "properties": {"ruta": "AY-668", "nombre": "Emp. AY-667 (Maynay) - Chacco - Emp. AY-667.", "jerarquia": "departamental/vecinal", "departamento": "Ayacucho", "provincia": "Huanta", "distrito": "", "motivo": "last_mile_progresol", "progresol_servido": "DISTRIBUIDORA SANTA ROSA", "progresol_direccion": "JR. MAXIMO VELANDO NRO. 260 ", "progresol_dist_m": 1729.4, "puntos_criticos_1km": 3, "pc_lng": -74.26824, "pc_lat": -12.97421, "long_km": 2.7699999799999997, "dist_min_m": 451.6, "peligro": "Inundación, flujo de detritos, erosión fluvial", "nivel": " ", "fid": 441}, "geometry": {"type": "LineString", "coordinates": [[-74.26936, -12.970293], [-74.263816, -12.967752], [-74.264008, -12.965944], [-74.260639, -12.963343], [-74.259364, -12.96346], [-74.259282, -12.961317], [-74.258019, -12.959116], [-74.253065, -12.955455]]}}, {"type": "Feature", "properties": {"ruta": "AY-669", "nombre": "Emp. PE-3S - Espiritu Santo - Emp. AY-667.", "jerarquia": "departamental/vecinal", "departamento": "Ayacucho", "provincia": "Huanta", "distrito": "", "motivo": "last_mile_progresol", "progresol_servido": "FERRETERÍA QUINTERO", "progresol_direccion": "JR. CORDOVA NRO. 120 ", "progresol_dist_m": 1195.4, "puntos_criticos_1km": 3, "pc_lng": -74.23932, "pc_lat": -12.94858, "long_km": 1.30999994, "dist_min_m": 99.2, "peligro": "", "nivel": "", "fid": 442}, "geometry": {"type": "LineString", "coordinates": [[-74.235436, -12.958674], [-74.237885, -12.951188], [-74.24074, -12.948526]]}}, {"type": "Feature", "properties": {"ruta": "AN-791", "nombre": "Emp. AN-792 - Dv. Pullicha - Emp. AN-787 (Obraje).", "jerarquia": "departamental/vecinal", "departamento": "Áncash", "provincia": "Carhuaz", "distrito": "", "motivo": "last_mile_progresol", "progresol_servido": "FERRETRIA MIKY", "progresol_direccion": "AV. PROGRESO NRO. S.N ", "progresol_dist_m": 1943.8, "puntos_criticos_1km": 3, "pc_lng": -77.63315, "pc_lat": -9.28085, "long_km": 0.13, "dist_min_m": 332.0, "peligro": "Inundación", "nivel": " ", "fid": 443}, "geometry": {"type": "LineString", "coordinates": [[-77.630179, -9.281392], [-77.629365, -9.282227]]}}, {"type": "Feature", "properties": {"ruta": "AN-802", "nombre": "Emp. PE-3N - Pta. Carretera.", "jerarquia": "departamental/vecinal", "departamento": "Áncash", "provincia": "Carhuaz", "distrito": "", "motivo": "last_mile_progresol", "progresol_servido": "FERRETRIA MIKY", "progresol_direccion": "AV. PROGRESO NRO. S.N ", "progresol_dist_m": 1039.3, "puntos_criticos_1km": 3, "pc_lng": -77.65205, "pc_lat": -9.27449, "long_km": 0.74000001, "dist_min_m": 282.8, "peligro": "Inundación", "nivel": " ", "fid": 444}, "geometry": {"type": "LineString", "coordinates": [[-77.653268, -9.27225], [-77.658505, -9.268438]]}}, {"type": "Feature", "properties": {"ruta": "AN-802", "nombre": "Emp. PE-3N - Pta. Carretera.", "jerarquia": "departamental/vecinal", "departamento": "Áncash", "provincia": "Carhuaz", "distrito": "", "motivo": "last_mile_progresol", "progresol_servido": "FERRETRIA MIKY", "progresol_direccion": "AV. PROGRESO NRO. S.N ", "progresol_dist_m": 1731.3, "puntos_criticos_1km": 3, "pc_lng": -77.66269, "pc_lat": -9.27182, "long_km": 1.07000005, "dist_min_m": 572.3, "peligro": "Inundación", "nivel": " ", "fid": 445}, "geometry": {"type": "LineString", "coordinates": [[-77.658505, -9.268438], [-77.661736, -9.266035], [-77.666942, -9.264787]]}}, {"type": "Feature", "properties": {"ruta": "AN-791", "nombre": "Emp. AN-792 - Dv. Pullicha - Emp. AN-787 (Obraje).", "jerarquia": "departamental/vecinal", "departamento": "Áncash", "provincia": "Carhuaz", "distrito": "", "motivo": "last_mile_progresol", "progresol_servido": "FERRETRIA MIKY", "progresol_direccion": "AV. PROGRESO NRO. S.N ", "progresol_dist_m": 2042.5, "puntos_criticos_1km": 3, "pc_lng": -77.63067, "pc_lat": -9.28933, "long_km": 1.4500000499999999, "dist_min_m": 309.2, "peligro": "Inundación", "nivel": " ", "fid": 446}, "geometry": {"type": "LineString", "coordinates": [[-77.629365, -9.282227], [-77.6278, -9.284371], [-77.626842, -9.284188], [-77.626587, -9.285138], [-77.625313, -9.285431], [-77.628293, -9.29125]]}}, {"type": "Feature", "properties": {"ruta": "AN-795", "nombre": "Emp. AN-107 (Carhuaz) - Arhueypampa - Mulana - Emp. AN-107.", "jerarquia": "departamental/vecinal", "departamento": "Áncash", "provincia": "Carhuaz", "distrito": "", "motivo": "last_mile_progresol", "progresol_servido": "FERRETRIA MIKY", "progresol_direccion": "AV. PROGRESO NRO. S.N ", "progresol_dist_m": 472.7, "puntos_criticos_1km": 3, "pc_lng": -77.65205, "pc_lat": -9.27449, "long_km": 2.80999994, "dist_min_m": 305.8, "peligro": "Inundación", "nivel": " ", "fid": 447}, "geometry": {"type": "LineString", "coordinates": [[-77.637884, -9.269945], [-77.637131, -9.270577], [-77.638068, -9.271687], [-77.641957, -9.272935], [-77.643178, -9.272598], [-77.640681, -9.273517], [-77.641826, -9.273853], [-77.640584, -9.274217], [-77.644244, -9.277201], [-77.648866, -9.274341], [-77.649202, -9.27482]]}}, {"type": "Feature", "properties": {"ruta": "AN-728", "nombre": "Emp. AN-110 - Trancas - Millhuish - Lucma - Emp. AN-110 (Chavin de Huantar)", "jerarquia": "departamental/vecinal", "departamento": "Áncash", "provincia": "Huari", "distrito": "", "motivo": "last_mile_progresol", "progresol_servido": "MULTISERVICIO CUEVA", "progresol_direccion": "JR. SAN MARTIN S/N ", "progresol_dist_m": 401.4, "puntos_criticos_1km": 3, "pc_lng": -77.17206, "pc_lat": -9.55873, "long_km": 4.26000023, "dist_min_m": 351.9, "peligro": "Inundación, Erosión fluvial", "nivel": "Alto", "fid": 448}, "geometry": {"type": "LineString", "coordinates": [[-77.174462, -9.584841], [-77.173666, -9.574244], [-77.172976, -9.573254], [-77.173891, -9.569506], [-77.172611, -9.567327], [-77.168768, -9.565941], [-77.170269, -9.564554], [-77.167783, -9.554143], [-77.166743, -9.55245]]}}, {"type": "Feature", "properties": {"ruta": "AN-729", "nombre": "Emp. AN-728 - Quishu.", "jerarquia": "departamental/vecinal", "departamento": "Áncash", "provincia": "Huari", "distrito": "", "motivo": "last_mile_progresol", "progresol_servido": "CORPORACION CAF S.A.C", "progresol_direccion": "AV. FLORIDA NRO. S/N CENT SAN MARCOS", "progresol_dist_m": 1972.9, "puntos_criticos_1km": 3, "pc_lng": -77.163, "pc_lat": -9.53781, "long_km": 1.19000006, "dist_min_m": 327.0, "peligro": "Inundación, Erosión fluvial", "nivel": "Alto", "fid": 449}, "geometry": {"type": "LineString", "coordinates": [[-77.162881, -9.540751], [-77.162035, -9.54091], [-77.162455, -9.543926], [-77.160136, -9.541563], [-77.15901, -9.54195]]}}, {"type": "Feature", "properties": {"ruta": "JU-727", "nombre": "Emp. PE-3S - Emp. JU-725.", "jerarquia": "departamental/vecinal", "departamento": "Junín", "provincia": "Jauja", "distrito": "", "motivo": "last_mile_progresol", "progresol_servido": "DISTRIBUIDORA CARRION", "progresol_direccion": "JR. 28 DE JULIO NRO. 440 ", "progresol_dist_m": 2667.1, "puntos_criticos_1km": 3, "pc_lng": -75.46095, "pc_lat": -11.79589, "long_km": 2.8599999, "dist_min_m": 323.0, "peligro": "Inundación", "nivel": "", "fid": 450}, "geometry": {"type": "LineString", "coordinates": [[-75.459665, -11.793269], [-75.457465, -11.789701], [-75.458097, -11.783107], [-75.470268, -11.77658]]}}, {"type": "Feature", "properties": {"ruta": "AN-1010", "nombre": "Emp.PE-1N - Nueva Zelanda - Cementerio Chino - Pta. Carretera.", "jerarquia": "departamental/vecinal", "departamento": "Áncash", "provincia": "Casma", "distrito": "", "motivo": "last_mile_progresol", "progresol_servido": "CORPORACION CAF S.A.C", "progresol_direccion": "AV. LIBERTAD MZA. B2 LOTE. 17 URB. PV CASMA ZONA ESTE", "progresol_dist_m": 2852.0, "puntos_criticos_1km": 3, "pc_lng": -78.32482, "pc_lat": -9.46724, "long_km": 1.09800005, "dist_min_m": 444.0, "peligro": "Inundación", "nivel": "", "fid": 451}, "geometry": {"type": "LineString", "coordinates": [[-78.321924, -9.464451], [-78.320175, -9.462903], [-78.32074, -9.462114], [-78.319267, -9.460665], [-78.320336, -9.459009], [-78.322568, -9.458163]]}}, {"type": "Feature", "properties": {"ruta": "IC-804", "nombre": "Emp. PE-30 A - Cantalloc - Tierra Blanca - Emp. PE-30 A.", "jerarquia": "departamental/vecinal", "departamento": "Ica", "provincia": "Nasca", "distrito": "", "motivo": "last_mile_progresol", "progresol_servido": "FERRETERIA FERP", "progresol_direccion": "CALLE LIMA NRO. 316 (FTE A TELEFONICA)", "progresol_dist_m": 2757.0, "puntos_criticos_1km": 3, "pc_lng": -74.91546, "pc_lat": -14.82355, "long_km": 0.31, "dist_min_m": 558.8, "peligro": "Inundación", "nivel": " ", "fid": 452}, "geometry": {"type": "LineString", "coordinates": [[-74.913276, -14.83097], [-74.914292, -14.828449]]}}, {"type": "Feature", "properties": {"ruta": "IC-804", "nombre": "Emp. PE-30 A - Cantalloc - Tierra Blanca - Emp. PE-30 A.", "jerarquia": "departamental/vecinal", "departamento": "Ica", "provincia": "Nasca", "distrito": "", "motivo": "last_mile_progresol", "progresol_servido": "FERRETERIA FERP", "progresol_direccion": "CALLE LIMA NRO. 316 (FTE A TELEFONICA)", "progresol_dist_m": 2727.2, "puntos_criticos_1km": 3, "pc_lng": -74.91546, "pc_lat": -14.82355, "long_km": 0.12000000000000001, "dist_min_m": 438.8, "peligro": "Inundación", "nivel": " ", "fid": 453}, "geometry": {"type": "LineString", "coordinates": [[-74.914292, -14.828449], [-74.914611, -14.827412]]}}, {"type": "Feature", "properties": {"ruta": "IC-804", "nombre": "Emp. PE-30 A - Cantalloc - Tierra Blanca - Emp. PE-30 A.", "jerarquia": "departamental/vecinal", "departamento": "Ica", "provincia": "Nasca", "distrito": "", "motivo": "last_mile_progresol", "progresol_servido": "FERRETERIA FERP", "progresol_direccion": "CALLE LIMA NRO. 316 (FTE A TELEFONICA)", "progresol_dist_m": 2614.2, "puntos_criticos_1km": 3, "pc_lng": -74.91546, "pc_lat": -14.82355, "long_km": 0.34, "dist_min_m": 175.0, "peligro": "Inundación", "nivel": " ", "fid": 454}, "geometry": {"type": "LineString", "coordinates": [[-74.914611, -14.827412], [-74.915878, -14.825074]]}}, {"type": "Feature", "properties": {"ruta": "IC-564", "nombre": "Emp. IC-562 - La Yesera.", "jerarquia": "departamental/vecinal", "departamento": "Ica", "provincia": "Pisco", "distrito": "", "motivo": "last_mile_progresol", "progresol_servido": "FERRETERIA PAKITO", "progresol_direccion": "CAL.BEATITA DE HUMAY NRO. 785 DPTO. ", "progresol_dist_m": 1423.2, "puntos_criticos_1km": 3, "pc_lng": -76.1833, "pc_lat": -13.71513, "long_km": 1.1000000200000002, "dist_min_m": 381.8, "peligro": "Inundación", "nivel": null, "fid": 455}, "geometry": {"type": "LineString", "coordinates": [[-76.186612, -13.716319], [-76.190236, -13.717874], [-76.191383, -13.719803], [-76.193154, -13.720771], [-76.193394, -13.722551]]}}, {"type": "Feature", "properties": {"ruta": "IC-675", "nombre": "Emp. PE-1S - Emp. IC-676.", "jerarquia": "departamental/vecinal", "departamento": "Ica", "provincia": "Ica", "distrito": "", "motivo": "last_mile_progresol", "progresol_servido": "JESUS MARTINEZ", "progresol_direccion": "MZA. E LOTE. 71A URB. VALLE ESMERALDA (COST. GRIFO PRIMAVERA-SUB LOT", "progresol_dist_m": 1446.3, "puntos_criticos_1km": 3, "pc_lng": -75.72626, "pc_lat": -14.12253, "long_km": 0.86500001, "dist_min_m": 41.2, "peligro": "Inundación, Erosión fluvial", "nivel": "Muy Alto", "fid": 456}, "geometry": {"type": "LineString", "coordinates": [[-75.724564, -14.118727], [-75.726969, -14.126179]]}}, {"type": "Feature", "properties": {"ruta": "IC-665", "nombre": "Emp. PE-1S C - Huasasquiche - Emp. IC-655.", "jerarquia": "departamental/vecinal", "departamento": "Ica", "provincia": "Ica", "distrito": "", "motivo": "last_mile_progresol", "progresol_servido": "VENTAS Y SERVICIOS JUAN JOSE", "progresol_direccion": "MZA. F LOTE. 24 URB. SANTA ROSA DEL ", "progresol_dist_m": 1119.8, "puntos_criticos_1km": 3, "pc_lng": -75.71925, "pc_lat": -14.0751, "long_km": 0.9589999900000001, "dist_min_m": 39.8, "peligro": "Inundación", "nivel": "", "fid": 457}, "geometry": {"type": "LineString", "coordinates": [[-75.71899, -14.075348], [-75.716709, -14.076934], [-75.710712, -14.077166]]}}, {"type": "Feature", "properties": {"ruta": "PE-3S", "nombre": "Repartición La Oroya (PE-22) - Huancayo - Izcuchaca (PE-26) - Mayoc - Ayacucho - Andahuaylas (PE-30 B) - Abancay - Anta - Cusco - Urcos - Ayaviri (PE-3S G) - Calapuja - Puno (PE-36 B) - Ilave - Pte. Internacional Desaguadero (fr. Bolivia).", "jerarquia": "nacional", "departamento": "Ayacucho", "provincia": " ", "distrito": "", "motivo": "last_mile_progresol", "progresol_servido": "FERRETERIA PP", "progresol_direccion": "PASAJE LA MERCEDES N 104 ", "progresol_dist_m": 510.5, "puntos_criticos_1km": 3, "pc_lng": -74.2139, "pc_lat": -13.1484, "long_km": 1.2510000499999998, "dist_min_m": 218.7, "peligro": "Inundación, erosión", "nivel": "", "fid": 458}, "geometry": {"type": "LineString", "coordinates": [[-74.211173, -13.147509], [-74.211977, -13.147778], [-74.211254, -13.154492], [-74.212214, -13.155738], [-74.213973, -13.156243]]}}, {"type": "Feature", "properties": {"ruta": "PE-1SG", "nombre": "Emp. PE-1S F (Dv. Pisco) - Emp. Av. Las Americas - Pisco (Av. Genaro Medrano) -San Andres - Emp. PE-1S F (Dv. Paracas)", "jerarquia": "nacional", "departamento": "Ica", "provincia": " ", "distrito": "", "motivo": "last_mile_progresol", "progresol_servido": "CASSOLI PISCO", "progresol_direccion": "CAL. BEATITA DE HUMAY 801 ", "progresol_dist_m": 205.1, "puntos_criticos_1km": 3, "pc_lng": -76.20367, "pc_lat": -13.72539, "long_km": 4.5999999, "dist_min_m": 14.8, "peligro": "Inundación, flujo de detritos, erosión", "nivel": null, "fid": 459}, "geometry": {"type": "LineString", "coordinates": [[-76.189026, -13.753159], [-76.2079, -13.717061]]}}, {"type": "Feature", "properties": {"ruta": "PE-14A", "nombre": "Emp. PE-3N (Huaraz) - Anyanga (PE-14 B) - Huantar - Succha - Pte. Pomachaca (PE-14 B) - Masin - Pte. Rahuapampa - Dv. Llamellín - Anra - Uco - Dv. Paucas - Huacaybamba - Cochabamba - Arancay - Jircan - Carpa - Monzón - Tasogrande - Sachavaca - Emp. PE-", "jerarquia": "nacional", "departamento": "Áncash", "provincia": " ", "distrito": "", "motivo": "last_mile_progresol", "progresol_servido": "FERRETERIA LÓPEZ", "progresol_direccion": "AV.CONFRATERNIDAD INTERNACIONAL EST ", "progresol_dist_m": 2077.2, "puntos_criticos_1km": 3, "pc_lng": -77.47721, "pc_lat": -9.51972, "long_km": 13.85900021, "dist_min_m": 237.5, "peligro": "Erosión fluvial", "nivel": "Alto", "fid": 460}, "geometry": {"type": "LineString", "coordinates": [[-77.502479, -9.526431], [-77.498763, -9.524357], [-77.496396, -9.525501], [-77.494919, -9.524263], [-77.495002, -9.522616], [-77.491826, -9.523358], [-77.491325, -9.521431], [-77.48744, -9.521855], [-77.486946, -9.519261], [-77.485364, -9.521109], [-77.485479, -9.519337], [-77.484725, -9.520154], [-77.483096, -9.520129], [-77.48265, -9.518326], [-77.481264, -9.517733], [-77.479362, -9.519032], [-77.47768, -9.516495], [-77.475133, -9.515864], [-77.474409, -9.514443], [-77.476142, -9.514885], [-77.477418, -9.512696], [-77.476673, -9.50928], [-77.476346, -9.511408], [-77.471931, -9.512011], [-77.473758, -9.511403], [-77.474922, -9.509985], [-77.47314, -9.507527], [-77.474067, -9.509268], [-77.47244, -9.510132], [-77.470386, -9.509713], [-77.472736, -9.508729], [-77.471815, -9.507327], [-77.472103, -9.508553], [-77.470018, -9.509034], [-77.466539, -9.508576], [-77.470032, -9.507747], [-77.464525, -9.508227], [-77.467899, -9.50631], [-77.463148, -9.501536], [-77.463529, -9.497717], [-77.460889, -9.494948], [-77.457696, -9.495896], [-77.456466, -9.493769], [-77.456609, -9.492142], [-77.455921, -9.492399]]}}, {"type": "Feature", "properties": {"ruta": "PE-3S", "nombre": "Repartición La Oroya (PE-22) - Huancayo - Izcuchaca (PE-26) - Mayoc - Ayacucho - Andahuaylas (PE-30 B) - Abancay - Anta - Cusco - Urcos - Ayaviri (PE-3S G) - Calapuja - Puno (PE-36 B) - Ilave - Pte. Internacional Desaguadero (fr. Bolivia).", "jerarquia": "nacional", "departamento": "Ayacucho", "provincia": " ", "distrito": "", "motivo": "last_mile_progresol", "progresol_servido": "MULTINEGOCIOS TITO", "progresol_direccion": "JR. GERVACIO SANTILLANA N° 926 ", "progresol_dist_m": 995.9, "puntos_criticos_1km": 3, "pc_lng": -74.26895, "pc_lat": -12.91713, "long_km": 2.17400002, "dist_min_m": 288.2, "peligro": "Inundación, flujo de detritos, erosión fluvial", "nivel": " ", "fid": 461}, "geometry": {"type": "LineString", "coordinates": [[-74.270936, -12.918883], [-74.271334, -12.925252], [-74.269695, -12.924923], [-74.267568, -12.928326], [-74.261567, -12.931223]]}}, {"type": "Feature", "properties": {"ruta": "PE-20F", "nombre": "Emp. PE-1N (Dv. Pte. Chillón) – Av. Canta Callao – Emp. Av. Naranjal (Ov. Canta Callao)", "jerarquia": "nacional", "departamento": "Lima", "provincia": " ", "distrito": "", "motivo": "last_mile_progresol", "progresol_servido": "FERRETERIA LUCHOS", "progresol_direccion": "AV. SANTÍSIMA CRUZ DE SAN DIEGO NRO (FRENTE AL MERCADO DE SAN DIEGO)", "progresol_dist_m": 514.5, "puntos_criticos_1km": 3, "pc_lng": -77.08983, "pc_lat": -11.94326, "long_km": 2.9000000999999997, "dist_min_m": 923.8, "peligro": "Inundación", "nivel": null, "fid": 462}, "geometry": {"type": "LineString", "coordinates": [[-77.085205, -11.950231], [-77.083206, -11.966229], [-77.084245, -11.969855], [-77.087828, -11.974196]]}}, {"type": "Feature", "properties": {"ruta": "PE-1S", "nombre": "I.V. Santa Anita - Chincha Alta - Ica - Nazca - Dv. Camaná - Dv. Quilca (PE-1S D) - La Repartición (Dv. Arequipa) - Dv. Pto. Matarani (PE- 34) - La Joya - Dv. Moquegua (PE-36 A) - Dv. Ilo (PE-36) - Tacna (PE-38) - La Concordia (fr. Chile).", "jerarquia": "nacional", "departamento": "Lima", "provincia": " ", "distrito": "", "motivo": "last_mile_progresol", "progresol_servido": "FERRETERIA ARROYO", "progresol_direccion": "ANTIGUA PANAMERICANA SUR KM 32.5 MZ  URB. HUERTOS DE VILLENA", "progresol_dist_m": 1909.2, "puntos_criticos_1km": 3, "pc_lng": -76.9009, "pc_lat": -12.27039, "long_km": 9.46000004, "dist_min_m": 105.5, "peligro": "Inundación", "nivel": null, "fid": 463}, "geometry": {"type": "LineString", "coordinates": [[-76.921366, -12.256395], [-76.85923, -12.295418], [-76.847255, -12.300901]]}}, {"type": "Feature", "properties": {"ruta": "PE-24A", "nombre": "Emp. PE-3S (Concepción) - Sta. Rosa de Ocopa - Comas - Mariposa - San Pedro - Bellavista - Emp. PE-5S (Satipo)", "jerarquia": "nacional", "departamento": "Junín", "provincia": " ", "distrito": "", "motivo": "last_mile_progresol", "progresol_servido": "FERRETERIA CADEMA", "progresol_direccion": "CARRETERA CENTRAL 1696 ", "progresol_dist_m": 1337.3, "puntos_criticos_1km": 3, "pc_lng": -75.29646, "pc_lat": -11.88165, "long_km": 4.38999987, "dist_min_m": 58.6, "peligro": "Inundación, erosión fluvial", "nivel": "Alto", "fid": 464}, "geometry": {"type": "LineString", "coordinates": [[-75.319347, -11.909191], [-75.317595, -11.906467], [-75.305814, -11.895843], [-75.303125, -11.891298], [-75.298422, -11.887792], [-75.299097, -11.884327], [-75.296379, -11.879727]]}}, {"type": "Feature", "properties": {"ruta": "PE-3S", "nombre": "Repartición La Oroya (PE-22) - Huancayo - Izcuchaca (PE-26) - Mayoc - Ayacucho - Andahuaylas (PE-30 B) - Abancay - Anta - Cusco - Urcos - Ayaviri (PE-3S G) - Calapuja - Puno (PE-36 B) - Ilave - Pte. Internacional Desaguadero (fr. Bolivia).", "jerarquia": "nacional", "departamento": "Ayacucho", "provincia": " ", "distrito": "", "motivo": "last_mile_progresol", "progresol_servido": "MULTINEGOCIOS TITO", "progresol_direccion": "JR. GERVACIO SANTILLANA N° 926 ", "progresol_dist_m": 725.1, "puntos_criticos_1km": 3, "pc_lng": -74.25855, "pc_lat": -12.93234, "long_km": 0.34400001, "dist_min_m": 31.2, "peligro": "Inundación", "nivel": "Alto", "fid": 465}, "geometry": {"type": "LineString", "coordinates": [[-74.261567, -12.931223], [-74.258694, -12.9321]]}}, {"type": "Feature", "properties": {"ruta": "PE-3S", "nombre": "Repartición La Oroya (PE-22) - Huancayo - Izcuchaca (PE-26) - Mayoc - Ayacucho - Andahuaylas (PE-30 B) - Abancay - Anta - Cusco - Urcos - Ayaviri (PE-3S G) - Calapuja - Puno (PE-36 B) - Ilave - Pte. Internacional Desaguadero (fr. Bolivia).", "jerarquia": "nacional", "departamento": "Junín", "provincia": " ", "distrito": "", "motivo": "last_mile_progresol", "progresol_servido": "EMPRESA", "progresol_direccion": "AV. HUANCAVELICA NRO. 512 URB. PUZO (ENTRE JR. CASTILLA Y AV. HUANCAVELICA)", "progresol_dist_m": 39.7, "puntos_criticos_1km": 3, "pc_lng": -75.22038, "pc_lat": -12.07067, "long_km": 5.0329999899999995, "dist_min_m": 550.3, "peligro": "Inundación, erosión", "nivel": "Muy alto", "fid": 466}, "geometry": {"type": "LineString", "coordinates": [[-75.230444, -12.047279], [-75.220405, -12.060862], [-75.208743, -12.080334], [-75.208352, -12.086124]]}}, {"type": "Feature", "properties": {"ruta": "AN-110", "nombre": "Emp. PE-3N (Catac) - Buenos Aires - Tambillos - Chavin de Huantar - San Marcos - Emp. PE-14 A (Succha).", "jerarquia": "departamental/vecinal", "departamento": "Áncash", "provincia": "Huari", "distrito": "", "motivo": "last_mile_progresol", "progresol_servido": "CORPORACION CAF S.A.C", "progresol_direccion": "AV. FLORIDA NRO. S/N CENT SAN MARCOS", "progresol_dist_m": 1775.6, "puntos_criticos_1km": 3, "pc_lng": -77.16751, "pc_lat": -9.54664, "long_km": 1.02400005, "dist_min_m": 51.7, "peligro": "Inundación", "nivel": "", "fid": 467}, "geometry": {"type": "LineString", "coordinates": [[-77.167039, -9.54669], [-77.163856, -9.538227]]}}, {"type": "Feature", "properties": {"ruta": "AN-110", "nombre": "Emp. PE-3N (Catac) - Buenos Aires - Tambillos - Chavin de Huantar - San Marcos - Emp. PE-14 A (Succha).", "jerarquia": "departamental/vecinal", "departamento": "Áncash", "provincia": "Huari", "distrito": "", "motivo": "last_mile_progresol", "progresol_servido": "CORPORACION CAF S.A.C", "progresol_direccion": "AV. FLORIDA NRO. S/N CENT SAN MARCOS", "progresol_dist_m": 2777.1, "puntos_criticos_1km": 3, "pc_lng": -77.16751, "pc_lat": -9.54664, "long_km": 1.33899999, "dist_min_m": 51.2, "peligro": "Inundación", "nivel": "", "fid": 468}, "geometry": {"type": "LineString", "coordinates": [[-77.171478, -9.557606], [-77.168523, -9.552025], [-77.167039, -9.54669]]}}, {"type": "Feature", "properties": {"ruta": "AN-110", "nombre": "Emp. PE-3N (Catac) - Buenos Aires - Tambillos - Chavin de Huantar - San Marcos - Emp. PE-14 A (Succha).", "jerarquia": "departamental/vecinal", "departamento": "Áncash", "provincia": "Huari", "distrito": "", "motivo": "last_mile_progresol", "progresol_servido": "CORPORACION CAF S.A.C", "progresol_direccion": "AV. FLORIDA NRO. S/N CENT SAN MARCOS", "progresol_dist_m": 491.1, "puntos_criticos_1km": 3, "pc_lng": -77.15143, "pc_lat": -9.52512, "long_km": 0.5569999800000001, "dist_min_m": 746.4, "peligro": "Inundación, Erosión fluvial", "nivel": "Alto", "fid": 469}, "geometry": {"type": "LineString", "coordinates": [[-77.155386, -9.518901], [-77.155353, -9.519626], [-77.153778, -9.515922]]}}, {"type": "Feature", "properties": {"ruta": "LM-806", "nombre": "Emp. PE-1S (Chilca) - Emp. LM-123 (Pucusana).", "jerarquia": "departamental/vecinal", "departamento": "Lima", "provincia": "Cañete", "distrito": "", "motivo": "last_mile_progresol", "progresol_servido": "FERRETERIA SAN JOSÉ", "progresol_direccion": "CALLE LA AMISTAD MZ A LT 16 ", "progresol_dist_m": 348.7, "puntos_criticos_1km": 2, "pc_lng": -76.74286, "pc_lat": -12.5167, "long_km": 7.67999983, "dist_min_m": 30.0, "peligro": "Inundación", "nivel": "", "fid": 470}, "geometry": {"type": "LineString", "coordinates": [[-76.733337, -12.51375], [-76.734546, -12.514116], [-76.738607, -12.518624], [-76.742394, -12.515946], [-76.744687, -12.518352], [-76.748414, -12.516746], [-76.74596, -12.513174], [-76.767531, -12.492877], [-76.772245, -12.489311], [-76.779844, -12.489523], [-76.782141, -12.488613]]}}, {"type": "Feature", "properties": {"ruta": "LM-809", "nombre": "Emp. LM-806 (Chilca) - Emp. LM-808 (Las Salinas).", "jerarquia": "departamental/vecinal", "departamento": "Lima", "provincia": "Cañete", "distrito": "", "motivo": "last_mile_progresol", "progresol_servido": "FERRETERIA SAN JOSÉ", "progresol_direccion": "CALLE LA AMISTAD MZ A LT 16 ", "progresol_dist_m": 954.4, "puntos_criticos_1km": 2, "pc_lng": -76.74336, "pc_lat": -12.52355, "long_km": 5.92000008, "dist_min_m": 17.1, "peligro": "Inundación", "nivel": "", "fid": 471}, "geometry": {"type": "LineString", "coordinates": [[-76.738607, -12.518624], [-76.752398, -12.534028], [-76.735725, -12.545954], [-76.725814, -12.542936], [-76.724263, -12.544746]]}}, {"type": "Feature", "properties": {"ruta": "LM-807", "nombre": "Emp. LM-806 - Bandurrea.", "jerarquia": "departamental/vecinal", "departamento": "Lima", "provincia": "Cañete", "distrito": "", "motivo": "last_mile_progresol", "progresol_servido": "INDUSFERR", "progresol_direccion": "CARRETERA PANAMERICANA SUR KM. 63 MZA. 03 LOTE. 14", "progresol_dist_m": 1534.4, "puntos_criticos_1km": 2, "pc_lng": -76.74286, "pc_lat": -12.5167, "long_km": 5.17000008, "dist_min_m": 602.7, "peligro": "Inundación", "nivel": "", "fid": 472}, "geometry": {"type": "LineString", "coordinates": [[-76.748414, -12.516746], [-76.760296, -12.510235], [-76.762455, -12.511158], [-76.763963, -12.509613], [-76.765925, -12.509851], [-76.769107, -12.508425], [-76.770317, -12.512802], [-76.773217, -12.516914], [-76.777719, -12.51538], [-76.785695, -12.515913]]}}, {"type": "Feature", "properties": {"ruta": "LM-648", "nombre": "Emp. LM-651 - Rivera de Río Huaura.", "jerarquia": "departamental/vecinal", "departamento": "Lima", "provincia": "Huaura", "distrito": "", "motivo": "last_mile_progresol", "progresol_servido": "EMPRESA D Y M EL COLORADO E.I.R.L. ", "progresol_direccion": "AV. ANTONIO RAYMONDI NRO. SN (AV.RAYMONDI NRO. 641-X URB.LAS PALMAS)", "progresol_dist_m": 1366.6, "puntos_criticos_1km": 2, "pc_lng": -77.61629, "pc_lat": -11.07959, "long_km": 1.53999996, "dist_min_m": 186.7, "peligro": "Inundación", "nivel": "Medio", "fid": 473}, "geometry": {"type": "LineString", "coordinates": [[-77.614234, -11.093265], [-77.6153, -11.084587], [-77.617429, -11.080845]]}}, {"type": "Feature", "properties": {"ruta": "HU-1094", "nombre": "EMP. HU-1093 - EMP. HU-1093.", "jerarquia": "departamental/vecinal", "departamento": "Huánuco", "provincia": "Huánuco", "distrito": "", "motivo": "last_mile_progresol", "progresol_servido": "FERRETERIA KEVIN", "progresol_direccion": "CARRETERA CENTRAL KM 7.5YANAGROSAVE ", "progresol_dist_m": 1906.7, "puntos_criticos_1km": 2, "pc_lng": -76.25326, "pc_lat": -9.97772, "long_km": 1.7269999999999999, "dist_min_m": 460.3, "peligro": "Inundación, erosión fluvial", "nivel": "Alto", "fid": 474}, "geometry": {"type": "LineString", "coordinates": [[-76.270149, -9.981578], [-76.268128, -9.981854], [-76.26099, -9.980238], [-76.255052, -9.981494]]}}, {"type": "Feature", "properties": {"ruta": "HU-1095", "nombre": "EMP. PE-3N (CAYHUAYNA) - CAYRAN - PARARA - EMP. HU-111.", "jerarquia": "departamental/vecinal", "departamento": "Huánuco", "provincia": "Huánuco", "distrito": "", "motivo": "last_mile_progresol", "progresol_servido": "FERRETERA ALVA", "progresol_direccion": "UNIVERSITARIA N°1308 ", "progresol_dist_m": 600.0, "puntos_criticos_1km": 2, "pc_lng": -76.24474, "pc_lat": -9.95201, "long_km": 0.018000000000000002, "dist_min_m": 923.0, "peligro": "Inundación, Erosión fluvial", "nivel": "Muy Alto", "fid": 475}, "geometry": {"type": "LineString", "coordinates": [[-76.246528, -9.960124], [-76.246569, -9.960275]]}}, {"type": "Feature", "properties": {"ruta": "AY-667", "nombre": "Emp. PE-3S (Huanta) - Maynay - Emp. PE-26 B (Compañia).", "jerarquia": "departamental/vecinal", "departamento": "Ayacucho", "provincia": "Huanta", "distrito": "", "motivo": "last_mile_progresol", "progresol_servido": "FERRETERÍA QUINTERO", "progresol_direccion": "JR. CORDOVA NRO. 120 ", "progresol_dist_m": 1144.3, "puntos_criticos_1km": 2, "pc_lng": -74.25169, "pc_lat": -12.94582, "long_km": 0.23999999, "dist_min_m": 599.3, "peligro": "Inundación", "nivel": "Alto", "fid": 476}, "geometry": {"type": "LineString", "coordinates": [[-74.249076, -12.950568], [-74.249731, -12.952524]]}}, {"type": "Feature", "properties": {"ruta": "JU-1072", "nombre": "Emp. PE-3S - San Augustin de Cajas - Emp. JU-1068.", "jerarquia": "departamental/vecinal", "departamento": "Junín", "provincia": "Huancayo", "distrito": "", "motivo": "last_mile_progresol", "progresol_servido": "DISTRIBUIDORA INVERSIONES CRISTINA", "progresol_direccion": "CARRETERA CENTRAL  KM 8.8 CAJAS ", "progresol_dist_m": 507.9, "puntos_criticos_1km": 2, "pc_lng": -75.24681, "pc_lat": -12.00106, "long_km": 1.13999999, "dist_min_m": 939.1, "peligro": "Inundación", "nivel": "", "fid": 477}, "geometry": {"type": "LineString", "coordinates": [[-75.24554, -11.991235], [-75.255044, -11.995484]]}}, {"type": "Feature", "properties": {"ruta": "JU-1047", "nombre": "Emp. PE-3S - Incho - Barrio La Cantuta - Cullpa Baja - Cullpa Alta - Emp. JU-108", "jerarquia": "departamental/vecinal", "departamento": "Junín", "provincia": "Huancayo", "distrito": "", "motivo": "last_mile_progresol", "progresol_servido": "CARRION INVERSIONES S.A.", "progresol_direccion": "JR. ANTONIO LOBATO NRO 651 ", "progresol_dist_m": 387.2, "puntos_criticos_1km": 2, "pc_lng": -75.22038, "pc_lat": -12.07067, "long_km": 7.1999998100000004, "dist_min_m": 764.0, "peligro": "Inundación, erosión", "nivel": "Muy alto", "fid": 478}, "geometry": {"type": "LineString", "coordinates": [[-75.185791, -12.014049], [-75.195634, -12.019622], [-75.194872, -12.020645], [-75.195644, -12.021142], [-75.195214, -12.023376], [-75.197706, -12.026367], [-75.208376, -12.055479], [-75.21074, -12.059565], [-75.218468, -12.064059]]}}, {"type": "Feature", "properties": {"ruta": "AP-644", "nombre": "Emp. PE-3S - Taraccasa - Emp. PE-3S (Dv. Abancay).", "jerarquia": "departamental/vecinal", "departamento": "Apurímac", "provincia": "Abancay", "distrito": "", "motivo": "last_mile_progresol", "progresol_servido": "VILLA SAC", "progresol_direccion": "AV. DIAZ BARCENAS NRO. 545 URB. ABANCAY (FRENTE DEL HOTEL TURISTA)", "progresol_dist_m": 87.6, "puntos_criticos_1km": 2, "pc_lng": -72.87483, "pc_lat": -13.63971, "long_km": 2.3599999, "dist_min_m": 393.0, "peligro": "Inundación", "nivel": "", "fid": 479}, "geometry": {"type": "LineString", "coordinates": [[-72.865268, -13.634392], [-72.871343, -13.634942], [-72.872053, -13.63615], [-72.872893, -13.635199], [-72.8768, -13.636362], [-72.876693, -13.634861], [-72.882123, -13.634157], [-72.882879, -13.633328]]}}, {"type": "Feature", "properties": {"ruta": "AN-961", "nombre": "Emp. PE-3N - Matacoto -Santo Toribio- Shashipunta - Santa Rosa - Punap - Huellapampa - Huacho - Pirhuash - Quillo - Buena Vista - Emp. PE-14", "jerarquia": "departamental/vecinal", "departamento": "Áncash", "provincia": "Yungay", "distrito": "", "motivo": "last_mile_progresol", "progresol_servido": "GRUPO B & T S.R.L.", "progresol_direccion": "CAL. INDUSTRIAL S/N (ESPALDA DE MERCADO CAS.VERDE 1 PISO)", "progresol_dist_m": 2348.8, "puntos_criticos_1km": 2, "pc_lng": -77.74886, "pc_lat": -9.17246, "long_km": 3.67000008, "dist_min_m": 91.9, "peligro": "", "nivel": null, "fid": 480}, "geometry": {"type": "LineString", "coordinates": [[-77.737119, -9.158503], [-77.73796, -9.162569], [-77.737158, -9.167075], [-77.747214, -9.17064], [-77.748076, -9.172784], [-77.74595, -9.174119], [-77.747181, -9.174615], [-77.746045, -9.17466], [-77.746981, -9.17702]]}}, {"type": "Feature", "properties": {"ruta": "AN-792", "nombre": "Emp. AN-107 (Carhuaz) -  Obraje - Coyrocshu - Dv. Hualcan - Pariacaca.", "jerarquia": "departamental/vecinal", "departamento": "Áncash", "provincia": "Carhuaz", "distrito": "", "motivo": "last_mile_progresol", "progresol_servido": "FERRETRIA MIKY", "progresol_direccion": "AV. PROGRESO NRO. S.N ", "progresol_dist_m": 942.8, "puntos_criticos_1km": 2, "pc_lng": -77.63315, "pc_lat": -9.28085, "long_km": 0.31, "dist_min_m": 551.3, "peligro": "Inundación", "nivel": " ", "fid": 481}, "geometry": {"type": "LineString", "coordinates": [[-77.640226, -9.283852], [-77.637989, -9.282197]]}}, {"type": "Feature", "properties": {"ruta": "AN-1077", "nombre": "Emp. PE-14 - Pariacoto Viejo - Chauca - Cochabamba - Miramar - Tambra - (Prov. De Yungay) - Maya - Emp. PE-3N - (Prov. Carhuaz).", "jerarquia": "departamental/vecinal", "departamento": "Áncash", "provincia": "Huaraz", "distrito": "", "motivo": "last_mile_progresol", "progresol_servido": "FERRETRIA MIKY", "progresol_direccion": "AV. PROGRESO NRO. S.N ", "progresol_dist_m": 328.6, "puntos_criticos_1km": 2, "pc_lng": -77.65188, "pc_lat": -9.2818, "long_km": 0.31, "dist_min_m": 163.2, "peligro": "Inundación", "nivel": " ", "fid": 482}, "geometry": {"type": "LineString", "coordinates": [[-77.649995, -9.281938], [-77.650468, -9.282636], [-77.649122, -9.283831]]}}, {"type": "Feature", "properties": {"ruta": "AN-787", "nombre": "Emp. AN-784 - Dv. Antaraca - Dv. Nunocoto - Acopampa - Ecana - Tambo - Emp. AN-792.", "jerarquia": "departamental/vecinal", "departamento": "Áncash", "provincia": "Carhuaz", "distrito": "", "motivo": "last_mile_progresol", "progresol_servido": "FERRETRIA MIKY", "progresol_direccion": "AV. PROGRESO NRO. S.N ", "progresol_dist_m": 942.8, "puntos_criticos_1km": 2, "pc_lng": -77.63067, "pc_lat": -9.28933, "long_km": 1.22000003, "dist_min_m": 6.3, "peligro": "Inundación", "nivel": " ", "fid": 483}, "geometry": {"type": "LineString", "coordinates": [[-77.640226, -9.283852], [-77.630715, -9.289362]]}}, {"type": "Feature", "properties": {"ruta": "AN-787", "nombre": "Emp. AN-784 - Dv. Antaraca - Dv. Nunocoto - Acopampa - Ecana - Tambo - Emp. AN-792.", "jerarquia": "departamental/vecinal", "departamento": "Áncash", "provincia": "Carhuaz", "distrito": "", "motivo": "last_mile_progresol", "progresol_servido": "FERRETRIA MIKY", "progresol_direccion": "AV. PROGRESO NRO. S.N ", "progresol_dist_m": 2152.5, "puntos_criticos_1km": 2, "pc_lng": -77.63067, "pc_lat": -9.28933, "long_km": 0.34, "dist_min_m": 5.8, "peligro": "Inundación", "nivel": " ", "fid": 484}, "geometry": {"type": "LineString", "coordinates": [[-77.630715, -9.289362], [-77.628293, -9.29125]]}}, {"type": "Feature", "properties": {"ruta": "AN-742", "nombre": "Emp. AN-741 - Huanchac - Marian -Emp AN-743.", "jerarquia": "departamental/vecinal", "departamento": "Áncash", "provincia": "Huaraz", "distrito": "", "motivo": "last_mile_progresol", "progresol_servido": "FERRETERIA EVELIN", "progresol_direccion": "CALLE UNION Y PROGRESO #245 SHANCAY ", "progresol_dist_m": 779.6, "puntos_criticos_1km": 2, "pc_lng": -77.51758, "pc_lat": -9.50321, "long_km": 2.77999997, "dist_min_m": 779.2, "peligro": "Erosión fluvial", "nivel": "Alto", "fid": 485}, "geometry": {"type": "LineString", "coordinates": [[-77.502679, -9.511686], [-77.504647, -9.510673], [-77.507267, -9.510601], [-77.50977, -9.514558], [-77.51324, -9.515297], [-77.517039, -9.513277], [-77.516698, -9.511367], [-77.515072, -9.510237], [-77.517981, -9.510373]]}}, {"type": "Feature", "properties": {"ruta": "AN-743", "nombre": "Emp. AN-740 -  Huanchac - Emp. PE-14A", "jerarquia": "departamental/vecinal", "departamento": "Áncash", "provincia": "Huaraz", "distrito": "", "motivo": "last_mile_progresol", "progresol_servido": "FERRETERIA LÓPEZ", "progresol_direccion": "AV.CONFRATERNIDAD INTERNACIONAL EST ", "progresol_dist_m": 72.9, "puntos_criticos_1km": 2, "pc_lng": -77.51758, "pc_lat": -9.50321, "long_km": 2.18000007, "dist_min_m": 792.2, "peligro": "Erosión fluvial", "nivel": "Alto", "fid": 486}, "geometry": {"type": "LineString", "coordinates": [[-77.519668, -9.52644], [-77.520481, -9.523122], [-77.519125, -9.522066], [-77.520364, -9.519592], [-77.52003, -9.517808], [-77.518947, -9.517064], [-77.519888, -9.51649], [-77.519895, -9.514461], [-77.517953, -9.51032]]}}, {"type": "Feature", "properties": {"ruta": "JU-1090", "nombre": "Emp. PE-24 A - Emp. JU-1087.", "jerarquia": "departamental/vecinal", "departamento": "Junín", "provincia": "Huancayo", "distrito": "", "motivo": "last_mile_progresol", "progresol_servido": "FERRETERIA CADEMA", "progresol_direccion": "CARRETERA CENTRAL 1696 ", "progresol_dist_m": 1493.5, "puntos_criticos_1km": 2, "pc_lng": -75.31357, "pc_lat": -11.93873, "long_km": 0.04, "dist_min_m": 867.3, "peligro": "Inundación, erosión fluvial", "nivel": "Muy alto", "fid": 487}, "geometry": {"type": "LineString", "coordinates": [[-75.310867, -11.931394], [-75.310747, -11.931067]]}}, {"type": "Feature", "properties": {"ruta": "AY-761", "nombre": "Emp. PE-3S L - Uchuypampa - Raymina - Emp. AY-759 (Tinte).", "jerarquia": "departamental/vecinal", "departamento": "Ayacucho", "provincia": "Huamanga", "distrito": "", "motivo": "last_mile_progresol", "progresol_servido": "FERRETERIA NELY", "progresol_direccion": "AV. 09 DE DICIEMBRE 610 ", "progresol_dist_m": 1285.1, "puntos_criticos_1km": 2, "pc_lng": -74.19145, "pc_lat": -13.17464, "long_km": 15.28999996, "dist_min_m": 414.6, "peligro": null, "nivel": "", "fid": 488}, "geometry": {"type": "LineString", "coordinates": [[-74.189031, -13.171746], [-74.185921, -13.172556], [-74.183298, -13.171491], [-74.184002, -13.17519], [-74.180636, -13.180487], [-74.183635, -13.185749], [-74.176074, -13.199024], [-74.174413, -13.198932], [-74.171579, -13.202825], [-74.170959, -13.205379], [-74.169129, -13.206464], [-74.172024, -13.206084], [-74.17201, -13.209936], [-74.173449, -13.212009], [-74.172655, -13.21479], [-74.166611, -13.224981], [-74.167632, -13.219189], [-74.1665, -13.217856], [-74.164596, -13.224102], [-74.161965, -13.223596], [-74.158553, -13.226084], [-74.158375, -13.223441], [-74.154441, -13.226069], [-74.153107, -13.228836], [-74.151905, -13.229614], [-74.150968, -13.228956], [-74.149958, -13.230319], [-74.149991, -13.228811], [-74.147032, -13.230328], [-74.14569, -13.230045], [-74.144881, -13.228499], [-74.143034, -13.230131], [-74.142613, -13.228356], [-74.141601, -13.229733], [-74.137972, -13.230382], [-74.138794, -13.225672]]}}, {"type": "Feature", "properties": {"ruta": "AP-539", "nombre": "Emp. PE-3S - Chuparo - Emp. AP-522 (Dv. Uripa).", "jerarquia": "departamental/vecinal", "departamento": "Apurímac", "provincia": "Chincheros", "distrito": "", "motivo": "last_mile_progresol", "progresol_servido": "GRUPO MACKRE", "progresol_direccion": "AV. LOS INCAS LOTE 3 (500M ANTES DE COMISARIA)", "progresol_dist_m": 125.3, "puntos_criticos_1km": 2, "pc_lng": -73.68126, "pc_lat": -13.52737, "long_km": 3.29999995, "dist_min_m": 355.2, "peligro": "Inundación, erosión fluvial", "nivel": "Alto", "fid": 489}, "geometry": {"type": "LineString", "coordinates": [[-73.677189, -13.532287], [-73.684312, -13.523607], [-73.702058, -13.517216]]}}, {"type": "Feature", "properties": {"ruta": "AY-729", "nombre": "Emp. PE-3S - Totorilla - Puente.", "jerarquia": "departamental/vecinal", "departamento": "Ayacucho", "provincia": "Huamanga", "distrito": "", "motivo": "last_mile_progresol", "progresol_servido": "FERRETERIA KARINA", "progresol_direccion": "TOTORA - CARRETERA HUANTA (REFERENCIA: AL COSTADO DE LA TERMINAL", "progresol_dist_m": 290.0, "puntos_criticos_1km": 2, "pc_lng": -74.2139, "pc_lat": -13.1484, "long_km": 0.8000000100000001, "dist_min_m": 526.3, "peligro": "Inundación, erosión", "nivel": "", "fid": 490}, "geometry": {"type": "LineString", "coordinates": [[-74.211366, -13.142273], [-74.210293, -13.143147], [-74.209471, -13.146435], [-74.207963, -13.144848]]}}, {"type": "Feature", "properties": {"ruta": "AY-780", "nombre": "Emp. PE-28 A - Hda. Mollepata - Pongora.", "jerarquia": "departamental/vecinal", "departamento": "Ayacucho", "provincia": "Huamanga", "distrito": "", "motivo": "last_mile_progresol", "progresol_servido": "FERRETERIA RAMIREZ G&O", "progresol_direccion": "ASOC. SANTA ISABEL MZ K LTE 10 ", "progresol_dist_m": 141.0, "puntos_criticos_1km": 2, "pc_lng": -74.23447, "pc_lat": -13.12941, "long_km": 3.17000008, "dist_min_m": 479.5, "peligro": "Inundación, flujo de detritos, erosión fluvial", "nivel": " ", "fid": 491}, "geometry": {"type": "LineString", "coordinates": [[-74.229923, -13.129435], [-74.230083, -13.12845], [-74.225668, -13.124287], [-74.228296, -13.124539], [-74.229806, -13.125538], [-74.232417, -13.122381], [-74.228899, -13.11757], [-74.226871, -13.116885], [-74.226442, -13.112643]]}}, {"type": "Feature", "properties": {"ruta": "AY-763", "nombre": "Emp. PE-3S (Ayacucho) - Pucara - Tancayllo - Santa Rosa - San Antonio - San Melchor.", "jerarquia": "departamental/vecinal", "departamento": "Ayacucho", "provincia": "Huamanga", "distrito": "", "motivo": "last_mile_progresol", "progresol_servido": "FERRETERIA LUIS FABRICIO", "progresol_direccion": "JR. LOS CIPRECES 240 ", "progresol_dist_m": 1383.9, "puntos_criticos_1km": 2, "pc_lng": -74.19247, "pc_lat": -13.18692, "long_km": 2.6099999, "dist_min_m": 6.5, "peligro": null, "nivel": "", "fid": 492}, "geometry": {"type": "LineString", "coordinates": [[-74.189267, -13.193709], [-74.189949, -13.188148], [-74.189878, -13.187379], [-74.189019, -13.187503], [-74.190084, -13.186584], [-74.19105, -13.187374], [-74.190104, -13.185861], [-74.191144, -13.18401], [-74.191548, -13.184617], [-74.191387, -13.183215], [-74.192482, -13.186975]]}}, {"type": "Feature", "properties": {"ruta": "AY-783", "nombre": "Emp. AY-784 - Ccorihuillca - Pta. Carretera.", "jerarquia": "departamental/vecinal", "departamento": "Ayacucho", "provincia": "Huamanga", "distrito": "", "motivo": "last_mile_progresol", "progresol_servido": "MULTISERVICIOS TRANSPORTE MANTILLA", "progresol_direccion": "JR. MANCO CAPAC 1307 ", "progresol_dist_m": 818.4, "puntos_criticos_1km": 2, "pc_lng": -74.23697, "pc_lat": -13.15476, "long_km": 7.739999770000001, "dist_min_m": 590.4, "peligro": "Inundación, flujo de detritos, erosión fluvial", "nivel": " ", "fid": 493}, "geometry": {"type": "LineString", "coordinates": [[-74.237057, -13.149394], [-74.241445, -13.144751], [-74.246366, -13.146501], [-74.244576, -13.140727], [-74.247275, -13.141802], [-74.249603, -13.143834], [-74.249891, -13.137216], [-74.253535, -13.137381], [-74.252354, -13.134375], [-74.253425, -13.131114], [-74.252997, -13.129232], [-74.248545, -13.127872], [-74.254285, -13.127247], [-74.255351, -13.128706], [-74.255529, -13.127712], [-74.257888, -13.125756], [-74.255669, -13.124023], [-74.255934, -13.122116], [-74.254683, -13.12091], [-74.254719, -13.118125]]}}, {"type": "Feature", "properties": {"ruta": "AY-763", "nombre": "Emp. PE-3S (Ayacucho) - Pucara - Tancayllo - Santa Rosa - San Antonio - San Melchor.", "jerarquia": "departamental/vecinal", "departamento": "Ayacucho", "provincia": "Huamanga", "distrito": "", "motivo": "last_mile_progresol", "progresol_servido": "FERRETERIA LUIS FABRICIO", "progresol_direccion": "JR. LOS CIPRECES 240 ", "progresol_dist_m": 377.6, "puntos_criticos_1km": 2, "pc_lng": -74.19247, "pc_lat": -13.18692, "long_km": 1.0199999800000001, "dist_min_m": 470.8, "peligro": null, "nivel": "", "fid": 494}, "geometry": {"type": "LineString", "coordinates": [[-74.202016, -13.181533], [-74.197322, -13.185287], [-74.196777, -13.188305]]}}, {"type": "Feature", "properties": {"ruta": "AY-763", "nombre": "Emp. PE-3S (Ayacucho) - Pucara - Tancayllo - Santa Rosa - San Antonio - San Melchor.", "jerarquia": "departamental/vecinal", "departamento": "Ayacucho", "provincia": "Huamanga", "distrito": "", "motivo": "last_mile_progresol", "progresol_servido": "FERRETERIA LUIS FABRICIO", "progresol_direccion": "JR. LOS CIPRECES 240 ", "progresol_dist_m": 1189.4, "puntos_criticos_1km": 2, "pc_lng": -74.19247, "pc_lat": -13.18692, "long_km": 0.19, "dist_min_m": 268.6, "peligro": null, "nivel": "", "fid": 495}, "geometry": {"type": "LineString", "coordinates": [[-74.193451, -13.184697], [-74.193503, -13.183095]]}}, {"type": "Feature", "properties": {"ruta": "AY-763", "nombre": "Emp. PE-3S (Ayacucho) - Pucara - Tancayllo - Santa Rosa - San Antonio - San Melchor.", "jerarquia": "departamental/vecinal", "departamento": "Ayacucho", "provincia": "Huamanga", "distrito": "", "motivo": "last_mile_progresol", "progresol_servido": "FERRETERIA LUIS FABRICIO", "progresol_direccion": "JR. LOS CIPRECES 240 ", "progresol_dist_m": 882.0, "puntos_criticos_1km": 2, "pc_lng": -74.19247, "pc_lat": -13.18692, "long_km": 0.67000002, "dist_min_m": 439.4, "peligro": null, "nivel": "", "fid": 496}, "geometry": {"type": "LineString", "coordinates": [[-74.193503, -13.183095], [-74.194348, -13.180458], [-74.194567, -13.181363], [-74.195388, -13.179953]]}}, {"type": "Feature", "properties": {"ruta": "AY-763", "nombre": "Emp. PE-3S (Ayacucho) - Pucara - Tancayllo - Santa Rosa - San Antonio - San Melchor.", "jerarquia": "departamental/vecinal", "departamento": "Ayacucho", "provincia": "Huamanga", "distrito": "", "motivo": "last_mile_progresol", "progresol_servido": "FERRETERIA LUIS FABRICIO", "progresol_direccion": "JR. LOS CIPRECES 240 ", "progresol_dist_m": 882.0, "puntos_criticos_1km": 2, "pc_lng": -74.19145, "pc_lat": -13.17464, "long_km": 0.25, "dist_min_m": 535.7, "peligro": null, "nivel": "", "fid": 497}, "geometry": {"type": "LineString", "coordinates": [[-74.195388, -13.179953], [-74.194639, -13.178994], [-74.194977, -13.178015]]}}, {"type": "Feature", "properties": {"ruta": "AY-729", "nombre": "Emp. PE-3S - Totorilla - Puente.", "jerarquia": "departamental/vecinal", "departamento": "Ayacucho", "provincia": "Huamanga", "distrito": "", "motivo": "last_mile_progresol", "progresol_servido": "FERRETERIA KARINA", "progresol_direccion": "TOTORA - CARRETERA HUANTA (REFERENCIA: AL COSTADO DE LA TERMINAL", "progresol_dist_m": 16.8, "puntos_criticos_1km": 2, "pc_lng": -74.21328, "pc_lat": -13.13516, "long_km": 0.31, "dist_min_m": 549.6, "peligro": "Inundación", "nivel": "Medio", "fid": 498}, "geometry": {"type": "LineString", "coordinates": [[-74.212886, -13.140091], [-74.211366, -13.142273]]}}, {"type": "Feature", "properties": {"ruta": "AY-780", "nombre": "Emp. PE-28 A - Hda. Mollepata - Pongora.", "jerarquia": "departamental/vecinal", "departamento": "Ayacucho", "provincia": "Huamanga", "distrito": "", "motivo": "last_mile_progresol", "progresol_servido": "FERRETERIA LA SOLUCION", "progresol_direccion": "AV. APUMAYLLA MZ Ñ - LTE. 06 ", "progresol_dist_m": 393.6, "puntos_criticos_1km": 2, "pc_lng": -74.23447, "pc_lat": -13.12941, "long_km": 0.86000001, "dist_min_m": 493.0, "peligro": "Inundación, flujo de detritos, erosión fluvial", "nivel": " ", "fid": 499}, "geometry": {"type": "LineString", "coordinates": [[-74.229246, -13.134653], [-74.230114, -13.133279], [-74.231378, -13.133039], [-74.234812, -13.135436]]}}, {"type": "Feature", "properties": {"ruta": "AY-780", "nombre": "Emp. PE-28 A - Hda. Mollepata - Pongora.", "jerarquia": "departamental/vecinal", "departamento": "Ayacucho", "provincia": "Huamanga", "distrito": "", "motivo": "last_mile_progresol", "progresol_servido": "FERRETERIA LA SOLUCION", "progresol_direccion": "AV. APUMAYLLA MZ Ñ - LTE. 06 ", "progresol_dist_m": 38.8, "puntos_criticos_1km": 2, "pc_lng": -74.23447, "pc_lat": -13.12941, "long_km": 1.2999999500000001, "dist_min_m": 175.9, "peligro": "Inundación, flujo de detritos, erosión fluvial", "nivel": " ", "fid": 500}, "geometry": {"type": "LineString", "coordinates": [[-74.234812, -13.135436], [-74.235545, -13.134217], [-74.234349, -13.13312], [-74.235154, -13.132435], [-74.233965, -13.13197], [-74.234291, -13.131139], [-74.229923, -13.129435]]}}, {"type": "Feature", "properties": {"ruta": "AY-779", "nombre": "Emp. AY-780 (Hda. Mollepata) - Mollepata - Emp. AY-780.", "jerarquia": "departamental/vecinal", "departamento": "Ayacucho", "provincia": "Huamanga", "distrito": "", "motivo": "last_mile_progresol", "progresol_servido": "FERRETERIA LA SOLUCION", "progresol_direccion": "AV. APUMAYLLA MZ Ñ - LTE. 06 ", "progresol_dist_m": 151.8, "puntos_criticos_1km": 2, "pc_lng": -74.23447, "pc_lat": -13.12941, "long_km": 1.14999998, "dist_min_m": 497.8, "peligro": "Inundación, flujo de detritos, erosión fluvial", "nivel": " ", "fid": 501}, "geometry": {"type": "LineString", "coordinates": [[-74.229874, -13.12943], [-74.227867, -13.129059], [-74.222222, -13.122857]]}}, {"type": "Feature", "properties": {"ruta": "AY-778", "nombre": "Emp. PE-3S - Huayrapata - Galván - Pta. Carretera.", "jerarquia": "departamental/vecinal", "departamento": "Ayacucho", "provincia": "Huamanga", "distrito": "", "motivo": "last_mile_progresol", "progresol_servido": "FERRETERIA KARINA", "progresol_direccion": "TOTORA - CARRETERA HUANTA (REFERENCIA: AL COSTADO DE LA TERMINAL", "progresol_dist_m": 221.9, "puntos_criticos_1km": 2, "pc_lng": -74.21328, "pc_lat": -13.13516, "long_km": 0.6600000300000001, "dist_min_m": 499.4, "peligro": "Inundación", "nivel": "Medio", "fid": 502}, "geometry": {"type": "LineString", "coordinates": [[-74.214233, -13.141999], [-74.215352, -13.139175], [-74.217573, -13.140158]]}}, {"type": "Feature", "properties": {"ruta": "AY-778", "nombre": "Emp. PE-3S - Huayrapata - Galván - Pta. Carretera.", "jerarquia": "departamental/vecinal", "departamento": "Ayacucho", "provincia": "Huamanga", "distrito": "", "motivo": "last_mile_progresol", "progresol_servido": "FERRETERIA KARINA", "progresol_direccion": "TOTORA - CARRETERA HUANTA (REFERENCIA: AL COSTADO DE LA TERMINAL", "progresol_dist_m": 496.1, "puntos_criticos_1km": 2, "pc_lng": -74.21328, "pc_lat": -13.13516, "long_km": 0.36000001000000004, "dist_min_m": 645.4, "peligro": "Inundación", "nivel": "Medio", "fid": 503}, "geometry": {"type": "LineString", "coordinates": [[-74.217573, -13.140158], [-74.21742, -13.139339], [-74.21966, -13.139568]]}}, {"type": "Feature", "properties": {"ruta": "AY-777", "nombre": "Emp. PE-3S - Huichccana - Emp. AY-779.", "jerarquia": "departamental/vecinal", "departamento": "Ayacucho", "provincia": "Huamanga", "distrito": "", "motivo": "last_mile_progresol", "progresol_servido": "FERRETERIA KARINA", "progresol_direccion": "TOTORA - CARRETERA HUANTA (REFERENCIA: AL COSTADO DE LA TERMINAL", "progresol_dist_m": 629.1, "puntos_criticos_1km": 2, "pc_lng": -74.21328, "pc_lat": -13.13516, "long_km": 0.49000001000000004, "dist_min_m": 88.6, "peligro": "Inundación", "nivel": "Medio", "fid": 504}, "geometry": {"type": "LineString", "coordinates": [[-74.213091, -13.134388], [-74.213961, -13.1302]]}}, {"type": "Feature", "properties": {"ruta": "AY-784", "nombre": "Emp. PE-28 A - Emp. AY-785.", "jerarquia": "departamental/vecinal", "departamento": "Ayacucho", "provincia": "Huamanga", "distrito": "", "motivo": "last_mile_progresol", "progresol_servido": "MULTISERVICIOS TRANSPORTE MANTILLA", "progresol_direccion": "JR. MANCO CAPAC 1307 ", "progresol_dist_m": 369.4, "puntos_criticos_1km": 2, "pc_lng": -74.23697, "pc_lat": -13.15476, "long_km": 4.96999979, "dist_min_m": 389.9, "peligro": "Inundación, flujo de detritos, erosión fluvial", "nivel": " ", "fid": 505}, "geometry": {"type": "LineString", "coordinates": [[-74.233396, -13.151766], [-74.23363, -13.1447], [-74.234751, -13.149197], [-74.234944, -13.146485], [-74.236342, -13.147936], [-74.235393, -13.148065], [-74.237456, -13.148853], [-74.236659, -13.149718], [-74.237905, -13.149578], [-74.237469, -13.150616], [-74.238641, -13.150321], [-74.238711, -13.151669], [-74.24048, -13.152542], [-74.243517, -13.157994], [-74.246729, -13.16058], [-74.250704, -13.162221], [-74.250459, -13.163492]]}}, {"type": "Feature", "properties": {"ruta": "AY-661", "nombre": "Emp. PE-3S - Ishpico - Pta. Carretera.", "jerarquia": "departamental/vecinal", "departamento": "Ayacucho", "provincia": "Huanta", "distrito": "", "motivo": "last_mile_progresol", "progresol_servido": "MULTINEGOCIOS TITO", "progresol_direccion": "JR. GERVACIO SANTILLANA N° 926 ", "progresol_dist_m": 954.0, "puntos_criticos_1km": 2, "pc_lng": -74.26371, "pc_lat": -12.93359, "long_km": 1.71000004, "dist_min_m": 168.2, "peligro": "Inundación", "nivel": "Alto", "fid": 506}, "geometry": {"type": "LineString", "coordinates": [[-74.263553, -12.935101], [-74.266396, -12.936094], [-74.270813, -12.936298], [-74.274567, -12.935022], [-74.275311, -12.932414], [-74.276549, -12.932816]]}}, {"type": "Feature", "properties": {"ruta": "AY-622", "nombre": "Emp. AY-617 - Cedro Pata - Pta. Carretera.", "jerarquia": "departamental/vecinal", "departamento": "Ayacucho", "provincia": "Huanta", "distrito": "", "motivo": "last_mile_progresol", "progresol_servido": "CENTRO CERÁMICO TITO", "progresol_direccion": "Jr. TARAPACÁ N° 591-593 ", "progresol_dist_m": 1267.9, "puntos_criticos_1km": 2, "pc_lng": -74.24772, "pc_lat": -12.92867, "long_km": 0.8000000100000001, "dist_min_m": 333.9, "peligro": "Inundación, flujo de detritos, erosión fluvial", "nivel": " ", "fid": 507}, "geometry": {"type": "LineString", "coordinates": [[-74.249903, -12.926559], [-74.249466, -12.923582], [-74.248552, -12.923026], [-74.248733, -12.921581], [-74.248068, -12.922192]]}}, {"type": "Feature", "properties": {"ruta": "AY-620", "nombre": "Emp. AY-617 - Seccllas - Pta. Carretera.", "jerarquia": "departamental/vecinal", "departamento": "Ayacucho", "provincia": "Huanta", "distrito": "", "motivo": "last_mile_progresol", "progresol_servido": "MULTINEGOCIOS TITO", "progresol_direccion": "JR. GERVACIO SANTILLANA N° 926 ", "progresol_dist_m": 1823.7, "puntos_criticos_1km": 2, "pc_lng": -74.26223, "pc_lat": -12.91239, "long_km": 0.7099999800000001, "dist_min_m": 584.0, "peligro": "Inundación, flujo de detritos, erosión", "nivel": null, "fid": 508}, "geometry": {"type": "LineString", "coordinates": [[-74.25474, -12.921228], [-74.255771, -12.91898], [-74.258524, -12.916201]]}}, {"type": "Feature", "properties": {"ruta": "AY-660", "nombre": "Emp. PE-3S - Pta. Carretera.", "jerarquia": "departamental/vecinal", "departamento": "Ayacucho", "provincia": "Huanta", "distrito": "", "motivo": "last_mile_progresol", "progresol_servido": "MULTINEGOCIOS TITO", "progresol_direccion": "JR. GERVACIO SANTILLANA N° 926 ", "progresol_dist_m": 1137.6, "puntos_criticos_1km": 2, "pc_lng": -74.26371, "pc_lat": -12.93359, "long_km": 1.75999999, "dist_min_m": 251.7, "peligro": "Inundación", "nivel": "Alto", "fid": 509}, "geometry": {"type": "LineString", "coordinates": [[-74.262837, -12.930655], [-74.271173, -12.933429], [-74.27403, -12.930793], [-74.277014, -12.930751]]}}, {"type": "Feature", "properties": {"ruta": "AY-621", "nombre": "Emp. AY-617 - Pta. Carretera.", "jerarquia": "departamental/vecinal", "departamento": "Ayacucho", "provincia": "Huanta", "distrito": "", "motivo": "last_mile_progresol", "progresol_servido": "MULTINEGOCIOS TITO", "progresol_direccion": "JR. GERVACIO SANTILLANA N° 926 ", "progresol_dist_m": 1905.4, "puntos_criticos_1km": 2, "pc_lng": -74.26223, "pc_lat": -12.91239, "long_km": 1.3500000200000002, "dist_min_m": 649.3, "peligro": "Inundación, flujo de detritos, erosión", "nivel": null, "fid": 510}, "geometry": {"type": "LineString", "coordinates": [[-74.252967, -12.92062], [-74.255009, -12.917853], [-74.254496, -12.916376], [-74.25676, -12.909839]]}}, {"type": "Feature", "properties": {"ruta": "AY-620", "nombre": "Emp. AY-617 - Seccllas - Pta. Carretera.", "jerarquia": "departamental/vecinal", "departamento": "Ayacucho", "provincia": "Huanta", "distrito": "", "motivo": "last_mile_progresol", "progresol_servido": "MULTINEGOCIOS TITO", "progresol_direccion": "JR. GERVACIO SANTILLANA N° 926 ", "progresol_dist_m": 2410.3, "puntos_criticos_1km": 2, "pc_lng": -74.26223, "pc_lat": -12.91239, "long_km": 0.27000001, "dist_min_m": 372.1, "peligro": "Inundación, flujo de detritos, erosión", "nivel": null, "fid": 511}, "geometry": {"type": "LineString", "coordinates": [[-74.258524, -12.916201], [-74.259218, -12.913996]]}}, {"type": "Feature", "properties": {"ruta": "AN-897", "nombre": "Emp. PE-3N (Pte. Choquechaca).", "jerarquia": "departamental/vecinal", "departamento": "Áncash", "provincia": "Huaylas", "distrito": "", "motivo": "last_mile_progresol", "progresol_servido": "GRUPO SANTA INES S.A.C.", "progresol_direccion": "CAR.CENTRAL NRO. SN CENTRO CARAZ ", "progresol_dist_m": 960.1, "puntos_criticos_1km": 2, "pc_lng": -77.82198, "pc_lat": -8.99201, "long_km": 10.600000379999999, "dist_min_m": 192.8, "peligro": "Inundación", "nivel": " ", "fid": 512}, "geometry": {"type": "LineString", "coordinates": [[-77.82078, -9.0542], [-77.822417, -9.053765], [-77.823182, -9.052555], [-77.822332, -9.052386], [-77.824768, -9.051581], [-77.824892, -9.050265], [-77.829028, -9.048511], [-77.829852, -9.045637], [-77.835317, -9.041288], [-77.841334, -9.025991], [-77.840763, -9.022197], [-77.838359, -9.018354], [-77.838316, -9.016206], [-77.836114, -9.014069], [-77.835642, -9.011836], [-77.830622, -9.008835], [-77.828714, -9.006358], [-77.82662, -9.00626], [-77.824063, -9.004651], [-77.823841, -8.999195], [-77.822844, -8.996684], [-77.82336, -8.995893], [-77.820836, -8.9977], [-77.823843, -8.992411], [-77.823566, -8.990425]]}}, {"type": "Feature", "properties": {"ruta": "AN-730", "nombre": "Emp. AN-728 - Vista Alegre.", "jerarquia": "departamental/vecinal", "departamento": "Áncash", "provincia": "Huari", "distrito": "", "motivo": "last_mile_progresol", "progresol_servido": "MULTISERVICIO CUEVA", "progresol_direccion": "JR. SAN MARTIN S/N ", "progresol_dist_m": 1822.9, "puntos_criticos_1km": 2, "pc_lng": -77.17355, "pc_lat": -9.56414, "long_km": 2.7899999600000003, "dist_min_m": 361.2, "peligro": "Inundación, Erosión fluvial", "nivel": "Alto", "fid": 513}, "geometry": {"type": "LineString", "coordinates": [[-77.171767, -9.566873], [-77.171274, -9.572449], [-77.170473, -9.569058], [-77.170286, -9.56971], [-77.169577, -9.569133], [-77.169869, -9.570607], [-77.16878, -9.569276], [-77.166335, -9.568478], [-77.163442, -9.56902], [-77.162345, -9.568372], [-77.162254, -9.566949], [-77.163224, -9.56632]]}}, {"type": "Feature", "properties": {"ruta": "AN-733", "nombre": "Emp. AN-732 - Putcor - Chuna.", "jerarquia": "departamental/vecinal", "departamento": "Áncash", "provincia": "Huari", "distrito": "", "motivo": "last_mile_progresol", "progresol_servido": "MULTISERVICIO CUEVA", "progresol_direccion": "JR. SAN MARTIN S/N ", "progresol_dist_m": 1777.9, "puntos_criticos_1km": 2, "pc_lng": -77.19259, "pc_lat": -9.58989, "long_km": 6.63000011, "dist_min_m": 933.4, "peligro": "Erosión fluvial", "nivel": "Muy alto", "fid": 514}, "geometry": {"type": "LineString", "coordinates": [[-77.180456, -9.55522], [-77.183054, -9.558476], [-77.18462, -9.558394], [-77.184457, -9.561432], [-77.186223, -9.56133], [-77.186903, -9.563667], [-77.186402, -9.567006], [-77.187519, -9.566234], [-77.187411, -9.571293], [-77.188361, -9.569704], [-77.188595, -9.570307], [-77.189059, -9.567181], [-77.189755, -9.567856], [-77.1892, -9.580106], [-77.194203, -9.581645], [-77.194883, -9.580687], [-77.195741, -9.581097], [-77.197803, -9.580171], [-77.199528, -9.580895], [-77.198874, -9.580987]]}}, {"type": "Feature", "properties": {"ruta": "AN-735", "nombre": "Emp. AN-738 - Huishin - Cochao - Emp. AN-738.", "jerarquia": "departamental/vecinal", "departamento": "Áncash", "provincia": "Huari", "distrito": "", "motivo": "last_mile_progresol", "progresol_servido": "CORPORACION CAF S.A.C", "progresol_direccion": "AV. FLORIDA NRO. S/N CENT SAN MARCOS", "progresol_dist_m": 828.4, "puntos_criticos_1km": 2, "pc_lng": -77.16257, "pc_lat": -9.53462, "long_km": 8.229999540000001, "dist_min_m": 472.5, "peligro": "Inundación, Erosión fluvial", "nivel": "Alto", "fid": 515}, "geometry": {"type": "LineString", "coordinates": [[-77.16318, -9.530418], [-77.164647, -9.527697], [-77.164147, -9.526326], [-77.165187, -9.526654], [-77.166054, -9.528375], [-77.167847, -9.526855], [-77.167462, -9.53078], [-77.168405, -9.531569], [-77.170378, -9.531042], [-77.169694, -9.529446], [-77.170999, -9.525687], [-77.169624, -9.524186], [-77.170508, -9.522834], [-77.169643, -9.521484], [-77.16465, -9.518062], [-77.165279, -9.516594], [-77.163102, -9.513579], [-77.164457, -9.51198], [-77.165587, -9.507725], [-77.164089, -9.507011], [-77.164008, -9.505665], [-77.163699, -9.507185], [-77.162836, -9.506079], [-77.161429, -9.506765], [-77.163256, -9.507703], [-77.163054, -9.510289], [-77.162158, -9.511145], [-77.158995, -9.507784], [-77.157542, -9.504042]]}}, {"type": "Feature", "properties": {"ruta": "AN-732", "nombre": "Emp. AN-110 (Chavin de Huantar) - Machcas Alto - Shampon - Catayoc - Huaricocha - Rahua - Emp. AN-738 (Pte. Carhuascancha)", "jerarquia": "departamental/vecinal", "departamento": "Áncash", "provincia": "Huari", "distrito": "", "motivo": "last_mile_progresol", "progresol_servido": "MULTISERVICIO CUEVA", "progresol_direccion": "JR. SAN MARTIN S/N ", "progresol_dist_m": 182.4, "puntos_criticos_1km": 2, "pc_lng": -77.17355, "pc_lat": -9.56414, "long_km": 11.05000019, "dist_min_m": 852.7, "peligro": "Inundación, Erosión fluvial", "nivel": "Alto", "fid": 516}, "geometry": {"type": "LineString", "coordinates": [[-77.176971, -9.588396], [-77.178332, -9.587755], [-77.178155, -9.585623], [-77.179936, -9.580767], [-77.179815, -9.573139], [-77.18051, -9.575114], [-77.180363, -9.572033], [-77.181859, -9.570957], [-77.18171, -9.567595], [-77.182616, -9.565502], [-77.181339, -9.565112], [-77.18222, -9.561862], [-77.181265, -9.560593], [-77.181758, -9.55946], [-77.180124, -9.557356], [-77.180599, -9.557651], [-77.180382, -9.555374], [-77.181858, -9.550747], [-77.181258, -9.54812], [-77.182275, -9.547662], [-77.18524, -9.542826], [-77.181604, -9.540896], [-77.180551, -9.538634], [-77.180521, -9.536709], [-77.178321, -9.532954], [-77.179102, -9.531213], [-77.176858, -9.52622], [-77.176751, -9.523726], [-77.177605, -9.521994], [-77.175398, -9.518537], [-77.174466, -9.520938], [-77.174571, -9.51894], [-77.173141, -9.517331], [-77.172337, -9.513819]]}}, {"type": "Feature", "properties": {"ruta": "AN-959", "nombre": "Emp. PE-3N - Cochapampa.", "jerarquia": "departamental/vecinal", "departamento": "Áncash", "provincia": "Yungay", "distrito": "", "motivo": "last_mile_progresol", "progresol_servido": "GRUPO REGIONAL S.A.C", "progresol_direccion": "CAL.INDUSTRIAL NRO. S/N CENT. YUNGAY", "progresol_dist_m": 860.9, "puntos_criticos_1km": 2, "pc_lng": -77.73982, "pc_lat": -9.1414, "long_km": 1.62, "dist_min_m": 958.7, "peligro": "Inundación", "nivel": " ", "fid": 517}, "geometry": {"type": "LineString", "coordinates": [[-77.74457, -9.14864], [-77.746515, -9.149422], [-77.750157, -9.149024], [-77.750766, -9.146561], [-77.75479, -9.149612]]}}, {"type": "Feature", "properties": {"ruta": "AN-832", "nombre": "Emp. PE-3N (Caraz) a Loma (Yungay) - Emp. AN- 829.", "jerarquia": "departamental/vecinal", "departamento": "Áncash", "provincia": "Huaylas", "distrito": "", "motivo": "last_mile_progresol", "progresol_servido": "GRUPO REGIONAL S.A.C", "progresol_direccion": "AV. RAMON CASTILLA NRO. S.N. (NRO 537-FRTE AL MERCADO DE FRUTAS)", "progresol_dist_m": 251.0, "puntos_criticos_1km": 2, "pc_lng": -77.80682, "pc_lat": -9.03558, "long_km": 20.37999916, "dist_min_m": 104.1, "peligro": "Inundación", "nivel": " ", "fid": 518}, "geometry": {"type": "LineString", "coordinates": [[-77.740548, -9.064383], [-77.741734, -9.063731], [-77.748708, -9.063385], [-77.749128, -9.064445], [-77.751419, -9.061468], [-77.75585, -9.0606], [-77.759429, -9.057404], [-77.762019, -9.056591], [-77.763465, -9.053637], [-77.762289, -9.053925], [-77.763807, -9.052954], [-77.764835, -9.053713], [-77.76566, -9.057996], [-77.766286, -9.052595], [-77.76578, -9.050628], [-77.765037, -9.050518], [-77.766084, -9.050223], [-77.76585, -9.049711], [-77.766684, -9.050445], [-77.766479, -9.049471], [-77.770646, -9.045629], [-77.770911, -9.046315], [-77.771828, -9.045905], [-77.771563, -9.0453], [-77.772147, -9.045822], [-77.773139, -9.044483], [-77.771874, -9.044307], [-77.772984, -9.043653], [-77.775676, -9.044104], [-77.775647, -9.045289], [-77.776879, -9.044729], [-77.77746, -9.045172], [-77.776659, -9.045522], [-77.777697, -9.04557], [-77.778362, -9.043992], [-77.778813, -9.044267], [-77.777501, -9.042998], [-77.779997, -9.043815], [-77.781329, -9.042863], [-77.782164, -9.043865], [-77.781412, -9.045621], [-77.78314, -9.044279], [-77.789328, -9.043023], [-77.791104, -9.042162], [-77.790973, -9.041601], [-77.790797, -9.043055], [-77.793203, -9.0407], [-77.79272, -9.040347], [-77.793717, -9.040212], [-77.79287, -9.039845], [-77.794123, -9.039846], [-77.791544, -9.039274], [-77.795972, -9.039171], [-77.794691, -9.038361], [-77.796933, -9.038602], [-77.796731, -9.039061], [-77.798979, -9.038747], [-77.801556, -9.040896], [-77.804108, -9.038578], [-77.80414, -9.039468], [-77.804675, -9.039029], [-77.804307, -9.038056], [-77.799398, -9.036873], [-77.801622, -9.03657], [-77.797871, -9.035708], [-77.798355, -9.035474], [-77.805882, -9.036161], [-77.809151, -9.039045], [-77.809424, -9.039952], [-77.80784, -9.042253], [-77.810262, -9.040635], [-77.809506, -9.042569], [-77.809913, -9.051201]]}}, {"type": "Feature", "properties": {"ruta": "AN-963", "nombre": "Emp. AN-961 (Pte. Matacoto) - Muque.", "jerarquia": "departamental/vecinal", "departamento": "Áncash", "provincia": "Yungay", "distrito": "", "motivo": "last_mile_progresol", "progresol_servido": "GRUPO REGIONAL S.A.C", "progresol_direccion": "CAL.INDUSTRIAL NRO. S/N CENT. YUNGAY", "progresol_dist_m": 2900.0, "puntos_criticos_1km": 2, "pc_lng": -77.74886, "pc_lat": -9.17246, "long_km": 1.6100000099999998, "dist_min_m": 26.7, "peligro": "", "nivel": null, "fid": 519}, "geometry": {"type": "LineString", "coordinates": [[-77.748077, -9.172754], [-77.750022, -9.172814], [-77.753336, -9.169789], [-77.754055, -9.166332], [-77.75581, -9.165235], [-77.755903, -9.164276]]}}, {"type": "Feature", "properties": {"ruta": "AN-793", "nombre": "Emp. AN-792 - Cajamarquilla.", "jerarquia": "departamental/vecinal", "departamento": "Áncash", "provincia": "Carhuaz", "distrito": "", "motivo": "last_mile_progresol", "progresol_servido": "FERRETRIA MIKY", "progresol_direccion": "AV. PROGRESO NRO. S.N ", "progresol_dist_m": 711.8, "puntos_criticos_1km": 2, "pc_lng": -77.63315, "pc_lat": -9.28085, "long_km": 0.54000002, "dist_min_m": 537.3, "peligro": "Inundación", "nivel": " ", "fid": 520}, "geometry": {"type": "LineString", "coordinates": [[-77.637989, -9.282197], [-77.63815, -9.281014], [-77.641341, -9.279732]]}}, {"type": "Feature", "properties": {"ruta": "AN-793", "nombre": "Emp. AN-792 - Cajamarquilla.", "jerarquia": "departamental/vecinal", "departamento": "Áncash", "provincia": "Carhuaz", "distrito": "", "motivo": "last_mile_progresol", "progresol_servido": "FERRETRIA MIKY", "progresol_direccion": "AV. PROGRESO NRO. S.N ", "progresol_dist_m": 712.0, "puntos_criticos_1km": 2, "pc_lng": -77.63315, "pc_lat": -9.28085, "long_km": 0.60000002, "dist_min_m": 556.2, "peligro": "Inundación", "nivel": " ", "fid": 521}, "geometry": {"type": "LineString", "coordinates": [[-77.641341, -9.279732], [-77.638905, -9.277177], [-77.637575, -9.278404]]}}, {"type": "Feature", "properties": {"ruta": "AN-729", "nombre": "Emp. AN-728 - Quishu.", "jerarquia": "departamental/vecinal", "departamento": "Áncash", "provincia": "Huari", "distrito": "", "motivo": "last_mile_progresol", "progresol_servido": "CORPORACION CAF S.A.C", "progresol_direccion": "AV. FLORIDA NRO. S/N CENT SAN MARCOS", "progresol_dist_m": 2034.1, "puntos_criticos_1km": 2, "pc_lng": -77.163, "pc_lat": -9.53781, "long_km": 0.05, "dist_min_m": 634.8, "peligro": "Inundación, Erosión fluvial", "nivel": "Alto", "fid": 522}, "geometry": {"type": "LineString", "coordinates": [[-77.15901, -9.54195], [-77.158976, -9.542321]]}}, {"type": "Feature", "properties": {"ruta": "JU-724", "nombre": "Emp. JU-722 - Emp. JU-725.", "jerarquia": "departamental/vecinal", "departamento": "Junín", "provincia": "Jauja", "distrito": "", "motivo": "last_mile_progresol", "progresol_servido": "DISTRIBUIDORA CARRION", "progresol_direccion": "JR. 28 DE JULIO NRO. 440 ", "progresol_dist_m": 1489.4, "puntos_criticos_1km": 2, "pc_lng": -75.48247, "pc_lat": -11.7581, "long_km": 1.6499999800000003, "dist_min_m": 191.1, "peligro": "Inundación", "nivel": " ", "fid": 523}, "geometry": {"type": "LineString", "coordinates": [[-75.485152, -11.754857], [-75.483585, -11.761768], [-75.485774, -11.764315], [-75.485588, -11.768246]]}}, {"type": "Feature", "properties": {"ruta": "JU-841", "nombre": "Emp. PE-3S B - Emp. JU-840.", "jerarquia": "departamental/vecinal", "departamento": "Junín", "provincia": "Concepción", "distrito": "", "motivo": "last_mile_progresol", "progresol_servido": "FERRETERIA CADEMA", "progresol_direccion": "CARRETERA CENTRAL 1696 ", "progresol_dist_m": 2818.6, "puntos_criticos_1km": 2, "pc_lng": -75.30377, "pc_lat": -11.9507, "long_km": 0.8000000100000001, "dist_min_m": 441.2, "peligro": "Inundación", "nivel": "", "fid": 524}, "geometry": {"type": "LineString", "coordinates": [[-75.310287, -11.944674], [-75.30944, -11.946644], [-75.309825, -11.947497], [-75.307816, -11.95094]]}}, {"type": "Feature", "properties": {"ruta": "AN-1029", "nombre": "Emp. PE-1N (Comisaria De Casma) – Casma – Emp. AN - 1028", "jerarquia": "departamental/vecinal", "departamento": "Áncash", "provincia": "Casma", "distrito": "", "motivo": "last_mile_progresol", "progresol_servido": "CORPORACION CAF S.A.C", "progresol_direccion": "AV. LIBERTAD MZA. B2 LOTE. 17 URB. PV CASMA ZONA ESTE", "progresol_dist_m": 633.5, "puntos_criticos_1km": 2, "pc_lng": -78.30067, "pc_lat": -9.48483, "long_km": 0.41200000000000003, "dist_min_m": 337.1, "peligro": "", "nivel": "", "fid": 525}, "geometry": {"type": "LineString", "coordinates": [[-78.302832, -9.479765], [-78.301382, -9.481621], [-78.30006, -9.481863]]}}, {"type": "Feature", "properties": {"ruta": "AN-1030", "nombre": "Emp. PE-1N – Emp. AN-1029", "jerarquia": "departamental/vecinal", "departamento": "Áncash", "provincia": "Casma", "distrito": "", "motivo": "last_mile_progresol", "progresol_servido": "CORPORACION CAF S.A.C", "progresol_direccion": "AV. LIBERTAD MZA. B2 LOTE. 17 URB. PV CASMA ZONA ESTE", "progresol_dist_m": 5.9, "puntos_criticos_1km": 2, "pc_lng": -78.30067, "pc_lat": -9.48483, "long_km": 1.08500004, "dist_min_m": 783.9, "peligro": "", "nivel": "", "fid": 526}, "geometry": {"type": "LineString", "coordinates": [[-78.294813, -9.476827], [-78.29822, -9.476501], [-78.304033, -9.478569]]}}, {"type": "Feature", "properties": {"ruta": "IC-563", "nombre": "Emp. IC-564 - Pta de Carretera.", "jerarquia": "departamental/vecinal", "departamento": "Ica", "provincia": "Pisco", "distrito": "", "motivo": "last_mile_progresol", "progresol_servido": "A&G FORTALEZA", "progresol_direccion": "CAL. AUGUSTO B. LEGUIA NRO. 134 ", "progresol_dist_m": 1172.1, "puntos_criticos_1km": 2, "pc_lng": -76.19988, "pc_lat": -13.72281, "long_km": 0.47000000000000003, "dist_min_m": 883.6, "peligro": "Inundación, flujo de detritos, erosión", "nivel": null, "fid": 527}, "geometry": {"type": "LineString", "coordinates": [[-76.190831, -13.718622], [-76.194634, -13.71671]]}}, {"type": "Feature", "properties": {"ruta": "IC-561", "nombre": "Emp. PE-1S - Pachinga - Pta de Carretera.", "jerarquia": "departamental/vecinal", "departamento": "Ica", "provincia": "Pisco", "distrito": "", "motivo": "last_mile_progresol", "progresol_servido": "INVERSIONES DAANSAEL", "progresol_direccion": "CAL.LOS FLAMENCOS NRO. S/N LOT. SANTA MONICA (COSTADO DEL GRIFO Z)", "progresol_dist_m": 65.5, "puntos_criticos_1km": 2, "pc_lng": -76.1833, "pc_lat": -13.71513, "long_km": 3.25999999, "dist_min_m": 521.9, "peligro": "Inundación", "nivel": null, "fid": 528}, "geometry": {"type": "LineString", "coordinates": [[-76.15146, -13.706003], [-76.17734, -13.709465], [-76.178405, -13.709695], [-76.179979, -13.711719]]}}, {"type": "Feature", "properties": {"ruta": "IC-627", "nombre": "Emp. PE-1S C (Pte. Santa Rosa) - Las Mercedes - Emp. IC-626 (Santa Bárbara).", "jerarquia": "departamental/vecinal", "departamento": "Ica", "provincia": "Ica", "distrito": "", "motivo": "last_mile_progresol", "progresol_servido": "LA POSITIBA", "progresol_direccion": "AV. RENAN ELIAS NRO. 704 ", "progresol_dist_m": 552.4, "puntos_criticos_1km": 2, "pc_lng": -75.7117, "pc_lat": -14.02484, "long_km": 4.81400013, "dist_min_m": 157.0, "peligro": "Flujo de detritos, Erosión fluvial", "nivel": "Muy Alto", "fid": 529}, "geometry": {"type": "LineString", "coordinates": [[-75.713458, -14.03598], [-75.713505, -14.030869], [-75.712622, -14.027746], [-75.713363, -14.024592], [-75.710673, -14.020482], [-75.711465, -14.012582], [-75.709807, -14.007037], [-75.711071, -14.003919], [-75.71019, -14.000695], [-75.707358, -13.996651]]}}, {"type": "Feature", "properties": {"ruta": "IC-645", "nombre": "Emp. PE-1S C - Emp. IC-627.", "jerarquia": "departamental/vecinal", "departamento": "Ica", "provincia": "Ica", "distrito": "", "motivo": "last_mile_progresol", "progresol_servido": "LA POSITIBA", "progresol_direccion": "AV. RENAN ELIAS NRO. 704 ", "progresol_dist_m": 1223.1, "puntos_criticos_1km": 2, "pc_lng": -75.7117, "pc_lat": -14.02484, "long_km": 0.5870000100000001, "dist_min_m": 4.2, "peligro": "Flujo de detritos, Erosión fluvial", "nivel": "Muy Alto", "fid": 530}, "geometry": {"type": "LineString", "coordinates": [[-75.707817, -14.025478], [-75.711828, -14.024865], [-75.713075, -14.025369]]}}, {"type": "Feature", "properties": {"ruta": "IC-682", "nombre": "Emp. PE-1S (San Rafael) - Emp. IC-681.", "jerarquia": "departamental/vecinal", "departamento": "Ica", "provincia": "Ica", "distrito": "", "motivo": "last_mile_progresol", "progresol_servido": "JESUS MARTINEZ", "progresol_direccion": "MZA. E LOTE. 71A URB. VALLE ESMERALDA (COST. GRIFO PRIMAVERA-SUB LOT", "progresol_dist_m": 1332.8, "puntos_criticos_1km": 2, "pc_lng": -75.72325, "pc_lat": -14.11505, "long_km": 0.83999997, "dist_min_m": 675.3, "peligro": "Inundación, flujo de detritos, erosión", "nivel": null, "fid": 531}, "geometry": {"type": "LineString", "coordinates": [[-75.717225, -14.116705], [-75.709552, -14.116826]]}}, {"type": "Feature", "properties": {"ruta": "IC-653", "nombre": "Emp. IC-107 - Dv. Los Aquijes - Dv. Mina Cementos Lima - Yaurilla - 29 de Enero - Zona Nueva - Emp. IC-652.", "jerarquia": "departamental/vecinal", "departamento": "Ica", "provincia": "Ica", "distrito": "", "motivo": "last_mile_progresol", "progresol_servido": "LA POSITIBA", "progresol_direccion": "AV. RENAN ELIAS NRO. 704 ", "progresol_dist_m": 1964.7, "puntos_criticos_1km": 2, "pc_lng": -75.68754, "pc_lat": -14.04822, "long_km": 0.125, "dist_min_m": 765.1, "peligro": "Inundación, flujo de detritos, erosión", "nivel": null, "fid": 532}, "geometry": {"type": "LineString", "coordinates": [[-75.695183, -14.048933], [-75.694448, -14.049774]]}}, {"type": "Feature", "properties": {"ruta": "IC-654", "nombre": "Emp. IC-653 - La Rinconada - Emp. IC-653 (Zona Nueva).", "jerarquia": "departamental/vecinal", "departamento": "Ica", "provincia": "Ica", "distrito": "", "motivo": "last_mile_progresol", "progresol_servido": "LA POSITIBA", "progresol_direccion": "AV. RENAN ELIAS NRO. 704 ", "progresol_dist_m": 1542.2, "puntos_criticos_1km": 2, "pc_lng": -75.68754, "pc_lat": -14.04822, "long_km": 1.44599998, "dist_min_m": 441.0, "peligro": "Inundación, flujo de detritos, erosión", "nivel": null, "fid": 533}, "geometry": {"type": "LineString", "coordinates": [[-75.696949, -14.045156], [-75.691954, -14.043026], [-75.690622, -14.043289], [-75.689883, -14.044587], [-75.69346, -14.047886]]}}, {"type": "Feature", "properties": {"ruta": "IC-654", "nombre": "Emp. IC-653 - La Rinconada - Emp. IC-653 (Zona Nueva).", "jerarquia": "departamental/vecinal", "departamento": "Ica", "provincia": "Ica", "distrito": "", "motivo": "last_mile_progresol", "progresol_servido": "LA POSITIBA", "progresol_direccion": "AV. RENAN ELIAS NRO. 704 ", "progresol_dist_m": 2025.7, "puntos_criticos_1km": 2, "pc_lng": -75.68754, "pc_lat": -14.04822, "long_km": 0.29899999, "dist_min_m": 589.4, "peligro": "Inundación, flujo de detritos, erosión", "nivel": null, "fid": 534}, "geometry": {"type": "LineString", "coordinates": [[-75.69346, -14.047886], [-75.692555, -14.050399]]}}, {"type": "Feature", "properties": {"ruta": "IC-654", "nombre": "Emp. IC-653 - La Rinconada - Emp. IC-653 (Zona Nueva).", "jerarquia": "departamental/vecinal", "departamento": "Ica", "provincia": "Ica", "distrito": "", "motivo": "last_mile_progresol", "progresol_servido": "LA POSITIBA", "progresol_direccion": "AV. RENAN ELIAS NRO. 704 ", "progresol_dist_m": 2223.4, "puntos_criticos_1km": 2, "pc_lng": -75.68754, "pc_lat": -14.04822, "long_km": 0.133, "dist_min_m": 592.9, "peligro": "Inundación, flujo de detritos, erosión", "nivel": null, "fid": 535}, "geometry": {"type": "LineString", "coordinates": [[-75.692555, -14.050399], [-75.693709, -14.050791]]}}, {"type": "Feature", "properties": {"ruta": "AP-522", "nombre": "Emp. PE-3S (Uripa) - Emp. AP-102 (Dv. Huaccana).", "jerarquia": "departamental/vecinal", "departamento": "Apurímac", "provincia": "Chincheros", "distrito": "", "motivo": "last_mile_progresol", "progresol_servido": "GRUPO MACKRE", "progresol_direccion": "AV. LOS INCAS LOTE 3 (500M ANTES DE COMISARIA)", "progresol_dist_m": 35.9, "puntos_criticos_1km": 2, "pc_lng": -73.67077, "pc_lat": -13.53259, "long_km": 2.23000002, "dist_min_m": 435.2, "peligro": "Inundación, erosión fluvial", "nivel": "Alto", "fid": 536}, "geometry": {"type": "LineString", "coordinates": [[-73.67775, -13.533], [-73.670323, -13.5273], [-73.673443, -13.517821]]}}, {"type": "Feature", "properties": {"ruta": "PE-28A", "nombre": "Emp.PE-1S E (Dv. Huaytará) - Independencia - Humay - Huáncano - Pámpano (PE 28 D) - Pte. Huaytara - Pte. Cuyahuasi - Pte. Tullpa - Pte. Dos de Mayo - Pte. Muchic - Pte. Ana Teresa - Pte. Tsej Tsi - Pte. Tranca - Huaytará - Pte. Suyacuna - Pte. Mollep", "jerarquia": "nacional", "departamento": "Ayacucho", "provincia": " ", "distrito": "", "motivo": "last_mile_progresol", "progresol_servido": "FERRETERIA LA SOLUCION", "progresol_direccion": "AV. APUMAYLLA MZ Ñ - LTE. 06 ", "progresol_dist_m": 614.0, "puntos_criticos_1km": 2, "pc_lng": -74.23447, "pc_lat": -13.12941, "long_km": 0.6430000100000001, "dist_min_m": 810.1, "peligro": "Inundación, flujo de detritos, erosión fluvial", "nivel": " ", "fid": 537}, "geometry": {"type": "LineString", "coordinates": [[-74.229278, -13.134657], [-74.223395, -13.13655]]}}, {"type": "Feature", "properties": {"ruta": "PE-28A", "nombre": "Emp.PE-1S E (Dv. Huaytará) - Independencia - Humay - Huáncano - Pámpano (PE 28 D) - Pte. Huaytara - Pte. Cuyahuasi - Pte. Tullpa - Pte. Dos de Mayo - Pte. Muchic - Pte. Ana Teresa - Pte. Tsej Tsi - Pte. Tranca - Huaytará - Pte. Suyacuna - Pte. Mollep", "jerarquia": "nacional", "departamento": "Ayacucho", "provincia": " ", "distrito": "", "motivo": "last_mile_progresol", "progresol_servido": "FERRETERIA LA SOLUCION", "progresol_direccion": "AV. APUMAYLLA MZ Ñ - LTE. 06 ", "progresol_dist_m": 614.0, "puntos_criticos_1km": 2, "pc_lng": -74.23447, "pc_lat": -13.12941, "long_km": 0.9610000300000001, "dist_min_m": 809.4, "peligro": "Inundación, flujo de detritos, erosión fluvial", "nivel": " ", "fid": 538}, "geometry": {"type": "LineString", "coordinates": [[-74.228279, -13.142911], [-74.229278, -13.134657]]}}, {"type": "Feature", "properties": {"ruta": "PE-3SB", "nombre": "Emp. PE-3S (Dv. Pte. Stuart) - Muqui - Huancani - Sincos - Mito - Orcotuna - Sicaya - Pilcomayo (PE-24) - Huamancaca Chico - Tres de Diciembre - Chupuro - Viques - Emp. PE-3S (Huayucachi)", "jerarquia": "nacional", "departamento": "Junín", "provincia": " ", "distrito": "", "motivo": "last_mile_progresol", "progresol_servido": "FERRETERIA JUANITO", "progresol_direccion": "JR REAL # 867 ", "progresol_dist_m": 478.1, "puntos_criticos_1km": 2, "pc_lng": -75.26791, "pc_lat": -12.01217, "long_km": 4.98400021, "dist_min_m": 862.7, "peligro": null, "nivel": "", "fid": 539}, "geometry": {"type": "LineString", "coordinates": [[-75.29213, -11.985075], [-75.284113, -11.995146], [-75.271372, -12.023864]]}}, {"type": "Feature", "properties": {"ruta": "PE-1S", "nombre": "I.V. Santa Anita - Chincha Alta - Ica - Nazca - Dv. Camaná - Dv. Quilca (PE-1S D) - La Repartición (Dv. Arequipa) - Dv. Pto. Matarani (PE- 34) - La Joya - Dv. Moquegua (PE-36 A) - Dv. Ilo (PE-36) - Tacna (PE-38) - La Concordia (fr. Chile).", "jerarquia": "nacional", "departamento": "Lima", "provincia": " ", "distrito": "", "motivo": "last_mile_progresol", "progresol_servido": "INDUSFERR", "progresol_direccion": "CARRETERA PANAMERICANA SUR KM. 63 MZA. 03 LOTE. 14", "progresol_dist_m": 38.9, "puntos_criticos_1km": 2, "pc_lng": -76.73968, "pc_lat": -12.50491, "long_km": 5, "dist_min_m": 8.6, "peligro": "Inundación", "nivel": "", "fid": 540}, "geometry": {"type": "LineString", "coordinates": [[-76.75149, -12.465326], [-76.74171, -12.50085], [-76.735353, -12.510921]]}}, {"type": "Feature", "properties": {"ruta": "PE-3S", "nombre": "Repartición La Oroya (PE-22) - Huancayo - Izcuchaca (PE-26) - Mayoc - Ayacucho - Andahuaylas (PE-30 B) - Abancay - Anta - Cusco - Urcos - Ayaviri (PE-3S G) - Calapuja - Puno (PE-36 B) - Ilave - Pte. Internacional Desaguadero (fr. Bolivia).", "jerarquia": "nacional", "departamento": "Apurímac", "provincia": " ", "distrito": "", "motivo": "last_mile_progresol", "progresol_servido": "GRUPO MACKRE", "progresol_direccion": "AV. LOS INCAS LOTE 3 (500M ANTES DE COMISARIA)", "progresol_dist_m": 15.0, "puntos_criticos_1km": 2, "pc_lng": -73.67077, "pc_lat": -13.53259, "long_km": 11.36499977, "dist_min_m": 287.1, "peligro": "Inundación, erosión fluvial", "nivel": "Alto", "fid": 541}, "geometry": {"type": "LineString", "coordinates": [[-73.717552, -13.517179], [-73.717805, -13.515664], [-73.713369, -13.518165], [-73.714462, -13.514571], [-73.712145, -13.515854], [-73.713703, -13.513137], [-73.708416, -13.51531], [-73.704395, -13.515726], [-73.70205, -13.517224], [-73.70107, -13.519226], [-73.699721, -13.519301], [-73.701402, -13.521271], [-73.700089, -13.520822], [-73.693343, -13.526144], [-73.69142, -13.526686], [-73.689691, -13.531302], [-73.688368, -13.532096], [-73.688456, -13.533922], [-73.686664, -13.535369], [-73.684673, -13.535651], [-73.683626, -13.534024], [-73.678486, -13.532481], [-73.677082, -13.534261], [-73.673239, -13.53369], [-73.673652, -13.536131], [-73.678091, -13.537226], [-73.681458, -13.540895], [-73.677984, -13.539319], [-73.674044, -13.539361], [-73.670417, -13.540704]]}}, {"type": "Feature", "properties": {"ruta": "PE-14", "nombre": "Emp. PE-1N (Pte. Carrizales) - Dv. Buena Vista Alta - Yaután - Pariacoto - Yupash - Emp. PE-3N (Huaraz - Bolognesi)", "jerarquia": "nacional", "departamento": "Áncash", "provincia": " ", "distrito": "", "motivo": "last_mile_progresol", "progresol_servido": "EMPRESA DE SERVICIOS BARRETO", "progresol_direccion": "AV. CENTENARIO N° 1298 ", "progresol_dist_m": 750.4, "puntos_criticos_1km": 2, "pc_lng": -77.5361, "pc_lat": -9.5052, "long_km": 2.03500009, "dist_min_m": 685.3, "peligro": "Erosión fluvial", "nivel": "Alto", "fid": 542}, "geometry": {"type": "LineString", "coordinates": [[-77.544741, -9.513133], [-77.543207, -9.508433], [-77.544107, -9.507098], [-77.543083, -9.506178], [-77.542208, -9.506517], [-77.542622, -9.509517], [-77.539555, -9.51102], [-77.539076, -9.512752]]}}, {"type": "Feature", "properties": {"ruta": "PE-14", "nombre": "Emp. PE-1N (Pte. Carrizales) - Dv. Buena Vista Alta - Yaután - Pariacoto - Yupash - Emp. PE-3N (Huaraz - Bolognesi)", "jerarquia": "nacional", "departamento": "Áncash", "provincia": " ", "distrito": "", "motivo": "last_mile_progresol", "progresol_servido": "GRUPO SANTA INES S.A.C.", "progresol_direccion": "AV. CONF. INTER. OESTE NRO. 400 BR PATAY", "progresol_dist_m": 562.5, "puntos_criticos_1km": 2, "pc_lng": -77.53609, "pc_lat": -9.52469, "long_km": 1.0190000499999998, "dist_min_m": 459.9, "peligro": "Inundación, Erosión fluvial", "nivel": "Alto", "fid": 543}, "geometry": {"type": "LineString", "coordinates": [[-77.539076, -9.512752], [-77.537813, -9.518441], [-77.538682, -9.520158], [-77.538205, -9.521115]]}}, {"type": "Feature", "properties": {"ruta": "PE-3N", "nombre": "Repartición La Oroya (PE-22) - Huánuco (PE-18 A) - Conococha (PE-16) - Huaraz (PE-14 y PE-14 A) - Santiago de Chuco - Cajabamba - Cajamarca (PE-08 y PE-08 B) - Bambamarca - Cutervo (PE-3N C) - Huancabamba (PE-02 A) - Vado Grande (Fr. Ecuador)", "jerarquia": "nacional", "departamento": "Áncash", "provincia": " ", "distrito": "", "motivo": "last_mile_progresol", "progresol_servido": "GRUPO PAOLA S.A.C.", "progresol_direccion": "JR. AUGUSTO B LEGUIA NRO. 295 ", "progresol_dist_m": 460.3, "puntos_criticos_1km": 2, "pc_lng": -77.53609, "pc_lat": -9.52469, "long_km": 0.21799999, "dist_min_m": 493.9, "peligro": "Inundación, Erosión fluvial", "nivel": "Alto", "fid": 544}, "geometry": {"type": "LineString", "coordinates": [[-77.532551, -9.528715], [-77.532672, -9.527579]]}}, {"type": "Feature", "properties": {"ruta": "PE-20B", "nombre": "Emp. PE-20 (Ovalo 200 Millas) – Aeropuerto (Ovalo Faucett) – Av Faucett - Pte. Faucett – Av. Morales Duarez – Emp. PE 20 (Av. Nestor Gambetta). Incluye el acceso al Límite Provincial Lima - Callao Emp. Av. Paseo Japón).", "jerarquia": "nacional", "departamento": "Callao", "provincia": " ", "distrito": "", "motivo": "last_mile_progresol", "progresol_servido": "FERRETERIA 333", "progresol_direccion": "JR. JORGUE CHAVEZ 333 ", "progresol_dist_m": 687.2, "puntos_criticos_1km": 2, "pc_lng": -77.09904, "pc_lat": -12.03969, "long_km": 0.077, "dist_min_m": 32.5, "peligro": "Inundación", "nivel": null, "fid": 545}, "geometry": {"type": "LineString", "coordinates": [[-77.099302, -12.03955], [-77.099261, -12.040238]]}}, {"type": "Feature", "properties": {"ruta": "PE-32", "nombre": "Emp. PE-1S (Dv. Achanizo) - Achanizo – El Convento – Quicacha - Yanamachay - Incuyo - Coracora - Abra Tablacruz - Emp. PE-30 A (Puquio)", "jerarquia": "nacional", "departamento": "Ayacucho", "provincia": " ", "distrito": "", "motivo": "last_mile_progresol", "progresol_servido": "FERRETERIA ARACELY", "progresol_direccion": "JR. TACNA NRO. 302 (ESQUINA ENTRE JIRONES ICA Y TACNA)", "progresol_dist_m": 886.1, "puntos_criticos_1km": 2, "pc_lng": -74.10297, "pc_lat": -14.67683, "long_km": 2.21300006, "dist_min_m": 803.5, "peligro": "Inundación", "nivel": "", "fid": 546}, "geometry": {"type": "LineString", "coordinates": [[-74.107707, -14.682418], [-74.110558, -14.685562], [-74.110926, -14.687088], [-74.119285, -14.688075]]}}, {"type": "Feature", "properties": {"ruta": "PE-30A", "nombre": "Emp. PE-1S (Vista Alegre) - Huallhua - Abra Condorcencca - Lucanas - Puquio (PE-32) - Dv. Andamarca (PE-32 A) - Abra Yauriviri - Negromayo - Dv. Andahuaylas (PE-30 B) - Pampamarca - Abra Huashuaccasa - Abra Occe Occe - Abra Chicurumi - Dv. Caraybamba - C", "jerarquia": "nacional", "departamento": "Ayacucho", "provincia": " ", "distrito": "", "motivo": "last_mile_progresol", "progresol_servido": "FERRETERIA ARACELY", "progresol_direccion": "JR. TACNA NRO. 302 (ESQUINA ENTRE JIRONES ICA Y TACNA)", "progresol_dist_m": 886.1, "puntos_criticos_1km": 2, "pc_lng": -74.11061, "pc_lat": -14.67497, "long_km": 9.38899994, "dist_min_m": 107.2, "peligro": "Inundación", "nivel": "", "fid": 547}, "geometry": {"type": "LineString", "coordinates": [[-74.119285, -14.688075], [-74.120288, -14.684678], [-74.119708, -14.683233], [-74.116013, -14.682279], [-74.11543, -14.679943], [-74.113009, -14.677796], [-74.110403, -14.677337], [-74.109244, -14.674844], [-74.109784, -14.676761], [-74.108855, -14.677706], [-74.106352, -14.676027], [-74.106214, -14.672825], [-74.107414, -14.670522], [-74.104473, -14.671602], [-74.10409, -14.67101], [-74.106325, -14.669203], [-74.105146, -14.668616], [-74.105034, -14.667666], [-74.108, -14.667762], [-74.104792, -14.666993], [-74.104456, -14.66584], [-74.100772, -14.664273], [-74.10069, -14.66626], [-74.098092, -14.666904], [-74.098639, -14.667864], [-74.097635, -14.669527], [-74.098352, -14.672291], [-74.095505, -14.673095], [-74.090868, -14.676135], [-74.090422, -14.679332], [-74.088681, -14.676036]]}}, {"type": "Feature", "properties": {"ruta": "PE-14A", "nombre": "Emp. PE-3N (Huaraz) - Anyanga (PE-14 B) - Huantar - Succha - Pte. Pomachaca (PE-14 B) - Masin - Pte. Rahuapampa - Dv. Llamellín - Anra - Uco - Dv. Paucas - Huacaybamba - Cochabamba - Arancay - Jircan - Carpa - Monzón - Tasogrande - Sachavaca - Emp. PE-", "jerarquia": "nacional", "departamento": "Áncash", "provincia": " ", "distrito": "", "motivo": "last_mile_progresol", "progresol_servido": "INVERSIONES JM FAMASA IMPORT Y EXPORT S.A.C.", "progresol_direccion": "AV. PRIMAVERA NRO. S/N ", "progresol_dist_m": 714.4, "puntos_criticos_1km": 2, "pc_lng": -77.09808, "pc_lat": -9.36072, "long_km": 3.48900008, "dist_min_m": 845.2, "peligro": "Erosión fluvial", "nivel": "Muy alto", "fid": 548}, "geometry": {"type": "LineString", "coordinates": [[-77.120342, -9.387321], [-77.11804, -9.386345], [-77.11436, -9.382988], [-77.112639, -9.377009], [-77.109833, -9.371423], [-77.105353, -9.367953], [-77.101622, -9.367466]]}}, {"type": "Feature", "properties": {"ruta": "PE-1N", "nombre": "I.V. Santa Anita - I.V. Huacho - Chimbote - Ov. La Marina (PE-10 A) - Ov. El Milagro - Paiján - Mocupe - Reque - Chiclayo - Lambayeque - Pte. Grau - Pte. Sullana Dv. Talara - Máncora - Zorritos - Tumbes - Pte. Internacional de La Paz (fr. Ecuador).", "jerarquia": "nacional", "departamento": "Lima", "provincia": " ", "distrito": "", "motivo": "last_mile_progresol", "progresol_servido": "SANTA ANA CIRICIA RUA S.C.R.LT", "progresol_direccion": "AV. ALFREDO MENDIOLA MZA E LOTE 10 ASOC.PRO.VIV.LA ESTRELLA", "progresol_dist_m": 74.3, "puntos_criticos_1km": 2, "pc_lng": -77.07731, "pc_lat": -11.92795, "long_km": 0.6520000100000001, "dist_min_m": 933.5, "peligro": "Inundación", "nivel": null, "fid": 549}, "geometry": {"type": "LineString", "coordinates": [[-77.071446, -11.940355], [-77.071999, -11.934539]]}}, {"type": "Feature", "properties": {"ruta": "PE-3N", "nombre": "Repartición La Oroya (PE-22) - Huánuco (PE-18 A) - Conococha (PE-16) - Huaraz (PE-14 y PE-14 A) - Santiago de Chuco - Cajabamba - Cajamarca (PE-08 y PE-08 B) - Bambamarca - Cutervo (PE-3N C) - Huancabamba (PE-02 A) - Vado Grande (Fr. Ecuador)", "jerarquia": "nacional", "departamento": "Áncash", "provincia": " ", "distrito": "", "motivo": "last_mile_progresol", "progresol_servido": "GRUPO PAOLA S.A.C.", "progresol_direccion": "JR. AUGUSTO B LEGUIA NRO. 295 ", "progresol_dist_m": 394.4, "puntos_criticos_1km": 2, "pc_lng": -77.53609, "pc_lat": -9.52469, "long_km": 0.18799999, "dist_min_m": 379.5, "peligro": "Inundación, Erosión fluvial", "nivel": "Alto", "fid": 550}, "geometry": {"type": "LineString", "coordinates": [[-77.532672, -9.527579], [-77.53286, -9.525911]]}}, {"type": "Feature", "properties": {"ruta": "PE-18", "nombre": "Emp. PE-1N (Ov. Río Seco) - El Ahorcado - Sta Rosa - Sayán (PE-1N E) - Churín (Vía de Evitamiento) - Oyón (Jr. Cajatambo, Av Huánuco) - Abra Uchucchacua - Yanahuanca - Emp. PE-3N (Ambo)", "jerarquia": "nacional", "departamento": "Lima", "provincia": " ", "distrito": "", "motivo": "last_mile_progresol", "progresol_servido": "FERRETERIA PALMA", "progresol_direccion": "AV. VICTOR RAMIREZ HORNA ANDAHUASI MZA. A LOTE. 02", "progresol_dist_m": 52.8, "puntos_criticos_1km": 2, "pc_lng": -77.26512, "pc_lat": -11.14082, "long_km": 1.70000005, "dist_min_m": 753.7, "peligro": "Inundación", "nivel": "Alto", "fid": 551}, "geometry": {"type": "LineString", "coordinates": [[-77.261695, -11.146705], [-77.255257, -11.147134], [-77.246267, -11.145867]]}}, {"type": "Feature", "properties": {"ruta": "PE-3N", "nombre": "Repartición La Oroya (PE-22) - Huánuco (PE-18 A) - Conococha (PE-16) - Huaraz (PE-14 y PE-14 A) - Santiago de Chuco - Cajabamba - Cajamarca (PE-08 y PE-08 B) - Bambamarca - Cutervo (PE-3N C) - Huancabamba (PE-02 A) - Vado Grande (Fr. Ecuador)", "jerarquia": "nacional", "departamento": "Áncash", "provincia": " ", "distrito": "", "motivo": "last_mile_progresol", "progresol_servido": "DISMAD CARAZ E.I.R.L", "progresol_direccion": "BARRIO YURACOTO S/ N ", "progresol_dist_m": 2830.2, "puntos_criticos_1km": 2, "pc_lng": -77.82198, "pc_lat": -8.99201, "long_km": 1.4750000200000002, "dist_min_m": 6.0, "peligro": "Inundación", "nivel": " ", "fid": 552}, "geometry": {"type": "LineString", "coordinates": [[-77.818847, -9.00215], [-77.818615, -8.997491], [-77.820186, -8.992601], [-77.823001, -8.991295]]}}, {"type": "Feature", "properties": {"ruta": "PE-1SC", "nombre": "Emp. PE-1S (Pte. Los Maestros) - Ica (Acomayo – Miguel Grau – Armando Revoredo) - La Tinguiña - San Jose de Los Molinos - Huamani - Ramadillas - Dv. Ayaviri - Tambo - Emp. PE-28 A (Huaytara)", "jerarquia": "nacional", "departamento": "Ica", "provincia": " ", "distrito": "", "motivo": "last_mile_progresol", "progresol_servido": "LA POSITIBA", "progresol_direccion": "AV. RENAN ELIAS NRO. 704 ", "progresol_dist_m": 1017.8, "puntos_criticos_1km": 2, "pc_lng": -75.70795, "pc_lat": -14.02545, "long_km": 1.7389999600000001, "dist_min_m": 14.4, "peligro": "Flujo de detritos, Erosión fluvial", "nivel": "Muy Alto", "fid": 553}, "geometry": {"type": "LineString", "coordinates": [[-75.708302, -14.027323], [-75.705894, -14.017712], [-75.70561, -14.011889]]}}, {"type": "Feature", "properties": {"ruta": "PE-20B", "nombre": "Emp. PE-20 (Ovalo 200 Millas) – Aeropuerto (Ovalo Faucett) – Av Faucett - Pte. Faucett – Av. Morales Duarez – Emp. PE 20 (Av. Nestor Gambetta). Incluye el acceso al Límite Provincial Lima - Callao Emp. Av. Paseo Japón).", "jerarquia": "nacional", "departamento": "Callao", "provincia": " ", "distrito": "", "motivo": "last_mile_progresol", "progresol_servido": "MONTENEGRO SAC", "progresol_direccion": "AV. DE LA ALAMEDA MZA. K LOTE. 19 P  (ESPALDA DE MINKA-CDRA.32 AV.ARGENTINA)", "progresol_dist_m": 241.4, "puntos_criticos_1km": 2, "pc_lng": -77.09904, "pc_lat": -12.03969, "long_km": 1.79400003, "dist_min_m": 110.2, "peligro": "Inundación", "nivel": null, "fid": 554}, "geometry": {"type": "LineString", "coordinates": [[-77.09975, -12.040391], [-77.108665, -12.042013], [-77.115831, -12.040322]]}}, {"type": "Feature", "properties": {"ruta": "PE-20B", "nombre": "Emp. PE-20 (Ovalo 200 Millas) – Aeropuerto (Ovalo Faucett) – Av Faucett - Pte. Faucett – Av. Morales Duarez – Emp. PE 20 (Av. Nestor Gambetta). Incluye el acceso al Límite Provincial Lima - Callao Emp. Av. Paseo Japón).", "jerarquia": "nacional", "departamento": "Callao", "provincia": " ", "distrito": "", "motivo": "last_mile_progresol", "progresol_servido": "FERRETERIA DOMINGUEZ R Y M", "progresol_direccion": "MZ G 48 LT 12 SECTOR V ", "progresol_dist_m": 293.3, "puntos_criticos_1km": 2, "pc_lng": -77.09904, "pc_lat": -12.03969, "long_km": 2.0510001200000003, "dist_min_m": 32.7, "peligro": "Inundación", "nivel": null, "fid": 555}, "geometry": {"type": "LineString", "coordinates": [[-77.1062, -12.022437], [-77.100035, -12.034093], [-77.099302, -12.03955]]}}, {"type": "Feature", "properties": {"ruta": "PE-20B", "nombre": "Emp. PE-20 (Ovalo 200 Millas) – Aeropuerto (Ovalo Faucett) – Av Faucett - Pte. Faucett – Av. Morales Duarez – Emp. PE 20 (Av. Nestor Gambetta). Incluye el acceso al Límite Provincial Lima - Callao Emp. Av. Paseo Japón).", "jerarquia": "nacional", "departamento": "Callao", "provincia": " ", "distrito": "", "motivo": "last_mile_progresol", "progresol_servido": "FERRETERIA 333", "progresol_direccion": "JR. JORGUE CHAVEZ 333 ", "progresol_dist_m": 687.2, "puntos_criticos_1km": 2, "pc_lng": -77.09904, "pc_lat": -12.03969, "long_km": 0.056, "dist_min_m": 65.9, "peligro": "Inundación", "nivel": null, "fid": 556}, "geometry": {"type": "LineString", "coordinates": [[-77.099261, -12.040238], [-77.09975, -12.040391]]}}, {"type": "Feature", "properties": {"ruta": "PE-1SC", "nombre": "Emp. PE-1S (Pte. Los Maestros) - Ica (Acomayo – Miguel Grau – Armando Revoredo) - La Tinguiña - San Jose de Los Molinos - Huamani - Ramadillas - Dv. Ayaviri - Tambo - Emp. PE-28 A (Huaytara)", "jerarquia": "nacional", "departamento": "Ica", "provincia": " ", "distrito": "", "motivo": "last_mile_progresol", "progresol_servido": "LA POSITIBA", "progresol_direccion": "AV. RENAN ELIAS NRO. 704 ", "progresol_dist_m": 265.4, "puntos_criticos_1km": 2, "pc_lng": -75.70795, "pc_lat": -14.02545, "long_km": 1.05200005, "dist_min_m": 212.2, "peligro": "Flujo de detritos, Erosión fluvial", "nivel": "Muy Alto", "fid": 557}, "geometry": {"type": "LineString", "coordinates": [[-75.710625, -14.036491], [-75.708302, -14.027323]]}}, {"type": "Feature", "properties": {"ruta": "PE-1N", "nombre": "I.V. Santa Anita - I.V. Huacho - Chimbote - Ov. La Marina (PE-10 A) - Ov. El Milagro - Paiján - Mocupe - Reque - Chiclayo - Lambayeque - Pte. Grau - Pte. Sullana Dv. Talara - Máncora - Zorritos - Tumbes - Pte. Internacional de La Paz (fr. Ecuador).", "jerarquia": "nacional", "departamento": "Lima", "provincia": " ", "distrito": "", "motivo": "last_mile_progresol", "progresol_servido": "FERRETERIA TORRES", "progresol_direccion": "AV JOSE CARLOS MARIATEGUI 127 COOP ", "progresol_dist_m": 570.2, "puntos_criticos_1km": 2, "pc_lng": -76.99119, "pc_lat": -12.02699, "long_km": 2.66700006, "dist_min_m": 922.0, "peligro": "Erosión fluvial", "nivel": "Muy alto", "fid": 558}, "geometry": {"type": "LineString", "coordinates": [[-76.97513, -12.053948], [-76.976885, -12.05095], [-76.986787, -12.041846], [-76.989292, -12.035068]]}}, {"type": "Feature", "properties": {"ruta": "PE-32", "nombre": "Emp. PE-1S (Dv. Achanizo) - Achanizo – El Convento – Quicacha - Yanamachay - Incuyo - Coracora - Abra Tablacruz - Emp. PE-30 A (Puquio)", "jerarquia": "nacional", "departamento": "Ayacucho", "provincia": " ", "distrito": "", "motivo": "last_mile_progresol", "progresol_servido": "FERRETERIA ARACELY", "progresol_direccion": "JR. TACNA NRO. 302 (ESQUINA ENTRE JIRONES ICA Y TACNA)", "progresol_dist_m": 2264.2, "puntos_criticos_1km": 2, "pc_lng": -74.10297, "pc_lat": -14.67683, "long_km": 18.26499939, "dist_min_m": 25.9, "peligro": "Inundación", "nivel": "", "fid": 559}, "geometry": {"type": "LineString", "coordinates": [[-74.066956, -14.745196], [-74.067798, -14.743772], [-74.067065, -14.743515], [-74.067034, -14.741661], [-74.065741, -14.739319], [-74.067787, -14.737568], [-74.067961, -14.738861], [-74.066958, -14.740513], [-74.068174, -14.740919], [-74.069284, -14.743248], [-74.068464, -14.740302], [-74.070278, -14.737476], [-74.069622, -14.734991], [-74.071594, -14.735649], [-74.071618, -14.738357], [-74.072895, -14.735489], [-74.073394, -14.738413], [-74.073915, -14.737129], [-74.076891, -14.735624], [-74.077322, -14.733908], [-74.080206, -14.731928], [-74.071432, -14.73037], [-74.071854, -14.7272], [-74.071236, -14.725113], [-74.073114, -14.724016], [-74.073862, -14.7252], [-74.074024, -14.724065], [-74.068691, -14.723391], [-74.069407, -14.722731], [-74.068216, -14.722635], [-74.07213, -14.721889], [-74.074974, -14.720274], [-74.077005, -14.715908], [-74.078701, -14.717125], [-74.082422, -14.714275], [-74.085958, -14.713173], [-74.086912, -14.711438], [-74.089015, -14.712453], [-74.090469, -14.711748], [-74.090237, -14.708556], [-74.092228, -14.703627], [-74.093775, -14.702414], [-74.093929, -14.699448], [-74.093141, -14.698222], [-74.093763, -14.696611], [-74.092923, -14.695684], [-74.093908, -14.694647], [-74.096018, -14.694582], [-74.09576, -14.690439], [-74.098854, -14.690681], [-74.099661, -14.689929], [-74.098785, -14.688538], [-74.099054, -14.687317], [-74.101102, -14.686161], [-74.100677, -14.684352], [-74.101313, -14.681916], [-74.103165, -14.680313], [-74.102405, -14.679022], [-74.102587, -14.67647], [-74.104051, -14.677441], [-74.105553, -14.680948], [-74.107707, -14.682418]]}}, {"type": "Feature", "properties": {"ruta": "AN-110", "nombre": "Emp. PE-3N (Catac) - Buenos Aires - Tambillos - Chavin de Huantar - San Marcos - Emp. PE-14 A (Succha).", "jerarquia": "departamental/vecinal", "departamento": "Áncash", "provincia": "Huari", "distrito": "", "motivo": "last_mile_progresol", "progresol_servido": "MULTISERVICIO CUEVA", "progresol_direccion": "JR. SAN MARTIN S/N ", "progresol_dist_m": 2216.1, "puntos_criticos_1km": 2, "pc_lng": -77.17355, "pc_lat": -9.56414, "long_km": 1.005, "dist_min_m": 166.1, "peligro": "Inundación, Erosión fluvial", "nivel": "Alto", "fid": 560}, "geometry": {"type": "LineString", "coordinates": [[-77.177052, -9.568498], [-77.176911, -9.56663], [-77.1739, -9.561826], [-77.174471, -9.560584]]}}, {"type": "Feature", "properties": {"ruta": "AN-110", "nombre": "Emp. PE-3N (Catac) - Buenos Aires - Tambillos - Chavin de Huantar - San Marcos - Emp. PE-14 A (Succha).", "jerarquia": "departamental/vecinal", "departamento": "Áncash", "provincia": "Huari", "distrito": "", "motivo": "last_mile_progresol", "progresol_servido": "CORPORACION CAF S.A.C", "progresol_direccion": "AV. FLORIDA NRO. S/N CENT SAN MARCOS", "progresol_dist_m": 1516.0, "puntos_criticos_1km": 2, "pc_lng": -77.163, "pc_lat": -9.53781, "long_km": 0.184, "dist_min_m": 30.2, "peligro": "Inundación, Erosión fluvial", "nivel": "Alto", "fid": 561}, "geometry": {"type": "LineString", "coordinates": [[-77.163276, -9.537696], [-77.162405, -9.536309]]}}, {"type": "Feature", "properties": {"ruta": "AN-110", "nombre": "Emp. PE-3N (Catac) - Buenos Aires - Tambillos - Chavin de Huantar - San Marcos - Emp. PE-14 A (Succha).", "jerarquia": "departamental/vecinal", "departamento": "Áncash", "provincia": "Huari", "distrito": "", "motivo": "last_mile_progresol", "progresol_servido": "CORPORACION CAF S.A.C", "progresol_direccion": "AV. FLORIDA NRO. S/N CENT SAN MARCOS", "progresol_dist_m": 1695.5, "puntos_criticos_1km": 2, "pc_lng": -77.163, "pc_lat": -9.53781, "long_km": 0.08700000000000001, "dist_min_m": 33.0, "peligro": "Inundación, Erosión fluvial", "nivel": "Alto", "fid": 562}, "geometry": {"type": "LineString", "coordinates": [[-77.163856, -9.538227], [-77.163276, -9.537696]]}}, {"type": "Feature", "properties": {"ruta": "AN-110", "nombre": "Emp. PE-3N (Catac) - Buenos Aires - Tambillos - Chavin de Huantar - San Marcos - Emp. PE-14 A (Succha).", "jerarquia": "departamental/vecinal", "departamento": "Áncash", "provincia": "Huari", "distrito": "", "motivo": "last_mile_progresol", "progresol_servido": "MULTISERVICIO CUEVA", "progresol_direccion": "JR. SAN MARTIN S/N ", "progresol_dist_m": 370.3, "puntos_criticos_1km": 2, "pc_lng": -77.17796, "pc_lat": -9.59768, "long_km": 0.9129999900000001, "dist_min_m": 54.0, "peligro": "Inundación, Erosión fluvial", "nivel": "Alto", "fid": 563}, "geometry": {"type": "LineString", "coordinates": [[-77.17741, -9.598497], [-77.177222, -9.597016], [-77.174597, -9.594184], [-77.175371, -9.591683]]}}, {"type": "Feature", "properties": {"ruta": "AN-110", "nombre": "Emp. PE-3N (Catac) - Buenos Aires - Tambillos - Chavin de Huantar - San Marcos - Emp. PE-14 A (Succha).", "jerarquia": "departamental/vecinal", "departamento": "Áncash", "provincia": "Huari", "distrito": "", "motivo": "last_mile_progresol", "progresol_servido": "MULTISERVICIO CUEVA", "progresol_direccion": "JR. SAN MARTIN S/N ", "progresol_dist_m": 1151.2, "puntos_criticos_1km": 2, "pc_lng": -77.17796, "pc_lat": -9.59768, "long_km": 0.18099999, "dist_min_m": 108.8, "peligro": "Inundación, Erosión fluvial", "nivel": "Alto", "fid": 564}, "geometry": {"type": "LineString", "coordinates": [[-77.178233, -9.599778], [-77.17741, -9.598497]]}}, {"type": "Feature", "properties": {"ruta": "AN-107", "nombre": "Emp. PE-3N (Carhuaz) - Pte. Pucarami - Shilla – Tunel Punta Olimpica - Pte. Armas - Pte. Toma - Chacas – Acochaca - Pte. Acochaca - Emp. PE-14 C (San Luis).", "jerarquia": "departamental/vecinal", "departamento": "Áncash", "provincia": "Carhuaz", "distrito": "", "motivo": "last_mile_progresol", "progresol_servido": "FERRETRIA MIKY", "progresol_direccion": "AV. PROGRESO NRO. S.N ", "progresol_dist_m": 217.9, "puntos_criticos_1km": 2, "pc_lng": -77.65188, "pc_lat": -9.2818, "long_km": 1.0420000600000001, "dist_min_m": 619.0, "peligro": "Inundación", "nivel": " ", "fid": 565}, "geometry": {"type": "LineString", "coordinates": [[-77.646851, -9.284315], [-77.644772, -9.282033], [-77.645969, -9.280809], [-77.645085, -9.279773], [-77.647194, -9.277401]]}}, {"type": "Feature", "properties": {"ruta": "AN-110", "nombre": "Emp. PE-3N (Catac) - Buenos Aires - Tambillos - Chavin de Huantar - San Marcos - Emp. PE-14 A (Succha).", "jerarquia": "departamental/vecinal", "departamento": "Áncash", "provincia": "Huari", "distrito": "", "motivo": "last_mile_progresol", "progresol_servido": "CORPORACION CAF S.A.C", "progresol_direccion": "AV. FLORIDA NRO. S/N CENT SAN MARCOS", "progresol_dist_m": 862.0, "puntos_criticos_1km": 2, "pc_lng": -77.16257, "pc_lat": -9.53462, "long_km": 0.6629999900000001, "dist_min_m": 104.0, "peligro": "Inundación, Erosión fluvial", "nivel": "Alto", "fid": 566}, "geometry": {"type": "LineString", "coordinates": [[-77.162405, -9.536309], [-77.159814, -9.531]]}}, {"type": "Feature", "properties": {"ruta": "JU-108", "nombre": "Emp. PE-3S (Huancayo) - Vilcacoto - Acopalca - Abra Huaytapallana - Chilifruta - Pte. Lampa - Lampa - Pariahuanca - Ojaro - Panti - Tambo - Huachicña - Lircana - Sto. Domingo de Acobamba - Andamarca - Matapata - Tambo - Emp. PE-24 A (Runatullopampa).", "jerarquia": "departamental/vecinal", "departamento": "Junín", "provincia": "Huancayo", "distrito": "", "motivo": "last_mile_progresol", "progresol_servido": "DISTRIBUIDORA UCHIYAMA", "progresol_direccion": "JR. PACHITEA # 202 ", "progresol_dist_m": 415.2, "puntos_criticos_1km": 2, "pc_lng": -75.22038, "pc_lat": -12.07067, "long_km": 1.24800003, "dist_min_m": 564.2, "peligro": "Inundación, erosión", "nivel": "Muy alto", "fid": 567}, "geometry": {"type": "LineString", "coordinates": [[-75.215681, -12.068517], [-75.207539, -12.064011], [-75.208218, -12.062253]]}}, {"type": "Feature", "properties": {"ruta": "LM-101", "nombre": "Emp. PE-1N (Dv. Huacho) - Huacho - Huara - Emp. PE-1N (Dv. Vegueta).", "jerarquia": "departamental/vecinal", "departamento": "Lima", "provincia": "Huaura", "distrito": "", "motivo": "last_mile_progresol", "progresol_servido": "DISTRIBUIDORA FERRETERA ANTHONY S.R.L.", "progresol_direccion": "AV. CRUZ BLANCA NRO. 2380 ", "progresol_dist_m": 2.0, "puntos_criticos_1km": 2, "pc_lng": -77.60315, "pc_lat": -11.07686, "long_km": 4.1079998, "dist_min_m": 563.8, "peligro": "Inundación", "nivel": "Medio", "fid": 568}, "geometry": {"type": "LineString", "coordinates": [[-77.595526, -11.106466], [-77.596142, -11.099801], [-77.594908, -11.095214], [-77.59834, -11.074706], [-77.59778, -11.070052]]}}, {"type": "Feature", "properties": {"ruta": "UC-112", "nombre": "Emp. PE-18 C (Pucallpa) - Santa Rosa de Masisea -Vista Alegre - Cunchuri - Nueva Samaría - Iparia - Amaquiria - Nuevo Paraíso - Santa Ana - Bolognesi - Galilea - Unini - Santa Rosa - Atalaya - Mapalca - Penal del Sepa - Bufeo Pozo - Pta. Carretera", "jerarquia": "departamental/vecinal", "departamento": "Ucayali", "provincia": "Coronel Portillo", "distrito": "", "motivo": "last_mile_progresol", "progresol_servido": "CONSORCIO FERRETERO CCASANIS SAC", "progresol_direccion": "JR. LAS MERCEDES 3 ", "progresol_dist_m": 1938.1, "puntos_criticos_1km": 2, "pc_lng": -74.53012, "pc_lat": -8.39503, "long_km": 36.90000153, "dist_min_m": 633.0, "peligro": "Inundación", "nivel": null, "fid": 569}, "geometry": {"type": "LineString", "coordinates": [[-74.5367, -8.379428], [-74.529878, -8.384293], [-74.534239, -8.390427], [-74.535184, -8.390148], [-74.537126, -8.401256], [-74.536327, -8.401506], [-74.541229, -8.408382], [-74.541617, -8.414207], [-74.543361, -8.416018], [-74.545008, -8.420105], [-74.543782, -8.422663], [-74.541487, -8.422579], [-74.536939, -8.426309], [-74.531746, -8.42599], [-74.523656, -8.423204], [-74.515435, -8.423526], [-74.51116, -8.442851], [-74.509491, -8.444596], [-74.507405, -8.450382], [-74.509864, -8.450641], [-74.516476, -8.464623], [-74.517911, -8.474311], [-74.515857, -8.479069], [-74.508368, -8.483846], [-74.501576, -8.48469], [-74.494291, -8.483984], [-74.49195, -8.485881], [-74.490214, -8.484858], [-74.486303, -8.48572], [-74.480591, -8.49439], [-74.47973, -8.497039], [-74.478325, -8.497154], [-74.47137, -8.505774], [-74.456977, -8.517106], [-74.445505, -8.513488], [-74.435725, -8.513714], [-74.429408, -8.516117], [-74.423453, -8.521528], [-74.414261, -8.521863], [-74.404258, -8.514922], [-74.402929, -8.516332], [-74.392141, -8.520934], [-74.38142, -8.529688], [-74.385392, -8.535827], [-74.37618, -8.544874], [-74.371635, -8.546012]]}}, {"type": "Feature", "properties": {"ruta": "UC-584", "nombre": "Emp. PE-18 C (San Jorge) - Los Vencedores - 10 de Julio - Emp. UC-583.", "jerarquia": "departamental/vecinal", "departamento": "Ucayali", "provincia": "Coronel Portillo", "distrito": "", "motivo": "last_mile_progresol", "progresol_servido": "COMERCIAL FERRETERA EUROPA", "progresol_direccion": "JR MARIANO GAMOZA MZ 70 LT 1A ", "progresol_dist_m": 1670.6, "puntos_criticos_1km": 1, "pc_lng": -74.81332, "pc_lat": -8.4832, "long_km": 9.71000004, "dist_min_m": 648.6, "peligro": "Inundación", "nivel": null, "fid": 570}, "geometry": {"type": "LineString", "coordinates": [[-74.819209, -8.482925], [-74.861271, -8.438763], [-74.864715, -8.436222], [-74.866297, -8.432053], [-74.871332, -8.427333], [-74.871932, -8.424882], [-74.875495, -8.419338], [-74.877311, -8.419782]]}}, {"type": "Feature", "properties": {"ruta": "UC-598", "nombre": "Emp. PE-18 C (Santa Teresa) - Alto Manantay - San Martín de Mojoral - Túpac Amaru Limón - San Cristóbal de Agua Blanca - Pta. Carretera.", "jerarquia": "departamental/vecinal", "departamento": "Ucayali", "provincia": "Coronel Portillo", "distrito": "", "motivo": "last_mile_progresol", "progresol_servido": "COMERCIAL FERRETERA EUROPA", "progresol_direccion": "JR MARIANO GAMOZA MZ 70 LT 1A ", "progresol_dist_m": 2275.9, "puntos_criticos_1km": 1, "pc_lng": -74.79516, "pc_lat": -8.473, "long_km": 7.92000008, "dist_min_m": 977.5, "peligro": "Inundación", "nivel": null, "fid": 571}, "geometry": {"type": "LineString", "coordinates": [[-74.789678, -8.462275], [-74.785973, -8.467213], [-74.78627, -8.472911], [-74.784815, -8.474828], [-74.778592, -8.489605], [-74.779826, -8.493721], [-74.779597, -8.497031], [-74.774562, -8.499073], [-74.767366, -8.498336], [-74.76541, -8.502848], [-74.759984, -8.506228], [-74.757301, -8.510405], [-74.756625, -8.514448]]}}, {"type": "Feature", "properties": {"ruta": "LM-761", "nombre": "Emp. PE-22 (San Mateo) - San José de Parac - Chanape - Pta. Carretera.", "jerarquia": "departamental/vecinal", "departamento": "Lima", "provincia": "Huarochirí", "distrito": "", "motivo": "last_mile_progresol", "progresol_servido": "FERRETERIA PERFILES", "progresol_direccion": "CAR CENTRAL KM 95 MZ A LT 8 BARRIO PITE", "progresol_dist_m": 742.4, "puntos_criticos_1km": 1, "pc_lng": -76.29592, "pc_lat": -11.75582, "long_km": 24.11000061, "dist_min_m": 609.9, "peligro": "Inundación", "nivel": "", "fid": 572}, "geometry": {"type": "LineString", "coordinates": [[-76.237673, -11.859447], [-76.237328, -11.858301], [-76.23684, -11.862386], [-76.236027, -11.858369], [-76.236181, -11.852257], [-76.233617, -11.846692], [-76.233312, -11.840664], [-76.230953, -11.836225], [-76.230356, -11.833092], [-76.23345, -11.824879], [-76.237744, -11.819664], [-76.238627, -11.820115], [-76.238402, -11.81923], [-76.24043, -11.817282], [-76.242598, -11.812763], [-76.243847, -11.811563], [-76.245249, -11.811602], [-76.245345, -11.810576], [-76.246691, -11.810684], [-76.246662, -11.809755], [-76.248196, -11.809646], [-76.248841, -11.808147], [-76.248739, -11.805321], [-76.24806, -11.806683], [-76.248434, -11.804886], [-76.249714, -11.804314], [-76.252291, -11.805517], [-76.257567, -11.803292], [-76.257027, -11.802402], [-76.255338, -11.80354], [-76.253703, -11.803591], [-76.258607, -11.800269], [-76.257893, -11.799761], [-76.26155, -11.79695], [-76.268335, -11.798985], [-76.271303, -11.798481], [-76.273637, -11.796639], [-76.275993, -11.797169], [-76.276707, -11.794549], [-76.278349, -11.795111], [-76.278428, -11.795918], [-76.280974, -11.795562], [-76.281784, -11.794476], [-76.283314, -11.795174], [-76.28458, -11.793407], [-76.285927, -11.793034], [-76.28532, -11.790016], [-76.285993, -11.788656], [-76.288184, -11.786888], [-76.289895, -11.78667], [-76.28836, -11.784201], [-76.291926, -11.785236], [-76.292288, -11.784444], [-76.293318, -11.78462], [-76.293527, -11.78332], [-76.296654, -11.782303], [-76.296068, -11.781287], [-76.296627, -11.780283], [-76.296622, -11.781494], [-76.297697, -11.78219], [-76.297084, -11.781433], [-76.297222, -11.776107], [-76.297341, -11.77806], [-76.299628, -11.782991], [-76.298586, -11.776093], [-76.300474, -11.772608], [-76.299489, -11.771485], [-76.30136, -11.765674], [-76.298744, -11.760682], [-76.300213, -11.762023], [-76.299162, -11.760368], [-76.30027, -11.759268]]}}, {"type": "Feature", "properties": {"ruta": "LM-652", "nombre": "Emp. PE-1N - Luriama - Emp. PE-1N.", "jerarquia": "departamental/vecinal", "departamento": "Lima", "provincia": "Huaura", "distrito": "", "motivo": "last_mile_progresol", "progresol_servido": "COMERCIAL Y DISTRIBUIDORA CENTENARIO S.A.C.", "progresol_direccion": "AV. CENTENARIO NRO. 702 INT. 1 A.H. ", "progresol_dist_m": 45.8, "puntos_criticos_1km": 1, "pc_lng": -77.58722, "pc_lat": -11.09573, "long_km": 4.51000023, "dist_min_m": 279.2, "peligro": "Inundación", "nivel": "", "fid": 573}, "geometry": {"type": "LineString", "coordinates": [[-77.591141, -11.107522], [-77.579779, -11.109252], [-77.577445, -11.108524], [-77.576091, -11.106637], [-77.573412, -11.094416], [-77.585294, -11.094078]]}}, {"type": "Feature", "properties": {"ruta": "LM-716", "nombre": "Emp. LM-711 - Pta. Carretera.", "jerarquia": "departamental/vecinal", "departamento": "Lima", "provincia": "Lima", "distrito": "", "motivo": "last_mile_progresol", "progresol_servido": "FERRETERIA TORRES", "progresol_direccion": "AV. LAS TORRES MZA. B LOTE. 1 URB. (CHOSICA)", "progresol_dist_m": 1049.3, "puntos_criticos_1km": 1, "pc_lng": -76.91471, "pc_lat": -11.99753, "long_km": 2.55999994, "dist_min_m": 717.8, "peligro": "Inundación", "nivel": null, "fid": 574}, "geometry": {"type": "LineString", "coordinates": [[-76.934929, -11.988731], [-76.927715, -11.984394], [-76.926327, -11.986092], [-76.924424, -11.985263], [-76.923883, -11.986056], [-76.922832, -11.985566], [-76.919031, -11.990233], [-76.918354, -11.992141]]}}, {"type": "Feature", "properties": {"ruta": "LM-811", "nombre": "Emp. PE-1S - Emp. LM-812.", "jerarquia": "departamental/vecinal", "departamento": "Lima", "provincia": "Cañete", "distrito": "", "motivo": "last_mile_progresol", "progresol_servido": "FERRETERIA SAN JOSÉ", "progresol_direccion": "CALLE LA AMISTAD MZ A LT 16 ", "progresol_dist_m": 419.9, "puntos_criticos_1km": 1, "pc_lng": -76.73968, "pc_lat": -12.50491, "long_km": 1.53999996, "dist_min_m": 805.1, "peligro": "Inundación", "nivel": "", "fid": 575}, "geometry": {"type": "LineString", "coordinates": [[-76.733824, -12.51307], [-76.732464, -12.510921], [-76.733481, -12.50888], [-76.728894, -12.505358], [-76.731068, -12.502921]]}}, {"type": "Feature", "properties": {"ruta": "LM-810", "nombre": "Emp. PE-1S - 15 de Enero - Emp. LM-812.", "jerarquia": "departamental/vecinal", "departamento": "Lima", "provincia": "Cañete", "distrito": "", "motivo": "last_mile_progresol", "progresol_servido": "FERRETERIA L&L", "progresol_direccion": "MZ X LT 11 AAHH 15 DE ENERO / PARQU ", "progresol_dist_m": 19.6, "puntos_criticos_1km": 1, "pc_lng": -76.74278, "pc_lat": -12.49382, "long_km": 3.11999989, "dist_min_m": 175.8, "peligro": "Inundación", "nivel": "", "fid": 576}, "geometry": {"type": "LineString", "coordinates": [[-76.74403, -12.492616], [-76.73809, -12.48862], [-76.732994, -12.486981], [-76.730969, -12.487329], [-76.728689, -12.490901], [-76.726301, -12.490342], [-76.724044, -12.496765]]}}, {"type": "Feature", "properties": {"ruta": "LM-808", "nombre": "Emp. LM-806 - Las Salinas.", "jerarquia": "departamental/vecinal", "departamento": "Lima", "provincia": "Cañete", "distrito": "", "motivo": "last_mile_progresol", "progresol_servido": "FERRETERIA EL CONSTRUCTOR", "progresol_direccion": "ANTIGUA PAMERICANA SUR KM 62 FRENTE ", "progresol_dist_m": 338.9, "puntos_criticos_1km": 1, "pc_lng": -76.74286, "pc_lat": -12.5167, "long_km": 4.19000006, "dist_min_m": 784.7, "peligro": "Inundación", "nivel": "", "fid": 577}, "geometry": {"type": "LineString", "coordinates": [[-76.735732, -12.515539], [-76.732841, -12.521531], [-76.732048, -12.525757], [-76.725273, -12.535021], [-76.721459, -12.542356], [-76.724512, -12.544983], [-76.722512, -12.547245]]}}, {"type": "Feature", "properties": {"ruta": "LM-649", "nombre": "Emp. LM-648 (Ca. Arambulo Romero) - Emp. LM-651.", "jerarquia": "departamental/vecinal", "departamento": "Lima", "provincia": "Huaura", "distrito": "", "motivo": "last_mile_progresol", "progresol_servido": "EMPRESA D Y M EL COLORADO E.I.R.L. ", "progresol_direccion": "AV. ANTONIO RAYMONDI NRO. SN (AV.RAYMONDI NRO. 641-X URB.LAS PALMAS)", "progresol_dist_m": 1810.2, "puntos_criticos_1km": 1, "pc_lng": -77.61629, "pc_lat": -11.07959, "long_km": 1.14999998, "dist_min_m": 783.4, "peligro": "Inundación", "nivel": "Medio", "fid": 578}, "geometry": {"type": "LineString", "coordinates": [[-77.618978, -11.094837], [-77.619415, -11.094076], [-77.618423, -11.088956], [-77.61504, -11.086634]]}}, {"type": "Feature", "properties": {"ruta": "LM-655", "nombre": "Emp. PE-1N - Laguna La Encantada - Emp. LM-653.", "jerarquia": "departamental/vecinal", "departamento": "Lima", "provincia": "Huaura", "distrito": "", "motivo": "last_mile_progresol", "progresol_servido": "COMERCIAL Y DISTRIBUIDORA CENTENARIO S.A.C.", "progresol_direccion": "AV. CENTENARIO NRO. 702 INT. 1 A.H. ", "progresol_dist_m": 1201.0, "puntos_criticos_1km": 1, "pc_lng": -77.53648, "pc_lat": -11.10669, "long_km": 11.34000015, "dist_min_m": 458.4, "peligro": "Inundación", "nivel": "", "fid": 579}, "geometry": {"type": "LineString", "coordinates": [[-77.540531, -11.107832], [-77.540231, -11.113042], [-77.538478, -11.113089], [-77.537827, -11.122685], [-77.53897, -11.123525], [-77.539443, -11.126524], [-77.543572, -11.126524], [-77.548078, -11.132569], [-77.550271, -11.13436], [-77.550467, -11.133485], [-77.553265, -11.132187], [-77.55668, -11.133402], [-77.561907, -11.137734], [-77.565037, -11.137921], [-77.573862, -11.132251], [-77.583616, -11.121248], [-77.588173, -11.119186], [-77.597793, -11.120241], [-77.597436, -11.125674], [-77.59855, -11.128107]]}}, {"type": "Feature", "properties": {"ruta": "LM-663", "nombre": "Emp. PE-1N - La Villa - Emp. PE-18 (Sta. Rosa).", "jerarquia": "departamental/vecinal", "departamento": "Lima", "provincia": "Huaura", "distrito": "", "motivo": "last_mile_progresol", "progresol_servido": "MULTISERVICIOS LA VILLA", "progresol_direccion": "MZA. C LOTE. 10 C.P. LA VILLA ", "progresol_dist_m": 12.7, "puntos_criticos_1km": 1, "pc_lng": -77.38002, "pc_lat": -11.23379, "long_km": 10.57999992, "dist_min_m": 97.7, "peligro": "Inundación", "nivel": "", "fid": 580}, "geometry": {"type": "LineString", "coordinates": [[-77.398338, -11.234563], [-77.395127, -11.236428], [-77.342712, -11.230764], [-77.33402, -11.226015], [-77.328199, -11.218355], [-77.318351, -11.213577], [-77.317369, -11.21342], [-77.316088, -11.214777], [-77.313013, -11.215423], [-77.310218, -11.217201]]}}, {"type": "Feature", "properties": {"ruta": "JU-1078", "nombre": "Emp. PE-3S - Hualhuas - Emp. JU-1076.", "jerarquia": "departamental/vecinal", "departamento": "Junín", "provincia": "Huancayo", "distrito": "", "motivo": "last_mile_progresol", "progresol_servido": "DISTRIBUIDORA INVERSIONES CRISTINA", "progresol_direccion": "CARRETERA CENTRAL  KM 8.8 CAJAS ", "progresol_dist_m": 2686.5, "puntos_criticos_1km": 1, "pc_lng": -75.27179, "pc_lat": -11.97471, "long_km": 1.2999999500000001, "dist_min_m": 866.7, "peligro": "Inundación", "nivel": "", "fid": 581}, "geometry": {"type": "LineString", "coordinates": [[-75.254, -11.972939], [-75.264675, -11.978215]]}}, {"type": "Feature", "properties": {"ruta": "JU-1071", "nombre": "Emp. PE-3S - San Augustin de Cajas - Emp. JU-1072.", "jerarquia": "departamental/vecinal", "departamento": "Junín", "provincia": "Huancayo", "distrito": "", "motivo": "last_mile_progresol", "progresol_servido": "DISTRIBUIDORA INVERSIONES CRISTINA", "progresol_direccion": "CARRETERA CENTRAL  KM 8.8 CAJAS ", "progresol_dist_m": 1144.3, "puntos_criticos_1km": 1, "pc_lng": -75.24681, "pc_lat": -12.00106, "long_km": 2.96000004, "dist_min_m": 550.3, "peligro": "Inundación", "nivel": "", "fid": 582}, "geometry": {"type": "LineString", "coordinates": [[-75.244409, -11.990724], [-75.242969, -11.99477], [-75.241325, -12.004747], [-75.242288, -12.014115], [-75.243269, -12.016577]]}}, {"type": "Feature", "properties": {"ruta": "JU-1038", "nombre": "Emp. PE-3S - Auquimarca - Ruinas Warivilca - Emp. PE-3S C.", "jerarquia": "departamental/vecinal", "departamento": "Junín", "provincia": "Huancayo", "distrito": "", "motivo": "last_mile_progresol", "progresol_servido": "DIOS JIREH-DIOS PROVEEDOR", "progresol_direccion": "AV PANAMERICANA SUR S/N ", "progresol_dist_m": 473.9, "puntos_criticos_1km": 1, "pc_lng": -75.19844, "pc_lat": -12.12614, "long_km": 5.489999770000001, "dist_min_m": 377.8, "peligro": "Inundación", "nivel": "", "fid": 583}, "geometry": {"type": "LineString", "coordinates": [[-75.179913, -12.11763], [-75.18522, -12.119639], [-75.199311, -12.12284], [-75.201746, -12.121436], [-75.203692, -12.118333], [-75.206356, -12.116767], [-75.206828, -12.110364], [-75.208448, -12.113211], [-75.211941, -12.11385], [-75.214453, -12.112354], [-75.214787, -12.110343], [-75.216325, -12.110615]]}}, {"type": "Feature", "properties": {"ruta": "AP-650", "nombre": "Emp. PE-3S (Dv. Abancay) - San Gabriel - Emp. PE-3S.", "jerarquia": "departamental/vecinal", "departamento": "Apurímac", "provincia": "Abancay", "distrito": "", "motivo": "last_mile_progresol", "progresol_servido": "FERRETERIA SANTA ANA", "progresol_direccion": "AV. PANAMERICANA MZA. LL LOTE. 03 ", "progresol_dist_m": 113.5, "puntos_criticos_1km": 1, "pc_lng": -72.90219, "pc_lat": -13.63627, "long_km": 10.619999889999999, "dist_min_m": 640.4, "peligro": "Inundación", "nivel": "", "fid": 584}, "geometry": {"type": "LineString", "coordinates": [[-72.896265, -13.635925], [-72.89369, -13.638467], [-72.89243, -13.63785], [-72.891264, -13.638315], [-72.89142, -13.639261], [-72.895635, -13.640987], [-72.898915, -13.641069], [-72.899803, -13.643038], [-72.898787, -13.643011], [-72.898698, -13.643805], [-72.900591, -13.64608], [-72.904195, -13.64705], [-72.902376, -13.647911], [-72.903598, -13.648681], [-72.901967, -13.649245], [-72.899747, -13.64948], [-72.898786, -13.648514], [-72.898927, -13.650322], [-72.897924, -13.652012], [-72.899934, -13.652499], [-72.898731, -13.654766], [-72.901016, -13.654505], [-72.900699, -13.655885], [-72.902089, -13.654983], [-72.902447, -13.656677], [-72.901303, -13.657544], [-72.907317, -13.660893], [-72.910581, -13.665982], [-72.912983, -13.66705], [-72.912314, -13.668481], [-72.912854, -13.671224], [-72.915783, -13.677593], [-72.913961, -13.681978], [-72.915253, -13.683254], [-72.917765, -13.683465], [-72.916123, -13.687383]]}}, {"type": "Feature", "properties": {"ruta": "AP-605", "nombre": "Emp. PE-3S (Dv. Abancay) - Trujipata - Emp. AP-103.", "jerarquia": "departamental/vecinal", "departamento": "Apurímac", "provincia": "Abancay", "distrito": "", "motivo": "last_mile_progresol", "progresol_servido": "FERRETERIA SANTA ANA", "progresol_direccion": "AV. PANAMERICANA MZA. LL LOTE. 03 ", "progresol_dist_m": 1297.1, "puntos_criticos_1km": 1, "pc_lng": -72.90219, "pc_lat": -13.63627, "long_km": 7.5500001899999996, "dist_min_m": 532.8, "peligro": "Inundación", "nivel": "", "fid": 585}, "geometry": {"type": "LineString", "coordinates": [[-72.906382, -13.633744], [-72.907928, -13.635279], [-72.910864, -13.635709], [-72.91191, -13.637338], [-72.914469, -13.637552], [-72.916506, -13.638836], [-72.916027, -13.638099], [-72.917538, -13.63734], [-72.920074, -13.639496], [-72.923469, -13.636659], [-72.922367, -13.637261], [-72.919227, -13.636841], [-72.917353, -13.633566], [-72.916639, -13.633579], [-72.918733, -13.633251], [-72.920195, -13.634629], [-72.924505, -13.632187], [-72.926462, -13.633746], [-72.929901, -13.633789], [-72.929168, -13.632174], [-72.929891, -13.63151], [-72.92897, -13.631706], [-72.929011, -13.633172], [-72.928253, -13.633086], [-72.926371, -13.632009], [-72.922168, -13.627305], [-72.921188, -13.626856], [-72.919166, -13.627567]]}}, {"type": "Feature", "properties": {"ruta": "AP-644", "nombre": "Emp. PE-3S - Taraccasa - Emp. PE-3S (Dv. Abancay).", "jerarquia": "departamental/vecinal", "departamento": "Apurímac", "provincia": "Abancay", "distrito": "", "motivo": "last_mile_progresol", "progresol_servido": "VILLA SAC", "progresol_direccion": "AV. DIAZ BARCENAS NRO. 545 URB. ABANCAY (FRENTE DEL HOTEL TURISTA)", "progresol_dist_m": 1633.2, "puntos_criticos_1km": 1, "pc_lng": -72.8612, "pc_lat": -13.63075, "long_km": 3.9500000500000003, "dist_min_m": 25.0, "peligro": "Inundación", "nivel": "", "fid": 586}, "geometry": {"type": "LineString", "coordinates": [[-72.857103, -13.620686], [-72.857352, -13.621772], [-72.855898, -13.622203], [-72.85739, -13.623716], [-72.855283, -13.622712], [-72.855518, -13.621117], [-72.854258, -13.621592], [-72.853307, -13.620518], [-72.851692, -13.620323], [-72.853202, -13.620896], [-72.855661, -13.624903], [-72.859106, -13.626044], [-72.859478, -13.628112], [-72.861847, -13.631516], [-72.865268, -13.634392]]}}, {"type": "Feature", "properties": {"ruta": "AP-647", "nombre": "Emp. AP-644 - Aymas - Hatunpata - Pta. Carretera.", "jerarquia": "departamental/vecinal", "departamento": "Apurímac", "provincia": "Abancay", "distrito": "", "motivo": "last_mile_progresol", "progresol_servido": "VILLA SAC", "progresol_direccion": "AV. DIAZ BARCENAS NRO. 545 URB. ABANCAY (FRENTE DEL HOTEL TURISTA)", "progresol_dist_m": 900.8, "puntos_criticos_1km": 1, "pc_lng": -72.87483, "pc_lat": -13.63971, "long_km": 0.14, "dist_min_m": 496.4, "peligro": "Inundación", "nivel": "", "fid": 587}, "geometry": {"type": "LineString", "coordinates": [[-72.872053, -13.63615], [-72.870823, -13.636266]]}}, {"type": "Feature", "properties": {"ruta": "AP-647", "nombre": "Emp. AP-644 - Aymas - Hatunpata - Pta. Carretera.", "jerarquia": "departamental/vecinal", "departamento": "Apurímac", "provincia": "Abancay", "distrito": "", "motivo": "last_mile_progresol", "progresol_servido": "VILLA SAC", "progresol_direccion": "AV. DIAZ BARCENAS NRO. 545 URB. ABANCAY (FRENTE DEL HOTEL TURISTA)", "progresol_dist_m": 1034.3, "puntos_criticos_1km": 1, "pc_lng": -72.87483, "pc_lat": -13.63971, "long_km": 28.159999850000002, "dist_min_m": 491.6, "peligro": "Inundación", "nivel": "", "fid": 588}, "geometry": {"type": "LineString", "coordinates": [[-72.795043, -13.677515], [-72.802428, -13.682342], [-72.801178, -13.68262], [-72.80458, -13.683401], [-72.803068, -13.684101], [-72.813985, -13.682761], [-72.818396, -13.679447], [-72.820025, -13.677121], [-72.819798, -13.674688], [-72.82134, -13.673807], [-72.821932, -13.671797], [-72.821081, -13.666838], [-72.822225, -13.667065], [-72.824084, -13.665834], [-72.826327, -13.663161], [-72.825494, -13.660208], [-72.825928, -13.659299], [-72.826485, -13.661961], [-72.826244, -13.660043], [-72.827158, -13.659201], [-72.825473, -13.657524], [-72.824529, -13.658708], [-72.825071, -13.656978], [-72.826706, -13.658077], [-72.828139, -13.658035], [-72.829163, -13.659156], [-72.828345, -13.661688], [-72.830578, -13.658789], [-72.830314, -13.657657], [-72.829218, -13.657168], [-72.832431, -13.658552], [-72.832179, -13.659787], [-72.83115, -13.660158], [-72.830524, -13.662891], [-72.831776, -13.661438], [-72.832595, -13.661806], [-72.834814, -13.66066], [-72.834719, -13.658942], [-72.835467, -13.658], [-72.834201, -13.656977], [-72.836401, -13.657936], [-72.835669, -13.659104], [-72.836502, -13.659934], [-72.835875, -13.660796], [-72.836592, -13.660251], [-72.836333, -13.659264], [-72.837542, -13.657394], [-72.835419, -13.656183], [-72.838285, -13.657012], [-72.838233, -13.658629], [-72.839401, -13.65723], [-72.835394, -13.6548], [-72.841836, -13.656718], [-72.84079, -13.658914], [-72.843671, -13.656174], [-72.84244, -13.658395], [-72.844787, -13.656364], [-72.844106, -13.654985], [-72.84265, -13.655568], [-72.843436, -13.654563], [-72.846023, -13.655543], [-72.845488, -13.658474], [-72.847142, -13.656457], [-72.847222, -13.654849], [-72.845442, -13.65337], [-72.841292, -13.653487], [-72.840508, -13.652342], [-72.838679, -13.652272], [-72.838666, -13.650699], [-72.837886, -13.650096], [-72.834689, -13.650104], [-72.832843, -13.647838], [-72.828604, -13.646572], [-72.833077, -13.646512], [-72.843238, -13.64963], [-72.848553, -13.649665], [-72.852018, -13.650752], [-72.852344, -13.64939], [-72.85581, -13.648282], [-72.854962, -13.648012], [-72.861725, -13.642992], [-72.86152, -13.642159], [-72.862836, -13.640697], [-72.865153, -13.639949], [-72.863897, -13.640932], [-72.864493, -13.642483], [-72.867397, -13.641134], [-72.868188, -13.63946], [-72.870622, -13.638008], [-72.870231, -13.636531], [-72.870823, -13.636266]]}}, {"type": "Feature", "properties": {"ruta": "AY-836", "nombre": "Emp. PE-3S - Pte. Huarpapicchu - Campanayocc - Tambopuquio - Emp. AY-841.", "jerarquia": "departamental/vecinal", "departamento": "Ayacucho", "provincia": "Huamanga", "distrito": "", "motivo": "last_mile_progresol", "progresol_servido": "FERRETERIA JANAMPA", "progresol_direccion": "AV. CIRCUNVALACION MZ. N1 LOTE 7 CARMEN ALTO", "progresol_dist_m": 9.6, "puntos_criticos_1km": 1, "pc_lng": -74.2147, "pc_lat": -13.19134, "long_km": 0.8899999900000001, "dist_min_m": 859.7, "peligro": "Inundación, erosión fluvial", "nivel": "Alto", "fid": 589}, "geometry": {"type": "LineString", "coordinates": [[-74.221674, -13.185307], [-74.221256, -13.186147], [-74.223987, -13.192114]]}}, {"type": "Feature", "properties": {"ruta": "JU-882", "nombre": "Emp. JU-848 (Pincha) - Emp. JU-881.", "jerarquia": "departamental/vecinal", "departamento": "Junín", "provincia": "Chupaca", "distrito": "", "motivo": "last_mile_progresol", "progresol_servido": "FERRETERIA INCOMEY", "progresol_direccion": "AV ARGENTINA S/N FRENTE AL MERCADO ", "progresol_dist_m": 1780.5, "puntos_criticos_1km": 1, "pc_lng": -75.29482, "pc_lat": -12.05466, "long_km": 0.31, "dist_min_m": 828.9, "peligro": "Inundación", "nivel": null, "fid": 590}, "geometry": {"type": "LineString", "coordinates": [[-75.299624, -12.048875], [-75.299542, -12.048134], [-75.301448, -12.047577]]}}, {"type": "Feature", "properties": {"ruta": "JU-704", "nombre": "Emp. JU-103 - Emp. JU-701.", "jerarquia": "departamental/vecinal", "departamento": "Junín", "provincia": "Jauja", "distrito": "", "motivo": "last_mile_progresol", "progresol_servido": "DISTRIBUIDORA CARRION", "progresol_direccion": "JR. 28 DE JULIO NRO. 440 ", "progresol_dist_m": 2127.5, "puntos_criticos_1km": 1, "pc_lng": -75.48035, "pc_lat": -11.73889, "long_km": 12.78999996, "dist_min_m": 962.8, "peligro": "Inundación", "nivel": " ", "fid": 591}, "geometry": {"type": "LineString", "coordinates": [[-75.485558, -11.745894], [-75.491624, -11.746446], [-75.490304, -11.742906], [-75.491527, -11.738031], [-75.494255, -11.733517], [-75.497416, -11.732769], [-75.498109, -11.730938], [-75.501554, -11.729391], [-75.500197, -11.725784], [-75.503286, -11.719684], [-75.505384, -11.717175], [-75.506261, -11.714343], [-75.510042, -11.714987], [-75.511426, -11.713817], [-75.514689, -11.714399], [-75.51623, -11.71099], [-75.516985, -11.710881], [-75.517141, -11.715032], [-75.515726, -11.719154], [-75.51702, -11.729261], [-75.515296, -11.732865], [-75.509958, -11.739096], [-75.506111, -11.748246], [-75.502235, -11.760569]]}}, {"type": "Feature", "properties": {"ruta": "JU-699", "nombre": "Emp. PE-3S - Emp. JU-697.", "jerarquia": "departamental/vecinal", "departamento": "Junín", "provincia": "Jauja", "distrito": "", "motivo": "last_mile_progresol", "progresol_servido": "MC ALVAREZ", "progresol_direccion": "BRUNO TERREROS Nº 145 ", "progresol_dist_m": 281.5, "puntos_criticos_1km": 1, "pc_lng": -75.48922, "pc_lat": -11.78855, "long_km": 2.22000003, "dist_min_m": 71.1, "peligro": "Inundación", "nivel": " ", "fid": 592}, "geometry": {"type": "LineString", "coordinates": [[-75.500099, -11.773356], [-75.49719, -11.783801], [-75.49303, -11.788032], [-75.489827, -11.788312]]}}, {"type": "Feature", "properties": {"ruta": "AN-899", "nombre": "Emp. PE-3N (Caraz) - Pavas.", "jerarquia": "departamental/vecinal", "departamento": "Áncash", "provincia": "Huaylas", "distrito": "", "motivo": "last_mile_progresol", "progresol_servido": "GRUPO SANTA INES S.A.C.", "progresol_direccion": "CAR.CENTRAL NRO. SN CENTRO CARAZ ", "progresol_dist_m": 127.6, "puntos_criticos_1km": 1, "pc_lng": -77.81671, "pc_lat": -9.04483, "long_km": 6.71000004, "dist_min_m": 775.1, "peligro": "Inundación", "nivel": " ", "fid": 593}, "geometry": {"type": "LineString", "coordinates": [[-77.813655, -9.051115], [-77.815972, -9.055861], [-77.817035, -9.056636], [-77.818162, -9.056918], [-77.818931, -9.055834], [-77.820363, -9.056307], [-77.823978, -9.055642], [-77.822832, -9.057272], [-77.820013, -9.058008], [-77.825512, -9.059497], [-77.826291, -9.060553], [-77.826979, -9.059675], [-77.828261, -9.062141], [-77.829503, -9.061349], [-77.831292, -9.062427], [-77.831643, -9.060718], [-77.83486, -9.062205], [-77.838695, -9.061988], [-77.839884, -9.063037], [-77.841685, -9.062127], [-77.842833, -9.062116], [-77.840551, -9.063087], [-77.843492, -9.06254]]}}, {"type": "Feature", "properties": {"ruta": "AN-825", "nombre": "Emp. AN-106 - Atma -  Cancha Rumi - Emp. AN-827 (Des. Huarca).", "jerarquia": "departamental/vecinal", "departamento": "Áncash", "provincia": "Yungay", "distrito": "", "motivo": "last_mile_progresol", "progresol_servido": "GRUPO B & T S.R.L.", "progresol_direccion": "CAL. INDUSTRIAL S/N (ESPALDA DE MERCADO CAS.VERDE 1 PISO)", "progresol_dist_m": 2003.3, "puntos_criticos_1km": 1, "pc_lng": -77.73654, "pc_lat": -9.14041, "long_km": 10.569999690000001, "dist_min_m": 998.0, "peligro": "Inundación", "nivel": " ", "fid": 594}, "geometry": {"type": "LineString", "coordinates": [[-77.715726, -9.139395], [-77.718326, -9.140563], [-77.720536, -9.138306], [-77.723099, -9.137154], [-77.72531, -9.139589], [-77.726888, -9.139035], [-77.730643, -9.130658], [-77.730086, -9.131521], [-77.73037, -9.129513], [-77.727778, -9.126903], [-77.72851, -9.125208], [-77.727871, -9.123631], [-77.726258, -9.12433], [-77.726064, -9.125181], [-77.719816, -9.124776], [-77.718381, -9.117875], [-77.719089, -9.115204], [-77.718621, -9.112334], [-77.718007, -9.11167], [-77.716273, -9.111963], [-77.71822, -9.110955], [-77.714784, -9.111044], [-77.716454, -9.110706], [-77.715284, -9.109847], [-77.716347, -9.108511], [-77.716645, -9.109404], [-77.717517, -9.109379], [-77.719238, -9.107342], [-77.717671, -9.108131], [-77.717642, -9.106695], [-77.716354, -9.105891], [-77.71649, -9.104598], [-77.718217, -9.104594], [-77.719543, -9.101964], [-77.721315, -9.100632]]}}, {"type": "Feature", "properties": {"ruta": "AN-787", "nombre": "Emp. AN-784 - Dv. Antaraca - Dv. Nunocoto - Acopampa - Ecana - Tambo - Emp. AN-792.", "jerarquia": "departamental/vecinal", "departamento": "Áncash", "provincia": "Carhuaz", "distrito": "", "motivo": "last_mile_progresol", "progresol_servido": "FERRETRIA MIKY", "progresol_direccion": "AV. PROGRESO NRO. S.N ", "progresol_dist_m": 2487.6, "puntos_criticos_1km": 1, "pc_lng": -77.63067, "pc_lat": -9.28933, "long_km": 0.47999999000000004, "dist_min_m": 337.4, "peligro": "Inundación", "nivel": " ", "fid": 595}, "geometry": {"type": "LineString", "coordinates": [[-77.628293, -9.29125], [-77.624848, -9.293703]]}}, {"type": "Feature", "properties": {"ruta": "AN-787", "nombre": "Emp. AN-784 - Dv. Antaraca - Dv. Nunocoto - Acopampa - Ecana - Tambo - Emp. AN-792.", "jerarquia": "departamental/vecinal", "departamento": "Áncash", "provincia": "Carhuaz", "distrito": "", "motivo": "last_mile_progresol", "progresol_servido": "FERRETRIA MIKY", "progresol_direccion": "AV. PROGRESO NRO. S.N ", "progresol_dist_m": 2952.0, "puntos_criticos_1km": 1, "pc_lng": -77.63067, "pc_lat": -9.28933, "long_km": 0.7099999800000001, "dist_min_m": 803.2, "peligro": "Inundación", "nivel": " ", "fid": 596}, "geometry": {"type": "LineString", "coordinates": [[-77.624848, -9.293703], [-77.620322, -9.298104]]}}, {"type": "Feature", "properties": {"ruta": "AN-1103", "nombre": "Emp. PE-3N (Acopampa) - Hornuyoc - Rampac Grande.", "jerarquia": "departamental/vecinal", "departamento": "Áncash", "provincia": "Carhuaz", "distrito": "", "motivo": "last_mile_progresol", "progresol_servido": "FERRETRIA MIKY", "progresol_direccion": "AV. PROGRESO NRO. S.N ", "progresol_dist_m": 2798.8, "puntos_criticos_1km": 1, "pc_lng": -77.63067, "pc_lat": -9.28933, "long_km": 0.2, "dist_min_m": 813.0, "peligro": "Inundación", "nivel": " ", "fid": 597}, "geometry": {"type": "LineString", "coordinates": [[-77.62837, -9.296276], [-77.629528, -9.297599]]}}, {"type": "Feature", "properties": {"ruta": "AN-1103", "nombre": "Emp. PE-3N (Acopampa) - Hornuyoc - Rampac Grande.", "jerarquia": "departamental/vecinal", "departamento": "Áncash", "provincia": "Carhuaz", "distrito": "", "motivo": "last_mile_progresol", "progresol_servido": "FERRETRIA MIKY", "progresol_direccion": "AV. PROGRESO NRO. S.N ", "progresol_dist_m": 2811.6, "puntos_criticos_1km": 1, "pc_lng": -77.63067, "pc_lat": -9.28933, "long_km": 0.11, "dist_min_m": 928.5, "peligro": "Inundación", "nivel": " ", "fid": 598}, "geometry": {"type": "LineString", "coordinates": [[-77.629528, -9.297599], [-77.62968, -9.298554]]}}, {"type": "Feature", "properties": {"ruta": "AN-1077", "nombre": "Emp. PE-14 - Pariacoto Viejo - Chauca - Cochabamba - Miramar - Tambra - (Prov. De Yungay) - Maya - Emp. PE-3N - (Prov. Carhuaz).", "jerarquia": "departamental/vecinal", "departamento": "Áncash", "provincia": "Huaraz", "distrito": "", "motivo": "last_mile_progresol", "progresol_servido": "FERRETRIA MIKY", "progresol_direccion": "AV. PROGRESO NRO. S.N ", "progresol_dist_m": 459.6, "puntos_criticos_1km": 1, "pc_lng": -77.65188, "pc_lat": -9.2818, "long_km": 0.13, "dist_min_m": 378.0, "peligro": "Inundación", "nivel": " ", "fid": 599}, "geometry": {"type": "LineString", "coordinates": [[-77.649122, -9.283831], [-77.64847, -9.284807]]}}, {"type": "Feature", "properties": {"ruta": "AN-1077", "nombre": "Emp. PE-14 - Pariacoto Viejo - Chauca - Cochabamba - Miramar - Tambra - (Prov. De Yungay) - Maya - Emp. PE-3N - (Prov. Carhuaz).", "jerarquia": "departamental/vecinal", "departamento": "Áncash", "provincia": "Huaraz", "distrito": "", "motivo": "last_mile_progresol", "progresol_servido": "FERRETRIA MIKY", "progresol_direccion": "AV. PROGRESO NRO. S.N ", "progresol_dist_m": 544.4, "puntos_criticos_1km": 1, "pc_lng": -77.65188, "pc_lat": -9.2818, "long_km": 0.20999999, "dist_min_m": 398.2, "peligro": "Inundación", "nivel": " ", "fid": 600}, "geometry": {"type": "LineString", "coordinates": [[-77.64847, -9.284807], [-77.649784, -9.284829]]}}, {"type": "Feature", "properties": {"ruta": "AN-792", "nombre": "Emp. AN-107 (Carhuaz) -  Obraje - Coyrocshu - Dv. Hualcan - Pariacaca.", "jerarquia": "departamental/vecinal", "departamento": "Áncash", "provincia": "Carhuaz", "distrito": "", "motivo": "last_mile_progresol", "progresol_servido": "FERRETRIA MIKY", "progresol_direccion": "AV. PROGRESO NRO. S.N ", "progresol_dist_m": 676.9, "puntos_criticos_1km": 1, "pc_lng": -77.63315, "pc_lat": -9.28085, "long_km": 0.28999999, "dist_min_m": 844.8, "peligro": "Inundación", "nivel": " ", "fid": 601}, "geometry": {"type": "LineString", "coordinates": [[-77.642083, -9.282118], [-77.640226, -9.283852]]}}, {"type": "Feature", "properties": {"ruta": "AN-741", "nombre": "Emp. PE-14 A - Nueva Florida - Manara - Marian - Emp. AN-740.", "jerarquia": "departamental/vecinal", "departamento": "Áncash", "provincia": "Huaraz", "distrito": "", "motivo": "last_mile_progresol", "progresol_servido": "FERRETERIA LÓPEZ", "progresol_direccion": "AV.CONFRATERNIDAD INTERNACIONAL EST ", "progresol_dist_m": 699.6, "puntos_criticos_1km": 1, "pc_lng": -77.50903, "pc_lat": -9.52816, "long_km": 0.43000001, "dist_min_m": 500.8, "peligro": "Inundación, Erosión fluvial", "nivel": "Alto", "fid": 602}, "geometry": {"type": "LineString", "coordinates": [[-77.516053, -9.526699], [-77.51257, -9.525188]]}}, {"type": "Feature", "properties": {"ruta": "AN-741", "nombre": "Emp. PE-14 A - Nueva Florida - Manara - Marian - Emp. AN-740.", "jerarquia": "departamental/vecinal", "departamento": "Áncash", "provincia": "Huaraz", "distrito": "", "motivo": "last_mile_progresol", "progresol_servido": "FERRETERIA LÓPEZ", "progresol_direccion": "AV.CONFRATERNIDAD INTERNACIONAL EST ", "progresol_dist_m": 902.9, "puntos_criticos_1km": 1, "pc_lng": -77.50903, "pc_lat": -9.52816, "long_km": 2.91000009, "dist_min_m": 509.6, "peligro": "Inundación, Erosión fluvial", "nivel": "Alto", "fid": 603}, "geometry": {"type": "LineString", "coordinates": [[-77.51257, -9.52519], [-77.509854, -9.522345], [-77.513348, -9.519858], [-77.507495, -9.521242], [-77.504271, -9.513462], [-77.502679, -9.511686]]}}, {"type": "Feature", "properties": {"ruta": "JU-1090", "nombre": "Emp. PE-24 A - Emp. JU-1087.", "jerarquia": "departamental/vecinal", "departamento": "Junín", "provincia": "Huancayo", "distrito": "", "motivo": "last_mile_progresol", "progresol_servido": "FERRETERIA CADEMA", "progresol_direccion": "CARRETERA CENTRAL 1696 ", "progresol_dist_m": 1152.6, "puntos_criticos_1km": 1, "pc_lng": -75.31357, "pc_lat": -11.93873, "long_km": 0.62, "dist_min_m": 905.9, "peligro": "Inundación, erosión fluvial", "nivel": "Muy alto", "fid": 604}, "geometry": {"type": "LineString", "coordinates": [[-75.310747, -11.931067], [-75.310404, -11.925466]]}}, {"type": "Feature", "properties": {"ruta": "JU-1097", "nombre": "Emp. PE-24 A - Emp. PE-3S.", "jerarquia": "departamental/vecinal", "departamento": "Junín", "provincia": "Concepción", "distrito": "", "motivo": "last_mile_progresol", "progresol_servido": "FERRETERIA CADEMA", "progresol_direccion": "CARRETERA CENTRAL 1696 ", "progresol_dist_m": 2916.0, "puntos_criticos_1km": 1, "pc_lng": -75.34523, "pc_lat": -11.89931, "long_km": 0.41999999, "dist_min_m": 748.0, "peligro": "Inundación, erosión fluvial", "nivel": "Muy alto", "fid": 605}, "geometry": {"type": "LineString", "coordinates": [[-75.335348, -11.89966], [-75.338566, -11.897646]]}}, {"type": "Feature", "properties": {"ruta": "AY-761", "nombre": "Emp. PE-3S L - Uchuypampa - Raymina - Emp. AY-759 (Tinte).", "jerarquia": "departamental/vecinal", "departamento": "Ayacucho", "provincia": "Huamanga", "distrito": "", "motivo": "last_mile_progresol", "progresol_servido": "FERRETERIA NELY", "progresol_direccion": "AV. 09 DE DICIEMBRE 610 ", "progresol_dist_m": 1015.0, "puntos_criticos_1km": 1, "pc_lng": -74.19145, "pc_lat": -13.17464, "long_km": 0.7099999800000001, "dist_min_m": 399.4, "peligro": null, "nivel": "", "fid": 606}, "geometry": {"type": "LineString", "coordinates": [[-74.190242, -13.166937], [-74.189327, -13.167141], [-74.189617, -13.170994], [-74.189031, -13.171746]]}}, {"type": "Feature", "properties": {"ruta": "AY-1167", "nombre": "Emp. PE-30 A - Barrio San Martín - Huarccana.", "jerarquia": "departamental/vecinal", "departamento": "Ayacucho", "provincia": "Lucanas", "distrito": "", "motivo": "last_mile_progresol", "progresol_servido": "FERRETERIA ARACELY", "progresol_direccion": "JR. TACNA NRO. 302 (ESQUINA ENTRE JIRONES ICA Y TACNA)", "progresol_dist_m": 220.3, "puntos_criticos_1km": 1, "pc_lng": -74.13107, "pc_lat": -14.69733, "long_km": 1.0499999500000001, "dist_min_m": 916.8, "peligro": "Inundación", "nivel": "", "fid": 607}, "geometry": {"type": "LineString", "coordinates": [[-74.124871, -14.686091], [-74.125629, -14.686487], [-74.125244, -14.691302], [-74.121588, -14.691577]]}}, {"type": "Feature", "properties": {"ruta": "AP-606", "nombre": "Emp. AP-103 - Emp. AP-605.", "jerarquia": "departamental/vecinal", "departamento": "Apurímac", "provincia": "Abancay", "distrito": "", "motivo": "last_mile_progresol", "progresol_servido": "FERRETERIA SANTA ANA", "progresol_direccion": "AV. PANAMERICANA MZA. LL LOTE. 03 ", "progresol_dist_m": 577.8, "puntos_criticos_1km": 1, "pc_lng": -72.90219, "pc_lat": -13.63627, "long_km": 3.61999989, "dist_min_m": 397.9, "peligro": "Inundación", "nivel": "", "fid": 608}, "geometry": {"type": "LineString", "coordinates": [[-72.906474, -13.633688], [-72.907627, -13.631888], [-72.906188, -13.630665], [-72.905954, -13.63201], [-72.904321, -13.632782], [-72.898456, -13.632525], [-72.894646, -13.627627], [-72.889529, -13.627424], [-72.885403, -13.623892], [-72.886186, -13.623095], [-72.885762, -13.622437]]}}, {"type": "Feature", "properties": {"ruta": "AP-646", "nombre": "Emp. AP-644 (Dv. Taraccasa) - Asillo Ayaorcco - Pta. Carretera.", "jerarquia": "departamental/vecinal", "departamento": "Apurímac", "provincia": "Abancay", "distrito": "", "motivo": "last_mile_progresol", "progresol_servido": "VILLA SAC", "progresol_direccion": "AV. DIAZ BARCENAS NRO. 545 URB. ABANCAY (FRENTE DEL HOTEL TURISTA)", "progresol_dist_m": 2163.9, "puntos_criticos_1km": 1, "pc_lng": -72.8612, "pc_lat": -13.63075, "long_km": 7.28999996, "dist_min_m": 454.2, "peligro": "Inundación", "nivel": "", "fid": 609}, "geometry": {"type": "LineString", "coordinates": [[-72.851695, -13.620315], [-72.850062, -13.618691], [-72.851217, -13.621765], [-72.850621, -13.622552], [-72.851736, -13.623676], [-72.851025, -13.624582], [-72.851582, -13.625355], [-72.850785, -13.625674], [-72.850091, -13.623743], [-72.848897, -13.623382], [-72.848852, -13.621798], [-72.846694, -13.620271], [-72.847842, -13.625115], [-72.844729, -13.628079], [-72.844757, -13.629155], [-72.847839, -13.629837], [-72.847308, -13.631075], [-72.847861, -13.631631], [-72.85074, -13.63265], [-72.852214, -13.632102], [-72.853863, -13.633662], [-72.852535, -13.630297], [-72.860325, -13.635516]]}}, {"type": "Feature", "properties": {"ruta": "AP-648", "nombre": "Emp. AP-647 (Dv. Atumpata) - Huiracocha Pata - Tancarpata.", "jerarquia": "departamental/vecinal", "departamento": "Apurímac", "provincia": "Abancay", "distrito": "", "motivo": "last_mile_progresol", "progresol_servido": "VILLA SAC", "progresol_direccion": "AV. DIAZ BARCENAS NRO. 545 URB. ABANCAY (FRENTE DEL HOTEL TURISTA)", "progresol_dist_m": 1696.4, "puntos_criticos_1km": 1, "pc_lng": -72.87483, "pc_lat": -13.63971, "long_km": 16.63999939, "dist_min_m": 957.7, "peligro": "Inundación", "nivel": "", "fid": 610}, "geometry": {"type": "LineString", "coordinates": [[-72.854003, -13.648853], [-72.858524, -13.648603], [-72.860991, -13.650813], [-72.862207, -13.648614], [-72.865831, -13.646723], [-72.863354, -13.649973], [-72.865998, -13.647764], [-72.869023, -13.648323], [-72.870438, -13.647188], [-72.869724, -13.648555], [-72.867642, -13.648835], [-72.866762, -13.650156], [-72.863645, -13.651494], [-72.86451, -13.653381], [-72.863624, -13.653839], [-72.86364, -13.655063], [-72.86388, -13.654162], [-72.865158, -13.653802], [-72.865375, -13.652241], [-72.869771, -13.65151], [-72.87061, -13.652719], [-72.872356, -13.652807], [-72.872872, -13.6548], [-72.87359, -13.654326], [-72.876903, -13.655837], [-72.877599, -13.655481], [-72.879221, -13.657095], [-72.878421, -13.658696], [-72.879149, -13.660953], [-72.877643, -13.663027], [-72.882913, -13.664816], [-72.884398, -13.666112], [-72.882448, -13.668201], [-72.883095, -13.66921], [-72.881788, -13.670654], [-72.883098, -13.674063], [-72.881959, -13.675327], [-72.883236, -13.677263], [-72.882692, -13.678071], [-72.880363, -13.67919], [-72.88001, -13.678386], [-72.878182, -13.678114], [-72.877498, -13.67612], [-72.875726, -13.677858], [-72.873881, -13.675025], [-72.873605, -13.67771], [-72.874941, -13.680933], [-72.874129, -13.685959], [-72.873279, -13.684895], [-72.869415, -13.684907], [-72.867839, -13.684007], [-72.867499, -13.685324], [-72.864983, -13.686549], [-72.862751, -13.684918], [-72.863028, -13.686054], [-72.861348, -13.687883], [-72.862747, -13.688491], [-72.865476, -13.692855]]}}, {"type": "Feature", "properties": {"ruta": "AP-604", "nombre": "Emp. PE-3S - Emp. AP-605.", "jerarquia": "departamental/vecinal", "departamento": "Apurímac", "provincia": "Abancay", "distrito": "", "motivo": "last_mile_progresol", "progresol_servido": "FERRETERIA SANTA ANA", "progresol_direccion": "AV. PANAMERICANA MZA. LL LOTE. 03 ", "progresol_dist_m": 1051.9, "puntos_criticos_1km": 1, "pc_lng": -72.90219, "pc_lat": -13.63627, "long_km": 2.50999999, "dist_min_m": 248.5, "peligro": "Inundación", "nivel": "", "fid": 611}, "geometry": {"type": "LineString", "coordinates": [[-72.903429, -13.640444], [-72.904619, -13.639788], [-72.907805, -13.642201], [-72.90991, -13.642327], [-72.909257, -13.640975], [-72.910433, -13.638581], [-72.906575, -13.636018], [-72.904406, -13.635665], [-72.906474, -13.633688]]}}, {"type": "Feature", "properties": {"ruta": "AP-540", "nombre": "Emp. PE-3S - Pumapuquio - Emp. AP-539 (Chuparo).", "jerarquia": "departamental/vecinal", "departamento": "Apurímac", "provincia": "Chincheros", "distrito": "", "motivo": "last_mile_progresol", "progresol_servido": "GRUPO MACKRE", "progresol_direccion": "AV. LOS INCAS LOTE 3 (500M ANTES DE COMISARIA)", "progresol_dist_m": 1303.2, "puntos_criticos_1km": 1, "pc_lng": -73.68126, "pc_lat": -13.52737, "long_km": 5.86000013, "dist_min_m": 586.9, "peligro": "Inundación, erosión fluvial", "nivel": "Alto", "fid": 612}, "geometry": {"type": "LineString", "coordinates": [[-73.684826, -13.523383], [-73.687863, -13.518211], [-73.695605, -13.514979], [-73.698615, -13.510086], [-73.698607, -13.506587], [-73.703908, -13.505232], [-73.704833, -13.508338], [-73.707008, -13.507626], [-73.706633, -13.508745], [-73.709126, -13.507149], [-73.712342, -13.508571], [-73.710471, -13.50965], [-73.705585, -13.515349]]}}, {"type": "Feature", "properties": {"ruta": "AP-673", "nombre": "Emp. PE-30 B (Dv. Andahuaylas) - Emp. AP-674.", "jerarquia": "departamental/vecinal", "departamento": "Apurímac", "provincia": "Andahuaylas", "distrito": "", "motivo": "last_mile_progresol", "progresol_servido": "NUTREX", "progresol_direccion": "AV. AVENIDA PERU NRO. 128 URB. AVENIDA PERU", "progresol_dist_m": 1212.0, "puntos_criticos_1km": 1, "pc_lng": -73.38104, "pc_lat": -13.65905, "long_km": 7.76000023, "dist_min_m": 815.6, "peligro": "Inundación, Erosión Fluvial", "nivel": "Alto", "fid": 613}, "geometry": {"type": "LineString", "coordinates": [[-73.380016, -13.66632], [-73.376561, -13.670154], [-73.375062, -13.66974], [-73.372558, -13.673575], [-73.371978, -13.675806], [-73.375838, -13.674242], [-73.373004, -13.679477], [-73.373296, -13.68247], [-73.371925, -13.686121], [-73.370817, -13.693153], [-73.369472, -13.68965], [-73.368747, -13.690907], [-73.366689, -13.691692], [-73.365344, -13.69409], [-73.367923, -13.693098], [-73.367757, -13.694094], [-73.363843, -13.697462], [-73.362059, -13.697887], [-73.360602, -13.699338], [-73.357159, -13.698382], [-73.355195, -13.69944]]}}, {"type": "Feature", "properties": {"ruta": "AP-681", "nombre": "Emp. AP-680 - Emp. AP-679 (Ccolluhuaco).", "jerarquia": "departamental/vecinal", "departamento": "Apurímac", "provincia": "Andahuaylas", "distrito": "", "motivo": "last_mile_progresol", "progresol_servido": "FERRETERIA CEYCOR", "progresol_direccion": "JR. EL BOSQUE LOTE. 03 PALTACC ", "progresol_dist_m": 1503.9, "puntos_criticos_1km": 1, "pc_lng": -73.41512, "pc_lat": -13.66216, "long_km": 3.12199998, "dist_min_m": 986.0, "peligro": "", "nivel": "", "fid": 614}, "geometry": {"type": "LineString", "coordinates": [[-73.403874, -13.683996], [-73.410142, -13.684887], [-73.411846, -13.686848], [-73.412143, -13.684901], [-73.414835, -13.682227], [-73.414481, -13.680612], [-73.417796, -13.674143], [-73.417111, -13.670809]]}}, {"type": "Feature", "properties": {"ruta": "AY-778", "nombre": "Emp. PE-3S - Huayrapata - Galván - Pta. Carretera.", "jerarquia": "departamental/vecinal", "departamento": "Ayacucho", "provincia": "Huamanga", "distrito": "", "motivo": "last_mile_progresol", "progresol_servido": "FERRETERIA KARINA", "progresol_direccion": "TOTORA - CARRETERA HUANTA (REFERENCIA: AL COSTADO DE LA TERMINAL", "progresol_dist_m": 484.1, "puntos_criticos_1km": 1, "pc_lng": -74.21328, "pc_lat": -13.13516, "long_km": 0.73000002, "dist_min_m": 449.0, "peligro": "Inundación", "nivel": "Medio", "fid": 615}, "geometry": {"type": "LineString", "coordinates": [[-74.21966, -13.139568], [-74.216631, -13.137887], [-74.218178, -13.135332]]}}, {"type": "Feature", "properties": {"ruta": "AY-837", "nombre": "Emp. PE-3S - Yanama - Emp. AY-836.", "jerarquia": "departamental/vecinal", "departamento": "Ayacucho", "provincia": "Huamanga", "distrito": "", "motivo": "last_mile_progresol", "progresol_servido": "FERRETERIA NEOFEL", "progresol_direccion": "AV. GRAN MARISCAL MZ 1 LT 8A ", "progresol_dist_m": 599.2, "puntos_criticos_1km": 1, "pc_lng": -74.2147, "pc_lat": -13.19134, "long_km": 2.36999989, "dist_min_m": 598.5, "peligro": "Inundación, erosión fluvial", "nivel": "Alto", "fid": 616}, "geometry": {"type": "LineString", "coordinates": [[-74.221254, -13.19484], [-74.218977, -13.194775], [-74.221541, -13.19821], [-74.217836, -13.196743], [-74.213682, -13.197001], [-74.214025, -13.199679], [-74.215228, -13.201337]]}}, {"type": "Feature", "properties": {"ruta": "AY-777", "nombre": "Emp. PE-3S - Huichccana - Emp. AY-779.", "jerarquia": "departamental/vecinal", "departamento": "Ayacucho", "provincia": "Huamanga", "distrito": "", "motivo": "last_mile_progresol", "progresol_servido": "FERRETERIA RAMIREZ G&O", "progresol_direccion": "ASOC. SANTA ISABEL MZ K LTE 10 ", "progresol_dist_m": 871.4, "puntos_criticos_1km": 1, "pc_lng": -74.21328, "pc_lat": -13.13516, "long_km": 2.0199999799999997, "dist_min_m": 556.8, "peligro": "Inundación", "nivel": "Medio", "fid": 617}, "geometry": {"type": "LineString", "coordinates": [[-74.213961, -13.1302], [-74.214235, -13.127779], [-74.214546, -13.128874], [-74.216079, -13.127563], [-74.215387, -13.127464], [-74.216149, -13.125178], [-74.22169, -13.123226]]}}, {"type": "Feature", "properties": {"ruta": "AY-763", "nombre": "Emp. PE-3S (Ayacucho) - Pucara - Tancayllo - Santa Rosa - San Antonio - San Melchor.", "jerarquia": "departamental/vecinal", "departamento": "Ayacucho", "provincia": "Huamanga", "distrito": "", "motivo": "last_mile_progresol", "progresol_servido": "FERRETERIA LUIS FABRICIO", "progresol_direccion": "JR. LOS CIPRECES 240 ", "progresol_dist_m": 1437.1, "puntos_criticos_1km": 1, "pc_lng": -74.19247, "pc_lat": -13.18692, "long_km": 2.21000004, "dist_min_m": 500.5, "peligro": null, "nivel": "", "fid": 618}, "geometry": {"type": "LineString", "coordinates": [[-74.196349, -13.18937], [-74.198225, -13.194313], [-74.196981, -13.193667], [-74.199079, -13.195591], [-74.196895, -13.194779], [-74.197721, -13.196075], [-74.19645, -13.195221], [-74.197825, -13.196663]]}}, {"type": "Feature", "properties": {"ruta": "AY-763", "nombre": "Emp. PE-3S (Ayacucho) - Pucara - Tancayllo - Santa Rosa - San Antonio - San Melchor.", "jerarquia": "departamental/vecinal", "departamento": "Ayacucho", "provincia": "Huamanga", "distrito": "", "motivo": "last_mile_progresol", "progresol_servido": "FERRETERIA LUIS FABRICIO", "progresol_direccion": "JR. LOS CIPRECES 240 ", "progresol_dist_m": 2275.4, "puntos_criticos_1km": 1, "pc_lng": -74.19247, "pc_lat": -13.18692, "long_km": 2.27999997, "dist_min_m": 827.7, "peligro": null, "nivel": "", "fid": 619}, "geometry": {"type": "LineString", "coordinates": [[-74.190456, -13.210763], [-74.19138, -13.207682], [-74.191568, -13.201037], [-74.189842, -13.201122], [-74.19126, -13.199355], [-74.190578, -13.198973], [-74.189267, -13.193709]]}}, {"type": "Feature", "properties": {"ruta": "AY-763", "nombre": "Emp. PE-3S (Ayacucho) - Pucara - Tancayllo - Santa Rosa - San Antonio - San Melchor.", "jerarquia": "departamental/vecinal", "departamento": "Ayacucho", "provincia": "Huamanga", "distrito": "", "motivo": "last_mile_progresol", "progresol_servido": "FERRETERIA LUIS FABRICIO", "progresol_direccion": "JR. LOS CIPRECES 240 ", "progresol_dist_m": 1282.3, "puntos_criticos_1km": 1, "pc_lng": -74.19247, "pc_lat": -13.18692, "long_km": 0.31, "dist_min_m": 6.5, "peligro": null, "nivel": "", "fid": 620}, "geometry": {"type": "LineString", "coordinates": [[-74.192482, -13.186975], [-74.193451, -13.184697]]}}, {"type": "Feature", "properties": {"ruta": "AY-763", "nombre": "Emp. PE-3S (Ayacucho) - Pucara - Tancayllo - Santa Rosa - San Antonio - San Melchor.", "jerarquia": "departamental/vecinal", "departamento": "Ayacucho", "provincia": "Huamanga", "distrito": "", "motivo": "last_mile_progresol", "progresol_servido": "FERRETERIA FERRECOM", "progresol_direccion": "AV. 09 DE DICIEMBRE MZ B LT 9A ", "progresol_dist_m": 512.7, "puntos_criticos_1km": 1, "pc_lng": -74.19145, "pc_lat": -13.17464, "long_km": 0.28999999, "dist_min_m": 440.6, "peligro": null, "nivel": "", "fid": 621}, "geometry": {"type": "LineString", "coordinates": [[-74.195497, -13.175068], [-74.197021, -13.172971]]}}, {"type": "Feature", "properties": {"ruta": "AY-763", "nombre": "Emp. PE-3S (Ayacucho) - Pucara - Tancayllo - Santa Rosa - San Antonio - San Melchor.", "jerarquia": "departamental/vecinal", "departamento": "Ayacucho", "provincia": "Huamanga", "distrito": "", "motivo": "last_mile_progresol", "progresol_servido": "FERRETERIA FERRECOM", "progresol_direccion": "AV. 09 DE DICIEMBRE MZ B LT 9A ", "progresol_dist_m": 768.8, "puntos_criticos_1km": 1, "pc_lng": -74.19145, "pc_lat": -13.17464, "long_km": 0.40000001, "dist_min_m": 375.4, "peligro": null, "nivel": "", "fid": 622}, "geometry": {"type": "LineString", "coordinates": [[-74.194977, -13.178015], [-74.194352, -13.17667], [-74.195497, -13.175068]]}}, {"type": "Feature", "properties": {"ruta": "AY-778", "nombre": "Emp. PE-3S - Huayrapata - Galván - Pta. Carretera.", "jerarquia": "departamental/vecinal", "departamento": "Ayacucho", "provincia": "Huamanga", "distrito": "", "motivo": "last_mile_progresol", "progresol_servido": "FERRETERIA KARINA", "progresol_direccion": "TOTORA - CARRETERA HUANTA (REFERENCIA: AL COSTADO DE LA TERMINAL", "progresol_dist_m": 572.1, "puntos_criticos_1km": 1, "pc_lng": -74.21328, "pc_lat": -13.13516, "long_km": 0.6900000000000001, "dist_min_m": 310.2, "peligro": "Inundación", "nivel": "Medio", "fid": 623}, "geometry": {"type": "LineString", "coordinates": [[-74.218178, -13.135332], [-74.216561, -13.136348], [-74.216064, -13.13585], [-74.217216, -13.133385]]}}, {"type": "Feature", "properties": {"ruta": "AY-763", "nombre": "Emp. PE-3S (Ayacucho) - Pucara - Tancayllo - Santa Rosa - San Antonio - San Melchor.", "jerarquia": "departamental/vecinal", "departamento": "Ayacucho", "provincia": "Huamanga", "distrito": "", "motivo": "last_mile_progresol", "progresol_servido": "FERRETERIA LUIS FABRICIO", "progresol_direccion": "JR. LOS CIPRECES 240 ", "progresol_dist_m": 1312.3, "puntos_criticos_1km": 1, "pc_lng": -74.19247, "pc_lat": -13.18692, "long_km": 0.13, "dist_min_m": 489.3, "peligro": null, "nivel": "", "fid": 624}, "geometry": {"type": "LineString", "coordinates": [[-74.196777, -13.188305], [-74.196349, -13.18937]]}}, {"type": "Feature", "properties": {"ruta": "AY-836", "nombre": "Emp. PE-3S - Pte. Huarpapicchu - Campanayocc - Tambopuquio - Emp. AY-841.", "jerarquia": "departamental/vecinal", "departamento": "Ayacucho", "provincia": "Huamanga", "distrito": "", "motivo": "last_mile_progresol", "progresol_servido": "FERRETERIA NEOFEL", "progresol_direccion": "AV. GRAN MARISCAL MZ 1 LT 8A ", "progresol_dist_m": 122.0, "puntos_criticos_1km": 1, "pc_lng": -74.2147, "pc_lat": -13.19134, "long_km": 3.63000011, "dist_min_m": 883.4, "peligro": "Inundación, erosión fluvial", "nivel": "Alto", "fid": 625}, "geometry": {"type": "LineString", "coordinates": [[-74.222819, -13.190575], [-74.224697, -13.195335], [-74.22388, -13.197005], [-74.224445, -13.196338], [-74.226735, -13.196607], [-74.22492, -13.197705], [-74.226542, -13.201462], [-74.226491, -13.199816], [-74.227811, -13.202695], [-74.227576, -13.201076], [-74.228374, -13.199994], [-74.228085, -13.200843], [-74.229551, -13.201028], [-74.228905, -13.201171], [-74.228733, -13.203096], [-74.230158, -13.202185]]}}, {"type": "Feature", "properties": {"ruta": "AY-837", "nombre": "Emp. PE-3S - Yanama - Emp. AY-836.", "jerarquia": "departamental/vecinal", "departamento": "Ayacucho", "provincia": "Huamanga", "distrito": "", "motivo": "last_mile_progresol", "progresol_servido": "FERRETERIA NEOFEL", "progresol_direccion": "AV. GRAN MARISCAL MZ 1 LT 8A ", "progresol_dist_m": 327.7, "puntos_criticos_1km": 1, "pc_lng": -74.2147, "pc_lat": -13.19134, "long_km": 0.9100000300000001, "dist_min_m": 785.9, "peligro": "Inundación, erosión fluvial", "nivel": "Alto", "fid": 626}, "geometry": {"type": "LineString", "coordinates": [[-74.223395, -13.192341], [-74.221761, -13.192975], [-74.222967, -13.196514], [-74.221254, -13.19484]]}}, {"type": "Feature", "properties": {"ruta": "AY-659", "nombre": "Emp. PE-3S - Emp. AY-660.", "jerarquia": "departamental/vecinal", "departamento": "Ayacucho", "provincia": "Huanta", "distrito": "", "motivo": "last_mile_progresol", "progresol_servido": "MULTINEGOCIOS TITO", "progresol_direccion": "JR. GERVACIO SANTILLANA N° 926 ", "progresol_dist_m": 2138.9, "puntos_criticos_1km": 1, "pc_lng": -74.26895, "pc_lat": -12.91713, "long_km": 1.1599999699999999, "dist_min_m": 944.3, "peligro": "Inundación, flujo de detritos, erosión fluvial", "nivel": " ", "fid": 627}, "geometry": {"type": "LineString", "coordinates": [[-74.277014, -12.930751], [-74.272076, -12.927741], [-74.27281, -12.925811], [-74.271383, -12.926042], [-74.271073, -12.925371]]}}, {"type": "Feature", "properties": {"ruta": "AY-662", "nombre": "Emp. PE-3S - Quinrapa - Pta. Carretera.", "jerarquia": "departamental/vecinal", "departamento": "Ayacucho", "provincia": "Huanta", "distrito": "", "motivo": "last_mile_progresol", "progresol_servido": "MULTINEGOCIOS TITO", "progresol_direccion": "JR. GERVACIO SANTILLANA N° 926 ", "progresol_dist_m": 1122.6, "puntos_criticos_1km": 1, "pc_lng": -74.26371, "pc_lat": -12.93359, "long_km": 1.83000004, "dist_min_m": 823.9, "peligro": "Inundación", "nivel": "Alto", "fid": 628}, "geometry": {"type": "LineString", "coordinates": [[-74.264877, -12.941069], [-74.27061, -12.939627], [-74.277208, -12.940523], [-74.280979, -12.941929]]}}, {"type": "Feature", "properties": {"ruta": "AY-665", "nombre": "Emp. AY-662 - San Luis - Pampa Chacra - Emp. AY-668.", "jerarquia": "departamental/vecinal", "departamento": "Ayacucho", "provincia": "Huanta", "distrito": "", "motivo": "last_mile_progresol", "progresol_servido": "CENTRO FERRETERO TAMBRACC", "progresol_direccion": "AV. GERVACIO SANTILLANA N° 633 ", "progresol_dist_m": 2093.8, "puntos_criticos_1km": 1, "pc_lng": -74.26824, "pc_lat": -12.97421, "long_km": 1.47000003, "dist_min_m": 929.1, "peligro": "Inundación, flujo de detritos, erosión fluvial", "nivel": " ", "fid": 629}, "geometry": {"type": "LineString", "coordinates": [[-74.264506, -12.954505], [-74.26465, -12.956515], [-74.266897, -12.960225], [-74.265917, -12.963669], [-74.267334, -12.964879], [-74.267169, -12.965916]]}}, {"type": "Feature", "properties": {"ruta": "AY-663", "nombre": "Emp. AY-662 (Quinrapa) - Pta. Carretera.", "jerarquia": "departamental/vecinal", "departamento": "Ayacucho", "provincia": "Huanta", "distrito": "", "motivo": "last_mile_progresol", "progresol_servido": "MULTINEGOCIOS TITO", "progresol_direccion": "JR. GERVACIO SANTILLANA N° 926 ", "progresol_dist_m": 1122.6, "puntos_criticos_1km": 1, "pc_lng": -74.26371, "pc_lat": -12.93359, "long_km": 0.51999998, "dist_min_m": 840.7, "peligro": "Inundación", "nivel": "Alto", "fid": 630}, "geometry": {"type": "LineString", "coordinates": [[-74.268629, -12.943645], [-74.264877, -12.941069]]}}, {"type": "Feature", "properties": {"ruta": "AY-668", "nombre": "Emp. AY-667 (Maynay) - Chacco - Emp. AY-667.", "jerarquia": "departamental/vecinal", "departamento": "Ayacucho", "provincia": "Huanta", "distrito": "", "motivo": "last_mile_progresol", "progresol_servido": "FERRETERÍA QUINTERO", "progresol_direccion": "JR. CORDOVA NRO. 120 ", "progresol_dist_m": 1369.1, "puntos_criticos_1km": 1, "pc_lng": -74.25169, "pc_lat": -12.94582, "long_km": 0.73000002, "dist_min_m": 752.4, "peligro": "Inundación", "nivel": "Alto", "fid": 631}, "geometry": {"type": "LineString", "coordinates": [[-74.253065, -12.955455], [-74.252875, -12.954067], [-74.251796, -12.95367], [-74.2524, -12.952765], [-74.249731, -12.952524]]}}, {"type": "Feature", "properties": {"ruta": "AN-898", "nombre": "Emp. PE-3N - Hacienda Huashca Emp. AN-897.", "jerarquia": "departamental/vecinal", "departamento": "Áncash", "provincia": "Huaylas", "distrito": "", "motivo": "last_mile_progresol", "progresol_servido": "GRUPO SANTA INES S.A.C.", "progresol_direccion": "CAR.CENTRAL NRO. SN CENTRO CARAZ ", "progresol_dist_m": 944.0, "puntos_criticos_1km": 1, "pc_lng": -77.81671, "pc_lat": -9.04483, "long_km": 2.3199999300000003, "dist_min_m": 84.2, "peligro": "Inundación", "nivel": " ", "fid": 632}, "geometry": {"type": "LineString", "coordinates": [[-77.829239, -9.048059], [-77.822029, -9.050499], [-77.823254, -9.049318], [-77.823587, -9.044745], [-77.820127, -9.045328], [-77.817173, -9.044228]]}}, {"type": "Feature", "properties": {"ruta": "AN-896", "nombre": "Emp. AN-894 - Emp. AN-897.", "jerarquia": "departamental/vecinal", "departamento": "Áncash", "provincia": "Huaylas", "distrito": "", "motivo": "last_mile_progresol", "progresol_servido": "DISMAD CARAZ E.I.R.L", "progresol_direccion": "BARRIO YURACOTO S/ N ", "progresol_dist_m": 2509.6, "puntos_criticos_1km": 1, "pc_lng": -77.84455, "pc_lat": -9.00635, "long_km": 2.17000008, "dist_min_m": 964.9, "peligro": "", "nivel": null, "fid": 633}, "geometry": {"type": "LineString", "coordinates": [[-77.828714, -9.006358], [-77.825636, -9.004893], [-77.82628, -9.002985], [-77.82865, -9.003894], [-77.830653, -9.006428], [-77.832354, -9.006889], [-77.832763, -9.005649], [-77.83385, -9.005168], [-77.835823, -9.007378]]}}, {"type": "Feature", "properties": {"ruta": "AN-731", "nombre": "Emp. AN-730 - Chuyush.", "jerarquia": "departamental/vecinal", "departamento": "Áncash", "provincia": "Huari", "distrito": "", "motivo": "last_mile_progresol", "progresol_servido": "MULTISERVICIO CUEVA", "progresol_direccion": "JR. SAN MARTIN S/N ", "progresol_dist_m": 1634.6, "puntos_criticos_1km": 1, "pc_lng": -77.17355, "pc_lat": -9.56414, "long_km": 2.99000001, "dist_min_m": 798.1, "peligro": "Inundación, Erosión fluvial", "nivel": "Alto", "fid": 634}, "geometry": {"type": "LineString", "coordinates": [[-77.168381, -9.569196], [-77.168239, -9.574386], [-77.165169, -9.574153], [-77.164808, -9.576207], [-77.162599, -9.57538], [-77.165208, -9.577533], [-77.163631, -9.577217], [-77.161936, -9.575583], [-77.161094, -9.57209]]}}, {"type": "Feature", "properties": {"ruta": "AN-964", "nombre": "Emp. AN-963 - Chacapampa.", "jerarquia": "departamental/vecinal", "departamento": "Áncash", "provincia": "Yungay", "distrito": "", "motivo": "last_mile_progresol", "progresol_servido": "GRUPO REGIONAL S.A.C", "progresol_direccion": "CAL.INDUSTRIAL NRO. S/N CENT. YUNGAY", "progresol_dist_m": 2639.8, "puntos_criticos_1km": 1, "pc_lng": -77.74886, "pc_lat": -9.17246, "long_km": 0.9499999900000001, "dist_min_m": 778.0, "peligro": "", "nivel": null, "fid": 635}, "geometry": {"type": "LineString", "coordinates": [[-77.754047, -9.167688], [-77.753471, -9.166075], [-77.754363, -9.163899], [-77.753346, -9.164097], [-77.755349, -9.161986]]}}, {"type": "Feature", "properties": {"ruta": "AN-789", "nombre": "Emp. AN-787 - Nunocoto - Dv. Antaraca - Emp. AN-784.", "jerarquia": "departamental/vecinal", "departamento": "Áncash", "provincia": "Carhuaz", "distrito": "", "motivo": "last_mile_progresol", "progresol_servido": "FERRETRIA MIKY", "progresol_direccion": "AV. PROGRESO NRO. S.N ", "progresol_dist_m": 2952.0, "puntos_criticos_1km": 1, "pc_lng": -77.63067, "pc_lat": -9.28933, "long_km": 0.25999999, "dist_min_m": 803.2, "peligro": "Inundación", "nivel": " ", "fid": 636}, "geometry": {"type": "LineString", "coordinates": [[-77.624848, -9.293703], [-77.622737, -9.292754]]}}, {"type": "Feature", "properties": {"ruta": "AN-1102", "nombre": "Emp. AN-1077 - Rampac Chico.", "jerarquia": "departamental/vecinal", "departamento": "Áncash", "provincia": "Carhuaz", "distrito": "", "motivo": "last_mile_progresol", "progresol_servido": "FERRETRIA MIKY", "progresol_direccion": "AV. PROGRESO NRO. S.N ", "progresol_dist_m": 588.7, "puntos_criticos_1km": 1, "pc_lng": -77.65188, "pc_lat": -9.2818, "long_km": 0.61000001, "dist_min_m": 408.3, "peligro": "Inundación", "nivel": " ", "fid": 637}, "geometry": {"type": "LineString", "coordinates": [[-77.649784, -9.284829], [-77.647245, -9.286852], [-77.648362, -9.288327]]}}, {"type": "Feature", "properties": {"ruta": "AN-1102", "nombre": "Emp. AN-1077 - Rampac Chico.", "jerarquia": "departamental/vecinal", "departamento": "Áncash", "provincia": "Carhuaz", "distrito": "", "motivo": "last_mile_progresol", "progresol_servido": "FERRETRIA MIKY", "progresol_direccion": "AV. PROGRESO NRO. S.N ", "progresol_dist_m": 938.9, "puntos_criticos_1km": 1, "pc_lng": -77.65188, "pc_lat": -9.2818, "long_km": 3.9500000500000003, "dist_min_m": 822.5, "peligro": "Inundación", "nivel": " ", "fid": 638}, "geometry": {"type": "LineString", "coordinates": [[-77.648362, -9.288327], [-77.647219, -9.29098], [-77.648262, -9.289532], [-77.647636, -9.292834], [-77.646026, -9.294246], [-77.64851, -9.292854], [-77.646176, -9.295105], [-77.648867, -9.293887], [-77.648322, -9.29477], [-77.650855, -9.294684], [-77.648862, -9.295678], [-77.64963, -9.296967], [-77.649731, -9.295943], [-77.649971, -9.297927], [-77.65084, -9.298239]]}}, {"type": "Feature", "properties": {"ruta": "AN-834", "nombre": "Emp. AN-832  - Huandoy - Pta. Carretera.", "jerarquia": "departamental/vecinal", "departamento": "Áncash", "provincia": "Huaylas", "distrito": "", "motivo": "last_mile_progresol", "progresol_servido": "GRUPO REGIONAL S.A.C", "progresol_direccion": "AV. RAMON CASTILLA NRO. S.N. (NRO 537-FRTE AL MERCADO DE FRUTAS)", "progresol_dist_m": 1398.3, "puntos_criticos_1km": 1, "pc_lng": -77.80682, "pc_lat": -9.03558, "long_km": 3.86999989, "dist_min_m": 710.3, "peligro": "Inundación", "nivel": " ", "fid": 639}, "geometry": {"type": "LineString", "coordinates": [[-77.800358, -9.035375], [-77.792704, -9.035178], [-77.79298, -9.034626], [-77.787552, -9.034962], [-77.78834, -9.033902], [-77.787402, -9.033025], [-77.787414, -9.034331], [-77.787008, -9.033538], [-77.786871, -9.034207], [-77.78513, -9.033901], [-77.785061, -9.034481], [-77.783926, -9.033967], [-77.78533, -9.035065], [-77.783736, -9.034498], [-77.782361, -9.035438], [-77.778884, -9.035004], [-77.779531, -9.035566]]}}, {"type": "Feature", "properties": {"ruta": "JU-1069", "nombre": "Emp. PE-3S - Collor - Emp. JU-1070.", "jerarquia": "departamental/vecinal", "departamento": "Junín", "provincia": "Huancayo", "distrito": "", "motivo": "last_mile_progresol", "progresol_servido": "DISTRIBUIDORA INVERSIONES CRISTINA", "progresol_direccion": "CARRETERA CENTRAL  KM 8.8 CAJAS ", "progresol_dist_m": 1179.9, "puntos_criticos_1km": 1, "pc_lng": -75.25647, "pc_lat": -12.01445, "long_km": 1.2000000499999999, "dist_min_m": 610.6, "peligro": "Inundación", "nivel": "", "fid": 640}, "geometry": {"type": "LineString", "coordinates": [[-75.245264, -12.012991], [-75.24704, -12.013791], [-75.248641, -12.011467], [-75.250904, -12.012918], [-75.252565, -12.010081]]}}, {"type": "Feature", "properties": {"ruta": "JU-1068", "nombre": "Emp. JU-1071 - Bosque Dorado - Pta. Carretera.", "jerarquia": "departamental/vecinal", "departamento": "Junín", "provincia": "Huancayo", "distrito": "", "motivo": "last_mile_progresol", "progresol_servido": "DISTRIBUIDORA INVERSIONES CRISTINA", "progresol_direccion": "CARRETERA CENTRAL  KM 8.8 CAJAS ", "progresol_dist_m": 1327.7, "puntos_criticos_1km": 1, "pc_lng": -75.24681, "pc_lat": -12.00106, "long_km": 3.0199999799999997, "dist_min_m": 670.6, "peligro": "Inundación", "nivel": "", "fid": 641}, "geometry": {"type": "LineString", "coordinates": [[-75.220615, -12.00036], [-75.23895, -12.009442], [-75.239839, -12.007461], [-75.239717, -12.004716], [-75.24141, -12.00398]]}}, {"type": "Feature", "properties": {"ruta": "JU-1039", "nombre": "Emp. JU-1038 - Virgen de Cocharcas - Emp. JU-1034.", "jerarquia": "departamental/vecinal", "departamento": "Junín", "provincia": "Huancayo", "distrito": "", "motivo": "last_mile_progresol", "progresol_servido": "FERRETERIA E INVERSIONES KALIMAX", "progresol_direccion": "AV HEROES DE LA BREÑA S/N HUAMANMAR ", "progresol_dist_m": 2068.6, "puntos_criticos_1km": 1, "pc_lng": -75.19844, "pc_lat": -12.12614, "long_km": 3.98000002, "dist_min_m": 251.3, "peligro": null, "nivel": "", "fid": 642}, "geometry": {"type": "LineString", "coordinates": [[-75.199311, -12.12284], [-75.196482, -12.124795], [-75.195574, -12.127048], [-75.196254, -12.12778], [-75.190598, -12.134457], [-75.188893, -12.140762], [-75.178154, -12.148338]]}}, {"type": "Feature", "properties": {"ruta": "R", "nombre": "Emp. JU-1003-Huancan-Huayucachi -Sapallanga-Emp. R57", "jerarquia": "departamental/vecinal", "departamento": "Junín", "provincia": "Huancayo", "distrito": "", "motivo": "last_mile_progresol", "progresol_servido": "EMPRESA", "progresol_direccion": "AV. HUANCAVELICA NRO. 512 URB. PUZO (ENTRE JR. CASTILLA Y AV. HUANCAVELICA)", "progresol_dist_m": 1294.5, "puntos_criticos_1km": 1, "pc_lng": -75.19844, "pc_lat": -12.12614, "long_km": 3.11999989, "dist_min_m": 420.9, "peligro": null, "nivel": "", "fid": 643}, "geometry": {"type": "LineString", "coordinates": [[-75.205235, -12.095837], [-75.203391, -12.098185], [-75.200815, -12.106199], [-75.197703, -12.122425]]}}, {"type": "Feature", "properties": {"ruta": "JU-887", "nombre": "Emp. JU-886 (Buenos Aires) - Áreas Agrícolas.", "jerarquia": "departamental/vecinal", "departamento": "Junín", "provincia": "Huancayo", "distrito": "", "motivo": "last_mile_progresol", "progresol_servido": "FERRETERIA INCOMEY", "progresol_direccion": "AV ARGENTINA S/N FRENTE AL MERCADO ", "progresol_dist_m": 661.3, "puntos_criticos_1km": 1, "pc_lng": -75.29482, "pc_lat": -12.05466, "long_km": 0.16, "dist_min_m": 667.5, "peligro": "Inundación", "nivel": null, "fid": 644}, "geometry": {"type": "LineString", "coordinates": [[-75.289685, -12.051364], [-75.289374, -12.050068]]}}, {"type": "Feature", "properties": {"ruta": "JU-886", "nombre": "Emp. JU-848 (Buenos Aires) - Observatorio Astronómico Sicaya.", "jerarquia": "departamental/vecinal", "departamento": "Junín", "provincia": "Huancayo", "distrito": "", "motivo": "last_mile_progresol", "progresol_servido": "FERRETERIA INCOMEY", "progresol_direccion": "AV ARGENTINA S/N FRENTE AL MERCADO ", "progresol_dist_m": 671.1, "puntos_criticos_1km": 1, "pc_lng": -75.29482, "pc_lat": -12.05466, "long_km": 0.87, "dist_min_m": 456.4, "peligro": "Inundación", "nivel": null, "fid": 645}, "geometry": {"type": "LineString", "coordinates": [[-75.289685, -12.051364], [-75.292869, -12.05095], [-75.292404, -12.046644]]}}, {"type": "Feature", "properties": {"ruta": "JU-887", "nombre": "Emp. JU-886 (Buenos Aires) - Áreas Agrícolas.", "jerarquia": "departamental/vecinal", "departamento": "Junín", "provincia": "Huancayo", "distrito": "", "motivo": "last_mile_progresol", "progresol_servido": "FERRETERIA INCOMEY", "progresol_direccion": "AV ARGENTINA S/N FRENTE AL MERCADO ", "progresol_dist_m": 711.0, "puntos_criticos_1km": 1, "pc_lng": -75.29482, "pc_lat": -12.05466, "long_km": 0.47000000000000003, "dist_min_m": 781.5, "peligro": "Inundación", "nivel": null, "fid": 646}, "geometry": {"type": "LineString", "coordinates": [[-75.289856, -12.045876], [-75.289374, -12.050068]]}}, {"type": "Feature", "properties": {"ruta": "JU-886", "nombre": "Emp. JU-848 (Buenos Aires) - Observatorio Astronómico Sicaya.", "jerarquia": "departamental/vecinal", "departamento": "Junín", "provincia": "Huancayo", "distrito": "", "motivo": "last_mile_progresol", "progresol_servido": "FERRETERIA INCOMEY", "progresol_direccion": "AV ARGENTINA S/N FRENTE AL MERCADO ", "progresol_dist_m": 1205.2, "puntos_criticos_1km": 1, "pc_lng": -75.29482, "pc_lat": -12.05466, "long_km": 0.44999999, "dist_min_m": 929.0, "peligro": "Inundación", "nivel": null, "fid": 647}, "geometry": {"type": "LineString", "coordinates": [[-75.292404, -12.046644], [-75.293559, -12.044105], [-75.294702, -12.04359]]}}, {"type": "Feature", "properties": {"ruta": "JU-886", "nombre": "Emp. JU-848 (Buenos Aires) - Observatorio Astronómico Sicaya.", "jerarquia": "departamental/vecinal", "departamento": "Junín", "provincia": "Huancayo", "distrito": "", "motivo": "last_mile_progresol", "progresol_servido": "FERRETERIA INCOMEY", "progresol_direccion": "AV ARGENTINA S/N FRENTE AL MERCADO ", "progresol_dist_m": 638.0, "puntos_criticos_1km": 1, "pc_lng": -75.29482, "pc_lat": -12.05466, "long_km": 0.12000000000000001, "dist_min_m": 608.4, "peligro": "Inundación", "nivel": null, "fid": 648}, "geometry": {"type": "LineString", "coordinates": [[-75.289714, -12.052413], [-75.289685, -12.051364]]}}, {"type": "Feature", "properties": {"ruta": "JU-726", "nombre": "Emp. JU-727 - Emp. JU-729.", "jerarquia": "departamental/vecinal", "departamento": "Junín", "provincia": "Jauja", "distrito": "", "motivo": "last_mile_progresol", "progresol_servido": "DISTRIBUIDORA CARRION", "progresol_direccion": "JR. 28 DE JULIO NRO. 440 ", "progresol_dist_m": 1422.5, "puntos_criticos_1km": 1, "pc_lng": -75.48259, "pc_lat": -11.7745, "long_km": 1.16999996, "dist_min_m": 267.8, "peligro": "Inundación, erosión fluvial", "nivel": "Muy alto", "fid": 649}, "geometry": {"type": "LineString", "coordinates": [[-75.473893, -11.768116], [-75.478546, -11.76854], [-75.483205, -11.772165]]}}, {"type": "Feature", "properties": {"ruta": "AN-732", "nombre": "Emp. AN-110 (Chavin de Huantar) - Machcas Alto - Shampon - Catayoc - Huaricocha - Rahua - Emp. AN-738 (Pte. Carhuascancha)", "jerarquia": "departamental/vecinal", "departamento": "Áncash", "provincia": "Huari", "distrito": "", "motivo": "last_mile_progresol", "progresol_servido": "CORPORACION CAF S.A.C", "progresol_direccion": "AV. FLORIDA NRO. S/N CENT SAN MARCOS", "progresol_dist_m": 1822.8, "puntos_criticos_1km": 1, "pc_lng": -77.18625, "pc_lat": -9.48811, "long_km": 4.80999994, "dist_min_m": 197.3, "peligro": "Inundación, flujo de detritos, erosión", "nivel": null, "fid": 650}, "geometry": {"type": "LineString", "coordinates": [[-77.172337, -9.513819], [-77.172071, -9.513064], [-77.170823, -9.513597], [-77.169516, -9.512985], [-77.172913, -9.50637], [-77.171263, -9.501618], [-77.172574, -9.499187], [-77.176648, -9.498988], [-77.179641, -9.496772], [-77.181889, -9.492738], [-77.183913, -9.491032], [-77.186613, -9.489849], [-77.187546, -9.490599], [-77.189652, -9.489817]]}}, {"type": "Feature", "properties": {"ruta": "JU-1092", "nombre": "Emp. JU-1090 - Vista Alegre - Matinchara - Emp. JU-1090 (Ulun).", "jerarquia": "departamental/vecinal", "departamento": "Junín", "provincia": "Concepción", "distrito": "", "motivo": "last_mile_progresol", "progresol_servido": "FERRETERIA CADEMA", "progresol_direccion": "CARRETERA CENTRAL 1696 ", "progresol_dist_m": 1133.8, "puntos_criticos_1km": 1, "pc_lng": -75.31357, "pc_lat": -11.93873, "long_km": 1.6000000200000002, "dist_min_m": 905.9, "peligro": "Inundación, erosión fluvial", "nivel": "Muy alto", "fid": 651}, "geometry": {"type": "LineString", "coordinates": [[-75.310747, -11.931067], [-75.308764, -11.925843], [-75.30927, -11.922882], [-75.308357, -11.922509], [-75.309728, -11.919731], [-75.309352, -11.91875]]}}, {"type": "Feature", "properties": {"ruta": "JU-1094", "nombre": "Emp. PE-3S - Paccha - Lulin - Emp. JU-840 (Balsas).", "jerarquia": "departamental/vecinal", "departamento": "Junín", "provincia": "Concepción", "distrito": "", "motivo": "last_mile_progresol", "progresol_servido": "FERRETERIA CADEMA", "progresol_direccion": "CARRETERA CENTRAL 1696 ", "progresol_dist_m": 2869.4, "puntos_criticos_1km": 1, "pc_lng": -75.34523, "pc_lat": -11.89931, "long_km": 0.40000001, "dist_min_m": 805.4, "peligro": "Inundación, erosión fluvial", "nivel": "Muy alto", "fid": 652}, "geometry": {"type": "LineString", "coordinates": [[-75.338888, -11.903051], [-75.336166, -11.900625]]}}, {"type": "Feature", "properties": {"ruta": "JU-1094", "nombre": "Emp. PE-3S - Paccha - Lulin - Emp. JU-840 (Balsas).", "jerarquia": "departamental/vecinal", "departamento": "Junín", "provincia": "Concepción", "distrito": "", "motivo": "last_mile_progresol", "progresol_servido": "FERRETERIA CADEMA", "progresol_direccion": "CARRETERA CENTRAL 1696 ", "progresol_dist_m": 2614.0, "puntos_criticos_1km": 1, "pc_lng": -75.34523, "pc_lat": -11.89931, "long_km": 0.43000001, "dist_min_m": 805.6, "peligro": "Inundación, erosión fluvial", "nivel": "Muy alto", "fid": 653}, "geometry": {"type": "LineString", "coordinates": [[-75.338817, -11.90613], [-75.337999, -11.905475], [-75.338888, -11.903051]]}}, {"type": "Feature", "properties": {"ruta": "JU-1094", "nombre": "Emp. PE-3S - Paccha - Lulin - Emp. JU-840 (Balsas).", "jerarquia": "departamental/vecinal", "departamento": "Junín", "provincia": "Concepción", "distrito": "", "motivo": "last_mile_progresol", "progresol_servido": "FERRETERIA CADEMA", "progresol_direccion": "CARRETERA CENTRAL 1696 ", "progresol_dist_m": 337.7, "puntos_criticos_1km": 1, "pc_lng": -75.32697, "pc_lat": -11.93069, "long_km": 0.81, "dist_min_m": 925.0, "peligro": "Inundación", "nivel": "", "fid": 654}, "geometry": {"type": "LineString", "coordinates": [[-75.321117, -11.924662], [-75.32592, -11.919069]]}}, {"type": "Feature", "properties": {"ruta": "JU-727", "nombre": "Emp. PE-3S - Emp. JU-725.", "jerarquia": "departamental/vecinal", "departamento": "Junín", "provincia": "Jauja", "distrito": "", "motivo": "last_mile_progresol", "progresol_servido": "DISTRIBUIDORA CARRION", "progresol_direccion": "JR. 28 DE JULIO NRO. 440 ", "progresol_dist_m": 1400.8, "puntos_criticos_1km": 1, "pc_lng": -75.48259, "pc_lat": -11.7745, "long_km": 2.2579999, "dist_min_m": 21.1, "peligro": "Inundación, erosión fluvial", "nivel": "Muy alto", "fid": 655}, "geometry": {"type": "LineString", "coordinates": [[-75.484807, -11.76788], [-75.481929, -11.7752], [-75.479233, -11.776317], [-75.474505, -11.775819], [-75.470323, -11.776577]]}}, {"type": "Feature", "properties": {"ruta": "R", "nombre": "Emp. JU-722 - Emp. JU-725.", "jerarquia": "departamental/vecinal", "departamento": "Junín", "provincia": "Jauja", "distrito": "", "motivo": "last_mile_progresol", "progresol_servido": "DISTRIBUIDORA CARRION", "progresol_direccion": "JR. 28 DE JULIO NRO. 440 ", "progresol_dist_m": 2799.4, "puntos_criticos_1km": 1, "pc_lng": -75.48247, "pc_lat": -11.7581, "long_km": 0.74000001, "dist_min_m": 464.0, "peligro": "Inundación", "nivel": " ", "fid": 656}, "geometry": {"type": "LineString", "coordinates": [[-75.486751, -11.74911], [-75.485152, -11.754857]]}}, {"type": "Feature", "properties": {"ruta": "AN-1004", "nombre": "Emp. PE-1N (Casma) - Casma - Cuncan - Santa Luisa - San Isaias - Emp. PE-14.", "jerarquia": "departamental/vecinal", "departamento": "Áncash", "provincia": "Casma", "distrito": "", "motivo": "last_mile_progresol", "progresol_servido": "CORPORACION CAF S.A.C", "progresol_direccion": "AV. LIBERTAD MZA. B2 LOTE. 17 URB. PV CASMA ZONA ESTE", "progresol_dist_m": 326.7, "puntos_criticos_1km": 1, "pc_lng": -78.28632, "pc_lat": -9.46741, "long_km": 0.6629999900000001, "dist_min_m": 696.7, "peligro": "Inundación", "nivel": "", "fid": 657}, "geometry": {"type": "LineString", "coordinates": [[-78.295874, -9.474458], [-78.290311, -9.472285]]}}, {"type": "Feature", "properties": {"ruta": "AN-1004", "nombre": "Emp. PE-1N (Casma) - Casma - Cuncan - Santa Luisa - San Isaias - Emp. PE-14.", "jerarquia": "departamental/vecinal", "departamento": "Áncash", "provincia": "Casma", "distrito": "", "motivo": "last_mile_progresol", "progresol_servido": "CORPORACION CAF S.A.C", "progresol_direccion": "AV. LIBERTAD MZA. B2 LOTE. 17 URB. PV CASMA ZONA ESTE", "progresol_dist_m": 968.9, "puntos_criticos_1km": 1, "pc_lng": -78.28632, "pc_lat": -9.46741, "long_km": 4.54799986, "dist_min_m": 567.6, "peligro": "Inundación", "nivel": "", "fid": 658}, "geometry": {"type": "LineString", "coordinates": [[-78.290311, -9.472285], [-78.277142, -9.47374], [-78.271281, -9.473526], [-78.268594, -9.472423], [-78.2588, -9.470961], [-78.256498, -9.469707], [-78.254632, -9.472639], [-78.25402, -9.475616]]}}, {"type": "Feature", "properties": {"ruta": "AN-1005", "nombre": "Emp. PE-1N - Emp. AN-1004", "jerarquia": "departamental/vecinal", "departamento": "Áncash", "provincia": "Casma", "distrito": "", "motivo": "last_mile_progresol", "progresol_servido": "CORPORACION CAF S.A.C", "progresol_direccion": "AV. LIBERTAD MZA. B2 LOTE. 17 URB. PV CASMA ZONA ESTE", "progresol_dist_m": 508.2, "puntos_criticos_1km": 1, "pc_lng": -78.28632, "pc_lat": -9.46741, "long_km": 1.78400004, "dist_min_m": 922.1, "peligro": "Inundación", "nivel": "", "fid": 659}, "geometry": {"type": "LineString", "coordinates": [[-78.30743, -9.473229], [-78.305937, -9.472087], [-78.303127, -9.472587], [-78.294943, -9.471341], [-78.293641, -9.471499], [-78.293002, -9.473176]]}}, {"type": "Feature", "properties": {"ruta": "AN-1028", "nombre": "Emp. PE-1N - El Carmen - 3 de Septiembre - Emp. AN-1031.", "jerarquia": "departamental/vecinal", "departamento": "Áncash", "provincia": "Casma", "distrito": "", "motivo": "last_mile_progresol", "progresol_servido": "CORPORACION CAF S.A.C", "progresol_direccion": "AV. LIBERTAD MZA. B2 LOTE. 17 URB. PV CASMA ZONA ESTE", "progresol_dist_m": 524.1, "puntos_criticos_1km": 1, "pc_lng": -78.30067, "pc_lat": -9.48483, "long_km": 0.9160000100000001, "dist_min_m": 5.3, "peligro": "", "nivel": "", "fid": 660}, "geometry": {"type": "LineString", "coordinates": [[-78.301896, -9.484749], [-78.301055, -9.485036], [-78.298208, -9.482186], [-78.295504, -9.480939]]}}, {"type": "Feature", "properties": {"ruta": "AN-1029", "nombre": "Emp. PE-1N (Comisaria De Casma) – Casma – Emp. AN - 1028", "jerarquia": "departamental/vecinal", "departamento": "Áncash", "provincia": "Casma", "distrito": "", "motivo": "last_mile_progresol", "progresol_servido": "CORPORACION CAF S.A.C", "progresol_direccion": "AV. LIBERTAD MZA. B2 LOTE. 17 URB. PV CASMA ZONA ESTE", "progresol_dist_m": 627.6, "puntos_criticos_1km": 1, "pc_lng": -78.30067, "pc_lat": -9.48483, "long_km": 0.215, "dist_min_m": 325.8, "peligro": "", "nivel": "", "fid": 661}, "geometry": {"type": "LineString", "coordinates": [[-78.30006, -9.481863], [-78.298226, -9.482204]]}}, {"type": "Feature", "properties": {"ruta": "AN-1031", "nombre": "Emp. PE-1N (Grifo Delusa) - Urb. Piers - Carrizal – Emp. PE-1N.", "jerarquia": "departamental/vecinal", "departamento": "Áncash", "provincia": "Casma", "distrito": "", "motivo": "last_mile_progresol", "progresol_servido": "CORPORACION CAF S.A.C", "progresol_direccion": "AV. LIBERTAD MZA. B2 LOTE. 17 URB. PV CASMA ZONA ESTE", "progresol_dist_m": 569.2, "puntos_criticos_1km": 1, "pc_lng": -78.30067, "pc_lat": -9.48483, "long_km": 0.34900001, "dist_min_m": 713.1, "peligro": "", "nivel": "", "fid": 662}, "geometry": {"type": "LineString", "coordinates": [[-78.292546, -9.480769], [-78.295504, -9.480939]]}}, {"type": "Feature", "properties": {"ruta": "JU-848", "nombre": "Emp. PE-24 - San Miguel - San Antonio de Cocha - Emp. JU-847 (Vicso).", "jerarquia": "departamental/vecinal", "departamento": "Junín", "provincia": "Huancayo", "distrito": "", "motivo": "last_mile_progresol", "progresol_servido": "FERRETERIA INCOMEY", "progresol_direccion": "AV ARGENTINA S/N FRENTE AL MERCADO ", "progresol_dist_m": 40.4, "puntos_criticos_1km": 1, "pc_lng": -75.29482, "pc_lat": -12.05466, "long_km": 2.2019999, "dist_min_m": 365.2, "peligro": "Inundación", "nivel": null, "fid": 663}, "geometry": {"type": "LineString", "coordinates": [[-75.283201, -12.05393], [-75.294697, -12.051294], [-75.30224, -12.047614]]}}, {"type": "Feature", "properties": {"ruta": "JU-883", "nombre": "Emp. PE-24 (Camal de Chupaca) - Emp. JU-848 (Pincha).", "jerarquia": "departamental/vecinal", "departamento": "Junín", "provincia": "Chupaca", "distrito": "", "motivo": "last_mile_progresol", "progresol_servido": "FERRETERIA INCOMEY", "progresol_direccion": "AV ARGENTINA S/N FRENTE AL MERCADO ", "progresol_dist_m": 429.2, "puntos_criticos_1km": 1, "pc_lng": -75.29482, "pc_lat": -12.05466, "long_km": 2.4000000999999997, "dist_min_m": 14.6, "peligro": "Inundación", "nivel": null, "fid": 664}, "geometry": {"type": "LineString", "coordinates": [[-75.285028, -12.057442], [-75.292418, -12.055974], [-75.298583, -12.052336], [-75.302293, -12.051069], [-75.302238, -12.048116]]}}, {"type": "Feature", "properties": {"ruta": "JU-894", "nombre": "Emp. PE-3SZ - Emp. JU-890 (Chupaca - Av. Los Héroes).", "jerarquia": "departamental/vecinal", "departamento": "Junín", "provincia": "Chupaca", "distrito": "", "motivo": "last_mile_progresol", "progresol_servido": "DISTRIBUIDORA HENRY", "progresol_direccion": "AV 9 DE OCTUBRE S/ N ", "progresol_dist_m": 270.5, "puntos_criticos_1km": 1, "pc_lng": -75.26951, "pc_lat": -12.05991, "long_km": 4.076000209999999, "dist_min_m": 942.0, "peligro": "Inundación, flujo de detritos, erosión", "nivel": "Alto", "fid": 665}, "geometry": {"type": "LineString", "coordinates": [[-75.247558, -12.075029], [-75.253874, -12.075053], [-75.282837, -12.063893]]}}, {"type": "Feature", "properties": {"ruta": "JU-911", "nombre": "Emp. PE-24 (Chupaca) - Vista Alegre - Emp. JU-940.", "jerarquia": "departamental/vecinal", "departamento": "Junín", "provincia": "Chupaca", "distrito": "", "motivo": "last_mile_progresol", "progresol_servido": "FERRETERIA YAUYINITO", "progresol_direccion": "JR PETRONA APOLAYA # 602 ", "progresol_dist_m": 9.5, "puntos_criticos_1km": 1, "pc_lng": -75.29482, "pc_lat": -12.05466, "long_km": 4.94099998, "dist_min_m": 813.4, "peligro": "Inundación", "nivel": null, "fid": 666}, "geometry": {"type": "LineString", "coordinates": [[-75.289529, -12.059834], [-75.289021, -12.069297], [-75.291462, -12.072786], [-75.292987, -12.085043], [-75.292768, -12.093837], [-75.293412, -12.097712], [-75.295542, -12.100172]]}}, {"type": "Feature", "properties": {"ruta": "JU-912", "nombre": "Emp. PE-24 (Chupaca) - Azaña - Ahuac - Andamarca - Ninanya - Emp. JU-816 (Achipampa).", "jerarquia": "departamental/vecinal", "departamento": "Junín", "provincia": "Chupaca", "distrito": "", "motivo": "last_mile_progresol", "progresol_servido": "FERRETERIA YAUYINITO", "progresol_direccion": "JR PETRONA APOLAYA # 602 ", "progresol_dist_m": 289.1, "puntos_criticos_1km": 1, "pc_lng": -75.29482, "pc_lat": -12.05466, "long_km": 0.76599997, "dist_min_m": 658.2, "peligro": "Inundación", "nivel": null, "fid": 667}, "geometry": {"type": "LineString", "coordinates": [[-75.290112, -12.059923], [-75.291922, -12.059858], [-75.291634, -12.063341], [-75.293247, -12.06353]]}}, {"type": "Feature", "properties": {"ruta": "JU-974", "nombre": "Emp. PE-3SZ (Churampi) - Emp. JU-973 (Centro Recreacional).", "jerarquia": "departamental/vecinal", "departamento": "Junín", "provincia": "Chupaca", "distrito": "", "motivo": "last_mile_progresol", "progresol_servido": "FERRETERIA E INVERSIONES KALIMAX", "progresol_direccion": "AV HEROES DE LA BREÑA S/N HUAMANMAR ", "progresol_dist_m": 2489.5, "puntos_criticos_1km": 1, "pc_lng": -75.23388, "pc_lat": -12.11746, "long_km": 0.64499998, "dist_min_m": 790.6, "peligro": "Inundación, erosión fluvial", "nivel": "Muy alto", "fid": 668}, "geometry": {"type": "LineString", "coordinates": [[-75.245747, -12.120876], [-75.242665, -12.120817], [-75.24103, -12.118785]]}}, {"type": "Feature", "properties": {"ruta": "JU-884", "nombre": "Emp. PE-24 (Callaballauri) - Emp. JU-883 (Pincha).", "jerarquia": "departamental/vecinal", "departamento": "Junín", "provincia": "Chupaca", "distrito": "", "motivo": "last_mile_progresol", "progresol_servido": "FERRETERIA INCOMEY", "progresol_direccion": "AV ARGENTINA S/N FRENTE AL MERCADO ", "progresol_dist_m": 2011.0, "puntos_criticos_1km": 1, "pc_lng": -75.29482, "pc_lat": -12.05466, "long_km": 1.93200004, "dist_min_m": 906.0, "peligro": "Inundación", "nivel": null, "fid": 669}, "geometry": {"type": "LineString", "coordinates": [[-75.318829, -12.051287], [-75.313554, -12.05073], [-75.312161, -12.051941], [-75.305361, -12.052244], [-75.302294, -12.051068]]}}, {"type": "Feature", "properties": {"ruta": "JU-930", "nombre": "Emp. JU-914 - Emp. JU-913 (Av. Circunvalación).", "jerarquia": "departamental/vecinal", "departamento": "Junín", "provincia": "Chupaca", "distrito": "", "motivo": "last_mile_progresol", "progresol_servido": "FERRETERIA YAUYINITO", "progresol_direccion": "JR PETRONA APOLAYA # 602 ", "progresol_dist_m": 1210.5, "puntos_criticos_1km": 1, "pc_lng": -75.29482, "pc_lat": -12.05466, "long_km": 0.5410000100000001, "dist_min_m": 899.0, "peligro": "Inundación", "nivel": null, "fid": 670}, "geometry": {"type": "LineString", "coordinates": [[-75.304503, -12.062228], [-75.299799, -12.061124]]}}, {"type": "Feature", "properties": {"ruta": "JU-930", "nombre": "Emp. JU-914 - Emp. JU-913 (Av. Circunvalación).", "jerarquia": "departamental/vecinal", "departamento": "Junín", "provincia": "Chupaca", "distrito": "", "motivo": "last_mile_progresol", "progresol_servido": "FERRETERIA YAUYINITO", "progresol_direccion": "JR PETRONA APOLAYA # 602 ", "progresol_dist_m": 746.9, "puntos_criticos_1km": 1, "pc_lng": -75.29482, "pc_lat": -12.05466, "long_km": 0.60699999, "dist_min_m": 580.9, "peligro": "Inundación", "nivel": null, "fid": 671}, "geometry": {"type": "LineString", "coordinates": [[-75.299799, -12.061124], [-75.294443, -12.059871]]}}, {"type": "Feature", "properties": {"ruta": "JU-909", "nombre": "Emp. PE-24 (Chupaca - Av. Bruno Terreros) - Pacacchaca - Emp. JU-901.", "jerarquia": "departamental/vecinal", "departamento": "Junín", "provincia": "Chupaca", "distrito": "", "motivo": "last_mile_progresol", "progresol_servido": "FERRETERIA YAUYINITO", "progresol_direccion": "JR PETRONA APOLAYA # 602 ", "progresol_dist_m": 200.8, "puntos_criticos_1km": 1, "pc_lng": -75.29482, "pc_lat": -12.05466, "long_km": 0.47600001000000003, "dist_min_m": 943.4, "peligro": "Inundación", "nivel": null, "fid": 672}, "geometry": {"type": "LineString", "coordinates": [[-75.28799, -12.059896], [-75.287281, -12.060496], [-75.287249, -12.063859]]}}, {"type": "Feature", "properties": {"ruta": "R", "nombre": "Emp. PE-24 - Emp. R120910", "jerarquia": "departamental/vecinal", "departamento": "Junín", "provincia": "Chupaca", "distrito": "", "motivo": "last_mile_progresol", "progresol_servido": "FERRETERIA YAUYINITO", "progresol_direccion": "JR PETRONA APOLAYA # 602 ", "progresol_dist_m": 1353.5, "puntos_criticos_1km": 1, "pc_lng": -75.29482, "pc_lat": -12.05466, "long_km": 0.5379999900000001, "dist_min_m": 570.0, "peligro": "Inundación", "nivel": null, "fid": 673}, "geometry": {"type": "LineString", "coordinates": [[-75.302909, -12.054045], [-75.299368, -12.057216]]}}, {"type": "Feature", "properties": {"ruta": "JU-913", "nombre": "Emp. PE-24 (Av. Circunvalación) - Emp. JU-912 (Chupaca).", "jerarquia": "departamental/vecinal", "departamento": "Junín", "provincia": "Chupaca", "distrito": "", "motivo": "last_mile_progresol", "progresol_servido": "FERRETERIA YAUYINITO", "progresol_direccion": "JR PETRONA APOLAYA # 602 ", "progresol_dist_m": 422.4, "puntos_criticos_1km": 1, "pc_lng": -75.29482, "pc_lat": -12.05466, "long_km": 1.09599996, "dist_min_m": 438.2, "peligro": "Inundación", "nivel": null, "fid": 674}, "geometry": {"type": "LineString", "coordinates": [[-75.292924, -12.063505], [-75.29366, -12.060312], [-75.295607, -12.058592], [-75.299368, -12.057216]]}}, {"type": "Feature", "properties": {"ruta": "AN-894", "nombre": "Emp. PE-3N (Choquechaca) - Huata - Pamparomas - Emp. AN-104", "jerarquia": "departamental/vecinal", "departamento": "Áncash", "provincia": "Huaylas", "distrito": "", "motivo": "last_mile_progresol", "progresol_servido": "DISMAD CARAZ E.I.R.L", "progresol_direccion": "BARRIO YURACOTO S/ N ", "progresol_dist_m": 2777.1, "puntos_criticos_1km": 1, "pc_lng": -77.84455, "pc_lat": -9.00635, "long_km": 6.900000100000001, "dist_min_m": 5.6, "peligro": "", "nivel": null, "fid": 675}, "geometry": {"type": "LineString", "coordinates": [[-77.835823, -9.007378], [-77.83676, -9.008105], [-77.840556, -9.007973], [-77.84174, -9.00681], [-77.845399, -9.005948], [-77.844676, -9.000794], [-77.845658, -9.002536], [-77.847997, -9.003507], [-77.850946, -9.007116], [-77.850914, -9.005457], [-77.849421, -9.002706], [-77.852882, -9.0046], [-77.853321, -9.006003], [-77.854334, -9.006037], [-77.854205, -9.007684], [-77.855686, -9.007012], [-77.857199, -9.007834], [-77.857057, -9.009236], [-77.859854, -9.011603], [-77.859805, -9.010446], [-77.860638, -9.011641], [-77.861606, -9.011314], [-77.861498, -9.013138], [-77.862619, -9.014216], [-77.861062, -9.01503], [-77.861276, -9.016556], [-77.862058, -9.016733]]}}, {"type": "Feature", "properties": {"ruta": "JU-897", "nombre": "Emp. PE-3SZ (Barrio Norte) - Emp. PE-3SZ (Huamancaca Chico).", "jerarquia": "departamental/vecinal", "departamento": "Junín", "provincia": "Chupaca", "distrito": "", "motivo": "last_mile_progresol", "progresol_servido": "DISTRIBUIDORA HENRY", "progresol_direccion": "AV 9 DE OCTUBRE S/ N ", "progresol_dist_m": 270.5, "puntos_criticos_1km": 1, "pc_lng": -75.24432, "pc_lat": -12.06334, "long_km": 0.40000001, "dist_min_m": 999.4, "peligro": "Inundación", "nivel": "Medio", "fid": 676}, "geometry": {"type": "LineString", "coordinates": [[-75.24778, -12.07167], [-75.247558, -12.075029]]}}, {"type": "Feature", "properties": {"ruta": "IC-509", "nombre": "Emp. PE-26 - Guayabo - Emp. IC-102.", "jerarquia": "departamental/vecinal", "departamento": "Ica", "provincia": "Chincha", "distrito": "", "motivo": "last_mile_progresol", "progresol_servido": "FERRETERIA JOEL", "progresol_direccion": "CAR.PANAMERICANA SUR NRO. 533 (PASANDO RESTAURANT EL REGIONAL)", "progresol_dist_m": 368.1, "puntos_criticos_1km": 1, "pc_lng": -76.12991, "pc_lat": -13.42046, "long_km": 2.7090001100000003, "dist_min_m": 683.5, "peligro": "Inundación", "nivel": "", "fid": 677}, "geometry": {"type": "LineString", "coordinates": [[-76.157964, -13.424421], [-76.142669, -13.421732], [-76.141408, -13.42188], [-76.13955, -13.423746], [-76.135049, -13.424044]]}}, {"type": "Feature", "properties": {"ruta": "IC-560", "nombre": "El Molino - Emp. IC-559.", "jerarquia": "departamental/vecinal", "departamento": "Ica", "provincia": "Pisco", "distrito": "", "motivo": "last_mile_progresol", "progresol_servido": "A&G FORTALEZA", "progresol_direccion": "CAL. AUGUSTO B. LEGUIA NRO. 134 ", "progresol_dist_m": 2007.5, "puntos_criticos_1km": 1, "pc_lng": -76.1833, "pc_lat": -13.71513, "long_km": 1.28999996, "dist_min_m": 455.2, "peligro": "Inundación", "nivel": null, "fid": 678}, "geometry": {"type": "LineString", "coordinates": [[-76.181049, -13.711584], [-76.1809, -13.707559], [-76.188415, -13.707143]]}}, {"type": "Feature", "properties": {"ruta": "IC-565", "nombre": "Emp. PE-1S - Emp. IC-562 (Dv. Bellavista).", "jerarquia": "departamental/vecinal", "departamento": "Ica", "provincia": "Pisco", "distrito": "", "motivo": "last_mile_progresol", "progresol_servido": "INVERSIONES DAANSAEL", "progresol_direccion": "CAL.LOS FLAMENCOS NRO. S/N LOT. SANTA MONICA (COSTADO DEL GRIFO Z)", "progresol_dist_m": 1408.2, "puntos_criticos_1km": 1, "pc_lng": -76.16052, "pc_lat": -13.7127, "long_km": 1.78999996, "dist_min_m": 566.4, "peligro": "Inundación, flujo de detritos, erosión", "nivel": null, "fid": 679}, "geometry": {"type": "LineString", "coordinates": [[-76.170341, -13.7207], [-76.165651, -13.718679], [-76.159433, -13.717695], [-76.154819, -13.718795]]}}, {"type": "Feature", "properties": {"ruta": "IC-562", "nombre": "Emp. PE-1S - Bellavista - Pta de Carretera.", "jerarquia": "departamental/vecinal", "departamento": "Ica", "provincia": "Pisco", "distrito": "", "motivo": "last_mile_progresol", "progresol_servido": "A&G FORTALEZA", "progresol_direccion": "CAL. AUGUSTO B. LEGUIA NRO. 134 ", "progresol_dist_m": 1173.9, "puntos_criticos_1km": 1, "pc_lng": -76.1833, "pc_lat": -13.71513, "long_km": 5.26999998, "dist_min_m": 290.1, "peligro": "Inundación", "nivel": null, "fid": 680}, "geometry": {"type": "LineString", "coordinates": [[-76.194447, -13.713966], [-76.191429, -13.714406], [-76.185228, -13.716967], [-76.183193, -13.720539], [-76.177575, -13.721398], [-76.175745, -13.719716], [-76.174137, -13.71985], [-76.173884, -13.719218], [-76.170752, -13.719821], [-76.169345, -13.7232], [-76.165682, -13.72309], [-76.165016, -13.724748], [-76.159097, -13.722823], [-76.156097, -13.723647]]}}, {"type": "Feature", "properties": {"ruta": "IC-566", "nombre": "Emp. IC-562 - Vista al Mar - Casa Blanca - Emp. IC-567.", "jerarquia": "departamental/vecinal", "departamento": "Ica", "provincia": "Pisco", "distrito": "", "motivo": "last_mile_progresol", "progresol_servido": "A&G FORTALEZA", "progresol_direccion": "CAL. AUGUSTO B. LEGUIA NRO. 134 ", "progresol_dist_m": 2289.3, "puntos_criticos_1km": 1, "pc_lng": -76.1833, "pc_lat": -13.71513, "long_km": 2.2000000500000003, "dist_min_m": 418.1, "peligro": "Inundación", "nivel": null, "fid": 681}, "geometry": {"type": "LineString", "coordinates": [[-76.184497, -13.718707], [-76.184665, -13.722674], [-76.183908, -13.722949], [-76.183315, -13.728187], [-76.173544, -13.730728]]}}, {"type": "Feature", "properties": {"ruta": "IC-580", "nombre": "Emp. IC-574 (Nuñez) - Capa Azul - Emp. IC-582.", "jerarquia": "departamental/vecinal", "departamento": "Ica", "provincia": "Pisco", "distrito": "", "motivo": "last_mile_progresol", "progresol_servido": "DISTRIBUIDORA Y FERRETERIA TOTO", "progresol_direccion": "CAL.LAS TROTUGAS MZA. B LOTE. 04 URB. SANTA MONICA", "progresol_dist_m": 2373.7, "puntos_criticos_1km": 1, "pc_lng": -76.12075, "pc_lat": -13.69273, "long_km": 1.00999999, "dist_min_m": 998.8, "peligro": "Erosión fluvial", "nivel": "Alto", "fid": 682}, "geometry": {"type": "LineString", "coordinates": [[-76.129051, -13.707516], [-76.123167, -13.701403]]}}, {"type": "Feature", "properties": {"ruta": "IC-582", "nombre": "Emp. PE-1S (Villa Tupac Amaru) - Hacienda Chongos - Emp. IC-574 (Monte Fuerte).", "jerarquia": "departamental/vecinal", "departamento": "Ica", "provincia": "Pisco", "distrito": "", "motivo": "last_mile_progresol", "progresol_servido": "INVERSIONES DAANSAEL", "progresol_direccion": "CAL.LOS FLAMENCOS NRO. S/N LOT. SANTA MONICA (COSTADO DEL GRIFO Z)", "progresol_dist_m": 632.5, "puntos_criticos_1km": 1, "pc_lng": -76.16052, "pc_lat": -13.7127, "long_km": 4.82000017, "dist_min_m": 783.8, "peligro": "Inundación, flujo de detritos, erosión", "nivel": null, "fid": 683}, "geometry": {"type": "LineString", "coordinates": [[-76.153264, -13.712875], [-76.151754, -13.713244], [-76.151407, -13.712273], [-76.147615, -13.713207], [-76.145629, -13.709296], [-76.141625, -13.7087], [-76.138016, -13.711163], [-76.124061, -13.705817], [-76.119757, -13.706984], [-76.114871, -13.706734]]}}, {"type": "Feature", "properties": {"ruta": "IC-678", "nombre": "Emp. IC-107 - Emp. IC-677.", "jerarquia": "departamental/vecinal", "departamento": "Ica", "provincia": "Ica", "distrito": "", "motivo": "last_mile_progresol", "progresol_servido": "HUAMANI VALENCIA DE LOURDES", "progresol_direccion": "CP EL HUARANGAL MZ D LT27 ", "progresol_dist_m": 816.4, "puntos_criticos_1km": 1, "pc_lng": -75.71415, "pc_lat": -14.10302, "long_km": 1.0260000200000001, "dist_min_m": 802.0, "peligro": "Inundación", "nivel": "", "fid": 684}, "geometry": {"type": "LineString", "coordinates": [[-75.707481, -14.098328], [-75.707221, -14.100402], [-75.705696, -14.102363], [-75.705859, -14.103923], [-75.702793, -14.104467]]}}, {"type": "Feature", "properties": {"ruta": "IC-655", "nombre": "Emp. IC-107 (El Arenal) - La Salcedo - Los Escates.", "jerarquia": "departamental/vecinal", "departamento": "Ica", "provincia": "Ica", "distrito": "", "motivo": "last_mile_progresol", "progresol_servido": "CAPITAL RBG SERVICIOS GENERALES E.I ", "progresol_direccion": "AV. MIGUEL GRAU NRO. 459 C.P. PARCONA (A 20 METROS DEL GIMNASIO)", "progresol_dist_m": 1289.4, "puntos_criticos_1km": 1, "pc_lng": -75.71925, "pc_lat": -14.0751, "long_km": 0.43399999, "dist_min_m": 881.4, "peligro": null, "nivel": "", "fid": 685}, "geometry": {"type": "LineString", "coordinates": [[-75.711977, -14.069687], [-75.711578, -14.072363], [-75.710498, -14.072787]]}}, {"type": "Feature", "properties": {"ruta": "IC-655", "nombre": "Emp. IC-107 (El Arenal) - La Salcedo - Los Escates.", "jerarquia": "departamental/vecinal", "departamento": "Ica", "provincia": "Ica", "distrito": "", "motivo": "last_mile_progresol", "progresol_servido": "CAPITAL RBG SERVICIOS GENERALES E.I ", "progresol_direccion": "AV. MIGUEL GRAU NRO. 459 C.P. PARCONA (A 20 METROS DEL GIMNASIO)", "progresol_dist_m": 1660.2, "puntos_criticos_1km": 1, "pc_lng": -75.71925, "pc_lat": -14.0751, "long_km": 0.48699999, "dist_min_m": 939.6, "peligro": "Inundación", "nivel": "", "fid": 686}, "geometry": {"type": "LineString", "coordinates": [[-75.710498, -14.072787], [-75.710716, -14.077136]]}}, {"type": "Feature", "properties": {"ruta": "IC-666", "nombre": "Emp. IC-655 - IC-664.", "jerarquia": "departamental/vecinal", "departamento": "Ica", "provincia": "Ica", "distrito": "", "motivo": "last_mile_progresol", "progresol_servido": "HUAMANI VALENCIA DE LOURDES", "progresol_direccion": "CP EL HUARANGAL MZ D LT27 ", "progresol_dist_m": 1665.1, "puntos_criticos_1km": 1, "pc_lng": -75.71925, "pc_lat": -14.0751, "long_km": 1.07099998, "dist_min_m": 949.3, "peligro": "Inundación", "nivel": "", "fid": 687}, "geometry": {"type": "LineString", "coordinates": [[-75.710712, -14.077166], [-75.707654, -14.077808], [-75.701247, -14.077484]]}}, {"type": "Feature", "properties": {"ruta": "AP-538", "nombre": "Emp. AP-522 (Dv. Uripa) - Vista Alegre - Emp. AP-530.", "jerarquia": "departamental/vecinal", "departamento": "Apurímac", "provincia": "Chincheros", "distrito": "", "motivo": "last_mile_progresol", "progresol_servido": "GRUPO MACKRE", "progresol_direccion": "AV. LOS INCAS LOTE 3 (500M ANTES DE COMISARIA)", "progresol_dist_m": 1056.3, "puntos_criticos_1km": 1, "pc_lng": -73.67077, "pc_lat": -13.53259, "long_km": 7.150000100000001, "dist_min_m": 590.7, "peligro": "Inundación, erosión fluvial", "nivel": "Alto", "fid": 688}, "geometry": {"type": "LineString", "coordinates": [[-73.670323, -13.5273], [-73.664655, -13.523236], [-73.652519, -13.525968], [-73.649559, -13.524637], [-73.65027, -13.523037], [-73.645834, -13.522933], [-73.645759, -13.524066], [-73.643836, -13.522076], [-73.645286, -13.52567], [-73.643624, -13.527042], [-73.642959, -13.528915], [-73.645119, -13.531284], [-73.643579, -13.532431], [-73.642849, -13.530295], [-73.641851, -13.530084], [-73.642181, -13.531052], [-73.639655, -13.532599], [-73.640007, -13.534029], [-73.638204, -13.533408], [-73.637324, -13.533929], [-73.639014, -13.536649], [-73.634848, -13.536233]]}}, {"type": "Feature", "properties": {"ruta": "AP-605", "nombre": "Emp. PE-3S (Dv. Abancay) - Trujipata - Emp. AP-103.", "jerarquia": "departamental/vecinal", "departamento": "Apurímac", "provincia": "Abancay", "distrito": "", "motivo": "last_mile_progresol", "progresol_servido": "FERRETERIA SANTA ANA", "progresol_direccion": "AV. PANAMERICANA MZA. LL LOTE. 03 ", "progresol_dist_m": 177.3, "puntos_criticos_1km": 1, "pc_lng": -72.90219, "pc_lat": -13.63627, "long_km": 1.96000004, "dist_min_m": 168.6, "peligro": "Inundación", "nivel": "", "fid": 689}, "geometry": {"type": "LineString", "coordinates": [[-72.896265, -13.635925], [-72.896426, -13.635318], [-72.897895, -13.635359], [-72.898505, -13.636348], [-72.900075, -13.636469], [-72.902575, -13.633716], [-72.906274, -13.632419], [-72.906551, -13.631364], [-72.907357, -13.63222], [-72.906578, -13.633569]]}}, {"type": "Feature", "properties": {"ruta": "R", "nombre": "Emp.JU-883 (San Miguel de Pincha) - Dv. San Miguel de Pincha", "jerarquia": "departamental/vecinal", "departamento": "Junín", "provincia": "Chupaca", "distrito": "", "motivo": "last_mile_progresol", "progresol_servido": "FERRETERIA YAUYINITO", "progresol_direccion": "JR PETRONA APOLAYA # 602 ", "progresol_dist_m": 1880.9, "puntos_criticos_1km": 1, "pc_lng": -75.29482, "pc_lat": -12.05466, "long_km": 0.31799999, "dist_min_m": 877.5, "peligro": "Inundación", "nivel": null, "fid": 690}, "geometry": {"type": "LineString", "coordinates": [[-75.302937, -12.053945], [-75.3023, -12.051151]]}}, {"type": "Feature", "properties": {"ruta": "PE-14A", "nombre": "Emp. PE-3N (Huaraz) - Anyanga (PE-14 B) - Huantar - Succha - Pte. Pomachaca (PE-14 B) - Masin - Pte. Rahuapampa - Dv. Llamellín - Anra - Uco - Dv. Paucas - Huacaybamba - Cochabamba - Arancay - Jircan - Carpa - Monzón - Tasogrande - Sachavaca - Emp. PE-", "jerarquia": "nacional", "departamento": "Áncash", "provincia": " ", "distrito": "", "motivo": "last_mile_progresol", "progresol_servido": "FERRETERIA LÓPEZ", "progresol_direccion": "AV.CONFRATERNIDAD INTERNACIONAL EST ", "progresol_dist_m": 1231.0, "puntos_criticos_1km": 1, "pc_lng": -77.50903, "pc_lat": -9.52816, "long_km": 0.52499998, "dist_min_m": 222.7, "peligro": "Inundación, Erosión fluvial", "nivel": "Alto", "fid": 691}, "geometry": {"type": "LineString", "coordinates": [[-77.510461, -9.526446], [-77.506014, -9.526389]]}}, {"type": "Feature", "properties": {"ruta": "PE-3S", "nombre": "Repartición La Oroya (PE-22) - Huancayo - Izcuchaca (PE-26) - Mayoc - Ayacucho - Andahuaylas (PE-30 B) - Abancay - Anta - Cusco - Urcos - Ayaviri (PE-3S G) - Calapuja - Puno (PE-36 B) - Ilave - Pte. Internacional Desaguadero (fr. Bolivia).", "jerarquia": "nacional", "departamento": "Junín", "provincia": " ", "distrito": "", "motivo": "last_mile_progresol", "progresol_servido": "FERRETERIA CADEMA", "progresol_direccion": "CARRETERA CENTRAL 1696 ", "progresol_dist_m": 834.1, "puntos_criticos_1km": 1, "pc_lng": -75.34523, "pc_lat": -11.89931, "long_km": 4.079, "dist_min_m": 679.9, "peligro": "Inundación, erosión fluvial", "nivel": "Muy alto", "fid": 692}, "geometry": {"type": "LineString", "coordinates": [[-75.348297, -11.886886], [-75.3441, -11.889861], [-75.324652, -11.915192]]}}, {"type": "Feature", "properties": {"ruta": "PE-14", "nombre": "Emp. PE-1N (Pte. Carrizales) - Dv. Buena Vista Alta - Yaután - Pariacoto - Yupash - Emp. PE-3N (Huaraz - Bolognesi)", "jerarquia": "nacional", "departamento": "Áncash", "provincia": " ", "distrito": "", "motivo": "last_mile_progresol", "progresol_servido": "GRUPO SANTA INES S.A.C.", "progresol_direccion": "AV. CONF. INTER. OESTE NRO. 400 BR PATAY", "progresol_dist_m": 1083.7, "puntos_criticos_1km": 1, "pc_lng": -77.53609, "pc_lat": -9.52469, "long_km": 1.10399997, "dist_min_m": 790.0, "peligro": "Inundación, Erosión fluvial", "nivel": "Alto", "fid": 693}, "geometry": {"type": "LineString", "coordinates": [[-77.544689, -9.526084], [-77.546355, -9.524701], [-77.543005, -9.522637], [-77.543796, -9.519386]]}}, {"type": "Feature", "properties": {"ruta": "PE-3S", "nombre": "Repartición La Oroya (PE-22) - Huancayo - Izcuchaca (PE-26) - Mayoc - Ayacucho - Andahuaylas (PE-30 B) - Abancay - Anta - Cusco - Urcos - Ayaviri (PE-3S G) - Calapuja - Puno (PE-36 B) - Ilave - Pte. Internacional Desaguadero (fr. Bolivia).", "jerarquia": "nacional", "departamento": "Apurímac", "provincia": " ", "distrito": "", "motivo": "last_mile_progresol", "progresol_servido": "VILLA SAC", "progresol_direccion": "AV. DIAZ BARCENAS NRO. 545 URB. ABANCAY (FRENTE DEL HOTEL TURISTA)", "progresol_dist_m": 346.2, "puntos_criticos_1km": 1, "pc_lng": -72.87483, "pc_lat": -13.63971, "long_km": 2.8499999, "dist_min_m": 994.1, "peligro": "Inundación", "nivel": "", "fid": 694}, "geometry": {"type": "LineString", "coordinates": [[-72.883659, -13.634191], [-72.881542, -13.631948], [-72.87345, -13.62999], [-72.87476, -13.62802], [-72.87904, -13.62491], [-72.87732, -13.62414], [-72.872882, -13.624078]]}}, {"type": "Feature", "properties": {"ruta": "PE-1SE", "nombre": "Emp. PE-1S (Dv. Chincha Alta) - I.V. Tambo de Mora - Pte. Chincha I - Pte. ChinchaII - Pte. Pisco - Emp. PE-28 A (Dv. San Clemente) - I.V. Pisco – Emp. PE-1S.", "jerarquia": "nacional", "departamento": "Ica", "provincia": " ", "distrito": "", "motivo": "last_mile_progresol", "progresol_servido": "INVERSIONES DAANSAEL", "progresol_direccion": "CAL.LOS FLAMENCOS NRO. S/N LOT. SANTA MONICA (COSTADO DEL GRIFO Z)", "progresol_dist_m": 1628.8, "puntos_criticos_1km": 1, "pc_lng": -76.16052, "pc_lat": -13.7127, "long_km": 6.10599995, "dist_min_m": 505.2, "peligro": "Inundación, flujo de detritos, erosión", "nivel": null, "fid": 695}, "geometry": {"type": "LineString", "coordinates": [[-76.165193, -13.712415], [-76.165079, -13.718519], [-76.167035, -13.730165], [-76.165674, -13.741746], [-76.16749, -13.750527], [-76.166283, -13.760166], [-76.166644, -13.763752]]}}, {"type": "Feature", "properties": {"ruta": "PE-3S", "nombre": "Repartición La Oroya (PE-22) - Huancayo - Izcuchaca (PE-26) - Mayoc - Ayacucho - Andahuaylas (PE-30 B) - Abancay - Anta - Cusco - Urcos - Ayaviri (PE-3S G) - Calapuja - Puno (PE-36 B) - Ilave - Pte. Internacional Desaguadero (fr. Bolivia).", "jerarquia": "nacional", "departamento": "Apurímac", "provincia": " ", "distrito": "", "motivo": "last_mile_progresol", "progresol_servido": "ORGANIZACION EL CONSTRUCTOR", "progresol_direccion": "AV. PANAMERICANA NRO. 188 (COSTADO DE CAPILLA GUADALUPE)", "progresol_dist_m": 14.5, "puntos_criticos_1km": 1, "pc_lng": -72.90219, "pc_lat": -13.63627, "long_km": 0.8539999699999999, "dist_min_m": 694.2, "peligro": "Inundación", "nivel": "", "fid": 696}, "geometry": {"type": "LineString", "coordinates": [[-72.895768, -13.636255], [-72.892982, -13.636872], [-72.888627, -13.634738]]}}, {"type": "Feature", "properties": {"ruta": "PE-30A", "nombre": "Emp. PE-1S (Vista Alegre) - Huallhua - Abra Condorcencca - Lucanas - Puquio (PE-32) - Dv. Andamarca (PE-32 A) - Abra Yauriviri - Negromayo - Dv. Andahuaylas (PE-30 B) - Pampamarca - Abra Huashuaccasa - Abra Occe Occe - Abra Chicurumi - Dv. Caraybamba - C", "jerarquia": "nacional", "departamento": "Ayacucho", "provincia": " ", "distrito": "", "motivo": "last_mile_progresol", "progresol_servido": "CONSORCIO DAPOL", "progresol_direccion": "JR. AYACUCHO NRO. 285 ", "progresol_dist_m": 222.1, "puntos_criticos_1km": 1, "pc_lng": -74.13107, "pc_lat": -14.69733, "long_km": 56.40200043, "dist_min_m": 159.1, "peligro": "Inundación", "nivel": "", "fid": 697}, "geometry": {"type": "LineString", "coordinates": [[-74.317403, -14.661408], [-74.309037, -14.660475], [-74.309143, -14.658076], [-74.312561, -14.652786], [-74.312634, -14.651267], [-74.310456, -14.649716], [-74.310923, -14.648267], [-74.309849, -14.646128], [-74.306484, -14.645055], [-74.302722, -14.641008], [-74.299217, -14.641079], [-74.300654, -14.637687], [-74.298025, -14.634591], [-74.296125, -14.633898], [-74.293532, -14.634486], [-74.291332, -14.640104], [-74.285457, -14.641602], [-74.284223, -14.636091], [-74.285946, -14.633577], [-74.287589, -14.627816], [-74.286905, -14.627199], [-74.291584, -14.623621], [-74.292566, -14.621487], [-74.291415, -14.619848], [-74.293693, -14.61925], [-74.29412, -14.61709], [-74.291575, -14.614004], [-74.287192, -14.613729], [-74.285716, -14.615825], [-74.280987, -14.617895], [-74.279641, -14.617782], [-74.27657, -14.620737], [-74.27915, -14.616618], [-74.280598, -14.616548], [-74.281486, -14.61465], [-74.280713, -14.615916], [-74.279417, -14.615644], [-74.275181, -14.618693], [-74.273828, -14.618285], [-74.272263, -14.61894], [-74.275145, -14.617527], [-74.279108, -14.613955], [-74.278312, -14.610462], [-74.281064, -14.608675], [-74.277132, -14.605849], [-74.278158, -14.604129], [-74.279923, -14.604005], [-74.280582, -14.602011], [-74.283208, -14.600937], [-74.280091, -14.601189], [-74.278822, -14.603154], [-74.276232, -14.602473], [-74.276262, -14.60037], [-74.275074, -14.599487], [-74.273556, -14.600882], [-74.272806, -14.603147], [-74.272027, -14.602364], [-74.271557, -14.603037], [-74.271497, -14.60457], [-74.272989, -14.605811], [-74.272195, -14.606628], [-74.272728, -14.608115], [-74.271609, -14.609711], [-74.27183, -14.610975], [-74.27042, -14.610939], [-74.266768, -14.613475], [-74.264584, -14.618687], [-74.263678, -14.61873], [-74.262806, -14.620218], [-74.261968, -14.620355], [-74.263612, -14.617885], [-74.265275, -14.611142], [-74.263588, -14.613514], [-74.2587, -14.616261], [-74.257442, -14.619077], [-74.253583, -14.620765], [-74.252668, -14.62364], [-74.25193, -14.622446], [-74.252836, -14.619688], [-74.251935, -14.618531], [-74.248671, -14.618632], [-74.246743, -14.620776], [-74.244229, -14.620867], [-74.242424, -14.615762], [-74.240084, -14.615788], [-74.239396, -14.615108], [-74.234663, -14.618024], [-74.231641, -14.618489], [-74.232079, -14.620136], [-74.233962, -14.620985], [-74.234676, -14.623451], [-74.234948, -14.628156], [-74.233798, -14.630821], [-74.230975, -14.630198], [-74.230035, -14.629023], [-74.227993, -14.628355], [-74.224202, -14.62274], [-74.223614, -14.623457], [-74.221985, -14.623456], [-74.223014, -14.624525], [-74.224017, -14.629167], [-74.226655, -14.632892], [-74.226081, -14.634559], [-74.223548, -14.636362], [-74.223677, -14.639679], [-74.222357, -14.640931], [-74.215097, -14.640707], [-74.214153, -14.640101], [-74.210927, -14.634027], [-74.210634, -14.631526], [-74.208184, -14.6304], [-74.208326, -14.631919], [-74.207088, -14.634526], [-74.205935, -14.63539], [-74.201925, -14.636049], [-74.200136, -14.637853], [-74.198944, -14.640803], [-74.19841, -14.645725], [-74.193127, -14.649057], [-74.192211, -14.648226], [-74.19051, -14.649725], [-74.187612, -14.650397], [-74.186749, -14.649871], [-74.186518, -14.651499], [-74.1884, -14.654258], [-74.187383, -14.658537], [-74.185721, -14.659101], [-74.185024, -14.662318], [-74.181673, -14.664718], [-74.181253, -14.665783], [-74.179813, -14.665771], [-74.175447, -14.668278], [-74.174141, -14.672168], [-74.17196, -14.67061], [-74.170019, -14.673517], [-74.169333, -14.677023], [-74.167164, -14.679849], [-74.166611, -14.682296], [-74.167135, -14.684716], [-74.165073, -14.687377], [-74.161431, -14.688031], [-74.160802, -14.689943], [-74.161184, -14.695199], [-74.156368, -14.691279], [-74.154038, -14.690788], [-74.152614, -14.692551], [-74.151356, -14.69262], [-74.147914, -14.687744], [-74.147616, -14.685141], [-74.142956, -14.689136], [-74.142277, -14.691318], [-74.140891, -14.68958], [-74.13942, -14.68937], [-74.137886, -14.690275], [-74.137471, -14.69699], [-74.139283, -14.696844], [-74.141852, -14.699081], [-74.140341, -14.698532], [-74.136329, -14.701113], [-74.132679, -14.701602], [-74.13241, -14.697933]]}}, {"type": "Feature", "properties": {"ruta": "PE-3S", "nombre": "Repartición La Oroya (PE-22) - Huancayo - Izcuchaca (PE-26) - Mayoc - Ayacucho - Andahuaylas (PE-30 B) - Abancay - Anta - Cusco - Urcos - Ayaviri (PE-3S G) - Calapuja - Puno (PE-36 B) - Ilave - Pte. Internacional Desaguadero (fr. Bolivia).", "jerarquia": "nacional", "departamento": "Apurímac", "provincia": " ", "distrito": "", "motivo": "last_mile_progresol", "progresol_servido": "FERRETERIA SANTA ANA", "progresol_direccion": "AV. PANAMERICANA MZA. LL LOTE. 03 ", "progresol_dist_m": 1578.5, "puntos_criticos_1km": 1, "pc_lng": -72.90219, "pc_lat": -13.63627, "long_km": 12.350000379999999, "dist_min_m": 972.4, "peligro": "Inundación", "nivel": "", "fid": 698}, "geometry": {"type": "LineString", "coordinates": [[-72.914565, -13.688483], [-72.916892, -13.68684], [-72.919975, -13.679623], [-72.924617, -13.674039], [-72.925448, -13.669132], [-72.924945, -13.667408], [-72.927179, -13.667209], [-72.93032, -13.66518], [-72.929522, -13.662594], [-72.931964, -13.662054], [-72.932333, -13.659291], [-72.93413, -13.65694], [-72.93352, -13.65671], [-72.932642, -13.658105], [-72.92927, -13.657493], [-72.928386, -13.656597], [-72.92335, -13.65707], [-72.918717, -13.655614], [-72.908864, -13.656385], [-72.90821, -13.65489], [-72.907617, -13.656365], [-72.903767, -13.656677], [-72.903231, -13.655248], [-72.906115, -13.65186], [-72.905787, -13.649066], [-72.907073, -13.650386], [-72.914249, -13.64901], [-72.916327, -13.650857], [-72.914634, -13.648451], [-72.911679, -13.648468], [-72.909051, -13.647136], [-72.908601, -13.644449], [-72.907279, -13.643484]]}}, {"type": "Feature", "properties": {"ruta": "PE-30A", "nombre": "Emp. PE-1S (Vista Alegre) - Huallhua - Abra Condorcencca - Lucanas - Puquio (PE-32) - Dv. Andamarca (PE-32 A) - Abra Yauriviri - Negromayo - Dv. Andahuaylas (PE-30 B) - Pampamarca - Abra Huashuaccasa - Abra Occe Occe - Abra Chicurumi - Dv. Caraybamba - C", "jerarquia": "nacional", "departamento": "Ayacucho", "provincia": " ", "distrito": "", "motivo": "last_mile_progresol", "progresol_servido": "CONSORCIO DAPOL", "progresol_direccion": "JR. AYACUCHO NRO. 285 ", "progresol_dist_m": 5.6, "puntos_criticos_1km": 1, "pc_lng": -74.13107, "pc_lat": -14.69733, "long_km": 2.6500000999999997, "dist_min_m": 1.7, "peligro": "Inundación", "nivel": "", "fid": 699}, "geometry": {"type": "LineString", "coordinates": [[-74.13241, -14.697933], [-74.131373, -14.697854], [-74.130144, -14.695717], [-74.124097, -14.695466], [-74.122565, -14.697365], [-74.120671, -14.696425], [-74.120455, -14.695111], [-74.121935, -14.692201], [-74.119285, -14.688075]]}}, {"type": "Feature", "properties": {"ruta": "PE-1S", "nombre": "I.V. Santa Anita - Chincha Alta - Ica - Nazca - Dv. Camaná - Dv. Quilca (PE-1S D) - La Repartición (Dv. Arequipa) - Dv. Pto. Matarani (PE- 34) - La Joya - Dv. Moquegua (PE-36 A) - Dv. Ilo (PE-36) - Tacna (PE-38) - La Concordia (fr. Chile).", "jerarquia": "nacional", "departamento": "Ica", "provincia": " ", "distrito": "", "motivo": "last_mile_progresol", "progresol_servido": "INVERSIONES DAANSAEL", "progresol_direccion": "CAL.LOS FLAMENCOS NRO. S/N LOT. SANTA MONICA (COSTADO DEL GRIFO Z)", "progresol_dist_m": 26.6, "puntos_criticos_1km": 1, "pc_lng": -76.16052, "pc_lat": -13.7127, "long_km": 5.31500006, "dist_min_m": 763.7, "peligro": "Inundación, flujo de detritos, erosión", "nivel": null, "fid": 700}, "geometry": {"type": "LineString", "coordinates": [[-76.151156, -13.700779], [-76.151055, -13.70445], [-76.162345, -13.747392]]}}, {"type": "Feature", "properties": {"ruta": "PE-3S", "nombre": "Repartición La Oroya (PE-22) - Huancayo - Izcuchaca (PE-26) - Mayoc - Ayacucho - Andahuaylas (PE-30 B) - Abancay - Anta - Cusco - Urcos - Ayaviri (PE-3S G) - Calapuja - Puno (PE-36 B) - Ilave - Pte. Internacional Desaguadero (fr. Bolivia).", "jerarquia": "nacional", "departamento": "Apurímac", "provincia": " ", "distrito": "", "motivo": "last_mile_progresol", "progresol_servido": "FERRETERIA SANTA ANA", "progresol_direccion": "AV. PANAMERICANA MZA. LL LOTE. 03 ", "progresol_dist_m": 118.5, "puntos_criticos_1km": 1, "pc_lng": -72.90219, "pc_lat": -13.63627, "long_km": 1.59899998, "dist_min_m": 122.2, "peligro": "Inundación", "nivel": "", "fid": 701}, "geometry": {"type": "LineString", "coordinates": [[-72.903566, -13.640636], [-72.901719, -13.637269], [-72.90144, -13.639989], [-72.896773, -13.635981], [-72.895768, -13.636255]]}}, {"type": "Feature", "properties": {"ruta": "PE-28A", "nombre": "Emp.PE-1S E (Dv. Huaytará) - Independencia - Humay - Huáncano - Pámpano (PE 28 D) - Pte. Huaytara - Pte. Cuyahuasi - Pte. Tullpa - Pte. Dos de Mayo - Pte. Muchic - Pte. Ana Teresa - Pte. Tsej Tsi - Pte. Tranca - Huaytará - Pte. Suyacuna - Pte. Mollep", "jerarquia": "nacional", "departamento": "Ayacucho", "provincia": " ", "distrito": "", "motivo": "last_mile_progresol", "progresol_servido": "MULTISERVICIOS TRANSPORTE MANTILLA", "progresol_direccion": "JR. MANCO CAPAC 1307 ", "progresol_dist_m": 886.7, "puntos_criticos_1km": 1, "pc_lng": -74.23481, "pc_lat": -13.15517, "long_km": 0.61500001, "dist_min_m": 999.1, "peligro": "Inundación, flujo de detritos, erosión fluvial", "nivel": " ", "fid": 702}, "geometry": {"type": "LineString", "coordinates": [[-74.231619, -13.146742], [-74.228095, -13.143722], [-74.228279, -13.142911]]}}, {"type": "Feature", "properties": {"ruta": "PE-1N", "nombre": "I.V. Santa Anita - I.V. Huacho - Chimbote - Ov. La Marina (PE-10 A) - Ov. El Milagro - Paiján - Mocupe - Reque - Chiclayo - Lambayeque - Pte. Grau - Pte. Sullana Dv. Talara - Máncora - Zorritos - Tumbes - Pte. Internacional de La Paz (fr. Ecuador).", "jerarquia": "nacional", "departamento": "Lima", "provincia": " ", "distrito": "", "motivo": "last_mile_progresol", "progresol_servido": "FERRETERIA GRAMADALES", "progresol_direccion": "AV. MARISCAL SUCRE MZ. C LT. 4 ", "progresol_dist_m": 37.1, "puntos_criticos_1km": 1, "pc_lng": -77.23611, "pc_lat": -11.60639, "long_km": 3.85500002, "dist_min_m": 981.8, "peligro": "Inundación, Flujo de detritos", "nivel": "Muy Alto", "fid": 703}, "geometry": {"type": "LineString", "coordinates": [[-77.196955, -11.601711], [-77.200269, -11.601596], [-77.230059, -11.61293]]}}, {"type": "Feature", "properties": {"ruta": "PE-14A", "nombre": "Emp. PE-3N (Huaraz) - Anyanga (PE-14 B) - Huantar - Succha - Pte. Pomachaca (PE-14 B) - Masin - Pte. Rahuapampa - Dv. Llamellín - Anra - Uco - Dv. Paucas - Huacaybamba - Cochabamba - Arancay - Jircan - Carpa - Monzón - Tasogrande - Sachavaca - Emp. PE-", "jerarquia": "nacional", "departamento": "Áncash", "provincia": " ", "distrito": "", "motivo": "last_mile_progresol", "progresol_servido": "GRUPO PAOLA S.A.C.", "progresol_direccion": "JR. AUGUSTO B LEGUIA NRO. 295 ", "progresol_dist_m": 120.0, "puntos_criticos_1km": 1, "pc_lng": -77.53609, "pc_lat": -9.52469, "long_km": 1.68700004, "dist_min_m": 376.5, "peligro": "Inundación, Erosión fluvial", "nivel": "Alto", "fid": 704}, "geometry": {"type": "LineString", "coordinates": [[-77.532857, -9.525825], [-77.520454, -9.526181], [-77.518174, -9.527042]]}}, {"type": "Feature", "properties": {"ruta": "PE-3SL", "nombre": "Emp. PE-3S (Ayacucho) - Tambillo - Tambochuco - Matará - Emp. PE-3S (Dv. Ocros)", "jerarquia": "nacional", "departamento": "Ayacucho", "provincia": " ", "distrito": "", "motivo": "last_mile_progresol", "progresol_servido": "FERRETERIA FERRECOM", "progresol_direccion": "AV. 09 DE DICIEMBRE MZ B LT 9A ", "progresol_dist_m": 1098.4, "puntos_criticos_1km": 1, "pc_lng": -74.19145, "pc_lat": -13.17464, "long_km": 0.41000000000000003, "dist_min_m": 6.7, "peligro": null, "nivel": "", "fid": 705}, "geometry": {"type": "LineString", "coordinates": [[-74.191915, -13.174718], [-74.190962, -13.174524], [-74.190743, -13.171972]]}}, {"type": "Feature", "properties": {"ruta": "PE-1SB", "nombre": "Emp. PE-1S (Tupac Amaru) - Emp. PE-1S E (I.V. Pisco)", "jerarquia": "nacional", "departamento": "Ica", "provincia": " ", "distrito": "", "motivo": "last_mile_progresol", "progresol_servido": "INVERSIONES DAANSAEL", "progresol_direccion": "CAL.LOS FLAMENCOS NRO. S/N LOT. SANTA MONICA (COSTADO DEL GRIFO Z)", "progresol_dist_m": 760.7, "puntos_criticos_1km": 1, "pc_lng": -76.16052, "pc_lat": -13.7127, "long_km": 1.546, "dist_min_m": 7.3, "peligro": "Inundación, flujo de detritos, erosión", "nivel": null, "fid": 706}, "geometry": {"type": "LineString", "coordinates": [[-76.153436, -13.713528], [-76.165192, -13.712436]]}}, {"type": "Feature", "properties": {"ruta": "PE-14", "nombre": "Emp. PE-1N (Pte. Carrizales) - Dv. Buena Vista Alta - Yaután - Pariacoto - Yupash - Emp. PE-3N (Huaraz - Bolognesi)", "jerarquia": "nacional", "departamento": "Áncash", "provincia": " ", "distrito": "", "motivo": "last_mile_progresol", "progresol_servido": "GRUPO SANTA INES S.A.C.", "progresol_direccion": "AV. CONF. INTER. OESTE NRO. 400 BR PATAY", "progresol_dist_m": 1421.9, "puntos_criticos_1km": 1, "pc_lng": -77.53609, "pc_lat": -9.52469, "long_km": 2.63199997, "dist_min_m": 947.1, "peligro": "Inundación, Erosión fluvial", "nivel": "Alto", "fid": 707}, "geometry": {"type": "LineString", "coordinates": [[-77.556265, -9.534743], [-77.556758, -9.535575], [-77.557039, -9.534597], [-77.558464, -9.534508], [-77.556937, -9.533537], [-77.552958, -9.53398], [-77.548728, -9.529352], [-77.54468, -9.528489], [-77.544689, -9.526084]]}}, {"type": "Feature", "properties": {"ruta": "PE-1SG", "nombre": "Emp. PE-1S F (Dv. Pisco) - Emp. Av. Las Americas - Pisco (Av. Genaro Medrano) -San Andres - Emp. PE-1S F (Dv. Paracas)", "jerarquia": "nacional", "departamento": "Ica", "provincia": " ", "distrito": "", "motivo": "last_mile_progresol", "progresol_servido": "CASSOLI PISCO", "progresol_direccion": "CAL. BEATITA DE HUMAY 801 ", "progresol_dist_m": 2146.2, "puntos_criticos_1km": 1, "pc_lng": -76.22211, "pc_lat": -13.72735, "long_km": 0.8000000100000001, "dist_min_m": 42.6, "peligro": "Inundación", "nivel": null, "fid": 708}, "geometry": {"type": "LineString", "coordinates": [[-76.2225, -13.727275], [-76.224546, -13.733997]]}}, {"type": "Feature", "properties": {"ruta": "PE-3N", "nombre": "Repartición La Oroya (PE-22) - Huánuco (PE-18 A) - Conococha (PE-16) - Huaraz (PE-14 y PE-14 A) - Santiago de Chuco - Cajabamba - Cajamarca (PE-08 y PE-08 B) - Bambamarca - Cutervo (PE-3N C) - Huancabamba (PE-02 A) - Vado Grande (Fr. Ecuador)", "jerarquia": "nacional", "departamento": "Áncash", "provincia": " ", "distrito": "", "motivo": "last_mile_progresol", "progresol_servido": "GRUPO SANTA INES S.A.C.", "progresol_direccion": "CAR.CENTRAL NRO. SN CENTRO CARAZ ", "progresol_dist_m": 13.9, "puntos_criticos_1km": 1, "pc_lng": -77.81671, "pc_lat": -9.04483, "long_km": 1.5, "dist_min_m": 1.9, "peligro": "Inundación", "nivel": " ", "fid": 709}, "geometry": {"type": "LineString", "coordinates": [[-77.807732, -9.050903], [-77.812173, -9.051534], [-77.814724, -9.050702], [-77.816828, -9.044673]]}}, {"type": "Feature", "properties": {"ruta": "PE-14A", "nombre": "Emp. PE-3N (Huaraz) - Anyanga (PE-14 B) - Huantar - Succha - Pte. Pomachaca (PE-14 B) - Masin - Pte. Rahuapampa - Dv. Llamellín - Anra - Uco - Dv. Paucas - Huacaybamba - Cochabamba - Arancay - Jircan - Carpa - Monzón - Tasogrande - Sachavaca - Emp. PE-", "jerarquia": "nacional", "departamento": "Áncash", "provincia": " ", "distrito": "", "motivo": "last_mile_progresol", "progresol_servido": "FERRETERIA LÓPEZ", "progresol_direccion": "AV.CONFRATERNIDAD INTERNACIONAL EST ", "progresol_dist_m": 1697.5, "puntos_criticos_1km": 1, "pc_lng": -77.50903, "pc_lat": -9.52816, "long_km": 0.382, "dist_min_m": 385.4, "peligro": "Inundación, Erosión fluvial", "nivel": "Alto", "fid": 710}, "geometry": {"type": "LineString", "coordinates": [[-77.506014, -9.526389], [-77.502479, -9.526431]]}}, {"type": "Feature", "properties": {"ruta": "PE-18C", "nombre": "Emp. PE-5N (Von Humboldt) - Monte Alegre de Neshuya - Campoverde - Pucallpa - Abujao - Frontera con Brasil", "jerarquia": "nacional", "departamento": "Ucayali", "provincia": " ", "distrito": "", "motivo": "last_mile_progresol", "progresol_servido": "COMERCIAL FERRETERA EUROPA", "progresol_direccion": "JR MARIANO GAMOZA MZ 70 LT 1A ", "progresol_dist_m": 178.0, "puntos_criticos_1km": 1, "pc_lng": -74.79516, "pc_lat": -8.473, "long_km": 18.10000038, "dist_min_m": 537.4, "peligro": "Inundación", "nivel": null, "fid": 711}, "geometry": {"type": "LineString", "coordinates": [[-74.805855, -8.475277], [-74.780762, -8.455042], [-74.775043, -8.452761], [-74.739998, -8.431694], [-74.695818, -8.421083], [-74.678186, -8.420816], [-74.659168, -8.412212]]}}, {"type": "Feature", "properties": {"ruta": "PE-18C", "nombre": "Emp. PE-5N (Von Humboldt) - Monte Alegre de Neshuya - Campoverde - Pucallpa - Abujao - Frontera con Brasil", "jerarquia": "nacional", "departamento": "Ucayali", "provincia": " ", "distrito": "", "motivo": "last_mile_progresol", "progresol_servido": "COMERCIAL FERRETERA EUROPA", "progresol_direccion": "JR MARIANO GAMOZA MZ 70 LT 1A ", "progresol_dist_m": 178.0, "puntos_criticos_1km": 1, "pc_lng": -74.81332, "pc_lat": -8.4832, "long_km": 15.5710001, "dist_min_m": 406.0, "peligro": "Inundación", "nivel": null, "fid": 712}, "geometry": {"type": "LineString", "coordinates": [[-74.905149, -8.571462], [-74.898235, -8.567787], [-74.873928, -8.537901], [-74.872297, -8.534922], [-74.870554, -8.533566], [-74.865305, -8.525364], [-74.86413, -8.521215], [-74.857525, -8.51635], [-74.828045, -8.489162], [-74.820263, -8.484104], [-74.817139, -8.480589], [-74.80901, -8.478107], [-74.805855, -8.475277]]}}, {"type": "Feature", "properties": {"ruta": "PE-1S", "nombre": "I.V. Santa Anita - Chincha Alta - Ica - Nazca - Dv. Camaná - Dv. Quilca (PE-1S D) - La Repartición (Dv. Arequipa) - Dv. Pto. Matarani (PE- 34) - La Joya - Dv. Moquegua (PE-36 A) - Dv. Ilo (PE-36) - Tacna (PE-38) - La Concordia (fr. Chile).", "jerarquia": "nacional", "departamento": "Ica", "provincia": " ", "distrito": "", "motivo": "last_mile_progresol", "progresol_servido": "SR. DE CACHUY", "progresol_direccion": "AV. PANAMERICANA SUR NRO. 240 (AL LADO DE HOTEL IMPERIO-PORTONAZUL2P)", "progresol_dist_m": 26.0, "puntos_criticos_1km": 1, "pc_lng": -76.12991, "pc_lat": -13.42046, "long_km": 4, "dist_min_m": 684.7, "peligro": "Inundación", "nivel": "", "fid": 713}, "geometry": {"type": "LineString", "coordinates": [[-76.13992, -13.416359], [-76.133851, -13.426902], [-76.13606, -13.44993]]}}, {"type": "Feature", "properties": {"ruta": "PE-3S", "nombre": "Repartición La Oroya (PE-22) - Huancayo - Izcuchaca (PE-26) - Mayoc - Ayacucho - Andahuaylas (PE-30 B) - Abancay - Anta - Cusco - Urcos - Ayaviri (PE-3S G) - Calapuja - Puno (PE-36 B) - Ilave - Pte. Internacional Desaguadero (fr. Bolivia).", "jerarquia": "nacional", "departamento": "Apurímac", "provincia": " ", "distrito": "", "motivo": "last_mile_progresol", "progresol_servido": "FERRETERIA SANTA ANA", "progresol_direccion": "AV. PANAMERICANA MZA. LL LOTE. 03 ", "progresol_dist_m": 1411.2, "puntos_criticos_1km": 1, "pc_lng": -72.90219, "pc_lat": -13.63627, "long_km": 0.17299999, "dist_min_m": 807.4, "peligro": "Inundación", "nivel": "", "fid": 714}, "geometry": {"type": "LineString", "coordinates": [[-72.907279, -13.643484], [-72.906097, -13.642461]]}}, {"type": "Feature", "properties": {"ruta": "PE-14A", "nombre": "Emp. PE-3N (Huaraz) - Anyanga (PE-14 B) - Huantar - Succha - Pte. Pomachaca (PE-14 B) - Masin - Pte. Rahuapampa - Dv. Llamellín - Anra - Uco - Dv. Paucas - Huacaybamba - Cochabamba - Arancay - Jircan - Carpa - Monzón - Tasogrande - Sachavaca - Emp. PE-", "jerarquia": "nacional", "departamento": "Áncash", "provincia": " ", "distrito": "", "motivo": "last_mile_progresol", "progresol_servido": "FERRETERIA LÓPEZ", "progresol_direccion": "AV.CONFRATERNIDAD INTERNACIONAL EST ", "progresol_dist_m": 560.0, "puntos_criticos_1km": 1, "pc_lng": -77.50903, "pc_lat": -9.52816, "long_km": 0.8560000100000001, "dist_min_m": 246.8, "peligro": "Inundación, Erosión fluvial", "nivel": "Alto", "fid": 715}, "geometry": {"type": "LineString", "coordinates": [[-77.518174, -9.527042], [-77.510461, -9.526446]]}}, {"type": "Feature", "properties": {"ruta": "PE-1S", "nombre": "I.V. Santa Anita - Chincha Alta - Ica - Nazca - Dv. Camaná - Dv. Quilca (PE-1S D) - La Repartición (Dv. Arequipa) - Dv. Pto. Matarani (PE- 34) - La Joya - Dv. Moquegua (PE-36 A) - Dv. Ilo (PE-36) - Tacna (PE-38) - La Concordia (fr. Chile).", "jerarquia": "nacional", "departamento": "Lima", "provincia": " ", "distrito": "", "motivo": "last_mile_progresol", "progresol_servido": "FERRETERIA SAN JOSÉ", "progresol_direccion": "CALLE LA AMISTAD MZ A LT 16 ", "progresol_dist_m": 154.2, "puntos_criticos_1km": 1, "pc_lng": -76.73968, "pc_lat": -12.50491, "long_km": 2.71000004, "dist_min_m": 817.2, "peligro": "Inundación", "nivel": "", "fid": 716}, "geometry": {"type": "LineString", "coordinates": [[-76.735353, -12.510921], [-76.726341, -12.522491], [-76.723442, -12.528226]]}}, {"type": "Feature", "properties": {"ruta": "PE-3S", "nombre": "Repartición La Oroya (PE-22) - Huancayo - Izcuchaca (PE-26) - Mayoc - Ayacucho - Andahuaylas (PE-30 B) - Abancay - Anta - Cusco - Urcos - Ayaviri (PE-3S G) - Calapuja - Puno (PE-36 B) - Ilave - Pte. Internacional Desaguadero (fr. Bolivia).", "jerarquia": "nacional", "departamento": "Junín", "provincia": " ", "distrito": "", "motivo": "last_mile_progresol", "progresol_servido": "FERRETERIA CADEMA", "progresol_direccion": "CARRETERA CENTRAL 1696 ", "progresol_dist_m": 2303.5, "puntos_criticos_1km": 1, "pc_lng": -75.31357, "pc_lat": -11.93873, "long_km": 0.41200000000000003, "dist_min_m": 559.1, "peligro": "Inundación, erosión fluvial", "nivel": "Muy alto", "fid": 717}, "geometry": {"type": "LineString", "coordinates": [[-75.308437, -11.938515], [-75.304877, -11.939554]]}}, {"type": "Feature", "properties": {"ruta": "PE-1NA", "nombre": "Emp. PE-1N (I.V. Ancón) - Emp. PE-1N (Chacra y Mar)", "jerarquia": "nacional", "departamento": "Lima", "provincia": " ", "distrito": "", "motivo": "last_mile_progresol", "progresol_servido": "FERRETERIA GRAMADALES", "progresol_direccion": "AV. MARISCAL SUCRE MZ. C LT. 4 ", "progresol_dist_m": 2413.9, "puntos_criticos_1km": 1, "pc_lng": -77.23611, "pc_lat": -11.60639, "long_km": 3.48000002, "dist_min_m": 981.8, "peligro": "Inundación, Flujo de detritos", "nivel": "Muy Alto", "fid": 718}, "geometry": {"type": "LineString", "coordinates": [[-77.214865, -11.637245], [-77.219113, -11.630905], [-77.218319, -11.624548], [-77.219075, -11.621861], [-77.228792, -11.615486], [-77.230059, -11.61293]]}}, {"type": "Feature", "properties": {"ruta": "PE-3SL", "nombre": "Emp. PE-3S (Ayacucho) - Tambillo - Tambochuco - Matará - Emp. PE-3S (Dv. Ocros)", "jerarquia": "nacional", "departamento": "Ayacucho", "provincia": " ", "distrito": "", "motivo": "last_mile_progresol", "progresol_servido": "FERRETERIA NELY", "progresol_direccion": "AV. 09 DE DICIEMBRE 610 ", "progresol_dist_m": 983.6, "puntos_criticos_1km": 1, "pc_lng": -74.19145, "pc_lat": -13.17464, "long_km": 18.072000499999998, "dist_min_m": 305.9, "peligro": null, "nivel": "", "fid": 719}, "geometry": {"type": "LineString", "coordinates": [[-74.190743, -13.171972], [-74.191007, -13.169539], [-74.190035, -13.165584], [-74.186479, -13.162117], [-74.186698, -13.152934], [-74.185872, -13.150839], [-74.184278, -13.150518], [-74.184271, -13.151211], [-74.183173, -13.150908], [-74.177421, -13.153752], [-74.176652, -13.156403], [-74.175984, -13.15601], [-74.175335, -13.156789], [-74.175172, -13.160525], [-74.173965, -13.162115], [-74.174045, -13.167459], [-74.169622, -13.169732], [-74.169204, -13.171334], [-74.167791, -13.170762], [-74.16628, -13.172771], [-74.160805, -13.175322], [-74.159958, -13.178489], [-74.158407, -13.176284], [-74.157018, -13.177484], [-74.156371, -13.179797], [-74.15528, -13.177958], [-74.153333, -13.17877], [-74.15242, -13.180195], [-74.151448, -13.179064], [-74.149941, -13.179527], [-74.145448, -13.182284], [-74.141152, -13.186312], [-74.140935, -13.184375], [-74.141965, -13.182805], [-74.141585, -13.180733], [-74.141003, -13.182503], [-74.139758, -13.183116], [-74.137523, -13.186672], [-74.137115, -13.184021], [-74.132268, -13.192448], [-74.129308, -13.195506], [-74.128789, -13.197784], [-74.126816, -13.196553], [-74.125079, -13.19829], [-74.125102, -13.195334], [-74.121268, -13.198212], [-74.122037, -13.195606], [-74.117526, -13.197234], [-74.119265, -13.194144], [-74.118483, -13.193606], [-74.116026, -13.196392]]}}, {"type": "Feature", "properties": {"ruta": "PE-3N", "nombre": "Repartición La Oroya (PE-22) - Huánuco (PE-18 A) - Conococha (PE-16) - Huaraz (PE-14 y PE-14 A) - Santiago de Chuco - Cajabamba - Cajamarca (PE-08 y PE-08 B) - Bambamarca - Cutervo (PE-3N C) - Huancabamba (PE-02 A) - Vado Grande (Fr. Ecuador)", "jerarquia": "nacional", "departamento": "Áncash", "provincia": " ", "distrito": "", "motivo": "last_mile_progresol", "progresol_servido": "DISMAD CARAZ E.I.R.L", "progresol_direccion": "BARRIO YURACOTO S/ N ", "progresol_dist_m": 14.1, "puntos_criticos_1km": 1, "pc_lng": -77.81671, "pc_lat": -9.04483, "long_km": 4.91599989, "dist_min_m": 21.9, "peligro": "Inundación", "nivel": " ", "fid": 720}, "geometry": {"type": "LineString", "coordinates": [[-77.816828, -9.044673], [-77.820376, -9.036736], [-77.821091, -9.031135], [-77.819371, -9.017317], [-77.820517, -9.008179], [-77.816358, -9.00884], [-77.818089, -9.007548]]}}, {"type": "Feature", "properties": {"ruta": "PE-1SG", "nombre": "Emp. PE-1S F (Dv. Pisco) - Emp. Av. Las Americas - Pisco (Av. Genaro Medrano) -San Andres - Emp. PE-1S F (Dv. Paracas)", "jerarquia": "nacional", "departamento": "Ica", "provincia": " ", "distrito": "", "motivo": "last_mile_progresol", "progresol_servido": "CASSOLI PISCO", "progresol_direccion": "CAL. BEATITA DE HUMAY 801 ", "progresol_dist_m": 1669.6, "puntos_criticos_1km": 1, "pc_lng": -76.22211, "pc_lat": -13.72735, "long_km": 0.8000000100000001, "dist_min_m": 42.4, "peligro": "Inundación", "nivel": null, "fid": 721}, "geometry": {"type": "LineString", "coordinates": [[-76.220886, -13.72053], [-76.2225, -13.727275]]}}, {"type": "Feature", "properties": {"ruta": "PE-24", "nombre": "Emp. PE-1S (Dv. San Vicente de Cañete) – Dv. Quilmana - Imperial - Pontón Socsi - Lunahuana - Zúñiga - Catahuasi - Dv. Yauyos - Tomas - Abra Negro Bueno - San José de Quero - Colpa - Chupaca - Pte. La Breña - Pilcomayo (PE-3SB) - Emp. PE-3S (El T", "jerarquia": "nacional", "departamento": "Junín", "provincia": " ", "distrito": "", "motivo": "last_mile_progresol", "progresol_servido": "FERRETERIA YAUYINITO", "progresol_direccion": "JR PETRONA APOLAYA # 602 ", "progresol_dist_m": 484.5, "puntos_criticos_1km": 1, "pc_lng": -75.29482, "pc_lat": -12.05466, "long_km": 0.30000001, "dist_min_m": 327.6, "peligro": "Inundación", "nivel": null, "fid": 722}, "geometry": {"type": "LineString", "coordinates": [[-75.293064, -12.057056], [-75.290234, -12.059862]]}}, {"type": "Feature", "properties": {"ruta": "PE-26", "nombre": "Emp. PE-1S (Chincha Alta) - San Juan - Pte. Huachinga - Quilca - Palca - Toyoc - Lucmapata - Villa de Arma - Lachoj - Huancavelica - Abra Sachapite - Pontón Palca - Huando - Emp. PE-3S (Izcuchaca)", "jerarquia": "nacional", "departamento": "Ica", "provincia": " ", "distrito": "", "motivo": "last_mile_progresol", "progresol_servido": "DISTRIBUCIONES MOLICARSA", "progresol_direccion": "AV. SAN CRISTOBAL NRO. 115 (PASANDO 1ERA ENTRADA DE SAN AGUSTIN)", "progresol_dist_m": 804.4, "puntos_criticos_1km": 1, "pc_lng": -76.12991, "pc_lat": -13.42046, "long_km": 0.71799999, "dist_min_m": 537.2, "peligro": "Inundación", "nivel": "", "fid": 723}, "geometry": {"type": "LineString", "coordinates": [[-76.125827, -13.417717], [-76.125771, -13.417774]]}}, {"type": "Feature", "properties": {"ruta": "PE-28A", "nombre": "Emp.PE-1S E (Dv. Huaytará) - Independencia - Humay - Huáncano - Pámpano (PE 28 D) - Pte. Huaytara - Pte. Cuyahuasi - Pte. Tullpa - Pte. Dos de Mayo - Pte. Muchic - Pte. Ana Teresa - Pte. Tsej Tsi - Pte. Tranca - Huaytará - Pte. Suyacuna - Pte. Mollep", "jerarquia": "nacional", "departamento": "Ayacucho", "provincia": " ", "distrito": "", "motivo": "last_mile_progresol", "progresol_servido": "FERRETERIA KARINA", "progresol_direccion": "TOTORA - CARRETERA HUANTA (REFERENCIA: AL COSTADO DE LA TERMINAL", "progresol_dist_m": 522.5, "puntos_criticos_1km": 1, "pc_lng": -74.2139, "pc_lat": -13.1484, "long_km": 2.7809999, "dist_min_m": 268.8, "peligro": "Inundación, erosión", "nivel": "", "fid": 724}, "geometry": {"type": "LineString", "coordinates": [[-74.223395, -13.13655], [-74.222357, -13.137272], [-74.222639, -13.140766], [-74.221464, -13.142629], [-74.216729, -13.145953], [-74.21673, -13.144713], [-74.215478, -13.145369], [-74.213118, -13.144752], [-74.211774, -13.147117], [-74.211351, -13.146144], [-74.210877, -13.146532], [-74.211173, -13.147509]]}}, {"type": "Feature", "properties": {"ruta": "PE-3S", "nombre": "Repartición La Oroya (PE-22) - Huancayo - Izcuchaca (PE-26) - Mayoc - Ayacucho - Andahuaylas (PE-30 B) - Abancay - Anta - Cusco - Urcos - Ayaviri (PE-3S G) - Calapuja - Puno (PE-36 B) - Ilave - Pte. Internacional Desaguadero (fr. Bolivia).", "jerarquia": "nacional", "departamento": "Apurímac", "provincia": " ", "distrito": "", "motivo": "last_mile_progresol", "progresol_servido": "GRUPO MACKRE", "progresol_direccion": "AV. LOS INCAS LOTE 3 (500M ANTES DE COMISARIA)", "progresol_dist_m": 1173.6, "puntos_criticos_1km": 1, "pc_lng": -73.67077, "pc_lat": -13.53259, "long_km": 22.39999962, "dist_min_m": 789.2, "peligro": "Inundación, erosión fluvial", "nivel": "Alto", "fid": 725}, "geometry": {"type": "LineString", "coordinates": [[-73.670417, -13.540704], [-73.669063, -13.539505], [-73.667274, -13.541263], [-73.665195, -13.540847], [-73.664077, -13.541542], [-73.663276, -13.540538], [-73.662498, -13.543405], [-73.663046, -13.544754], [-73.667409, -13.544299], [-73.66371, -13.546167], [-73.661131, -13.5456], [-73.659494, -13.544047], [-73.656316, -13.543556], [-73.653424, -13.540466], [-73.653054, -13.542787], [-73.654128, -13.545542], [-73.652551, -13.545898], [-73.655227, -13.547075], [-73.655748, -13.548308], [-73.65231, -13.54691], [-73.650265, -13.547716], [-73.646793, -13.545681], [-73.645332, -13.545859], [-73.640749, -13.542277], [-73.639018, -13.542693], [-73.636937, -13.545254], [-73.635055, -13.544727], [-73.627709, -13.54628], [-73.625525, -13.548842], [-73.628979, -13.547369], [-73.631203, -13.547553], [-73.632901, -13.548671], [-73.62969, -13.54927], [-73.628276, -13.551699], [-73.63047, -13.551347], [-73.630911, -13.550302], [-73.634105, -13.550693], [-73.636143, -13.551825], [-73.638288, -13.551256], [-73.636113, -13.552281], [-73.634045, -13.552143], [-73.631736, -13.55589], [-73.63363, -13.560632], [-73.632962, -13.561709], [-73.62974, -13.562625], [-73.627729, -13.564358], [-73.627902, -13.566191], [-73.629889, -13.569642], [-73.632828, -13.56983], [-73.633802, -13.571574], [-73.630092, -13.573648], [-73.630188, -13.576243], [-73.632452, -13.580396], [-73.630552, -13.581155], [-73.628276, -13.585272], [-73.627762, -13.583682], [-73.625963, -13.582477], [-73.623758, -13.58279], [-73.621977, -13.585437], [-73.621573, -13.589787], [-73.620199, -13.592363], [-73.618576, -13.592569], [-73.617421, -13.59054], [-73.615504, -13.593273], [-73.613398, -13.593907], [-73.612738, -13.599384], [-73.609995, -13.599136], [-73.608362, -13.597762]]}}, {"type": "Feature", "properties": {"ruta": "PE-26", "nombre": "Emp. PE-1S (Chincha Alta) - San Juan - Pte. Huachinga - Quilca - Palca - Toyoc - Lucmapata - Villa de Arma - Lachoj - Huancavelica - Abra Sachapite - Pontón Palca - Huando - Emp. PE-3S (Izcuchaca)", "jerarquia": "nacional", "departamento": "Ica", "provincia": " ", "distrito": "", "motivo": "last_mile_progresol", "progresol_servido": "SR. DE CACHUY", "progresol_direccion": "AV. PANAMERICANA SUR NRO. 240 (AL LADO DE HOTEL IMPERIO-PORTONAZUL2P)", "progresol_dist_m": 485.6, "puntos_criticos_1km": 1, "pc_lng": -76.12991, "pc_lat": -13.42046, "long_km": 1.5, "dist_min_m": 633.6, "peligro": "Inundación", "nivel": "", "fid": 726}, "geometry": {"type": "LineString", "coordinates": [[-76.13992, -13.416359], [-76.138539, -13.41225], [-76.132163, -13.415061]]}}, {"type": "Feature", "properties": {"ruta": "PE-24", "nombre": "Emp. PE-1S (Dv. San Vicente de Cañete) – Dv. Quilmana - Imperial - Pontón Socsi - Lunahuana - Zúñiga - Catahuasi - Dv. Yauyos - Tomas - Abra Negro Bueno - San José de Quero - Colpa - Chupaca - Pte. La Breña - Pilcomayo (PE-3SB) - Emp. PE-3S (El T", "jerarquia": "nacional", "departamento": "Junín", "provincia": " ", "distrito": "", "motivo": "last_mile_progresol", "progresol_servido": "FERRETERIA YAUYINITO", "progresol_direccion": "JR PETRONA APOLAYA # 602 ", "progresol_dist_m": 466.8, "puntos_criticos_1km": 1, "pc_lng": -75.29482, "pc_lat": -12.05466, "long_km": 0.26499999, "dist_min_m": 595.6, "peligro": "Inundación", "nivel": null, "fid": 727}, "geometry": {"type": "LineString", "coordinates": [[-75.290234, -12.059862], [-75.287959, -12.059745], [-75.289911, -12.059055], [-75.290068, -12.057562]]}}, {"type": "Feature", "properties": {"ruta": "PE-1SG", "nombre": "Emp. PE-1S F (Dv. Pisco) - Emp. Av. Las Americas - Pisco (Av. Genaro Medrano) -San Andres - Emp. PE-1S F (Dv. Paracas)", "jerarquia": "nacional", "departamento": "Ica", "provincia": " ", "distrito": "", "motivo": "last_mile_progresol", "progresol_servido": "CASSOLI PISCO", "progresol_direccion": "CAL. BEATITA DE HUMAY 801 ", "progresol_dist_m": 1451.5, "puntos_criticos_1km": 1, "pc_lng": -76.22211, "pc_lat": -13.72735, "long_km": 0.49000001000000004, "dist_min_m": 769.5, "peligro": "Inundación", "nivel": null, "fid": 728}, "geometry": {"type": "LineString", "coordinates": [[-76.21942, -13.716468], [-76.220886, -13.72053]]}}, {"type": "Feature", "properties": {"ruta": "PE-1S", "nombre": "I.V. Santa Anita - Chincha Alta - Ica - Nazca - Dv. Camaná - Dv. Quilca (PE-1S D) - La Repartición (Dv. Arequipa) - Dv. Pto. Matarani (PE- 34) - La Joya - Dv. Moquegua (PE-36 A) - Dv. Ilo (PE-36) - Tacna (PE-38) - La Concordia (fr. Chile).", "jerarquia": "nacional", "departamento": "Ica", "provincia": " ", "distrito": "", "motivo": "last_mile_progresol", "progresol_servido": "TEITO", "progresol_direccion": "CAR. PANAMERICANA SUR KM. 535 (FTE SINDIC.CHOFERES 2DO PISO)", "progresol_dist_m": 14.0, "puntos_criticos_1km": 1, "pc_lng": -74.9452, "pc_lat": -14.83268, "long_km": 1.5, "dist_min_m": 983.9, "peligro": "Inundación", "nivel": "", "fid": 729}, "geometry": {"type": "LineString", "coordinates": [[-74.942278, -14.841061], [-74.943302, -14.843057], [-74.95272, -14.849553]]}}, {"type": "Feature", "properties": {"ruta": "PE-3S", "nombre": "Repartición La Oroya (PE-22) - Huancayo - Izcuchaca (PE-26) - Mayoc - Ayacucho - Andahuaylas (PE-30 B) - Abancay - Anta - Cusco - Urcos - Ayaviri (PE-3S G) - Calapuja - Puno (PE-36 B) - Ilave - Pte. Internacional Desaguadero (fr. Bolivia).", "jerarquia": "nacional", "departamento": "Junín", "provincia": " ", "distrito": "", "motivo": "last_mile_progresol", "progresol_servido": "EMPRESA", "progresol_direccion": "JR. FRANCISCO BOLOGNESI NRO. 501 ", "progresol_dist_m": 1647.6, "puntos_criticos_1km": 1, "pc_lng": -75.23846, "pc_lat": -12.04871, "long_km": 0.7110000300000001, "dist_min_m": 865.4, "peligro": "Inundación", "nivel": "", "fid": 730}, "geometry": {"type": "LineString", "coordinates": [[-75.226095, -12.043506], [-75.230765, -12.046457], [-75.230444, -12.047279]]}}, {"type": "Feature", "properties": {"ruta": "PE-3N", "nombre": "Repartición La Oroya (PE-22) - Huánuco (PE-18 A) - Conococha (PE-16) - Huaraz (PE-14 y PE-14 A) - Santiago de Chuco - Cajabamba - Cajamarca (PE-08 y PE-08 B) - Bambamarca - Cutervo (PE-3N C) - Huancabamba (PE-02 A) - Vado Grande (Fr. Ecuador)", "jerarquia": "nacional", "departamento": "Áncash", "provincia": " ", "distrito": "", "motivo": "last_mile_progresol", "progresol_servido": "CORPORACION CAF S.A.C", "progresol_direccion": "AV. CONFRATERNIDAD INTERNACIONA 371 ", "progresol_dist_m": 186.6, "puntos_criticos_1km": 1, "pc_lng": -77.53609, "pc_lat": -9.52469, "long_km": 0.26699999, "dist_min_m": 354.6, "peligro": "Inundación, Erosión fluvial", "nivel": "Alto", "fid": 731}, "geometry": {"type": "LineString", "coordinates": [[-77.532857, -9.525825], [-77.533015, -9.522363]]}}, {"type": "Feature", "properties": {"ruta": "PE-3SA", "nombre": "Emp. PE-3S (Ov. Aeropuerto Jauja) - Jauja (Vía de Evitamiento) - Lomolargo - Huaricolca - Emp. PE-22 B (Tarma)", "jerarquia": "nacional", "departamento": "Junín", "provincia": " ", "distrito": "", "motivo": "last_mile_progresol", "progresol_servido": "DISTRIBUIDORA CARRION", "progresol_direccion": "JR. 28 DE JULIO NRO. 440 ", "progresol_dist_m": 793.8, "puntos_criticos_1km": 1, "pc_lng": -75.48259, "pc_lat": -11.7745, "long_km": 2.5620000400000005, "dist_min_m": 407.1, "peligro": "Inundación, erosión fluvial", "nivel": "Muy alto", "fid": 732}, "geometry": {"type": "LineString", "coordinates": [[-75.475097, -11.787045], [-75.47646, -11.784691], [-75.491764, -11.770967]]}}, {"type": "Feature", "properties": {"ruta": "PE-26", "nombre": "Emp. PE-1S (Chincha Alta) - San Juan - Pte. Huachinga - Quilca - Palca - Toyoc - Lucmapata - Villa de Arma - Lachoj - Huancavelica - Abra Sachapite - Pontón Palca - Huando - Emp. PE-3S (Izcuchaca)", "jerarquia": "nacional", "departamento": "Ica", "provincia": " ", "distrito": "", "motivo": "last_mile_progresol", "progresol_servido": "FERRETERIA IZAN", "progresol_direccion": "AV. BENAVIDES NRO. 101 (FRENTE A GRIFO)", "progresol_dist_m": 649.1, "puntos_criticos_1km": 1, "pc_lng": -76.12991, "pc_lat": -13.42046, "long_km": 0.7770000100000001, "dist_min_m": 513.1, "peligro": "Inundación", "nivel": "", "fid": 733}, "geometry": {"type": "LineString", "coordinates": [[-76.132163, -13.415061], [-76.128307, -13.41589], [-76.125827, -13.417717]]}}, {"type": "Feature", "properties": {"ruta": "PE-1SG", "nombre": "Emp. PE-1S F (Dv. Pisco) - Emp. Av. Las Americas - Pisco (Av. Genaro Medrano) -San Andres - Emp. PE-1S F (Dv. Paracas)", "jerarquia": "nacional", "departamento": "Ica", "provincia": " ", "distrito": "", "motivo": "last_mile_progresol", "progresol_servido": "CASSOLI PISCO", "progresol_direccion": "CAL. BEATITA DE HUMAY 801 ", "progresol_dist_m": 2790.2, "puntos_criticos_1km": 1, "pc_lng": -76.22211, "pc_lat": -13.72735, "long_km": 3.60100007, "dist_min_m": 784.8, "peligro": "Inundación", "nivel": null, "fid": 734}, "geometry": {"type": "LineString", "coordinates": [[-76.224546, -13.733997], [-76.23347, -13.763648]]}}, {"type": "Feature", "properties": {"ruta": "PE-24", "nombre": "Emp. PE-1S (Dv. San Vicente de Cañete) – Dv. Quilmana - Imperial - Pontón Socsi - Lunahuana - Zúñiga - Catahuasi - Dv. Yauyos - Tomas - Abra Negro Bueno - San José de Quero - Colpa - Chupaca - Pte. La Breña - Pilcomayo (PE-3SB) - Emp. PE-3S (El T", "jerarquia": "nacional", "departamento": "Junín", "provincia": " ", "distrito": "", "motivo": "last_mile_progresol", "progresol_servido": "FERRETERIA YAUYINITO", "progresol_direccion": "JR PETRONA APOLAYA # 602 ", "progresol_dist_m": 892.2, "puntos_criticos_1km": 1, "pc_lng": -75.29482, "pc_lat": -12.05466, "long_km": 1.5959999599999999, "dist_min_m": 213.9, "peligro": "Inundación", "nivel": null, "fid": 735}, "geometry": {"type": "LineString", "coordinates": [[-75.30861, -12.060308], [-75.300649, -12.057284], [-75.296271, -12.056451], [-75.293064, -12.057056]]}}, {"type": "Feature", "properties": {"ruta": "PE-3N", "nombre": "Repartición La Oroya (PE-22) - Huánuco (PE-18 A) - Conococha (PE-16) - Huaraz (PE-14 y PE-14 A) - Santiago de Chuco - Cajabamba - Cajamarca (PE-08 y PE-08 B) - Bambamarca - Cutervo (PE-3N C) - Huancabamba (PE-02 A) - Vado Grande (Fr. Ecuador)", "jerarquia": "nacional", "departamento": "Áncash", "provincia": " ", "distrito": "", "motivo": "last_mile_progresol", "progresol_servido": "GRUPO PAOLA S.A.C.", "progresol_direccion": "JR. AUGUSTO B LEGUIA NRO. 295 ", "progresol_dist_m": 391.7, "puntos_criticos_1km": 1, "pc_lng": -77.53609, "pc_lat": -9.52469, "long_km": 0.01, "dist_min_m": 376.5, "peligro": "Inundación, Erosión fluvial", "nivel": "Alto", "fid": 736}, "geometry": {"type": "LineString", "coordinates": [[-77.53286, -9.525911], [-77.532857, -9.525825]]}}, {"type": "Feature", "properties": {"ruta": "PE-3SL", "nombre": "Emp. PE-3S (Ayacucho) - Tambillo - Tambochuco - Matará - Emp. PE-3S (Dv. Ocros)", "jerarquia": "nacional", "departamento": "Ayacucho", "provincia": " ", "distrito": "", "motivo": "last_mile_progresol", "progresol_servido": "FERRETERIA NELY", "progresol_direccion": "AV. 09 DE DICIEMBRE 610 ", "progresol_dist_m": 35.1, "puntos_criticos_1km": 1, "pc_lng": -74.19145, "pc_lat": -13.17464, "long_km": 2.3599999, "dist_min_m": 51.0, "peligro": null, "nivel": "", "fid": 737}, "geometry": {"type": "LineString", "coordinates": [[-74.199929, -13.166475], [-74.197002, -13.162359], [-74.195758, -13.162125], [-74.195629, -13.166434], [-74.19509, -13.167543], [-74.193447, -13.168201], [-74.193961, -13.171921], [-74.191915, -13.174718]]}}, {"type": "Feature", "properties": {"ruta": "PE-3S", "nombre": "Repartición La Oroya (PE-22) - Huancayo - Izcuchaca (PE-26) - Mayoc - Ayacucho - Andahuaylas (PE-30 B) - Abancay - Anta - Cusco - Urcos - Ayaviri (PE-3S G) - Calapuja - Puno (PE-36 B) - Ilave - Pte. Internacional Desaguadero (fr. Bolivia).", "jerarquia": "nacional", "departamento": "Apurímac", "provincia": " ", "distrito": "", "motivo": "last_mile_progresol", "progresol_servido": "FERRETERIA SANTA ANA", "progresol_direccion": "AV. PANAMERICANA MZA. LL LOTE. 03 ", "progresol_dist_m": 1074.6, "puntos_criticos_1km": 1, "pc_lng": -72.90219, "pc_lat": -13.63627, "long_km": 0.35900000000000004, "dist_min_m": 507.6, "peligro": "Inundación", "nivel": "", "fid": 738}, "geometry": {"type": "LineString", "coordinates": [[-72.906097, -13.642461], [-72.903566, -13.640636]]}}, {"type": "Feature", "properties": {"ruta": "PE-24", "nombre": "Emp. PE-1S (Dv. San Vicente de Cañete) – Dv. Quilmana - Imperial - Pontón Socsi - Lunahuana - Zúñiga - Catahuasi - Dv. Yauyos - Tomas - Abra Negro Bueno - San José de Quero - Colpa - Chupaca - Pte. La Breña - Pilcomayo (PE-3SB) - Emp. PE-3S (El T", "jerarquia": "nacional", "departamento": "Junín", "provincia": " ", "distrito": "", "motivo": "last_mile_progresol", "progresol_servido": "FERRETERIA INCOMEY", "progresol_direccion": "AV ARGENTINA S/N FRENTE AL MERCADO ", "progresol_dist_m": 591.5, "puntos_criticos_1km": 1, "pc_lng": -75.29482, "pc_lat": -12.05466, "long_km": 0.44800001, "dist_min_m": 608.9, "peligro": "Inundación", "nivel": null, "fid": 739}, "geometry": {"type": "LineString", "coordinates": [[-75.290068, -12.057562], [-75.286091, -12.05862]]}}, {"type": "Feature", "properties": {"ruta": "PE-1S", "nombre": "I.V. Santa Anita - Chincha Alta - Ica - Nazca - Dv. Camaná - Dv. Quilca (PE-1S D) - La Repartición (Dv. Arequipa) - Dv. Pto. Matarani (PE- 34) - La Joya - Dv. Moquegua (PE-36 A) - Dv. Ilo (PE-36) - Tacna (PE-38) - La Concordia (fr. Chile).", "jerarquia": "nacional", "departamento": "Ica", "provincia": " ", "distrito": "", "motivo": "last_mile_progresol", "progresol_servido": "JESUS MARTINEZ", "progresol_direccion": "MZA. E LOTE. 71A URB. VALLE ESMERALDA (COST. GRIFO PRIMAVERA-SUB LOT", "progresol_dist_m": 2378.0, "puntos_criticos_1km": 1, "pc_lng": -75.72102, "pc_lat": -14.17347, "long_km": 3.9210000000000003, "dist_min_m": 586.5, "peligro": "Inundación, flujo de detritos, erosión", "nivel": null, "fid": 740}, "geometry": {"type": "LineString", "coordinates": [[-75.714687, -14.150342], [-75.71159, -14.166725], [-75.713396, -14.169277], [-75.71602, -14.175783], [-75.714623, -14.184152]]}}, {"type": "Feature", "properties": {"ruta": "PE-26", "nombre": "Emp. PE-1S (Chincha Alta) - San Juan - Pte. Huachinga - Quilca - Palca - Toyoc - Lucmapata - Villa de Arma - Lachoj - Huancavelica - Abra Sachapite - Pontón Palca - Huando - Emp. PE-3S (Izcuchaca)", "jerarquia": "nacional", "departamento": "Ica", "provincia": " ", "distrito": "", "motivo": "last_mile_progresol", "progresol_servido": "FERRETERIA MOLIMAT", "progresol_direccion": "URB BUENA AVENTURA MZ.B LT.10 CARRE ", "progresol_dist_m": 685.7, "puntos_criticos_1km": 1, "pc_lng": -76.12991, "pc_lat": -13.42046, "long_km": 0.8960000300000001, "dist_min_m": 538.6, "peligro": "Inundación", "nivel": "", "fid": 741}, "geometry": {"type": "LineString", "coordinates": [[-76.125771, -13.417774], [-76.122826, -13.419176], [-76.120439, -13.421491], [-76.119704, -13.420293]]}}, {"type": "Feature", "properties": {"ruta": "PE-14", "nombre": "Emp. PE-1N (Pte. Carrizales) - Dv. Buena Vista Alta - Yaután - Pariacoto - Yupash - Emp. PE-3N (Huaraz - Bolognesi)", "jerarquia": "nacional", "departamento": "Áncash", "provincia": " ", "distrito": "", "motivo": "last_mile_progresol", "progresol_servido": "GRUPO PAOLA S.A.C.", "progresol_direccion": "JR. AUGUSTO B LEGUIA NRO. 295 ", "progresol_dist_m": 391.9, "puntos_criticos_1km": 1, "pc_lng": -77.53609, "pc_lat": -9.52469, "long_km": 0.9300000100000001, "dist_min_m": 85.0, "peligro": "Inundación, Erosión fluvial", "nivel": "Alto", "fid": 742}, "geometry": {"type": "LineString", "coordinates": [[-77.538205, -9.521115], [-77.536483, -9.525408], [-77.532857, -9.52583]]}}, {"type": "Feature", "properties": {"ruta": "PE-20B", "nombre": "Emp. PE-20 (Ovalo 200 Millas) – Aeropuerto (Ovalo Faucett) – Av Faucett - Pte. Faucett – Av. Morales Duarez – Emp. PE 20 (Av. Nestor Gambetta). Incluye el acceso al Límite Provincial Lima - Callao Emp. Av. Paseo Japón) y accesos (Puentes) al Ae", "jerarquia": "nacional", "departamento": "Callao", "provincia": " ", "distrito": "", "motivo": "last_mile_progresol", "progresol_servido": "MONTENEGRO SAC", "progresol_direccion": "AV. DE LA ALAMEDA MZA. K LOTE. 19 P  (ESPALDA DE MINKA-CDRA.32 AV.ARGENTINA)", "progresol_dist_m": 320.1, "puntos_criticos_1km": 1, "pc_lng": -77.09904, "pc_lat": -12.03969, "long_km": 0.30000001, "dist_min_m": 899.2, "peligro": "Inundación", "nivel": null, "fid": 743}, "geometry": {"type": "LineString", "coordinates": [[-77.108296, -12.041977], [-77.107891, -12.040885], [-77.107013, -12.041817]]}}, {"type": "Feature", "properties": {"ruta": "IC-100", "nombre": "Emp. PE-26 (Chincha Alta) - Pueblo Nuevo - Tororume - Lucmo - Otapalca - Chavin - Peruruplata - Huirpina - L.D. Lima (LM-129 a Azángaro).", "jerarquia": "departamental/vecinal", "departamento": "Ica", "provincia": "Chincha", "distrito": "", "motivo": "last_mile_progresol", "progresol_servido": "FERRETERIA IZAN", "progresol_direccion": "AV. BENAVIDES NRO. 101 (FRENTE A GRIFO)", "progresol_dist_m": 158.4, "puntos_criticos_1km": 1, "pc_lng": -76.12991, "pc_lat": -13.42046, "long_km": 4.18400002, "dist_min_m": 647.5, "peligro": "Inundación", "nivel": "", "fid": 744}, "geometry": {"type": "LineString", "coordinates": [[-76.132181, -13.415071], [-76.127809, -13.397727], [-76.118958, -13.389319], [-76.113974, -13.383075]]}}, {"type": "Feature", "properties": {"ruta": "UC-104", "nombre": "Emp. PE-18 C (Campoverde) – Pimentel – Pte. Agua Blanca - L.D. Huanuco (HU-104 a Tournavista).", "jerarquia": "departamental/vecinal", "departamento": "Ucayali", "provincia": "Coronel Portillo", "distrito": "", "motivo": "last_mile_progresol", "progresol_servido": "COMERCIAL FERRETERA EUROPA", "progresol_direccion": "JR MARIANO GAMOZA MZ 70 LT 1A ", "progresol_dist_m": 486.2, "puntos_criticos_1km": 1, "pc_lng": -74.81332, "pc_lat": -8.4832, "long_km": 8.62100029, "dist_min_m": 732.4, "peligro": "Inundación", "nivel": null, "fid": 745}, "geometry": {"type": "LineString", "coordinates": [[-74.808847, -8.47802], [-74.805756, -8.482695], [-74.807089, -8.488238], [-74.80473, -8.536923], [-74.803318, -8.542231], [-74.804204, -8.547332], [-74.803914, -8.554281]]}}, {"type": "Feature", "properties": {"ruta": "AN-110", "nombre": "Emp. PE-3N (Catac) - Buenos Aires - Tambillos - Chavin de Huantar - San Marcos - Emp. PE-14 A (Succha).", "jerarquia": "departamental/vecinal", "departamento": "Áncash", "provincia": "Huari", "distrito": "", "motivo": "last_mile_progresol", "progresol_servido": "MULTISERVICIO CUEVA", "progresol_direccion": "JR. SAN MARTIN S/N ", "progresol_dist_m": 1735.3, "puntos_criticos_1km": 1, "pc_lng": -77.17355, "pc_lat": -9.56414, "long_km": 0.057, "dist_min_m": 976.0, "peligro": "Inundación, Erosión fluvial", "nivel": "Alto", "fid": 746}, "geometry": {"type": "LineString", "coordinates": [[-77.176827, -9.57282], [-77.176815, -9.572304]]}}, {"type": "Feature", "properties": {"ruta": "AN-110", "nombre": "Emp. PE-3N (Catac) - Buenos Aires - Tambillos - Chavin de Huantar - San Marcos - Emp. PE-14 A (Succha).", "jerarquia": "departamental/vecinal", "departamento": "Áncash", "provincia": "Huari", "distrito": "", "motivo": "last_mile_progresol", "progresol_servido": "CORPORACION CAF S.A.C", "progresol_direccion": "AV. FLORIDA NRO. S/N CENT SAN MARCOS", "progresol_dist_m": 940.6, "puntos_criticos_1km": 1, "pc_lng": -77.15007, "pc_lat": -9.48635, "long_km": 2.72300005, "dist_min_m": 833.0, "peligro": "Inundación, flujo de detritos, erosión", "nivel": null, "fid": 747}, "geometry": {"type": "LineString", "coordinates": [[-77.153778, -9.515922], [-77.149206, -9.504248], [-77.149182, -9.501855], [-77.150229, -9.499991], [-77.148051, -9.493576]]}}, {"type": "Feature", "properties": {"ruta": "AN-110", "nombre": "Emp. PE-3N (Catac) - Buenos Aires - Tambillos - Chavin de Huantar - San Marcos - Emp. PE-14 A (Succha).", "jerarquia": "departamental/vecinal", "departamento": "Áncash", "provincia": "Huari", "distrito": "", "motivo": "last_mile_progresol", "progresol_servido": "MULTISERVICIO CUEVA", "progresol_direccion": "JR. SAN MARTIN S/N ", "progresol_dist_m": 2149.3, "puntos_criticos_1km": 1, "pc_lng": -77.17355, "pc_lat": -9.56414, "long_km": 0.07100000000000001, "dist_min_m": 618.5, "peligro": "Inundación, Erosión fluvial", "nivel": "Alto", "fid": 748}, "geometry": {"type": "LineString", "coordinates": [[-77.176777, -9.569079], [-77.177052, -9.568498]]}}, {"type": "Feature", "properties": {"ruta": "AN-110", "nombre": "Emp. PE-3N (Catac) - Buenos Aires - Tambillos - Chavin de Huantar - San Marcos - Emp. PE-14 A (Succha).", "jerarquia": "departamental/vecinal", "departamento": "Áncash", "provincia": "Huari", "distrito": "", "motivo": "last_mile_progresol", "progresol_servido": "MULTISERVICIO CUEVA", "progresol_direccion": "JR. SAN MARTIN S/N ", "progresol_dist_m": 83.5, "puntos_criticos_1km": 1, "pc_lng": -77.17796, "pc_lat": -9.59768, "long_km": 0.28999999, "dist_min_m": 724.8, "peligro": "Inundación, Erosión fluvial", "nivel": "Alto", "fid": 749}, "geometry": {"type": "LineString", "coordinates": [[-77.175371, -9.591683], [-77.175166, -9.589091]]}}, {"type": "Feature", "properties": {"ruta": "AN-111", "nombre": "Emp. PE-3N - Hda. Palmar - Mashra - Llaullina - Collachico - Dv. Llata - Minas Antamina - Carhuayoc - Emp. AN- 110 (San Marcos).", "jerarquia": "departamental/vecinal", "departamento": "Áncash", "provincia": "Huari", "distrito": "", "motivo": "last_mile_progresol", "progresol_servido": "CORPORACION CAF S.A.C", "progresol_direccion": "AV. FLORIDA NRO. S/N CENT SAN MARCOS", "progresol_dist_m": 1940.7, "puntos_criticos_1km": 1, "pc_lng": -77.14772, "pc_lat": -9.52745, "long_km": 1.8459999599999999, "dist_min_m": 913.0, "peligro": "Inundación", "nivel": "", "fid": 750}, "geometry": {"type": "LineString", "coordinates": [[-77.129487, -9.526926], [-77.13279, -9.525822], [-77.130697, -9.52801], [-77.133837, -9.526569], [-77.13664, -9.527502], [-77.139477, -9.526288]]}}, {"type": "Feature", "properties": {"ruta": "AN-110", "nombre": "Emp. PE-3N (Catac) - Buenos Aires - Tambillos - Chavin de Huantar - San Marcos - Emp. PE-14 A (Succha).", "jerarquia": "departamental/vecinal", "departamento": "Áncash", "provincia": "Huari", "distrito": "", "motivo": "last_mile_progresol", "progresol_servido": "MULTISERVICIO CUEVA", "progresol_direccion": "JR. SAN MARTIN S/N ", "progresol_dist_m": 1792.3, "puntos_criticos_1km": 1, "pc_lng": -77.17355, "pc_lat": -9.56414, "long_km": 0.39199999, "dist_min_m": 653.5, "peligro": "Inundación, Erosión fluvial", "nivel": "Alto", "fid": 751}, "geometry": {"type": "LineString", "coordinates": [[-77.176815, -9.572304], [-77.176777, -9.569079]]}}, {"type": "Feature", "properties": {"ruta": "LM-101", "nombre": "Emp. PE-1N (Dv. Huacho) - Huacho - Huara - Emp. PE-1N (Dv. Vegueta).", "jerarquia": "departamental/vecinal", "departamento": "Lima", "provincia": "Huaura", "distrito": "", "motivo": "last_mile_progresol", "progresol_servido": "DISTRIBUIDORA FERRETERA ANTHONY S.R.L.", "progresol_direccion": "AV. CRUZ BLANCA NRO. 2380 ", "progresol_dist_m": 2361.4, "puntos_criticos_1km": 1, "pc_lng": -77.60315, "pc_lat": -11.07686, "long_km": 0.5270000100000001, "dist_min_m": 957.3, "peligro": "Inundación", "nivel": "Medio", "fid": 752}, "geometry": {"type": "LineString", "coordinates": [[-77.59778, -11.070052], [-77.598422, -11.065331]]}}]}