{"type": "FeatureCollection", "features": [{"type": "Feature", "geometry": {"type": "LineString", "coordinates": [[-75.895862, -13.723809], [-75.878247, -13.72201], [-75.86701, -13.718506], [-75.861647, -13.714558], [-75.855635, -13.714152], [-75.850575, -13.715257], [-75.843663, -13.710178], [-75.841501, -13.709813], [-75.838601, -13.710592]]}, "properties": {"cod_ruta": "PE-28A", "nombre_oficial": "Emp.PE-1S E (Dv. Huaytará) - Independencia - Humay - Huáncano - Pámpano (PE 28 D) - Pte. Huaytara - Pte. Cuyahuasi - Pte. Tullpa - Pte. Dos de Mayo - Pte. Muchic - Pte. Ana Teresa - Pte. Tsej Tsi - Pte. Tranca - Huaytará - Pte. Suyacuna - Pte. Mollepayana - Pte. Carniceria - Pte. Satan - Pte. San Rafael - Pte. San Miguel - Abra Yuncaccara -Pte. Rumichaca 1 – Rumichaca (PE-28 E) - Licapa - Abra Apacheta Grande - Pte. Niñacha - Niñachaca - Abra Yanabamba - Socos - Emp. PE-3S (Ayacucho)", "departamento": "ICA", "superficie": 1, "estado": 1, "long_km": 6.85, "puntos_criticos_1km": 45, "dist_min_m": 218.4, "peligro_top": "Inundación:19; s/d:14; Inundación, flujo de detritos, erosión:8", "nivel_top": "Alto", "pc_top_peligro": "", "nivel_inund": "Alto", "pc_inund_peligro": "", "pc_inund_lng": -75.8758, "pc_inund_lat": -13.72606, "nivel_mmasa": null, "pc_mmasa_peligro": "Inundación, flujo de detritos, erosión", "pc_mmasa_lng": -75.86441, "pc_mmasa_lat": -13.72089, "fid": "PE-28A-00", "pc_lng": -75.8758, "pc_lat": -13.72606, "corredor": "Los Libertadores", "carga_materiales": ["Puzolana"], "carga_origenes": ["Ayacucho"], "carga_destinos": ["Atocongo", "Condorcocha"], "carga_flujos": [{"m": "Puzolana", "o": ["Ayacucho"], "d": ["Atocongo", "Condorcocha"]}]}}, {"type": "Feature", "geometry": {"type": "LineString", "coordinates": [[-76.788223, -11.979942], [-76.766401, -11.974497], [-76.760757, -11.973885], [-76.75572, -11.971894]]}, "properties": {"cod_ruta": "PE-22", "nombre_oficial": "Emp. PE-1N (I.V. La Menacho) – Pte. Carlos Graña – I.V. Huachipa - Pte. Huachipa – Dv. Sta. Anita (Av. Las Torres – Av. Nicolas Ayllón) - Sta. Clara - Pte. Los Angeles - Chosica (Av. Nicolas Ayllón) - Ricardo Palma - Pte. Ricardo Palma - Pte. Esperanza - Pte. La Cascada - Pte. Surco - Pte. Eduardo de Habich - Pte. Collana - Pte. Matucana – Matucana - San Mateo - Pte. Chicla - Abra Anticona - Morococha - Pte. Pachachaca - Santa Rosa de Sacco - Emp. PE-3 (Repartición La Oroya)", "departamento": "LIMA", "superficie": 1, "estado": 1, "long_km": 3.67, "puntos_criticos_1km": 41, "dist_min_m": 5.5, "peligro_top": "Inundación:29; Erosión fluvial:6; s/d:4", "nivel_top": "Muy alto", "pc_top_peligro": "Inundación, flujo de detritos, erosión fluvial", "nivel_inund": "Muy alto", "pc_inund_peligro": "Inundación, flujo de detritos, erosión fluvial", "pc_inund_lng": -76.77163, "pc_inund_lat": -11.98482, "nivel_mmasa": "Muy alto", "pc_mmasa_peligro": "Inundación, flujo de detritos, erosión fluvial", "pc_mmasa_lng": -76.77163, "pc_mmasa_lat": -11.98482, "fid": "PE-22-00", "pc_lng": -76.77163, "pc_lat": -11.98482, "corredor": "Carretera Central", "carga_materiales": ["Caliza", "Puzolana", "Clínker", "Yeso", "Arcilla", "Sílice", "Óxido de fierro", "Carbón"], "carga_origenes": ["Junín", "Lima", "Tarma"], "carga_destinos": ["Atocongo", "Condorcocha"], "carga_flujos": [{"m": "Caliza", "o": ["Tarma"], "d": ["Atocongo"]}, {"m": "Puzolana", "o": ["Junín"], "d": ["Condorcocha"]}, {"m": "Clínker", "o": ["Lima"], "d": ["Condorcocha"]}, {"m": "Yeso", "o": ["Junín"], "d": ["Atocongo", "Condorcocha"]}, {"m": "Arcilla", "o": ["Junín", "Tarma"], "d": ["Condorcocha"]}, {"m": "Sílice", "o": ["Tarma"], "d": ["Atocongo"]}, {"m": "Óxido de fierro", "o": ["Tarma"], "d": ["Condorcocha"]}, {"m": "Carbón", "o": ["Lima"], "d": ["Condorcocha"]}]}}, {"type": "Feature", "geometry": {"type": "LineString", "coordinates": [[-76.302244, -11.761781], [-76.295925, -11.755068], [-76.294809, -11.752371], [-76.291626, -11.749242], [-76.289896, -11.745558], [-76.285643, -11.741022], [-76.278408, -11.740057], [-76.271025, -11.737223], [-76.268333, -11.730091], [-76.267994, -11.732629], [-76.26496, -11.73278], [-76.26349, -11.733983], [-76.259687, -11.734388], [-76.257139, -11.73568], [-76.257576, -11.734346], [-76.26276, -11.733187], [-76.266113, -11.730841], [-76.266741, -11.726355], [-76.268369, -11.72345], [-76.268232, -11.718685], [-76.270304, -11.712109], [-76.26984, -11.710732], [-76.267577, -11.710487], [-76.266876, -11.708965], [-76.267508, -11.705099], [-76.268909, -11.70283], [-76.265987, -11.697529], [-76.266369, -11.69232], [-76.265495, -11.693222], [-76.265095, -11.691734], [-76.261066, -11.689721], [-76.260467, -11.685532], [-76.257109, -11.681761], [-76.258169, -11.678832], [-76.256601, -11.67663], [-76.257166, -11.673542], [-76.256315, -11.672787], [-76.255489, -11.669086], [-76.251621, -11.666449], [-76.253263, -11.665735], [-76.251476, -11.665756], [-76.249119, -11.663727], [-76.245525, -11.662748], [-76.242243, -11.660137], [-76.245768, -11.662298], [-76.249028, -11.662154], [-76.245361, -11.661739], [-76.242287, -11.657955], [-76.240965, -11.653605], [-76.234623, -11.647163], [-76.233757, -11.645411], [-76.232864, -11.642435], [-76.232809, -11.634661], [-76.234259, -11.631239], [-76.234547, -11.6236], [-76.232249, -11.630275], [-76.230477, -11.632568], [-76.226971, -11.632635], [-76.22209, -11.628515], [-76.21933, -11.621445], [-76.212519, -11.616064], [-76.21023, -11.612373], [-76.208315, -11.6108], [-76.207875, -11.617342], [-76.206945, -11.614626], [-76.207174, -11.61274], [-76.20602, -11.610695], [-76.204123, -11.610016], [-76.204138, -11.608358], [-76.203539, -11.609787], [-76.204054, -11.610751], [-76.203468, -11.610664], [-76.202922, -11.608898], [-76.203875, -11.606728], [-76.202269, -11.609114], [-76.202333, -11.61078], [-76.199068, -11.610312], [-76.198448, -11.607233], [-76.197036, -11.605121], [-76.198336, -11.601435], [-76.19683, -11.60307], [-76.19628, -11.605061], [-76.195006, -11.605178], [-76.194092, -11.604086], [-76.194431, -11.600664], [-76.193132, -11.598736], [-76.191496, -11.598047], [-76.190372, -11.594343], [-76.192316, -11.592024], [-76.18899, -11.595177], [-76.186966, -11.595577]]}, "properties": {"cod_ruta": "PE-22", "nombre_oficial": "Emp. PE-1N (I.V. La Menacho) – Pte. Carlos Graña – I.V. Huachipa - Pte. Huachipa – Dv. Sta. Anita (Av. Las Torres – Av. Nicolas Ayllón) - Sta. Clara - Pte. Los Angeles - Chosica (Av. Nicolas Ayllón) - Ricardo Palma - Pte. Ricardo Palma - Pte. Esperanza - Pte. La Cascada - Pte. Surco - Pte. Eduardo de Habich - Pte. Collana - Pte. Matucana – Matucana - San Mateo - Pte. Chicla - Abra Anticona - Morococha - Pte. Pachachaca - Santa Rosa de Sacco - Emp. PE-3 (Repartición La Oroya)", "departamento": "LIMA", "superficie": 1, "estado": 1, "long_km": 38.74, "puntos_criticos_1km": 40, "dist_min_m": 5.0, "peligro_top": "inundación, flujo de detritos, erosión fluvial:34; Inundación:3; s/d:3", "nivel_top": "Muy alto", "pc_top_peligro": "inundación, flujo de detritos, erosión fluvial", "nivel_inund": "Muy alto", "pc_inund_peligro": "inundación, flujo de detritos, erosión fluvial", "pc_inund_lng": -76.26802, "pc_inund_lat": -11.70073, "nivel_mmasa": "Muy alto", "pc_mmasa_peligro": "inundación, flujo de detritos, erosión fluvial", "pc_mmasa_lng": -76.26802, "pc_mmasa_lat": -11.70073, "fid": "PE-22-01", "pc_lng": -76.26802, "pc_lat": -11.70073, "corredor": "Carretera Central", "carga_materiales": ["Caliza", "Puzolana", "Clínker", "Yeso", "Arcilla", "Sílice", "Óxido de fierro", "Carbón"], "carga_origenes": ["Junín", "Lima", "Tarma"], "carga_destinos": ["Atocongo", "Condorcocha"], "carga_flujos": [{"m": "Caliza", "o": ["Tarma"], "d": ["Atocongo"]}, {"m": "Puzolana", "o": ["Junín"], "d": ["Condorcocha"]}, {"m": "Clínker", "o": ["Lima"], "d": ["Condorcocha"]}, {"m": "Yeso", "o": ["Junín"], "d": ["Atocongo", "Condorcocha"]}, {"m": "Arcilla", "o": ["Junín", "Tarma"], "d": ["Condorcocha"]}, {"m": "Sílice", "o": ["Tarma"], "d": ["Atocongo"]}, {"m": "Óxido de fierro", "o": ["Tarma"], "d": ["Condorcocha"]}, {"m": "Carbón", "o": ["Lima"], "d": ["Condorcocha"]}]}}, {"type": "Feature", "geometry": {"type": "LineString", "coordinates": [[-76.059296, -13.683158], [-76.054918, -13.683245], [-76.028781, -13.690228], [-76.01202, -13.696895], [-75.96366, -13.719813], [-75.947536, -13.72561], [-75.940693, -13.727055], [-75.935816, -13.731661], [-75.924819, -13.733425], [-75.907628, -13.727853]]}, "properties": {"cod_ruta": "PE-28A", "nombre_oficial": "Emp.PE-1S E (Dv. Huaytará) - Independencia - Humay - Huáncano - Pámpano (PE 28 D) - Pte. Huaytara - Pte. Cuyahuasi - Pte. Tullpa - Pte. Dos de Mayo - Pte. Muchic - Pte. Ana Teresa - Pte. Tsej Tsi - Pte. Tranca - Huaytará - Pte. Suyacuna - Pte. Mollepayana - Pte. Carniceria - Pte. Satan - Pte. San Rafael - Pte. San Miguel - Abra Yuncaccara -Pte. Rumichaca 1 – Rumichaca (PE-28 E) - Licapa - Abra Apacheta Grande - Pte. Niñacha - Niñachaca - Abra Yanabamba - Socos - Emp. PE-3S (Ayacucho)", "departamento": "ICA", "superficie": 1, "estado": 3, "long_km": 17.7, "puntos_criticos_1km": 35, "dist_min_m": 152.4, "peligro_top": "Inundación:15; Erosión fluvial:7; s/d:6", "nivel_top": "Muy alto", "pc_top_peligro": "", "nivel_inund": "Muy alto", "pc_inund_peligro": "", "pc_inund_lng": -75.97274, "pc_inund_lat": -13.72499, "nivel_mmasa": null, "pc_mmasa_peligro": "Inundación, flujo de detritos, erosión", "pc_mmasa_lng": -75.96335, "pc_mmasa_lat": -13.72843, "fid": "PE-28A-01", "pc_lng": -75.97274, "pc_lat": -13.72499, "corredor": "Los Libertadores", "carga_materiales": ["Puzolana"], "carga_origenes": ["Ayacucho"], "carga_destinos": ["Atocongo", "Condorcocha"], "carga_flujos": [{"m": "Puzolana", "o": ["Ayacucho"], "d": ["Atocongo", "Condorcocha"]}]}}, {"type": "Feature", "geometry": {"type": "LineString", "coordinates": [[-71.70286, -17.033336], [-71.697166, -17.032706], [-71.69165, -17.029323], [-71.684502, -17.027202], [-71.678702, -17.027716], [-71.671235, -17.02393], [-71.66615, -17.024155]]}, "properties": {"cod_ruta": "PE-1S", "nombre_oficial": "I.V. Santa Anita - Chincha Alta - Ica - Nazca - Dv. Camaná - Dv. Quilca (PE-1S D) - La Repartición (Dv. Arequipa) - Dv. Pto. Matarani (PE- 34) - La Joya - Dv. Moquegua (PE-36 A) - Dv. Ilo (PE-36) - Tacna (PE-38) - La Concordia (fr. Chile).", "departamento": "AREQUIPA", "superficie": 1, "estado": 1, "long_km": 4.21, "puntos_criticos_1km": 32, "dist_min_m": 132.8, "peligro_top": "Inundación, erosión fluvial:14; Inundación, erosión pluvial:6; s/d:4", "nivel_top": "Alto", "pc_top_peligro": "Inundación, erosión fluvial", "nivel_inund": "Alto", "pc_inund_peligro": "Inundación, erosión fluvial", "pc_inund_lng": -71.67847, "pc_inund_lat": -17.02281, "nivel_mmasa": null, "pc_mmasa_peligro": "Inundación, flujo de detritos, erosión", "pc_mmasa_lng": -71.68707, "pc_mmasa_lat": -17.02431, "fid": "PE-1S-00", "pc_lng": -71.67847, "pc_lat": -17.02281, "corredor": "Panamericana Sur", "carga_materiales": ["Caliza", "Puzolana"], "carga_origenes": ["Arequipa", "Chilca", "Ica", "Lima", "Lurín"], "carga_destinos": ["Atocongo"], "carga_flujos": [{"m": "Caliza", "o": ["Chilca", "Lima", "Lurín"], "d": ["Atocongo"]}, {"m": "Puzolana", "o": ["Arequipa", "Ica"], "d": ["Atocongo"]}]}}, {"type": "Feature", "geometry": {"type": "LineString", "coordinates": [[-75.394703, -13.609173], [-75.391577, -13.607116], [-75.392565, -13.608871], [-75.390242, -13.607119], [-75.383434, -13.605991], [-75.388349, -13.609471], [-75.380889, -13.607192], [-75.379277, -13.605949], [-75.375868, -13.606096], [-75.36898, -13.601272], [-75.369017, -13.602517], [-75.370172, -13.603709], [-75.367719, -13.602958], [-75.362871, -13.598883], [-75.362428, -13.59713], [-75.360643, -13.595157], [-75.359354, -13.598777], [-75.359445, -13.601373], [-75.360352, -13.603221], [-75.362095, -13.603963], [-75.357395, -13.60359], [-75.357032, -13.598861], [-75.356264, -13.598401], [-75.354919, -13.598968], [-75.354675, -13.600246], [-75.352642, -13.602151], [-75.351864, -13.601171], [-75.349504, -13.601082], [-75.351419, -13.603448], [-75.34976, -13.60291], [-75.346141, -13.603684], [-75.340877, -13.601895], [-75.343137, -13.604872], [-75.348544, -13.608668]]}, "properties": {"cod_ruta": "PE-28A", "nombre_oficial": "Emp.PE-1S E (Dv. Huaytará) - Independencia - Humay - Huáncano - Pámpano (PE 28 D) - Pte. Huaytara - Pte. Cuyahuasi - Pte. Tullpa - Pte. Dos de Mayo - Pte. Muchic - Pte. Ana Teresa - Pte. Tsej Tsi - Pte. Tranca - Huaytará - Pte. Suyacuna - Pte. Mollepayana - Pte. Carniceria - Pte. Satan - Pte. San Rafael - Pte. San Miguel - Abra Yuncaccara -Pte. Rumichaca 1 – Rumichaca (PE-28 E) - Licapa - Abra Apacheta Grande - Pte. Niñacha - Niñachaca - Abra Yanabamba - Socos - Emp. PE-3S (Ayacucho)", "departamento": "HUANCAVELICA", "superficie": 1, "estado": 3, "long_km": 13.06, "puntos_criticos_1km": 30, "dist_min_m": 7.2, "peligro_top": "Inundación:8; Inundación, erosión:6; Inundación, erosión fluvial:6", "nivel_top": "Muy alto", "pc_top_peligro": "Inundación, erosión fluvial", "nivel_inund": "Muy alto", "pc_inund_peligro": "Inundación, erosión fluvial", "pc_inund_lng": -75.35736, "pc_inund_lat": -13.60422, "nivel_mmasa": null, "pc_mmasa_peligro": "Inundación, flujo de detritos, erosión", "pc_mmasa_lng": -75.35754, "pc_mmasa_lat": -13.6036, "fid": "PE-28A-02", "pc_lng": -75.35736, "pc_lat": -13.60422, "corredor": "Los Libertadores", "carga_materiales": ["Puzolana"], "carga_origenes": ["Ayacucho"], "carga_destinos": ["Atocongo", "Condorcocha"], "carga_flujos": [{"m": "Puzolana", "o": ["Ayacucho"], "d": ["Atocongo", "Condorcocha"]}]}}, {"type": "Feature", "geometry": {"type": "LineString", "coordinates": [[-76.989085, -12.035575], [-76.989805, -12.033428], [-76.988985, -12.03224], [-76.973385, -12.027868], [-76.952051, -12.020336], [-76.943253, -12.019821], [-76.93082, -12.021294], [-76.922972, -12.021091], [-76.913784, -12.019129], [-76.905279, -12.01543]]}, "properties": {"cod_ruta": "PE-22", "nombre_oficial": "Emp. PE-1N (I.V. La Menacho) – Pte. Carlos Graña – I.V. Huachipa - Pte. Huachipa – Dv. Sta. Anita (Av. Las Torres – Av. Nicolas Ayllón) - Sta. Clara - Pte. Los Angeles - Chosica (Av. Nicolas Ayllón) - Ricardo Palma - Pte. Ricardo Palma - Pte. Esperanza - Pte. La Cascada - Pte. Surco - Pte. Eduardo de Habich - Pte. Collana - Pte. Matucana – Matucana - San Mateo - Pte. Chicla - Abra Anticona - Morococha - Pte. Pachachaca - Santa Rosa de Sacco - Emp. PE-3 (Repartición La Oroya)", "departamento": "LIMA", "superficie": 1, "estado": 4, "long_km": 9.84, "puntos_criticos_1km": 29, "dist_min_m": 19.0, "peligro_top": "Erosión fluvial:13; Inundación:10; s/d:3", "nivel_top": "Muy alto", "pc_top_peligro": "Erosión fluvial", "nivel_inund": "Muy alto", "pc_inund_peligro": "Erosión fluvial", "pc_inund_lng": -76.91205, "pc_inund_lat": -12.01958, "nivel_mmasa": null, "pc_mmasa_peligro": null, "pc_mmasa_lng": null, "pc_mmasa_lat": null, "fid": "PE-22-02", "pc_lng": -76.91205, "pc_lat": -12.01958, "corredor": "Carretera Central", "carga_materiales": ["Caliza", "Puzolana", "Clínker", "Yeso", "Arcilla", "Sílice", "Óxido de fierro", "Carbón"], "carga_origenes": ["Junín", "Lima", "Tarma"], "carga_destinos": ["Atocongo", "Condorcocha"], "carga_flujos": [{"m": "Caliza", "o": ["Tarma"], "d": ["Atocongo"]}, {"m": "Puzolana", "o": ["Junín"], "d": ["Condorcocha"]}, {"m": "Clínker", "o": ["Lima"], "d": ["Condorcocha"]}, {"m": "Yeso", "o": ["Junín"], "d": ["Atocongo", "Condorcocha"]}, {"m": "Arcilla", "o": ["Junín", "Tarma"], "d": ["Condorcocha"]}, {"m": "Sílice", "o": ["Tarma"], "d": ["Atocongo"]}, {"m": "Óxido de fierro", "o": ["Tarma"], "d": ["Condorcocha"]}, {"m": "Carbón", "o": ["Lima"], "d": ["Condorcocha"]}]}}, {"type": "Feature", "geometry": {"type": "LineString", "coordinates": [[-76.686581, -11.926409], [-76.683403, -11.92391], [-76.680205, -11.923812], [-76.677993, -11.922104], [-76.674022, -11.920754], [-76.66514, -11.921566], [-76.662518, -11.922878]]}, "properties": {"cod_ruta": "PE-22", "nombre_oficial": "Emp. PE-1N (I.V. La Menacho) – Pte. Carlos Graña – I.V. Huachipa - Pte. Huachipa – Dv. Sta. Anita (Av. Las Torres – Av. Nicolas Ayllón) - Sta. Clara - Pte. Los Angeles - Chosica (Av. Nicolas Ayllón) - Ricardo Palma - Pte. Ricardo Palma - Pte. Esperanza - Pte. La Cascada - Pte. Surco - Pte. Eduardo de Habich - Pte. Collana - Pte. Matucana – Matucana - San Mateo - Pte. Chicla - Abra Anticona - Morococha - Pte. Pachachaca - Santa Rosa de Sacco - Emp. PE-3 (Repartición La Oroya)", "departamento": "LIMA", "superficie": 1, "estado": 1, "long_km": 2.91, "puntos_criticos_1km": 29, "dist_min_m": 7.2, "peligro_top": "Inundación:13; Inundación, Erosión fluvial:9; s/d:7", "nivel_top": "Muy Alto", "pc_top_peligro": "Inundación, Erosión fluvial", "nivel_inund": "Muy Alto", "pc_inund_peligro": "Inundación, Erosión fluvial", "pc_inund_lng": -76.68236, "pc_inund_lat": -11.9247, "nivel_mmasa": null, "pc_mmasa_peligro": null, "pc_mmasa_lng": null, "pc_mmasa_lat": null, "fid": "PE-22-03", "pc_lng": -76.68236, "pc_lat": -11.9247, "corredor": "Carretera Central", "carga_materiales": ["Caliza", "Puzolana", "Clínker", "Yeso", "Arcilla", "Sílice", "Óxido de fierro", "Carbón"], "carga_origenes": ["Junín", "Lima", "Tarma"], "carga_destinos": ["Atocongo", "Condorcocha"], "carga_flujos": [{"m": "Caliza", "o": ["Tarma"], "d": ["Atocongo"]}, {"m": "Puzolana", "o": ["Junín"], "d": ["Condorcocha"]}, {"m": "Clínker", "o": ["Lima"], "d": ["Condorcocha"]}, {"m": "Yeso", "o": ["Junín"], "d": ["Atocongo", "Condorcocha"]}, {"m": "Arcilla", "o": ["Junín", "Tarma"], "d": ["Condorcocha"]}, {"m": "Sílice", "o": ["Tarma"], "d": ["Atocongo"]}, {"m": "Óxido de fierro", "o": ["Tarma"], "d": ["Condorcocha"]}, {"m": "Carbón", "o": ["Lima"], "d": ["Condorcocha"]}]}}, {"type": "Feature", "geometry": {"type": "LineString", "coordinates": [[-76.654257, -11.925079], [-76.649273, -11.926725], [-76.640673, -11.925488], [-76.633772, -11.922726], [-76.627501, -11.922606], [-76.621296, -11.919637], [-76.613462, -11.913698], [-76.60825, -11.914278], [-76.599695, -11.911964], [-76.593433, -11.908659], [-76.585388, -11.911961], [-76.578848, -11.909981], [-76.574148, -11.910063], [-76.57024, -11.912313], [-76.565187, -11.917784], [-76.562344, -11.918812], [-76.559072, -11.918818], [-76.55097, -11.91501], [-76.543905, -11.912876], [-76.530041, -11.902208], [-76.527586, -11.902719], [-76.52285, -11.906723], [-76.518686, -11.904947], [-76.515359, -11.904936], [-76.512311, -11.903312], [-76.507277, -11.903249], [-76.504534, -11.901649], [-76.502188, -11.897772], [-76.4984, -11.895842], [-76.497023, -11.891693], [-76.490307, -11.887512], [-76.486294, -11.8878], [-76.480408, -11.885216], [-76.476076, -11.886883], [-76.474413, -11.885525], [-76.469595, -11.885042], [-76.466417, -11.882799], [-76.463015, -11.885551], [-76.456587, -11.888223], [-76.454273, -11.887636], [-76.451107, -11.887775], [-76.45267, -11.888728], [-76.449423, -11.888275], [-76.447367, -11.887293], [-76.447004, -11.884844], [-76.441771, -11.882318], [-76.437515, -11.881365], [-76.432518, -11.877081], [-76.430479, -11.876446], [-76.42601, -11.87007], [-76.425348, -11.866291], [-76.421848, -11.861465], [-76.413034, -11.857611], [-76.411551, -11.855228], [-76.404215, -11.854179], [-76.402353, -11.85194]]}, "properties": {"cod_ruta": "PE-22", "nombre_oficial": "Emp. PE-1N (I.V. La Menacho) – Pte. Carlos Graña – I.V. Huachipa - Pte. Huachipa – Dv. Sta. Anita (Av. Las Torres – Av. Nicolas Ayllón) - Sta. Clara - Pte. Los Angeles - Chosica (Av. Nicolas Ayllón) - Ricardo Palma - Pte. Ricardo Palma - Pte. Esperanza - Pte. La Cascada - Pte. Surco - Pte. Eduardo de Habich - Pte. Collana - Pte. Matucana – Matucana - San Mateo - Pte. Chicla - Abra Anticona - Morococha - Pte. Pachachaca - Santa Rosa de Sacco - Emp. PE-3 (Repartición La Oroya)", "departamento": "LIMA", "superficie": 1, "estado": 1, "long_km": 33.41, "puntos_criticos_1km": 28, "dist_min_m": 3.6, "peligro_top": "Erosión fluvial:14; Flujo de detritos:4; Flujo de detritos, Erosión fluvial:4", "nivel_top": "Muy alto", "pc_top_peligro": "Flujo de detritos, erosión fluvial", "nivel_inund": "Muy alto", "pc_inund_peligro": "Flujo de detritos, erosión fluvial", "pc_inund_lng": -76.55612, "pc_inund_lat": -11.91754, "nivel_mmasa": "Muy alto", "pc_mmasa_peligro": "Flujo de detritos", "pc_mmasa_lng": -76.54152, "pc_mmasa_lat": -11.91832, "fid": "PE-22-04", "pc_lng": -76.55612, "pc_lat": -11.91754, "corredor": "Carretera Central", "carga_materiales": ["Caliza", "Puzolana", "Clínker", "Yeso", "Arcilla", "Sílice", "Óxido de fierro", "Carbón"], "carga_origenes": ["Junín", "Lima", "Tarma"], "carga_destinos": ["Atocongo", "Condorcocha"], "carga_flujos": [{"m": "Caliza", "o": ["Tarma"], "d": ["Atocongo"]}, {"m": "Puzolana", "o": ["Junín"], "d": ["Condorcocha"]}, {"m": "Clínker", "o": ["Lima"], "d": ["Condorcocha"]}, {"m": "Yeso", "o": ["Junín"], "d": ["Atocongo", "Condorcocha"]}, {"m": "Arcilla", "o": ["Junín", "Tarma"], "d": ["Condorcocha"]}, {"m": "Sílice", "o": ["Tarma"], "d": ["Atocongo"]}, {"m": "Óxido de fierro", "o": ["Tarma"], "d": ["Condorcocha"]}, {"m": "Carbón", "o": ["Lima"], "d": ["Condorcocha"]}]}}, {"type": "Feature", "geometry": {"type": "LineString", "coordinates": [[-75.737949, -13.649759], [-75.735287, -13.650947], [-75.733523, -13.650146], [-75.731759, -13.648732], [-75.730251, -13.645683], [-75.728204, -13.64725], [-75.726316, -13.644936], [-75.719705, -13.640083], [-75.716381, -13.641072], [-75.714279, -13.640478], [-75.711623, -13.64096], [-75.700706, -13.639103], [-75.698072, -13.637279], [-75.696987, -13.635458], [-75.692927, -13.635487], [-75.688402, -13.633144], [-75.683892, -13.628878], [-75.679975, -13.629619], [-75.675944, -13.627205], [-75.67263, -13.626544], [-75.662417, -13.617262], [-75.650873, -13.612306], [-75.648698, -13.612308], [-75.638917, -13.60777]]}, "properties": {"cod_ruta": "PE-28A", "nombre_oficial": "Emp.PE-1S E (Dv. Huaytará) - Independencia - Humay - Huáncano - Pámpano (PE 28 D) - Pte. Huaytara - Pte. Cuyahuasi - Pte. Tullpa - Pte. Dos de Mayo - Pte. Muchic - Pte. Ana Teresa - Pte. Tsej Tsi - Pte. Tranca - Huaytará - Pte. Suyacuna - Pte. Mollepayana - Pte. Carniceria - Pte. Satan - Pte. San Rafael - Pte. San Miguel - Abra Yuncaccara -Pte. Rumichaca 1 – Rumichaca (PE-28 E) - Licapa - Abra Apacheta Grande - Pte. Niñacha - Niñachaca - Abra Yanabamba - Socos - Emp. PE-3S (Ayacucho)", "departamento": "ICA", "superficie": 1, "estado": 1, "long_km": 12.9, "puntos_criticos_1km": 28, "dist_min_m": 13.9, "peligro_top": "Inundación:9; Inundación, Erosión fluvial:8; s/d:5", "nivel_top": "Muy Alto", "pc_top_peligro": "Inundación, Erosión fluvial", "nivel_inund": "Muy Alto", "pc_inund_peligro": "Inundación, Erosión fluvial", "pc_inund_lng": -75.64041, "pc_inund_lat": -13.60646, "nivel_mmasa": "Alto", "pc_mmasa_peligro": "Inundación, flujo de detritos, erosión fluvial", "pc_mmasa_lng": -75.72879, "pc_mmasa_lat": -13.64181, "fid": "PE-28A-03", "pc_lng": -75.64041, "pc_lat": -13.60646, "corredor": "Los Libertadores", "carga_materiales": ["Puzolana"], "carga_origenes": ["Ayacucho"], "carga_destinos": ["Atocongo", "Condorcocha"], "carga_flujos": [{"m": "Puzolana", "o": ["Ayacucho"], "d": ["Atocongo", "Condorcocha"]}]}}, {"type": "Feature", "geometry": {"type": "LineString", "coordinates": [[-76.714035, -11.946726], [-76.710377, -11.945921], [-76.708945, -11.943835], [-76.703339, -11.942438], [-76.699128, -11.940258], [-76.695119, -11.935429]]}, "properties": {"cod_ruta": "PE-22", "nombre_oficial": "Emp. PE-1N (I.V. La Menacho) – Pte. Carlos Graña – I.V. Huachipa - Pte. Huachipa – Dv. Sta. Anita (Av. Las Torres – Av. Nicolas Ayllón) - Sta. Clara - Pte. Los Angeles - Chosica (Av. Nicolas Ayllón) - Ricardo Palma - Pte. Ricardo Palma - Pte. Esperanza - Pte. La Cascada - Pte. Surco - Pte. Eduardo de Habich - Pte. Collana - Pte. Matucana – Matucana - San Mateo - Pte. Chicla - Abra Anticona - Morococha - Pte. Pachachaca - Santa Rosa de Sacco - Emp. PE-3 (Repartición La Oroya)", "departamento": "LIMA", "superficie": 1, "estado": 4, "long_km": 2.54, "puntos_criticos_1km": 27, "dist_min_m": 115.7, "peligro_top": "Inundación:20; s/d:3; Erosión fluvial:2", "nivel_top": "Muy Alto", "pc_top_peligro": "Erosión fluvial", "nivel_inund": "Muy Alto", "pc_inund_peligro": "Erosión fluvial", "pc_inund_lng": -76.70263, "pc_inund_lat": -11.94452, "nivel_mmasa": null, "pc_mmasa_peligro": null, "pc_mmasa_lng": null, "pc_mmasa_lat": null, "fid": "PE-22-05", "pc_lng": -76.70263, "pc_lat": -11.94452, "corredor": "Carretera Central", "carga_materiales": ["Caliza", "Puzolana", "Clínker", "Yeso", "Arcilla", "Sílice", "Óxido de fierro", "Carbón"], "carga_origenes": ["Junín", "Lima", "Tarma"], "carga_destinos": ["Atocongo", "Condorcocha"], "carga_flujos": [{"m": "Caliza", "o": ["Tarma"], "d": ["Atocongo"]}, {"m": "Puzolana", "o": ["Junín"], "d": ["Condorcocha"]}, {"m": "Clínker", "o": ["Lima"], "d": ["Condorcocha"]}, {"m": "Yeso", "o": ["Junín"], "d": ["Atocongo", "Condorcocha"]}, {"m": "Arcilla", "o": ["Junín", "Tarma"], "d": ["Condorcocha"]}, {"m": "Sílice", "o": ["Tarma"], "d": ["Atocongo"]}, {"m": "Óxido de fierro", "o": ["Tarma"], "d": ["Condorcocha"]}, {"m": "Carbón", "o": ["Lima"], "d": ["Condorcocha"]}]}}, {"type": "Feature", "geometry": {"type": "LineString", "coordinates": [[-76.818562, -11.989437], [-76.805252, -11.984024], [-76.788223, -11.979942]]}, "properties": {"cod_ruta": "PE-22", "nombre_oficial": "Emp. PE-1N (I.V. La Menacho) – Pte. Carlos Graña – I.V. Huachipa - Pte. Huachipa – Dv. Sta. Anita (Av. Las Torres – Av. Nicolas Ayllón) - Sta. Clara - Pte. Los Angeles - Chosica (Av. Nicolas Ayllón) - Ricardo Palma - Pte. Ricardo Palma - Pte. Esperanza - Pte. La Cascada - Pte. Surco - Pte. Eduardo de Habich - Pte. Collana - Pte. Matucana – Matucana - San Mateo - Pte. Chicla - Abra Anticona - Morococha - Pte. Pachachaca - Santa Rosa de Sacco - Emp. PE-3 (Repartición La Oroya)", "departamento": "LIMA", "superficie": 1, "estado": 1, "long_km": 5.01, "puntos_criticos_1km": 23, "dist_min_m": 93.9, "peligro_top": "s/d:13; Inundación:9; Erosión fluvial:1", "nivel_top": "Muy alto", "pc_top_peligro": "Erosión fluvial", "nivel_inund": "Muy alto", "pc_inund_peligro": "Erosión fluvial", "pc_inund_lng": -76.81989, "pc_inund_lat": -11.9859, "nivel_mmasa": null, "pc_mmasa_peligro": null, "pc_mmasa_lng": null, "pc_mmasa_lat": null, "fid": "PE-22-06", "pc_lng": -76.81989, "pc_lat": -11.9859, "corredor": "Carretera Central", "carga_materiales": ["Caliza", "Puzolana", "Clínker", "Yeso", "Arcilla", "Sílice", "Óxido de fierro", "Carbón"], "carga_origenes": ["Junín", "Lima", "Tarma"], "carga_destinos": ["Atocongo", "Condorcocha"], "carga_flujos": [{"m": "Caliza", "o": ["Tarma"], "d": ["Atocongo"]}, {"m": "Puzolana", "o": ["Junín"], "d": ["Condorcocha"]}, {"m": "Clínker", "o": ["Lima"], "d": ["Condorcocha"]}, {"m": "Yeso", "o": ["Junín"], "d": ["Atocongo", "Condorcocha"]}, {"m": "Arcilla", "o": ["Junín", "Tarma"], "d": ["Condorcocha"]}, {"m": "Sílice", "o": ["Tarma"], "d": ["Atocongo"]}, {"m": "Óxido de fierro", "o": ["Tarma"], "d": ["Condorcocha"]}, {"m": "Carbón", "o": ["Lima"], "d": ["Condorcocha"]}]}}, {"type": "Feature", "geometry": {"type": "LineString", "coordinates": [[-75.175445, -14.653247], [-75.169147, -14.658424], [-75.16762, -14.663633], [-75.158478, -14.67147], [-75.154721, -14.677089], [-75.15037, -14.678302], [-75.142377, -14.678535], [-75.133541, -14.684117], [-75.128983, -14.688687], [-75.121322, -14.686609], [-75.115595, -14.692004]]}, "properties": {"cod_ruta": "PE-1S", "nombre_oficial": "I.V. Santa Anita - Chincha Alta - Ica - Nazca - Dv. Camaná - Dv. Quilca (PE-1S D) - La Repartición (Dv. Arequipa) - Dv. Pto. Matarani (PE- 34) - La Joya - Dv. Moquegua (PE-36 A) - Dv. Ilo (PE-36) - Tacna (PE-38) - La Concordia (fr. Chile).", "departamento": "ICA", "superficie": 1, "estado": 3, "long_km": 8.5, "puntos_criticos_1km": 22, "dist_min_m": 61.5, "peligro_top": "Inundación:13; Inundación, flujo de detritos, erosión:6; s/d:3", "nivel_top": null, "pc_top_peligro": "Inundación", "nivel_inund": null, "pc_inund_peligro": "Inundación", "pc_inund_lng": -75.13008, "pc_inund_lat": -14.67929, "nivel_mmasa": null, "pc_mmasa_peligro": "Inundación, flujo de detritos, erosión", "pc_mmasa_lng": -75.12423, "pc_mmasa_lat": -14.67847, "fid": "PE-1S-01", "pc_lng": -75.13008, "pc_lat": -14.67929, "corredor": "Panamericana Sur", "carga_materiales": ["Caliza", "Puzolana"], "carga_origenes": ["Arequipa", "Chilca", "Ica", "Lima", "Lurín"], "carga_destinos": ["Atocongo"], "carga_flujos": [{"m": "Caliza", "o": ["Chilca", "Lima", "Lurín"], "d": ["Atocongo"]}, {"m": "Puzolana", "o": ["Arequipa", "Ica"], "d": ["Atocongo"]}]}}, {"type": "Feature", "geometry": {"type": "LineString", "coordinates": [[-76.738294, -11.96189], [-76.726396, -11.951267], [-76.714035, -11.946726]]}, "properties": {"cod_ruta": "PE-22", "nombre_oficial": "Emp. PE-1N (I.V. La Menacho) – Pte. Carlos Graña – I.V. Huachipa - Pte. Huachipa – Dv. Sta. Anita (Av. Las Torres – Av. Nicolas Ayllón) - Sta. Clara - Pte. Los Angeles - Chosica (Av. Nicolas Ayllón) - Ricardo Palma - Pte. Ricardo Palma - Pte. Esperanza - Pte. La Cascada - Pte. Surco - Pte. Eduardo de Habich - Pte. Collana - Pte. Matucana – Matucana - San Mateo - Pte. Chicla - Abra Anticona - Morococha - Pte. Pachachaca - Santa Rosa de Sacco - Emp. PE-3 (Repartición La Oroya)", "departamento": "LIMA", "superficie": 1, "estado": 1, "long_km": 3.19, "puntos_criticos_1km": 20, "dist_min_m": 35.6, "peligro_top": "Inundación:13; s/d:4; Inundación, Erosión fluvial:2", "nivel_top": "Muy Alto", "pc_top_peligro": "Inundación, Erosión fluvial", "nivel_inund": "Muy Alto", "pc_inund_peligro": "Inundación, Erosión fluvial", "pc_inund_lng": -76.71672, "pc_inund_lat": -11.95124, "nivel_mmasa": null, "pc_mmasa_peligro": null, "pc_mmasa_lng": null, "pc_mmasa_lat": null, "fid": "PE-22-07", "pc_lng": -76.71672, "pc_lat": -11.95124, "corredor": "Carretera Central", "carga_materiales": ["Caliza", "Puzolana", "Clínker", "Yeso", "Arcilla", "Sílice", "Óxido de fierro", "Carbón"], "carga_origenes": ["Junín", "Lima", "Tarma"], "carga_destinos": ["Atocongo", "Condorcocha"], "carga_flujos": [{"m": "Caliza", "o": ["Tarma"], "d": ["Atocongo"]}, {"m": "Puzolana", "o": ["Junín"], "d": ["Condorcocha"]}, {"m": "Clínker", "o": ["Lima"], "d": ["Condorcocha"]}, {"m": "Yeso", "o": ["Junín"], "d": ["Atocongo", "Condorcocha"]}, {"m": "Arcilla", "o": ["Junín", "Tarma"], "d": ["Condorcocha"]}, {"m": "Sílice", "o": ["Tarma"], "d": ["Atocongo"]}, {"m": "Óxido de fierro", "o": ["Tarma"], "d": ["Condorcocha"]}, {"m": "Carbón", "o": ["Lima"], "d": ["Condorcocha"]}]}}, {"type": "Feature", "geometry": {"type": "LineString", "coordinates": [[-75.59622, -13.595845], [-75.594385, -13.596046], [-75.593504, -13.594743], [-75.59259, -13.595242], [-75.591489, -13.594477], [-75.589613, -13.594737], [-75.588671, -13.593852], [-75.587717, -13.594664], [-75.583701, -13.594916], [-75.582258, -13.596404], [-75.57816, -13.59553], [-75.574529, -13.597361], [-75.570085, -13.6021], [-75.567066, -13.608161], [-75.561904, -13.607991], [-75.559224, -13.60528], [-75.558843, -13.603239], [-75.556079, -13.601242], [-75.555626, -13.593819], [-75.552752, -13.588399], [-75.549915, -13.585613], [-75.546289, -13.577789], [-75.541013, -13.572609], [-75.538401, -13.56717], [-75.535358, -13.566331]]}, "properties": {"cod_ruta": "PE-28A", "nombre_oficial": "Emp.PE-1S E (Dv. Huaytará) - Independencia - Humay - Huáncano - Pámpano (PE 28 D) - Pte. Huaytara - Pte. Cuyahuasi - Pte. Tullpa - Pte. Dos de Mayo - Pte. Muchic - Pte. Ana Teresa - Pte. Tsej Tsi - Pte. Tranca - Huaytará - Pte. Suyacuna - Pte. Mollepayana - Pte. Carniceria - Pte. Satan - Pte. San Rafael - Pte. San Miguel - Abra Yuncaccara -Pte. Rumichaca 1 – Rumichaca (PE-28 E) - Licapa - Abra Apacheta Grande - Pte. Niñacha - Niñachaca - Abra Yanabamba - Socos - Emp. PE-3S (Ayacucho)", "departamento": "ICA", "superficie": 1, "estado": 1, "long_km": 10.55, "puntos_criticos_1km": 18, "dist_min_m": 1.3, "peligro_top": "Inundación:7; Inundación, erosión fluvial:4; Inundación, Erosión fluvial:4", "nivel_top": "Muy Alto", "pc_top_peligro": "Inundación, Erosión fluvial", "nivel_inund": "Muy Alto", "pc_inund_peligro": "Inundación, Erosión fluvial", "pc_inund_lng": -75.54552, "pc_inund_lat": -13.57971, "nivel_mmasa": null, "pc_mmasa_peligro": "Inundación, flujo de detritos, erosión", "pc_mmasa_lng": -75.58815, "pc_mmasa_lat": -13.59293, "fid": "PE-28A-04", "pc_lng": -75.54552, "pc_lat": -13.57971, "corredor": "Los Libertadores", "carga_materiales": ["Puzolana"], "carga_origenes": ["Ayacucho"], "carga_destinos": ["Atocongo", "Condorcocha"], "carga_flujos": [{"m": "Puzolana", "o": ["Ayacucho"], "d": ["Atocongo", "Condorcocha"]}]}}, {"type": "Feature", "geometry": {"type": "LineString", "coordinates": [[-76.880567, -12.013096], [-76.872892, -12.010618], [-76.846968, -12.005831], [-76.841551, -12.002382]]}, "properties": {"cod_ruta": "PE-22", "nombre_oficial": "Emp. PE-1N (I.V. La Menacho) – Pte. Carlos Graña – I.V. Huachipa - Pte. Huachipa – Dv. Sta. Anita (Av. Las Torres – Av. Nicolas Ayllón) - Sta. Clara - Pte. Los Angeles - Chosica (Av. Nicolas Ayllón) - Ricardo Palma - Pte. Ricardo Palma - Pte. Esperanza - Pte. La Cascada - Pte. Surco - Pte. Eduardo de Habich - Pte. Collana - Pte. Matucana – Matucana - San Mateo - Pte. Chicla - Abra Anticona - Morococha - Pte. Pachachaca - Santa Rosa de Sacco - Emp. PE-3 (Repartición La Oroya)", "departamento": "LIMA", "superficie": 1, "estado": 1, "long_km": 4.83, "puntos_criticos_1km": 18, "dist_min_m": 149.5, "peligro_top": "Erosión fluvial:8; Inundación:5; s/d:4", "nivel_top": "Muy alto", "pc_top_peligro": "Erosión fluvial", "nivel_inund": "Muy alto", "pc_inund_peligro": "Erosión fluvial", "pc_inund_lng": -76.86472, "pc_inund_lat": -12.00679, "nivel_mmasa": null, "pc_mmasa_peligro": "Inundación, flujo de detritos, erosión", "pc_mmasa_lng": -76.88168, "pc_mmasa_lat": -12.00972, "fid": "PE-22-08", "pc_lng": -76.86472, "pc_lat": -12.00679, "corredor": "Carretera Central", "carga_materiales": ["Caliza", "Puzolana", "Clínker", "Yeso", "Arcilla", "Sílice", "Óxido de fierro", "Carbón"], "carga_origenes": ["Junín", "Lima", "Tarma"], "carga_destinos": ["Atocongo", "Condorcocha"], "carga_flujos": [{"m": "Caliza", "o": ["Tarma"], "d": ["Atocongo"]}, {"m": "Puzolana", "o": ["Junín"], "d": ["Condorcocha"]}, {"m": "Clínker", "o": ["Lima"], "d": ["Condorcocha"]}, {"m": "Yeso", "o": ["Junín"], "d": ["Atocongo", "Condorcocha"]}, {"m": "Arcilla", "o": ["Junín", "Tarma"], "d": ["Condorcocha"]}, {"m": "Sílice", "o": ["Tarma"], "d": ["Atocongo"]}, {"m": "Óxido de fierro", "o": ["Tarma"], "d": ["Condorcocha"]}, {"m": "Carbón", "o": ["Lima"], "d": ["Condorcocha"]}]}}, {"type": "Feature", "geometry": {"type": "LineString", "coordinates": [[-74.414208, -13.35706], [-74.411018, -13.355903], [-74.406528, -13.356251], [-74.397873, -13.352001], [-74.396815, -13.350617], [-74.39666, -13.348172], [-74.394537, -13.345004], [-74.388814, -13.342218], [-74.386237, -13.339373], [-74.378685, -13.341222], [-74.368077, -13.338043], [-74.36227, -13.337996], [-74.358526, -13.339776], [-74.354778, -13.338603], [-74.351669, -13.334366], [-74.352746, -13.317445], [-74.350887, -13.316411], [-74.341045, -13.319257], [-74.338587, -13.316824], [-74.337065, -13.312685], [-74.335142, -13.314204], [-74.330984, -13.313579], [-74.333178, -13.311435], [-74.332015, -13.309684], [-74.328992, -13.308657], [-74.33239, -13.305166], [-74.330085, -13.301443], [-74.32831, -13.301303], [-74.328877, -13.298484], [-74.327542, -13.297844], [-74.32745, -13.296506], [-74.325893, -13.2962], [-74.324113, -13.294474], [-74.326317, -13.294126], [-74.32862, -13.292557], [-74.329771, -13.293021], [-74.330946, -13.292448], [-74.330723, -13.288721], [-74.332162, -13.286934], [-74.331288, -13.284737], [-74.332623, -13.282762], [-74.330117, -13.281952], [-74.327503, -13.284252], [-74.326707, -13.282655], [-74.32569, -13.282302], [-74.323723, -13.285481], [-74.32221, -13.285269], [-74.320914, -13.287186], [-74.319738, -13.286838], [-74.318542, -13.287987], [-74.315179, -13.288434], [-74.312202, -13.286226], [-74.310897, -13.281888], [-74.308602, -13.280614], [-74.306918, -13.280863], [-74.307234, -13.278133], [-74.305774, -13.277408], [-74.304035, -13.274111], [-74.307373, -13.273897], [-74.306499, -13.271317], [-74.309331, -13.2706], [-74.307343, -13.267711], [-74.309712, -13.265241], [-74.309462, -13.262972], [-74.312149, -13.261263], [-74.313543, -13.263085], [-74.315821, -13.261351], [-74.318918, -13.262188], [-74.319648, -13.257974], [-74.320751, -13.256489], [-74.316267, -13.251779], [-74.316158, -13.248699], [-74.313382, -13.248751], [-74.30712, -13.24402], [-74.305786, -13.244722], [-74.305193, -13.246966], [-74.303358, -13.246835], [-74.302388, -13.244527], [-74.302413, -13.241616]]}, "properties": {"cod_ruta": "PE-28A", "nombre_oficial": "Emp.PE-1S E (Dv. Huaytará) - Independencia - Humay - Huáncano - Pámpano (PE 28 D) - Pte. Huaytara - Pte. Cuyahuasi - Pte. Tullpa - Pte. Dos de Mayo - Pte. Muchic - Pte. Ana Teresa - Pte. Tsej Tsi - Pte. Tranca - Huaytará - Pte. Suyacuna - Pte. Mollepayana - Pte. Carniceria - Pte. Satan - Pte. San Rafael - Pte. San Miguel - Abra Yuncaccara -Pte. Rumichaca 1 – Rumichaca (PE-28 E) - Licapa - Abra Apacheta Grande - Pte. Niñacha - Niñachaca - Abra Yanabamba - Socos - Emp. PE-3S (Ayacucho)", "departamento": "AYACUCHO", "superficie": 1, "estado": 3, "long_km": 31.52, "puntos_criticos_1km": 17, "dist_min_m": 33.8, "peligro_top": "Inundación, Erosión Fluvial:10; Inundación, flujo de detritos, erosión fluvial:4; Inundación, erosión fluvial:3", "nivel_top": "Alto", "pc_top_peligro": "Inundación, erosión fluvial", "nivel_inund": "Alto", "pc_inund_peligro": "Inundación, erosión fluvial", "pc_inund_lng": -74.3436, "pc_inund_lat": -13.33469, "nivel_mmasa": null, "pc_mmasa_peligro": "Inundación, flujo de detritos, erosión fluvial", "pc_mmasa_lng": -74.33973, "pc_mmasa_lat": -13.30838, "fid": "PE-28A-05", "pc_lng": -74.3436, "pc_lat": -13.33469, "corredor": "Los Libertadores", "carga_materiales": ["Puzolana"], "carga_origenes": ["Ayacucho"], "carga_destinos": ["Atocongo", "Condorcocha"], "carga_flujos": [{"m": "Puzolana", "o": ["Ayacucho"], "d": ["Atocongo", "Condorcocha"]}]}}, {"type": "Feature", "geometry": {"type": "LineString", "coordinates": [[-74.228091, -13.080782], [-74.227498, -13.082496], [-74.22803, -13.084691], [-74.222421, -13.087119], [-74.214124, -13.094532], [-74.2071, -13.097752], [-74.199005, -13.110419], [-74.197779, -13.114269], [-74.195398, -13.117377], [-74.195234, -13.119067], [-74.193219, -13.119211], [-74.190833, -13.121081], [-74.189755, -13.122967], [-74.190024, -13.124414], [-74.18831, -13.130256], [-74.186196, -13.13303], [-74.186326, -13.136198], [-74.18765, -13.137704], [-74.189032, -13.136004], [-74.193553, -13.135753], [-74.19474, -13.134231], [-74.20351, -13.133217], [-74.205955, -13.134442], [-74.206851, -13.136294], [-74.210463, -13.136938], [-74.210697, -13.139184], [-74.213047, -13.140197], [-74.214241, -13.141755], [-74.214001, -13.142637], [-74.212737, -13.142309], [-74.21117, -13.144068], [-74.210324, -13.146506], [-74.211173, -13.147509]]}, "properties": {"cod_ruta": "PE-3S", "nombre_oficial": "Repartición La Oroya (PE-22) - Huancayo - Izcuchaca (PE-26) - Mayoc - Ayacucho - Andahuaylas (PE-30 B) - Abancay - Anta - Cusco - Urcos - Ayaviri (PE-3S G) - Calapuja - Puno (PE-36 B) - Ilave - Pte. Internacional Desaguadero (fr. Bolivia).", "departamento": "AYACUCHO", "superficie": 1, "estado": 1, "long_km": 13.39, "puntos_criticos_1km": 16, "dist_min_m": 34.5, "peligro_top": "Inundación, Erosión Fluvial:5; Inundación, flujo de detritos, erosión fluvial:3; s/d:3", "nivel_top": "Alto", "pc_top_peligro": "Inundación, erosión fluvial", "nivel_inund": "Alto", "pc_inund_peligro": "Inundación, erosión fluvial", "pc_inund_lng": -74.22884, "pc_inund_lat": -13.08414, "nivel_mmasa": null, "pc_mmasa_peligro": "Inundación, flujo de detritos, erosión fluvial", "pc_mmasa_lng": -74.19967, "pc_mmasa_lat": -13.10576, "fid": "PE-3S-00", "pc_lng": -74.22884, "pc_lat": -13.08414, "corredor": "Longitudinal de la Sierra Sur", "carga_materiales": ["Puzolana", "Yeso", "Arcilla"], "carga_origenes": ["Ayacucho", "Junín"], "carga_destinos": ["Atocongo", "Condorcocha"], "carga_flujos": [{"m": "Puzolana", "o": ["Ayacucho", "Junín"], "d": ["Atocongo", "Condorcocha"]}, {"m": "Yeso", "o": ["Junín"], "d": ["Atocongo", "Condorcocha"]}, {"m": "Arcilla", "o": ["Junín"], "d": ["Condorcocha"]}]}}, {"type": "Feature", "geometry": {"type": "LineString", "coordinates": [[-75.638917, -13.60777], [-75.634029, -13.605052], [-75.623862, -13.605812], [-75.619178, -13.601157], [-75.617255, -13.601537], [-75.613179, -13.600371], [-75.608652, -13.600823], [-75.599052, -13.597776], [-75.59622, -13.595845]]}, "properties": {"cod_ruta": "PE-28A", "nombre_oficial": "Emp.PE-1S E (Dv. Huaytará) - Independencia - Humay - Huáncano - Pámpano (PE 28 D) - Pte. Huaytara - Pte. Cuyahuasi - Pte. Tullpa - Pte. Dos de Mayo - Pte. Muchic - Pte. Ana Teresa - Pte. Tsej Tsi - Pte. Tranca - Huaytará - Pte. Suyacuna - Pte. Mollepayana - Pte. Carniceria - Pte. Satan - Pte. San Rafael - Pte. San Miguel - Abra Yuncaccara -Pte. Rumichaca 1 – Rumichaca (PE-28 E) - Licapa - Abra Apacheta Grande - Pte. Niñacha - Niñachaca - Abra Yanabamba - Socos - Emp. PE-3S (Ayacucho)", "departamento": "ICA", "superficie": 1, "estado": 1, "long_km": 5.22, "puntos_criticos_1km": 15, "dist_min_m": 6.7, "peligro_top": "Inundación:6; Inundación, Erosión fluvial:4; Inundación, erosión fluvial:2", "nivel_top": "Muy Alto", "pc_top_peligro": "Inundación, Erosión fluvial", "nivel_inund": "Muy Alto", "pc_inund_peligro": "Inundación, Erosión fluvial", "pc_inund_lng": -75.60447, "pc_inund_lat": -13.59933, "nivel_mmasa": "Alto", "pc_mmasa_peligro": "Inundación, flujo de detritos, erosión fluvial", "pc_mmasa_lng": -75.61697, "pc_mmasa_lat": -13.60124, "fid": "PE-28A-06", "pc_lng": -75.60447, "pc_lat": -13.59933, "corredor": "Los Libertadores", "carga_materiales": ["Puzolana"], "carga_origenes": ["Ayacucho"], "carga_destinos": ["Atocongo", "Condorcocha"], "carga_flujos": [{"m": "Puzolana", "o": ["Ayacucho"], "d": ["Atocongo", "Condorcocha"]}]}}, {"type": "Feature", "geometry": {"type": "LineString", "coordinates": [[-75.183204, -14.539375], [-75.181957, -14.540758], [-75.182182, -14.541774], [-75.201638, -14.55733], [-75.207689, -14.563727], [-75.20906, -14.566777], [-75.20887, -14.569851]]}, "properties": {"cod_ruta": "PE-1S", "nombre_oficial": "I.V. Santa Anita - Chincha Alta - Ica - Nazca - Dv. Camaná - Dv. Quilca (PE-1S D) - La Repartición (Dv. Arequipa) - Dv. Pto. Matarani (PE- 34) - La Joya - Dv. Moquegua (PE-36 A) - Dv. Ilo (PE-36) - Tacna (PE-38) - La Concordia (fr. Chile).", "departamento": "ICA", "superficie": 1, "estado": 3, "long_km": 4.77, "puntos_criticos_1km": 15, "dist_min_m": 400.1, "peligro_top": "s/d:8; Inundación:4; Inundación, flujo de detritos, erosión:2", "nivel_top": null, "pc_top_peligro": "Inundación, flujo de detritos, erosión", "nivel_inund": null, "pc_inund_peligro": "Inundación, flujo de detritos, erosión", "pc_inund_lng": -75.19944, "pc_inund_lat": -14.55039, "nivel_mmasa": null, "pc_mmasa_peligro": "Inundación, flujo de detritos, erosión", "pc_mmasa_lng": -75.19944, "pc_mmasa_lat": -14.55039, "fid": "PE-1S-02", "pc_lng": -75.19944, "pc_lat": -14.55039, "corredor": "Panamericana Sur", "carga_materiales": ["Caliza", "Puzolana"], "carga_origenes": ["Arequipa", "Chilca", "Ica", "Lima", "Lurín"], "carga_destinos": ["Atocongo"], "carga_flujos": [{"m": "Caliza", "o": ["Chilca", "Lima", "Lurín"], "d": ["Atocongo"]}, {"m": "Puzolana", "o": ["Arequipa", "Ica"], "d": ["Atocongo"]}]}}, {"type": "Feature", "geometry": {"type": "LineString", "coordinates": [[-76.841551, -12.002382], [-76.833538, -11.995783], [-76.818562, -11.989437]]}, "properties": {"cod_ruta": "PE-22", "nombre_oficial": "Emp. PE-1N (I.V. La Menacho) – Pte. Carlos Graña – I.V. Huachipa - Pte. Huachipa – Dv. Sta. Anita (Av. Las Torres – Av. Nicolas Ayllón) - Sta. Clara - Pte. Los Angeles - Chosica (Av. Nicolas Ayllón) - Ricardo Palma - Pte. Ricardo Palma - Pte. Esperanza - Pte. La Cascada - Pte. Surco - Pte. Eduardo de Habich - Pte. Collana - Pte. Matucana – Matucana - San Mateo - Pte. Chicla - Abra Anticona - Morococha - Pte. Pachachaca - Santa Rosa de Sacco - Emp. PE-3 (Repartición La Oroya)", "departamento": "LIMA", "superficie": 1, "estado": 1, "long_km": 1.12, "puntos_criticos_1km": 14, "dist_min_m": 206.5, "peligro_top": "Erosión fluvial:7; Inundación:4; s/d:2", "nivel_top": "Muy alto", "pc_top_peligro": "Erosión fluvial", "nivel_inund": "Muy alto", "pc_inund_peligro": "Erosión fluvial", "pc_inund_lng": -76.82357, "pc_inund_lat": -11.98733, "nivel_mmasa": null, "pc_mmasa_peligro": "Inundación, flujo de detritos, erosión", "pc_mmasa_lng": -76.83587, "pc_mmasa_lat": -11.99211, "fid": "PE-22-09", "pc_lng": -76.82357, "pc_lat": -11.98733, "corredor": "Carretera Central", "carga_materiales": ["Caliza", "Puzolana", "Clínker", "Yeso", "Arcilla", "Sílice", "Óxido de fierro", "Carbón"], "carga_origenes": ["Junín", "Lima", "Tarma"], "carga_destinos": ["Atocongo", "Condorcocha"], "carga_flujos": [{"m": "Caliza", "o": ["Tarma"], "d": ["Atocongo"]}, {"m": "Puzolana", "o": ["Junín"], "d": ["Condorcocha"]}, {"m": "Clínker", "o": ["Lima"], "d": ["Condorcocha"]}, {"m": "Yeso", "o": ["Junín"], "d": ["Atocongo", "Condorcocha"]}, {"m": "Arcilla", "o": ["Junín", "Tarma"], "d": ["Condorcocha"]}, {"m": "Sílice", "o": ["Tarma"], "d": ["Atocongo"]}, {"m": "Óxido de fierro", "o": ["Tarma"], "d": ["Condorcocha"]}, {"m": "Carbón", "o": ["Lima"], "d": ["Condorcocha"]}]}}, {"type": "Feature", "geometry": {"type": "LineString", "coordinates": [[-77.230059, -11.61293], [-77.232059, -11.61313], [-77.234339, -11.611913], [-77.25176, -11.59789]]}, "properties": {"cod_ruta": "PE-1N", "nombre_oficial": "I.V. Santa Anita - I.V. Huacho - Chimbote - Ov. La Marina (PE-10 A) - Ov. El Milagro - Paiján - Mocupe - Reque - Chiclayo - Lambayeque - Pte. Grau - Pte. Sullana Dv. Talara - Máncora - Zorritos - Tumbes - Pte. Internacional de La Paz (fr. Ecuador).", "departamento": "LIMA", "superficie": 1, "estado": 1, "long_km": 2.97, "puntos_criticos_1km": 14, "dist_min_m": 4.5, "peligro_top": "Inundación, flujo de detritos:8; Inundación:3; Inundación, Flujo de detritos:2", "nivel_top": "Muy alto", "pc_top_peligro": "Inundación, flujo de detritos", "nivel_inund": "Muy alto", "pc_inund_peligro": "Inundación, flujo de detritos", "pc_inund_lng": -77.24076, "pc_inund_lat": -11.60801, "nivel_mmasa": "Muy alto", "pc_mmasa_peligro": "Inundación, flujo de detritos", "pc_mmasa_lng": -77.24076, "pc_mmasa_lat": -11.60801, "fid": "PE-1N-00", "pc_lng": -77.24076, "pc_lat": -11.60801, "corredor": "Panamericana Norte", "carga_materiales": ["Carbón"], "carga_origenes": ["Pampahuay", "Trujillo", "Áncash", "Áncash y Oyón"], "carga_destinos": ["Atocongo", "Condorcocha"], "carga_flujos": [{"m": "Carbón", "o": ["Pampahuay", "Trujillo", "Áncash", "Áncash y Oyón"], "d": ["Atocongo", "Condorcocha"]}]}}, {"type": "Feature", "geometry": {"type": "LineString", "coordinates": [[-75.813938, -13.696084], [-75.812697, -13.695654], [-75.811937, -13.691856], [-75.81027, -13.689251], [-75.802753, -13.685842], [-75.794857, -13.683818], [-75.792539, -13.682164], [-75.787554, -13.680696], [-75.787402, -13.679337], [-75.785411, -13.678077], [-75.78284, -13.674317], [-75.779176, -13.672148], [-75.776355, -13.67243], [-75.773374, -13.667913]]}, "properties": {"cod_ruta": "PE-28A", "nombre_oficial": "Emp.PE-1S E (Dv. Huaytará) - Independencia - Humay - Huáncano - Pámpano (PE 28 D) - Pte. Huaytara - Pte. Cuyahuasi - Pte. Tullpa - Pte. Dos de Mayo - Pte. Muchic - Pte. Ana Teresa - Pte. Tsej Tsi - Pte. Tranca - Huaytará - Pte. Suyacuna - Pte. Mollepayana - Pte. Carniceria - Pte. Satan - Pte. San Rafael - Pte. San Miguel - Abra Yuncaccara -Pte. Rumichaca 1 – Rumichaca (PE-28 E) - Licapa - Abra Apacheta Grande - Pte. Niñacha - Niñachaca - Abra Yanabamba - Socos - Emp. PE-3S (Ayacucho)", "departamento": "ICA", "superficie": 1, "estado": 1, "long_km": 6.01, "puntos_criticos_1km": 13, "dist_min_m": 155.0, "peligro_top": "Inundación:6; Erosión fluvial:4; s/d:3", "nivel_top": "Alto", "pc_top_peligro": "Erosión fluvial", "nivel_inund": "Alto", "pc_inund_peligro": "Erosión fluvial", "pc_inund_lng": -75.77356, "pc_inund_lat": -13.6723, "nivel_mmasa": null, "pc_mmasa_peligro": null, "pc_mmasa_lng": null, "pc_mmasa_lat": null, "fid": "PE-28A-07", "pc_lng": -75.77356, "pc_lat": -13.6723, "corredor": "Los Libertadores", "carga_materiales": ["Puzolana"], "carga_origenes": ["Ayacucho"], "carga_destinos": ["Atocongo", "Condorcocha"], "carga_flujos": [{"m": "Puzolana", "o": ["Ayacucho"], "d": ["Atocongo", "Condorcocha"]}]}}, {"type": "Feature", "geometry": {"type": "LineString", "coordinates": [[-76.695119, -11.935429], [-76.68934, -11.928362]]}, "properties": {"cod_ruta": "PE-22", "nombre_oficial": "Emp. PE-1N (I.V. La Menacho) – Pte. Carlos Graña – I.V. Huachipa - Pte. Huachipa – Dv. Sta. Anita (Av. Las Torres – Av. Nicolas Ayllón) - Sta. Clara - Pte. Los Angeles - Chosica (Av. Nicolas Ayllón) - Ricardo Palma - Pte. Ricardo Palma - Pte. Esperanza - Pte. La Cascada - Pte. Surco - Pte. Eduardo de Habich - Pte. Collana - Pte. Matucana – Matucana - San Mateo - Pte. Chicla - Abra Anticona - Morococha - Pte. Pachachaca - Santa Rosa de Sacco - Emp. PE-3 (Repartición La Oroya)", "departamento": "LIMA", "superficie": 1, "estado": 1, "long_km": 1.0, "puntos_criticos_1km": 12, "dist_min_m": 126.0, "peligro_top": "Inundación:10; s/d:2", "nivel_top": null, "pc_top_peligro": "Inundación", "nivel_inund": null, "pc_inund_peligro": "Inundación", "pc_inund_lng": -76.69516, "pc_inund_lat": -11.92694, "nivel_mmasa": null, "pc_mmasa_peligro": null, "pc_mmasa_lng": null, "pc_mmasa_lat": null, "fid": "PE-22-10", "pc_lng": -76.69516, "pc_lat": -11.92694, "corredor": "Carretera Central", "carga_materiales": ["Caliza", "Puzolana", "Clínker", "Yeso", "Arcilla", "Sílice", "Óxido de fierro", "Carbón"], "carga_origenes": ["Junín", "Lima", "Tarma"], "carga_destinos": ["Atocongo", "Condorcocha"], "carga_flujos": [{"m": "Caliza", "o": ["Tarma"], "d": ["Atocongo"]}, {"m": "Puzolana", "o": ["Junín"], "d": ["Condorcocha"]}, {"m": "Clínker", "o": ["Lima"], "d": ["Condorcocha"]}, {"m": "Yeso", "o": ["Junín"], "d": ["Atocongo", "Condorcocha"]}, {"m": "Arcilla", "o": ["Junín", "Tarma"], "d": ["Condorcocha"]}, {"m": "Sílice", "o": ["Tarma"], "d": ["Atocongo"]}, {"m": "Óxido de fierro", "o": ["Tarma"], "d": ["Condorcocha"]}, {"m": "Carbón", "o": ["Lima"], "d": ["Condorcocha"]}]}}, {"type": "Feature", "geometry": {"type": "LineString", "coordinates": [[-72.782219, -16.595383], [-72.771626, -16.602398], [-72.768356, -16.605505], [-72.766148, -16.603302], [-72.762301, -16.601515], [-72.760162, -16.601777], [-72.75091, -16.599884], [-72.746527, -16.597776], [-72.74438, -16.596232], [-72.735887, -16.585559], [-72.725948, -16.586112], [-72.721855, -16.588271], [-72.711257, -16.586355], [-72.70721, -16.589282], [-72.705618, -16.595169]]}, "properties": {"cod_ruta": "PE-1S", "nombre_oficial": "I.V. Santa Anita - Chincha Alta - Ica - Nazca - Dv. Camaná - Dv. Quilca (PE-1S D) - La Repartición (Dv. Arequipa) - Dv. Pto. Matarani (PE- 34) - La Joya - Dv. Moquegua (PE-36 A) - Dv. Ilo (PE-36) - Tacna (PE-38) - La Concordia (fr. Chile).", "departamento": "AREQUIPA", "superficie": 1, "estado": 1, "long_km": 10.19, "puntos_criticos_1km": 12, "dist_min_m": 433.0, "peligro_top": "s/d:4; Inundación:4; Inundación, erosión:3", "nivel_top": null, "pc_top_peligro": "", "nivel_inund": null, "pc_inund_peligro": "", "pc_inund_lng": -72.74421, "pc_inund_lat": -16.60239, "nivel_mmasa": null, "pc_mmasa_peligro": "Inundación, flujo de detritos, erosión", "pc_mmasa_lng": -72.734, "pc_mmasa_lat": -16.59152, "fid": "PE-1S-03", "pc_lng": -72.74421, "pc_lat": -16.60239, "corredor": "Panamericana Sur", "carga_materiales": ["Caliza", "Puzolana"], "carga_origenes": ["Arequipa", "Chilca", "Ica", "Lima", "Lurín"], "carga_destinos": ["Atocongo"], "carga_flujos": [{"m": "Caliza", "o": ["Chilca", "Lima", "Lurín"], "d": ["Atocongo"]}, {"m": "Puzolana", "o": ["Arequipa", "Ica"], "d": ["Atocongo"]}]}}, {"type": "Feature", "geometry": {"type": "LineString", "coordinates": [[-74.967732, -14.821006], [-74.958367, -14.824072], [-74.955739, -14.825891], [-74.945551, -14.827937]]}, "properties": {"cod_ruta": "PE-1S", "nombre_oficial": "I.V. Santa Anita - Chincha Alta - Ica - Nazca - Dv. Camaná - Dv. Quilca (PE-1S D) - La Repartición (Dv. Arequipa) - Dv. Pto. Matarani (PE- 34) - La Joya - Dv. Moquegua (PE-36 A) - Dv. Ilo (PE-36) - Tacna (PE-38) - La Concordia (fr. Chile).", "departamento": "ICA", "superficie": 1, "estado": 1, "long_km": 2.54, "puntos_criticos_1km": 11, "dist_min_m": 13.6, "peligro_top": "Inundación:5; s/d:2; Inundación, erosión:2", "nivel_top": "Alto", "pc_top_peligro": "Erosión fluvial", "nivel_inund": "Alto", "pc_inund_peligro": "Erosión fluvial", "pc_inund_lng": -74.96528, "pc_inund_lat": -14.82733, "nivel_mmasa": null, "pc_mmasa_peligro": "Inundación, flujo de detritos, erosión", "pc_mmasa_lng": -74.95699, "pc_mmasa_lat": -14.82494, "fid": "PE-1S-04", "pc_lng": -74.96528, "pc_lat": -14.82733, "corredor": "Panamericana Sur", "carga_materiales": ["Caliza", "Puzolana"], "carga_origenes": ["Arequipa", "Chilca", "Ica", "Lima", "Lurín"], "carga_destinos": ["Atocongo"], "carga_flujos": [{"m": "Caliza", "o": ["Chilca", "Lima", "Lurín"], "d": ["Atocongo"]}, {"m": "Puzolana", "o": ["Arequipa", "Ica"], "d": ["Atocongo"]}]}}, {"type": "Feature", "geometry": {"type": "LineString", "coordinates": [[-75.694107, -14.237755], [-75.689423, -14.250269], [-75.683971, -14.270927], [-75.681092, -14.285908], [-75.678791, -14.29053], [-75.677457, -14.309906], [-75.670152, -14.325489], [-75.663899, -14.332828]]}, "properties": {"cod_ruta": "PE-1S", "nombre_oficial": "I.V. Santa Anita - Chincha Alta - Ica - Nazca - Dv. Camaná - Dv. Quilca (PE-1S D) - La Repartición (Dv. Arequipa) - Dv. Pto. Matarani (PE- 34) - La Joya - Dv. Moquegua (PE-36 A) - Dv. Ilo (PE-36) - Tacna (PE-38) - La Concordia (fr. Chile).", "departamento": "ICA", "superficie": 1, "estado": 3, "long_km": 11.24, "puntos_criticos_1km": 11, "dist_min_m": 231.1, "peligro_top": "Inundación:5; Inundación, erosión fluvial:4; Inundación, flujo de detritos, erosión:1", "nivel_top": "Muy alto", "pc_top_peligro": "Inundación, erosión fluvial", "nivel_inund": "Muy alto", "pc_inund_peligro": "Inundación, erosión fluvial", "pc_inund_lng": -75.68462, "pc_inund_lat": -14.29305, "nivel_mmasa": null, "pc_mmasa_peligro": "Inundación, flujo de detritos, erosión", "pc_mmasa_lng": -75.6962, "pc_mmasa_lat": -14.25977, "fid": "PE-1S-05", "pc_lng": -75.68462, "pc_lat": -14.29305, "corredor": "Panamericana Sur", "carga_materiales": ["Caliza", "Puzolana"], "carga_origenes": ["Arequipa", "Chilca", "Ica", "Lima", "Lurín"], "carga_destinos": ["Atocongo"], "carga_flujos": [{"m": "Caliza", "o": ["Chilca", "Lima", "Lurín"], "d": ["Atocongo"]}, {"m": "Puzolana", "o": ["Arequipa", "Ica"], "d": ["Atocongo"]}]}}, {"type": "Feature", "geometry": {"type": "LineString", "coordinates": [[-74.945551, -14.827937], [-74.943897, -14.828732], [-74.942501, -14.835807]]}, "properties": {"cod_ruta": "PE-1S", "nombre_oficial": "I.V. Santa Anita - Chincha Alta - Ica - Nazca - Dv. Camaná - Dv. Quilca (PE-1S D) - La Repartición (Dv. Arequipa) - Dv. Pto. Matarani (PE- 34) - La Joya - Dv. Moquegua (PE-36 A) - Dv. Ilo (PE-36) - Tacna (PE-38) - La Concordia (fr. Chile).", "departamento": "ICA", "superficie": 1, "estado": 1, "long_km": 1.01, "puntos_criticos_1km": 11, "dist_min_m": 220.4, "peligro_top": "s/d:5; Inundación:3; Inundación, flujo de detritos, erosión:2", "nivel_top": "Medio", "pc_top_peligro": "", "nivel_inund": "Medio", "pc_inund_peligro": "", "pc_inund_lng": -74.93931, "pc_inund_lat": -14.82083, "nivel_mmasa": null, "pc_mmasa_peligro": "Inundación, flujo de detritos, erosión", "pc_mmasa_lng": -74.95034, "pc_mmasa_lat": -14.83514, "fid": "PE-1S-06", "pc_lng": -74.93931, "pc_lat": -14.82083, "corredor": "Panamericana Sur", "carga_materiales": ["Caliza", "Puzolana"], "carga_origenes": ["Arequipa", "Chilca", "Ica", "Lima", "Lurín"], "carga_destinos": ["Atocongo"], "carga_flujos": [{"m": "Caliza", "o": ["Chilca", "Lima", "Lurín"], "d": ["Atocongo"]}, {"m": "Puzolana", "o": ["Arequipa", "Ica"], "d": ["Atocongo"]}]}}, {"type": "Feature", "geometry": {"type": "LineString", "coordinates": [[-75.324652, -11.915192], [-75.315187, -11.927455], [-75.313678, -11.936382], [-75.308437, -11.938515]]}, "properties": {"cod_ruta": "PE-3S", "nombre_oficial": "Repartición La Oroya (PE-22) - Huancayo - Izcuchaca (PE-26) - Mayoc - Ayacucho - Andahuaylas (PE-30 B) - Abancay - Anta - Cusco - Urcos - Ayaviri (PE-3S G) - Calapuja - Puno (PE-36 B) - Ilave - Pte. Internacional Desaguadero (fr. Bolivia).", "departamento": "JUNIN", "superficie": 1, "estado": 3, "long_km": 3.58, "puntos_criticos_1km": 10, "dist_min_m": 192.5, "peligro_top": "Inundación:4; Inundación, flujo de detritos, erosión:3; Inundación, erosión fluvial:2", "nivel_top": "Muy alto", "pc_top_peligro": "Inundación, erosión fluvial", "nivel_inund": "Muy alto", "pc_inund_peligro": "Inundación, erosión fluvial", "pc_inund_lng": -75.3186, "pc_inund_lat": -11.93774, "nivel_mmasa": null, "pc_mmasa_peligro": "Inundación, flujo de detritos, erosión", "pc_mmasa_lng": -75.32192, "pc_mmasa_lat": -11.93633, "fid": "PE-3S-01", "pc_lng": -75.3186, "pc_lat": -11.93774, "corredor": "Longitudinal de la Sierra Sur", "carga_materiales": ["Puzolana", "Yeso", "Arcilla"], "carga_origenes": ["Ayacucho", "Junín"], "carga_destinos": ["Atocongo", "Condorcocha"], "carga_flujos": [{"m": "Puzolana", "o": ["Ayacucho", "Junín"], "d": ["Atocongo", "Condorcocha"]}, {"m": "Yeso", "o": ["Junín"], "d": ["Atocongo", "Condorcocha"]}, {"m": "Arcilla", "o": ["Junín"], "d": ["Condorcocha"]}]}}, {"type": "Feature", "geometry": {"type": "LineString", "coordinates": [[-76.474849, -13.02463], [-76.472754, -13.03075], [-76.471977, -13.041012], [-76.468893, -13.046818], [-76.462245, -13.055084], [-76.450388, -13.065372], [-76.442556, -13.077585], [-76.414226, -13.110053], [-76.410647, -13.11289], [-76.399551, -13.118191], [-76.396959, -13.120267], [-76.384859, -13.14326], [-76.382729, -13.149058], [-76.378382, -13.154774], [-76.371671, -13.159422]]}, "properties": {"cod_ruta": "PE-1S", "nombre_oficial": "I.V. Santa Anita - Chincha Alta - Ica - Nazca - Dv. Camaná - Dv. Quilca (PE-1S D) - La Repartición (Dv. Arequipa) - Dv. Pto. Matarani (PE- 34) - La Joya - Dv. Moquegua (PE-36 A) - Dv. Ilo (PE-36) - Tacna (PE-38) - La Concordia (fr. Chile).", "departamento": "LIMA", "superficie": 1, "estado": 1, "long_km": 19.23, "puntos_criticos_1km": 10, "dist_min_m": 29.5, "peligro_top": "s/d:6; Inundación:2; Inundación, flujo de detritos, erosión:1", "nivel_top": "Medio", "pc_top_peligro": "", "nivel_inund": "Medio", "pc_inund_peligro": "", "pc_inund_lng": -76.39433, "pc_inund_lat": -13.12424, "nivel_mmasa": null, "pc_mmasa_peligro": "Inundación, flujo de detritos, erosión", "pc_mmasa_lng": -76.39031, "pc_mmasa_lat": -13.12194, "fid": "PE-1S-07", "pc_lng": -76.39433, "pc_lat": -13.12424, "corredor": "Panamericana Sur", "carga_materiales": ["Caliza", "Puzolana"], "carga_origenes": ["Arequipa", "Chilca", "Ica", "Lima", "Lurín"], "carga_destinos": ["Atocongo"], "carga_flujos": [{"m": "Caliza", "o": ["Chilca", "Lima", "Lurín"], "d": ["Atocongo"]}, {"m": "Puzolana", "o": ["Arequipa", "Ica"], "d": ["Atocongo"]}]}}, {"type": "Feature", "geometry": {"type": "LineString", "coordinates": [[-75.838601, -13.710592], [-75.837446, -13.710348], [-75.834407, -13.706671], [-75.829072, -13.706531], [-75.82471, -13.704097], [-75.821945, -13.702305], [-75.821164, -13.700623], [-75.816236, -13.698705], [-75.813938, -13.696084]]}, "properties": {"cod_ruta": "PE-28A", "nombre_oficial": "Emp.PE-1S E (Dv. Huaytará) - Independencia - Humay - Huáncano - Pámpano (PE 28 D) - Pte. Huaytara - Pte. Cuyahuasi - Pte. Tullpa - Pte. Dos de Mayo - Pte. Muchic - Pte. Ana Teresa - Pte. Tsej Tsi - Pte. Tranca - Huaytará - Pte. Suyacuna - Pte. Mollepayana - Pte. Carniceria - Pte. Satan - Pte. San Rafael - Pte. San Miguel - Abra Yuncaccara -Pte. Rumichaca 1 – Rumichaca (PE-28 E) - Licapa - Abra Apacheta Grande - Pte. Niñacha - Niñachaca - Abra Yanabamba - Socos - Emp. PE-3S (Ayacucho)", "departamento": "ICA", "superficie": 1, "estado": 1, "long_km": 3.42, "puntos_criticos_1km": 9, "dist_min_m": 36.7, "peligro_top": "Inundación:7; Erosión fluvial:2", "nivel_top": "Alto", "pc_top_peligro": "Erosión fluvial", "nivel_inund": "Alto", "pc_inund_peligro": "Erosión fluvial", "pc_inund_lng": -75.8255, "pc_inund_lat": -13.70559, "nivel_mmasa": null, "pc_mmasa_peligro": null, "pc_mmasa_lng": null, "pc_mmasa_lat": null, "fid": "PE-28A-08", "pc_lng": -75.8255, "pc_lat": -13.70559, "corredor": "Los Libertadores", "carga_materiales": ["Puzolana"], "carga_origenes": ["Ayacucho"], "carga_destinos": ["Atocongo", "Condorcocha"], "carga_flujos": [{"m": "Puzolana", "o": ["Ayacucho"], "d": ["Atocongo", "Condorcocha"]}]}}, {"type": "Feature", "geometry": {"type": "LineString", "coordinates": [[-78.671221, -8.573152], [-78.673576, -8.568533], [-78.675327, -8.542311], [-78.676949, -8.539116], [-78.681241, -8.535162], [-78.681782, -8.532739]]}, "properties": {"cod_ruta": "PE-1N", "nombre_oficial": "I.V. Santa Anita - I.V. Huacho - Chimbote - Ov. La Marina (PE-10 A) - Ov. El Milagro - Paiján - Mocupe - Reque - Chiclayo - Lambayeque - Pte. Grau - Pte. Sullana Dv. Talara - Máncora - Zorritos - Tumbes - Pte. Internacional de La Paz (fr. Ecuador).", "departamento": "LA LIBERTAD", "superficie": 1, "estado": 1, "long_km": 4.75, "puntos_criticos_1km": 9, "dist_min_m": 2.2, "peligro_top": "Inundación, flujo de detritos, erosión:8; s/d:1", "nivel_top": "Alto", "pc_top_peligro": "Inundación, flujo de detritos, erosión", "nivel_inund": "Alto", "pc_inund_peligro": "Inundación, flujo de detritos, erosión", "pc_inund_lng": -78.68014, "pc_inund_lat": -8.53621, "nivel_mmasa": "Alto", "pc_mmasa_peligro": "Inundación, flujo de detritos, erosión", "pc_mmasa_lng": -78.68014, "pc_mmasa_lat": -8.53621, "fid": "PE-1N-01", "pc_lng": -78.68014, "pc_lat": -8.53621, "corredor": "Panamericana Norte", "carga_materiales": ["Carbón"], "carga_origenes": ["Pampahuay", "Trujillo", "Áncash", "Áncash y Oyón"], "carga_destinos": ["Atocongo", "Condorcocha"], "carga_flujos": [{"m": "Carbón", "o": ["Pampahuay", "Trujillo", "Áncash", "Áncash y Oyón"], "d": ["Atocongo", "Condorcocha"]}]}}, {"type": "Feature", "geometry": {"type": "LineString", "coordinates": [[-76.663766, -12.654958], [-76.661222, -12.660621], [-76.651894, -12.673252], [-76.65042, -12.677851]]}, "properties": {"cod_ruta": "PE-1S", "nombre_oficial": "I.V. Santa Anita - Chincha Alta - Ica - Nazca - Dv. Camaná - Dv. Quilca (PE-1S D) - La Repartición (Dv. Arequipa) - Dv. Pto. Matarani (PE- 34) - La Joya - Dv. Moquegua (PE-36 A) - Dv. Ilo (PE-36) - Tacna (PE-38) - La Concordia (fr. Chile).", "departamento": "LIMA", "superficie": 1, "estado": 1, "long_km": 2.95, "puntos_criticos_1km": 9, "dist_min_m": 38.5, "peligro_top": "s/d:6; Inundación:3", "nivel_top": null, "pc_top_peligro": null, "nivel_inund": null, "pc_inund_peligro": null, "pc_inund_lng": -76.65802, "pc_inund_lat": -12.67645, "nivel_mmasa": null, "pc_mmasa_peligro": null, "pc_mmasa_lng": null, "pc_mmasa_lat": null, "fid": "PE-1S-08", "pc_lng": -76.65802, "pc_lat": -12.67645, "corredor": "Panamericana Sur", "carga_materiales": ["Caliza", "Puzolana"], "carga_origenes": ["Arequipa", "Chilca", "Ica", "Lima", "Lurín"], "carga_destinos": ["Atocongo"], "carga_flujos": [{"m": "Caliza", "o": ["Chilca", "Lima", "Lurín"], "d": ["Atocongo"]}, {"m": "Puzolana", "o": ["Arequipa", "Ica"], "d": ["Atocongo"]}]}}, {"type": "Feature", "geometry": {"type": "LineString", "coordinates": [[-76.159797, -13.683492], [-76.151156, -13.700779]]}, "properties": {"cod_ruta": "PE-1S", "nombre_oficial": "I.V. Santa Anita - Chincha Alta - Ica - Nazca - Dv. Camaná - Dv. Quilca (PE-1S D) - La Repartición (Dv. Arequipa) - Dv. Pto. Matarani (PE- 34) - La Joya - Dv. Moquegua (PE-36 A) - Dv. Ilo (PE-36) - Tacna (PE-38) - La Concordia (fr. Chile).", "departamento": "ICA", "superficie": 1, "estado": 3, "long_km": 2.03, "puntos_criticos_1km": 9, "dist_min_m": 11.5, "peligro_top": "Inundación:5; Erosión fluvial:3; Inundación, erosión:1", "nivel_top": "Alto", "pc_top_peligro": "Erosión fluvial", "nivel_inund": "Alto", "pc_inund_peligro": "Erosión fluvial", "pc_inund_lng": -76.16028, "pc_inund_lat": -13.68975, "nivel_mmasa": null, "pc_mmasa_peligro": null, "pc_mmasa_lng": null, "pc_mmasa_lat": null, "fid": "PE-1S-09", "pc_lng": -76.16028, "pc_lat": -13.68975, "corredor": "Panamericana Sur", "carga_materiales": ["Caliza", "Puzolana"], "carga_origenes": ["Arequipa", "Chilca", "Ica", "Lima", "Lurín"], "carga_destinos": ["Atocongo"], "carga_flujos": [{"m": "Caliza", "o": ["Chilca", "Lima", "Lurín"], "d": ["Atocongo"]}, {"m": "Puzolana", "o": ["Arequipa", "Ica"], "d": ["Atocongo"]}]}}, {"type": "Feature", "geometry": {"type": "LineString", "coordinates": [[-75.511182, -13.589114], [-75.510355, -13.590038], [-75.504718, -13.591442], [-75.501099, -13.591187], [-75.498251, -13.59447], [-75.494227, -13.596202], [-75.493527, -13.59753], [-75.490928, -13.59902], [-75.488702, -13.599632], [-75.488014, -13.602064], [-75.485948, -13.603371], [-75.485211, -13.605049], [-75.475164, -13.608609], [-75.469164, -13.612385], [-75.459488, -13.610851], [-75.456877, -13.609323], [-75.455911, -13.607308], [-75.452175, -13.607614], [-75.446827, -13.605374], [-75.436556, -13.609455]]}, "properties": {"cod_ruta": "PE-28A", "nombre_oficial": "Emp.PE-1S E (Dv. Huaytará) - Independencia - Humay - Huáncano - Pámpano (PE 28 D) - Pte. Huaytara - Pte. Cuyahuasi - Pte. Tullpa - Pte. Dos de Mayo - Pte. Muchic - Pte. Ana Teresa - Pte. Tsej Tsi - Pte. Tranca - Huaytará - Pte. Suyacuna - Pte. Mollepayana - Pte. Carniceria - Pte. Satan - Pte. San Rafael - Pte. San Miguel - Abra Yuncaccara -Pte. Rumichaca 1 – Rumichaca (PE-28 E) - Licapa - Abra Apacheta Grande - Pte. Niñacha - Niñachaca - Abra Yanabamba - Socos - Emp. PE-3S (Ayacucho)", "departamento": "HUANCAVELICA", "superficie": 1, "estado": 1, "long_km": 9.72, "puntos_criticos_1km": 9, "dist_min_m": 43.3, "peligro_top": "s/d:5; Inundación, erosión fluvial:4", "nivel_top": "Muy alto", "pc_top_peligro": "Inundación, erosión fluvial", "nivel_inund": "Muy alto", "pc_inund_peligro": "Inundación, erosión fluvial", "pc_inund_lng": -75.48889, "pc_inund_lat": -13.59829, "nivel_mmasa": null, "pc_mmasa_peligro": null, "pc_mmasa_lng": null, "pc_mmasa_lat": null, "fid": "PE-28A-09", "pc_lng": -75.48889, "pc_lat": -13.59829, "corredor": "Los Libertadores", "carga_materiales": ["Puzolana"], "carga_origenes": ["Ayacucho"], "carga_destinos": ["Atocongo", "Condorcocha"], "carga_flujos": [{"m": "Puzolana", "o": ["Ayacucho"], "d": ["Atocongo", "Condorcocha"]}]}}, {"type": "Feature", "geometry": {"type": "LineString", "coordinates": [[-74.522627, -15.671565], [-74.521384, -15.673189], [-74.522349, -15.679195]]}, "properties": {"cod_ruta": "PE-1S", "nombre_oficial": "I.V. Santa Anita - Chincha Alta - Ica - Nazca - Dv. Camaná - Dv. Quilca (PE-1S D) - La Repartición (Dv. Arequipa) - Dv. Pto. Matarani (PE- 34) - La Joya - Dv. Moquegua (PE-36 A) - Dv. Ilo (PE-36) - Tacna (PE-38) - La Concordia (fr. Chile).", "departamento": "AREQUIPA", "superficie": 1, "estado": 1, "long_km": 0.91, "puntos_criticos_1km": 9, "dist_min_m": 11.6, "peligro_top": "Inundación:4; s/d:2; Inundación, Erosión fluvial:2", "nivel_top": "Muy Alto", "pc_top_peligro": "Inundación, Erosión fluvial", "nivel_inund": "Muy Alto", "pc_inund_peligro": "Inundación, Erosión fluvial", "pc_inund_lng": -74.52252, "pc_inund_lat": -15.67249, "nivel_mmasa": null, "pc_mmasa_peligro": null, "pc_mmasa_lng": null, "pc_mmasa_lat": null, "fid": "PE-1S-10", "pc_lng": -74.52252, "pc_lat": -15.67249, "corredor": "Panamericana Sur", "carga_materiales": ["Caliza", "Puzolana"], "carga_origenes": ["Arequipa", "Chilca", "Ica", "Lima", "Lurín"], "carga_destinos": ["Atocongo"], "carga_flujos": [{"m": "Caliza", "o": ["Chilca", "Lima", "Lurín"], "d": ["Atocongo"]}, {"m": "Puzolana", "o": ["Arequipa", "Ica"], "d": ["Atocongo"]}]}}, {"type": "Feature", "geometry": {"type": "LineString", "coordinates": [[-77.025696, -12.043141], [-77.029517, -12.04287], [-77.038278, -12.038053], [-77.049249, -12.035018], [-77.054736, -12.032478], [-77.057927, -12.028236], [-77.059679, -12.017772]]}, "properties": {"cod_ruta": "PE-1N", "nombre_oficial": "I.V. Santa Anita - I.V. Huacho - Chimbote - Ov. La Marina (PE-10 A) - Ov. El Milagro - Paiján - Mocupe - Reque - Chiclayo - Lambayeque - Pte. Grau - Pte. Sullana Dv. Talara - Máncora - Zorritos - Tumbes - Pte. Internacional de La Paz (fr. Ecuador).", "departamento": "LIMA", "superficie": 1, "estado": 1, "long_km": 5.2, "puntos_criticos_1km": 9, "dist_min_m": 45.1, "peligro_top": "Inundación:9", "nivel_top": null, "pc_top_peligro": "Inundación", "nivel_inund": null, "pc_inund_peligro": "Inundación", "pc_inund_lng": -77.03164, "pc_inund_lat": -12.04248, "nivel_mmasa": null, "pc_mmasa_peligro": null, "pc_mmasa_lng": null, "pc_mmasa_lat": null, "fid": "PE-1N-02", "pc_lng": -77.03164, "pc_lat": -12.04248, "corredor": "Panamericana Norte", "carga_materiales": ["Carbón"], "carga_origenes": ["Pampahuay", "Trujillo", "Áncash", "Áncash y Oyón"], "carga_destinos": ["Atocongo", "Condorcocha"], "carga_flujos": [{"m": "Carbón", "o": ["Pampahuay", "Trujillo", "Áncash", "Áncash y Oyón"], "d": ["Atocongo", "Condorcocha"]}]}}, {"type": "Feature", "geometry": {"type": "LineString", "coordinates": [[-75.304877, -11.939554], [-75.299789, -11.94133], [-75.279052, -11.954709], [-75.276629, -11.956991], [-75.242998, -12.017077]]}, "properties": {"cod_ruta": "PE-3S", "nombre_oficial": "Repartición La Oroya (PE-22) - Huancayo - Izcuchaca (PE-26) - Mayoc - Ayacucho - Andahuaylas (PE-30 B) - Abancay - Anta - Cusco - Urcos - Ayaviri (PE-3S G) - Calapuja - Puno (PE-36 B) - Ilave - Pte. Internacional Desaguadero (fr. Bolivia).", "departamento": "JUNIN", "superficie": 1, "estado": 3, "long_km": 11.07, "puntos_criticos_1km": 9, "dist_min_m": 488.3, "peligro_top": "Inundación:6; Inundación, Erosión fluvial:3", "nivel_top": "Muy Alto", "pc_top_peligro": "Inundación, Erosión fluvial", "nivel_inund": "Muy Alto", "pc_inund_peligro": "Inundación, Erosión fluvial", "pc_inund_lng": -75.26394, "pc_inund_lat": -11.98952, "nivel_mmasa": null, "pc_mmasa_peligro": null, "pc_mmasa_lng": null, "pc_mmasa_lat": null, "fid": "PE-3S-02", "pc_lng": -75.26394, "pc_lat": -11.98952, "corredor": "Longitudinal de la Sierra Sur", "carga_materiales": ["Puzolana", "Yeso", "Arcilla"], "carga_origenes": ["Ayacucho", "Junín"], "carga_destinos": ["Atocongo", "Condorcocha"], "carga_flujos": [{"m": "Puzolana", "o": ["Ayacucho", "Junín"], "d": ["Atocongo", "Condorcocha"]}, {"m": "Yeso", "o": ["Junín"], "d": ["Atocongo", "Condorcocha"]}, {"m": "Arcilla", "o": ["Junín"], "d": ["Condorcocha"]}]}}, {"type": "Feature", "geometry": {"type": "LineString", "coordinates": [[-76.380903, -11.841869], [-76.37742, -11.839022], [-76.372736, -11.831404], [-76.368359, -11.828032], [-76.366285, -11.824726], [-76.363426, -11.823242], [-76.357135, -11.81531], [-76.355209, -11.814569], [-76.354248, -11.810646], [-76.345901, -11.811234], [-76.347254, -11.810585], [-76.344341, -11.810047], [-76.342358, -11.808056], [-76.342103, -11.805753], [-76.338892, -11.802576], [-76.337858, -11.792187], [-76.336058, -11.790693], [-76.334732, -11.788021], [-76.335243, -11.786545], [-76.33398, -11.788413], [-76.334652, -11.786132], [-76.332878, -11.78344], [-76.32983, -11.782101], [-76.32345, -11.78457], [-76.320734, -11.784113], [-76.319494, -11.7863], [-76.316112, -11.787381], [-76.314882, -11.788574], [-76.313948, -11.787912], [-76.312515, -11.789278], [-76.311561, -11.789098], [-76.311018, -11.785627], [-76.308157, -11.783373], [-76.305265, -11.775877], [-76.304516, -11.771267], [-76.303417, -11.769884], [-76.30508, -11.770133], [-76.307181, -11.775846], [-76.305733, -11.766529], [-76.304874, -11.764687], [-76.302908, -11.76362], [-76.302244, -11.761781]]}, "properties": {"cod_ruta": "PE-22", "nombre_oficial": "Emp. PE-1N (I.V. La Menacho) – Pte. Carlos Graña – I.V. Huachipa - Pte. Huachipa – Dv. Sta. Anita (Av. Las Torres – Av. Nicolas Ayllón) - Sta. Clara - Pte. Los Angeles - Chosica (Av. Nicolas Ayllón) - Ricardo Palma - Pte. Ricardo Palma - Pte. Esperanza - Pte. La Cascada - Pte. Surco - Pte. Eduardo de Habich - Pte. Collana - Pte. Matucana – Matucana - San Mateo - Pte. Chicla - Abra Anticona - Morococha - Pte. Pachachaca - Santa Rosa de Sacco - Emp. PE-3 (Repartición La Oroya)", "departamento": "LIMA", "superficie": 1, "estado": 1, "long_km": 17.98, "puntos_criticos_1km": 8, "dist_min_m": 6.7, "peligro_top": "Inundación, erosión fluvial:3; Flujo de detritos, erosión fluvial:2; Inundación, Erosión fluvial:2", "nivel_top": "Muy alto", "pc_top_peligro": "Flujo de detritos, erosión fluvial", "nivel_inund": "Muy alto", "pc_inund_peligro": "Flujo de detritos, erosión fluvial", "pc_inund_lng": -76.38044, "pc_inund_lat": -11.83866, "nivel_mmasa": "Muy alto", "pc_mmasa_peligro": "Flujo de detritos, erosión fluvial", "pc_mmasa_lng": -76.38044, "pc_mmasa_lat": -11.83866, "fid": "PE-22-11", "pc_lng": -76.38044, "pc_lat": -11.83866, "corredor": "Carretera Central", "carga_materiales": ["Caliza", "Puzolana", "Clínker", "Yeso", "Arcilla", "Sílice", "Óxido de fierro", "Carbón"], "carga_origenes": ["Junín", "Lima", "Tarma"], "carga_destinos": ["Atocongo", "Condorcocha"], "carga_flujos": [{"m": "Caliza", "o": ["Tarma"], "d": ["Atocongo"]}, {"m": "Puzolana", "o": ["Junín"], "d": ["Condorcocha"]}, {"m": "Clínker", "o": ["Lima"], "d": ["Condorcocha"]}, {"m": "Yeso", "o": ["Junín"], "d": ["Atocongo", "Condorcocha"]}, {"m": "Arcilla", "o": ["Junín", "Tarma"], "d": ["Condorcocha"]}, {"m": "Sílice", "o": ["Tarma"], "d": ["Atocongo"]}, {"m": "Óxido de fierro", "o": ["Tarma"], "d": ["Condorcocha"]}, {"m": "Carbón", "o": ["Lima"], "d": ["Condorcocha"]}]}}, {"type": "Feature", "geometry": {"type": "LineString", "coordinates": [[-76.951093, -11.718736], [-76.943354, -11.711401], [-76.942992, -11.708917], [-76.937056, -11.698145], [-76.926695, -11.690644], [-76.92119, -11.684169], [-76.916265, -11.681474], [-76.91009, -11.679639], [-76.90107, -11.679777]]}, "properties": {"cod_ruta": "PE-20A", "nombre_oficial": "Emp. PE-1N (Dv. Trapiche) - Yangas -  Dv. Sta. Rosa de Quives - Canta - Abra La Viuda - Abra La Cruzada - Huayllay – Cochamarca – Vicco - Emp.PE-3N (Villa de Pasco)", "departamento": "LIMA", "superficie": 1, "estado": 3, "long_km": 6.91, "puntos_criticos_1km": 8, "dist_min_m": 176.7, "peligro_top": "Inundación:5; Inundación, erosión fluvial:3", "nivel_top": "Alto", "pc_top_peligro": "Inundación, erosión fluvial", "nivel_inund": "Alto", "pc_inund_peligro": "Inundación, erosión fluvial", "pc_inund_lng": -76.92632, "pc_inund_lat": -11.68719, "nivel_mmasa": null, "pc_mmasa_peligro": null, "pc_mmasa_lng": null, "pc_mmasa_lat": null, "fid": "PE-20A-00", "pc_lng": -76.92632, "pc_lat": -11.68719, "corredor": "Lima-Canta", "carga_materiales": ["Caliza"], "carga_origenes": ["Canta"], "carga_destinos": ["Atocongo"], "carga_flujos": [{"m": "Caliza", "o": ["Canta"], "d": ["Atocongo"]}]}}, {"type": "Feature", "geometry": {"type": "LineString", "coordinates": [[-72.157187, -16.363841], [-72.15396, -16.361752], [-72.144009, -16.350241], [-72.136575, -16.346862], [-72.136744, -16.344572], [-72.133861, -16.345613], [-72.132271, -16.342883], [-72.129293, -16.342481], [-72.128042, -16.343315], [-72.127231, -16.345889], [-72.127414, -16.352269], [-72.132713, -16.366271], [-72.137755, -16.370604], [-72.138988, -16.37291], [-72.119213, -16.382115]]}, "properties": {"cod_ruta": "PE-1S", "nombre_oficial": "I.V. Santa Anita - Chincha Alta - Ica - Nazca - Dv. Camaná - Dv. Quilca (PE-1S D) - La Repartición (Dv. Arequipa) - Dv. Pto. Matarani (PE- 34) - La Joya - Dv. Moquegua (PE-36 A) - Dv. Ilo (PE-36) - Tacna (PE-38) - La Concordia (fr. Chile).", "departamento": "AREQUIPA", "superficie": 1, "estado": 1, "long_km": 10.51, "puntos_criticos_1km": 8, "dist_min_m": 240.7, "peligro_top": "Inundación:4; s/d:3; Inundación, erosión:1", "nivel_top": "Medio", "pc_top_peligro": "Inundación, erosión", "nivel_inund": "Medio", "pc_inund_peligro": "Inundación, erosión", "pc_inund_lng": -72.12726, "pc_inund_lat": -16.34113, "nivel_mmasa": null, "pc_mmasa_peligro": null, "pc_mmasa_lng": null, "pc_mmasa_lat": null, "fid": "PE-1S-11", "pc_lng": -72.12726, "pc_lat": -16.34113, "corredor": "Panamericana Sur", "carga_materiales": ["Caliza", "Puzolana"], "carga_origenes": ["Arequipa", "Chilca", "Ica", "Lima", "Lurín"], "carga_destinos": ["Atocongo"], "carga_flujos": [{"m": "Caliza", "o": ["Chilca", "Lima", "Lurín"], "d": ["Atocongo"]}, {"m": "Puzolana", "o": ["Arequipa", "Ica"], "d": ["Atocongo"]}]}}, {"type": "Feature", "geometry": {"type": "LineString", "coordinates": [[-76.847255, -12.300901], [-76.841233, -12.303929], [-76.837363, -12.307547], [-76.812486, -12.344514], [-76.777169, -12.378626]]}, "properties": {"cod_ruta": "PE-1S", "nombre_oficial": "I.V. Santa Anita - Chincha Alta - Ica - Nazca - Dv. Camaná - Dv. Quilca (PE-1S D) - La Repartición (Dv. Arequipa) - Dv. Pto. Matarani (PE- 34) - La Joya - Dv. Moquegua (PE-36 A) - Dv. Ilo (PE-36) - Tacna (PE-38) - La Concordia (fr. Chile).", "departamento": "LIMA", "superficie": 1, "estado": 4, "long_km": 11.61, "puntos_criticos_1km": 8, "dist_min_m": 85.7, "peligro_top": "Inundación:4; Inundación, erosión:3; s/d:1", "nivel_top": null, "pc_top_peligro": "Inundación", "nivel_inund": null, "pc_inund_peligro": "Inundación", "pc_inund_lng": -76.81898, "pc_inund_lat": -12.33283, "nivel_mmasa": null, "pc_mmasa_peligro": null, "pc_mmasa_lng": null, "pc_mmasa_lat": null, "fid": "PE-1S-12", "pc_lng": -76.81898, "pc_lat": -12.33283, "corredor": "Panamericana Sur", "carga_materiales": ["Caliza", "Puzolana"], "carga_origenes": ["Arequipa", "Chilca", "Ica", "Lima", "Lurín"], "carga_destinos": ["Atocongo"], "carga_flujos": [{"m": "Caliza", "o": ["Chilca", "Lima", "Lurín"], "d": ["Atocongo"]}, {"m": "Puzolana", "o": ["Arequipa", "Ica"], "d": ["Atocongo"]}]}}, {"type": "Feature", "geometry": {"type": "LineString", "coordinates": [[-75.475097, -11.787045], [-75.462796, -11.792327], [-75.449417, -11.796637], [-75.446069, -11.796522], [-75.442906, -11.800047], [-75.394801, -11.83543], [-75.376965, -11.85807], [-75.370845, -11.869511], [-75.348297, -11.886886]]}, "properties": {"cod_ruta": "PE-3S", "nombre_oficial": "Repartición La Oroya (PE-22) - Huancayo - Izcuchaca (PE-26) - Mayoc - Ayacucho - Andahuaylas (PE-30 B) - Abancay - Anta - Cusco - Urcos - Ayaviri (PE-3S G) - Calapuja - Puno (PE-36 B) - Ilave - Pte. Internacional Desaguadero (fr. Bolivia).", "departamento": "JUNIN", "superficie": 1, "estado": 3, "long_km": 18.16, "puntos_criticos_1km": 8, "dist_min_m": 314.6, "peligro_top": "Inundación:4; Inundación, flujo de detritos, erosión:3; Inundación, erosión:1", "nivel_top": null, "pc_top_peligro": "Inundación", "nivel_inund": null, "pc_inund_peligro": "Inundación", "pc_inund_lng": -75.44234, "pc_inund_lat": -11.80419, "nivel_mmasa": null, "pc_mmasa_peligro": "Inundación, flujo de detritos, erosión", "pc_mmasa_lng": -75.43713, "pc_mmasa_lat": -11.81002, "fid": "PE-3S-03", "pc_lng": -75.44234, "pc_lat": -11.80419, "corredor": "Longitudinal de la Sierra Sur", "carga_materiales": ["Puzolana", "Yeso", "Arcilla"], "carga_origenes": ["Ayacucho", "Junín"], "carga_destinos": ["Atocongo", "Condorcocha"], "carga_flujos": [{"m": "Puzolana", "o": ["Ayacucho", "Junín"], "d": ["Atocongo", "Condorcocha"]}, {"m": "Yeso", "o": ["Junín"], "d": ["Atocongo", "Condorcocha"]}, {"m": "Arcilla", "o": ["Junín"], "d": ["Condorcocha"]}]}}, {"type": "Feature", "geometry": {"type": "LineString", "coordinates": [[-75.717396, -14.093552], [-75.716551, -14.099271], [-75.717846, -14.105098]]}, "properties": {"cod_ruta": "PE-1S", "nombre_oficial": "I.V. Santa Anita - Chincha Alta - Ica - Nazca - Dv. Camaná - Dv. Quilca (PE-1S D) - La Repartición (Dv. Arequipa) - Dv. Pto. Matarani (PE- 34) - La Joya - Dv. Moquegua (PE-36 A) - Dv. Ilo (PE-36) - Tacna (PE-38) - La Concordia (fr. Chile).", "departamento": "ICA", "superficie": 1, "estado": 3, "long_km": 1.3, "puntos_criticos_1km": 8, "dist_min_m": 146.8, "peligro_top": "Inundación:4; s/d:2; Inundación, flujo de detritos, erosión:2", "nivel_top": null, "pc_top_peligro": "Inundación", "nivel_inund": null, "pc_inund_peligro": "Inundación", "pc_inund_lng": -75.71415, "pc_inund_lat": -14.10302, "nivel_mmasa": null, "pc_mmasa_peligro": "Inundación, flujo de detritos, erosión", "pc_mmasa_lng": -75.71859, "pc_mmasa_lat": -14.09479, "fid": "PE-1S-13", "pc_lng": -75.71415, "pc_lat": -14.10302, "corredor": "Panamericana Sur", "carga_materiales": ["Caliza", "Puzolana"], "carga_origenes": ["Arequipa", "Chilca", "Ica", "Lima", "Lurín"], "carga_destinos": ["Atocongo"], "carga_flujos": [{"m": "Caliza", "o": ["Chilca", "Lima", "Lurín"], "d": ["Atocongo"]}, {"m": "Puzolana", "o": ["Arequipa", "Ica"], "d": ["Atocongo"]}]}}, {"type": "Feature", "geometry": {"type": "LineString", "coordinates": [[-77.068246, -11.90442], [-77.067689, -11.899999]]}, "properties": {"cod_ruta": "PE-1N", "nombre_oficial": "I.V. Santa Anita - I.V. Huacho - Chimbote - Ov. La Marina (PE-10 A) - Ov. El Milagro - Paiján - Mocupe - Reque - Chiclayo - Lambayeque - Pte. Grau - Pte. Sullana Dv. Talara - Máncora - Zorritos - Tumbes - Pte. Internacional de La Paz (fr. Ecuador).", "departamento": "LIMA", "superficie": 1, "estado": 1, "long_km": 0.5, "puntos_criticos_1km": 8, "dist_min_m": 246.2, "peligro_top": "Inundación:4; Inundación, erosión fluvial:4", "nivel_top": "Muy alto", "pc_top_peligro": "Inundación, erosión fluvial", "nivel_inund": "Muy alto", "pc_inund_peligro": "Inundación, erosión fluvial", "pc_inund_lng": -77.06564, "pc_inund_lat": -11.90407, "nivel_mmasa": null, "pc_mmasa_peligro": null, "pc_mmasa_lng": null, "pc_mmasa_lat": null, "fid": "PE-1N-03", "pc_lng": -77.06564, "pc_lat": -11.90407, "corredor": "Panamericana Norte", "carga_materiales": ["Carbón"], "carga_origenes": ["Pampahuay", "Trujillo", "Áncash", "Áncash y Oyón"], "carga_destinos": ["Atocongo", "Condorcocha"], "carga_flujos": [{"m": "Carbón", "o": ["Pampahuay", "Trujillo", "Áncash", "Áncash y Oyón"], "d": ["Atocongo", "Condorcocha"]}]}}, {"type": "Feature", "geometry": {"type": "LineString", "coordinates": [[-76.68934, -11.928362], [-76.686581, -11.926409]]}, "properties": {"cod_ruta": "PE-22", "nombre_oficial": "Emp. PE-1N (I.V. La Menacho) – Pte. Carlos Graña – I.V. Huachipa - Pte. Huachipa – Dv. Sta. Anita (Av. Las Torres – Av. Nicolas Ayllón) - Sta. Clara - Pte. Los Angeles - Chosica (Av. Nicolas Ayllón) - Ricardo Palma - Pte. Ricardo Palma - Pte. Esperanza - Pte. La Cascada - Pte. Surco - Pte. Eduardo de Habich - Pte. Collana - Pte. Matucana – Matucana - San Mateo - Pte. Chicla - Abra Anticona - Morococha - Pte. Pachachaca - Santa Rosa de Sacco - Emp. PE-3 (Repartición La Oroya)", "departamento": "LIMA", "superficie": 1, "estado": 1, "long_km": 0.37, "puntos_criticos_1km": 8, "dist_min_m": 91.7, "peligro_top": "Inundación:7; Inundación, Erosión fluvial:1", "nivel_top": "Muy Alto", "pc_top_peligro": "Inundación, Erosión fluvial", "nivel_inund": "Muy Alto", "pc_inund_peligro": "Inundación, Erosión fluvial", "pc_inund_lng": -76.68669, "pc_inund_lat": -11.92757, "nivel_mmasa": null, "pc_mmasa_peligro": null, "pc_mmasa_lng": null, "pc_mmasa_lat": null, "fid": "PE-22-12", "pc_lng": -76.68669, "pc_lat": -11.92757, "corredor": "Carretera Central", "carga_materiales": ["Caliza", "Puzolana", "Clínker", "Yeso", "Arcilla", "Sílice", "Óxido de fierro", "Carbón"], "carga_origenes": ["Junín", "Lima", "Tarma"], "carga_destinos": ["Atocongo", "Condorcocha"], "carga_flujos": [{"m": "Caliza", "o": ["Tarma"], "d": ["Atocongo"]}, {"m": "Puzolana", "o": ["Junín"], "d": ["Condorcocha"]}, {"m": "Clínker", "o": ["Lima"], "d": ["Condorcocha"]}, {"m": "Yeso", "o": ["Junín"], "d": ["Atocongo", "Condorcocha"]}, {"m": "Arcilla", "o": ["Junín", "Tarma"], "d": ["Condorcocha"]}, {"m": "Sílice", "o": ["Tarma"], "d": ["Atocongo"]}, {"m": "Óxido de fierro", "o": ["Tarma"], "d": ["Condorcocha"]}, {"m": "Carbón", "o": ["Lima"], "d": ["Condorcocha"]}]}}, {"type": "Feature", "geometry": {"type": "LineString", "coordinates": [[-78.309196, -9.472359], [-78.327307, -9.461341]]}, "properties": {"cod_ruta": "PE-1N", "nombre_oficial": "I.V. Santa Anita - I.V. Huacho - Chimbote - Ov. La Marina (PE-10 A) - Ov. El Milagro - Paiján - Mocupe - Reque - Chiclayo - Lambayeque - Pte. Grau - Pte. Sullana Dv. Talara - Máncora - Zorritos - Tumbes - Pte. Internacional de La Paz (fr. Ecuador).", "departamento": "ANCASH", "superficie": 1, "estado": 1, "long_km": 2.34, "puntos_criticos_1km": 7, "dist_min_m": 428.2, "peligro_top": "Inundación:6; Inundación, flujo de detritos, erosión:1", "nivel_top": null, "pc_top_peligro": "Inundación", "nivel_inund": null, "pc_inund_peligro": "Inundación", "pc_inund_lng": -78.31834, "pc_inund_lat": -9.47292, "nivel_mmasa": null, "pc_mmasa_peligro": "Inundación, flujo de detritos, erosión", "pc_mmasa_lng": -78.32911, "pc_mmasa_lat": -9.46545, "fid": "PE-1N-04", "pc_lng": -78.31834, "pc_lat": -9.47292, "corredor": "Panamericana Norte", "carga_materiales": ["Carbón"], "carga_origenes": ["Pampahuay", "Trujillo", "Áncash", "Áncash y Oyón"], "carga_destinos": ["Atocongo", "Condorcocha"], "carga_flujos": [{"m": "Carbón", "o": ["Pampahuay", "Trujillo", "Áncash", "Áncash y Oyón"], "d": ["Atocongo", "Condorcocha"]}]}}, {"type": "Feature", "geometry": {"type": "LineString", "coordinates": [[-76.993761, -11.819678], [-76.988446, -11.810599], [-76.987135, -11.804161], [-76.981725, -11.796525], [-76.98187, -11.795047], [-76.983356, -11.7934], [-76.983251, -11.778868], [-76.977937, -11.770554], [-76.974539, -11.759722], [-76.974952, -11.75671], [-76.973744, -11.753164]]}, "properties": {"cod_ruta": "PE-20A", "nombre_oficial": "Emp. PE-1N (Dv. Trapiche) - Yangas -  Dv. Sta. Rosa de Quives - Canta - Abra La Viuda - Abra La Cruzada - Huayllay – Cochamarca – Vicco - Emp.PE-3N (Villa de Pasco)", "departamento": "LIMA", "superficie": 1, "estado": 3, "long_km": 8.37, "puntos_criticos_1km": 7, "dist_min_m": 117.9, "peligro_top": "Inundación:7", "nivel_top": null, "pc_top_peligro": "Inundación", "nivel_inund": null, "pc_inund_peligro": "Inundación", "pc_inund_lng": -76.97752, "pc_inund_lat": -11.75874, "nivel_mmasa": null, "pc_mmasa_peligro": null, "pc_mmasa_lng": null, "pc_mmasa_lat": null, "fid": "PE-20A-01", "pc_lng": -76.97752, "pc_lat": -11.75874, "corredor": "Lima-Canta", "carga_materiales": ["Caliza"], "carga_origenes": ["Canta"], "carga_destinos": ["Atocongo"], "carga_flujos": [{"m": "Caliza", "o": ["Canta"], "d": ["Atocongo"]}]}}, {"type": "Feature", "geometry": {"type": "LineString", "coordinates": [[-76.743318, -11.965536], [-76.738294, -11.96189]]}, "properties": {"cod_ruta": "PE-22", "nombre_oficial": "Emp. PE-1N (I.V. La Menacho) – Pte. Carlos Graña – I.V. Huachipa - Pte. Huachipa – Dv. Sta. Anita (Av. Las Torres – Av. Nicolas Ayllón) - Sta. Clara - Pte. Los Angeles - Chosica (Av. Nicolas Ayllón) - Ricardo Palma - Pte. Ricardo Palma - Pte. Esperanza - Pte. La Cascada - Pte. Surco - Pte. Eduardo de Habich - Pte. Collana - Pte. Matucana – Matucana - San Mateo - Pte. Chicla - Abra Anticona - Morococha - Pte. Pachachaca - Santa Rosa de Sacco - Emp. PE-3 (Repartición La Oroya)", "departamento": "LIMA", "superficie": 1, "estado": 4, "long_km": 0.68, "puntos_criticos_1km": 7, "dist_min_m": 142.1, "peligro_top": "Inundación:5; s/d:1; Inundación, flujo de detritos, erosión:1", "nivel_top": null, "pc_top_peligro": "", "nivel_inund": null, "pc_inund_peligro": "", "pc_inund_lng": -76.74178, "pc_inund_lat": -11.96516, "nivel_mmasa": null, "pc_mmasa_peligro": "Inundación, flujo de detritos, erosión", "pc_mmasa_lng": -76.73953, "pc_mmasa_lat": -11.96478, "fid": "PE-22-13", "pc_lng": -76.74178, "pc_lat": -11.96516, "corredor": "Carretera Central", "carga_materiales": ["Caliza", "Puzolana", "Clínker", "Yeso", "Arcilla", "Sílice", "Óxido de fierro", "Carbón"], "carga_origenes": ["Junín", "Lima", "Tarma"], "carga_destinos": ["Atocongo", "Condorcocha"], "carga_flujos": [{"m": "Caliza", "o": ["Tarma"], "d": ["Atocongo"]}, {"m": "Puzolana", "o": ["Junín"], "d": ["Condorcocha"]}, {"m": "Clínker", "o": ["Lima"], "d": ["Condorcocha"]}, {"m": "Yeso", "o": ["Junín"], "d": ["Atocongo", "Condorcocha"]}, {"m": "Arcilla", "o": ["Junín", "Tarma"], "d": ["Condorcocha"]}, {"m": "Sílice", "o": ["Tarma"], "d": ["Atocongo"]}, {"m": "Óxido de fierro", "o": ["Tarma"], "d": ["Condorcocha"]}, {"m": "Carbón", "o": ["Lima"], "d": ["Condorcocha"]}]}}, {"type": "Feature", "geometry": {"type": "LineString", "coordinates": [[-77.072279, -11.931637], [-77.071831, -11.930752], [-77.067465, -11.929361], [-77.065471, -11.927397], [-77.04492, -11.89149]]}, "properties": {"cod_ruta": "PE-20A", "nombre_oficial": "Emp. PE-1N (Dv. Trapiche) - Yangas -  Dv. Sta. Rosa de Quives - Canta - Abra La Viuda - Abra La Cruzada - Huayllay – Cochamarca – Vicco - Emp.PE-3N (Villa de Pasco)", "departamento": "LIMA", "superficie": 1, "estado": 4, "long_km": 5.47, "puntos_criticos_1km": 7, "dist_min_m": 840.5, "peligro_top": "Inundación, erosión fluvial:4; Inundación:3", "nivel_top": "Alto", "pc_top_peligro": "Inundación, erosión fluvial", "nivel_inund": "Alto", "pc_inund_peligro": "Inundación, erosión fluvial", "pc_inund_lng": -77.05197, "pc_inund_lat": -11.88801, "nivel_mmasa": null, "pc_mmasa_peligro": null, "pc_mmasa_lng": null, "pc_mmasa_lat": null, "fid": "PE-20A-02", "pc_lng": -77.05197, "pc_lat": -11.88801, "corredor": "Lima-Canta", "carga_materiales": ["Caliza"], "carga_origenes": ["Canta"], "carga_destinos": ["Atocongo"], "carga_flujos": [{"m": "Caliza", "o": ["Canta"], "d": ["Atocongo"]}]}}, {"type": "Feature", "geometry": {"type": "LineString", "coordinates": [[-78.140191, -10.100424], [-78.148133, -10.083323], [-78.155721, -10.071699], [-78.158905, -10.047111], [-78.16202, -10.038748]]}, "properties": {"cod_ruta": "PE-1N", "nombre_oficial": "I.V. Santa Anita - I.V. Huacho - Chimbote - Ov. La Marina (PE-10 A) - Ov. El Milagro - Paiján - Mocupe - Reque - Chiclayo - Lambayeque - Pte. Grau - Pte. Sullana Dv. Talara - Máncora - Zorritos - Tumbes - Pte. Internacional de La Paz (fr. Ecuador).", "departamento": "ANCASH", "superficie": 1, "estado": 1, "long_km": 7.35, "puntos_criticos_1km": 7, "dist_min_m": 36.9, "peligro_top": "s/d:5; Inundación, erosión:1; Inundación, flujo de detritos, erosión:1", "nivel_top": null, "pc_top_peligro": "", "nivel_inund": null, "pc_inund_peligro": "", "pc_inund_lng": -78.1623, "pc_inund_lat": -10.07749, "nivel_mmasa": null, "pc_mmasa_peligro": "Inundación, flujo de detritos, erosión", "pc_mmasa_lng": -78.1599, "pc_mmasa_lat": -10.07387, "fid": "PE-1N-05", "pc_lng": -78.1623, "pc_lat": -10.07749, "corredor": "Panamericana Norte", "carga_materiales": ["Carbón"], "carga_origenes": ["Pampahuay", "Trujillo", "Áncash", "Áncash y Oyón"], "carga_destinos": ["Atocongo", "Condorcocha"], "carga_flujos": [{"m": "Carbón", "o": ["Pampahuay", "Trujillo", "Áncash", "Áncash y Oyón"], "d": ["Atocongo", "Condorcocha"]}]}}, {"type": "Feature", "geometry": {"type": "LineString", "coordinates": [[-75.490157, -11.804196], [-75.489441, -11.80184], [-75.486573, -11.799776], [-75.482051, -11.793544], [-75.475097, -11.787045]]}, "properties": {"cod_ruta": "PE-3S", "nombre_oficial": "Repartición La Oroya (PE-22) - Huancayo - Izcuchaca (PE-26) - Mayoc - Ayacucho - Andahuaylas (PE-30 B) - Abancay - Anta - Cusco - Urcos - Ayaviri (PE-3S G) - Calapuja - Puno (PE-36 B) - Ilave - Pte. Internacional Desaguadero (fr. Bolivia).", "departamento": "JUNIN", "superficie": 1, "estado": 1, "long_km": 2.61, "puntos_criticos_1km": 7, "dist_min_m": 24.5, "peligro_top": "Inundación:5; s/d:2", "nivel_top": null, "pc_top_peligro": "Inundación", "nivel_inund": null, "pc_inund_peligro": "Inundación", "pc_inund_lng": -75.47811, "pc_inund_lat": -11.79938, "nivel_mmasa": null, "pc_mmasa_peligro": null, "pc_mmasa_lng": null, "pc_mmasa_lat": null, "fid": "PE-3S-04", "pc_lng": -75.47811, "pc_lat": -11.79938, "corredor": "Longitudinal de la Sierra Sur", "carga_materiales": ["Puzolana", "Yeso", "Arcilla"], "carga_origenes": ["Ayacucho", "Junín"], "carga_destinos": ["Atocongo", "Condorcocha"], "carga_flujos": [{"m": "Puzolana", "o": ["Ayacucho", "Junín"], "d": ["Atocongo", "Condorcocha"]}, {"m": "Yeso", "o": ["Junín"], "d": ["Atocongo", "Condorcocha"]}, {"m": "Arcilla", "o": ["Junín"], "d": ["Condorcocha"]}]}}, {"type": "Feature", "geometry": {"type": "LineString", "coordinates": [[-78.284384, -9.510143], [-78.272742, -9.488355], [-78.273451, -9.48502]]}, "properties": {"cod_ruta": "PE-1N", "nombre_oficial": "I.V. Santa Anita - I.V. Huacho - Chimbote - Ov. La Marina (PE-10 A) - Ov. El Milagro - Paiján - Mocupe - Reque - Chiclayo - Lambayeque - Pte. Grau - Pte. Sullana Dv. Talara - Máncora - Zorritos - Tumbes - Pte. Internacional de La Paz (fr. Ecuador).", "departamento": "ANCASH", "superficie": 1, "estado": 1, "long_km": 3.1, "puntos_criticos_1km": 6, "dist_min_m": 3.4, "peligro_top": "s/d:4; Inundación, flujo de detritos, erosión:1; Inundación, erosión:1", "nivel_top": null, "pc_top_peligro": null, "nivel_inund": null, "pc_inund_peligro": null, "pc_inund_lng": -78.27316, "pc_inund_lat": -9.48562, "nivel_mmasa": null, "pc_mmasa_peligro": "Inundación, flujo de detritos, erosión", "pc_mmasa_lng": -78.27485, "pc_mmasa_lat": -9.48659, "fid": "PE-1N-06", "pc_lng": -78.27316, "pc_lat": -9.48562, "corredor": "Panamericana Norte", "carga_materiales": ["Carbón"], "carga_origenes": ["Pampahuay", "Trujillo", "Áncash", "Áncash y Oyón"], "carga_destinos": ["Atocongo", "Condorcocha"], "carga_flujos": [{"m": "Carbón", "o": ["Pampahuay", "Trujillo", "Áncash", "Áncash y Oyón"], "d": ["Atocongo", "Condorcocha"]}]}}, {"type": "Feature", "geometry": {"type": "LineString", "coordinates": [[-76.75572, -11.971894], [-76.745516, -11.967709]]}, "properties": {"cod_ruta": "PE-22", "nombre_oficial": "Emp. PE-1N (I.V. La Menacho) – Pte. Carlos Graña – I.V. Huachipa - Pte. Huachipa – Dv. Sta. Anita (Av. Las Torres – Av. Nicolas Ayllón) - Sta. Clara - Pte. Los Angeles - Chosica (Av. Nicolas Ayllón) - Ricardo Palma - Pte. Ricardo Palma - Pte. Esperanza - Pte. La Cascada - Pte. Surco - Pte. Eduardo de Habich - Pte. Collana - Pte. Matucana – Matucana - San Mateo - Pte. Chicla - Abra Anticona - Morococha - Pte. Pachachaca - Santa Rosa de Sacco - Emp. PE-3 (Repartición La Oroya)", "departamento": "LIMA", "superficie": 1, "estado": 4, "long_km": 1.24, "puntos_criticos_1km": 6, "dist_min_m": 7.8, "peligro_top": "Inundación:4; s/d:2", "nivel_top": "Muy alto", "pc_top_peligro": "Inundación", "nivel_inund": "Muy alto", "pc_inund_peligro": "Inundación", "pc_inund_lng": -76.75049, "pc_inund_lat": -11.96868, "nivel_mmasa": null, "pc_mmasa_peligro": null, "pc_mmasa_lng": null, "pc_mmasa_lat": null, "fid": "PE-22-14", "pc_lng": -76.75049, "pc_lat": -11.96868, "corredor": "Carretera Central", "carga_materiales": ["Caliza", "Puzolana", "Clínker", "Yeso", "Arcilla", "Sílice", "Óxido de fierro", "Carbón"], "carga_origenes": ["Junín", "Lima", "Tarma"], "carga_destinos": ["Atocongo", "Condorcocha"], "carga_flujos": [{"m": "Caliza", "o": ["Tarma"], "d": ["Atocongo"]}, {"m": "Puzolana", "o": ["Junín"], "d": ["Condorcocha"]}, {"m": "Clínker", "o": ["Lima"], "d": ["Condorcocha"]}, {"m": "Yeso", "o": ["Junín"], "d": ["Atocongo", "Condorcocha"]}, {"m": "Arcilla", "o": ["Junín", "Tarma"], "d": ["Condorcocha"]}, {"m": "Sílice", "o": ["Tarma"], "d": ["Atocongo"]}, {"m": "Óxido de fierro", "o": ["Tarma"], "d": ["Condorcocha"]}, {"m": "Carbón", "o": ["Lima"], "d": ["Condorcocha"]}]}}, {"type": "Feature", "geometry": {"type": "LineString", "coordinates": [[-77.009509, -12.034357], [-77.018118, -12.040957], [-77.02251, -12.042905], [-77.025696, -12.043141]]}, "properties": {"cod_ruta": "PE-1N", "nombre_oficial": "I.V. Santa Anita - I.V. Huacho - Chimbote - Ov. La Marina (PE-10 A) - Ov. El Milagro - Paiján - Mocupe - Reque - Chiclayo - Lambayeque - Pte. Grau - Pte. Sullana Dv. Talara - Máncora - Zorritos - Tumbes - Pte. Internacional de La Paz (fr. Ecuador).", "departamento": "LIMA", "superficie": 1, "estado": 1, "long_km": 2.07, "puntos_criticos_1km": 6, "dist_min_m": 46.1, "peligro_top": "Inundación:5; Erosión fluvial:1", "nivel_top": "Muy alto", "pc_top_peligro": "Erosión fluvial", "nivel_inund": "Muy alto", "pc_inund_peligro": "Erosión fluvial", "pc_inund_lng": -77.01171, "pc_inund_lat": -12.03283, "nivel_mmasa": null, "pc_mmasa_peligro": null, "pc_mmasa_lng": null, "pc_mmasa_lat": null, "fid": "PE-1N-07", "pc_lng": -77.01171, "pc_lat": -12.03283, "corredor": "Panamericana Norte", "carga_materiales": ["Carbón"], "carga_origenes": ["Pampahuay", "Trujillo", "Áncash", "Áncash y Oyón"], "carga_destinos": ["Atocongo", "Condorcocha"], "carga_flujos": [{"m": "Carbón", "o": ["Pampahuay", "Trujillo", "Áncash", "Áncash y Oyón"], "d": ["Atocongo", "Condorcocha"]}]}}, {"type": "Feature", "geometry": {"type": "LineString", "coordinates": [[-76.895313, -12.018019], [-76.885588, -12.014685]]}, "properties": {"cod_ruta": "PE-22", "nombre_oficial": "Emp. PE-1N (I.V. La Menacho) – Pte. Carlos Graña – I.V. Huachipa - Pte. Huachipa – Dv. Sta. Anita (Av. Las Torres – Av. Nicolas Ayllón) - Sta. Clara - Pte. Los Angeles - Chosica (Av. Nicolas Ayllón) - Ricardo Palma - Pte. Ricardo Palma - Pte. Esperanza - Pte. La Cascada - Pte. Surco - Pte. Eduardo de Habich - Pte. Collana - Pte. Matucana – Matucana - San Mateo - Pte. Chicla - Abra Anticona - Morococha - Pte. Pachachaca - Santa Rosa de Sacco - Emp. PE-3 (Repartición La Oroya)", "departamento": "LIMA", "superficie": 1, "estado": 4, "long_km": 1.14, "puntos_criticos_1km": 6, "dist_min_m": 314.9, "peligro_top": "Inundación:2; Erosión fluvial:2; s/d:1", "nivel_top": "Muy alto", "pc_top_peligro": "Erosión fluvial", "nivel_inund": "Muy alto", "pc_inund_peligro": "Erosión fluvial", "pc_inund_lng": -76.89424, "pc_inund_lat": -12.01299, "nivel_mmasa": null, "pc_mmasa_peligro": null, "pc_mmasa_lng": null, "pc_mmasa_lat": null, "fid": "PE-22-15", "pc_lng": -76.89424, "pc_lat": -12.01299, "corredor": "Carretera Central", "carga_materiales": ["Caliza", "Puzolana", "Clínker", "Yeso", "Arcilla", "Sílice", "Óxido de fierro", "Carbón"], "carga_origenes": ["Junín", "Lima", "Tarma"], "carga_destinos": ["Atocongo", "Condorcocha"], "carga_flujos": [{"m": "Caliza", "o": ["Tarma"], "d": ["Atocongo"]}, {"m": "Puzolana", "o": ["Junín"], "d": ["Condorcocha"]}, {"m": "Clínker", "o": ["Lima"], "d": ["Condorcocha"]}, {"m": "Yeso", "o": ["Junín"], "d": ["Atocongo", "Condorcocha"]}, {"m": "Arcilla", "o": ["Junín", "Tarma"], "d": ["Condorcocha"]}, {"m": "Sílice", "o": ["Tarma"], "d": ["Atocongo"]}, {"m": "Óxido de fierro", "o": ["Tarma"], "d": ["Condorcocha"]}, {"m": "Carbón", "o": ["Lima"], "d": ["Condorcocha"]}]}}, {"type": "Feature", "geometry": {"type": "LineString", "coordinates": [[-75.202536, -14.523078], [-75.206352, -14.528874], [-75.203347, -14.527997], [-75.202435, -14.52866], [-75.201432, -14.52796], [-75.201953, -14.530623], [-75.193921, -14.52838], [-75.18988, -14.532411]]}, "properties": {"cod_ruta": "PE-1S", "nombre_oficial": "I.V. Santa Anita - Chincha Alta - Ica - Nazca - Dv. Camaná - Dv. Quilca (PE-1S D) - La Repartición (Dv. Arequipa) - Dv. Pto. Matarani (PE- 34) - La Joya - Dv. Moquegua (PE-36 A) - Dv. Ilo (PE-36) - Tacna (PE-38) - La Concordia (fr. Chile).", "departamento": "ICA", "superficie": 1, "estado": 3, "long_km": 3.32, "puntos_criticos_1km": 6, "dist_min_m": 7.5, "peligro_top": "Inundación, flujo de detritos, erosión:2; Inundación:2; Inundación, erosión:1", "nivel_top": "Muy alto", "pc_top_peligro": "Inundación, erosión fluvial", "nivel_inund": "Muy alto", "pc_inund_peligro": "Inundación, erosión fluvial", "pc_inund_lng": -75.1995, "pc_inund_lat": -14.53728, "nivel_mmasa": null, "pc_mmasa_peligro": "Inundación, flujo de detritos, erosión", "pc_mmasa_lng": -75.19282, "pc_mmasa_lat": -14.53398, "fid": "PE-1S-14", "pc_lng": -75.1995, "pc_lat": -14.53728, "corredor": "Panamericana Sur", "carga_materiales": ["Caliza", "Puzolana"], "carga_origenes": ["Arequipa", "Chilca", "Ica", "Lima", "Lurín"], "carga_destinos": ["Atocongo"], "carga_flujos": [{"m": "Caliza", "o": ["Chilca", "Lima", "Lurín"], "d": ["Atocongo"]}, {"m": "Puzolana", "o": ["Arequipa", "Ica"], "d": ["Atocongo"]}]}}, {"type": "Feature", "geometry": {"type": "LineString", "coordinates": [[-74.621262, -12.65672], [-74.616243, -12.663718], [-74.617772, -12.662794], [-74.614283, -12.667978], [-74.609621, -12.671248], [-74.608889, -12.674701], [-74.607668, -12.676447], [-74.606092, -12.677515], [-74.604531, -12.677443], [-74.600873, -12.673961], [-74.59855, -12.672846], [-74.58986, -12.674546], [-74.588982, -12.677847], [-74.586692, -12.680438], [-74.586261, -12.683008], [-74.586516, -12.686103], [-74.590291, -12.688887], [-74.590364, -12.690165], [-74.586725, -12.690739], [-74.579151, -12.694912], [-74.571295, -12.695815], [-74.572268, -12.695078], [-74.567357, -12.693537], [-74.568531, -12.695763], [-74.565983, -12.696989], [-74.563926, -12.700207], [-74.562405, -12.706315], [-74.560253, -12.706532], [-74.559098, -12.70892], [-74.553607, -12.71478], [-74.551852, -12.714905], [-74.549645, -12.713579], [-74.547712, -12.714926], [-74.546021, -12.717498]]}, "properties": {"cod_ruta": "PE-3S", "nombre_oficial": "Repartición La Oroya (PE-22) - Huancayo - Izcuchaca (PE-26) - Mayoc - Ayacucho - Andahuaylas (PE-30 B) - Abancay - Anta - Cusco - Urcos - Ayaviri (PE-3S G) - Calapuja - Puno (PE-36 B) - Ilave - Pte. Internacional Desaguadero (fr. Bolivia).", "departamento": "HUANCAVELICA", "superficie": 11, "estado": 3, "long_km": 14.83, "puntos_criticos_1km": 6, "dist_min_m": 5.9, "peligro_top": "Inundación, flujo de detritos, erosión:3; Inundación, Erosión fluvial:2; Inundación:1", "nivel_top": "Alto", "pc_top_peligro": "Inundación, Erosión fluvial", "nivel_inund": "Alto", "pc_inund_peligro": "Inundación, Erosión fluvial", "pc_inund_lng": -74.59458, "pc_inund_lat": -12.67401, "nivel_mmasa": null, "pc_mmasa_peligro": "Inundación, flujo de detritos, erosión", "pc_mmasa_lng": -74.59052, "pc_mmasa_lat": -12.67763, "fid": "PE-3S-05", "pc_lng": -74.59458, "pc_lat": -12.67401, "corredor": "Longitudinal de la Sierra Sur", "carga_materiales": ["Puzolana", "Yeso", "Arcilla"], "carga_origenes": ["Ayacucho", "Junín"], "carga_destinos": ["Atocongo", "Condorcocha"], "carga_flujos": [{"m": "Puzolana", "o": ["Ayacucho", "Junín"], "d": ["Atocongo", "Condorcocha"]}, {"m": "Yeso", "o": ["Junín"], "d": ["Atocongo", "Condorcocha"]}, {"m": "Arcilla", "o": ["Junín"], "d": ["Condorcocha"]}]}}, {"type": "Feature", "geometry": {"type": "LineString", "coordinates": [[-76.995849, -12.029117], [-76.998135, -12.029047], [-77.00433, -12.031374], [-77.009509, -12.034357]]}, "properties": {"cod_ruta": "PE-1N", "nombre_oficial": "I.V. Santa Anita - I.V. Huacho - Chimbote - Ov. La Marina (PE-10 A) - Ov. El Milagro - Paiján - Mocupe - Reque - Chiclayo - Lambayeque - Pte. Grau - Pte. Sullana Dv. Talara - Máncora - Zorritos - Tumbes - Pte. Internacional de La Paz (fr. Ecuador).", "departamento": "LIMA", "superficie": 1, "estado": 1, "long_km": 1.62, "puntos_criticos_1km": 6, "dist_min_m": 200.5, "peligro_top": "Inundación:5; Erosión fluvial:1", "nivel_top": "Muy alto", "pc_top_peligro": "Erosión fluvial", "nivel_inund": "Muy alto", "pc_inund_peligro": "Erosión fluvial", "pc_inund_lng": -77.00117, "pc_inund_lat": -12.02828, "nivel_mmasa": null, "pc_mmasa_peligro": null, "pc_mmasa_lng": null, "pc_mmasa_lat": null, "fid": "PE-1N-08", "pc_lng": -77.00117, "pc_lat": -12.02828, "corredor": "Panamericana Norte", "carga_materiales": ["Carbón"], "carga_origenes": ["Pampahuay", "Trujillo", "Áncash", "Áncash y Oyón"], "carga_destinos": ["Atocongo", "Condorcocha"], "carga_flujos": [{"m": "Carbón", "o": ["Pampahuay", "Trujillo", "Áncash", "Áncash y Oyón"], "d": ["Atocongo", "Condorcocha"]}]}}, {"type": "Feature", "geometry": {"type": "LineString", "coordinates": [[-74.332113, -12.850282], [-74.329142, -12.855542], [-74.330478, -12.859774], [-74.329619, -12.864016], [-74.328084, -12.865662], [-74.32576, -12.872133], [-74.323492, -12.873443], [-74.316601, -12.88446], [-74.316325, -12.88862], [-74.313901, -12.89125], [-74.313887, -12.894412], [-74.319106, -12.904589], [-74.317974, -12.906865], [-74.316833, -12.905142], [-74.315142, -12.905479], [-74.314176, -12.904662], [-74.312965, -12.905071], [-74.311814, -12.907184], [-74.308325, -12.907576], [-74.306863, -12.910814], [-74.30833, -12.913331], [-74.306834, -12.914481], [-74.305664, -12.91713], [-74.304003, -12.917427], [-74.303368, -12.918707], [-74.299757, -12.914771], [-74.299038, -12.919178], [-74.298296, -12.919936], [-74.29554, -12.918002], [-74.293826, -12.91492], [-74.292241, -12.916919], [-74.290656, -12.916148], [-74.287791, -12.917802], [-74.285575, -12.915802], [-74.285019, -12.913255], [-74.279774, -12.915455], [-74.271978, -12.916945], [-74.270936, -12.918883]]}, "properties": {"cod_ruta": "PE-3S", "nombre_oficial": "Repartición La Oroya (PE-22) - Huancayo - Izcuchaca (PE-26) - Mayoc - Ayacucho - Andahuaylas (PE-30 B) - Abancay - Anta - Cusco - Urcos - Ayaviri (PE-3S G) - Calapuja - Puno (PE-36 B) - Ilave - Pte. Internacional Desaguadero (fr. Bolivia).", "departamento": "AYACUCHO", "superficie": 1, "estado": 1, "long_km": 15.8, "puntos_criticos_1km": 5, "dist_min_m": 33.7, "peligro_top": "Inundación, erosión fluvial:4; Inundación:1", "nivel_top": "Alto", "pc_top_peligro": "Inundación, erosión fluvial", "nivel_inund": "Alto", "pc_inund_peligro": "Inundación, erosión fluvial", "pc_inund_lng": -74.32794, "pc_inund_lat": -12.86676, "nivel_mmasa": null, "pc_mmasa_peligro": null, "pc_mmasa_lng": null, "pc_mmasa_lat": null, "fid": "PE-3S-06", "pc_lng": -74.32794, "pc_lat": -12.86676, "corredor": "Longitudinal de la Sierra Sur", "carga_materiales": ["Puzolana", "Yeso", "Arcilla"], "carga_origenes": ["Ayacucho", "Junín"], "carga_destinos": ["Atocongo", "Condorcocha"], "carga_flujos": [{"m": "Puzolana", "o": ["Ayacucho", "Junín"], "d": ["Atocongo", "Condorcocha"]}, {"m": "Yeso", "o": ["Junín"], "d": ["Atocongo", "Condorcocha"]}, {"m": "Arcilla", "o": ["Junín"], "d": ["Condorcocha"]}]}}, {"type": "Feature", "geometry": {"type": "LineString", "coordinates": [[-74.694399, -15.598493], [-74.686537, -15.599987], [-74.663893, -15.607337], [-74.650999, -15.614777], [-74.645188, -15.622197], [-74.641884, -15.623902], [-74.638332, -15.627402], [-74.633797, -15.629146], [-74.625443, -15.638626], [-74.600086, -15.647553], [-74.594657, -15.650783], [-74.56937, -15.659483]]}, "properties": {"cod_ruta": "PE-1S", "nombre_oficial": "I.V. Santa Anita - Chincha Alta - Ica - Nazca - Dv. Camaná - Dv. Quilca (PE-1S D) - La Repartición (Dv. Arequipa) - Dv. Pto. Matarani (PE- 34) - La Joya - Dv. Moquegua (PE-36 A) - Dv. Ilo (PE-36) - Tacna (PE-38) - La Concordia (fr. Chile).", "departamento": "AREQUIPA", "superficie": 1, "estado": 1, "long_km": 15.39, "puntos_criticos_1km": 5, "dist_min_m": 3.6, "peligro_top": "s/d:2; Inundación:2; Inundación, flujo de detritos, erosión:1", "nivel_top": null, "pc_top_peligro": "", "nivel_inund": null, "pc_inund_peligro": "", "pc_inund_lng": -74.63695, "pc_inund_lat": -15.62421, "nivel_mmasa": null, "pc_mmasa_peligro": "Inundación, flujo de detritos, erosión", "pc_mmasa_lng": -74.63635, "pc_mmasa_lat": -15.62812, "fid": "PE-1S-15", "pc_lng": -74.63695, "pc_lat": -15.62421, "corredor": "Panamericana Sur", "carga_materiales": ["Caliza", "Puzolana"], "carga_origenes": ["Arequipa", "Chilca", "Ica", "Lima", "Lurín"], "carga_destinos": ["Atocongo"], "carga_flujos": [{"m": "Caliza", "o": ["Chilca", "Lima", "Lurín"], "d": ["Atocongo"]}, {"m": "Puzolana", "o": ["Arequipa", "Ica"], "d": ["Atocongo"]}]}}, {"type": "Feature", "geometry": {"type": "LineString", "coordinates": [[-74.35884, -12.835656], [-74.356139, -12.83539], [-74.352982, -12.836574], [-74.34903, -12.83951], [-74.346161, -12.840284], [-74.344781, -12.842425], [-74.337241, -12.839231], [-74.336633, -12.840429]]}, "properties": {"cod_ruta": "PE-3S", "nombre_oficial": "Repartición La Oroya (PE-22) - Huancayo - Izcuchaca (PE-26) - Mayoc - Ayacucho - Andahuaylas (PE-30 B) - Abancay - Anta - Cusco - Urcos - Ayaviri (PE-3S G) - Calapuja - Puno (PE-36 B) - Ilave - Pte. Internacional Desaguadero (fr. Bolivia).", "departamento": "HUANCAVELICA", "superficie": 1, "estado": 1, "long_km": 3.01, "puntos_criticos_1km": 5, "dist_min_m": 152.3, "peligro_top": "Inundación:2; Inundación, erosión:2; Inundación, flujo de detritos, erosión:1", "nivel_top": null, "pc_top_peligro": "Inundación", "nivel_inund": null, "pc_inund_peligro": "Inundación", "pc_inund_lng": -74.3477, "pc_inund_lat": -12.83568, "nivel_mmasa": null, "pc_mmasa_peligro": "Inundación, flujo de detritos, erosión", "pc_mmasa_lng": -74.35794, "pc_mmasa_lat": -12.83402, "fid": "PE-3S-07", "pc_lng": -74.3477, "pc_lat": -12.83568, "corredor": "Longitudinal de la Sierra Sur", "carga_materiales": ["Puzolana", "Yeso", "Arcilla"], "carga_origenes": ["Ayacucho", "Junín"], "carga_destinos": ["Atocongo", "Condorcocha"], "carga_flujos": [{"m": "Puzolana", "o": ["Ayacucho", "Junín"], "d": ["Atocongo", "Condorcocha"]}, {"m": "Yeso", "o": ["Junín"], "d": ["Atocongo", "Condorcocha"]}, {"m": "Arcilla", "o": ["Junín"], "d": ["Condorcocha"]}]}}, {"type": "Feature", "geometry": {"type": "LineString", "coordinates": [[-77.0725, -11.911534], [-77.069078, -11.90622]]}, "properties": {"cod_ruta": "PE-1N", "nombre_oficial": "I.V. Santa Anita - I.V. Huacho - Chimbote - Ov. La Marina (PE-10 A) - Ov. El Milagro - Paiján - Mocupe - Reque - Chiclayo - Lambayeque - Pte. Grau - Pte. Sullana Dv. Talara - Máncora - Zorritos - Tumbes - Pte. Internacional de La Paz (fr. Ecuador).", "departamento": "LIMA", "superficie": 1, "estado": 1, "long_km": 0.69, "puntos_criticos_1km": 5, "dist_min_m": 106.8, "peligro_top": "Inundación, erosión fluvial:3; Inundación:2", "nivel_top": "Muy alto", "pc_top_peligro": "Inundación, erosión fluvial", "nivel_inund": "Muy alto", "pc_inund_peligro": "Inundación, erosión fluvial", "pc_inund_lng": -77.06894, "pc_inund_lat": -11.90871, "nivel_mmasa": null, "pc_mmasa_peligro": null, "pc_mmasa_lng": null, "pc_mmasa_lat": null, "fid": "PE-1N-09", "pc_lng": -77.06894, "pc_lat": -11.90871, "corredor": "Panamericana Norte", "carga_materiales": ["Carbón"], "carga_origenes": ["Pampahuay", "Trujillo", "Áncash", "Áncash y Oyón"], "carga_destinos": ["Atocongo", "Condorcocha"], "carga_flujos": [{"m": "Carbón", "o": ["Pampahuay", "Trujillo", "Áncash", "Áncash y Oyón"], "d": ["Atocongo", "Condorcocha"]}]}}, {"type": "Feature", "geometry": {"type": "LineString", "coordinates": [[-75.272233, -14.49561], [-75.26162, -14.50002], [-75.257356, -14.503349], [-75.25553, -14.503567], [-75.244567, -14.494188], [-75.237696, -14.491038], [-75.230703, -14.490095], [-75.225527, -14.4847], [-75.225027, -14.480974], [-75.223893, -14.479308], [-75.223035, -14.480101], [-75.224058, -14.486125], [-75.223169, -14.485154]]}, "properties": {"cod_ruta": "PE-1S", "nombre_oficial": "I.V. Santa Anita - Chincha Alta - Ica - Nazca - Dv. Camaná - Dv. Quilca (PE-1S D) - La Repartición (Dv. Arequipa) - Dv. Pto. Matarani (PE- 34) - La Joya - Dv. Moquegua (PE-36 A) - Dv. Ilo (PE-36) - Tacna (PE-38) - La Concordia (fr. Chile).", "departamento": "ICA", "superficie": 1, "estado": 3, "long_km": 7.72, "puntos_criticos_1km": 5, "dist_min_m": 148.9, "peligro_top": "Inundación:4; Inundación, erosión:1", "nivel_top": "Medio", "pc_top_peligro": "Inundación", "nivel_inund": "Medio", "pc_inund_peligro": "Inundación", "pc_inund_lng": -75.25364, "pc_inund_lat": -14.49399, "nivel_mmasa": null, "pc_mmasa_peligro": null, "pc_mmasa_lng": null, "pc_mmasa_lat": null, "fid": "PE-1S-16", "pc_lng": -75.25364, "pc_lat": -14.49399, "corredor": "Panamericana Sur", "carga_materiales": ["Caliza", "Puzolana"], "carga_origenes": ["Arequipa", "Chilca", "Ica", "Lima", "Lurín"], "carga_destinos": ["Atocongo"], "carga_flujos": [{"m": "Caliza", "o": ["Chilca", "Lima", "Lurín"], "d": ["Atocongo"]}, {"m": "Puzolana", "o": ["Arequipa", "Ica"], "d": ["Atocongo"]}]}}, {"type": "Feature", "geometry": {"type": "LineString", "coordinates": [[-74.203155, -13.175806], [-74.201733, -13.176157], [-74.196708, -13.180194], [-74.198588, -13.181411], [-74.203657, -13.181541], [-74.20825, -13.186647], [-74.20551, -13.18675], [-74.20234, -13.18535], [-74.20132, -13.18622], [-74.203481, -13.188108], [-74.201013, -13.1906], [-74.200601, -13.192686], [-74.20331, -13.19569], [-74.203894, -13.198982], [-74.205304, -13.200068], [-74.208188, -13.199945], [-74.20989, -13.20075], [-74.211146, -13.203182], [-74.21487, -13.205893], [-74.218893, -13.202702], [-74.221544, -13.203174], [-74.222284, -13.204985], [-74.225144, -13.207861], [-74.228965, -13.215916], [-74.227355, -13.2158], [-74.226098, -13.217654], [-74.22398, -13.21692], [-74.222492, -13.219373], [-74.22472, -13.21836], [-74.226719, -13.218773], [-74.228417, -13.217526], [-74.229526, -13.218956], [-74.229339, -13.221177], [-74.225713, -13.222122], [-74.226171, -13.223517], [-74.225588, -13.225597], [-74.227522, -13.228562], [-74.232395, -13.228056], [-74.231765, -13.229248], [-74.232235, -13.231928], [-74.233602, -13.233029], [-74.235458, -13.232875], [-74.235446, -13.236098], [-74.237999, -13.236213], [-74.24001, -13.240398], [-74.242126, -13.241488], [-74.239923, -13.241957], [-74.237023, -13.240179], [-74.236293, -13.244151], [-74.233028, -13.248853], [-74.235032, -13.248881], [-74.232712, -13.250206], [-74.232846, -13.25122], [-74.234423, -13.25247], [-74.235014, -13.255132], [-74.236414, -13.255077], [-74.232483, -13.25699], [-74.231903, -13.261229], [-74.232647, -13.264682], [-74.230283, -13.268691], [-74.2291, -13.274784], [-74.230057, -13.276721], [-74.231187, -13.274822], [-74.230251, -13.279158], [-74.23088, -13.29026], [-74.229219, -13.288905], [-74.22921, -13.296769], [-74.227018, -13.297049], [-74.228405, -13.301033], [-74.226401, -13.306565], [-74.226441, -13.308913], [-74.219465, -13.320878], [-74.21901, -13.32324], [-74.219569, -13.325386], [-74.216824, -13.326981], [-74.214407, -13.326085], [-74.212461, -13.327887], [-74.214354, -13.327382], [-74.215515, -13.328359], [-74.218459, -13.337305], [-74.214767, -13.331798], [-74.213601, -13.331643], [-74.209208, -13.337015], [-74.2065, -13.337492], [-74.204635, -13.340629], [-74.203821, -13.344273], [-74.197096, -13.35074], [-74.188715, -13.351169]]}, "properties": {"cod_ruta": "PE-3S", "nombre_oficial": "Repartición La Oroya (PE-22) - Huancayo - Izcuchaca (PE-26) - Mayoc - Ayacucho - Andahuaylas (PE-30 B) - Abancay - Anta - Cusco - Urcos - Ayaviri (PE-3S G) - Calapuja - Puno (PE-36 B) - Ilave - Pte. Internacional Desaguadero (fr. Bolivia).", "departamento": "AYACUCHO", "superficie": 1, "estado": 3, "long_km": 36.02, "puntos_criticos_1km": 5, "dist_min_m": 361.9, "peligro_top": "Inundación:2; Inundación, erosión fluvial:2; s/d:1", "nivel_top": "Alto", "pc_top_peligro": "Inundación, erosión fluvial", "nivel_inund": "Alto", "pc_inund_peligro": "Inundación, erosión fluvial", "pc_inund_lng": -74.21152, "pc_inund_lat": -13.17924, "nivel_mmasa": null, "pc_mmasa_peligro": null, "pc_mmasa_lng": null, "pc_mmasa_lat": null, "fid": "PE-3S-08", "pc_lng": -74.21152, "pc_lat": -13.17924, "corredor": "Longitudinal de la Sierra Sur", "carga_materiales": ["Puzolana", "Yeso", "Arcilla"], "carga_origenes": ["Ayacucho", "Junín"], "carga_destinos": ["Atocongo", "Condorcocha"], "carga_flujos": [{"m": "Puzolana", "o": ["Ayacucho", "Junín"], "d": ["Atocongo", "Condorcocha"]}, {"m": "Yeso", "o": ["Junín"], "d": ["Atocongo", "Condorcocha"]}, {"m": "Arcilla", "o": ["Junín"], "d": ["Condorcocha"]}]}}, {"type": "Feature", "geometry": {"type": "LineString", "coordinates": [[-79.152449, -7.839406], [-79.178129, -7.815096], [-79.186262, -7.809613]]}, "properties": {"cod_ruta": "PE-1N", "nombre_oficial": "I.V. Santa Anita - I.V. Huacho - Chimbote - Ov. La Marina (PE-10 A) - Ov. El Milagro - Paiján - Mocupe - Reque - Chiclayo - Lambayeque - Pte. Grau - Pte. Sullana Dv. Talara - Máncora - Zorritos - Tumbes - Pte. Internacional de La Paz (fr. Ecuador).", "departamento": "LA LIBERTAD", "superficie": 1, "estado": 3, "long_km": 5, "puntos_criticos_1km": 5, "dist_min_m": 5.6, "peligro_top": "s/d:3; Inundación:1; Inundación, Erosión fluvial:1", "nivel_top": "Muy Alto", "pc_top_peligro": "Inundación, Erosión fluvial", "nivel_inund": "Muy Alto", "pc_inund_peligro": "Inundación, Erosión fluvial", "pc_inund_lng": -79.17361, "pc_inund_lat": -7.82067, "nivel_mmasa": null, "pc_mmasa_peligro": null, "pc_mmasa_lng": null, "pc_mmasa_lat": null, "fid": "PE-1N-10", "pc_lng": -79.17361, "pc_lat": -7.82067, "corredor": "Panamericana Norte", "carga_materiales": ["Carbón"], "carga_origenes": ["Pampahuay", "Trujillo", "Áncash", "Áncash y Oyón"], "carga_destinos": ["Atocongo", "Condorcocha"], "carga_flujos": [{"m": "Carbón", "o": ["Pampahuay", "Trujillo", "Áncash", "Áncash y Oyón"], "d": ["Atocongo", "Condorcocha"]}]}}, {"type": "Feature", "geometry": {"type": "LineString", "coordinates": [[-77.073458, -11.919213], [-77.073827, -11.914147], [-77.0725, -11.911534]]}, "properties": {"cod_ruta": "PE-1N", "nombre_oficial": "I.V. Santa Anita - I.V. Huacho - Chimbote - Ov. La Marina (PE-10 A) - Ov. El Milagro - Paiján - Mocupe - Reque - Chiclayo - Lambayeque - Pte. Grau - Pte. Sullana Dv. Talara - Máncora - Zorritos - Tumbes - Pte. Internacional de La Paz (fr. Ecuador).", "departamento": "LIMA", "superficie": 1, "estado": 1, "long_km": 0.9, "puntos_criticos_1km": 5, "dist_min_m": 2.8, "peligro_top": "Inundación:4; Inundación, erosión fluvial:1", "nivel_top": "Muy alto", "pc_top_peligro": "Inundación, erosión fluvial", "nivel_inund": "Muy alto", "pc_inund_peligro": "Inundación, erosión fluvial", "pc_inund_lng": -77.07387, "pc_inund_lat": -11.91803, "nivel_mmasa": null, "pc_mmasa_peligro": null, "pc_mmasa_lng": null, "pc_mmasa_lat": null, "fid": "PE-1N-11", "pc_lng": -77.07387, "pc_lat": -11.91803, "corredor": "Panamericana Norte", "carga_materiales": ["Carbón"], "carga_origenes": ["Pampahuay", "Trujillo", "Áncash", "Áncash y Oyón"], "carga_destinos": ["Atocongo", "Condorcocha"], "carga_flujos": [{"m": "Carbón", "o": ["Pampahuay", "Trujillo", "Áncash", "Áncash y Oyón"], "d": ["Atocongo", "Condorcocha"]}]}}, {"type": "Feature", "geometry": {"type": "LineString", "coordinates": [[-74.23914, -12.940351], [-74.231972, -12.945906], [-74.231363, -12.949766], [-74.229751, -12.952748]]}, "properties": {"cod_ruta": "PE-3S", "nombre_oficial": "Repartición La Oroya (PE-22) - Huancayo - Izcuchaca (PE-26) - Mayoc - Ayacucho - Andahuaylas (PE-30 B) - Abancay - Anta - Cusco - Urcos - Ayaviri (PE-3S G) - Calapuja - Puno (PE-36 B) - Ilave - Pte. Internacional Desaguadero (fr. Bolivia).", "departamento": "AYACUCHO", "superficie": 1, "estado": 1, "long_km": 1.84, "puntos_criticos_1km": 5, "dist_min_m": 427.8, "peligro_top": "s/d:3; Inundación, flujo de detritos, erosión fluvial:2", "nivel_top": null, "pc_top_peligro": "", "nivel_inund": null, "pc_inund_peligro": "", "pc_inund_lng": -74.23823, "pc_inund_lat": -12.94651, "nivel_mmasa": null, "pc_mmasa_peligro": "Inundación, flujo de detritos, erosión fluvial", "pc_mmasa_lng": -74.23771, "pc_mmasa_lat": -12.93453, "fid": "PE-3S-09", "pc_lng": -74.23823, "pc_lat": -12.94651, "corredor": "Longitudinal de la Sierra Sur", "carga_materiales": ["Puzolana", "Yeso", "Arcilla"], "carga_origenes": ["Ayacucho", "Junín"], "carga_destinos": ["Atocongo", "Condorcocha"], "carga_flujos": [{"m": "Puzolana", "o": ["Ayacucho", "Junín"], "d": ["Atocongo", "Condorcocha"]}, {"m": "Yeso", "o": ["Junín"], "d": ["Atocongo", "Condorcocha"]}, {"m": "Arcilla", "o": ["Junín"], "d": ["Condorcocha"]}]}}, {"type": "Feature", "geometry": {"type": "LineString", "coordinates": [[-76.901688, -12.013836], [-76.898381, -12.016254], [-76.897452, -12.018705]]}, "properties": {"cod_ruta": "PE-22", "nombre_oficial": "Emp. PE-1N (I.V. La Menacho) – Pte. Carlos Graña – I.V. Huachipa - Pte. Huachipa – Dv. Sta. Anita (Av. Las Torres – Av. Nicolas Ayllón) - Sta. Clara - Pte. Los Angeles - Chosica (Av. Nicolas Ayllón) - Ricardo Palma - Pte. Ricardo Palma - Pte. Esperanza - Pte. La Cascada - Pte. Surco - Pte. Eduardo de Habich - Pte. Collana - Pte. Matucana – Matucana - San Mateo - Pte. Chicla - Abra Anticona - Morococha - Pte. Pachachaca - Santa Rosa de Sacco - Emp. PE-3 (Repartición La Oroya)", "departamento": "LIMA", "superficie": 1, "estado": 4, "long_km": 0.85, "puntos_criticos_1km": 5, "dist_min_m": 11.0, "peligro_top": "Inundación, erosión fluvial:4; Inundación:1", "nivel_top": "Muy alto", "pc_top_peligro": "Inundación, erosión fluvial", "nivel_inund": "Muy alto", "pc_inund_peligro": "Inundación, erosión fluvial", "pc_inund_lng": -76.89948, "pc_inund_lat": -12.01405, "nivel_mmasa": null, "pc_mmasa_peligro": null, "pc_mmasa_lng": null, "pc_mmasa_lat": null, "fid": "PE-22-16", "pc_lng": -76.89948, "pc_lat": -12.01405, "corredor": "Carretera Central", "carga_materiales": ["Caliza", "Puzolana", "Clínker", "Yeso", "Arcilla", "Sílice", "Óxido de fierro", "Carbón"], "carga_origenes": ["Junín", "Lima", "Tarma"], "carga_destinos": ["Atocongo", "Condorcocha"], "carga_flujos": [{"m": "Caliza", "o": ["Tarma"], "d": ["Atocongo"]}, {"m": "Puzolana", "o": ["Junín"], "d": ["Condorcocha"]}, {"m": "Clínker", "o": ["Lima"], "d": ["Condorcocha"]}, {"m": "Yeso", "o": ["Junín"], "d": ["Atocongo", "Condorcocha"]}, {"m": "Arcilla", "o": ["Junín", "Tarma"], "d": ["Condorcocha"]}, {"m": "Sílice", "o": ["Tarma"], "d": ["Atocongo"]}, {"m": "Óxido de fierro", "o": ["Tarma"], "d": ["Condorcocha"]}, {"m": "Carbón", "o": ["Lima"], "d": ["Condorcocha"]}]}}, {"type": "Feature", "geometry": {"type": "LineString", "coordinates": [[-77.761254, -10.72284], [-77.772599, -10.708095], [-77.779801, -10.700617]]}, "properties": {"cod_ruta": "PE-1N", "nombre_oficial": "I.V. Santa Anita - I.V. Huacho - Chimbote - Ov. La Marina (PE-10 A) - Ov. El Milagro - Paiján - Mocupe - Reque - Chiclayo - Lambayeque - Pte. Grau - Pte. Sullana Dv. Talara - Máncora - Zorritos - Tumbes - Pte. Internacional de La Paz (fr. Ecuador).", "departamento": "LIMA", "superficie": 1, "estado": 1, "long_km": 3.25, "puntos_criticos_1km": 4, "dist_min_m": 33.6, "peligro_top": "Inundación, erosión fluvial:2; Inundación, flujo de detritos, erosión:1; Inundación, Erosión fluvial:1", "nivel_top": "Muy Alto", "pc_top_peligro": "Inundación, Erosión fluvial", "nivel_inund": "Muy Alto", "pc_inund_peligro": "Inundación, Erosión fluvial", "pc_inund_lng": -77.77335, "pc_inund_lat": -10.72169, "nivel_mmasa": null, "pc_mmasa_peligro": "Inundación, flujo de detritos, erosión", "pc_mmasa_lng": -77.77211, "pc_mmasa_lat": -10.72223, "fid": "PE-1N-12", "pc_lng": -77.77335, "pc_lat": -10.72169, "corredor": "Panamericana Norte", "carga_materiales": ["Carbón"], "carga_origenes": ["Pampahuay", "Trujillo", "Áncash", "Áncash y Oyón"], "carga_destinos": ["Atocongo", "Condorcocha"], "carga_flujos": [{"m": "Carbón", "o": ["Pampahuay", "Trujillo", "Áncash", "Áncash y Oyón"], "d": ["Atocongo", "Condorcocha"]}]}}, {"type": "Feature", "geometry": {"type": "LineString", "coordinates": [[-75.230444, -12.047279], [-75.220405, -12.060862], [-75.208743, -12.080334], [-75.208352, -12.086124]]}, "properties": {"cod_ruta": "PE-3S", "nombre_oficial": "Repartición La Oroya (PE-22) - Huancayo - Izcuchaca (PE-26) - Mayoc - Ayacucho - Andahuaylas (PE-30 B) - Abancay - Anta - Cusco - Urcos - Ayaviri (PE-3S G) - Calapuja - Puno (PE-36 B) - Ilave - Pte. Internacional Desaguadero (fr. Bolivia).", "departamento": "JUNIN", "superficie": 1, "estado": 3, "long_km": 5.03, "puntos_criticos_1km": 4, "dist_min_m": 550.3, "peligro_top": "Inundación, erosión:4", "nivel_top": "Muy alto", "pc_top_peligro": "Inundación, erosión", "nivel_inund": "Muy alto", "pc_inund_peligro": "Inundación, erosión", "pc_inund_lng": -75.22038, "pc_inund_lat": -12.07067, "nivel_mmasa": null, "pc_mmasa_peligro": null, "pc_mmasa_lng": null, "pc_mmasa_lat": null, "fid": "PE-3S-10", "pc_lng": -75.22038, "pc_lat": -12.07067, "corredor": "Longitudinal de la Sierra Sur", "carga_materiales": ["Puzolana", "Yeso", "Arcilla"], "carga_origenes": ["Ayacucho", "Junín"], "carga_destinos": ["Atocongo", "Condorcocha"], "carga_flujos": [{"m": "Puzolana", "o": ["Ayacucho", "Junín"], "d": ["Atocongo", "Condorcocha"]}, {"m": "Yeso", "o": ["Junín"], "d": ["Atocongo", "Condorcocha"]}, {"m": "Arcilla", "o": ["Junín"], "d": ["Condorcocha"]}]}}, {"type": "Feature", "geometry": {"type": "LineString", "coordinates": [[-75.223169, -14.485154], [-75.222246, -14.483867], [-75.217016, -14.48355], [-75.216932, -14.48516], [-75.219309, -14.485357], [-75.219697, -14.486502], [-75.214274, -14.489432], [-75.213451, -14.491388], [-75.213858, -14.494039], [-75.211143, -14.494667], [-75.210368, -14.495583], [-75.215634, -14.511113], [-75.215182, -14.516902], [-75.213578, -14.518258], [-75.204812, -14.520847], [-75.20211, -14.520601], [-75.202536, -14.523078]]}, "properties": {"cod_ruta": "PE-1S", "nombre_oficial": "I.V. Santa Anita - Chincha Alta - Ica - Nazca - Dv. Camaná - Dv. Quilca (PE-1S D) - La Repartición (Dv. Arequipa) - Dv. Pto. Matarani (PE- 34) - La Joya - Dv. Moquegua (PE-36 A) - Dv. Ilo (PE-36) - Tacna (PE-38) - La Concordia (fr. Chile).", "departamento": "ICA", "superficie": 1, "estado": 3, "long_km": 7.34, "puntos_criticos_1km": 4, "dist_min_m": 10.1, "peligro_top": "Inundación:2; Inundación, erosión fluvial:2", "nivel_top": "Muy alto", "pc_top_peligro": "Inundación, erosión fluvial", "nivel_inund": "Muy alto", "pc_inund_peligro": "Inundación, erosión fluvial", "pc_inund_lng": -75.21145, "pc_inund_lat": -14.51907, "nivel_mmasa": null, "pc_mmasa_peligro": null, "pc_mmasa_lng": null, "pc_mmasa_lat": null, "fid": "PE-1S-17", "pc_lng": -75.21145, "pc_lat": -14.51907, "corredor": "Panamericana Sur", "carga_materiales": ["Caliza", "Puzolana"], "carga_origenes": ["Arequipa", "Chilca", "Ica", "Lima", "Lurín"], "carga_destinos": ["Atocongo"], "carga_flujos": [{"m": "Caliza", "o": ["Chilca", "Lima", "Lurín"], "d": ["Atocongo"]}, {"m": "Puzolana", "o": ["Arequipa", "Ica"], "d": ["Atocongo"]}]}}, {"type": "Feature", "geometry": {"type": "LineString", "coordinates": [[-77.689805, -10.859891], [-77.699975, -10.828602], [-77.6993, -10.82609], [-77.700694, -10.824108], [-77.70074, -10.810148], [-77.70225, -10.804924], [-77.706273, -10.796069]]}, "properties": {"cod_ruta": "PE-1N", "nombre_oficial": "I.V. Santa Anita - I.V. Huacho - Chimbote - Ov. La Marina (PE-10 A) - Ov. El Milagro - Paiján - Mocupe - Reque - Chiclayo - Lambayeque - Pte. Grau - Pte. Sullana Dv. Talara - Máncora - Zorritos - Tumbes - Pte. Internacional de La Paz (fr. Ecuador).", "departamento": "LIMA", "superficie": 1, "estado": 1, "long_km": 7.35, "puntos_criticos_1km": 4, "dist_min_m": 4.8, "peligro_top": "Inundación:2; s/d:2", "nivel_top": null, "pc_top_peligro": "Inundación", "nivel_inund": null, "pc_inund_peligro": "Inundación", "pc_inund_lng": -77.69632, "pc_inund_lat": -10.83553, "nivel_mmasa": null, "pc_mmasa_peligro": null, "pc_mmasa_lng": null, "pc_mmasa_lat": null, "fid": "PE-1N-13", "pc_lng": -77.69632, "pc_lat": -10.83553, "corredor": "Panamericana Norte", "carga_materiales": ["Carbón"], "carga_origenes": ["Pampahuay", "Trujillo", "Áncash", "Áncash y Oyón"], "carga_destinos": ["Atocongo", "Condorcocha"], "carga_flujos": [{"m": "Carbón", "o": ["Pampahuay", "Trujillo", "Áncash", "Áncash y Oyón"], "d": ["Atocongo", "Condorcocha"]}]}}, {"type": "Feature", "geometry": {"type": "LineString", "coordinates": [[-78.622356, -8.965526], [-78.629403, -8.959893], [-78.6297, -8.942765], [-78.633259, -8.936065], [-78.635041, -8.930614]]}, "properties": {"cod_ruta": "PE-1N", "nombre_oficial": "I.V. Santa Anita - I.V. Huacho - Chimbote - Ov. La Marina (PE-10 A) - Ov. El Milagro - Paiján - Mocupe - Reque - Chiclayo - Lambayeque - Pte. Grau - Pte. Sullana Dv. Talara - Máncora - Zorritos - Tumbes - Pte. Internacional de La Paz (fr. Ecuador).", "departamento": "LA LIBERTAD", "superficie": 1, "estado": 1, "long_km": 4.37, "puntos_criticos_1km": 4, "dist_min_m": 410.7, "peligro_top": "Inundación:2; Inundación, flujo de detritos, erosión:1; Inundación, flujo de detritos, erosión fluvial:1", "nivel_top": "Muy alto", "pc_top_peligro": "Inundación, flujo de detritos, erosión fluvial", "nivel_inund": "Muy alto", "pc_inund_peligro": "Inundación, flujo de detritos, erosión fluvial", "pc_inund_lng": -78.62704, "pc_inund_lat": -8.96828, "nivel_mmasa": "Muy alto", "pc_mmasa_peligro": "Inundación, flujo de detritos, erosión fluvial", "pc_mmasa_lng": -78.62704, "pc_mmasa_lat": -8.96828, "fid": "PE-1N-14", "pc_lng": -78.62704, "pc_lat": -8.96828, "corredor": "Panamericana Norte", "carga_materiales": ["Carbón"], "carga_origenes": ["Pampahuay", "Trujillo", "Áncash", "Áncash y Oyón"], "carga_destinos": ["Atocongo", "Condorcocha"], "carga_flujos": [{"m": "Carbón", "o": ["Pampahuay", "Trujillo", "Áncash", "Áncash y Oyón"], "d": ["Atocongo", "Condorcocha"]}]}}, {"type": "Feature", "geometry": {"type": "LineString", "coordinates": [[-74.384341, -12.81467], [-74.381062, -12.816554], [-74.380734, -12.820693], [-74.377508, -12.824737], [-74.368806, -12.831723], [-74.365583, -12.832393], [-74.364836, -12.838084], [-74.361675, -12.839119], [-74.35884, -12.835656]]}, "properties": {"cod_ruta": "PE-3S", "nombre_oficial": "Repartición La Oroya (PE-22) - Huancayo - Izcuchaca (PE-26) - Mayoc - Ayacucho - Andahuaylas (PE-30 B) - Abancay - Anta - Cusco - Urcos - Ayaviri (PE-3S G) - Calapuja - Puno (PE-36 B) - Ilave - Pte. Internacional Desaguadero (fr. Bolivia).", "departamento": "HUANCAVELICA", "superficie": 1, "estado": 1, "long_km": 4.97, "puntos_criticos_1km": 4, "dist_min_m": 297.2, "peligro_top": "Inundación:2; Inundación, erosión:1; Inundación, flujo de detritos, erosión:1", "nivel_top": null, "pc_top_peligro": "Inundación", "nivel_inund": null, "pc_inund_peligro": "Inundación", "pc_inund_lng": -74.37665, "pc_inund_lat": -12.81583, "nivel_mmasa": null, "pc_mmasa_peligro": "Inundación, flujo de detritos, erosión", "pc_mmasa_lng": -74.38174, "pc_mmasa_lat": -12.81317, "fid": "PE-3S-11", "pc_lng": -74.37665, "pc_lat": -12.81583, "corredor": "Longitudinal de la Sierra Sur", "carga_materiales": ["Puzolana", "Yeso", "Arcilla"], "carga_origenes": ["Ayacucho", "Junín"], "carga_destinos": ["Atocongo", "Condorcocha"], "carga_flujos": [{"m": "Puzolana", "o": ["Ayacucho", "Junín"], "d": ["Atocongo", "Condorcocha"]}, {"m": "Yeso", "o": ["Junín"], "d": ["Atocongo", "Condorcocha"]}, {"m": "Arcilla", "o": ["Junín"], "d": ["Condorcocha"]}]}}, {"type": "Feature", "geometry": {"type": "LineString", "coordinates": [[-74.258694, -12.9321], [-74.258462, -12.936216], [-74.251784, -12.943368], [-74.24864, -12.943092], [-74.247796, -12.946247]]}, "properties": {"cod_ruta": "PE-3S", "nombre_oficial": "Repartición La Oroya (PE-22) - Huancayo - Izcuchaca (PE-26) - Mayoc - Ayacucho - Andahuaylas (PE-30 B) - Abancay - Anta - Cusco - Urcos - Ayaviri (PE-3S G) - Calapuja - Puno (PE-36 B) - Ilave - Pte. Internacional Desaguadero (fr. Bolivia).", "departamento": "AYACUCHO", "superficie": 1, "estado": 3, "long_km": 2.37, "puntos_criticos_1km": 4, "dist_min_m": 9.5, "peligro_top": "Inundación:3; Inundación, flujo de detritos, erosión fluvial:1", "nivel_top": "Alto", "pc_top_peligro": "Inundación", "nivel_inund": "Alto", "pc_inund_peligro": "Inundación", "pc_inund_lng": -74.25169, "pc_inund_lat": -12.94582, "nivel_mmasa": null, "pc_mmasa_peligro": "Inundación, flujo de detritos, erosión fluvial", "pc_mmasa_lng": -74.25124, "pc_mmasa_lat": -12.93106, "fid": "PE-3S-12", "pc_lng": -74.25169, "pc_lat": -12.94582, "corredor": "Longitudinal de la Sierra Sur", "carga_materiales": ["Puzolana", "Yeso", "Arcilla"], "carga_origenes": ["Ayacucho", "Junín"], "carga_destinos": ["Atocongo", "Condorcocha"], "carga_flujos": [{"m": "Puzolana", "o": ["Ayacucho", "Junín"], "d": ["Atocongo", "Condorcocha"]}, {"m": "Yeso", "o": ["Junín"], "d": ["Atocongo", "Condorcocha"]}, {"m": "Arcilla", "o": ["Junín"], "d": ["Condorcocha"]}]}}, {"type": "Feature", "geometry": {"type": "LineString", "coordinates": [[-78.415723, -9.284484], [-78.415826, -9.281885], [-78.418908, -9.273015], [-78.433385, -9.257317], [-78.434755, -9.254972], [-78.435997, -9.254507], [-78.443109, -9.246776], [-78.447798, -9.239468], [-78.450432, -9.214037], [-78.460222, -9.199605]]}, "properties": {"cod_ruta": "PE-1N", "nombre_oficial": "I.V. Santa Anita - I.V. Huacho - Chimbote - Ov. La Marina (PE-10 A) - Ov. El Milagro - Paiján - Mocupe - Reque - Chiclayo - Lambayeque - Pte. Grau - Pte. Sullana Dv. Talara - Máncora - Zorritos - Tumbes - Pte. Internacional de La Paz (fr. Ecuador).", "departamento": "ANCASH", "superficie": 1, "estado": 1, "long_km": 11.06, "puntos_criticos_1km": 4, "dist_min_m": 447.9, "peligro_top": "Inundación:2; s/d:1; Inundación, erosión fluvial:1", "nivel_top": "Muy alto", "pc_top_peligro": "Inundación, erosión fluvial", "nivel_inund": "Muy alto", "pc_inund_peligro": "Inundación, erosión fluvial", "pc_inund_lng": -78.42656, "pc_inund_lat": -9.25871, "nivel_mmasa": null, "pc_mmasa_peligro": null, "pc_mmasa_lng": null, "pc_mmasa_lat": null, "fid": "PE-1N-15", "pc_lng": -78.42656, "pc_lat": -9.25871, "corredor": "Panamericana Norte", "carga_materiales": ["Carbón"], "carga_origenes": ["Pampahuay", "Trujillo", "Áncash", "Áncash y Oyón"], "carga_destinos": ["Atocongo", "Condorcocha"], "carga_flujos": [{"m": "Carbón", "o": ["Pampahuay", "Trujillo", "Áncash", "Áncash y Oyón"], "d": ["Atocongo", "Condorcocha"]}]}}, {"type": "Feature", "geometry": {"type": "LineString", "coordinates": [[-74.263434, -13.191213], [-74.258521, -13.187858], [-74.258763, -13.186441], [-74.257278, -13.184697], [-74.254359, -13.174267], [-74.253113, -13.173292], [-74.252223, -13.169812], [-74.250275, -13.169707], [-74.248026, -13.170837], [-74.247935, -13.169298], [-74.249778, -13.164964], [-74.247981, -13.164702], [-74.244863, -13.166279], [-74.244503, -13.167783], [-74.244382, -13.165034], [-74.242159, -13.168717], [-74.241659, -13.167926], [-74.242476, -13.16452], [-74.23843, -13.165748], [-74.239898, -13.163191], [-74.239463, -13.161481], [-74.237188, -13.159688], [-74.238135, -13.158849], [-74.237007, -13.158094], [-74.236101, -13.15843], [-74.23491, -13.157108], [-74.235488, -13.155892], [-74.231619, -13.146742]]}, "properties": {"cod_ruta": "PE-28A", "nombre_oficial": "Emp.PE-1S E (Dv. Huaytará) - Independencia - Humay - Huáncano - Pámpano (PE 28 D) - Pte. Huaytara - Pte. Cuyahuasi - Pte. Tullpa - Pte. Dos de Mayo - Pte. Muchic - Pte. Ana Teresa - Pte. Tsej Tsi - Pte. Tranca - Huaytará - Pte. Suyacuna - Pte. Mollepayana - Pte. Carniceria - Pte. Satan - Pte. San Rafael - Pte. San Miguel - Abra Yuncaccara -Pte. Rumichaca 1 – Rumichaca (PE-28 E) - Licapa - Abra Apacheta Grande - Pte. Niñacha - Niñachaca - Abra Yanabamba - Socos - Emp. PE-3S (Ayacucho)", "departamento": "AYACUCHO", "superficie": 1, "estado": 3, "long_km": 9.64, "puntos_criticos_1km": 4, "dist_min_m": 38.8, "peligro_top": "Inundación, flujo de detritos, erosión fluvial:2; Inundación, erosión fluvial:2", "nivel_top": "Alto", "pc_top_peligro": "Inundación, erosión fluvial", "nivel_inund": "Alto", "pc_inund_peligro": "Inundación, erosión fluvial", "pc_inund_lng": -74.23025, "pc_inund_lat": -13.16736, "nivel_mmasa": null, "pc_mmasa_peligro": "Inundación, flujo de detritos, erosión fluvial", "pc_mmasa_lng": -74.23481, "pc_mmasa_lat": -13.15517, "fid": "PE-28A-10", "pc_lng": -74.23025, "pc_lat": -13.16736, "corredor": "Los Libertadores", "carga_materiales": ["Puzolana"], "carga_origenes": ["Ayacucho"], "carga_destinos": ["Atocongo", "Condorcocha"], "carga_flujos": [{"m": "Puzolana", "o": ["Ayacucho"], "d": ["Atocongo", "Condorcocha"]}]}}, {"type": "Feature", "geometry": {"type": "LineString", "coordinates": [[-75.907628, -13.727853], [-75.895862, -13.723809]]}, "properties": {"cod_ruta": "PE-28A", "nombre_oficial": "Emp.PE-1S E (Dv. Huaytará) - Independencia - Humay - Huáncano - Pámpano (PE 28 D) - Pte. Huaytara - Pte. Cuyahuasi - Pte. Tullpa - Pte. Dos de Mayo - Pte. Muchic - Pte. Ana Teresa - Pte. Tsej Tsi - Pte. Tranca - Huaytará - Pte. Suyacuna - Pte. Mollepayana - Pte. Carniceria - Pte. Satan - Pte. San Rafael - Pte. San Miguel - Abra Yuncaccara -Pte. Rumichaca 1 – Rumichaca (PE-28 E) - Licapa - Abra Apacheta Grande - Pte. Niñacha - Niñachaca - Abra Yanabamba - Socos - Emp. PE-3S (Ayacucho)", "departamento": "ICA", "superficie": 1, "estado": 3, "long_km": 1.35, "puntos_criticos_1km": 4, "dist_min_m": 737.4, "peligro_top": "Inundación, flujo de detritos, erosión:2; Inundación, erosión:1; s/d:1", "nivel_top": "Medio", "pc_top_peligro": "", "nivel_inund": "Medio", "pc_inund_peligro": "", "pc_inund_lng": -75.89874, "pc_inund_lat": -13.73191, "nivel_mmasa": null, "pc_mmasa_peligro": "Inundación, flujo de detritos, erosión", "pc_mmasa_lng": -75.89885, "pc_mmasa_lat": -13.73203, "fid": "PE-28A-11", "pc_lng": -75.89874, "pc_lat": -13.73191, "corredor": "Los Libertadores", "carga_materiales": ["Puzolana"], "carga_origenes": ["Ayacucho"], "carga_destinos": ["Atocongo", "Condorcocha"], "carga_flujos": [{"m": "Puzolana", "o": ["Ayacucho"], "d": ["Atocongo", "Condorcocha"]}]}}, {"type": "Feature", "geometry": {"type": "LineString", "coordinates": [[-74.709655, -12.556129], [-74.708872, -12.559975], [-74.706044, -12.563385], [-74.697834, -12.566189], [-74.693699, -12.565773], [-74.69281, -12.567938], [-74.689401, -12.570533], [-74.688429, -12.573062], [-74.68879, -12.574766], [-74.692531, -12.577152], [-74.69472, -12.581911], [-74.694934, -12.584692], [-74.693365, -12.586838], [-74.690463, -12.589074], [-74.678021, -12.588156], [-74.676209, -12.589317], [-74.672638, -12.590007], [-74.670463, -12.591569], [-74.672692, -12.594925], [-74.671649, -12.598332], [-74.666086, -12.600731], [-74.662744, -12.604862], [-74.661416, -12.605424], [-74.65689, -12.6147], [-74.655674, -12.614887], [-74.653334, -12.613161], [-74.651709, -12.613419], [-74.652201, -12.615446], [-74.646922, -12.621486], [-74.646624, -12.626427], [-74.64574, -12.628477], [-74.64052, -12.626452], [-74.642732, -12.629059], [-74.639282, -12.633644], [-74.639082, -12.636355], [-74.638146, -12.637299], [-74.638808, -12.640347], [-74.638125, -12.644104], [-74.636585, -12.645052], [-74.634857, -12.64471], [-74.632407, -12.642731], [-74.630206, -12.642651], [-74.625985, -12.646233], [-74.625101, -12.645992], [-74.62575, -12.647303], [-74.62469, -12.653178], [-74.62353, -12.653626], [-74.621262, -12.65672]]}, "properties": {"cod_ruta": "PE-3S", "nombre_oficial": "Repartición La Oroya (PE-22) - Huancayo - Izcuchaca (PE-26) - Mayoc - Ayacucho - Andahuaylas (PE-30 B) - Abancay - Anta - Cusco - Urcos - Ayaviri (PE-3S G) - Calapuja - Puno (PE-36 B) - Ilave - Pte. Internacional Desaguadero (fr. Bolivia).", "departamento": "HUANCAVELICA", "superficie": 11, "estado": 3, "long_km": 20.4, "puntos_criticos_1km": 4, "dist_min_m": 13.0, "peligro_top": "Inundación, erosión fluvial:4", "nivel_top": null, "pc_top_peligro": "Inundación, erosión fluvial", "nivel_inund": null, "pc_inund_peligro": "Inundación, erosión fluvial", "pc_inund_lng": -74.69799, "pc_inund_lat": -12.56626, "nivel_mmasa": null, "pc_mmasa_peligro": null, "pc_mmasa_lng": null, "pc_mmasa_lat": null, "fid": "PE-3S-13", "pc_lng": -74.69799, "pc_lat": -12.56626, "corredor": "Longitudinal de la Sierra Sur", "carga_materiales": ["Puzolana", "Yeso", "Arcilla"], "carga_origenes": ["Ayacucho", "Junín"], "carga_destinos": ["Atocongo", "Condorcocha"], "carga_flujos": [{"m": "Puzolana", "o": ["Ayacucho", "Junín"], "d": ["Atocongo", "Condorcocha"]}, {"m": "Yeso", "o": ["Junín"], "d": ["Atocongo", "Condorcocha"]}, {"m": "Arcilla", "o": ["Junín"], "d": ["Condorcocha"]}]}}, {"type": "Feature", "geometry": {"type": "LineString", "coordinates": [[-77.072307, -11.931224], [-77.073458, -11.919213]]}, "properties": {"cod_ruta": "PE-1N", "nombre_oficial": "I.V. Santa Anita - I.V. Huacho - Chimbote - Ov. La Marina (PE-10 A) - Ov. El Milagro - Paiján - Mocupe - Reque - Chiclayo - Lambayeque - Pte. Grau - Pte. Sullana Dv. Talara - Máncora - Zorritos - Tumbes - Pte. Internacional de La Paz (fr. Ecuador).", "departamento": "LIMA", "superficie": 1, "estado": 1, "long_km": 1.33, "puntos_criticos_1km": 4, "dist_min_m": 345.9, "peligro_top": "Inundación:3; Inundación, erosión fluvial:1", "nivel_top": "Muy alto", "pc_top_peligro": "Inundación, erosión fluvial", "nivel_inund": "Muy alto", "pc_inund_peligro": "Inundación, erosión fluvial", "pc_inund_lng": -77.07654, "pc_inund_lat": -11.92293, "nivel_mmasa": null, "pc_mmasa_peligro": null, "pc_mmasa_lng": null, "pc_mmasa_lat": null, "fid": "PE-1N-16", "pc_lng": -77.07654, "pc_lat": -11.92293, "corredor": "Panamericana Norte", "carga_materiales": ["Carbón"], "carga_origenes": ["Pampahuay", "Trujillo", "Áncash", "Áncash y Oyón"], "carga_destinos": ["Atocongo", "Condorcocha"], "carga_flujos": [{"m": "Carbón", "o": ["Pampahuay", "Trujillo", "Áncash", "Áncash y Oyón"], "d": ["Atocongo", "Condorcocha"]}]}}, {"type": "Feature", "geometry": {"type": "LineString", "coordinates": [[-76.973472, -11.742153], [-76.972995, -11.738468], [-76.968122, -11.729148]]}, "properties": {"cod_ruta": "PE-20A", "nombre_oficial": "Emp. PE-1N (Dv. Trapiche) - Yangas -  Dv. Sta. Rosa de Quives - Canta - Abra La Viuda - Abra La Cruzada - Huayllay – Cochamarca – Vicco - Emp.PE-3N (Villa de Pasco)", "departamento": "LIMA", "superficie": 1, "estado": 3, "long_km": 1.43, "puntos_criticos_1km": 4, "dist_min_m": 61.0, "peligro_top": "Inundación:3; s/d:1", "nivel_top": null, "pc_top_peligro": null, "nivel_inund": null, "pc_inund_peligro": null, "pc_inund_lng": -76.97018, "pc_inund_lat": -11.72939, "nivel_mmasa": null, "pc_mmasa_peligro": null, "pc_mmasa_lng": null, "pc_mmasa_lat": null, "fid": "PE-20A-03", "pc_lng": -76.97018, "pc_lat": -11.72939, "corredor": "Lima-Canta", "carga_materiales": ["Caliza"], "carga_origenes": ["Canta"], "carga_destinos": ["Atocongo"], "carga_flujos": [{"m": "Caliza", "o": ["Canta"], "d": ["Atocongo"]}]}}, {"type": "Feature", "geometry": {"type": "LineString", "coordinates": [[-77.04492, -11.89149], [-77.028804, -11.872552], [-77.028491, -11.873004], [-77.021291, -11.862733], [-77.019157, -11.862718]]}, "properties": {"cod_ruta": "PE-20A", "nombre_oficial": "Emp. PE-1N (Dv. Trapiche) - Yangas -  Dv. Sta. Rosa de Quives - Canta - Abra La Viuda - Abra La Cruzada - Huayllay – Cochamarca – Vicco - Emp.PE-3N (Villa de Pasco)", "departamento": "LIMA", "superficie": 1, "estado": 4, "long_km": 4.48, "puntos_criticos_1km": 4, "dist_min_m": 626.0, "peligro_top": "Inundación:4", "nivel_top": null, "pc_top_peligro": "Inundación", "nivel_inund": null, "pc_inund_peligro": "Inundación", "pc_inund_lng": -77.04234, "pc_inund_lat": -11.87939, "nivel_mmasa": null, "pc_mmasa_peligro": null, "pc_mmasa_lng": null, "pc_mmasa_lat": null, "fid": "PE-20A-04", "pc_lng": -77.04234, "pc_lat": -11.87939, "corredor": "Lima-Canta", "carga_materiales": ["Caliza"], "carga_origenes": ["Canta"], "carga_destinos": ["Atocongo"], "carga_flujos": [{"m": "Caliza", "o": ["Canta"], "d": ["Atocongo"]}]}}, {"type": "Feature", "geometry": {"type": "LineString", "coordinates": [[-78.463561, -9.194963], [-78.466158, -9.191925], [-78.467556, -9.186279], [-78.470107, -9.186478], [-78.474649, -9.180473], [-78.55496, -9.106557], [-78.559433, -9.101595], [-78.570222, -9.092448]]}, "properties": {"cod_ruta": "PE-1N", "nombre_oficial": "I.V. Santa Anita - I.V. Huacho - Chimbote - Ov. La Marina (PE-10 A) - Ov. El Milagro - Paiján - Mocupe - Reque - Chiclayo - Lambayeque - Pte. Grau - Pte. Sullana Dv. Talara - Máncora - Zorritos - Tumbes - Pte. Internacional de La Paz (fr. Ecuador).", "departamento": "ANCASH", "superficie": 1, "estado": 1, "long_km": 16.25, "puntos_criticos_1km": 4, "dist_min_m": 49.6, "peligro_top": "Inundación, Erosión fluvial:4", "nivel_top": "Alto", "pc_top_peligro": "Inundación, Erosión fluvial", "nivel_inund": "Alto", "pc_inund_peligro": "Inundación, Erosión fluvial", "pc_inund_lng": -78.54957, "pc_inund_lat": -9.11213, "nivel_mmasa": null, "pc_mmasa_peligro": null, "pc_mmasa_lng": null, "pc_mmasa_lat": null, "fid": "PE-1N-17", "pc_lng": -78.54957, "pc_lat": -9.11213, "corredor": "Panamericana Norte", "carga_materiales": ["Carbón"], "carga_origenes": ["Pampahuay", "Trujillo", "Áncash", "Áncash y Oyón"], "carga_destinos": ["Atocongo", "Condorcocha"], "carga_flujos": [{"m": "Carbón", "o": ["Pampahuay", "Trujillo", "Áncash", "Áncash y Oyón"], "d": ["Atocongo", "Condorcocha"]}]}}, {"type": "Feature", "geometry": {"type": "LineString", "coordinates": [[-73.267806, -16.381896], [-73.266664, -16.385533], [-73.264292, -16.387973], [-73.260469, -16.388983], [-73.25331, -16.387473]]}, "properties": {"cod_ruta": "PE-1S", "nombre_oficial": "I.V. Santa Anita - Chincha Alta - Ica - Nazca - Dv. Camaná - Dv. Quilca (PE-1S D) - La Repartición (Dv. Arequipa) - Dv. Pto. Matarani (PE- 34) - La Joya - Dv. Moquegua (PE-36 A) - Dv. Ilo (PE-36) - Tacna (PE-38) - La Concordia (fr. Chile).", "departamento": "AREQUIPA", "superficie": 1, "estado": 1, "long_km": 2.04, "puntos_criticos_1km": 3, "dist_min_m": 35.4, "peligro_top": "s/d:2; Inundación:1", "nivel_top": null, "pc_top_peligro": null, "nivel_inund": null, "pc_inund_peligro": null, "pc_inund_lng": -73.25755, "pc_inund_lat": -16.3891, "nivel_mmasa": null, "pc_mmasa_peligro": null, "pc_mmasa_lng": null, "pc_mmasa_lat": null, "fid": "PE-1S-18", "pc_lng": -73.25755, "pc_lat": -16.3891, "corredor": "Panamericana Sur", "carga_materiales": ["Caliza", "Puzolana"], "carga_origenes": ["Arequipa", "Chilca", "Ica", "Lima", "Lurín"], "carga_destinos": ["Atocongo"], "carga_flujos": [{"m": "Caliza", "o": ["Chilca", "Lima", "Lurín"], "d": ["Atocongo"]}, {"m": "Puzolana", "o": ["Arequipa", "Ica"], "d": ["Atocongo"]}]}}, {"type": "Feature", "geometry": {"type": "LineString", "coordinates": [[-75.535358, -13.566331], [-75.533347, -13.567065], [-75.522796, -13.566998], [-75.516179, -13.569063], [-75.514701, -13.581133], [-75.515775, -13.583186], [-75.514648, -13.586895], [-75.511763, -13.588476]]}, "properties": {"cod_ruta": "PE-28A", "nombre_oficial": "Emp.PE-1S E (Dv. Huaytará) - Independencia - Humay - Huáncano - Pámpano (PE 28 D) - Pte. Huaytara - Pte. Cuyahuasi - Pte. Tullpa - Pte. Dos de Mayo - Pte. Muchic - Pte. Ana Teresa - Pte. Tsej Tsi - Pte. Tranca - Huaytará - Pte. Suyacuna - Pte. Mollepayana - Pte. Carniceria - Pte. Satan - Pte. San Rafael - Pte. San Miguel - Abra Yuncaccara -Pte. Rumichaca 1 – Rumichaca (PE-28 E) - Licapa - Abra Apacheta Grande - Pte. Niñacha - Niñachaca - Abra Yanabamba - Socos - Emp. PE-3S (Ayacucho)", "departamento": "ICA", "superficie": 1, "estado": 1, "long_km": 4.69, "puntos_criticos_1km": 3, "dist_min_m": 16.3, "peligro_top": "Inundación, flujo de detritos, erosión fluvial:2; s/d:1", "nivel_top": "Alto", "pc_top_peligro": "Inundación, flujo de detritos, erosión fluvial", "nivel_inund": "Alto", "pc_inund_peligro": "Inundación, flujo de detritos, erosión fluvial", "pc_inund_lng": -75.51044, "pc_inund_lat": -13.56559, "nivel_mmasa": "Alto", "pc_mmasa_peligro": "Inundación, flujo de detritos, erosión fluvial", "pc_mmasa_lng": -75.51044, "pc_mmasa_lat": -13.56559, "fid": "PE-28A-12", "pc_lng": -75.51044, "pc_lat": -13.56559, "corredor": "Los Libertadores", "carga_materiales": ["Puzolana"], "carga_origenes": ["Ayacucho"], "carga_destinos": ["Atocongo", "Condorcocha"], "carga_flujos": [{"m": "Puzolana", "o": ["Ayacucho"], "d": ["Atocongo", "Condorcocha"]}]}}, {"type": "Feature", "geometry": {"type": "LineString", "coordinates": [[-73.285664, -16.35613], [-73.280942, -16.359922], [-73.282943, -16.360487], [-73.283862, -16.36161], [-73.280559, -16.361678], [-73.275846, -16.360522], [-73.273957, -16.363753], [-73.273889, -16.365933], [-73.270442, -16.36802], [-73.269474, -16.370027], [-73.272306, -16.37277], [-73.273142, -16.374883], [-73.271987, -16.376546], [-73.272675, -16.378167], [-73.271355, -16.379439], [-73.268696, -16.379358], [-73.267806, -16.381896]]}, "properties": {"cod_ruta": "PE-1S", "nombre_oficial": "I.V. Santa Anita - Chincha Alta - Ica - Nazca - Dv. Camaná - Dv. Quilca (PE-1S D) - La Repartición (Dv. Arequipa) - Dv. Pto. Matarani (PE- 34) - La Joya - Dv. Moquegua (PE-36 A) - Dv. Ilo (PE-36) - Tacna (PE-38) - La Concordia (fr. Chile).", "departamento": "AREQUIPA", "superficie": 1, "estado": 1, "long_km": 5.4, "puntos_criticos_1km": 3, "dist_min_m": 337.6, "peligro_top": "Inundación, flujo de detritos, erosión:2; s/d:1", "nivel_top": null, "pc_top_peligro": "", "nivel_inund": null, "pc_inund_peligro": "", "pc_inund_lng": -73.2624, "pc_inund_lat": -16.37697, "nivel_mmasa": null, "pc_mmasa_peligro": "Inundación, flujo de detritos, erosión", "pc_mmasa_lng": -73.26264, "pc_mmasa_lat": -16.37812, "fid": "PE-1S-19", "pc_lng": -73.2624, "pc_lat": -16.37697, "corredor": "Panamericana Sur", "carga_materiales": ["Caliza", "Puzolana"], "carga_origenes": ["Arequipa", "Chilca", "Ica", "Lima", "Lurín"], "carga_destinos": ["Atocongo"], "carga_flujos": [{"m": "Caliza", "o": ["Chilca", "Lima", "Lurín"], "d": ["Atocongo"]}, {"m": "Puzolana", "o": ["Arequipa", "Ica"], "d": ["Atocongo"]}]}}, {"type": "Feature", "geometry": {"type": "LineString", "coordinates": [[-76.921366, -12.256395], [-76.85923, -12.295418], [-76.847255, -12.300901]]}, "properties": {"cod_ruta": "PE-1S", "nombre_oficial": "I.V. Santa Anita - Chincha Alta - Ica - Nazca - Dv. Camaná - Dv. Quilca (PE-1S D) - La Repartición (Dv. Arequipa) - Dv. Pto. Matarani (PE- 34) - La Joya - Dv. Moquegua (PE-36 A) - Dv. Ilo (PE-36) - Tacna (PE-38) - La Concordia (fr. Chile).", "departamento": "LIMA", "superficie": 1, "estado": 3, "long_km": 9.46, "puntos_criticos_1km": 3, "dist_min_m": 105.5, "peligro_top": "Inundación:3", "nivel_top": null, "pc_top_peligro": "Inundación", "nivel_inund": null, "pc_inund_peligro": "Inundación", "pc_inund_lng": -76.89556, "pc_inund_lat": -12.26342, "nivel_mmasa": null, "pc_mmasa_peligro": null, "pc_mmasa_lng": null, "pc_mmasa_lat": null, "fid": "PE-1S-20", "pc_lng": -76.89556, "pc_lat": -12.26342, "corredor": "Panamericana Sur", "carga_materiales": ["Caliza", "Puzolana"], "carga_origenes": ["Arequipa", "Chilca", "Ica", "Lima", "Lurín"], "carga_destinos": ["Atocongo"], "carga_flujos": [{"m": "Caliza", "o": ["Chilca", "Lima", "Lurín"], "d": ["Atocongo"]}, {"m": "Puzolana", "o": ["Arequipa", "Ica"], "d": ["Atocongo"]}]}}, {"type": "Feature", "geometry": {"type": "LineString", "coordinates": [[-71.757025, -16.983209], [-71.747119, -16.985637], [-71.744673, -16.987102], [-71.740614, -16.991564], [-71.730602, -16.993469], [-71.72755, -16.995267], [-71.722038, -16.996148], [-71.71985, -16.998404], [-71.716383, -16.998555], [-71.715411, -17.000277], [-71.714104, -17.000729], [-71.71326, -17.003069], [-71.711612, -17.003483], [-71.709935, -17.005442], [-71.709204, -17.007155], [-71.710438, -17.01186], [-71.708888, -17.016067], [-71.711207, -17.019066], [-71.707879, -17.017493], [-71.710078, -17.018993], [-71.710224, -17.022253], [-71.711331, -17.02259], [-71.712353, -17.02124], [-71.713786, -17.02215], [-71.71195, -17.022946], [-71.713117, -17.024778], [-71.709663, -17.025706], [-71.705246, -17.034216], [-71.70286, -17.033336]]}, "properties": {"cod_ruta": "PE-1S", "nombre_oficial": "I.V. Santa Anita - Chincha Alta - Ica - Nazca - Dv. Camaná - Dv. Quilca (PE-1S D) - La Repartición (Dv. Arequipa) - Dv. Pto. Matarani (PE- 34) - La Joya - Dv. Moquegua (PE-36 A) - Dv. Ilo (PE-36) - Tacna (PE-38) - La Concordia (fr. Chile).", "departamento": "AREQUIPA", "superficie": 1, "estado": 1, "long_km": 11.71, "puntos_criticos_1km": 3, "dist_min_m": 135.9, "peligro_top": "Inundación, erosión fluvial:2; Inundación, flujo de detritos, erosión:1", "nivel_top": "Muy alto", "pc_top_peligro": "Inundación, erosión fluvial", "nivel_inund": "Muy alto", "pc_inund_peligro": "Inundación, erosión fluvial", "pc_inund_lng": -71.70321, "pc_inund_lat": -17.03644, "nivel_mmasa": null, "pc_mmasa_peligro": "Inundación, flujo de detritos, erosión", "pc_mmasa_lng": -71.70466, "pc_mmasa_lat": -17.03563, "fid": "PE-1S-21", "pc_lng": -71.70321, "pc_lat": -17.03644, "corredor": "Panamericana Sur", "carga_materiales": ["Caliza", "Puzolana"], "carga_origenes": ["Arequipa", "Chilca", "Ica", "Lima", "Lurín"], "carga_destinos": ["Atocongo"], "carga_flujos": [{"m": "Caliza", "o": ["Chilca", "Lima", "Lurín"], "d": ["Atocongo"]}, {"m": "Puzolana", "o": ["Arequipa", "Ica"], "d": ["Atocongo"]}]}}, {"type": "Feature", "geometry": {"type": "LineString", "coordinates": [[-78.77726, -8.42971], [-78.787695, -8.416964], [-78.790131, -8.415029], [-78.815717, -8.408343]]}, "properties": {"cod_ruta": "PE-1N", "nombre_oficial": "I.V. Santa Anita - I.V. Huacho - Chimbote - Ov. La Marina (PE-10 A) - Ov. El Milagro - Paiján - Mocupe - Reque - Chiclayo - Lambayeque - Pte. Grau - Pte. Sullana Dv. Talara - Máncora - Zorritos - Tumbes - Pte. Internacional de La Paz (fr. Ecuador).", "departamento": "LA LIBERTAD", "superficie": 1, "estado": 1, "long_km": 5.06, "puntos_criticos_1km": 3, "dist_min_m": 273.7, "peligro_top": "Inundación:2; Inundación, erosión fluvial:1", "nivel_top": "Alto", "pc_top_peligro": "Inundación, erosión fluvial", "nivel_inund": "Alto", "pc_inund_peligro": "Inundación, erosión fluvial", "pc_inund_lng": -78.78104, "pc_inund_lat": -8.42121, "nivel_mmasa": null, "pc_mmasa_peligro": null, "pc_mmasa_lng": null, "pc_mmasa_lat": null, "fid": "PE-1N-18", "pc_lng": -78.78104, "pc_lat": -8.42121, "corredor": "Panamericana Norte", "carga_materiales": ["Carbón"], "carga_origenes": ["Pampahuay", "Trujillo", "Áncash", "Áncash y Oyón"], "carga_destinos": ["Atocongo", "Condorcocha"], "carga_flujos": [{"m": "Carbón", "o": ["Pampahuay", "Trujillo", "Áncash", "Áncash y Oyón"], "d": ["Atocongo", "Condorcocha"]}]}}, {"type": "Feature", "geometry": {"type": "LineString", "coordinates": [[-75.717846, -14.105098], [-75.718238, -14.107713], [-75.716273, -14.126382], [-75.717529, -14.136882]]}, "properties": {"cod_ruta": "PE-1S", "nombre_oficial": "I.V. Santa Anita - Chincha Alta - Ica - Nazca - Dv. Camaná - Dv. Quilca (PE-1S D) - La Repartición (Dv. Arequipa) - Dv. Pto. Matarani (PE- 34) - La Joya - Dv. Moquegua (PE-36 A) - Dv. Ilo (PE-36) - Tacna (PE-38) - La Concordia (fr. Chile).", "departamento": "ICA", "superficie": 1, "estado": 3, "long_km": 3.54, "puntos_criticos_1km": 3, "dist_min_m": 180.2, "peligro_top": "Inundación:2; Inundación, flujo de detritos, erosión:1", "nivel_top": null, "pc_top_peligro": "Inundación", "nivel_inund": null, "pc_inund_peligro": "Inundación", "pc_inund_lng": -75.72442, "pc_inund_lat": -14.11779, "nivel_mmasa": null, "pc_mmasa_peligro": "Inundación, flujo de detritos, erosión", "pc_mmasa_lng": -75.72325, "pc_mmasa_lat": -14.11505, "fid": "PE-1S-22", "pc_lng": -75.72442, "pc_lat": -14.11779, "corredor": "Panamericana Sur", "carga_materiales": ["Caliza", "Puzolana"], "carga_origenes": ["Arequipa", "Chilca", "Ica", "Lima", "Lurín"], "carga_destinos": ["Atocongo"], "carga_flujos": [{"m": "Caliza", "o": ["Chilca", "Lima", "Lurín"], "d": ["Atocongo"]}, {"m": "Puzolana", "o": ["Arequipa", "Ica"], "d": ["Atocongo"]}]}}, {"type": "Feature", "geometry": {"type": "LineString", "coordinates": [[-74.215842, -13.158728], [-74.214655, -13.157925], [-74.218707, -13.161873], [-74.211892, -13.159609], [-74.20861, -13.15765], [-74.207616, -13.157883], [-74.208731, -13.159341], [-74.214566, -13.161793], [-74.216854, -13.164963]]}, "properties": {"cod_ruta": "PE-3S", "nombre_oficial": "Repartición La Oroya (PE-22) - Huancayo - Izcuchaca (PE-26) - Mayoc - Ayacucho - Andahuaylas (PE-30 B) - Abancay - Anta - Cusco - Urcos - Ayaviri (PE-3S G) - Calapuja - Puno (PE-36 B) - Ilave - Pte. Internacional Desaguadero (fr. Bolivia).", "departamento": "AYACUCHO", "superficie": 1, "estado": 3, "long_km": 3.49, "puntos_criticos_1km": 3, "dist_min_m": 145.6, "peligro_top": "Inundación, flujo de detritos, erosión fluvial:1; Inundación, erosión fluvial:1; Inundación, Erosión Fluvial:1", "nivel_top": "Alto", "pc_top_peligro": "Inundación, erosión fluvial", "nivel_inund": "Alto", "pc_inund_peligro": "Inundación, erosión fluvial", "pc_inund_lng": -74.21959, "pc_inund_lat": -13.16287, "nivel_mmasa": null, "pc_mmasa_peligro": "Inundación, flujo de detritos, erosión fluvial", "pc_mmasa_lng": -74.21959, "pc_mmasa_lat": -13.16287, "fid": "PE-3S-14", "pc_lng": -74.21959, "pc_lat": -13.16287, "corredor": "Longitudinal de la Sierra Sur", "carga_materiales": ["Puzolana", "Yeso", "Arcilla"], "carga_origenes": ["Ayacucho", "Junín"], "carga_destinos": ["Atocongo", "Condorcocha"], "carga_flujos": [{"m": "Puzolana", "o": ["Ayacucho", "Junín"], "d": ["Atocongo", "Condorcocha"]}, {"m": "Yeso", "o": ["Junín"], "d": ["Atocongo", "Condorcocha"]}, {"m": "Arcilla", "o": ["Junín"], "d": ["Condorcocha"]}]}}, {"type": "Feature", "geometry": {"type": "LineString", "coordinates": [[-78.273451, -9.48502], [-78.275085, -9.484514], [-78.277438, -9.48522], [-78.292269, -9.48101], [-78.295957, -9.47429], [-78.305812, -9.475683], [-78.306577, -9.473701], [-78.309196, -9.472359]]}, "properties": {"cod_ruta": "PE-1N", "nombre_oficial": "I.V. Santa Anita - I.V. Huacho - Chimbote - Ov. La Marina (PE-10 A) - Ov. El Milagro - Paiján - Mocupe - Reque - Chiclayo - Lambayeque - Pte. Grau - Pte. Sullana Dv. Talara - Máncora - Zorritos - Tumbes - Pte. Internacional de La Paz (fr. Ecuador).", "departamento": "ANCASH", "superficie": 1, "estado": 1, "long_km": 4.68, "puntos_criticos_1km": 3, "dist_min_m": 719.2, "peligro_top": "s/d:1; Inundación, flujo de detritos, erosión:1; Inundación, erosión:1", "nivel_top": null, "pc_top_peligro": "", "nivel_inund": null, "pc_inund_peligro": "", "pc_inund_lng": -78.30067, "pc_inund_lat": -9.48483, "nivel_mmasa": null, "pc_mmasa_peligro": "Inundación, flujo de detritos, erosión", "pc_mmasa_lng": -78.31109, "pc_mmasa_lat": -9.48208, "fid": "PE-1N-19", "pc_lng": -78.30067, "pc_lat": -9.48483, "corredor": "Panamericana Norte", "carga_materiales": ["Carbón"], "carga_origenes": ["Pampahuay", "Trujillo", "Áncash", "Áncash y Oyón"], "carga_destinos": ["Atocongo", "Condorcocha"], "carga_flujos": [{"m": "Carbón", "o": ["Pampahuay", "Trujillo", "Áncash", "Áncash y Oyón"], "d": ["Atocongo", "Condorcocha"]}]}}, {"type": "Feature", "geometry": {"type": "LineString", "coordinates": [[-76.968031, -11.728623], [-76.966559, -11.726506], [-76.96387, -11.725783]]}, "properties": {"cod_ruta": "PE-20A", "nombre_oficial": "Emp. PE-1N (Dv. Trapiche) - Yangas -  Dv. Sta. Rosa de Quives - Canta - Abra La Viuda - Abra La Cruzada - Huayllay – Cochamarca – Vicco - Emp.PE-3N (Villa de Pasco)", "departamento": "LIMA", "superficie": 1, "estado": 3, "long_km": 0.6, "puntos_criticos_1km": 3, "dist_min_m": 60.9, "peligro_top": "Inundación:3", "nivel_top": null, "pc_top_peligro": "Inundación", "nivel_inund": null, "pc_inund_peligro": "Inundación", "pc_inund_lng": -76.96378, "pc_inund_lat": -11.72006, "nivel_mmasa": null, "pc_mmasa_peligro": null, "pc_mmasa_lng": null, "pc_mmasa_lat": null, "fid": "PE-20A-05", "pc_lng": -76.96378, "pc_lat": -11.72006, "corredor": "Lima-Canta", "carga_materiales": ["Caliza"], "carga_origenes": ["Canta"], "carga_destinos": ["Atocongo"], "carga_flujos": [{"m": "Caliza", "o": ["Canta"], "d": ["Atocongo"]}]}}, {"type": "Feature", "geometry": {"type": "LineString", "coordinates": [[-77.593844, -11.11839], [-77.590025, -11.103495], [-77.584595, -11.09259], [-77.583105, -11.087146], [-77.582462, -11.078778], [-77.586496, -11.067544], [-77.586143, -11.064622]]}, "properties": {"cod_ruta": "PE-1N", "nombre_oficial": "I.V. Santa Anita - I.V. Huacho - Chimbote - Ov. La Marina (PE-10 A) - Ov. El Milagro - Paiján - Mocupe - Reque - Chiclayo - Lambayeque - Pte. Grau - Pte. Sullana Dv. Talara - Máncora - Zorritos - Tumbes - Pte. Internacional de La Paz (fr. Ecuador).", "departamento": "LIMA", "superficie": 1, "estado": 1, "long_km": 6.28, "puntos_criticos_1km": 3, "dist_min_m": 23.7, "peligro_top": "Inundación:2; Erosión fluvial:1", "nivel_top": "Alto", "pc_top_peligro": "Erosión fluvial", "nivel_inund": "Alto", "pc_inund_peligro": "Erosión fluvial", "pc_inund_lng": -77.5844, "pc_inund_lat": -11.07223, "nivel_mmasa": null, "pc_mmasa_peligro": null, "pc_mmasa_lng": null, "pc_mmasa_lat": null, "fid": "PE-1N-20", "pc_lng": -77.5844, "pc_lat": -11.07223, "corredor": "Panamericana Norte", "carga_materiales": ["Carbón"], "carga_origenes": ["Pampahuay", "Trujillo", "Áncash", "Áncash y Oyón"], "carga_destinos": ["Atocongo", "Condorcocha"], "carga_flujos": [{"m": "Carbón", "o": ["Pampahuay", "Trujillo", "Áncash", "Áncash y Oyón"], "d": ["Atocongo", "Condorcocha"]}]}}, {"type": "Feature", "geometry": {"type": "LineString", "coordinates": [[-74.247796, -12.946247], [-74.247448, -12.946887], [-74.240849, -12.940459], [-74.23914, -12.940351]]}, "properties": {"cod_ruta": "PE-3S", "nombre_oficial": "Repartición La Oroya (PE-22) - Huancayo - Izcuchaca (PE-26) - Mayoc - Ayacucho - Andahuaylas (PE-30 B) - Abancay - Anta - Cusco - Urcos - Ayaviri (PE-3S G) - Calapuja - Puno (PE-36 B) - Ilave - Pte. Internacional Desaguadero (fr. Bolivia).", "departamento": "AYACUCHO", "superficie": 1, "estado": 3, "long_km": 1.3, "puntos_criticos_1km": 3, "dist_min_m": 541.2, "peligro_top": "Inundación:3", "nivel_top": "Alto", "pc_top_peligro": "Inundación", "nivel_inund": "Alto", "pc_inund_peligro": "Inundación", "pc_inund_lng": -74.23918, "pc_inund_lat": -12.93544, "nivel_mmasa": null, "pc_mmasa_peligro": null, "pc_mmasa_lng": null, "pc_mmasa_lat": null, "fid": "PE-3S-15", "pc_lng": -74.23918, "pc_lat": -12.93544, "corredor": "Longitudinal de la Sierra Sur", "carga_materiales": ["Puzolana", "Yeso", "Arcilla"], "carga_origenes": ["Ayacucho", "Junín"], "carga_destinos": ["Atocongo", "Condorcocha"], "carga_flujos": [{"m": "Puzolana", "o": ["Ayacucho", "Junín"], "d": ["Atocongo", "Condorcocha"]}, {"m": "Yeso", "o": ["Junín"], "d": ["Atocongo", "Condorcocha"]}, {"m": "Arcilla", "o": ["Junín"], "d": ["Condorcocha"]}]}}, {"type": "Feature", "geometry": {"type": "LineString", "coordinates": [[-75.773374, -13.667913], [-75.77128, -13.665759], [-75.76855, -13.660608], [-75.759548, -13.660101], [-75.755896, -13.661157], [-75.750067, -13.657004], [-75.748453, -13.657809], [-75.746473, -13.657134], [-75.745383, -13.65756], [-75.741692, -13.651468], [-75.737949, -13.649759]]}, "properties": {"cod_ruta": "PE-28A", "nombre_oficial": "Emp.PE-1S E (Dv. Huaytará) - Independencia - Humay - Huáncano - Pámpano (PE 28 D) - Pte. Huaytara - Pte. Cuyahuasi - Pte. Tullpa - Pte. Dos de Mayo - Pte. Muchic - Pte. Ana Teresa - Pte. Tsej Tsi - Pte. Tranca - Huaytará - Pte. Suyacuna - Pte. Mollepayana - Pte. Carniceria - Pte. Satan - Pte. San Rafael - Pte. San Miguel - Abra Yuncaccara -Pte. Rumichaca 1 – Rumichaca (PE-28 E) - Licapa - Abra Apacheta Grande - Pte. Niñacha - Niñachaca - Abra Yanabamba - Socos - Emp. PE-3S (Ayacucho)", "departamento": "ICA", "superficie": 1, "estado": 1, "long_km": 5.05, "puntos_criticos_1km": 3, "dist_min_m": 17.2, "peligro_top": "Inundación:2; Inundación, Erosión fluvial:1", "nivel_top": "Muy Alto", "pc_top_peligro": "Inundación, Erosión fluvial", "nivel_inund": "Muy Alto", "pc_inund_peligro": "Inundación, Erosión fluvial", "pc_inund_lng": -75.74221, "pc_inund_lat": -13.65313, "nivel_mmasa": null, "pc_mmasa_peligro": null, "pc_mmasa_lng": null, "pc_mmasa_lat": null, "fid": "PE-28A-13", "pc_lng": -75.74221, "pc_lat": -13.65313, "corredor": "Los Libertadores", "carga_materiales": ["Puzolana"], "carga_origenes": ["Ayacucho"], "carga_destinos": ["Atocongo", "Condorcocha"], "carga_flujos": [{"m": "Puzolana", "o": ["Ayacucho"], "d": ["Atocongo", "Condorcocha"]}]}}, {"type": "Feature", "geometry": {"type": "LineString", "coordinates": [[-78.327307, -9.461341], [-78.346254, -9.4504], [-78.349594, -9.446864]]}, "properties": {"cod_ruta": "PE-1N", "nombre_oficial": "I.V. Santa Anita - I.V. Huacho - Chimbote - Ov. La Marina (PE-10 A) - Ov. El Milagro - Paiján - Mocupe - Reque - Chiclayo - Lambayeque - Pte. Grau - Pte. Sullana Dv. Talara - Máncora - Zorritos - Tumbes - Pte. Internacional de La Paz (fr. Ecuador).", "departamento": "ANCASH", "superficie": 1, "estado": 1, "long_km": 2.96, "puntos_criticos_1km": 3, "dist_min_m": 598.7, "peligro_top": "s/d:1; Inundación:1; Inundación, flujo de detritos, erosión:1", "nivel_top": null, "pc_top_peligro": "", "nivel_inund": null, "pc_inund_peligro": "", "pc_inund_lng": -78.35414, "pc_inund_lat": -9.45094, "nivel_mmasa": null, "pc_mmasa_peligro": "Inundación, flujo de detritos, erosión", "pc_mmasa_lng": -78.351, "pc_mmasa_lat": -9.45359, "fid": "PE-1N-21", "pc_lng": -78.35414, "pc_lat": -9.45094, "corredor": "Panamericana Norte", "carga_materiales": ["Carbón"], "carga_origenes": ["Pampahuay", "Trujillo", "Áncash", "Áncash y Oyón"], "carga_destinos": ["Atocongo", "Condorcocha"], "carga_flujos": [{"m": "Carbón", "o": ["Pampahuay", "Trujillo", "Áncash", "Áncash y Oyón"], "d": ["Atocongo", "Condorcocha"]}]}}, {"type": "Feature", "geometry": {"type": "LineString", "coordinates": [[-74.216854, -13.164963], [-74.212619, -13.167696]]}, "properties": {"cod_ruta": "PE-3S", "nombre_oficial": "Repartición La Oroya (PE-22) - Huancayo - Izcuchaca (PE-26) - Mayoc - Ayacucho - Andahuaylas (PE-30 B) - Abancay - Anta - Cusco - Urcos - Ayaviri (PE-3S G) - Calapuja - Puno (PE-36 B) - Ilave - Pte. Internacional Desaguadero (fr. Bolivia).", "departamento": "AYACUCHO", "superficie": 1, "estado": 3, "long_km": 0.56, "puntos_criticos_1km": 3, "dist_min_m": 2.9, "peligro_top": "Inundación:1; Inundación, flujo de detritos, erosión fluvial:1; Inundación, erosión fluvial:1", "nivel_top": "Alto", "pc_top_peligro": "Inundación, erosión fluvial", "nivel_inund": "Alto", "pc_inund_peligro": "Inundación, erosión fluvial", "pc_inund_lng": -74.21565, "pc_inund_lat": -13.16586, "nivel_mmasa": null, "pc_mmasa_peligro": "Inundación, flujo de detritos, erosión fluvial", "pc_mmasa_lng": -74.21567, "pc_mmasa_lat": -13.16596, "fid": "PE-3S-16", "pc_lng": -74.21565, "pc_lat": -13.16586, "corredor": "Longitudinal de la Sierra Sur", "carga_materiales": ["Puzolana", "Yeso", "Arcilla"], "carga_origenes": ["Ayacucho", "Junín"], "carga_destinos": ["Atocongo", "Condorcocha"], "carga_flujos": [{"m": "Puzolana", "o": ["Ayacucho", "Junín"], "d": ["Atocongo", "Condorcocha"]}, {"m": "Yeso", "o": ["Junín"], "d": ["Atocongo", "Condorcocha"]}, {"m": "Arcilla", "o": ["Junín"], "d": ["Condorcocha"]}]}}, {"type": "Feature", "geometry": {"type": "LineString", "coordinates": [[-76.141502, -13.509422], [-76.141754, -13.517726], [-76.132445, -13.539265], [-76.13437, -13.571995], [-76.138718, -13.583856]]}, "properties": {"cod_ruta": "PE-1S", "nombre_oficial": "I.V. Santa Anita - Chincha Alta - Ica - Nazca - Dv. Camaná - Dv. Quilca (PE-1S D) - La Repartición (Dv. Arequipa) - Dv. Pto. Matarani (PE- 34) - La Joya - Dv. Moquegua (PE-36 A) - Dv. Ilo (PE-36) - Tacna (PE-38) - La Concordia (fr. Chile).", "departamento": "ICA", "superficie": 1, "estado": 3, "long_km": 9.65, "puntos_criticos_1km": 3, "dist_min_m": 218.5, "peligro_top": "Inundación:2; Inundación, Erosión fluvial:1", "nivel_top": "Muy Alto", "pc_top_peligro": "Inundación, Erosión fluvial", "nivel_inund": "Muy Alto", "pc_inund_peligro": "Inundación, Erosión fluvial", "pc_inund_lng": -76.14725, "pc_inund_lat": -13.51533, "nivel_mmasa": null, "pc_mmasa_peligro": null, "pc_mmasa_lng": null, "pc_mmasa_lat": null, "fid": "PE-1S-23", "pc_lng": -76.14725, "pc_lat": -13.51533, "corredor": "Panamericana Sur", "carga_materiales": ["Caliza", "Puzolana"], "carga_origenes": ["Arequipa", "Chilca", "Ica", "Lima", "Lurín"], "carga_destinos": ["Atocongo"], "carga_flujos": [{"m": "Caliza", "o": ["Chilca", "Lima", "Lurín"], "d": ["Atocongo"]}, {"m": "Puzolana", "o": ["Arequipa", "Ica"], "d": ["Atocongo"]}]}}, {"type": "Feature", "geometry": {"type": "LineString", "coordinates": [[-76.75149, -12.465326], [-76.74171, -12.50085], [-76.735353, -12.510921]]}, "properties": {"cod_ruta": "PE-1S", "nombre_oficial": "I.V. Santa Anita - Chincha Alta - Ica - Nazca - Dv. Camaná - Dv. Quilca (PE-1S D) - La Repartición (Dv. Arequipa) - Dv. Pto. Matarani (PE- 34) - La Joya - Dv. Moquegua (PE-36 A) - Dv. Ilo (PE-36) - Tacna (PE-38) - La Concordia (fr. Chile).", "departamento": "LIMA", "superficie": 1, "estado": 1, "long_km": 5, "puntos_criticos_1km": 2, "dist_min_m": 8.6, "peligro_top": "Inundación:2", "nivel_top": null, "pc_top_peligro": "Inundación", "nivel_inund": null, "pc_inund_peligro": "Inundación", "pc_inund_lng": -76.74278, "pc_inund_lat": -12.49382, "nivel_mmasa": null, "pc_mmasa_peligro": null, "pc_mmasa_lng": null, "pc_mmasa_lat": null, "fid": "PE-1S-24", "pc_lng": -76.74278, "pc_lat": -12.49382, "corredor": "Panamericana Sur", "carga_materiales": ["Caliza", "Puzolana"], "carga_origenes": ["Arequipa", "Chilca", "Ica", "Lima", "Lurín"], "carga_destinos": ["Atocongo"], "carga_flujos": [{"m": "Caliza", "o": ["Chilca", "Lima", "Lurín"], "d": ["Atocongo"]}, {"m": "Puzolana", "o": ["Arequipa", "Ica"], "d": ["Atocongo"]}]}}, {"type": "Feature", "geometry": {"type": "LineString", "coordinates": [[-77.808212, -10.663259], [-77.814295, -10.661043], [-77.837945, -10.656027], [-77.842935, -10.65353], [-77.854635, -10.645513], [-77.854638, -10.63882], [-77.859145, -10.63274]]}, "properties": {"cod_ruta": "PE-1N", "nombre_oficial": "I.V. Santa Anita - I.V. Huacho - Chimbote - Ov. La Marina (PE-10 A) - Ov. El Milagro - Paiján - Mocupe - Reque - Chiclayo - Lambayeque - Pte. Grau - Pte. Sullana Dv. Talara - Máncora - Zorritos - Tumbes - Pte. Internacional de La Paz (fr. Ecuador).", "departamento": "LIMA", "superficie": 1, "estado": 1, "long_km": 7.14, "puntos_criticos_1km": 2, "dist_min_m": 199.8, "peligro_top": "Inundación:2", "nivel_top": null, "pc_top_peligro": "Inundación", "nivel_inund": null, "pc_inund_peligro": "Inundación", "pc_inund_lng": -77.84125, "pc_inund_lat": -10.65646, "nivel_mmasa": null, "pc_mmasa_peligro": null, "pc_mmasa_lng": null, "pc_mmasa_lat": null, "fid": "PE-1N-22", "pc_lng": -77.84125, "pc_lat": -10.65646, "corredor": "Panamericana Norte", "carga_materiales": ["Carbón"], "carga_origenes": ["Pampahuay", "Trujillo", "Áncash", "Áncash y Oyón"], "carga_destinos": ["Atocongo", "Condorcocha"], "carga_flujos": [{"m": "Carbón", "o": ["Pampahuay", "Trujillo", "Áncash", "Áncash y Oyón"], "d": ["Atocongo", "Condorcocha"]}]}}, {"type": "Feature", "geometry": {"type": "LineString", "coordinates": [[-76.13606, -13.44993], [-76.136402, -13.463819], [-76.141502, -13.509422]]}, "properties": {"cod_ruta": "PE-1S", "nombre_oficial": "I.V. Santa Anita - Chincha Alta - Ica - Nazca - Dv. Camaná - Dv. Quilca (PE-1S D) - La Repartición (Dv. Arequipa) - Dv. Pto. Matarani (PE- 34) - La Joya - Dv. Moquegua (PE-36 A) - Dv. Ilo (PE-36) - Tacna (PE-38) - La Concordia (fr. Chile).", "departamento": "ICA", "superficie": 1, "estado": 3, "long_km": 5.41, "puntos_criticos_1km": 2, "dist_min_m": 678.6, "peligro_top": "Inundación:1; s/d:1", "nivel_top": null, "pc_top_peligro": "Inundación", "nivel_inund": null, "pc_inund_peligro": "Inundación", "pc_inund_lng": -76.14317, "pc_inund_lat": -13.46732, "nivel_mmasa": null, "pc_mmasa_peligro": null, "pc_mmasa_lng": null, "pc_mmasa_lat": null, "fid": "PE-1S-25", "pc_lng": -76.14317, "pc_lat": -13.46732, "corredor": "Panamericana Sur", "carga_materiales": ["Caliza", "Puzolana"], "carga_origenes": ["Arequipa", "Chilca", "Ica", "Lima", "Lurín"], "carga_destinos": ["Atocongo"], "carga_flujos": [{"m": "Caliza", "o": ["Chilca", "Lima", "Lurín"], "d": ["Atocongo"]}, {"m": "Puzolana", "o": ["Arequipa", "Ica"], "d": ["Atocongo"]}]}}, {"type": "Feature", "geometry": {"type": "LineString", "coordinates": [[-76.885588, -12.014685], [-76.880567, -12.013096]]}, "properties": {"cod_ruta": "PE-22", "nombre_oficial": "Emp. PE-1N (I.V. La Menacho) – Pte. Carlos Graña – I.V. Huachipa - Pte. Huachipa – Dv. Sta. Anita (Av. Las Torres – Av. Nicolas Ayllón) - Sta. Clara - Pte. Los Angeles - Chosica (Av. Nicolas Ayllón) - Ricardo Palma - Pte. Ricardo Palma - Pte. Esperanza - Pte. La Cascada - Pte. Surco - Pte. Eduardo de Habich - Pte. Collana - Pte. Matucana – Matucana - San Mateo - Pte. Chicla - Abra Anticona - Morococha - Pte. Pachachaca - Santa Rosa de Sacco - Emp. PE-3 (Repartición La Oroya)", "departamento": "LIMA", "superficie": 1, "estado": 1, "long_km": 0.57, "puntos_criticos_1km": 2, "dist_min_m": 431.4, "peligro_top": "s/d:1; Inundación:1", "nivel_top": null, "pc_top_peligro": "", "nivel_inund": null, "pc_inund_peligro": "", "pc_inund_lng": -76.88688, "pc_inund_lat": -12.01102, "nivel_mmasa": null, "pc_mmasa_peligro": null, "pc_mmasa_lng": null, "pc_mmasa_lat": null, "fid": "PE-22-17", "pc_lng": -76.88688, "pc_lat": -12.01102, "corredor": "Carretera Central", "carga_materiales": ["Caliza", "Puzolana", "Clínker", "Yeso", "Arcilla", "Sílice", "Óxido de fierro", "Carbón"], "carga_origenes": ["Junín", "Lima", "Tarma"], "carga_destinos": ["Atocongo", "Condorcocha"], "carga_flujos": [{"m": "Caliza", "o": ["Tarma"], "d": ["Atocongo"]}, {"m": "Puzolana", "o": ["Junín"], "d": ["Condorcocha"]}, {"m": "Clínker", "o": ["Lima"], "d": ["Condorcocha"]}, {"m": "Yeso", "o": ["Junín"], "d": ["Atocongo", "Condorcocha"]}, {"m": "Arcilla", "o": ["Junín", "Tarma"], "d": ["Condorcocha"]}, {"m": "Sílice", "o": ["Tarma"], "d": ["Atocongo"]}, {"m": "Óxido de fierro", "o": ["Tarma"], "d": ["Condorcocha"]}, {"m": "Carbón", "o": ["Lima"], "d": ["Condorcocha"]}]}}, {"type": "Feature", "geometry": {"type": "LineString", "coordinates": [[-74.208236, -13.172149], [-74.206737, -13.173643]]}, "properties": {"cod_ruta": "PE-3S", "nombre_oficial": "Repartición La Oroya (PE-22) - Huancayo - Izcuchaca (PE-26) - Mayoc - Ayacucho - Andahuaylas (PE-30 B) - Abancay - Anta - Cusco - Urcos - Ayaviri (PE-3S G) - Calapuja - Puno (PE-36 B) - Ilave - Pte. Internacional Desaguadero (fr. Bolivia).", "departamento": "AYACUCHO", "superficie": 1, "estado": 3, "long_km": 0.39, "puntos_criticos_1km": 2, "dist_min_m": 706.1, "peligro_top": "Inundación:1; Inundación, erosión:1", "nivel_top": null, "pc_top_peligro": "Inundación", "nivel_inund": null, "pc_inund_peligro": "Inundación", "pc_inund_lng": -74.21245, "pc_inund_lat": -13.17704, "nivel_mmasa": null, "pc_mmasa_peligro": null, "pc_mmasa_lng": null, "pc_mmasa_lat": null, "fid": "PE-3S-17", "pc_lng": -74.21245, "pc_lat": -13.17704, "corredor": "Longitudinal de la Sierra Sur", "carga_materiales": ["Puzolana", "Yeso", "Arcilla"], "carga_origenes": ["Ayacucho", "Junín"], "carga_destinos": ["Atocongo", "Condorcocha"], "carga_flujos": [{"m": "Puzolana", "o": ["Ayacucho", "Junín"], "d": ["Atocongo", "Condorcocha"]}, {"m": "Yeso", "o": ["Junín"], "d": ["Atocongo", "Condorcocha"]}, {"m": "Arcilla", "o": ["Junín"], "d": ["Condorcocha"]}]}}, {"type": "Feature", "geometry": {"type": "LineString", "coordinates": [[-71.66615, -17.024155], [-71.660948, -17.024402], [-71.656631, -17.029739], [-71.655907, -17.029203], [-71.65669, -17.028201], [-71.656652, -17.02563], [-71.649539, -17.026491]]}, "properties": {"cod_ruta": "PE-1S", "nombre_oficial": "I.V. Santa Anita - Chincha Alta - Ica - Nazca - Dv. Camaná - Dv. Quilca (PE-1S D) - La Repartición (Dv. Arequipa) - Dv. Pto. Matarani (PE- 34) - La Joya - Dv. Moquegua (PE-36 A) - Dv. Ilo (PE-36) - Tacna (PE-38) - La Concordia (fr. Chile).", "departamento": "AREQUIPA", "superficie": 1, "estado": 1, "long_km": 2.72, "puntos_criticos_1km": 2, "dist_min_m": 740.2, "peligro_top": "Inundación, erosión pluvial:2", "nivel_top": null, "pc_top_peligro": "Inundación, erosión pluvial", "nivel_inund": null, "pc_inund_peligro": "Inundación, erosión pluvial", "pc_inund_lng": -71.66109, "pc_inund_lat": -17.01635, "nivel_mmasa": null, "pc_mmasa_peligro": null, "pc_mmasa_lng": null, "pc_mmasa_lat": null, "fid": "PE-1S-26", "pc_lng": -71.66109, "pc_lat": -17.01635, "corredor": "Panamericana Sur", "carga_materiales": ["Caliza", "Puzolana"], "carga_origenes": ["Arequipa", "Chilca", "Ica", "Lima", "Lurín"], "carga_destinos": ["Atocongo"], "carga_flujos": [{"m": "Caliza", "o": ["Chilca", "Lima", "Lurín"], "d": ["Atocongo"]}, {"m": "Puzolana", "o": ["Arequipa", "Ica"], "d": ["Atocongo"]}]}}, {"type": "Feature", "geometry": {"type": "LineString", "coordinates": [[-78.211412, -9.951513], [-78.211821, -9.949053], [-78.216616, -9.943003], [-78.219807, -9.930536], [-78.219971, -9.923229]]}, "properties": {"cod_ruta": "PE-1N", "nombre_oficial": "I.V. Santa Anita - I.V. Huacho - Chimbote - Ov. La Marina (PE-10 A) - Ov. El Milagro - Paiján - Mocupe - Reque - Chiclayo - Lambayeque - Pte. Grau - Pte. Sullana Dv. Talara - Máncora - Zorritos - Tumbes - Pte. Internacional de La Paz (fr. Ecuador).", "departamento": "ANCASH", "superficie": 1, "estado": 1, "long_km": 3.37, "puntos_criticos_1km": 2, "dist_min_m": 86.7, "peligro_top": "s/d:1; Inundación, flujo de detritos, erosión:1", "nivel_top": null, "pc_top_peligro": null, "nivel_inund": null, "pc_inund_peligro": null, "pc_inund_lng": -78.21656, "pc_inund_lat": -9.93731, "nivel_mmasa": null, "pc_mmasa_peligro": "Inundación, flujo de detritos, erosión", "pc_mmasa_lng": -78.21902, "pc_mmasa_lat": -9.93676, "fid": "PE-1N-23", "pc_lng": -78.21656, "pc_lat": -9.93731, "corredor": "Panamericana Norte", "carga_materiales": ["Carbón"], "carga_origenes": ["Pampahuay", "Trujillo", "Áncash", "Áncash y Oyón"], "carga_destinos": ["Atocongo", "Condorcocha"], "carga_flujos": [{"m": "Carbón", "o": ["Pampahuay", "Trujillo", "Áncash", "Áncash y Oyón"], "d": ["Atocongo", "Condorcocha"]}]}}, {"type": "Feature", "geometry": {"type": "LineString", "coordinates": [[-76.989292, -12.035068], [-76.99196, -12.031501], [-76.995849, -12.029117]]}, "properties": {"cod_ruta": "PE-1N", "nombre_oficial": "I.V. Santa Anita - I.V. Huacho - Chimbote - Ov. La Marina (PE-10 A) - Ov. El Milagro - Paiján - Mocupe - Reque - Chiclayo - Lambayeque - Pte. Grau - Pte. Sullana Dv. Talara - Máncora - Zorritos - Tumbes - Pte. Internacional de La Paz (fr. Ecuador).", "departamento": "LIMA", "superficie": 1, "estado": 1, "long_km": 0.99, "puntos_criticos_1km": 2, "dist_min_m": 279.6, "peligro_top": "Inundación:1; Erosión fluvial:1", "nivel_top": "Muy alto", "pc_top_peligro": "Erosión fluvial", "nivel_inund": "Muy alto", "pc_inund_peligro": "Erosión fluvial", "pc_inund_lng": -76.99119, "pc_inund_lat": -12.02699, "nivel_mmasa": null, "pc_mmasa_peligro": null, "pc_mmasa_lng": null, "pc_mmasa_lat": null, "fid": "PE-1N-24", "pc_lng": -76.99119, "pc_lat": -12.02699, "corredor": "Panamericana Norte", "carga_materiales": ["Carbón"], "carga_origenes": ["Pampahuay", "Trujillo", "Áncash", "Áncash y Oyón"], "carga_destinos": ["Atocongo", "Condorcocha"], "carga_flujos": [{"m": "Carbón", "o": ["Pampahuay", "Trujillo", "Áncash", "Áncash y Oyón"], "d": ["Atocongo", "Condorcocha"]}]}}, {"type": "Feature", "geometry": {"type": "LineString", "coordinates": [[-74.546021, -12.717498], [-74.546421, -12.71892], [-74.54337, -12.723858], [-74.539164, -12.733856], [-74.53803, -12.741513], [-74.539267, -12.744695], [-74.53879, -12.745925], [-74.533468, -12.748646], [-74.529842, -12.75397], [-74.525972, -12.756891], [-74.523368, -12.761271], [-74.519093, -12.763233], [-74.516168, -12.762852], [-74.511904, -12.764291], [-74.507084, -12.766183], [-74.506034, -12.767643], [-74.50125, -12.76868], [-74.49885, -12.770272], [-74.498547, -12.772968], [-74.499731, -12.775137], [-74.497632, -12.779103], [-74.497246, -12.782459], [-74.498282, -12.784098], [-74.497989, -12.787331], [-74.496506, -12.786742]]}, "properties": {"cod_ruta": "PE-3S", "nombre_oficial": "Repartición La Oroya (PE-22) - Huancayo - Izcuchaca (PE-26) - Mayoc - Ayacucho - Andahuaylas (PE-30 B) - Abancay - Anta - Cusco - Urcos - Ayaviri (PE-3S G) - Calapuja - Puno (PE-36 B) - Ilave - Pte. Internacional Desaguadero (fr. Bolivia).", "departamento": "HUANCAVELICA", "superficie": 11, "estado": 3, "long_km": 11.39, "puntos_criticos_1km": 2, "dist_min_m": 20.0, "peligro_top": "Inundación:1; Inundación, flujo de detritos, erosión:1", "nivel_top": null, "pc_top_peligro": "Inundación", "nivel_inund": null, "pc_inund_peligro": "Inundación", "pc_inund_lng": -74.53838, "pc_inund_lat": -12.74219, "nivel_mmasa": null, "pc_mmasa_peligro": "Inundación, flujo de detritos, erosión", "pc_mmasa_lng": -74.54083, "pc_mmasa_lat": -12.74392, "fid": "PE-3S-18", "pc_lng": -74.53838, "pc_lat": -12.74219, "corredor": "Longitudinal de la Sierra Sur", "carga_materiales": ["Puzolana", "Yeso", "Arcilla"], "carga_origenes": ["Ayacucho", "Junín"], "carga_destinos": ["Atocongo", "Condorcocha"], "carga_flujos": [{"m": "Puzolana", "o": ["Ayacucho", "Junín"], "d": ["Atocongo", "Condorcocha"]}, {"m": "Yeso", "o": ["Junín"], "d": ["Atocongo", "Condorcocha"]}, {"m": "Arcilla", "o": ["Junín"], "d": ["Condorcocha"]}]}}, {"type": "Feature", "geometry": {"type": "LineString", "coordinates": [[-74.228279, -13.142911], [-74.229278, -13.134657]]}, "properties": {"cod_ruta": "PE-28A", "nombre_oficial": "Emp.PE-1S E (Dv. Huaytará) - Independencia - Humay - Huáncano - Pámpano (PE 28 D) - Pte. Huaytara - Pte. Cuyahuasi - Pte. Tullpa - Pte. Dos de Mayo - Pte. Muchic - Pte. Ana Teresa - Pte. Tsej Tsi - Pte. Tranca - Huaytará - Pte. Suyacuna - Pte. Mollepayana - Pte. Carniceria - Pte. Satan - Pte. San Rafael - Pte. San Miguel - Abra Yuncaccara -Pte. Rumichaca 1 – Rumichaca (PE-28 E) - Licapa - Abra Apacheta Grande - Pte. Niñacha - Niñachaca - Abra Yanabamba - Socos - Emp. PE-3S (Ayacucho)", "departamento": "AYACUCHO", "superficie": 1, "estado": 3, "long_km": 0.96, "puntos_criticos_1km": 2, "dist_min_m": 809.4, "peligro_top": "Inundación, flujo de detritos, erosión fluvial:2", "nivel_top": null, "pc_top_peligro": "Inundación, flujo de detritos, erosión fluvial", "nivel_inund": null, "pc_inund_peligro": "Inundación, flujo de detritos, erosión fluvial", "pc_inund_lng": -74.23447, "pc_inund_lat": -13.12941, "nivel_mmasa": null, "pc_mmasa_peligro": "Inundación, flujo de detritos, erosión fluvial", "pc_mmasa_lng": -74.23447, "pc_mmasa_lat": -13.12941, "fid": "PE-28A-14", "pc_lng": -74.23447, "pc_lat": -13.12941, "corredor": "Los Libertadores", "carga_materiales": ["Puzolana"], "carga_origenes": ["Ayacucho"], "carga_destinos": ["Atocongo", "Condorcocha"], "carga_flujos": [{"m": "Puzolana", "o": ["Ayacucho"], "d": ["Atocongo", "Condorcocha"]}]}}, {"type": "Feature", "geometry": {"type": "LineString", "coordinates": [[-74.892529, -13.388076], [-74.892139, -13.388752], [-74.895622, -13.395491], [-74.891386, -13.391403], [-74.891282, -13.388978], [-74.887271, -13.38438], [-74.887191, -13.381769], [-74.884642, -13.380884], [-74.883149, -13.37877], [-74.88185, -13.379757], [-74.879268, -13.3776], [-74.875466, -13.37335], [-74.873586, -13.369073], [-74.868468, -13.36151], [-74.862889, -13.36034], [-74.858305, -13.361763], [-74.8554, -13.359741]]}, "properties": {"cod_ruta": "PE-28A", "nombre_oficial": "Emp.PE-1S E (Dv. Huaytará) - Independencia - Humay - Huáncano - Pámpano (PE 28 D) - Pte. Huaytara - Pte. Cuyahuasi - Pte. Tullpa - Pte. Dos de Mayo - Pte. Muchic - Pte. Ana Teresa - Pte. Tsej Tsi - Pte. Tranca - Huaytará - Pte. Suyacuna - Pte. Mollepayana - Pte. Carniceria - Pte. Satan - Pte. San Rafael - Pte. San Miguel - Abra Yuncaccara -Pte. Rumichaca 1 – Rumichaca (PE-28 E) - Licapa - Abra Apacheta Grande - Pte. Niñacha - Niñachaca - Abra Yanabamba - Socos - Emp. PE-3S (Ayacucho)", "departamento": "AYACUCHO", "superficie": 1, "estado": 3, "long_km": 7.86, "puntos_criticos_1km": 2, "dist_min_m": 114.2, "peligro_top": "Inundación:2", "nivel_top": null, "pc_top_peligro": "Inundación", "nivel_inund": null, "pc_inund_peligro": "Inundación", "pc_inund_lng": -74.85734, "pc_inund_lat": -13.36609, "nivel_mmasa": null, "pc_mmasa_peligro": null, "pc_mmasa_lng": null, "pc_mmasa_lat": null, "fid": "PE-28A-15", "pc_lng": -74.85734, "pc_lat": -13.36609, "corredor": "Los Libertadores", "carga_materiales": ["Puzolana"], "carga_origenes": ["Ayacucho"], "carga_destinos": ["Atocongo", "Condorcocha"], "carga_flujos": [{"m": "Puzolana", "o": ["Ayacucho"], "d": ["Atocongo", "Condorcocha"]}]}}, {"type": "Feature", "geometry": {"type": "LineString", "coordinates": [[-76.973744, -11.753164], [-76.973472, -11.742153]]}, "properties": {"cod_ruta": "PE-20A", "nombre_oficial": "Emp. PE-1N (Dv. Trapiche) - Yangas -  Dv. Sta. Rosa de Quives - Canta - Abra La Viuda - Abra La Cruzada - Huayllay – Cochamarca – Vicco - Emp.PE-3N (Villa de Pasco)", "departamento": "LIMA", "superficie": 1, "estado": 3, "long_km": 1.23, "puntos_criticos_1km": 2, "dist_min_m": 63.2, "peligro_top": "Inundación:2", "nivel_top": null, "pc_top_peligro": "Inundación", "nivel_inund": null, "pc_inund_peligro": "Inundación", "pc_inund_lng": -76.97461, "pc_inund_lat": -11.74229, "nivel_mmasa": null, "pc_mmasa_peligro": null, "pc_mmasa_lng": null, "pc_mmasa_lat": null, "fid": "PE-20A-06", "pc_lng": -76.97461, "pc_lat": -11.74229, "corredor": "Lima-Canta", "carga_materiales": ["Caliza"], "carga_origenes": ["Canta"], "carga_destinos": ["Atocongo"], "carga_flujos": [{"m": "Caliza", "o": ["Canta"], "d": ["Atocongo"]}]}}, {"type": "Feature", "geometry": {"type": "LineString", "coordinates": [[-74.98696, -14.972439], [-74.988942, -14.974936], [-74.988768, -14.979519], [-74.991736, -14.981427], [-74.992438, -14.983732], [-74.995894, -14.987395]]}, "properties": {"cod_ruta": "PE-1S", "nombre_oficial": "I.V. Santa Anita - Chincha Alta - Ica - Nazca - Dv. Camaná - Dv. Quilca (PE-1S D) - La Repartición (Dv. Arequipa) - Dv. Pto. Matarani (PE- 34) - La Joya - Dv. Moquegua (PE-36 A) - Dv. Ilo (PE-36) - Tacna (PE-38) - La Concordia (fr. Chile).", "departamento": "ICA", "superficie": 1, "estado": 1, "long_km": 2.09, "puntos_criticos_1km": 2, "dist_min_m": 9.3, "peligro_top": "Inundación:1; Inundación, erosión fluvial:1", "nivel_top": "Muy alto", "pc_top_peligro": "Inundación, erosión fluvial", "nivel_inund": "Muy alto", "pc_inund_peligro": "Inundación, erosión fluvial", "pc_inund_lng": -74.9887, "pc_inund_lat": -14.97654, "nivel_mmasa": null, "pc_mmasa_peligro": null, "pc_mmasa_lng": null, "pc_mmasa_lat": null, "fid": "PE-1S-27", "pc_lng": -74.9887, "pc_lat": -14.97654, "corredor": "Panamericana Sur", "carga_materiales": ["Caliza", "Puzolana"], "carga_origenes": ["Arequipa", "Chilca", "Ica", "Lima", "Lurín"], "carga_destinos": ["Atocongo"], "carga_flujos": [{"m": "Caliza", "o": ["Chilca", "Lima", "Lurín"], "d": ["Atocongo"]}, {"m": "Puzolana", "o": ["Arequipa", "Ica"], "d": ["Atocongo"]}]}}, {"type": "Feature", "geometry": {"type": "LineString", "coordinates": [[-74.8554, -13.359741], [-74.853753, -13.358361], [-74.848236, -13.358161], [-74.84735, -13.355159], [-74.839518, -13.358041], [-74.83324, -13.357903], [-74.828073, -13.359696], [-74.821574, -13.358271], [-74.812211, -13.359755], [-74.80132, -13.36026], [-74.798019, -13.359626], [-74.792797, -13.354257], [-74.786415, -13.351559]]}, "properties": {"cod_ruta": "PE-28A", "nombre_oficial": "Emp.PE-1S E (Dv. Huaytará) - Independencia - Humay - Huáncano - Pámpano (PE 28 D) - Pte. Huaytara - Pte. Cuyahuasi - Pte. Tullpa - Pte. Dos de Mayo - Pte. Muchic - Pte. Ana Teresa - Pte. Tsej Tsi - Pte. Tranca - Huaytará - Pte. Suyacuna - Pte. Mollepayana - Pte. Carniceria - Pte. Satan - Pte. San Rafael - Pte. San Miguel - Abra Yuncaccara -Pte. Rumichaca 1 – Rumichaca (PE-28 E) - Licapa - Abra Apacheta Grande - Pte. Niñacha - Niñachaca - Abra Yanabamba - Socos - Emp. PE-3S (Ayacucho)", "departamento": "AYACUCHO", "superficie": 1, "estado": 3, "long_km": 8.37, "puntos_criticos_1km": 2, "dist_min_m": 92.1, "peligro_top": "Inundación:2", "nivel_top": null, "pc_top_peligro": "Inundación", "nivel_inund": null, "pc_inund_peligro": "Inundación", "pc_inund_lng": -74.85518, "pc_inund_lat": -13.35831, "nivel_mmasa": null, "pc_mmasa_peligro": null, "pc_mmasa_lng": null, "pc_mmasa_lat": null, "fid": "PE-28A-16", "pc_lng": -74.85518, "pc_lat": -13.35831, "corredor": "Los Libertadores", "carga_materiales": ["Puzolana"], "carga_origenes": ["Ayacucho"], "carga_destinos": ["Atocongo", "Condorcocha"], "carga_flujos": [{"m": "Puzolana", "o": ["Ayacucho"], "d": ["Atocongo", "Condorcocha"]}]}}, {"type": "Feature", "geometry": {"type": "LineString", "coordinates": [[-75.18988, -14.532411], [-75.183204, -14.539375]]}, "properties": {"cod_ruta": "PE-1S", "nombre_oficial": "I.V. Santa Anita - Chincha Alta - Ica - Nazca - Dv. Camaná - Dv. Quilca (PE-1S D) - La Repartición (Dv. Arequipa) - Dv. Pto. Matarani (PE- 34) - La Joya - Dv. Moquegua (PE-36 A) - Dv. Ilo (PE-36) - Tacna (PE-38) - La Concordia (fr. Chile).", "departamento": "ICA", "superficie": 1, "estado": 3, "long_km": 1, "puntos_criticos_1km": 2, "dist_min_m": 25.2, "peligro_top": "Inundación:1; Inundación, flujo de detritos, erosión:1", "nivel_top": null, "pc_top_peligro": "Inundación", "nivel_inund": null, "pc_inund_peligro": "Inundación", "pc_inund_lng": -75.18466, "pc_inund_lat": -14.54, "nivel_mmasa": null, "pc_mmasa_peligro": "Inundación, flujo de detritos, erosión", "pc_mmasa_lng": -75.19004, "pc_mmasa_lat": -14.53258, "fid": "PE-1S-28", "pc_lng": -75.18466, "pc_lat": -14.54, "corredor": "Panamericana Sur", "carga_materiales": ["Caliza", "Puzolana"], "carga_origenes": ["Arequipa", "Chilca", "Ica", "Lima", "Lurín"], "carga_destinos": ["Atocongo"], "carga_flujos": [{"m": "Caliza", "o": ["Chilca", "Lima", "Lurín"], "d": ["Atocongo"]}, {"m": "Puzolana", "o": ["Arequipa", "Ica"], "d": ["Atocongo"]}]}}, {"type": "Feature", "geometry": {"type": "LineString", "coordinates": [[-76.745516, -11.967709], [-76.743318, -11.965536]]}, "properties": {"cod_ruta": "PE-22", "nombre_oficial": "Emp. PE-1N (I.V. La Menacho) – Pte. Carlos Graña – I.V. Huachipa - Pte. Huachipa – Dv. Sta. Anita (Av. Las Torres – Av. Nicolas Ayllón) - Sta. Clara - Pte. Los Angeles - Chosica (Av. Nicolas Ayllón) - Ricardo Palma - Pte. Ricardo Palma - Pte. Esperanza - Pte. La Cascada - Pte. Surco - Pte. Eduardo de Habich - Pte. Collana - Pte. Matucana – Matucana - San Mateo - Pte. Chicla - Abra Anticona - Morococha - Pte. Pachachaca - Santa Rosa de Sacco - Emp. PE-3 (Repartición La Oroya)", "departamento": "LIMA", "superficie": 1, "estado": 4, "long_km": 0.42, "puntos_criticos_1km": 2, "dist_min_m": 37.2, "peligro_top": "Inundación:1; Erosión fluvial:1", "nivel_top": "Muy alto", "pc_top_peligro": "Erosión fluvial", "nivel_inund": "Muy alto", "pc_inund_peligro": "Erosión fluvial", "pc_inund_lng": -76.74517, "pc_inund_lat": -11.96757, "nivel_mmasa": null, "pc_mmasa_peligro": null, "pc_mmasa_lng": null, "pc_mmasa_lat": null, "fid": "PE-22-18", "pc_lng": -76.74517, "pc_lat": -11.96757, "corredor": "Carretera Central", "carga_materiales": ["Caliza", "Puzolana", "Clínker", "Yeso", "Arcilla", "Sílice", "Óxido de fierro", "Carbón"], "carga_origenes": ["Junín", "Lima", "Tarma"], "carga_destinos": ["Atocongo", "Condorcocha"], "carga_flujos": [{"m": "Caliza", "o": ["Tarma"], "d": ["Atocongo"]}, {"m": "Puzolana", "o": ["Junín"], "d": ["Condorcocha"]}, {"m": "Clínker", "o": ["Lima"], "d": ["Condorcocha"]}, {"m": "Yeso", "o": ["Junín"], "d": ["Atocongo", "Condorcocha"]}, {"m": "Arcilla", "o": ["Junín", "Tarma"], "d": ["Condorcocha"]}, {"m": "Sílice", "o": ["Tarma"], "d": ["Atocongo"]}, {"m": "Óxido de fierro", "o": ["Tarma"], "d": ["Condorcocha"]}, {"m": "Carbón", "o": ["Lima"], "d": ["Condorcocha"]}]}}, {"type": "Feature", "geometry": {"type": "LineString", "coordinates": [[-74.270936, -12.918883], [-74.271334, -12.925252], [-74.269695, -12.924923], [-74.267568, -12.928326], [-74.261567, -12.931223]]}, "properties": {"cod_ruta": "PE-3S", "nombre_oficial": "Repartición La Oroya (PE-22) - Huancayo - Izcuchaca (PE-26) - Mayoc - Ayacucho - Andahuaylas (PE-30 B) - Abancay - Anta - Cusco - Urcos - Ayaviri (PE-3S G) - Calapuja - Puno (PE-36 B) - Ilave - Pte. Internacional Desaguadero (fr. Bolivia).", "departamento": "AYACUCHO", "superficie": 1, "estado": 1, "long_km": 2.17, "puntos_criticos_1km": 2, "dist_min_m": 288.2, "peligro_top": "Inundación:1; Inundación, flujo de detritos, erosión fluvial:1", "nivel_top": "Alto", "pc_top_peligro": "Inundación", "nivel_inund": "Alto", "pc_inund_peligro": "Inundación", "pc_inund_lng": -74.26371, "pc_inund_lat": -12.93359, "nivel_mmasa": null, "pc_mmasa_peligro": "Inundación, flujo de detritos, erosión fluvial", "pc_mmasa_lng": -74.26895, "pc_mmasa_lat": -12.91713, "fid": "PE-3S-19", "pc_lng": -74.26371, "pc_lat": -12.93359, "corredor": "Longitudinal de la Sierra Sur", "carga_materiales": ["Puzolana", "Yeso", "Arcilla"], "carga_origenes": ["Ayacucho", "Junín"], "carga_destinos": ["Atocongo", "Condorcocha"], "carga_flujos": [{"m": "Puzolana", "o": ["Ayacucho", "Junín"], "d": ["Atocongo", "Condorcocha"]}, {"m": "Yeso", "o": ["Junín"], "d": ["Atocongo", "Condorcocha"]}, {"m": "Arcilla", "o": ["Junín"], "d": ["Condorcocha"]}]}}, {"type": "Feature", "geometry": {"type": "LineString", "coordinates": [[-76.787407, -11.659068], [-76.785272, -11.654411]]}, "properties": {"cod_ruta": "PE-20A", "nombre_oficial": "Emp. PE-1N (Dv. Trapiche) - Yangas -  Dv. Sta. Rosa de Quives - Canta - Abra La Viuda - Abra La Cruzada - Huayllay – Cochamarca – Vicco - Emp.PE-3N (Villa de Pasco)", "departamento": "LIMA", "superficie": 1, "estado": 3, "long_km": 0.57, "puntos_criticos_1km": 2, "dist_min_m": 90.1, "peligro_top": "Inundación:2", "nivel_top": null, "pc_top_peligro": "Inundación", "nivel_inund": null, "pc_inund_peligro": "Inundación", "pc_inund_lng": -76.78844, "pc_inund_lat": -11.65839, "nivel_mmasa": null, "pc_mmasa_peligro": null, "pc_mmasa_lng": null, "pc_mmasa_lat": null, "fid": "PE-20A-07", "pc_lng": -76.78844, "pc_lat": -11.65839, "corredor": "Lima-Canta", "carga_materiales": ["Caliza"], "carga_origenes": ["Canta"], "carga_destinos": ["Atocongo"], "carga_flujos": [{"m": "Caliza", "o": ["Canta"], "d": ["Atocongo"]}]}}, {"type": "Feature", "geometry": {"type": "LineString", "coordinates": [[-78.617014, -8.984506], [-78.616825, -8.97921], [-78.621817, -8.966433]]}, "properties": {"cod_ruta": "PE-1N", "nombre_oficial": "I.V. Santa Anita - I.V. Huacho - Chimbote - Ov. La Marina (PE-10 A) - Ov. El Milagro - Paiján - Mocupe - Reque - Chiclayo - Lambayeque - Pte. Grau - Pte. Sullana Dv. Talara - Máncora - Zorritos - Tumbes - Pte. Internacional de La Paz (fr. Ecuador).", "departamento": "ANCASH", "superficie": 1, "estado": 1, "long_km": 2.11, "puntos_criticos_1km": 2, "dist_min_m": 296.5, "peligro_top": "s/d:1; Inundación:1", "nivel_top": null, "pc_top_peligro": null, "nivel_inund": null, "pc_inund_peligro": null, "pc_inund_lng": -78.62584, "pc_inund_lat": -8.9699, "nivel_mmasa": null, "pc_mmasa_peligro": null, "pc_mmasa_lng": null, "pc_mmasa_lat": null, "fid": "PE-1N-25", "pc_lng": -78.62584, "pc_lat": -8.9699, "corredor": "Panamericana Norte", "carga_materiales": ["Carbón"], "carga_origenes": ["Pampahuay", "Trujillo", "Áncash", "Áncash y Oyón"], "carga_destinos": ["Atocongo", "Condorcocha"], "carga_flujos": [{"m": "Carbón", "o": ["Pampahuay", "Trujillo", "Áncash", "Áncash y Oyón"], "d": ["Atocongo", "Condorcocha"]}]}}, {"type": "Feature", "geometry": {"type": "LineString", "coordinates": [[-74.212619, -13.167696], [-74.208236, -13.172149]]}, "properties": {"cod_ruta": "PE-3S", "nombre_oficial": "Repartición La Oroya (PE-22) - Huancayo - Izcuchaca (PE-26) - Mayoc - Ayacucho - Andahuaylas (PE-30 B) - Abancay - Anta - Cusco - Urcos - Ayaviri (PE-3S G) - Calapuja - Puno (PE-36 B) - Ilave - Pte. Internacional Desaguadero (fr. Bolivia).", "departamento": "AYACUCHO", "superficie": 1, "estado": 3, "long_km": 0.69, "puntos_criticos_1km": 2, "dist_min_m": 476.2, "peligro_top": "Inundación:2", "nivel_top": null, "pc_top_peligro": "Inundación", "nivel_inund": null, "pc_inund_peligro": "Inundación", "pc_inund_lng": -74.21401, "pc_inund_lat": -13.17355, "nivel_mmasa": null, "pc_mmasa_peligro": null, "pc_mmasa_lng": null, "pc_mmasa_lat": null, "fid": "PE-3S-20", "pc_lng": -74.21401, "pc_lat": -13.17355, "corredor": "Longitudinal de la Sierra Sur", "carga_materiales": ["Puzolana", "Yeso", "Arcilla"], "carga_origenes": ["Ayacucho", "Junín"], "carga_destinos": ["Atocongo", "Condorcocha"], "carga_flujos": [{"m": "Puzolana", "o": ["Ayacucho", "Junín"], "d": ["Atocongo", "Condorcocha"]}, {"m": "Yeso", "o": ["Junín"], "d": ["Atocongo", "Condorcocha"]}, {"m": "Arcilla", "o": ["Junín"], "d": ["Condorcocha"]}]}}, {"type": "Feature", "geometry": {"type": "LineString", "coordinates": [[-75.249211, -13.574338], [-75.247992, -13.572434], [-75.235554, -13.568626], [-75.231785, -13.563316], [-75.235954, -13.56268], [-75.239471, -13.563549], [-75.242577, -13.563225], [-75.242899, -13.562444], [-75.239617, -13.56275], [-75.23525, -13.55927], [-75.232289, -13.559444], [-75.229305, -13.557444], [-75.223672, -13.55062], [-75.222473, -13.550642]]}, "properties": {"cod_ruta": "PE-28A", "nombre_oficial": "Emp.PE-1S E (Dv. Huaytará) - Independencia - Humay - Huáncano - Pámpano (PE 28 D) - Pte. Huaytara - Pte. Cuyahuasi - Pte. Tullpa - Pte. Dos de Mayo - Pte. Muchic - Pte. Ana Teresa - Pte. Tsej Tsi - Pte. Tranca - Huaytará - Pte. Suyacuna - Pte. Mollepayana - Pte. Carniceria - Pte. Satan - Pte. San Rafael - Pte. San Miguel - Abra Yuncaccara -Pte. Rumichaca 1 – Rumichaca (PE-28 E) - Licapa - Abra Apacheta Grande - Pte. Niñacha - Niñachaca - Abra Yanabamba - Socos - Emp. PE-3S (Ayacucho)", "departamento": "HUANCAVELICA", "superficie": 1, "estado": 3, "long_km": 6.41, "puntos_criticos_1km": 2, "dist_min_m": 471.8, "peligro_top": "Inundación:2", "nivel_top": "Alto", "pc_top_peligro": "Inundación", "nivel_inund": "Alto", "pc_inund_peligro": "Inundación", "pc_inund_lng": -75.25351, "pc_inund_lat": -13.57274, "nivel_mmasa": null, "pc_mmasa_peligro": null, "pc_mmasa_lng": null, "pc_mmasa_lat": null, "fid": "PE-28A-17", "pc_lng": -75.25351, "pc_lat": -13.57274, "corredor": "Los Libertadores", "carga_materiales": ["Puzolana"], "carga_origenes": ["Ayacucho"], "carga_destinos": ["Atocongo", "Condorcocha"], "carga_flujos": [{"m": "Puzolana", "o": ["Ayacucho"], "d": ["Atocongo", "Condorcocha"]}]}}, {"type": "Feature", "geometry": {"type": "LineString", "coordinates": [[-74.526295, -15.669158], [-74.524913, -15.669371], [-74.522627, -15.671565]]}, "properties": {"cod_ruta": "PE-1S", "nombre_oficial": "I.V. Santa Anita - Chincha Alta - Ica - Nazca - Dv. Camaná - Dv. Quilca (PE-1S D) - La Repartición (Dv. Arequipa) - Dv. Pto. Matarani (PE- 34) - La Joya - Dv. Moquegua (PE-36 A) - Dv. Ilo (PE-36) - Tacna (PE-38) - La Concordia (fr. Chile).", "departamento": "AREQUIPA", "superficie": 1, "estado": 1, "long_km": 0.5, "puntos_criticos_1km": 2, "dist_min_m": 278.5, "peligro_top": "s/d:1; Erosión fluvial:1", "nivel_top": "Muy Alto", "pc_top_peligro": "Erosión fluvial", "nivel_inund": "Muy Alto", "pc_inund_peligro": "Erosión fluvial", "pc_inund_lng": -74.52158, "pc_inund_lat": -15.66901, "nivel_mmasa": null, "pc_mmasa_peligro": null, "pc_mmasa_lng": null, "pc_mmasa_lat": null, "fid": "PE-1S-29", "pc_lng": -74.52158, "pc_lat": -15.66901, "corredor": "Panamericana Sur", "carga_materiales": ["Caliza", "Puzolana"], "carga_origenes": ["Arequipa", "Chilca", "Ica", "Lima", "Lurín"], "carga_destinos": ["Atocongo"], "carga_flujos": [{"m": "Caliza", "o": ["Chilca", "Lima", "Lurín"], "d": ["Atocongo"]}, {"m": "Puzolana", "o": ["Arequipa", "Ica"], "d": ["Atocongo"]}]}}, {"type": "Feature", "geometry": {"type": "LineString", "coordinates": [[-75.276825, -13.58251], [-75.268953, -13.58208], [-75.267735, -13.582622], [-75.265291, -13.580658], [-75.262632, -13.581749], [-75.258314, -13.581478], [-75.25336, -13.583142], [-75.252293, -13.580452], [-75.244103, -13.581077], [-75.244087, -13.580251], [-75.249327, -13.576096], [-75.249211, -13.574338]]}, "properties": {"cod_ruta": "PE-28A", "nombre_oficial": "Emp.PE-1S E (Dv. Huaytará) - Independencia - Humay - Huáncano - Pámpano (PE 28 D) - Pte. Huaytara - Pte. Cuyahuasi - Pte. Tullpa - Pte. Dos de Mayo - Pte. Muchic - Pte. Ana Teresa - Pte. Tsej Tsi - Pte. Tranca - Huaytará - Pte. Suyacuna - Pte. Mollepayana - Pte. Carniceria - Pte. Satan - Pte. San Rafael - Pte. San Miguel - Abra Yuncaccara -Pte. Rumichaca 1 – Rumichaca (PE-28 E) - Licapa - Abra Apacheta Grande - Pte. Niñacha - Niñachaca - Abra Yanabamba - Socos - Emp. PE-3S (Ayacucho)", "departamento": "HUANCAVELICA", "superficie": 1, "estado": 3, "long_km": 5.05, "puntos_criticos_1km": 2, "dist_min_m": 9.1, "peligro_top": "Inundación, flujo de detritos, erosión fluvial:2", "nivel_top": "Alto", "pc_top_peligro": "Inundación, flujo de detritos, erosión fluvial", "nivel_inund": "Alto", "pc_inund_peligro": "Inundación, flujo de detritos, erosión fluvial", "pc_inund_lng": -75.24408, "pc_inund_lat": -13.58094, "nivel_mmasa": "Alto", "pc_mmasa_peligro": "Inundación, flujo de detritos, erosión fluvial", "pc_mmasa_lng": -75.24408, "pc_mmasa_lat": -13.58094, "fid": "PE-28A-18", "pc_lng": -75.24408, "pc_lat": -13.58094, "corredor": "Los Libertadores", "carga_materiales": ["Puzolana"], "carga_origenes": ["Ayacucho"], "carga_destinos": ["Atocongo", "Condorcocha"], "carga_flujos": [{"m": "Puzolana", "o": ["Ayacucho"], "d": ["Atocongo", "Condorcocha"]}]}}, {"type": "Feature", "geometry": {"type": "LineString", "coordinates": [[-76.848645, -11.699623], [-76.847203, -11.698896], [-76.8459, -11.699364], [-76.844866, -11.69747], [-76.842798, -11.696577]]}, "properties": {"cod_ruta": "PE-20A", "nombre_oficial": "Emp. PE-1N (Dv. Trapiche) - Yangas -  Dv. Sta. Rosa de Quives - Canta - Abra La Viuda - Abra La Cruzada - Huayllay – Cochamarca – Vicco - Emp.PE-3N (Villa de Pasco)", "departamento": "LIMA", "superficie": 1, "estado": 3, "long_km": 0.7, "puntos_criticos_1km": 1, "dist_min_m": 778.1, "peligro_top": "Inundación:1", "nivel_top": null, "pc_top_peligro": "Inundación", "nivel_inund": null, "pc_inund_peligro": "Inundación", "pc_inund_lng": -76.84644, "pc_inund_lat": -11.69049, "nivel_mmasa": null, "pc_mmasa_peligro": null, "pc_mmasa_lng": null, "pc_mmasa_lat": null, "fid": "PE-20A-08", "pc_lng": -76.84644, "pc_lat": -11.69049, "corredor": "Lima-Canta", "carga_materiales": ["Caliza"], "carga_origenes": ["Canta"], "carga_destinos": ["Atocongo"], "carga_flujos": [{"m": "Caliza", "o": ["Canta"], "d": ["Atocongo"]}]}}, {"type": "Feature", "geometry": {"type": "LineString", "coordinates": [[-74.211173, -13.147509], [-74.211977, -13.147778], [-74.211254, -13.154492], [-74.212214, -13.155738], [-74.213973, -13.156243]]}, "properties": {"cod_ruta": "PE-3S", "nombre_oficial": "Repartición La Oroya (PE-22) - Huancayo - Izcuchaca (PE-26) - Mayoc - Ayacucho - Andahuaylas (PE-30 B) - Abancay - Anta - Cusco - Urcos - Ayaviri (PE-3S G) - Calapuja - Puno (PE-36 B) - Ilave - Pte. Internacional Desaguadero (fr. Bolivia).", "departamento": "AYACUCHO", "superficie": 1, "estado": 3, "long_km": 1.25, "puntos_criticos_1km": 1, "dist_min_m": 218.7, "peligro_top": "Inundación, erosión:1", "nivel_top": null, "pc_top_peligro": "Inundación, erosión", "nivel_inund": null, "pc_inund_peligro": "Inundación, erosión", "pc_inund_lng": -74.2139, "pc_inund_lat": -13.1484, "nivel_mmasa": null, "pc_mmasa_peligro": null, "pc_mmasa_lng": null, "pc_mmasa_lat": null, "fid": "PE-3S-21", "pc_lng": -74.2139, "pc_lat": -13.1484, "corredor": "Longitudinal de la Sierra Sur", "carga_materiales": ["Puzolana", "Yeso", "Arcilla"], "carga_origenes": ["Ayacucho", "Junín"], "carga_destinos": ["Atocongo", "Condorcocha"], "carga_flujos": [{"m": "Puzolana", "o": ["Ayacucho", "Junín"], "d": ["Atocongo", "Condorcocha"]}, {"m": "Yeso", "o": ["Junín"], "d": ["Atocongo", "Condorcocha"]}, {"m": "Arcilla", "o": ["Junín"], "d": ["Condorcocha"]}]}}, {"type": "Feature", "geometry": {"type": "LineString", "coordinates": [[-76.119354, -13.680833], [-76.10587, -13.682234], [-76.074404, -13.680067], [-76.065399, -13.683136], [-76.059296, -13.683158]]}, "properties": {"cod_ruta": "PE-28A", "nombre_oficial": "Emp.PE-1S E (Dv. Huaytará) - Independencia - Humay - Huáncano - Pámpano (PE 28 D) - Pte. Huaytara - Pte. Cuyahuasi - Pte. Tullpa - Pte. Dos de Mayo - Pte. Muchic - Pte. Ana Teresa - Pte. Tsej Tsi - Pte. Tranca - Huaytará - Pte. Suyacuna - Pte. Mollepayana - Pte. Carniceria - Pte. Satan - Pte. San Rafael - Pte. San Miguel - Abra Yuncaccara -Pte. Rumichaca 1 – Rumichaca (PE-28 E) - Licapa - Abra Apacheta Grande - Pte. Niñacha - Niñachaca - Abra Yanabamba - Socos - Emp. PE-3S (Ayacucho)", "departamento": "ICA", "superficie": 1, "estado": 3, "long_km": 6.6, "puntos_criticos_1km": 1, "dist_min_m": 955.2, "peligro_top": "Inundación:1", "nivel_top": null, "pc_top_peligro": "Inundación", "nivel_inund": null, "pc_inund_peligro": "Inundación", "pc_inund_lng": -76.1176, "pc_inund_lat": -13.68999, "nivel_mmasa": null, "pc_mmasa_peligro": null, "pc_mmasa_lng": null, "pc_mmasa_lat": null, "fid": "PE-28A-19", "pc_lng": -76.1176, "pc_lat": -13.68999, "corredor": "Los Libertadores", "carga_materiales": ["Puzolana"], "carga_origenes": ["Ayacucho"], "carga_destinos": ["Atocongo", "Condorcocha"], "carga_flujos": [{"m": "Puzolana", "o": ["Ayacucho"], "d": ["Atocongo", "Condorcocha"]}]}}, {"type": "Feature", "geometry": {"type": "LineString", "coordinates": [[-75.283978, -13.590687], [-75.281916, -13.589507], [-75.283636, -13.585557], [-75.282843, -13.583199], [-75.278399, -13.581594], [-75.276825, -13.58251]]}, "properties": {"cod_ruta": "PE-28A", "nombre_oficial": "Emp.PE-1S E (Dv. Huaytará) - Independencia - Humay - Huáncano - Pámpano (PE 28 D) - Pte. Huaytara - Pte. Cuyahuasi - Pte. Tullpa - Pte. Dos de Mayo - Pte. Muchic - Pte. Ana Teresa - Pte. Tsej Tsi - Pte. Tranca - Huaytará - Pte. Suyacuna - Pte. Mollepayana - Pte. Carniceria - Pte. Satan - Pte. San Rafael - Pte. San Miguel - Abra Yuncaccara -Pte. Rumichaca 1 – Rumichaca (PE-28 E) - Licapa - Abra Apacheta Grande - Pte. Niñacha - Niñachaca - Abra Yanabamba - Socos - Emp. PE-3S (Ayacucho)", "departamento": "HUANCAVELICA", "superficie": 1, "estado": 3, "long_km": 1.75, "puntos_criticos_1km": 1, "dist_min_m": 555.7, "peligro_top": "Inundación, flujo de detritos, erosión:1", "nivel_top": null, "pc_top_peligro": "Inundación, flujo de detritos, erosión", "nivel_inund": null, "pc_inund_peligro": "Inundación, flujo de detritos, erosión", "pc_inund_lng": -75.28856, "pc_inund_lat": -13.58362, "nivel_mmasa": null, "pc_mmasa_peligro": "Inundación, flujo de detritos, erosión", "pc_mmasa_lng": -75.28856, "pc_mmasa_lat": -13.58362, "fid": "PE-28A-20", "pc_lng": -75.28856, "pc_lat": -13.58362, "corredor": "Los Libertadores", "carga_materiales": ["Puzolana"], "carga_origenes": ["Ayacucho"], "carga_destinos": ["Atocongo", "Condorcocha"], "carga_flujos": [{"m": "Puzolana", "o": ["Ayacucho"], "d": ["Atocongo", "Condorcocha"]}]}}, {"type": "Feature", "geometry": {"type": "LineString", "coordinates": [[-74.336633, -12.840429], [-74.335379, -12.846162]]}, "properties": {"cod_ruta": "PE-3S", "nombre_oficial": "Repartición La Oroya (PE-22) - Huancayo - Izcuchaca (PE-26) - Mayoc - Ayacucho - Andahuaylas (PE-30 B) - Abancay - Anta - Cusco - Urcos - Ayaviri (PE-3S G) - Calapuja - Puno (PE-36 B) - Ilave - Pte. Internacional Desaguadero (fr. Bolivia).", "departamento": "HUANCAVELICA", "superficie": 1, "estado": 3, "long_km": 0.96, "puntos_criticos_1km": 1, "dist_min_m": 413.8, "peligro_top": "Inundación, erosión fluvial:1", "nivel_top": null, "pc_top_peligro": "Inundación, erosión fluvial", "nivel_inund": null, "pc_inund_peligro": "Inundación, erosión fluvial", "pc_inund_lng": -74.33191, "pc_inund_lat": -12.84461, "nivel_mmasa": null, "pc_mmasa_peligro": null, "pc_mmasa_lng": null, "pc_mmasa_lat": null, "fid": "PE-3S-22", "pc_lng": -74.33191, "pc_lat": -12.84461, "corredor": "Longitudinal de la Sierra Sur", "carga_materiales": ["Puzolana", "Yeso", "Arcilla"], "carga_origenes": ["Ayacucho", "Junín"], "carga_destinos": ["Atocongo", "Condorcocha"], "carga_flujos": [{"m": "Puzolana", "o": ["Ayacucho", "Junín"], "d": ["Atocongo", "Condorcocha"]}, {"m": "Yeso", "o": ["Junín"], "d": ["Atocongo", "Condorcocha"]}, {"m": "Arcilla", "o": ["Junín"], "d": ["Condorcocha"]}]}}, {"type": "Feature", "geometry": {"type": "LineString", "coordinates": [[-78.996617, -8.175194], [-79.008275, -8.166127], [-79.011735, -8.160749], [-79.012251, -8.1542], [-79.011251, -8.150687], [-79.01316, -8.141879], [-79.020657, -8.130817]]}, "properties": {"cod_ruta": "PE-1N", "nombre_oficial": "I.V. Santa Anita - I.V. Huacho - Chimbote - Ov. La Marina (PE-10 A) - Ov. El Milagro - Paiján - Mocupe - Reque - Chiclayo - Lambayeque - Pte. Grau - Pte. Sullana Dv. Talara - Máncora - Zorritos - Tumbes - Pte. Internacional de La Paz (fr. Ecuador).", "departamento": "LA LIBERTAD", "superficie": 1, "estado": 1, "long_km": 5.98, "puntos_criticos_1km": 1, "dist_min_m": 335.6, "peligro_top": "Inundación:1", "nivel_top": null, "pc_top_peligro": "Inundación", "nivel_inund": null, "pc_inund_peligro": "Inundación", "pc_inund_lng": -79.01571, "pc_inund_lat": -8.14454, "nivel_mmasa": null, "pc_mmasa_peligro": null, "pc_mmasa_lng": null, "pc_mmasa_lat": null, "fid": "PE-1N-26", "pc_lng": -79.01571, "pc_lat": -8.14454, "corredor": "Panamericana Norte", "carga_materiales": ["Carbón"], "carga_origenes": ["Pampahuay", "Trujillo", "Áncash", "Áncash y Oyón"], "carga_destinos": ["Atocongo", "Condorcocha"], "carga_flujos": [{"m": "Carbón", "o": ["Pampahuay", "Trujillo", "Áncash", "Áncash y Oyón"], "d": ["Atocongo", "Condorcocha"]}]}}, {"type": "Feature", "geometry": {"type": "LineString", "coordinates": [[-74.217345, -13.03386], [-74.219239, -13.03257], [-74.221723, -13.032273], [-74.220844, -13.034103], [-74.221071, -13.035559], [-74.221882, -13.037116], [-74.22404, -13.03744], [-74.223937, -13.041696], [-74.226496, -13.04367], [-74.224833, -13.046119], [-74.223921, -13.050763], [-74.232664, -13.055865], [-74.234035, -13.057518], [-74.228014, -13.061541], [-74.223622, -13.066398], [-74.22279, -13.069224], [-74.222747, -13.066448], [-74.221386, -13.068525], [-74.222169, -13.075718], [-74.223785, -13.07841]]}, "properties": {"cod_ruta": "PE-3S", "nombre_oficial": "Repartición La Oroya (PE-22) - Huancayo - Izcuchaca (PE-26) - Mayoc - Ayacucho - Andahuaylas (PE-30 B) - Abancay - Anta - Cusco - Urcos - Ayaviri (PE-3S G) - Calapuja - Puno (PE-36 B) - Ilave - Pte. Internacional Desaguadero (fr. Bolivia).", "departamento": "AYACUCHO", "superficie": 1, "estado": 1, "long_km": 8.16, "puntos_criticos_1km": 1, "dist_min_m": 465.5, "peligro_top": "Inundación:1", "nivel_top": null, "pc_top_peligro": "Inundación", "nivel_inund": null, "pc_inund_peligro": "Inundación", "pc_inund_lng": -74.22226, "pc_inund_lat": -13.06161, "nivel_mmasa": null, "pc_mmasa_peligro": null, "pc_mmasa_lng": null, "pc_mmasa_lat": null, "fid": "PE-3S-23", "pc_lng": -74.22226, "pc_lat": -13.06161, "corredor": "Longitudinal de la Sierra Sur", "carga_materiales": ["Puzolana", "Yeso", "Arcilla"], "carga_origenes": ["Ayacucho", "Junín"], "carga_destinos": ["Atocongo", "Condorcocha"], "carga_flujos": [{"m": "Puzolana", "o": ["Ayacucho", "Junín"], "d": ["Atocongo", "Condorcocha"]}, {"m": "Yeso", "o": ["Junín"], "d": ["Atocongo", "Condorcocha"]}, {"m": "Arcilla", "o": ["Junín"], "d": ["Condorcocha"]}]}}, {"type": "Feature", "geometry": {"type": "LineString", "coordinates": [[-74.333989, -12.847955], [-74.332935, -12.849247]]}, "properties": {"cod_ruta": "PE-3S", "nombre_oficial": "Repartición La Oroya (PE-22) - Huancayo - Izcuchaca (PE-26) - Mayoc - Ayacucho - Andahuaylas (PE-30 B) - Abancay - Anta - Cusco - Urcos - Ayaviri (PE-3S G) - Calapuja - Puno (PE-36 B) - Ilave - Pte. Internacional Desaguadero (fr. Bolivia).", "departamento": "HUANCAVELICA", "superficie": 1, "estado": 1, "long_km": 0.18, "puntos_criticos_1km": 1, "dist_min_m": 83.6, "peligro_top": "Inundación, erosión fluvial:1", "nivel_top": null, "pc_top_peligro": "Inundación, erosión fluvial", "nivel_inund": null, "pc_inund_peligro": "Inundación, erosión fluvial", "pc_inund_lng": -74.33397, "pc_inund_lat": -12.8472, "nivel_mmasa": null, "pc_mmasa_peligro": null, "pc_mmasa_lng": null, "pc_mmasa_lat": null, "fid": "PE-3S-24", "pc_lng": -74.33397, "pc_lat": -12.8472, "corredor": "Longitudinal de la Sierra Sur", "carga_materiales": ["Puzolana", "Yeso", "Arcilla"], "carga_origenes": ["Ayacucho", "Junín"], "carga_destinos": ["Atocongo", "Condorcocha"], "carga_flujos": [{"m": "Puzolana", "o": ["Ayacucho", "Junín"], "d": ["Atocongo", "Condorcocha"]}, {"m": "Yeso", "o": ["Junín"], "d": ["Atocongo", "Condorcocha"]}, {"m": "Arcilla", "o": ["Junín"], "d": ["Condorcocha"]}]}}, {"type": "Feature", "geometry": {"type": "LineString", "coordinates": [[-73.133084, -16.431942], [-73.133692, -16.433793], [-73.132414, -16.435307], [-73.133896, -16.437042], [-73.13266, -16.439429], [-73.1309, -16.440953], [-73.128038, -16.440893], [-73.127382, -16.441728], [-73.121407, -16.442965], [-73.11986, -16.447719], [-73.117815, -16.448145], [-73.117348, -16.449172], [-73.115676, -16.449676], [-73.115782, -16.450575], [-73.114809, -16.450729], [-73.116057, -16.443659], [-73.118843, -16.439329], [-73.117156, -16.437354], [-73.11769, -16.435897], [-73.116294, -16.427571], [-73.116919, -16.424474], [-73.114187, -16.421876]]}, "properties": {"cod_ruta": "PE-1S", "nombre_oficial": "I.V. Santa Anita - Chincha Alta - Ica - Nazca - Dv. Camaná - Dv. Quilca (PE-1S D) - La Repartición (Dv. Arequipa) - Dv. Pto. Matarani (PE- 34) - La Joya - Dv. Moquegua (PE-36 A) - Dv. Ilo (PE-36) - Tacna (PE-38) - La Concordia (fr. Chile).", "departamento": "AREQUIPA", "superficie": 1, "estado": 1, "long_km": 7.31, "puntos_criticos_1km": 1, "dist_min_m": 186.7, "peligro_top": "Inundación, flujo de detritos, erosión:1", "nivel_top": null, "pc_top_peligro": "Inundación, flujo de detritos, erosión", "nivel_inund": null, "pc_inund_peligro": "Inundación, flujo de detritos, erosión", "pc_inund_lng": -73.115, "pc_inund_lat": -16.42488, "nivel_mmasa": null, "pc_mmasa_peligro": "Inundación, flujo de detritos, erosión", "pc_mmasa_lng": -73.115, "pc_mmasa_lat": -16.42488, "fid": "PE-1S-30", "pc_lng": -73.115, "pc_lat": -16.42488, "corredor": "Panamericana Sur", "carga_materiales": ["Caliza", "Puzolana"], "carga_origenes": ["Arequipa", "Chilca", "Ica", "Lima", "Lurín"], "carga_destinos": ["Atocongo"], "carga_flujos": [{"m": "Caliza", "o": ["Chilca", "Lima", "Lurín"], "d": ["Atocongo"]}, {"m": "Puzolana", "o": ["Arequipa", "Ica"], "d": ["Atocongo"]}]}}, {"type": "Feature", "geometry": {"type": "LineString", "coordinates": [[-75.549934, -11.79333], [-75.550042, -11.795008], [-75.548953, -11.79715], [-75.544834, -11.799852], [-75.542207, -11.800265], [-75.540128, -11.799092], [-75.538757, -11.7992], [-75.534083, -11.80216], [-75.526684, -11.802161], [-75.524207, -11.801281], [-75.519409, -11.801778], [-75.518241, -11.803701], [-75.518519, -11.807027], [-75.517867, -11.809126], [-75.511644, -11.81683], [-75.505072, -11.822273], [-75.501581, -11.823437], [-75.499514, -11.82503], [-75.495368, -11.825318], [-75.490489, -11.823778], [-75.489424, -11.822544]]}, "properties": {"cod_ruta": "PE-3S", "nombre_oficial": "Repartición La Oroya (PE-22) - Huancayo - Izcuchaca (PE-26) - Mayoc - Ayacucho - Andahuaylas (PE-30 B) - Abancay - Anta - Cusco - Urcos - Ayaviri (PE-3S G) - Calapuja - Puno (PE-36 B) - Ilave - Pte. Internacional Desaguadero (fr. Bolivia).", "departamento": "JUNIN", "superficie": 1, "estado": 1, "long_km": 8.75, "puntos_criticos_1km": 1, "dist_min_m": 130.3, "peligro_top": "Inundación:1", "nivel_top": null, "pc_top_peligro": "Inundación", "nivel_inund": null, "pc_inund_peligro": "Inundación", "pc_inund_lng": -75.548, "pc_inund_lat": -11.79644, "nivel_mmasa": null, "pc_mmasa_peligro": null, "pc_mmasa_lng": null, "pc_mmasa_lat": null, "fid": "PE-3S-25", "pc_lng": -75.548, "pc_lat": -11.79644, "corredor": "Longitudinal de la Sierra Sur", "carga_materiales": ["Puzolana", "Yeso", "Arcilla"], "carga_origenes": ["Ayacucho", "Junín"], "carga_destinos": ["Atocongo", "Condorcocha"], "carga_flujos": [{"m": "Puzolana", "o": ["Ayacucho", "Junín"], "d": ["Atocongo", "Condorcocha"]}, {"m": "Yeso", "o": ["Junín"], "d": ["Atocongo", "Condorcocha"]}, {"m": "Arcilla", "o": ["Junín"], "d": ["Condorcocha"]}]}}, {"type": "Feature", "geometry": {"type": "LineString", "coordinates": [[-76.897598, -11.680718], [-76.88949, -11.684315]]}, "properties": {"cod_ruta": "PE-20A", "nombre_oficial": "Emp. PE-1N (Dv. Trapiche) - Yangas -  Dv. Sta. Rosa de Quives - Canta - Abra La Viuda - Abra La Cruzada - Huayllay – Cochamarca – Vicco - Emp.PE-3N (Villa de Pasco)", "departamento": "LIMA", "superficie": 1, "estado": 3, "long_km": 1, "puntos_criticos_1km": 1, "dist_min_m": 455.4, "peligro_top": "Inundación:1", "nivel_top": null, "pc_top_peligro": "Inundación", "nivel_inund": null, "pc_inund_peligro": "Inundación", "pc_inund_lng": -76.89074, "pc_inund_lat": -11.67895, "nivel_mmasa": null, "pc_mmasa_peligro": null, "pc_mmasa_lng": null, "pc_mmasa_lat": null, "fid": "PE-20A-09", "pc_lng": -76.89074, "pc_lat": -11.67895, "corredor": "Lima-Canta", "carga_materiales": ["Caliza"], "carga_origenes": ["Canta"], "carga_destinos": ["Atocongo"], "carga_flujos": [{"m": "Caliza", "o": ["Canta"], "d": ["Atocongo"]}]}}, {"type": "Feature", "geometry": {"type": "LineString", "coordinates": [[-75.20887, -14.569851], [-75.20783, -14.580185], [-75.199753, -14.588511], [-75.195716, -14.605116]]}, "properties": {"cod_ruta": "PE-1S", "nombre_oficial": "I.V. Santa Anita - Chincha Alta - Ica - Nazca - Dv. Camaná - Dv. Quilca (PE-1S D) - La Repartición (Dv. Arequipa) - Dv. Pto. Matarani (PE- 34) - La Joya - Dv. Moquegua (PE-36 A) - Dv. Ilo (PE-36) - Tacna (PE-38) - La Concordia (fr. Chile).", "departamento": "ICA", "superficie": 1, "estado": 3, "long_km": 4.3, "puntos_criticos_1km": 1, "dist_min_m": 672.2, "peligro_top": "Inundación, erosión:1", "nivel_top": "Medio", "pc_top_peligro": "Inundación, erosión", "nivel_inund": "Medio", "pc_inund_peligro": "Inundación, erosión", "pc_inund_lng": -75.20187, "pc_inund_lat": -14.57747, "nivel_mmasa": null, "pc_mmasa_peligro": null, "pc_mmasa_lng": null, "pc_mmasa_lat": null, "fid": "PE-1S-31", "pc_lng": -75.20187, "pc_lat": -14.57747, "corredor": "Panamericana Sur", "carga_materiales": ["Caliza", "Puzolana"], "carga_origenes": ["Arequipa", "Chilca", "Ica", "Lima", "Lurín"], "carga_destinos": ["Atocongo"], "carga_flujos": [{"m": "Caliza", "o": ["Chilca", "Lima", "Lurín"], "d": ["Atocongo"]}, {"m": "Puzolana", "o": ["Arequipa", "Ica"], "d": ["Atocongo"]}]}}, {"type": "Feature", "geometry": {"type": "LineString", "coordinates": [[-75.713855, -14.192422], [-75.715514, -14.199899], [-75.714249, -14.205745]]}, "properties": {"cod_ruta": "PE-1S", "nombre_oficial": "I.V. Santa Anita - Chincha Alta - Ica - Nazca - Dv. Camaná - Dv. Quilca (PE-1S D) - La Repartición (Dv. Arequipa) - Dv. Pto. Matarani (PE- 34) - La Joya - Dv. Moquegua (PE-36 A) - Dv. Ilo (PE-36) - Tacna (PE-38) - La Concordia (fr. Chile).", "departamento": "ICA", "superficie": 1, "estado": 3, "long_km": 1.52, "puntos_criticos_1km": 1, "dist_min_m": 6.8, "peligro_top": "Inundación:1", "nivel_top": null, "pc_top_peligro": "Inundación", "nivel_inund": null, "pc_inund_peligro": "Inundación", "pc_inund_lng": -75.71557, "pc_inund_lat": -14.19983, "nivel_mmasa": null, "pc_mmasa_peligro": null, "pc_mmasa_lng": null, "pc_mmasa_lat": null, "fid": "PE-1S-32", "pc_lng": -75.71557, "pc_lat": -14.19983, "corredor": "Panamericana Sur", "carga_materiales": ["Caliza", "Puzolana"], "carga_origenes": ["Arequipa", "Chilca", "Ica", "Lima", "Lurín"], "carga_destinos": ["Atocongo"], "carga_flujos": [{"m": "Caliza", "o": ["Chilca", "Lima", "Lurín"], "d": ["Atocongo"]}, {"m": "Puzolana", "o": ["Arequipa", "Ica"], "d": ["Atocongo"]}]}}, {"type": "Feature", "geometry": {"type": "LineString", "coordinates": [[-76.959985, -11.725446], [-76.958284, -11.724542]]}, "properties": {"cod_ruta": "PE-20A", "nombre_oficial": "Emp. PE-1N (Dv. Trapiche) - Yangas -  Dv. Sta. Rosa de Quives - Canta - Abra La Viuda - Abra La Cruzada - Huayllay – Cochamarca – Vicco - Emp.PE-3N (Villa de Pasco)", "departamento": "LIMA", "superficie": 1, "estado": 3, "long_km": 0.37, "puntos_criticos_1km": 1, "dist_min_m": 288.3, "peligro_top": "Inundación:1", "nivel_top": null, "pc_top_peligro": "Inundación", "nivel_inund": null, "pc_inund_peligro": "Inundación", "pc_inund_lng": -76.96023, "pc_inund_lat": -11.72268, "nivel_mmasa": null, "pc_mmasa_peligro": null, "pc_mmasa_lng": null, "pc_mmasa_lat": null, "fid": "PE-20A-10", "pc_lng": -76.96023, "pc_lat": -11.72268, "corredor": "Lima-Canta", "carga_materiales": ["Caliza"], "carga_origenes": ["Canta"], "carga_destinos": ["Atocongo"], "carga_flujos": [{"m": "Caliza", "o": ["Canta"], "d": ["Atocongo"]}]}}, {"type": "Feature", "geometry": {"type": "LineString", "coordinates": [[-74.388745, -12.807008], [-74.386037, -12.811432], [-74.385148, -12.811259], [-74.385254, -12.813427]]}, "properties": {"cod_ruta": "PE-3S", "nombre_oficial": "Repartición La Oroya (PE-22) - Huancayo - Izcuchaca (PE-26) - Mayoc - Ayacucho - Andahuaylas (PE-30 B) - Abancay - Anta - Cusco - Urcos - Ayaviri (PE-3S G) - Calapuja - Puno (PE-36 B) - Ilave - Pte. Internacional Desaguadero (fr. Bolivia).", "departamento": "HUANCAVELICA", "superficie": 1, "estado": 3, "long_km": 0.91, "puntos_criticos_1km": 1, "dist_min_m": 32.5, "peligro_top": "Inundación, flujo de detritos, erosión:1", "nivel_top": null, "pc_top_peligro": "Inundación, flujo de detritos, erosión", "nivel_inund": null, "pc_inund_peligro": "Inundación, flujo de detritos, erosión", "pc_inund_lng": -74.38549, "pc_inund_lat": -12.8128, "nivel_mmasa": null, "pc_mmasa_peligro": "Inundación, flujo de detritos, erosión", "pc_mmasa_lng": -74.38549, "pc_mmasa_lat": -12.8128, "fid": "PE-3S-26", "pc_lng": -74.38549, "pc_lat": -12.8128, "corredor": "Longitudinal de la Sierra Sur", "carga_materiales": ["Puzolana", "Yeso", "Arcilla"], "carga_origenes": ["Ayacucho", "Junín"], "carga_destinos": ["Atocongo", "Condorcocha"], "carga_flujos": [{"m": "Puzolana", "o": ["Ayacucho", "Junín"], "d": ["Atocongo", "Condorcocha"]}, {"m": "Yeso", "o": ["Junín"], "d": ["Atocongo", "Condorcocha"]}, {"m": "Arcilla", "o": ["Junín"], "d": ["Condorcocha"]}]}}, {"type": "Feature", "geometry": {"type": "LineString", "coordinates": [[-75.714687, -14.150342], [-75.71159, -14.166725], [-75.713396, -14.169277], [-75.71602, -14.175783], [-75.714623, -14.184152]]}, "properties": {"cod_ruta": "PE-1S", "nombre_oficial": "I.V. Santa Anita - Chincha Alta - Ica - Nazca - Dv. Camaná - Dv. Quilca (PE-1S D) - La Repartición (Dv. Arequipa) - Dv. Pto. Matarani (PE- 34) - La Joya - Dv. Moquegua (PE-36 A) - Dv. Ilo (PE-36) - Tacna (PE-38) - La Concordia (fr. Chile).", "departamento": "ICA", "superficie": 1, "estado": 3, "long_km": 3.92, "puntos_criticos_1km": 1, "dist_min_m": 586.5, "peligro_top": "Inundación, flujo de detritos, erosión:1", "nivel_top": null, "pc_top_peligro": "Inundación, flujo de detritos, erosión", "nivel_inund": null, "pc_inund_peligro": "Inundación, flujo de detritos, erosión", "pc_inund_lng": -75.72102, "pc_inund_lat": -14.17347, "nivel_mmasa": null, "pc_mmasa_peligro": "Inundación, flujo de detritos, erosión", "pc_mmasa_lng": -75.72102, "pc_mmasa_lat": -14.17347, "fid": "PE-1S-33", "pc_lng": -75.72102, "pc_lat": -14.17347, "corredor": "Panamericana Sur", "carga_materiales": ["Caliza", "Puzolana"], "carga_origenes": ["Arequipa", "Chilca", "Ica", "Lima", "Lurín"], "carga_destinos": ["Atocongo"], "carga_flujos": [{"m": "Caliza", "o": ["Chilca", "Lima", "Lurín"], "d": ["Atocongo"]}, {"m": "Puzolana", "o": ["Arequipa", "Ica"], "d": ["Atocongo"]}]}}, {"type": "Feature", "geometry": {"type": "LineString", "coordinates": [[-76.866531, -11.701365], [-76.861425, -11.701815], [-76.857497, -11.701176], [-76.856618, -11.699689], [-76.855461, -11.700202]]}, "properties": {"cod_ruta": "PE-20A", "nombre_oficial": "Emp. PE-1N (Dv. Trapiche) - Yangas -  Dv. Sta. Rosa de Quives - Canta - Abra La Viuda - Abra La Cruzada - Huayllay – Cochamarca – Vicco - Emp.PE-3N (Villa de Pasco)", "departamento": "LIMA", "superficie": 1, "estado": 3, "long_km": 1.0, "puntos_criticos_1km": 1, "dist_min_m": 938.6, "peligro_top": "Inundación:1", "nivel_top": null, "pc_top_peligro": "Inundación", "nivel_inund": null, "pc_inund_peligro": "Inundación", "pc_inund_lng": -76.86124, "pc_inund_lat": -11.69254, "nivel_mmasa": null, "pc_mmasa_peligro": null, "pc_mmasa_lng": null, "pc_mmasa_lat": null, "fid": "PE-20A-11", "pc_lng": -76.86124, "pc_lat": -11.69254, "corredor": "Lima-Canta", "carga_materiales": ["Caliza"], "carga_origenes": ["Canta"], "carga_destinos": ["Atocongo"], "carga_flujos": [{"m": "Caliza", "o": ["Canta"], "d": ["Atocongo"]}]}}, {"type": "Feature", "geometry": {"type": "LineString", "coordinates": [[-75.304418, -13.593648], [-75.301566, -13.592378], [-75.299776, -13.593325], [-75.298053, -13.59049], [-75.295849, -13.592814], [-75.294104, -13.590609], [-75.291812, -13.592228], [-75.291132, -13.591253], [-75.289511, -13.591202], [-75.28914, -13.588918], [-75.285729, -13.591223], [-75.283978, -13.590687]]}, "properties": {"cod_ruta": "PE-28A", "nombre_oficial": "Emp.PE-1S E (Dv. Huaytará) - Independencia - Humay - Huáncano - Pámpano (PE 28 D) - Pte. Huaytara - Pte. Cuyahuasi - Pte. Tullpa - Pte. Dos de Mayo - Pte. Muchic - Pte. Ana Teresa - Pte. Tsej Tsi - Pte. Tranca - Huaytará - Pte. Suyacuna - Pte. Mollepayana - Pte. Carniceria - Pte. Satan - Pte. San Rafael - Pte. San Miguel - Abra Yuncaccara -Pte. Rumichaca 1 – Rumichaca (PE-28 E) - Licapa - Abra Apacheta Grande - Pte. Niñacha - Niñachaca - Abra Yanabamba - Socos - Emp. PE-3S (Ayacucho)", "departamento": "HUANCAVELICA", "superficie": 1, "estado": 3, "long_km": 3.34, "puntos_criticos_1km": 1, "dist_min_m": 302.6, "peligro_top": "Inundación, erosión:1", "nivel_top": null, "pc_top_peligro": "Inundación, erosión", "nivel_inund": null, "pc_inund_peligro": "Inundación, erosión", "pc_inund_lng": -75.28642, "pc_inund_lat": -13.58737, "nivel_mmasa": null, "pc_mmasa_peligro": null, "pc_mmasa_lng": null, "pc_mmasa_lat": null, "fid": "PE-28A-21", "pc_lng": -75.28642, "pc_lat": -13.58737, "corredor": "Los Libertadores", "carga_materiales": ["Puzolana"], "carga_origenes": ["Ayacucho"], "carga_destinos": ["Atocongo", "Condorcocha"], "carga_flujos": [{"m": "Puzolana", "o": ["Ayacucho"], "d": ["Atocongo", "Condorcocha"]}]}}, {"type": "Feature", "geometry": {"type": "LineString", "coordinates": [[-75.427548, -13.612861], [-75.424132, -13.614589], [-75.421578, -13.614168], [-75.420035, -13.612764], [-75.416382, -13.613035], [-75.414731, -13.609018], [-75.410214, -13.606748], [-75.408961, -13.607054], [-75.406468, -13.609847], [-75.399396, -13.610408], [-75.401633, -13.611185], [-75.397651, -13.611146], [-75.394703, -13.609173]]}, "properties": {"cod_ruta": "PE-28A", "nombre_oficial": "Emp.PE-1S E (Dv. Huaytará) - Independencia - Humay - Huáncano - Pámpano (PE 28 D) - Pte. Huaytara - Pte. Cuyahuasi - Pte. Tullpa - Pte. Dos de Mayo - Pte. Muchic - Pte. Ana Teresa - Pte. Tsej Tsi - Pte. Tranca - Huaytará - Pte. Suyacuna - Pte. Mollepayana - Pte. Carniceria - Pte. Satan - Pte. San Rafael - Pte. San Miguel - Abra Yuncaccara -Pte. Rumichaca 1 – Rumichaca (PE-28 E) - Licapa - Abra Apacheta Grande - Pte. Niñacha - Niñachaca - Abra Yanabamba - Socos - Emp. PE-3S (Ayacucho)", "departamento": "HUANCAVELICA", "superficie": 1, "estado": 3, "long_km": 5.04, "puntos_criticos_1km": 1, "dist_min_m": 14.8, "peligro_top": "s/d:1", "nivel_top": null, "pc_top_peligro": null, "nivel_inund": null, "pc_inund_peligro": null, "pc_inund_lng": -75.40142, "pc_inund_lat": -13.60988, "nivel_mmasa": null, "pc_mmasa_peligro": null, "pc_mmasa_lng": null, "pc_mmasa_lat": null, "fid": "PE-28A-22", "pc_lng": -75.40142, "pc_lat": -13.60988, "corredor": "Los Libertadores", "carga_materiales": ["Puzolana"], "carga_origenes": ["Ayacucho"], "carga_destinos": ["Atocongo", "Condorcocha"], "carga_flujos": [{"m": "Puzolana", "o": ["Ayacucho"], "d": ["Atocongo", "Condorcocha"]}]}}, {"type": "Feature", "geometry": {"type": "LineString", "coordinates": [[-78.621817, -8.966433], [-78.622356, -8.965526]]}, "properties": {"cod_ruta": "PE-1N", "nombre_oficial": "I.V. Santa Anita - I.V. Huacho - Chimbote - Ov. La Marina (PE-10 A) - Ov. El Milagro - Paiján - Mocupe - Reque - Chiclayo - Lambayeque - Pte. Grau - Pte. Sullana Dv. Talara - Máncora - Zorritos - Tumbes - Pte. Internacional de La Paz (fr. Ecuador).", "departamento": "LA LIBERTAD", "superficie": 1, "estado": 1, "long_km": 0.12, "puntos_criticos_1km": 1, "dist_min_m": 9.2, "peligro_top": "Inundación, flujo de detritos, erosión fluvial:1", "nivel_top": "Muy alto", "pc_top_peligro": "Inundación, flujo de detritos, erosión fluvial", "nivel_inund": "Muy alto", "pc_inund_peligro": "Inundación, flujo de detritos, erosión fluvial", "pc_inund_lng": -78.6219, "pc_inund_lat": -8.96644, "nivel_mmasa": "Muy alto", "pc_mmasa_peligro": "Inundación, flujo de detritos, erosión fluvial", "pc_mmasa_lng": -78.6219, "pc_mmasa_lat": -8.96644, "fid": "PE-1N-27", "pc_lng": -78.6219, "pc_lat": -8.96644, "corredor": "Panamericana Norte", "carga_materiales": ["Carbón"], "carga_origenes": ["Pampahuay", "Trujillo", "Áncash", "Áncash y Oyón"], "carga_destinos": ["Atocongo", "Condorcocha"], "carga_flujos": [{"m": "Carbón", "o": ["Pampahuay", "Trujillo", "Áncash", "Áncash y Oyón"], "d": ["Atocongo", "Condorcocha"]}]}}, {"type": "Feature", "geometry": {"type": "LineString", "coordinates": [[-74.986354, -14.896599], [-74.98367, -14.899995], [-74.988345, -14.930282], [-74.987092, -14.940875]]}, "properties": {"cod_ruta": "PE-1S", "nombre_oficial": "I.V. Santa Anita - Chincha Alta - Ica - Nazca - Dv. Camaná - Dv. Quilca (PE-1S D) - La Repartición (Dv. Arequipa) - Dv. Pto. Matarani (PE- 34) - La Joya - Dv. Moquegua (PE-36 A) - Dv. Ilo (PE-36) - Tacna (PE-38) - La Concordia (fr. Chile).", "departamento": "ICA", "superficie": 1, "estado": 1, "long_km": 5.05, "puntos_criticos_1km": 1, "dist_min_m": 15.0, "peligro_top": "Inundación, erosión fluvial:1", "nivel_top": "Alto", "pc_top_peligro": "Inundación, erosión fluvial", "nivel_inund": "Alto", "pc_inund_peligro": "Inundación, erosión fluvial", "pc_inund_lng": -74.986, "pc_inund_lat": -14.91594, "nivel_mmasa": null, "pc_mmasa_peligro": null, "pc_mmasa_lng": null, "pc_mmasa_lat": null, "fid": "PE-1S-34", "pc_lng": -74.986, "pc_lat": -14.91594, "corredor": "Panamericana Sur", "carga_materiales": ["Caliza", "Puzolana"], "carga_origenes": ["Arequipa", "Chilca", "Ica", "Lima", "Lurín"], "carga_destinos": ["Atocongo"], "carga_flujos": [{"m": "Caliza", "o": ["Chilca", "Lima", "Lurín"], "d": ["Atocongo"]}, {"m": "Puzolana", "o": ["Arequipa", "Ica"], "d": ["Atocongo"]}]}}, {"type": "Feature", "geometry": {"type": "LineString", "coordinates": [[-76.662518, -11.922878], [-76.661289, -11.923712], [-76.657321, -11.923654], [-76.654257, -11.925079]]}, "properties": {"cod_ruta": "PE-22", "nombre_oficial": "Emp. PE-1N (I.V. La Menacho) – Pte. Carlos Graña – I.V. Huachipa - Pte. Huachipa – Dv. Sta. Anita (Av. Las Torres – Av. Nicolas Ayllón) - Sta. Clara - Pte. Los Angeles - Chosica (Av. Nicolas Ayllón) - Ricardo Palma - Pte. Ricardo Palma - Pte. Esperanza - Pte. La Cascada - Pte. Surco - Pte. Eduardo de Habich - Pte. Collana - Pte. Matucana – Matucana - San Mateo - Pte. Chicla - Abra Anticona - Morococha - Pte. Pachachaca - Santa Rosa de Sacco - Emp. PE-3 (Repartición La Oroya)", "departamento": "LIMA", "superficie": 1, "estado": 1, "long_km": 0.97, "puntos_criticos_1km": 1, "dist_min_m": 264.9, "peligro_top": "Erosión fluvial:1", "nivel_top": "Muy alto", "pc_top_peligro": "Erosión fluvial", "nivel_inund": "Muy alto", "pc_inund_peligro": "Erosión fluvial", "pc_inund_lng": -76.6556, "pc_inund_lat": -11.92708, "nivel_mmasa": null, "pc_mmasa_peligro": null, "pc_mmasa_lng": null, "pc_mmasa_lat": null, "fid": "PE-22-19", "pc_lng": -76.6556, "pc_lat": -11.92708, "corredor": "Carretera Central", "carga_materiales": ["Caliza", "Puzolana", "Clínker", "Yeso", "Arcilla", "Sílice", "Óxido de fierro", "Carbón"], "carga_origenes": ["Junín", "Lima", "Tarma"], "carga_destinos": ["Atocongo", "Condorcocha"], "carga_flujos": [{"m": "Caliza", "o": ["Tarma"], "d": ["Atocongo"]}, {"m": "Puzolana", "o": ["Junín"], "d": ["Condorcocha"]}, {"m": "Clínker", "o": ["Lima"], "d": ["Condorcocha"]}, {"m": "Yeso", "o": ["Junín"], "d": ["Atocongo", "Condorcocha"]}, {"m": "Arcilla", "o": ["Junín", "Tarma"], "d": ["Condorcocha"]}, {"m": "Sílice", "o": ["Tarma"], "d": ["Atocongo"]}, {"m": "Óxido de fierro", "o": ["Tarma"], "d": ["Condorcocha"]}, {"m": "Carbón", "o": ["Lima"], "d": ["Condorcocha"]}]}}, {"type": "Feature", "geometry": {"type": "LineString", "coordinates": [[-75.348297, -11.886886], [-75.3441, -11.889861], [-75.324652, -11.915192]]}, "properties": {"cod_ruta": "PE-3S", "nombre_oficial": "Repartición La Oroya (PE-22) - Huancayo - Izcuchaca (PE-26) - Mayoc - Ayacucho - Andahuaylas (PE-30 B) - Abancay - Anta - Cusco - Urcos - Ayaviri (PE-3S G) - Calapuja - Puno (PE-36 B) - Ilave - Pte. Internacional Desaguadero (fr. Bolivia).", "departamento": "JUNIN", "superficie": 1, "estado": 3, "long_km": 4.08, "puntos_criticos_1km": 1, "dist_min_m": 679.9, "peligro_top": "Inundación, erosión fluvial:1", "nivel_top": "Muy alto", "pc_top_peligro": "Inundación, erosión fluvial", "nivel_inund": "Muy alto", "pc_inund_peligro": "Inundación, erosión fluvial", "pc_inund_lng": -75.34523, "pc_inund_lat": -11.89931, "nivel_mmasa": null, "pc_mmasa_peligro": null, "pc_mmasa_lng": null, "pc_mmasa_lat": null, "fid": "PE-3S-27", "pc_lng": -75.34523, "pc_lat": -11.89931, "corredor": "Longitudinal de la Sierra Sur", "carga_materiales": ["Puzolana", "Yeso", "Arcilla"], "carga_origenes": ["Ayacucho", "Junín"], "carga_destinos": ["Atocongo", "Condorcocha"], "carga_flujos": [{"m": "Puzolana", "o": ["Ayacucho", "Junín"], "d": ["Atocongo", "Condorcocha"]}, {"m": "Yeso", "o": ["Junín"], "d": ["Atocongo", "Condorcocha"]}, {"m": "Arcilla", "o": ["Junín"], "d": ["Condorcocha"]}]}}, {"type": "Feature", "geometry": {"type": "LineString", "coordinates": [[-75.751362, -11.72429], [-75.750458, -11.725315], [-75.75146, -11.72711], [-75.751142, -11.728551], [-75.74843, -11.729628], [-75.744809, -11.736792], [-75.74205, -11.738765], [-75.738076, -11.74387], [-75.736017, -11.744838], [-75.734284, -11.74728], [-75.73201, -11.74876], [-75.727442, -11.749708], [-75.725806, -11.752011], [-75.720409, -11.756173], [-75.717417, -11.761495], [-75.708841, -11.765671], [-75.707272, -11.770876], [-75.707282, -11.773406], [-75.705427, -11.775524], [-75.701627, -11.777834], [-75.697137, -11.778869], [-75.69326, -11.781024], [-75.691476, -11.783546], [-75.690981, -11.787755], [-75.689654, -11.790789], [-75.68276, -11.787476], [-75.678509, -11.788455], [-75.674901, -11.787144], [-75.668355, -11.788767], [-75.665992, -11.793128], [-75.659014, -11.795964], [-75.656228, -11.798966], [-75.649618, -11.803679], [-75.645836, -11.804277], [-75.641084, -11.806232], [-75.637189, -11.808798], [-75.63044, -11.81536], [-75.626893, -11.813242], [-75.623855, -11.81288], [-75.621089, -11.814023], [-75.617876, -11.817342], [-75.616415, -11.81761], [-75.614855, -11.816687], [-75.614039, -11.814396], [-75.611515, -11.812994], [-75.606535, -11.812141], [-75.600617, -11.812744], [-75.598828, -11.810948], [-75.596635, -11.804195], [-75.594683, -11.802497], [-75.59406, -11.79875], [-75.589814, -11.795796], [-75.587123, -11.792144], [-75.5824, -11.791761], [-75.57957, -11.790082], [-75.576975, -11.787099], [-75.575774, -11.783223], [-75.564213, -11.78505], [-75.562982, -11.783918], [-75.560826, -11.783468], [-75.556148, -11.786089], [-75.551451, -11.787617], [-75.548963, -11.790876], [-75.549934, -11.79333]]}, "properties": {"cod_ruta": "PE-3S", "nombre_oficial": "Repartición La Oroya (PE-22) - Huancayo - Izcuchaca (PE-26) - Mayoc - Ayacucho - Andahuaylas (PE-30 B) - Abancay - Anta - Cusco - Urcos - Ayaviri (PE-3S G) - Calapuja - Puno (PE-36 B) - Ilave - Pte. Internacional Desaguadero (fr. Bolivia).", "departamento": "JUNIN", "superficie": 1, "estado": 1, "long_km": 30.82, "puntos_criticos_1km": 1, "dist_min_m": 107.8, "peligro_top": "Inundación, erosión fluvial:1", "nivel_top": "Muy alto", "pc_top_peligro": "Inundación, erosión fluvial", "nivel_inund": "Muy alto", "pc_inund_peligro": "Inundación, erosión fluvial", "pc_inund_lng": -75.62771, "pc_inund_lat": -11.815, "nivel_mmasa": null, "pc_mmasa_peligro": null, "pc_mmasa_lng": null, "pc_mmasa_lat": null, "fid": "PE-3S-28", "pc_lng": -75.62771, "pc_lat": -11.815, "corredor": "Longitudinal de la Sierra Sur", "carga_materiales": ["Puzolana", "Yeso", "Arcilla"], "carga_origenes": ["Ayacucho", "Junín"], "carga_destinos": ["Atocongo", "Condorcocha"], "carga_flujos": [{"m": "Puzolana", "o": ["Ayacucho", "Junín"], "d": ["Atocongo", "Condorcocha"]}, {"m": "Yeso", "o": ["Junín"], "d": ["Atocongo", "Condorcocha"]}, {"m": "Arcilla", "o": ["Junín"], "d": ["Condorcocha"]}]}}]}